application_id,customer_id,application_date,requested_amount,loan_purpose,application_status,application_channel,decision_date
APP0000001,CUST0000289,2026-07-06,2784.31,Wedding,Approved,Branch,2026-07-15
APP0000002,CUST0000451,2022-07-29,41682.75,Wedding,Approved,Branch,2022-08-07
APP0000003,CUST0000443,2024-08-21,14508.4,Personal,Pending,Partner Referral,2026-08-24
APP0000004,CUST0000313,2023-02-18,13383.64,Medical,Rejected,Mobile App,2023-02-25
APP0000005,CUST0000019,2023-12-21,2674.42,Home Improvement,Withdrawn,Branch,2023-12-26
APP0000006,CUST0000074,2022-11-19,66565.17,,Rejected,Online,2022-11-22
APP0000007,CUST0000523,2024-06-28,8799.96,Home Improvement,Rejected,Online,2024-07-09
APP0000008,CUST0000225,2024-06-08,15337.23,Personal,Approved,Online,2024-06-27
APP0000009,CUST0000328,2024-09-25,23939.41,Wedding,Approved,Online,2024-10-04
APP0000010,CUST0000091,2023-03-10,45351.88,Wedding,Rejected,Online,2023-03-23
APP0000011,CUST0000050,2024-07-17,28915.92,,Rejected,Branch,2024-07-31
APP0000012,CUST0000127,2025-04-17,4212.31,Personal,Approved,Mobile App,2025-05-04
APP0000013,CUST0000378,2025-03-31,34277.61,Personal,Pending,Online,2026-08-24
APP0000014,CUST0000164,2024-06-27,56692.8,Wedding,Rejected,Mobile App,2024-07-16
APP0000015,CUST0000232,2023-02-22,5878.72,Auto,Approved,Call Center,2023-03-11
APP0000016,CUST0000303,2024-04-22,23330.53,Business,Pending,Online,2026-08-24
APP0000017,CUST0000292,2024-05-01,9911.59,Personal,Rejected,Mobile App,2024-05-21
APP0000018,CUST9406783,2026-05-28,2812.5,Home Improvement,Rejected,Online,2026-06-12
APP0000019,CUST0000118,2023-07-14,2575.39,Home Improvement,Approved,Branch,2023-07-24
APP0000020,CUST0000951,2023-04-05,6506.98,Medical,Approved,Mobile App,2023-04-12
APP0000021,CUST0000668,2025-05-25,31683.3,Auto,Approved,Online,2025-06-06
APP0000022,CUST0000124,2024-10-28,33904.08,Personal,Rejected,Online,2024-11-14
APP0000023,CUST0000284,2023-10-13,29507.33,Wedding,Rejected,Call Center,2023-10-29
APP0000024,CUST0000384,2021-08-25,15527.95,Home Improvement,Withdrawn,Online,2021-09-05
APP0000025,CUST0000906,2025-03-04,16221.76,Auto,Pending,Mobile App,2026-08-24
APP0000026,CUST0000880,2025-05-01,13925.74,Wedding,Approved,Mobile App,2025-05-07
APP0000027,CUST0000771,2026-04-19,12934.51,Education,Withdrawn,Online,2026-05-01
APP0000028,CUST0000107,2024-02-28,70756.57,Home Improvement,Approved,Mobile App,2024-03-07
APP0000029,CUST0000491,2024-03-22,19012.81,Education,Approved,Branch,2024-04-01
APP0000030,CUST0000484,2022-09-09,6714.01,Wedding,Rejected,Online,2022-09-16
APP0000031,CUST0000638,2023-12-12,1064.96,Auto,Pending,Partner Referral,2026-08-24
APP0000032,CUST0000845,2021-08-27,3004.9,Medical,Withdrawn,Branch,2021-09-06
APP0000033,CUST0000321,2024-02-25,23448.19,Education,Rejected,Mobile App,2024-03-05
APP0000034,CUST0000557,2025-03-07,23028.79,Personal,Approved,Online,2025-03-23
APP0000035,CUST0000264,2025-07-30,5415.3,Education,Approved,Online,2025-08-02
APP0000036,CUST0000211,2024-12-17,22875.81,Wedding,Approved,Mobile App,2024-12-27
APP0000037,CUST0000314,2025-09-03,24346.48,Personal,Rejected,Mobile App,2025-09-21
APP0000038,CUST0000736,2024-12-22,2633.53,Medical,Approved,Online,2024-12-28
APP0000039,CUST0000438,2025-07-18,9510.33,Medical,Approved,Mobile App,2025-07-25
APP0000040,CUST0000682,2023-11-01,55814.9,Business,Rejected,Branch,2023-11-03
APP0000041,CUST0000692,2024-08-28,29745.53,Debt Consolidation,Rejected,Online,2024-09-09
APP0000042,CUST0000363,2024-11-04,29928.63,Home Improvement,Rejected,Mobile App,2024-11-22
APP0000043,CUST0000956,2024-07-05,31699.41,Home Improvement,Rejected,Mobile App,2024-07-15
APP0000044,CUST0000047,2024-07-03,4288.82,Personal,Rejected,Branch,2024-07-12
APP0000045,CUST0000897,2025-07-22,5257.58,Personal,Rejected,Mobile App,2025-08-06
APP0000046,CUST0000008,2022-11-04,2959.87,Personal,Rejected,Branch,2022-11-13
APP0000047,CUST0000383,2023-03-26,54160.85,Debt Consolidation,Approved,Partner Referral,2023-04-03
APP0000048,CUST0000826,2024-03-29,1859.52,Auto,Approved,Mobile App,2024-04-14
APP0000049,CUST0000685,2024-11-15,41403.31,Auto,Withdrawn,Online,2024-11-21
APP0000050,CUST0000322,2024-03-21,22190.33,Debt Consolidation,Rejected,Branch,2024-04-07
APP0000051,CUST0000886,2022-08-24,48355.59,Auto,Approved,Partner Referral,2022-08-30
APP0000052,CUST0000138,2025-10-06,34815.37,Medical,Rejected,Call Center,2025-10-17
APP0000053,CUST0000671,2024-05-17,13101.17,Wedding,Rejected,Online,2024-05-23
APP0000054,CUST0000519,2023-10-25,13087.52,Home Improvement,Approved,Online,2023-11-07
APP0000055,CUST0000208,2026-01-14,2603.53,Personal,Approved,Online,2026-01-23
APP0000056,CUST0000921,2023-10-30,41005.3,Personal,Withdrawn,Call Center,2023-11-04
APP0000057,CUST0000766,2022-06-15,10698.95,Home Improvement,Rejected,Call Center,2022-06-30
APP0000058,CUST0000009,2026-07-27,32240.2,Auto,Approved,Mobile App,2026-08-15
APP0000059,CUST0000087,2023-07-24,8261.91,Medical,Pending,Online,2026-08-24
APP0000060,CUST0000057,2026-02-13,30151.46,Wedding,Rejected,Call Center,2026-02-25
APP0000061,CUST0000416,2024-03-25,28988.9,Personal,Rejected,Online,2024-04-09
APP0000062,CUST0000418,2022-11-10,7744.74,Wedding,Approved,Branch,2022-11-25
APP0000063,CUST0000724,2023-07-13,4807.07,Auto,Approved,Online,2023-07-18
APP0000064,CUST0000676,2026-03-14,11951.63,Wedding,Approved,Branch,2026-03-17
APP0000065,CUST9749820,2026-05-15,27001.37,Wedding,Withdrawn,Branch,2026-05-26
APP0000066,CUST0000477,2022-05-03,46801.64,Education,Rejected,Online,2022-05-16
APP0000067,CUST0000785,2026-08-01,13583.3,Home Improvement,Pending,Online,2026-08-24
APP0000068,CUST0000898,2025-11-30,12094.58,Auto,Approved,Mobile App,2025-12-08
APP0000069,CUST0000293,2024-11-19,24575.78,Home Improvement,Rejected,Online,2024-11-30
APP0000070,CUST0000045,2022-07-25,2827.39,Personal,Approved,Branch,2022-08-04
APP0000071,CUST0000153,2024-07-31,14888.25,Auto,Rejected,Online,2024-08-10
APP0000072,CUST0000341,2023-10-11,,Business,Approved,Online,2023-10-25
APP0000073,CUST0000444,2022-04-09,10264.52,Auto,Rejected,Online,2022-04-29
APP0000074,CUST0000352,2026-07-26,40239.87,Wedding,Approved,Mobile App,2026-08-11
APP0000075,CUST0000091,2024-08-30,59621.87,Personal,Approved,Branch,2024-08-31
APP0000076,CUST0000341,2022-02-18,9815.02,Medical,Pending,Online,2026-08-24
APP0000077,CUST0000290,2023-05-10,10250.97,Medical,Approved,Mobile App,2023-05-11
APP0000078,CUST0000488,2025-11-05,12363.99,Debt Consolidation,Approved,Online,2025-11-23
APP0000079,CUST0000080,2023-11-10,46269.18,Home Improvement,Pending,Mobile App,2026-08-24
APP0000080,CUST0000791,2024-02-14,41308.52,Wedding,Approved,Online,2024-02-19
APP0000081,CUST0000418,2022-05-12,18063.59,Personal,Rejected,Call Center,2022-05-29
APP0000082,CUST0000318,2022-03-15,2877.02,Personal,Rejected,Online,2022-03-27
APP0000083,CUST0000907,2026-07-15,649.48,Business,Rejected,Branch,2026-07-17
APP0000084,CUST0000745,2026-05-30,8078.06,Home Improvement,Approved,Mobile App,2026-06-03
APP0000085,CUST0000137,2022-02-15,32022.02,Debt Consolidation,Rejected,Branch,2022-03-04
APP0000086,CUST0000147,2024-05-23,3092.43,Business,Rejected,Mobile App,2024-05-29
APP0000087,CUST0000003,2025-01-19,824.34,Auto,Approved,Online,2025-01-30
APP0000088,CUST0000561,2026-01-19,60028.43,Debt Consolidation,Rejected,Online,2026-02-06
APP0000089,CUST0000355,2024-06-11,6291.45,Debt Consolidation,Withdrawn,Call Center,2024-06-17
APP0000090,CUST0000376,2025-12-28,5109.83,Education,Approved,Call Center,2025-12-29
APP0000091,CUST0000510,2022-04-02,31410.49,Personal,Approved,Branch,2022-04-04
APP0000092,CUST0000540,2021-09-20,1711.15,Auto,Rejected,Branch,2021-10-09
APP0000093,CUST0000001,2023-12-21,7671.82,Wedding,Approved,Mobile App,2024-01-02
APP0000094,CUST0000108,2022-12-21,27299.26,Medical,Rejected,Mobile App,2022-12-28
APP0000095,CUST0000790,2025-06-03,19266.14,Business,Approved,Call Center,2025-06-05
APP0000096,CUST0000954,2023-05-02,11373.45,Home Improvement,Approved,Mobile App,2023-05-16
APP0000097,CUST0000838,2023-09-07,13583.19,Education,Rejected,Online,2023-09-08
APP0000098,CUST0000907,2024-04-27,1724.09,Auto,Withdrawn,Mobile App,2024-04-29
APP0000099,CUST0000464,2026-06-15,12687.41,Personal,Approved,Branch,2026-06-27
APP0000100,CUST0000827,2022-01-03,4755.19,Medical,Pending,Online,2026-08-24
APP0000101,CUST0000883,2024-05-30,35381.66,Debt Consolidation,Rejected,Mobile App,2024-06-11
APP0000102,CUST0000893,2023-08-05,747.72,Home Improvement,Approved,Mobile App,2023-08-24
APP0000103,CUST0000150,2021-10-29,1764.17,Auto,Rejected,Online,2021-11-04
APP0000104,CUST0000147,2025-09-20,,Medical,Approved,Mobile App,2025-10-02
APP0000105,CUST0000403,2026-03-20,105565.33,Auto,Rejected,Online,2026-03-27
APP0000106,CUST0000504,2022-07-07,11877.32,Education,Approved,Online,2022-07-15
APP0000107,CUST0000959,2025-06-12,11505.91,,Rejected,Mobile App,2025-06-16
APP0000108,CUST0000318,2025-02-25,919.74,Business,Approved,Mobile App,2025-03-13
APP0000109,CUST0000832,2025-03-04,12516.12,Auto,Pending,Branch,2026-08-24
APP0000110,CUST0000888,2023-12-13,1749.42,Business,Withdrawn,Online,2023-12-28
APP0000111,CUST0000966,2023-04-01,28264.08,Wedding,Approved,Branch,2023-04-04
APP0000112,CUST0000190,2022-01-01,43957.73,Home Improvement,Rejected,Online,2022-01-04
APP0000113,CUST0000242,2021-10-27,26928.54,Home Improvement,Withdrawn,Call Center,2021-11-12
APP0000114,CUST0000220,2022-07-14,4549.57,Debt Consolidation,Approved,Online,2022-07-28
APP0000115,CUST0000736,2024-04-14,28691.56,Personal,Rejected,Call Center,2024-04-15
APP0000116,CUST0000687,2022-05-09,9080.6,Personal,Rejected,Online,2022-05-23
APP0000117,CUST0000408,2025-01-29,5728.86,Medical,Pending,Online,2026-08-24
APP0000118,CUST0000089,2024-09-29,7416.11,Personal,Approved,Branch,2024-10-15
APP0000119,CUST0000521,2023-05-16,79902.76,Business,Approved,Mobile App,2023-05-22
APP0000120,CUST0000733,2022-01-31,14253.79,Wedding,Approved,Partner Referral,2022-02-07
APP0000121,CUST0000475,2024-03-26,5681.86,Wedding,Approved,Branch,2024-04-11
APP0000122,CUST0000269,2025-10-05,14658.57,Wedding,Approved,Online,2025-10-14
APP0000123,CUST0000593,2023-08-13,21581.63,Medical,Withdrawn,Online,2023-08-28
APP0000124,CUST0000661,2025-09-05,4772.38,Business,Approved,Branch,2025-09-25
APP0000125,CUST0000592,2023-01-29,13995.95,Home Improvement,Approved,Online,2023-02-07
APP0000126,CUST0000874,2022-01-18,29985.63,Wedding,Approved,Call Center,2022-01-30
APP0000127,CUST0000314,2024-11-23,13858.92,Auto,Approved,Branch,2024-12-03
APP0000128,CUST0000610,2026-02-01,3597.22,Medical,Rejected,Mobile App,2026-02-12
APP0000129,CUST0000856,2026-01-24,1503.81,Education,Approved,Mobile App,2026-01-26
APP0000130,CUST0000213,2026-06-11,4575.3,Personal,Pending,Online,2026-08-24
APP0000131,CUST0000282,2022-03-09,23771.43,Business,Rejected,Branch,2022-03-20
APP0000132,CUST0000050,2021-11-12,21314.83,Wedding,Rejected,Call Center,2021-11-17
APP0000133,CUST0000375,2024-06-29,26408.51,Business,Rejected,Branch,2024-06-08
APP0000134,CUST0000045,2026-05-26,6904.46,Personal,Approved,Branch,2026-06-03
APP0000135,CUST0000747,2026-08-21,33936.55,Education,Rejected,Call Center,2026-08-24
APP0000136,CUST0000089,2023-01-17,2825.35,Medical,Withdrawn,Online,2023-02-02
APP0000137,CUST0000693,2023-07-11,10594.22,Wedding,Pending,Call Center,2026-08-24
APP0000138,CUST0000580,2024-12-20,3869.12,Medical,Approved,Online,2025-01-04
APP0000139,CUST0000988,2026-03-20,32786.09,Education,REJECTED,Branch,2026-03-21
APP0000140,CUST0000349,2022-07-10,17400.91,Auto,Approved,Online,2022-07-30
APP0000141,CUST0000345,2026-07-11,51482.32,Medical,Rejected,Branch,2026-07-22
APP0000142,CUST0000244,2025-09-25,41149.44,Auto,Rejected,Online,2025-10-09
APP0000143,CUST0000538,2021-12-27,39060.24,Auto,Approved,Online,2022-01-09
APP0000144,CUST0000220,2025-11-09,3401.07,Personal,Withdrawn,Online,2025-11-16
APP0000145,CUST0000114,2024-11-08,27747.96,Personal,Rejected,Online,2024-11-22
APP0000146,CUST0000949,2026-07-16,40109.51,Business,Approved,Mobile App,2026-07-24
APP0000147,CUST0000680,2022-09-11,10032.47,Debt Consolidation,Pending,Online,2026-08-24
APP0000148,CUST0000119,2026-08-11,29233.27,Home Improvement,Rejected,Online,2026-08-13
APP0000149,CUST0000619,2021-11-19,4963.01,Home Improvement,Approved,Online,2021-11-22
APP0000150,CUST0000305,2022-01-10,34054.66,Business,Rejected,Branch,2022-01-29
APP0000151,CUST0000181,2023-11-20,22107.89,Wedding,Pending,Online,2026-08-24
APP0000152,CUST0000472,2024-12-08,2572.77,Medical,Withdrawn,Online,2024-12-11
APP0000153,CUST0000788,2022-06-25,21922.6,Auto,Approved,Branch,2022-06-30
APP0000154,CUST0000001,2023-01-05,34029.85,Education,Rejected,Mobile App,2023-01-16
APP0000155,CUST0000356,2023-08-06,50292.69,Wedding,Pending,Mobile App,2026-08-24
APP0000156,CUST0000921,2022-04-11,12500.98,Auto,Withdrawn,Online,2022-04-20
APP0000157,CUST0000395,2022-07-12,21504.21,Auto,Approved,Call Center,2022-07-19
APP0000158,CUST0000100,2022-05-23,4895.38,Education,Rejected,Mobile App,2022-05-26
APP0000159,CUST0000429,2026-06-02,22466.56,Wedding,Pending,Mobile App,2026-08-24
APP0000160,CUST0000683,2026-04-30,64565.1,Business,Approved,Online,2026-05-06
APP0000161,CUST0000997,2024-10-15,3379.09,Education,Approved,Online,2024-10-17
APP0000162,CUST0000629,2025-01-24,4386.13,Business,Rejected,Branch,2025-02-06
APP0000163,CUST0000051,2022-05-02,594.21,Debt Consolidation,Rejected,Online,2022-05-08
APP0000164,CUST0000810,2021-11-25,162948.81,Personal,Rejected,Mobile App,2021-11-26
APP0000165,CUST0000781,2023-07-14,103943.1,Debt Consolidation,Approved,Online,2023-07-15
APP0000166,CUST0000652,2026-07-27,,Medical,Rejected,Online,2026-08-16
APP0000167,CUST0000897,2024-01-14,17923.53,Auto,Approved,Online,2024-01-17
APP0000168,CUST0000770,2025-09-08,18035.92,Business,Pending,Online,2026-08-24
APP0000169,CUST0000233,2023-07-01,47569.23,Home Improvement,Rejected,Branch,2023-07-05
APP0000170,CUST0000422,2023-03-12,9777.66,Home Improvement,Approved,Online,2023-03-14
APP0000171,CUST0000508,2025-09-15,52574.41,Wedding,Withdrawn,Branch,2025-09-26
APP0000172,CUST0000489,2024-01-01,27639.8,Medical,Rejected,Online,2024-01-19
APP0000173,CUST0000639,2025-04-22,14448.53,Business,Approved,Branch,2025-04-24
APP0000174,CUST0000702,2025-04-12,53829.47,Education,Approved,Partner Referral,2025-04-19
APP0000175,CUST0000104,2025-04-13,11406.77,Education,Rejected,Call Center,2025-04-29
APP0000176,CUST0000569,2025-01-10,55046.31,Business,Withdrawn,Branch,2025-01-12
APP0000177,CUST0000039,2025-09-11,41159.09,Business,Approved,Online,2025-09-15
APP0000178,CUST0000512,2023-12-18,8258.56,Wedding,Withdrawn,Mobile App,2023-12-25
APP0000179,CUST0000423,2023-03-01,79752.41,Personal,Rejected,Call Center,2023-03-18
APP0000180,CUST0000206,2024-03-17,3637.79,Auto,Rejected,Branch,2024-04-03
APP0000181,CUST0000991,2023-04-09,14565.95,Home Improvement,Rejected,Online,2023-04-24
APP0000182,CUST0000259,2021-11-11,21487.23,Personal,Approved,Mobile App,2021-11-25
APP0000183,CUST0000057,2023-06-16,35888.06,Auto,Withdrawn,Online,2023-06-17
APP0000184,CUST0000359,2024-02-25,17403.53,Auto,Approved,Mobile App,2024-03-01
APP0000185,CUST0000758,2024-04-01,6474.35,Debt Consolidation,Withdrawn,Online,2024-04-20
APP0000186,CUST0000010,2023-05-08,9069.21,Education,Approved,Online,2023-05-23
APP0000187,CUST0000493,2025-04-10,118409.28,Education,Approved,Mobile App,2025-04-15
APP0000188,CUST0000418,2023-01-27,18510.52,Personal,Pending,Mobile App,2026-08-24
APP0000189,CUST0000866,2024-11-19,5871.58,Business,Rejected,Branch,2024-12-04
APP0000190,CUST0000003,2022-12-30,21131.16,Business,Approved,Mobile App,2023-01-14
APP0000191,CUST0000018,2026-07-31,39889.45,Education,Rejected,Call Center,2026-08-20
APP0000192,CUST0000566,2024-11-21,30929.39,Personal,Approved,Branch,2024-12-02
APP0000193,CUST0000180,2024-06-06,67419.0,Wedding,Pending,Partner Referral,2026-08-24
APP0000194,CUST9251279,2023-10-17,49903.88,Personal,Approved,Online,2023-11-03
APP0000195,CUST0000279,2025-06-05,7779.07,Auto,Rejected,Online,2025-06-06
APP0000196,CUST0000563,2023-10-11,36864.83,Auto,Approved,Mobile App,2023-10-24
APP0000197,CUST0000038,2025-08-30,8706.29,Debt Consolidation,Rejected,Online,2025-09-15
APP0000198,CUST0000694,2022-06-11,26095.44,Wedding,Withdrawn,Call Center,2022-06-14
APP0000199,CUST0000519,2025-09-30,37601.24,Business,Pending,Online,2026-08-24
APP0000200,CUST0000001,2026-06-16,34332.38,Wedding,Rejected,Online,2026-07-03
APP0000201,CUST0000266,2022-11-10,8649.54,Personal,Approved,Online,2022-11-24
APP0000202,CUST0000060,2022-10-07,19751.22,Medical,Approved,Mobile App,2022-10-14
APP0000203,CUST0000045,2026-06-03,17821.38,Home Improvement,Pending,Mobile App,2026-08-24
APP0000204,CUST0000699,2023-09-05,,Debt Consolidation,Approved,Online,2023-09-20
APP0000205,CUST0000428,2025-02-14,33558.56,Personal,Rejected,Online,2025-02-18
APP0000206,CUST0000803,2022-08-07,40330.59,Auto,Rejected,Online,2022-08-21
APP0000207,CUST0000258,2023-10-14,10347.46,Medical,Withdrawn,Online,2023-10-18
APP0000208,CUST0000718,2025-02-28,11067.27,Personal,Rejected,Mobile App,2025-03-07
APP0000209,CUST0000616,2026-02-13,26509.04,Medical,Rejected,Mobile App,2026-02-24
APP0000210,CUST0000664,2023-10-30,59998.25,Wedding,Pending,Online,2026-08-24
APP0000211,CUST0000829,2022-01-09,26353.81,Education,Withdrawn,Branch,2022-01-25
APP0000212,CUST0000708,2023-09-19,11610.1,Personal,Rejected,Mobile App,2023-10-03
APP0000213,CUST0000746,2024-11-10,,Home Improvement,Rejected,Online,2024-11-11
APP0000214,CUST0000740,2026-01-08,19796.49,Medical,Rejected,Online,2026-01-25
APP0000215,CUST0000448,2025-10-25,21366.45,Home Improvement,Rejected,Mobile App,2025-11-09
APP0000216,CUST0000725,2025-06-11,12376.99,Debt Consolidation,Approved,Online,2025-06-28
APP0000217,CUST0000843,2022-06-22,12080.49,Wedding,Rejected,Online,2022-07-05
APP0000218,CUST0000739,2024-03-31,10726.74,Education,Rejected,Online,2024-04-13
APP0000219,CUST0000608,2024-07-11,11834.33,Auto,Approved,Mobile App,2024-07-19
APP0000220,CUST0000075,2023-12-28,8949.36,Medical,Approved,Online,2024-01-02
APP0000221,CUST0000437,2026-04-06,73600.39,Home Improvement,Rejected,Mobile App,2026-04-11
APP0000222,CUST0000064,2026-06-12,42156.29,Debt Consolidation,Approved,Branch,2026-06-19
APP0000223,CUST0000104,2022-09-12,18123.74,Wedding,Rejected,Branch,2022-09-18
APP0000224,CUST0000362,2026-06-06,23281.33,Debt Consolidation,Rejected,Mobile App,2026-06-22
APP0000225,CUST0000465,2025-11-17,14180.95,Medical,Approved,Online,2025-11-28
APP0000226,CUST0000528,2025-03-03,20484.9,Home Improvement,Approved,Online,2025-03-12
APP0000227,CUST0000901,2023-07-22,10076.96,Wedding,Approved,Online,2023-08-06
APP0000228,CUST0000763,2025-06-13,26714.46,Home Improvement,Rejected,Mobile App,2025-06-28
APP0000229,CUST0000423,2024-07-30,17105.14,,Rejected,Branch,2024-08-18
APP0000230,CUST0000335,2026-02-21,115214.03,Personal,Rejected,Mobile App,2026-02-28
APP0000231,CUST0000713,2025-03-15,23709.45,Education,Pending,Branch,2026-08-24
APP0000232,CUST0000276,2026-06-20,84455.93,Medical,Approved,Online,2026-06-21
APP0000233,CUST0000884,2023-09-29,73180.97,Education,Rejected,Online,2023-10-03
APP0000234,CUST0000782,2022-01-22,8765.25,Medical,Approved,Online,2022-02-04
APP0000235,CUST0000683,2024-02-09,98539.22,Auto,Rejected,Mobile App,2024-02-26
APP0000236,CUST0000250,2026-08-20,2285.72,Education,Approved,Online,2026-08-24
APP0000237,CUST0000622,2024-12-03,17345.35,Auto,Rejected,Call Center,2024-12-23
APP0000238,CUST0000821,2025-02-28,8655.09,Wedding,rejected,Online,2025-03-13
APP0000239,CUST0000072,2024-10-09,3510.79,Medical,Approved,Branch,2024-10-27
APP0000240,CUST0000178,2024-08-11,24141.26,Personal,Withdrawn,Online,2024-08-17
APP0000241,CUST0000516,2021-12-15,46006.52,Home Improvement,Approved,Mobile App,2021-12-22
APP0000242,CUST0000360,2023-09-18,76578.18,Business,Approved,Online,2023-10-05
APP0000243,CUST0000710,2022-01-29,,Education,Rejected,Branch,2022-02-12
APP0000244,CUST0000402,2023-05-01,31600.94,Business,Rejected,Call Center,2023-05-11
APP0000245,CUST0000997,2025-03-31,25095.05,Medical,Approved,Mobile App,2025-04-20
APP0000246,CUST0000300,2025-09-01,18733.16,Business,Approved,Online,2025-09-17
APP0000247,CUST0000361,2022-10-07,53920.42,Debt Consolidation,Approved,Mobile App,2022-09-09
APP0000248,CUST0000004,2024-12-01,34789.64,Business,Pending,Branch,2026-08-24
APP0000249,CUST0000248,2022-10-12,8262.92,Personal,Rejected,Online,2022-10-20
APP0000250,CUST0000236,2022-08-26,20837.75,Medical,Approved,Branch,2022-09-04
APP0000251,CUST0000763,2026-06-12,3293.09,Debt Consolidation,Approved,Mobile App,2026-06-29
APP0000252,CUST0000338,2024-09-11,20202.53,Education,Pending,Branch,2026-08-24
APP0000253,CUST0000204,2022-08-20,26052.65,Personal,Pending,Mobile App,2026-08-24
APP0000254,CUST0000314,2022-05-09,20535.61,Medical,Approved,Mobile App,2022-05-21
APP0000255,CUST0000563,2021-11-23,30478.7,Debt Consolidation,Rejected,Branch,2021-12-06
APP0000256,CUST0000786,2024-02-18,21404.66,Medical,Approved,Online,2024-02-29
APP0000257,CUST0000979,2022-02-25,14730.44,Wedding,Approved,Mobile App,2022-03-03
APP0000258,CUST0000048,2024-07-25,1376.23,Auto,Pending,Online,2026-08-24
APP0000259,CUST0000841,2023-10-26,11303.63,,Pending,Online,2026-08-24
APP0000260,CUST0000389,2024-10-28,28317.61,Auto,Approved,Online,2024-10-30
APP0000261,CUST0000809,2022-09-07,15210.9,Business,Pending,Call Center,2026-08-24
APP0000262,CUST0000038,2022-05-17,25509.65,Medical,Rejected,Online,2022-06-05
APP0000263,CUST0000627,2022-02-25,16461.07,,Rejected,Online,2022-03-06
APP0000264,CUST0000931,2022-02-15,14580.06,Education,Rejected,Online,2022-02-22
APP0000265,CUST0000040,2022-01-04,7201.97,Education,Rejected,Online,2022-01-09
APP0000266,CUST0000791,2022-12-10,27359.74,Medical,Withdrawn,Partner Referral,2022-12-15
APP0000267,CUST0000115,2025-08-25,9445.34,Auto,Approved,Branch,2025-09-02
APP0000268,CUST0000983,2024-09-06,76632.36,Debt Consolidation,declined,Mobile App,2024-09-22
APP0000269,CUST0000745,2022-11-25,12753.98,Business,Approved,Mobile App,2022-11-29
APP0000270,CUST0000911,2026-04-22,15638.73,Auto,Pending,Online,2026-08-24
APP0000271,CUST0000898,2025-06-14,14238.25,Education,Approved,Mobile App,2025-07-04
APP0000272,CUST0000316,2025-07-17,51329.69,Medical,Rejected,Partner Referral,2025-08-06
APP0000273,CUST0000416,2026-02-20,6407.52,Personal,Rejected,Mobile App,2026-02-25
APP0000274,CUST0000692,2025-05-17,7953.2,Business,Approved,Mobile App,2025-05-26
APP0000275,CUST0000175,2026-06-07,4040.1,Medical,Approved,Branch,2026-06-16
APP0000276,CUST0000307,2023-04-20,6716.73,Auto,Approved,Mobile App,2023-04-26
APP0000277,CUST0000100,2025-12-05,7167.01,Business,Rejected,Online,2025-12-09
APP0000278,CUST0000889,2022-03-16,32791.87,Debt Consolidation,Approved,Mobile App,2022-03-18
APP0000279,CUST0000248,2023-02-24,22324.86,Debt Consolidation,Rejected,Online,2023-03-09
APP0000280,CUST0000411,2026-02-08,,Debt Consolidation,Rejected,Branch,2026-02-09
APP0000281,CUST0000453,2022-04-25,20233.22,Auto,Withdrawn,Call Center,2022-05-08
APP0000282,CUST0000376,2024-02-25,75606.35,Medical,Rejected,Mobile App,2024-02-27
APP0000283,CUST0000778,2023-05-08,28375.58,Auto,Approved,Online,2023-05-12
APP0000284,CUST0000915,2022-02-24,8933.79,Home Improvement,Pending,Mobile App,2026-08-24
APP0000285,CUST0000573,2022-10-29,8066.01,Auto,Pending,Call Center,2026-08-24
APP0000286,CUST0000837,2024-04-27,3650.56,Medical,Rejected,Mobile App,2024-05-04
APP0000287,CUST0000111,2024-10-19,2987.43,,Rejected,Call Center,2024-10-26
APP0000288,CUST0000967,2025-01-09,1689.56,Education,Approved,Mobile App,2025-01-16
APP0000289,CUST0000116,2022-04-22,2585.06,Medical,Rejected,Call Center,2022-05-11
APP0000290,CUST0000067,2023-04-01,7597.64,Wedding,Rejected,Online,2023-04-10
APP0000291,CUST0000023,2022-03-03,25792.44,Wedding,Approved,Branch,2022-03-20
APP0000292,CUST0000244,2021-09-10,14035.07,Business,Approved,Mobile App,2021-09-15
APP0000293,CUST0000838,2023-08-08,31450.2,Education,Approved,Call Center,2023-08-18
APP0000294,CUST0000301,2024-10-03,4111.01,Debt Consolidation,REJECTED,Online,2024-10-05
APP0000295,CUST0000791,2023-07-03,10212.49,Education,Approved,Online,2023-07-09
APP0000296,CUST0000425,2021-11-06,12473.88,Medical,Rejected,Online,2021-11-08
APP0000297,CUST0000104,2022-09-30,3324.44,Auto,Pending,Mobile App,2026-08-24
APP0000298,CUST0000474,2023-10-24,25355.53,,Rejected,Call Center,2023-10-28
APP0000299,CUST0000233,2023-06-05,56221.53,Debt Consolidation,Approved,Branch,2023-06-09
APP0000300,CUST0000292,2025-10-09,29917.35,Auto,Approved,Online,2025-10-16
APP0000301,CUST0000518,2024-08-20,6159.44,Personal,Approved,Online,2024-09-04
APP0000302,CUST0000791,2026-08-22,77617.77,Wedding,Rejected,Call Center,2026-08-24
APP0000303,CUST0000587,2022-07-11,3039.41,Education,Rejected,Online,2022-07-24
APP0000304,CUST0000224,2023-07-02,24976.18,Education,Pending,Online,2026-08-24
APP0000305,CUST0000718,2022-01-31,5146.96,Wedding,Withdrawn,Online,2022-02-09
APP0000306,CUST0000697,2021-09-30,28506.57,Debt Consolidation,Approved,Mobile App,2021-10-19
APP0000307,CUST0000238,2026-04-08,26403.58,Medical,Rejected,Branch,2026-04-18
APP0000308,CUST0000852,2024-02-11,16312.59,Home Improvement,Rejected,Online,2024-02-17
APP0000309,CUST0000844,2024-12-11,8206.94,Medical,Rejected,Online,2024-12-16
APP0000310,CUST0000604,2023-01-11,4453.78,Wedding,Approved,Partner Referral,2023-01-15
APP0000311,CUST0000297,2021-11-27,16583.78,Education,Approved,Branch,2021-12-14
APP0000312,CUST0000355,2026-02-10,3705.65,Wedding,Rejected,Branch,2026-02-24
APP0000313,CUST0000440,2024-12-09,5895.03,Education,Rejected,Online,2024-12-15
APP0000314,CUST0000188,2025-03-16,16823.8,Personal,Approved,Online,2025-03-26
APP0000315,CUST0000306,2024-04-24,8995.1,Home Improvement,Approved,Mobile App,2024-05-05
APP0000316,CUST0000135,2023-09-02,30562.64,Auto,Rejected,Mobile App,2023-09-03
APP0000317,CUST0000155,2023-10-05,4821.35,Auto,Rejected,Branch,2023-10-24
APP0000318,CUST0000745,2025-06-16,3014.16,Personal,Rejected,Call Center,2025-07-02
APP0000319,CUST0000129,2022-10-13,5030.74,Education,Approved,Online,2022-10-24
APP0000320,CUST0000470,2023-05-10,74419.06,Home Improvement,Approved,Call Center,2023-05-25
APP0000321,CUST0000430,2023-03-09,41693.57,Home Improvement,Rejected,Online,2023-03-12
APP0000322,CUST0000047,2024-04-03,3376.75,Medical,Rejected,Online,2024-04-23
APP0000323,CUST0000832,2026-06-26,26056.55,Home Improvement,Approved,Call Center,2026-07-09
APP0000324,CUST0000984,2026-04-06,31469.31,Business,Rejected,Call Center,2026-04-25
APP0000325,CUST0000639,2024-05-15,16958.25,Personal,Rejected,Mobile App,2024-06-02
APP0000326,CUST0000672,2022-08-25,30149.96,Wedding,Rejected,Mobile App,2022-09-06
APP0000327,CUST0000233,2026-05-08,62272.32,Home Improvement,Approved,Mobile App,2026-05-14
APP0000328,CUST0000845,2023-03-19,500.0,Medical,Rejected,Mobile App,2023-04-02
APP0000329,CUST0000785,2023-06-06,1585.13,Education,Withdrawn,Online,2023-06-17
APP0000330,CUST0000439,2026-01-28,7630.71,,Approved,Branch,2026-02-06
APP0000331,CUST0000706,2022-12-18,33019.84,Medical,Rejected,Mobile App,2023-01-02
APP0000332,CUST0000956,2023-12-16,13450.88,Home Improvement,Approved,Branch,2024-01-03
APP0000333,CUST0000603,2026-03-26,92162.66,Debt Consolidation,Approved,Call Center,2026-03-30
APP0000334,CUST0000200,2023-03-28,17032.48,Medical,Pending,Branch,2026-08-24
APP0000335,CUST0000331,2024-10-07,49660.61,Debt Consolidation,Withdrawn,Online,2024-10-23
APP0000336,CUST0000186,2021-11-01,7516.17,Debt Consolidation,Approved,Online,2021-11-08
APP0000337,CUST0000332,2026-08-16,9609.55,Education,Pending,Mobile App,2026-08-24
APP0000338,CUST0000891,2023-09-29,7265.58,Personal,Approved,Online,2023-09-30
APP0000339,CUST0000190,2024-12-30,40772.42,Education,Rejected,Call Center,2025-01-06
APP0000340,CUST0000892,2024-02-25,1434.67,Debt Consolidation,Rejected,Online,2024-03-08
APP0000341,CUST0000286,2023-10-26,1371.77,Personal,Approved,Online,2023-11-15
APP0000342,CUST0000500,2023-09-05,10645.56,Business,Rejected,Mobile App,2023-09-16
APP0000343,CUST0000529,2021-09-26,10337.44,Auto,Rejected,Online,2021-10-02
APP0000344,CUST0000126,2023-01-13,17541.25,Auto,Approved,Mobile App,2023-01-30
APP0000345,CUST0000185,2023-07-21,67609.51,Wedding,Withdrawn,Online,2023-07-25
APP0000346,CUST0000306,2023-06-30,21055.61,Medical,Approved,Branch,2023-07-04
APP0000347,CUST0000060,2023-01-06,2699.74,Home Improvement,Approved,Branch,2023-01-17
APP0000348,CUST0000755,2024-11-10,28195.48,Auto,Withdrawn,Call Center,2024-11-27
APP0000349,CUST0000547,2025-10-16,10822.67,Auto,Approved,Online,2025-10-21
APP0000350,CUST0000846,2026-02-07,66326.25,Medical,Rejected,Online,2026-02-08
APP0000351,CUST0000864,2026-07-05,34532.15,Auto,Approved,Mobile App,2026-07-20
APP0000352,CUST0000348,2024-11-23,15745.64,Education,Approved,Partner Referral,2024-12-05
APP0000353,CUST0000818,2023-09-14,25532.16,Auto,Approved,Mobile App,2023-09-28
APP0000354,CUST0000062,2024-11-16,3518.95,Business,Approved,Mobile App,2024-11-24
APP0000355,CUST0000430,2022-04-23,81211.16,Medical,Rejected,Branch,2022-04-26
APP0000356,CUST0000666,2025-09-24,3129.42,Wedding,Approved,Branch,2025-10-01
APP0000357,CUST0000467,2024-04-27,86720.57,Personal,Pending,Call Center,2026-08-24
APP0000358,CUST0000740,2022-06-22,25861.98,Auto,Pending,Call Center,2026-08-24
APP0000359,CUST0000859,2023-10-11,20237.62,Debt Consolidation,Approved,Mobile App,2023-10-29
APP0000360,CUST0000425,2023-02-25,6808.37,Education,Withdrawn,Mobile App,2023-03-02
APP0000361,CUST0000275,2023-05-25,4619.87,Auto,Pending,Call Center,2026-08-24
APP0000362,CUST0000584,2021-11-25,27013.55,Wedding,Pending,Online,2026-08-24
APP0000363,CUST0000869,2021-09-23,6420.3,Medical,Rejected,Online,2021-10-05
APP0000364,CUST0000988,2023-05-25,29351.87,Auto,Approved,Partner Referral,2023-06-11
APP0000365,CUST0000816,2023-02-26,14000.06,Auto,Approved,Branch,2023-03-16
APP0000366,CUST0000245,2026-08-22,16592.1,Personal,Pending,Online,2026-08-24
APP0000367,CUST0000206,2022-12-17,32721.34,Debt Consolidation,Rejected,Branch,2022-12-26
APP0000368,CUST0000573,2023-04-18,12761.19,Wedding,Pending,Mobile App,2026-08-24
APP0000369,CUST0000403,2026-03-23,22976.62,Home Improvement,Rejected,Mobile App,2026-03-24
APP0000370,CUST0000611,2025-12-11,1384.03,Personal,Approved,Mobile App,2025-12-26
APP0000371,CUST0000924,2021-12-06,35449.84,Education,REJECTED,Online,2021-12-09
APP0000372,CUST0000550,2022-01-28,28184.85,Education,Withdrawn,Branch,2022-01-29
APP0000373,CUST0000356,2022-02-14,65423.26,Home Improvement,Approved,Online,2022-02-17
APP0000374,CUST0000870,2023-12-12,12211.13,Business,Rejected,Call Center,2023-12-30
APP0000375,CUST0000440,2024-07-05,4763.63,Business,Withdrawn,Online,2024-07-19
APP0000376,CUST0000606,2023-05-28,48638.37,Medical,Approved,Mobile App,2023-06-13
APP0000377,CUST0000136,2021-09-17,20409.18,Medical,Approved,Branch,2021-10-01
APP0000378,CUST0000508,2022-08-28,20198.25,Education,Rejected,Mobile App,2022-09-13
APP0000379,CUST0000427,2024-09-20,36262.28,Medical,Pending,Branch,2026-08-24
APP0000380,CUST0000124,2023-07-06,7644.68,Wedding,Rejected,Mobile App,2023-07-23
APP0000381,CUST0000212,2022-04-07,9569.86,Debt Consolidation,Approved,Mobile App,2022-04-09
APP0000382,CUST0000704,2024-11-26,80927.82,Auto,Approved,Online,2024-12-08
APP0000383,CUST0000181,2024-09-18,1759.79,Personal,Approved,Online,2024-10-04
APP0000384,CUST0000133,2024-02-06,24927.44,Personal,Rejected,Branch,2024-02-26
APP0000385,CUST0000058,2026-05-07,120219.2,Auto,Approved,Online,2026-05-15
APP0000386,CUST0000027,2025-11-13,41837.73,Education,Rejected,Mobile App,2025-11-17
APP0000387,CUST0000435,2021-11-05,12136.79,Debt Consolidation,Approved,Online,2021-11-20
APP0000388,CUST0000489,2026-03-04,,Home Improvement,Pending,Mobile App,2026-08-24
APP0000389,CUST0000625,2021-11-23,26324.46,Wedding,Withdrawn,Online,2021-12-09
APP0000390,CUST0000573,2024-01-21,7060.37,Business,Rejected,Mobile App,2024-02-05
APP0000391,CUST0000537,2026-02-26,5585.89,Debt Consolidation,Rejected,Online,2026-03-12
APP0000392,CUST0001000,2026-07-22,703.87,Personal,Approved,Branch,2026-07-28
APP0000393,CUST0000250,2021-10-05,4584.54,Medical,Rejected,Online,2021-10-08
APP0000394,CUST0000713,2022-01-03,13750.27,Education,Approved,Mobile App,2022-01-16
APP0000395,CUST0000080,2022-11-08,41023.27,Personal,Approved,Online,2022-11-16
APP0000396,CUST0000849,2023-01-11,81609.41,Personal,Rejected,Mobile App,2023-01-19
APP0000397,CUST0000363,2023-01-17,34903.29,Home Improvement,Approved,Branch,2023-01-21
APP0000398,CUST0000347,2023-09-24,24965.08,Auto,Approved,Partner Referral,2023-10-01
APP0000399,CUST0000136,2023-03-30,3544.52,Auto,Rejected,Mobile App,2023-04-16
APP0000400,CUST0000509,2024-07-24,26684.02,Wedding,Rejected,Mobile App,2024-08-11
APP0000401,CUST0000400,2025-12-01,3379.5,Personal,Approved,Mobile App,2025-12-08
APP0000402,CUST0000975,2024-05-17,13700.24,,Approved,Online,2024-05-20
APP0000403,CUST0000179,2023-04-23,2573.35,Debt Consolidation,Approved,Mobile App,2023-04-24
APP0000404,CUST0000418,2024-06-27,2225.82,Personal,Rejected,Online,2024-07-01
APP0000405,CUST0000901,2024-09-30,25976.6,Education,Rejected,Mobile App,2024-10-01
APP0000406,CUST0000808,2026-02-16,13551.91,Auto,Approved,Online,2026-03-02
APP0000407,CUST0000765,2026-05-20,113531.53,Medical,Rejected,Branch,2026-06-02
APP0000408,CUST0000526,2023-01-13,13479.82,Medical,Withdrawn,Mobile App,2023-01-29
APP0000409,CUST0000874,2026-03-28,6190.06,Auto,Rejected,Branch,2026-04-04
APP0000410,CUST0000224,2025-09-24,21177.62,Wedding,Rejected,Online,2025-10-11
APP0000411,CUST0000810,2022-04-16,6823.42,Wedding,Rejected,Branch,2022-04-20
APP0000412,CUST0000581,2024-06-08,8913.89,Debt Consolidation,Pending,Mobile App,2026-08-24
APP0000413,CUST0000350,2022-05-29,5680.85,Wedding,Withdrawn,Online,2022-06-17
APP0000414,CUST0000219,2024-02-06,46722.19,Medical,Approved,Online,2024-02-24
APP0000415,CUST0000522,2021-11-14,30814.0,Personal,Approved,Partner Referral,2021-11-26
APP0000416,CUST0000004,2023-02-22,50357.54,Personal,Approved,Call Center,2023-03-07
APP0000417,CUST0000715,2024-08-02,555.39,Education,Pending,Online,2026-08-24
APP0000418,CUST0000236,2023-03-03,5301.66,Business,Approved,Branch,2023-03-20
APP0000419,CUST0000390,2021-09-12,34821.48,Business,Pending,Online,2026-08-24
APP0000420,CUST0000194,2023-08-04,2627.12,Personal,Approved,Call Center,2023-08-06
APP0000421,CUST0000466,2024-05-09,47412.15,Medical,Rejected,Branch,2024-05-13
APP0000422,CUST0000371,2025-06-19,23472.57,Business,Approved,Online,2025-06-27
APP0000423,CUST0000188,2022-05-01,48580.07,Wedding,Rejected,Online,2022-05-06
APP0000424,CUST0000889,2024-01-12,9172.24,Wedding,Approved,Branch,2024-01-23
APP0000425,CUST0000760,2022-08-22,11341.35,Home Improvement,Rejected,Online,2022-08-25
APP0000426,CUST0000388,2022-06-01,12688.25,Medical,Approved,Mobile App,2022-06-13
APP0000427,CUST0000058,2022-04-04,45671.66,Education,Rejected,Branch,2022-04-19
APP0000428,CUST0000846,2025-06-12,5404.38,Education,Rejected,Branch,2025-06-14
APP0000429,CUST0000697,2026-03-31,9542.36,Business,Pending,Mobile App,2026-08-24
APP0000430,CUST0000556,2024-12-18,7688.29,Personal,Pending,Online,2026-08-24
APP0000431,CUST0000605,2023-07-16,2020.16,Education,Rejected,Online,2023-07-18
APP0000432,CUST0000008,2026-05-24,5044.31,Business,Rejected,Branch,2026-06-07
APP0000433,CUST0000474,2024-02-18,11925.6,Wedding,pending,Mobile App,2026-08-24
APP0000434,CUST0000189,2024-04-17,31674.12,Debt Consolidation,Rejected,Online,2024-04-25
APP0000435,CUST0000652,2024-10-26,37008.11,Business,Pending,Mobile App,2026-08-24
APP0000436,CUST0000932,2024-12-01,2015.45,,Rejected,Branch,2024-12-12
APP0000437,CUST0000531,2024-02-09,81035.12,Wedding,Approved,Branch,2024-02-27
APP0000438,CUST0000605,2024-01-17,7234.28,Education,Approved,Branch,2024-01-23
APP0000439,CUST0000668,2023-03-28,24528.34,Education,Rejected,Online,2023-04-14
APP0000440,CUST0000930,2025-01-19,4737.73,Personal,Rejected,Online,2025-02-06
APP0000441,CUST0000039,2025-01-03,45086.17,Home Improvement,Rejected,Mobile App,2025-01-09
APP0000442,CUST0000311,2023-10-30,30835.14,Education,Withdrawn,Online,2023-11-11
APP0000443,CUST0000269,2025-03-17,15261.16,Personal,Rejected,Branch,2025-03-18
APP0000444,CUST0000717,2022-05-03,20498.62,Personal,Rejected,Partner Referral,2022-05-15
APP0000445,CUST0000448,2023-09-23,17004.4,Home Improvement,Rejected,Online,2023-10-11
APP0000446,CUST0000773,2026-07-31,27025.76,Personal,Approved,Branch,2026-08-19
APP0000447,CUST0000473,2025-04-25,6003.23,Home Improvement,Rejected,Online,2025-04-29
APP0000448,CUST0000976,2025-04-01,55492.8,Auto,Pending,Online,2026-08-24
APP0000449,CUST0000767,2025-12-18,41927.13,Personal,Approved,Partner Referral,2025-12-20
APP0000450,CUST0000019,2024-09-09,35806.01,Education,Rejected,Partner Referral,2024-09-15
APP0000451,CUST0000989,2024-12-16,21853.62,Education,Pending,Online,2026-08-24
APP0000452,CUST0000953,2024-01-21,23690.88,Education,Approved,Partner Referral,2024-02-03
APP0000453,CUST0000044,2025-10-11,16737.99,Wedding,Pending,Online,2026-08-24
APP0000454,CUST0000392,2025-03-16,13437.22,Home Improvement,Rejected,Partner Referral,2025-04-05
APP0000455,CUST0000971,2024-04-07,7116.32,Auto,Rejected,Mobile App,2024-04-23
APP0000456,CUST0000838,2022-04-13,60460.23,Medical,Approved,Online,2022-04-14
APP0000457,CUST0000469,2025-09-04,21993.9,Personal,Approved,Branch,2025-09-06
APP0000458,CUST0000545,2023-04-12,34099.41,Education,Rejected,Mobile App,2023-04-25
APP0000459,CUST0000030,2023-06-11,65842.81,Business,Approved,Online,2023-06-29
APP0000460,CUST0000565,2022-04-09,19743.41,Personal,Rejected,Online,2022-04-13
APP0000461,CUST0000667,2022-09-25,14281.92,Wedding,Withdrawn,Mobile App,2022-10-06
APP0000462,CUST9267218,2022-04-12,37717.0,Medical,Rejected,Online,2022-04-29
APP0000463,CUST0000307,2022-02-18,58858.79,Medical,Rejected,Online,2022-03-08
APP0000464,CUST0000829,2021-10-02,4673.47,Debt Consolidation,Withdrawn,Online,2021-10-15
APP0000465,CUST0000449,2023-02-14,21833.07,Debt Consolidation,Approved,Mobile App,2023-03-06
APP0000466,CUST0000265,2025-06-05,12531.02,Medical,Approved,Online,2025-06-24
APP0000467,CUST0000375,2025-12-19,30112.79,Business,Rejected,Branch,2026-01-05
APP0000468,CUST0000493,2022-10-14,88980.84,Personal,Rejected,Online,2022-10-28
APP0000469,CUST0000260,2023-10-07,33106.42,Medical,Approved,Online,2023-10-27
APP0000470,CUST0000561,2025-10-22,27657.12,Education,Rejected,Mobile App,2025-10-23
APP0000471,CUST0000862,2025-03-07,10073.14,Personal,Approved,Online,2025-03-09
APP0000472,CUST0000743,2026-03-03,44902.07,Auto,Rejected,Mobile App,2026-03-14
APP0000473,CUST0000232,2023-10-01,9583.07,Home Improvement,Rejected,Online,2023-09-13
APP0000474,CUST0000472,2022-06-28,4557.96,Wedding,Rejected,Mobile App,2022-07-17
APP0000475,CUST0000544,2022-05-13,77866.22,Education,Rejected,Online,2022-05-27
APP0000476,CUST0000681,2025-03-11,5519.4,Home Improvement,Approved,Mobile App,2025-03-16
APP0000477,CUST0000757,2021-10-11,30664.21,Auto,Pending,Online,2026-08-24
APP0000478,CUST0000486,2023-12-13,17442.33,Auto,Pending,Call Center,2026-08-24
APP0000479,CUST0000316,2023-06-01,4451.56,Home Improvement,Approved,Online,2023-06-03
APP0000480,CUST0000660,2026-03-30,8859.28,Medical,Approved,Online,2026-04-14
APP0000481,CUST0000126,2026-08-21,37895.55,Personal,DECL,Branch,2026-08-24
APP0000482,CUST0000675,2024-01-26,53855.66,Business,Rejected,Online,2024-02-06
APP0000483,CUST0000897,2024-07-19,12538.05,Wedding,Approved,Branch,2024-07-22
APP0000484,CUST0000710,2023-07-17,43830.91,Personal,Approved,Mobile App,2023-07-18
APP0000485,CUST0000434,2025-07-13,25593.69,Auto,Approved,Mobile App,2025-08-02
APP0000486,CUST0000824,2023-02-13,,Debt Consolidation,Approved,Mobile App,2023-02-19
APP0000487,CUST0000533,2025-05-15,25006.52,Home Improvement,Approved,Partner Referral,2025-05-28
APP0000488,CUST0000541,2026-03-02,39660.69,Personal,Pending,Branch,2026-08-24
APP0000489,CUST0000853,2022-07-04,89554.36,Auto,Rejected,Online,2022-07-09
APP0000490,CUST0000194,2022-10-12,34617.74,Business,Rejected,Mobile App,2022-10-26
APP0000491,CUST0000780,2023-07-16,9978.08,Medical,Approved,Online,2023-07-31
APP0000492,CUST0000680,2025-10-14,98746.14,Wedding,Pending,Online,2026-08-24
APP0000493,CUST0000530,2024-11-07,20751.09,Education,Approved,Online,2024-11-18
APP0000494,CUST0000078,2022-08-14,17467.42,Wedding,Approved,Online,2022-08-24
APP0000495,CUST0000766,2023-06-28,7938.57,Auto,Rejected,Online,2023-07-10
APP0000496,CUST0000219,2024-11-11,9762.7,Personal,Rejected,Online,2024-11-28
APP0000497,CUST0000896,2026-06-21,21432.98,Education,Rejected,Branch,2026-07-06
APP0000498,CUST0000793,2023-11-26,8398.2,Home Improvement,Rejected,Mobile App,2023-12-02
APP0000499,CUST0000364,2022-01-08,,Home Improvement,Approved,Partner Referral,2022-01-13
APP0000500,CUST0000436,2022-03-04,644.85,Auto,Approved,Online,2022-03-18
APP0000501,CUST0000026,2021-10-16,2683.31,Home Improvement,Rejected,Online,2021-10-29
APP0000502,CUST0000499,2022-04-11,37754.19,,Rejected,Branch,2022-04-19
APP0000503,CUST0000058,2023-09-17,35497.29,Home Improvement,Approved,Online,2023-10-04
APP0000504,CUST0000988,2023-01-21,5443.6,Education,Approved,Online,2023-01-30
APP0000505,CUST0000641,2023-02-25,11843.85,Education,Withdrawn,Mobile App,2023-03-04
APP0000506,CUST0000236,2025-06-24,21424.27,Education,Approved,Mobile App,2025-07-06
APP0000507,CUST0000804,2024-01-13,3431.81,Business,Approved,Online,2024-01-17
APP0000508,CUST0000020,2025-04-17,15503.16,Wedding,Pending,Mobile App,2026-08-24
APP0000509,CUST0000550,2024-05-10,12537.89,Wedding,Rejected,Mobile App,2024-05-28
APP0000510,CUST0000112,2022-09-03,24995.72,Personal,Rejected,Call Center,2022-09-22
APP0000511,CUST0000055,2026-05-22,5080.15,Medical,Rejected,Online,2026-05-31
APP0000512,CUST0000245,2024-01-11,14180.88,Business,Approved,Mobile App,2024-01-17
APP0000513,CUST0000295,2025-10-29,1499.55,Home Improvement,Pending,Mobile App,2026-08-24
APP0000514,CUST0000726,2022-02-18,19505.57,Wedding,Approved,Online,2022-02-21
APP0000515,CUST0000891,2025-11-23,23066.72,Home Improvement,Withdrawn,Mobile App,2025-12-07
APP0000516,CUST0000776,2025-03-24,22281.83,Debt Consolidation,Approved,Mobile App,2025-04-02
APP0000517,CUST0000740,2022-11-24,2267.73,Personal,Rejected,Online,2022-11-27
APP0000518,CUST0000566,2025-08-12,23567.55,Personal,Rejected,Branch,2025-08-23
APP0000519,CUST0000372,2025-05-11,50806.45,Home Improvement,Approved,Branch,2025-05-26
APP0000520,CUST0000256,2026-02-11,37128.76,Wedding,Rejected,Mobile App,2026-02-16
APP0000521,CUST0000946,2022-09-11,4503.12,Debt Consolidation,Pending,Online,2026-08-24
APP0000522,CUST0000522,2026-01-28,13256.66,Debt Consolidation,Approved,Branch,2026-02-15
APP0000523,CUST0000565,2025-06-16,12401.38,Wedding,Withdrawn,Online,2025-07-01
APP0000524,CUST0000015,2023-05-03,12300.43,Home Improvement,Approved,Mobile App,2023-05-19
APP0000525,CUST0000458,2023-05-26,13629.24,Home Improvement,Rejected,Mobile App,2023-06-04
APP0000526,CUST0000682,2022-12-02,28081.84,Personal,Rejected,Branch,2022-12-12
APP0000527,CUST0000496,2024-01-12,10274.79,Education,Rejected,Branch,2024-01-22
APP0000528,CUST9013577,2026-02-17,5867.37,Education,Rejected,Online,2026-02-27
APP0000529,CUST0000810,2025-11-01,25188.95,Wedding,Rejected,Online,2025-11-04
APP0000530,CUST0000022,2022-05-18,6773.85,Debt Consolidation,Rejected,Mobile App,2022-05-19
APP0000531,CUST0000905,2022-04-21,11398.08,Wedding,Rejected,Online,2022-05-08
APP0000532,CUST0000818,2021-12-11,22143.75,Auto,Rejected,Mobile App,2021-12-22
APP0000533,CUST0000420,2024-09-19,20251.98,Education,Approved,Mobile App,2024-09-30
APP0000534,CUST0000764,2023-03-21,46578.9,Auto,Approved,Call Center,2023-04-02
APP0000535,CUST0000067,2025-06-14,8899.7,Auto,Approved,Online,2025-06-23
APP0000536,CUST0000309,2025-06-13,24123.6,Auto,Rejected,Branch,2025-07-01
APP0000537,CUST0000108,2022-08-21,14184.46,Education,Pending,Online,2026-08-24
APP0000538,CUST0000636,2025-02-12,18967.98,Wedding,Approved,Call Center,2025-02-23
APP0000539,CUST0000857,2025-06-20,8373.78,Debt Consolidation,Rejected,Mobile App,2025-07-01
APP0000540,CUST0000602,2026-08-01,43461.7,Business,Approved,Mobile App,2026-08-05
APP0000541,CUST0000712,2025-04-05,16854.56,Personal,Rejected,Mobile App,2025-04-09
APP0000542,CUST0000144,2023-06-12,25266.79,Business,Rejected,Online,2023-06-16
APP0000543,CUST0000935,2026-08-24,54697.02,Wedding,Rejected,Mobile App,2026-08-24
APP0000544,CUST0000194,2023-01-10,34758.1,Debt Consolidation,Rejected,Mobile App,2023-01-14
APP0000545,CUST0000527,2025-09-03,43418.48,Auto,Rejected,Online,2025-09-08
APP0000546,CUST0000684,2023-07-16,17174.12,Medical,Approved,Partner Referral,2023-08-04
APP0000547,CUST0000857,2026-04-28,8646.92,Education,Rejected,Call Center,2026-05-06
APP0000548,CUST0000934,2025-07-23,10827.44,Auto,Approved,Partner Referral,2025-08-08
APP0000549,CUST0000599,2024-08-24,70039.62,Auto,Pending,Mobile App,2026-08-24
APP0000550,CUST0000577,2022-09-20,40454.43,Personal,Rejected,Online,2022-10-07
APP0000551,CUST0000418,2022-08-04,3854.21,Home Improvement,Approved,Branch,2022-08-20
APP0000552,CUST0000568,2026-05-21,18883.89,Wedding,Approved,Online,2026-06-07
APP0000553,CUST0000675,2025-08-27,23356.31,Debt Consolidation,Rejected,Mobile App,2025-09-02
APP0000554,CUST0000647,2024-03-17,6859.47,Medical,Withdrawn,Online,2024-03-19
APP0000555,CUST0000593,2026-01-13,18967.28,,Approved,Call Center,2026-01-20
APP0000556,CUST0000441,2025-07-25,13632.75,Wedding,Rejected,Online,2025-08-09
APP0000557,CUST0000196,2023-08-02,141970.38,Personal,Rejected,Online,2023-08-16
APP0000558,CUST0000055,2025-10-13,16059.36,Debt Consolidation,Rejected,Online,2025-10-28
APP0000559,CUST0000421,2025-08-17,14296.83,Business,Rejected,Mobile App,2025-09-06
APP0000560,CUST0000397,2024-01-16,9755.65,Auto,Approved,Online,2024-01-21
APP0000561,CUST0000609,2021-09-29,5677.02,Personal,Rejected,Online,2021-10-08
APP0000562,CUST0000901,2025-05-09,63752.38,Personal,Approved,Online,2025-05-19
APP0000563,CUST0000702,2023-05-07,42214.68,Home Improvement,Pending,Online,2026-08-24
APP0000564,CUST0000805,2023-06-21,28343.9,Auto,Approved,Partner Referral,2023-07-05
APP0000565,CUST0000579,2025-03-20,19737.03,Personal,Rejected,Branch,2025-03-21
APP0000566,CUST0000928,2025-09-13,27896.42,Wedding,Approved,Online,2025-10-01
APP0000567,CUST0000940,2022-02-01,19886.8,,Rejected,Online,2022-02-03
APP0000568,CUST0000153,2025-10-07,,Home Improvement,Approved,Online,2025-10-10
APP0000569,CUST0000640,2023-02-10,24410.98,Medical,Rejected,Online,2023-02-14
APP0000570,CUST0000506,2024-06-23,7864.92,Personal,Approved,Online,2024-07-11
APP0000571,CUST0000973,2025-12-27,10117.01,Education,Approved,Online,2026-01-14
APP0000572,CUST0000585,2022-09-27,24058.66,Home Improvement,Pending,Online,2026-08-24
APP0000573,CUST0000016,2022-10-02,14056.97,Auto,Approved,Online,2022-10-19
APP0000574,CUST0000210,2026-07-01,22997.78,Home Improvement,Rejected,Mobile App,2026-07-20
APP0000575,CUST0000130,2023-07-07,7670.88,Medical,Rejected,Online,2023-07-17
APP0000576,CUST0000201,2026-05-20,20601.7,Medical,Rejected,Mobile App,2026-05-21
APP0000577,CUST0000096,2023-06-08,6760.0,Education,Pending,Mobile App,2026-08-24
APP0000578,CUST0000783,2024-09-29,5249.62,Wedding,Approved,Call Center,2024-10-04
APP0000579,CUST0000495,2024-03-13,5624.78,Business,Withdrawn,Online,2024-03-18
APP0000580,CUST0000672,2026-07-26,21668.11,Education,Pending,Mobile App,2026-08-24
APP0000581,CUST0001000,2024-05-25,1413.95,Auto,Rejected,Call Center,2024-05-29
APP0000582,CUST0000648,2024-02-29,25571.65,Business,Rejected,Partner Referral,2024-03-07
APP0000583,CUST0000480,2023-12-24,10362.04,Wedding,Declined,Mobile App,2024-01-01
APP0000584,CUST0000267,2023-07-11,9000.11,Debt Consolidation,Rejected,Online,2023-07-13
APP0000585,CUST0000755,2023-11-06,18039.64,Auto,Approved,Partner Referral,2023-11-21
APP0000586,CUST0000507,2023-12-13,42665.83,Debt Consolidation,Approved,Mobile App,2023-12-29
APP0000587,CUST0000757,2025-06-19,9746.55,Home Improvement,Approved,Online,2025-07-01
APP0000588,CUST0000024,2021-11-16,17352.25,Debt Consolidation,Rejected,Online,2021-11-17
APP0000589,CUST0000164,2024-02-25,60037.35,Education,Rejected,Partner Referral,2024-03-12
APP0000590,CUST0000130,2024-05-23,60768.44,Personal,Approved,Online,2024-06-01
APP0000591,CUST0000682,2025-05-31,11292.82,Wedding,Rejected,Mobile App,2025-06-06
APP0000592,CUST0000519,2024-12-23,5235.08,Home Improvement,Pending,Online,2026-08-24
APP0000593,CUST0000317,2023-10-22,9092.03,Business,Withdrawn,Mobile App,2023-11-09
APP0000594,CUST0000310,2022-03-12,49891.44,Auto,Approved,Online,2022-03-21
APP0000595,CUST0000607,2023-07-05,24572.71,Auto,Approved,Mobile App,2023-07-14
APP0000596,CUST0000966,2022-12-04,46867.63,Education,Approved,Branch,2022-12-23
APP0000597,CUST0000996,2022-09-01,11150.91,Business,DECL,Call Center,2022-09-05
APP0000598,CUST0000472,2025-04-02,6226.58,Education,Approved,Online,2025-04-11
APP0000599,CUST0000671,2024-01-15,9015.93,Debt Consolidation,Approved,Online,2024-01-27
APP0000600,CUST0000084,2025-08-13,7155.48,Medical,Pending,Online,2026-08-24
APP0000601,CUST0000946,2022-05-04,13978.3,Auto,Rejected,Online,2022-05-11
APP0000602,CUST0000018,2026-07-30,20704.69,Debt Consolidation,Approved,Partner Referral,2026-08-02
APP0000603,CUST0000343,2024-01-06,104715.3,Debt Consolidation,Rejected,Online,2024-01-12
APP0000604,CUST0000726,2022-11-30,24716.19,Medical,Approved,Online,2022-12-08
APP0000605,CUST0000970,2023-06-18,22068.55,,Rejected,Mobile App,2023-07-05
APP0000606,CUST0000172,2025-11-08,16419.52,Business,Rejected,Online,2025-11-15
APP0000607,CUST0000662,2025-03-13,11633.27,Debt Consolidation,Approved,Online,2025-03-17
APP0000608,CUST0000188,2022-07-05,52349.99,Home Improvement,Approved,Mobile App,2022-07-22
APP0000609,CUST0000051,2026-08-06,500.0,Wedding,Pending,Online,2026-08-24
APP0000610,CUST0000424,2022-04-20,18582.51,Business,Pending,Mobile App,2026-08-24
APP0000611,CUST0000577,2023-01-09,44722.82,Education,Approved,Mobile App,2023-01-12
APP0000612,CUST0000265,2025-04-17,3101.09,Debt Consolidation,Rejected,Online,2025-04-18
APP0000613,CUST0000974,2024-04-18,3295.85,Debt Consolidation,Rejected,Branch,2024-05-07
APP0000614,CUST0000617,2023-11-17,16473.07,Wedding,Pending,Call Center,2026-08-24
APP0000615,CUST0000439,2026-04-12,12429.48,Personal,In Review,Online,2026-08-24
APP0000616,CUST0000486,2025-08-13,7626.51,Wedding,Rejected,Mobile App,2025-08-26
APP0000617,CUST0000465,2026-06-16,19813.96,Personal,Rejected,Online,2026-06-23
APP0000618,CUST0000112,2023-01-22,5313.67,Debt Consolidation,Approved,Branch,2023-02-01
APP0000619,CUST0000607,2025-11-25,48378.22,Personal,Approved,Mobile App,2025-12-04
APP0000620,CUST0000785,2022-09-18,4802.54,Medical,Rejected,Online,2022-09-24
APP0000621,CUST0000422,2025-09-04,14474.44,Business,Approved,Branch,2025-09-14
APP0000622,CUST0000426,2024-05-23,,Medical,Rejected,Online,2024-05-29
APP0000623,CUST0000911,2024-08-20,6721.1,Business,Approved,Mobile App,2024-08-25
APP0000624,CUST0000611,2022-03-23,912.58,Personal,Approved,Mobile App,2022-03-28
APP0000625,CUST0000298,2026-01-16,44975.15,Wedding,Rejected,Online,2026-01-19
APP0000626,CUST0000004,2023-01-15,39114.18,Education,Rejected,Online,2023-01-26
APP0000627,CUST0000824,2024-08-21,2177.96,Auto,declined,Call Center,2024-09-01
APP0000628,CUST0000627,2022-06-24,21040.35,Education,Rejected,Online,2022-06-25
APP0000629,CUST0000627,2026-04-11,28819.01,Medical,Pending,Online,2026-08-24
APP0000630,CUST0000283,2023-04-01,25431.85,Home Improvement,Approved,Online,2023-04-16
APP0000631,CUST0000187,2025-06-17,11126.38,Business,Rejected,Branch,2025-06-18
APP0000632,CUST0000495,2025-06-22,30257.98,Debt Consolidation,Rejected,Online,2025-06-29
APP0000633,CUST0000758,2024-05-25,20860.37,Medical,Approved,Mobile App,2024-06-14
APP0000634,CUST0000298,2022-04-02,41934.88,Business,Withdrawn,Mobile App,2022-04-11
APP0000635,CUST0000528,2023-01-18,11697.0,Wedding,Approved,Online,2023-01-19
APP0000636,CUST0000997,2024-09-15,12033.61,Education,Approved,Branch,2024-09-26
APP0000637,CUST0000220,2024-04-29,14498.14,,APPROVED,Online,2024-05-08
APP0000638,CUST0000231,2024-07-27,25677.42,Personal,Withdrawn,Online,2024-08-01
APP0000639,CUST0000236,2022-11-23,18167.37,Home Improvement,Pending,Mobile App,2026-08-24
APP0000640,CUST0000913,2024-05-03,9981.81,Personal,Approved,Online,2024-05-21
APP0000641,CUST0000529,2022-01-27,18547.41,Auto,Rejected,Call Center,2022-02-13
APP0000642,CUST0000918,2024-01-26,3157.95,Business,Approved,Branch,2024-02-09
APP0000643,CUST0000948,2022-02-07,17367.34,Home Improvement,Rejected,Online,2022-02-08
APP0000644,CUST0000422,2024-12-19,25056.89,Education,Rejected,Partner Referral,2025-01-06
APP0000645,CUST0000055,2024-06-24,27429.17,Business,Approved,Branch,2024-07-04
APP0000646,CUST0000305,2025-11-27,106090.25,Wedding,Rejected,Online,2025-12-07
APP0000647,CUST0000544,2023-12-16,33126.38,Wedding,Pending,Branch,2026-08-24
APP0000648,CUST0000382,2022-06-16,9231.47,Personal,Approved,Partner Referral,2022-06-25
APP0000649,CUST0000003,2022-10-28,5667.51,Education,Approved,Branch,2022-11-02
APP0000650,CUST0000990,2025-09-19,3513.6,Wedding,Withdrawn,Branch,2025-09-24
APP0000651,CUST0000304,2026-06-09,2698.88,Debt Consolidation,Approved,Branch,2026-06-28
APP0000652,CUST0000619,2021-12-15,49663.42,Wedding,Rejected,Online,2021-12-26
APP0000653,CUST0000947,2025-01-11,12871.48,Home Improvement,Rejected,Online,2025-01-23
APP0000654,CUST0000545,2024-01-22,9916.81,Medical,Approved,Branch,2024-02-03
APP0000655,CUST0000695,2022-12-08,26524.06,Wedding,Approved,Call Center,2022-12-13
APP0000656,CUST0000036,2024-03-15,28934.24,Business,Approved,Mobile App,2024-03-24
APP0000657,CUST0000697,2026-04-29,6587.41,Personal,Approved,Online,2026-05-19
APP0000658,CUST0000848,2022-08-20,1488.9,Business,Rejected,Online,2022-08-23
APP0000659,CUST0000919,2025-10-31,15066.53,Education,Pending,Online,2026-08-24
APP0000660,CUST0000084,2022-02-04,52364.03,Home Improvement,Approved,Online,2022-02-10
APP0000661,CUST0000229,2025-04-01,11320.8,,Rejected,Mobile App,2025-04-07
APP0000662,CUST0000047,2022-01-08,1045.42,Business,Approved,Online,2022-01-09
APP0000663,CUST0000918,2021-12-13,4523.49,Business,Approved,Mobile App,2021-12-27
APP0000664,CUST0000275,2021-10-31,26743.15,Medical,Rejected,Branch,2021-11-07
APP0000665,CUST0000532,2025-09-02,24659.32,,Approved,Mobile App,2025-09-12
APP0000666,CUST0000476,2024-07-07,67021.1,Medical,Rejected,Call Center,2024-07-19
APP0000667,CUST0000689,2025-02-05,11764.0,Home Improvement,Approved,Mobile App,2025-02-18
APP0000668,CUST0000896,2022-06-04,61323.34,,Rejected,Call Center,2022-06-24
APP0000669,CUST0000324,2026-04-03,8225.64,Business,Withdrawn,Mobile App,2026-04-15
APP0000670,CUST0000791,2025-09-09,12431.26,Business,Approved,Branch,2025-09-13
APP0000671,CUST0000291,2024-02-03,38545.7,Home Improvement,Withdrawn,Online,2024-02-18
APP0000672,CUST0000198,2026-02-21,26984.76,Business,Approved,Online,2026-02-23
APP0000673,CUST0000107,2022-05-13,24954.92,Wedding,Approved,Call Center,2022-05-30
APP0000674,CUST0000373,2023-02-09,75650.68,,Approved,Online,2023-02-15
APP0000675,CUST0000561,2021-11-21,11321.85,Wedding,Pending,Partner Referral,2026-08-24
APP0000676,CUST0000781,2022-06-21,62137.6,Home Improvement,Rejected,Online,2022-06-07
APP0000677,CUST0000849,2025-11-08,19674.18,Medical,Withdrawn,Mobile App,2025-11-17
APP0000678,CUST0000528,2023-09-11,24158.03,Education,Rejected,Online,2023-09-25
APP0000679,CUST0000409,2024-11-15,5012.56,Auto,Rejected,Partner Referral,2024-11-28
APP0000680,CUST0000175,2026-01-20,21803.14,Debt Consolidation,Pending,Online,2026-08-24
APP0000681,CUST0000915,2025-06-20,9552.72,Medical,Withdrawn,Online,2025-06-21
APP0000682,CUST0000397,2023-08-25,24597.52,Auto,Rejected,Call Center,2023-09-14
APP0000683,CUST0000765,2023-05-22,37328.53,Home Improvement,Rejected,Online,2023-06-02
APP0000684,CUST0000626,2022-03-10,713.09,Auto,Pending,Online,2026-08-24
APP0000685,CUST0000932,2025-10-17,3475.24,Medical,Approved,Call Center,2025-10-19
APP0000686,CUST0000974,2026-07-28,1088.78,,Pending,Mobile App,2026-08-24
APP0000687,CUST0000707,2024-02-24,,Medical,Withdrawn,Online,2024-03-07
APP0000688,CUST0000662,2024-02-23,16979.84,Medical,Rejected,Branch,2024-03-13
APP0000689,CUST0000138,2025-11-21,8305.66,Medical,Approved,Online,2025-12-06
APP0000690,CUST0000017,2023-05-12,14045.46,Education,Approved,Online,2023-05-25
APP0000691,CUST0000547,2023-09-06,30138.0,Auto,Withdrawn,Mobile App,2023-09-12
APP0000692,CUST0000706,2026-02-11,,Personal,Pending,Online,2026-08-24
APP0000693,CUST0000747,2023-07-18,11130.66,Medical,Rejected,Branch,2023-07-25
APP0000694,CUST0000251,2026-04-14,4942.71,Medical,Withdrawn,Online,2026-04-20
APP0000695,CUST0000504,2022-06-15,5595.77,Debt Consolidation,Rejected,Call Center,2022-06-30
APP0000696,CUST0000863,2024-02-18,7981.61,Wedding,Pending,Branch,2026-08-24
APP0000697,CUST0000096,2024-02-05,15494.65,Medical,Approved,Online,2024-02-23
APP0000698,CUST0000384,2023-03-08,3163.88,Home Improvement,Approved,Call Center,2023-03-12
APP0000699,CUST0000945,2026-06-18,1372.0,Home Improvement,Rejected,Mobile App,2026-07-05
APP0000700,CUST0000200,2024-01-23,9951.81,Auto,Approved,Online,2024-01-31
APP0000701,CUST0000317,2026-01-16,11453.45,Personal,Rejected,Partner Referral,2026-01-21
APP0000702,CUST0000468,2022-09-29,1508.22,Debt Consolidation,declined,Online,2022-10-18
APP0000703,CUST0000689,2023-05-24,10151.18,Debt Consolidation,Approved,Online,2023-06-12
APP0000704,CUST0000256,2024-01-15,4053.24,Education,Rejected,Online,2024-01-23
APP0000705,CUST0000793,2024-06-19,3044.95,Medical,Approved,Online,2024-06-20
APP0000706,CUST0000236,2022-10-17,16926.85,Wedding,Pending,Mobile App,2026-08-24
APP0000707,CUST0000369,2023-03-19,24787.27,Personal,Approved,Branch,2023-03-30
APP0000708,CUST0000574,2024-10-04,52298.45,Business,Rejected,Call Center,2024-10-06
APP0000709,CUST0000013,2023-01-15,157207.64,Auto,Rejected,Online,2023-01-20
APP0000710,CUST0000768,2025-06-12,17622.35,Business,Approved,Online,2025-06-15
APP0000711,CUST0000669,2024-01-13,19308.05,Education,Approved,Online,2024-02-02
APP0000712,CUST0000835,2026-06-30,70969.67,Auto,Approved,Online,2026-07-08
APP0000713,CUST0000275,2022-11-02,64649.24,Auto,Rejected,Partner Referral,2022-11-10
APP0000714,CUST0000398,2025-11-10,5650.68,Wedding,Approved,Mobile App,2025-11-19
APP0000715,CUST0000899,2024-02-06,27082.24,Education,Approved,Mobile App,2024-02-07
APP0000716,CUST0000067,2022-01-29,16506.81,Medical,Rejected,Mobile App,2022-02-09
APP0000717,CUST0000492,2025-03-04,22375.49,Personal,Approved,Online,2025-03-23
APP0000718,CUST0000484,2022-09-15,21325.93,Auto,Approved,Online,2022-10-02
APP0000719,CUST0000448,2022-05-04,25631.09,Home Improvement,Approved,Branch,2022-05-10
APP0000720,CUST0000434,2024-04-21,24606.23,Wedding,Rejected,Mobile App,2024-04-22
APP0000721,CUST0000748,2025-07-30,15725.23,,Rejected,Online,2025-08-15
APP0000722,CUST0000197,2022-12-08,16766.25,Medical,Rejected,Online,2022-12-25
APP0000723,CUST0000892,2024-10-05,9073.66,Wedding,Rejected,Mobile App,2024-10-24
APP0000724,CUST0000897,2021-09-20,9465.61,Auto,Rejected,Online,2021-10-02
APP0000725,CUST0000180,2022-07-28,16426.72,Business,Approved,Branch,2022-08-07
APP0000726,CUST0000975,2025-06-03,17654.8,Debt Consolidation,Approved,Online,2025-06-19
APP0000727,CUST0000263,2021-09-17,5257.31,Business,Rejected,Branch,2021-10-01
APP0000728,CUST0000052,2023-06-09,20758.69,Home Improvement,APPROVED,Online,2023-06-25
APP0000729,CUST0000399,2024-03-09,26237.03,Home Improvement,Rejected,Call Center,2024-03-15
APP0000730,CUST0000796,2021-12-23,500.0,Personal,Rejected,Mobile App,2022-01-11
APP0000731,CUST0000845,2026-07-16,500.0,Home Improvement,Rejected,Online,2026-07-17
APP0000732,CUST0000646,2024-03-11,37416.41,Medical,Rejected,Mobile App,2024-03-13
APP0000733,CUST0000812,2023-05-05,45418.34,Wedding,Pending,Mobile App,2026-08-24
APP0000734,CUST0000262,2026-07-14,45718.54,Wedding,Rejected,Mobile App,2026-07-26
APP0000735,CUST0000879,2024-06-09,11804.11,Medical,Approved,Call Center,2024-06-21
APP0000736,CUST0000636,2025-01-15,3068.67,Debt Consolidation,Pending,Mobile App,2026-08-24
APP0000737,CUST0000134,2022-02-05,6700.43,Auto,Rejected,Online,2022-02-23
APP0000738,CUST0000129,2022-06-10,7396.57,Education,Rejected,Online,2022-06-25
APP0000739,CUST0000268,2021-11-15,1785.05,Auto,Approved,Online,2021-11-19
APP0000740,CUST0000070,2024-03-21,13149.32,Business,Approved,Branch,2024-03-23
APP0000741,CUST0000283,2025-10-30,8509.69,Wedding,Pending,Partner Referral,2026-08-24
APP0000742,CUST0000994,2026-02-26,14768.52,Education,Approved,Mobile App,2026-03-11
APP0000743,CUST0000241,2024-07-08,15524.9,Education,Approved,Online,2024-07-23
APP0000744,CUST0000637,2021-12-02,3031.69,Education,Approved,Partner Referral,2021-12-18
APP0000745,CUST0000978,2024-10-11,35115.14,Home Improvement,Withdrawn,Mobile App,2024-10-14
APP0000746,CUST0000254,2024-11-01,20112.98,Education,Rejected,Online,2024-11-07
APP0000747,CUST0000697,2024-08-19,11229.74,Wedding,Rejected,Call Center,2024-08-26
APP0000748,CUST0000451,2025-04-03,15326.55,Business,Pending,Online,2026-08-24
APP0000749,CUST0000286,2024-06-07,23739.24,Personal,Rejected,Branch,2024-06-08
APP0000750,CUST0000951,2025-03-02,2978.16,Personal,Pending,Branch,2026-08-24
APP0000751,CUST0000657,2024-01-30,4286.52,Medical,Rejected,Call Center,2024-02-01
APP0000752,CUST0000439,2022-05-26,5516.06,Auto,Rejected,Online,2022-06-06
APP0000753,CUST0000813,2022-01-17,32650.63,Wedding,Rejected,Online,2022-02-05
APP0000754,CUST0000901,2026-03-08,29392.49,Medical,cancelled,Mobile App,2026-03-12
APP0000755,CUST0000782,2023-11-08,32459.21,Business,Approved,Call Center,2023-11-22
APP0000756,CUST0000869,2023-04-05,49401.29,Business,Approved,Online,2023-04-16
APP0000757,CUST0000323,2023-02-11,8513.14,Debt Consolidation,Pending,Online,2026-08-24
APP0000758,CUST0000345,2021-11-27,14744.39,Auto,Rejected,Partner Referral,2021-12-09
APP0000759,CUST0000233,2026-05-16,48628.75,Auto,Rejected,Mobile App,2026-06-02
APP0000760,CUST0000697,2022-01-23,5254.16,Home Improvement,Approved,Online,2022-02-01
APP0000761,CUST0000804,2022-09-28,1670.24,Personal,Pending,Online,2026-08-24
APP0000762,CUST0000661,2023-12-08,1853.86,Wedding,Rejected,Branch,2023-12-22
APP0000763,CUST0000600,2023-06-09,20148.61,Wedding,Withdrawn,Mobile App,2023-06-29
APP0000764,CUST0000772,2021-11-06,734.69,Home Improvement,Approved,Branch,2021-11-15
APP0000765,CUST0000182,2023-04-18,19514.48,Medical,Withdrawn,Mobile App,2023-05-05
APP0000766,CUST0000366,2025-07-18,42662.14,Home Improvement,Rejected,Online,2025-08-05
APP0000767,CUST0000708,2022-11-25,75794.19,Debt Consolidation,Rejected,Mobile App,2022-12-08
APP0000768,CUST0000053,2025-12-22,951.98,Education,Rejected,Online,2026-01-07
APP0000769,CUST0000911,2023-06-13,10664.49,Personal,Rejected,Call Center,2023-06-25
APP0000770,CUST0000172,2021-09-18,6364.19,Debt Consolidation,Rejected,Online,2021-10-05
APP0000771,CUST0000787,2022-03-11,38278.36,Business,Approved,Online,2022-03-18
APP0000772,CUST0000617,2025-09-12,42075.23,Debt Consolidation,Rejected,Online,2025-09-23
APP0000773,CUST0000848,2023-09-04,887.49,Personal,Rejected,Online,2023-09-06
APP0000774,CUST0000776,2026-07-21,21285.07,Debt Consolidation,Approved,Online,2026-07-25
APP0000775,CUST0000516,2025-08-04,23244.01,Medical,Rejected,Mobile App,2025-08-16
APP0000776,CUST0000757,2021-10-19,33114.92,Debt Consolidation,Approved,Call Center,2021-11-03
APP0000777,CUST0000347,2023-03-18,10544.73,Medical,Approved,Branch,2023-03-19
APP0000778,CUST0000584,2025-04-09,31280.34,,Rejected,Branch,2025-04-11
APP0000779,CUST0000916,2021-12-18,16831.29,Education,Approved,Online,2021-12-19
APP0000780,CUST0000085,2026-08-23,7082.37,Personal,Withdrawn,Mobile App,2026-08-24
APP0000781,CUST0000356,2022-06-24,17587.75,Wedding,Withdrawn,Online,2022-07-01
APP0000782,CUST0000018,2025-08-19,34549.33,Auto,Rejected,Online,2025-08-21
APP0000783,CUST0000535,2025-11-06,2622.76,Wedding,Approved,Online,2025-11-22
APP0000784,CUST0000783,2024-03-04,24090.74,Medical,Approved,Online,2024-03-15
APP0000785,CUST0000039,2025-08-31,5384.32,Debt Consolidation,Pending,Branch,2026-08-24
APP0000786,CUST0000550,2026-01-26,10712.78,Education,Approved,Online,2026-02-09
APP0000787,CUST0000416,2025-04-26,11041.43,Business,Pending,Online,2026-08-24
APP0000788,CUST0000783,2025-03-09,5070.55,Auto,Withdrawn,Mobile App,2025-03-18
APP0000789,CUST0000221,2023-08-04,4358.42,Education,Approved,Online,2023-08-23
APP0000790,CUST0000163,2023-02-10,44343.53,Medical,Rejected,Mobile App,2023-02-19
APP0000791,CUST0000095,2025-12-26,28447.25,Home Improvement,Rejected,Online,2025-12-28
APP0000792,CUST0000408,2022-10-08,20471.63,Medical,Rejected,Call Center,2022-10-11
APP0000793,CUST0000488,2023-09-20,4575.69,Medical,Approved,Mobile App,2023-09-22
APP0000794,CUST0000920,2024-03-17,1473.17,Auto,Rejected,Online,2024-03-24
APP0000795,CUST0000466,2023-08-08,13515.58,Wedding,Approved,Call Center,2023-08-16
APP0000796,CUST0000172,2023-07-07,1852.88,Medical,Pending,Online,2026-08-24
APP0000797,CUST0000700,2024-08-23,70980.94,Business,Rejected,Online,2024-09-02
APP0000798,CUST0000062,2023-04-18,14576.67,Debt Consolidation,Rejected,Mobile App,2023-05-06
APP0000799,CUST0000346,2026-08-04,12080.05,Auto,Withdrawn,Mobile App,2026-08-05
APP0000800,CUST0000654,2022-07-15,6715.82,Wedding,Rejected,Online,2022-08-02
APP0000801,CUST0000254,2023-08-05,19368.99,Wedding,Rejected,Online,2023-08-10
APP0000802,CUST0000595,2025-11-15,1788.34,Wedding,APPR,Online,2025-12-05
APP0000803,CUST0000454,2024-01-10,9858.16,Debt Consolidation,Rejected,Branch,2024-01-13
APP0000804,CUST0000953,2025-03-04,7202.14,Personal,Approved,Partner Referral,2025-03-07
APP0000805,CUST0000288,2024-11-18,14687.45,Auto,Withdrawn,Online,2024-11-21
APP0000806,CUST0000907,2023-04-21,1380.87,Debt Consolidation,Approved,Partner Referral,2023-04-27
APP0000807,CUST0000626,2025-05-14,547.31,Debt Consolidation,Approved,Online,2025-06-02
APP0000808,CUST0000750,2022-11-01,19690.22,Personal,Rejected,Mobile App,2022-11-11
APP0000809,CUST0000169,2025-05-25,11608.02,Education,Approved,Call Center,2025-05-29
APP0000810,CUST0000020,2022-04-15,29199.94,Education,Pending,Mobile App,2026-08-24
APP0000811,CUST0000731,2025-02-12,9420.45,Wedding,Approved,Online,2025-02-23
APP0000812,CUST0000481,2022-03-18,,Debt Consolidation,Rejected,Online,2022-04-02
APP0000813,CUST0000309,2025-12-28,28006.45,Debt Consolidation,Rejected,Online,2026-01-12
APP0000814,CUST0000897,2024-10-10,13303.58,Wedding,Rejected,Mobile App,2024-10-26
APP0000815,CUST0000327,2021-11-06,13992.33,Education,Pending,Partner Referral,2026-08-24
APP0000816,CUST0000434,2022-03-11,10375.35,Personal,Approved,Online,2022-03-21
APP0000817,CUST0000725,2022-08-02,,Education,Approved,Online,2022-08-15
APP0000818,CUST0000963,2026-06-13,45910.44,Home Improvement,Rejected,Online,2026-06-25
APP0000819,CUST0000899,2024-08-05,11538.08,Education,Approved,Branch,2024-08-25
APP0000820,CUST0000653,2023-01-16,4599.18,Wedding,Rejected,Branch,2023-02-05
APP0000821,CUST0000111,2023-01-12,7554.84,Debt Consolidation,Approved,Online,2023-01-29
APP0000822,CUST0000110,2021-10-11,25537.7,Home Improvement,Rejected,Mobile App,2021-10-16
APP0000823,CUST0000693,2022-08-31,16560.3,Auto,Pending,Online,2026-08-24
APP0000824,CUST0000510,2025-12-03,22108.82,Medical,Approved,Mobile App,2025-12-20
APP0000825,CUST0000134,2024-08-22,8225.77,Business,Rejected,Branch,2024-08-28
APP0000826,CUST0000696,2023-06-27,1414.72,Home Improvement,Approved,Online,2023-07-12
APP0000827,CUST0000943,2021-10-02,13150.41,Wedding,Rejected,Mobile App,2021-10-07
APP0000828,CUST0000066,2023-05-13,12299.09,Home Improvement,Approved,Mobile App,2023-05-16
APP0000829,CUST0000826,2023-07-25,16715.11,Home Improvement,Rejected,Branch,2023-07-30
APP0000830,CUST0000345,2022-03-29,32272.96,Wedding,Approved,Mobile App,2022-04-17
APP0000831,CUST0000398,2024-09-06,5740.32,Medical,Approved,Branch,2024-09-26
APP0000832,CUST0000718,2024-12-12,,Education,Approved,Online,2024-12-30
APP0000833,CUST0000247,2026-08-21,4520.52,Medical,Approved,Partner Referral,2026-08-24
APP0000834,CUST0000158,2023-06-11,42355.19,Auto,Pending,Partner Referral,2026-08-24
APP0000835,CUST0000964,2023-01-10,67151.0,Education,Approved,Online,2023-01-15
APP0000836,CUST0000349,2025-10-05,57150.11,Personal,Withdrawn,Partner Referral,2025-10-08
APP0000837,CUST0000170,2023-05-26,29151.94,Debt Consolidation,Rejected,Mobile App,2023-06-01
APP0000838,CUST0000690,2024-10-19,1649.44,Wedding,Approved,Online,2024-10-22
APP0000839,CUST0000217,2025-05-02,115549.44,Home Improvement,Rejected,Branch,2025-05-15
APP0000840,CUST0000776,2026-01-17,21561.73,Wedding,Approved,Online,2026-01-31
APP0000841,CUST0000071,2023-03-29,28755.32,Wedding,Pending,Branch,2026-08-24
APP0000842,CUST0000519,2024-10-04,5140.46,Wedding,Approved,Partner Referral,2024-10-07
APP0000843,CUST0000403,2022-04-21,57003.2,Business,Pending,Online,2026-08-24
APP0000844,CUST0000957,2025-07-17,18792.74,Wedding,Approved,Branch,2025-07-20
APP0000845,CUST0000522,2021-11-15,67904.35,Personal,Approved,Online,2021-12-02
APP0000846,CUST0000926,2025-02-16,115860.84,Business,Approved,Branch,2025-02-25
APP0000847,CUST0000249,2022-09-10,99938.07,Wedding,Rejected,Mobile App,2022-09-19
APP0000848,CUST0000474,2023-12-17,16989.15,Auto,Rejected,Online,2023-12-18
APP0000849,CUST0000814,2022-01-11,17578.0,Personal,Withdrawn,Branch,2022-01-26
APP0000850,CUST0000161,2025-02-02,20162.77,Wedding,Rejected,Online,2025-02-17
APP0000851,CUST0000928,2024-01-22,13087.14,Business,Approved,Mobile App,2024-02-07
APP0000852,CUST0000773,2024-12-18,9743.09,Debt Consolidation,Rejected,Mobile App,2024-12-29
APP0000853,CUST0000677,2023-05-21,28793.68,Home Improvement,REJECTED,Mobile App,2023-05-27
APP0000854,CUST0000244,2021-09-06,43807.06,Home Improvement,Rejected,Online,2021-09-08
APP0000855,CUST0000819,2024-07-20,30764.14,Education,Rejected,Branch,2024-07-27
APP0000856,CUST0000843,2025-02-20,16316.98,Medical,Rejected,Mobile App,2025-03-03
APP0000857,CUST0000293,2024-12-20,7530.03,Personal,Approved,Mobile App,2024-12-23
APP0000858,CUST0000588,2022-12-16,62193.95,Auto,Withdrawn,Branch,2022-12-18
APP0000859,CUST0000061,2025-03-25,6434.24,Home Improvement,Approved,Call Center,2025-03-30
APP0000860,CUST0000395,2024-05-10,17179.98,Education,Pending,Online,2026-08-24
APP0000861,CUST0000151,2022-09-12,14595.97,Home Improvement,Approved,Online,2022-09-13
APP0000862,CUST9417967,2022-03-16,8601.54,Wedding,Pending,Partner Referral,2026-08-24
APP0000863,CUST0000549,2023-04-11,18936.69,Debt Consolidation,Pending,Online,2026-08-24
APP0000864,CUST0000533,2021-10-06,59645.6,Medical,Pending,Call Center,2026-08-24
APP0000865,CUST0000678,2025-03-24,847.17,Wedding,Approved,Mobile App,2025-03-26
APP0000866,CUST0000925,2021-09-21,10133.3,Education,Approved,Call Center,2021-09-28
APP0000867,CUST0000197,2021-11-21,10901.4,Personal,Rejected,Branch,2021-11-22
APP0000868,CUST0000215,2022-06-09,33947.7,Medical,Rejected,Mobile App,2022-06-22
APP0000869,CUST0000216,2023-04-12,12737.34,Personal,Rejected,Mobile App,2023-04-17
APP0000870,CUST0000929,2021-09-30,45701.75,Business,Approved,Branch,2021-10-08
APP0000871,CUST0000093,2024-10-18,60939.28,Education,Rejected,Online,2024-11-06
APP0000872,CUST0000032,2022-04-23,14642.34,Debt Consolidation,Approved,Online,2022-05-05
APP0000873,CUST0000161,2025-08-30,20276.66,Wedding,Rejected,Online,2025-09-15
APP0000874,CUST0000770,2024-06-11,14316.3,Debt Consolidation,Approved,Partner Referral,2024-06-18
APP0000875,CUST0000580,2022-01-24,26532.98,Auto,Rejected,Online,2022-02-12
APP0000876,CUST0000920,2023-08-25,10271.18,Business,Rejected,Mobile App,2023-09-09
APP0000877,CUST0000205,2022-05-08,20468.89,Personal,Rejected,Branch,2022-05-19
APP0000878,CUST0000395,2026-07-20,10587.96,Education,Pending,Online,2026-08-24
APP0000879,CUST0000556,2024-08-10,41445.26,Medical,Approved,Partner Referral,2024-08-23
APP0000880,CUST0000074,2025-09-09,14993.52,Medical,Approved,Online,2025-09-13
APP0000881,CUST0000919,2023-07-09,12514.65,Wedding,Rejected,Branch,2023-07-15
APP0000882,CUST0000805,2022-05-20,56788.12,Auto,Rejected,Branch,2022-06-03
APP0000883,CUST0000144,2022-10-27,,Personal,Rejected,Online,2022-11-05
APP0000884,CUST0000843,2023-09-25,8523.62,Debt Consolidation,Approved,Online,2023-10-11
APP0000885,CUST0000449,2025-07-01,11699.59,Business,Rejected,Mobile App,2025-07-12
APP0000886,CUST0000337,2023-10-20,15178.84,Business,Approved,Online,2023-10-22
APP0000887,CUST0000947,2026-04-16,27761.49,Business,Rejected,Mobile App,2026-04-30
APP0000888,CUST0000519,2023-06-17,39930.5,Medical,Rejected,Mobile App,2023-06-30
APP0000889,CUST0000228,2022-10-24,3030.18,Business,Approved,Online,2022-11-01
APP0000890,CUST0000810,2024-02-15,78361.22,Medical,Rejected,Online,2024-03-02
APP0000891,CUST0000716,2022-03-15,19172.17,Education,Rejected,Online,2022-03-23
APP0000892,CUST0000193,2024-12-30,6551.27,Wedding,Rejected,Mobile App,2025-01-02
APP0000893,CUST0000678,2022-02-25,2263.24,Business,Approved,Branch,2022-02-28
APP0000894,CUST0000629,2024-11-07,28417.67,Business,Rejected,Online,2024-11-26
APP0000895,CUST0000276,2023-07-24,65203.7,Wedding,Rejected,Branch,2023-08-01
APP0000896,CUST0000431,2023-06-08,10001.97,Home Improvement,Rejected,Branch,2023-06-17
APP0000897,CUST0000840,2024-09-13,37783.85,Education,Rejected,Mobile App,2024-09-20
APP0000898,CUST0000175,2025-03-04,21368.12,Business,Approved,Online,2025-03-19
APP0000899,CUST0000723,2026-04-17,14029.16,Business,Pending,Online,2026-08-24
APP0000900,CUST0000832,2023-02-04,18451.38,Home Improvement,Approved,Online,2023-02-22
APP0000901,CUST0000937,2025-09-15,64728.33,Personal,Approved,Mobile App,2025-10-03
APP0000902,CUST0000325,2025-10-28,9470.76,Home Improvement,Rejected,Mobile App,2025-11-17
APP0000903,CUST0000267,2026-08-17,66264.07,Medical,Rejected,Online,2026-08-24
APP0000904,CUST0000935,2026-06-20,41423.55,Business,Rejected,Online,2026-07-02
APP0000905,CUST0000463,2025-08-07,46623.59,Auto,Approved,Mobile App,2025-08-14
APP0000906,CUST0000569,2023-02-14,10927.79,Home Improvement,Approved,Online,2023-03-01
APP0000907,CUST0000514,2025-02-13,27805.14,Business,Rejected,Branch,2025-02-28
APP0000908,CUST0000515,2025-07-27,7599.05,Auto,Approved,Branch,2025-08-02
APP0000909,CUST0000625,2023-02-08,44130.92,Personal,Rejected,Online,2023-02-26
APP0000910,CUST0000424,2025-09-18,24527.11,Wedding,Rejected,Branch,2025-09-24
APP0000911,CUST0000393,2025-02-26,7159.32,Auto,Approved,Online,2025-03-18
APP0000912,CUST0000401,2024-02-07,87701.96,Business,Rejected,Branch,2024-02-25
APP0000913,CUST0000657,2025-12-15,3588.96,Home Improvement,Pending,Online,2026-08-24
APP0000914,CUST0000818,2022-02-01,17633.04,Wedding,Pending,Online,2026-08-24
APP0000915,CUST0000556,2025-01-24,66140.12,Home Improvement,Approved,Branch,2025-02-01
APP0000916,CUST0000678,2025-07-30,4608.1,Wedding,Rejected,Online,2025-08-16
APP0000917,CUST0000414,2021-11-06,44491.41,Personal,Pending,Mobile App,2026-08-24
APP0000918,CUST0000774,2023-09-08,8738.77,Auto,Rejected,Mobile App,2023-09-10
APP0000919,CUST0000394,2024-03-26,30110.49,Personal,Approved,Partner Referral,2024-04-12
APP0000920,CUST0000422,2022-09-08,3578.29,Business,Approved,Online,2022-09-13
APP0000921,CUST0000056,2026-01-16,23428.83,Business,Rejected,Online,2026-01-24
APP0000922,CUST0000262,2024-10-12,55320.9,Medical,Rejected,Online,2024-10-16
APP0000923,CUST0000739,2023-01-09,,Home Improvement,Pending,Call Center,2026-08-24
APP0000924,CUST0000087,2023-10-31,36436.92,Business,Pending,Online,2026-08-24
APP0000925,CUST0000224,2022-03-17,14738.08,Debt Consolidation,Approved,Online,2022-03-19
APP0000926,CUST0000777,2022-01-31,13625.57,Auto,Rejected,Mobile App,2022-02-02
APP0000927,CUST0000874,2025-05-18,64453.36,Home Improvement,Approved,Online,2025-06-03
APP0000928,CUST0000416,2026-07-26,6591.09,Debt Consolidation,Appr.,Branch,2026-08-02
APP0000929,CUST0000407,2023-01-12,6719.88,Debt Consolidation,Approved,Branch,2023-01-25
APP0000930,CUST0000510,2022-11-14,48553.08,Debt Consolidation,Pending,Mobile App,2026-08-24
APP0000931,CUST0000771,2025-01-24,58069.26,Wedding,Approved,Mobile App,2025-01-26
APP0000932,CUST0000470,2024-03-15,58875.02,Personal,Rejected,Online,2024-03-31
APP0000933,CUST0000174,2022-05-06,17924.22,Wedding,Rejected,Mobile App,2022-05-09
APP0000934,CUST0000432,2024-12-25,16958.87,Debt Consolidation,Approved,Branch,2025-01-10
APP0000935,CUST0000255,2022-09-12,10573.04,Wedding,Rejected,Online,2022-09-19
APP0000936,CUST0000684,2022-03-23,12820.2,Education,Approved,Call Center,2022-03-26
APP0000937,CUST0000143,2023-12-20,24032.92,Personal,Rejected,Mobile App,2023-12-25
APP0000938,CUST0000609,2025-05-06,5095.98,Personal,Rejected,Call Center,2025-05-14
APP0000939,CUST0000130,2024-04-02,7145.2,Auto,Pending,Mobile App,2026-08-24
APP0000940,CUST0000973,2024-11-20,26508.65,Business,Rejected,Online,2024-12-04
APP0000941,CUST0000641,2022-11-02,6165.21,Business,Pending,Branch,2026-08-24
APP0000942,CUST0000139,2024-02-12,39743.97,Medical,Rejected,Online,2024-02-13
APP0000943,CUST0000959,2025-03-18,21313.41,Medical,Approved,Online,2025-04-07
APP0000944,CUST0000574,2024-04-15,21419.91,Home Improvement,Approved,Online,2024-04-24
APP0000945,CUST0000607,2022-11-05,24628.81,Home Improvement,Withdrawn,Online,2022-11-08
APP0000946,CUST0000064,2026-06-03,25684.03,Wedding,Approved,Online,2026-06-22
APP0000947,CUST0000188,2021-12-25,40270.73,Business,Approved,Mobile App,2022-01-10
APP0000948,CUST0000808,2026-03-15,8663.03,Education,Withdrawn,Online,2026-03-17
APP0000949,CUST0000468,2025-04-09,771.19,Business,Withdrawn,Branch,2025-04-18
APP0000950,CUST0000617,2022-03-17,14484.38,Medical,Approved,Mobile App,2022-04-05
APP0000951,CUST0000988,2022-12-03,39269.5,Home Improvement,Rejected,Mobile App,2022-12-17
APP0000952,CUST0000429,2023-06-29,9290.17,Wedding,Approved,Online,2023-07-03
APP0000953,CUST0000381,2026-06-08,1667.5,Wedding,Rejected,Mobile App,2026-06-23
APP0000954,CUST0000803,2024-03-25,10080.43,Home Improvement,Rejected,Mobile App,2024-03-29
APP0000955,CUST0000067,2022-12-09,9456.98,Personal,Withdrawn,Call Center,2022-12-17
APP0000956,CUST0000456,2026-03-31,6383.5,Medical,Approved,Online,2026-04-04
APP0000957,CUST0000855,2022-03-28,10101.99,Business,Rejected,Online,2022-04-11
APP0000958,CUST0000228,2025-09-24,3554.07,Debt Consolidation,Approved,Mobile App,2025-10-13
APP0000959,CUST0000305,2025-10-19,31338.51,Medical,Rejected,Online,2025-10-20
APP0000960,CUST0000473,2023-07-31,11693.08,Debt Consolidation,Rejected,Mobile App,2023-08-13
APP0000961,CUST0000075,2021-11-11,5331.79,Personal,Rejected,Mobile App,2021-11-16
APP0000962,CUST0000071,2026-01-29,31181.95,Medical,Pending,Mobile App,2026-08-24
APP0000963,CUST0000252,2026-06-26,46130.09,Auto,Rejected,Partner Referral,2026-06-29
APP0000964,CUST0000898,2023-07-16,49857.47,,Rejected,Branch,2023-07-24
APP0000965,CUST0000222,2022-07-30,18637.69,Wedding,Approved,Call Center,2022-08-04
APP0000966,CUST0000731,2023-01-02,39242.7,Auto,Withdrawn,Mobile App,2023-01-20
APP0000967,CUST0000427,2022-05-01,30324.23,Business,Rejected,Online,2022-05-03
APP0000968,CUST0000761,2024-09-11,3830.04,Business,Approved,Mobile App,2024-09-23
APP0000969,CUST0000331,2024-03-28,12749.24,Medical,Rejected,Mobile App,2024-03-31
APP0000970,CUST0000875,2023-06-05,503.4,Personal,Approved,Partner Referral,2023-06-17
APP0000971,CUST0000371,2024-11-25,165478.84,Home Improvement,Rejected,Online,2024-12-11
APP0000972,CUST0000792,2024-10-04,,Wedding,Rejected,Online,2024-10-20
APP0000973,CUST0000832,2021-09-14,36484.59,,Approved,Mobile App,2021-09-15
APP0000974,CUST0000432,2023-09-12,10865.94,Debt Consolidation,Withdrawn,Online,2023-09-28
APP0000975,CUST0000667,2025-12-18,38854.63,Wedding,Pending,Mobile App,2026-08-24
APP0000976,CUST0000119,2025-08-17,29111.8,Personal,Rejected,Branch,2025-08-31
APP0000977,CUST0000497,2025-12-03,8089.6,Personal,Withdrawn,Online,2025-12-23
APP0000978,CUST0000374,2026-06-02,22884.06,Home Improvement,Rejected,Online,2026-06-05
APP0000979,CUST0000955,2021-12-15,24870.49,Personal,Approved,Mobile App,2021-12-23
APP0000980,CUST0000935,2022-12-31,49171.92,Business,Pending,Online,2026-08-24
APP0000981,CUST0000784,2023-12-11,7128.91,Wedding,Rejected,Mobile App,2023-12-14
APP0000982,CUST0000950,2024-03-13,11329.22,Auto,Rejected,Mobile App,2024-03-19
APP0000983,CUST0000976,2025-07-30,48163.15,Wedding,APPROVED,Mobile App,2025-08-10
APP0000984,CUST0000768,2025-04-08,50486.94,Business,rejected,Online,2025-04-28
APP0000985,CUST0000594,2025-03-06,9513.62,Auto,Approved,Online,2025-03-12
APP0000986,CUST0000205,2022-06-10,33972.7,Home Improvement,Withdrawn,Mobile App,2022-06-18
APP0000987,CUST0000816,2025-01-13,42205.33,Wedding,Approved,Online,2025-01-29
APP0000988,CUST0000195,2025-08-17,41982.01,Business,Rejected,Online,2025-08-20
APP0000989,CUST0000186,2025-05-29,18690.41,Debt Consolidation,Approved,Partner Referral,2025-06-05
APP0000990,CUST0000880,2024-07-24,8478.01,Home Improvement,Rejected,Online,2024-07-31
APP0000991,CUST0000115,2022-02-02,1661.8,Personal,Approved,Online,2022-02-11
APP0000992,CUST0000142,2022-05-25,70875.96,Home Improvement,Rejected,Partner Referral,2022-06-06
APP0000993,CUST0000511,2025-05-12,1974.29,Home Improvement,Rejected,Online,2025-05-17
APP0000994,CUST0000585,2025-12-27,103933.56,Education,Approved,Online,2026-01-04
APP0000995,CUST0000046,2025-10-10,4484.67,Personal,Approved,Branch,2025-10-29
APP0000996,CUST0000379,2023-10-13,13776.37,Auto,Approved,Mobile App,2023-10-30
APP0000997,CUST0000226,2024-08-01,48478.73,Business,Rejected,Call Center,2024-08-21
APP0000998,CUST0000303,2022-07-13,5225.47,Business,Pending,Mobile App,2026-08-24
APP0000999,CUST0000181,2024-08-09,16710.45,Education,Approved,Partner Referral,2024-08-21
APP0001000,CUST0000678,2022-08-16,1763.75,Business,Rejected,Online,2022-08-21
APP0001001,CUST0000473,2025-08-15,5279.73,Home Improvement,Approved,Mobile App,2025-08-19
APP0001002,CUST0000960,2025-07-29,30832.55,Education,Pending,Online,2026-08-24
APP0001003,CUST0000009,2021-11-26,15422.43,Debt Consolidation,Withdrawn,Call Center,2021-12-05
APP0001004,CUST0000778,2026-04-29,27479.83,Business,Rejected,Partner Referral,2026-05-15
APP0001005,CUST0000910,2025-08-17,6929.75,Personal,Approved,Online,2025-08-18
APP0001006,CUST0000487,2023-07-16,500.0,Personal,Approved,Mobile App,2023-08-03
APP0001007,CUST0000700,2023-11-26,32134.96,Debt Consolidation,Withdrawn,Mobile App,2023-11-30
APP0001008,CUST0000441,2022-01-15,52025.78,Wedding,Approved,Online,2022-01-23
APP0001009,CUST0000596,2026-04-30,6217.6,Medical,Rejected,Mobile App,2026-05-08
APP0001010,CUST0000908,2022-02-25,16748.64,Debt Consolidation,Pending,Partner Referral,2026-08-24
APP0001011,CUST0000531,2026-04-05,159168.66,Education,Rejected,Online,2026-04-20
APP0001012,CUST0000579,2024-12-02,6579.05,Education,Rejected,Online,2024-12-03
APP0001013,CUST0000987,2026-03-29,29217.33,Medical,Rejected,Partner Referral,2026-04-16
APP0001014,CUST0000497,2023-07-02,,Business,Withdrawn,Online,2023-07-16
APP0001015,CUST0000174,2026-02-15,7782.28,Education,Approved,Branch,2026-02-17
APP0001016,CUST0000683,2023-10-12,32213.26,Home Improvement,Pending,Mobile App,2026-08-24
APP0001017,CUST0000693,2023-05-26,9825.35,Education,Approved,Mobile App,2023-05-27
APP0001018,CUST0000238,2023-05-02,20022.65,Auto,Rejected,Online,2023-05-11
APP0001019,CUST0000729,2026-05-29,10078.89,Debt Consolidation,Pending,Online,2026-08-24
APP0001020,CUST0000064,2023-12-23,8640.05,Auto,Rejected,Mobile App,2023-12-24
APP0001021,CUST0000321,2024-01-15,18296.86,Wedding,Approved,Branch,2024-01-27
APP0001022,CUST0000856,2024-11-12,9049.92,Education,Approved,Mobile App,2024-11-26
APP0001023,CUST0000618,2024-06-04,13873.69,Auto,Pending,Call Center,2026-08-24
APP0001024,CUST0000608,2024-05-09,15493.4,Auto,Rejected,Online,2024-05-16
APP0001025,CUST0000621,2023-07-18,20915.16,Personal,Approved,Call Center,2023-07-29
APP0001026,CUST0000165,2022-06-20,22730.05,Business,Pending,Mobile App,2026-08-24
APP0001027,CUST0000962,2026-08-15,6481.38,Personal,Pending,Partner Referral,2026-08-24
APP0001028,CUST0000299,2024-02-08,24679.47,Education,Pending,Online,2026-08-24
APP0001029,CUST0000787,2026-07-05,50134.51,Wedding,Rejected,Online,2026-07-07
APP0001030,CUST0000990,2023-12-14,8530.43,Business,Withdrawn,Mobile App,2023-12-30
APP0001031,CUST0000241,2024-08-23,18385.08,Medical,Pending,Call Center,2026-08-24
APP0001032,CUST0000635,2024-05-17,14495.56,Auto,Approved,Partner Referral,2024-05-21
APP0001033,CUST0000043,2026-06-23,17311.25,Debt Consolidation,Withdrawn,Online,2026-07-05
APP0001034,CUST0000637,2022-03-15,11998.23,Personal,Rejected,Branch,2022-03-25
APP0001035,CUST0000442,2024-03-26,21048.61,Wedding,Withdrawn,Online,2024-03-29
APP0001036,CUST0000073,2022-06-01,34190.1,Business,Rejected,Mobile App,2022-06-21
APP0001037,CUST0000673,2025-12-27,15008.3,Medical,Rejected,Mobile App,2026-01-15
APP0001038,CUST0000969,2024-04-19,40060.05,Home Improvement,Rejected,Mobile App,2024-05-05
APP0001039,CUST0000084,2026-04-06,54108.24,Business,Approved,Online,2026-04-23
APP0001040,CUST0000893,2023-01-09,3686.76,Home Improvement,Approved,Partner Referral,2023-01-20
APP0001041,CUST0000844,2022-06-18,17429.45,Education,Rejected,Online,2022-07-05
APP0001042,CUST0000548,2024-10-16,16249.55,Auto,Pending,Branch,2026-08-24
APP0001043,CUST0000902,2022-05-18,1363.82,Personal,Approved,Branch,2022-05-22
APP0001044,CUST0000310,2023-07-06,15016.8,Wedding,Approved,Branch,2023-07-10
APP0001045,CUST0000721,2023-03-21,1520.08,Home Improvement,Rejected,Mobile App,2023-04-08
APP0001046,CUST0000699,2022-10-02,27726.71,Auto,Approved,Mobile App,2022-10-11
APP0001047,CUST0000581,2022-04-20,11670.02,Wedding,Approved,Online,2022-05-05
APP0001048,CUST0000834,2024-12-05,1124.8,Debt Consolidation,Approved,Online,2024-12-08
APP0001049,CUST0000877,2025-06-09,13873.34,Education,Rejected,Branch,2025-06-18
APP0001050,CUST0000787,2023-08-14,265851.69,Home Improvement,Rejected,Mobile App,2023-08-16
APP0001051,CUST0000589,2023-01-20,8308.1,Medical,Pending,Branch,2026-08-24
APP0001052,CUST0000978,2022-06-08,30361.79,Debt Consolidation,Approved,Online,2022-06-11
APP0001053,CUST0000556,2025-01-12,19506.33,Home Improvement,Approved,Online,2025-01-17
APP0001054,CUST0000637,2025-09-09,2686.39,Medical,Pending,Mobile App,2026-08-24
APP0001055,CUST0000189,2024-05-21,43479.0,Debt Consolidation,Withdrawn,Branch,2024-05-22
APP0001056,CUST0000322,2023-10-22,2654.55,Personal,Approved,Branch,2023-10-26
APP0001057,CUST0000905,2024-11-20,48426.44,Education,Pending,Branch,2026-08-24
APP0001058,CUST0000498,2026-03-22,,Medical,Rejected,Online,2026-03-25
APP0001059,CUST0000512,2026-08-06,69637.52,Medical,Pending,Online,2026-08-24
APP0001060,CUST0000817,2022-08-13,58473.15,Personal,Rejected,Online,2022-08-31
APP0001061,CUST0000327,2024-01-12,4501.63,Personal,Approved,Mobile App,2024-01-28
APP0001062,CUST0000266,2026-01-11,29442.07,Debt Consolidation,Approved,Online,2026-01-14
APP0001063,CUST0000009,2024-10-23,94942.94,Business,Rejected,Online,2024-10-26
APP0001064,CUST0000232,2025-09-22,37516.09,Medical,Pending,Partner Referral,2026-08-24
APP0001065,CUST0000513,2026-08-17,576.48,Personal,Approved,Online,2026-08-24
APP0001066,CUST0000725,2022-03-02,35159.06,Personal,Approved,Branch,2022-03-11
APP0001067,CUST0000330,2024-09-16,12928.56,Business,Approved,Online,2024-09-26
APP0001068,CUST0000445,2024-04-21,7823.07,Business,Rejected,Online,2024-05-03
APP0001069,CUST0000222,2023-01-26,14366.54,Home Improvement,Pending,Online,2026-08-24
APP0001070,CUST0000817,2024-11-30,36405.32,Personal,Approved,Call Center,2024-12-01
APP0001071,CUST0000525,2022-03-02,18250.33,Business,Rejected,Branch,2022-03-04
APP0001072,CUST0000144,2024-02-15,8939.15,Auto,Rejected,Mobile App,2024-02-16
APP0001073,CUST0000610,2023-09-21,76037.47,Home Improvement,Pending,Partner Referral,2026-08-24
APP0001074,CUST0000336,2023-08-07,8110.62,Education,Rejected,Online,2023-08-24
APP0001075,CUST0000866,2024-09-19,16947.18,Auto,Approved,Mobile App,2024-10-09
APP0001076,CUST0000269,2026-05-14,10063.57,Business,Rejected,Online,2026-05-24
APP0001077,CUST0000865,2026-05-21,14091.86,Medical,Pending,Branch,2026-08-24
APP0001078,CUST0000698,2025-02-24,26434.12,Home Improvement,Pending,Mobile App,2026-08-24
APP0001079,CUST0000136,2023-04-21,23333.99,Medical,Rejected,Online,2023-05-08
APP0001080,CUST0000760,2026-06-23,16410.33,Personal,Approved,Partner Referral,2026-06-30
APP0001081,CUST0000721,2026-08-22,7398.73,Personal,Rejected,Branch,2026-08-24
APP0001082,CUST0000457,2025-11-17,5923.45,Auto,Rejected,Online,2025-11-28
APP0001083,CUST0000161,2026-01-05,,Personal,Approved,Online,2026-01-23
APP0001084,CUST0000479,2025-09-25,50728.17,Debt Consolidation,Withdrawn,Branch,2025-09-28
APP0001085,CUST0000609,2025-06-12,26937.17,Wedding,Approved,Branch,2025-06-30
APP0001086,CUST0000133,2025-04-11,2642.12,Personal,Withdrawn,Online,2025-04-22
APP0001087,CUST0000342,2024-11-02,54232.26,Debt Consolidation,Rejected,Branch,2024-11-11
APP0001088,CUST0000702,2024-11-16,57589.87,Business,Approved,Online,2024-11-27
APP0001089,CUST0000553,2023-08-06,11259.34,Medical,Rejected,Partner Referral,2023-08-13
APP0001090,CUST0000993,2026-01-30,30874.06,Wedding,Rejected,Online,2026-02-12
APP0001091,CUST0000217,2024-10-26,49336.5,Home Improvement,Pending,Branch,2026-08-24
APP0001092,CUST0000778,2024-09-18,25836.59,Wedding,Rejected,Mobile App,2024-10-05
APP0001093,CUST0000426,2025-05-10,4843.59,Personal,Approved,Mobile App,2025-05-30
APP0001094,CUST0000224,2022-01-09,85615.8,Auto,Pending,Call Center,2026-08-24
APP0001095,CUST0000952,2026-03-29,4859.96,Medical,Rejected,Partner Referral,2026-04-14
APP0001096,CUST0000624,2024-07-23,9000.9,Business,Approved,Online,2024-08-10
APP0001097,CUST0000536,2026-05-15,5907.08,Home Improvement,Pending,Online,2026-08-24
APP0001098,CUST0000295,2022-02-28,19450.87,Wedding,Approved,Mobile App,2022-03-10
APP0001099,CUST0000882,2022-10-25,10288.33,Home Improvement,Approved,Online,2022-11-09
APP0001100,CUST0000031,2026-05-24,44755.04,Home Improvement,Rejected,Mobile App,2026-06-03
APP0001101,CUST0000116,2025-02-10,10016.55,Education,Rejected,Online,2025-02-13
APP0001102,CUST0000180,2024-11-17,22971.22,Medical,Rejected,Call Center,2024-12-01
APP0001103,CUST0000654,2023-09-02,7213.6,Debt Consolidation,Withdrawn,Mobile App,2023-09-11
APP0001104,CUST0000103,2024-06-04,2347.81,Wedding,Approved,Branch,2024-06-17
APP0001105,CUST0000798,2024-05-18,30461.47,Home Improvement,Withdrawn,Branch,2024-05-19
APP0001106,CUST0000196,2022-08-21,52241.0,Debt Consolidation,Approved,Partner Referral,2022-08-22
APP0001107,CUST0000677,2024-06-24,4849.84,Education,Approved,Mobile App,2024-07-07
APP0001108,CUST0000796,2024-03-23,2162.21,Wedding,Approved,Mobile App,2024-04-12
APP0001109,CUST0000879,2023-03-19,2852.96,Debt Consolidation,Approved,Mobile App,2023-04-01
APP0001110,CUST0000293,2023-05-12,8111.51,Medical,Approved,Online,2023-05-31
APP0001111,CUST0000075,2025-06-27,2312.63,Wedding,Pending,Online,2026-08-24
APP0001112,CUST0000758,2025-01-09,4600.85,Wedding,Pending,Online,2026-08-24
APP0001113,CUST0000449,2023-12-31,12601.22,Home Improvement,Rejected,Mobile App,2024-01-03
APP0001114,CUST0000949,2024-09-01,13548.96,Education,Approved,Mobile App,2024-09-13
APP0001115,CUST0000189,2022-11-08,24970.33,Personal,Pending,Online,2026-08-24
APP0001116,CUST0000575,2024-02-22,3006.77,Business,Rejected,Partner Referral,2024-03-09
APP0001117,CUST0000120,2024-06-15,29139.13,Business,REJECTED,Online,2024-06-26
APP0001118,CUST0000486,2022-11-29,12252.01,Personal,Rejected,Mobile App,2022-12-18
APP0001119,CUST0000002,2022-06-30,10006.6,Medical,Approved,Branch,2022-07-17
APP0001120,CUST0000751,2024-04-11,41364.85,Debt Consolidation,Rejected,Online,2024-04-23
APP0001121,CUST0000605,2026-05-08,7406.49,Business,Pending,Online,2026-08-24
APP0001122,CUST0000098,2023-12-16,32467.05,Business,Approved,Mobile App,2023-12-17
APP0001123,CUST0000500,2026-02-26,10446.04,Personal,Rejected,Mobile App,2026-03-14
APP0001124,CUST0000429,2025-11-26,10294.9,Wedding,Withdrawn,Online,2025-12-10
APP0001125,CUST0000674,2025-05-15,1998.0,Auto,Approved,Branch,2025-06-02
APP0001126,CUST0000499,2026-02-13,81445.76,Wedding,Rejected,Mobile App,2026-02-15
APP0001127,CUST0000459,2023-09-15,100017.19,Debt Consolidation,Rejected,Online,2023-09-18
APP0001128,CUST0000832,2025-06-11,32398.12,Wedding,Pending,Mobile App,2026-08-24
APP0001129,CUST0000520,2022-05-16,1928.56,Home Improvement,Rejected,Branch,2022-05-26
APP0001130,CUST0000815,2023-03-31,31692.14,Business,Rejected,Call Center,2023-04-12
APP0001131,CUST0000886,2024-06-24,8376.69,Business,Approved,Mobile App,2024-07-03
APP0001132,CUST0000849,2021-11-02,18524.41,Business,Withdrawn,Online,2021-11-15
APP0001133,CUST0000956,2025-06-22,61899.99,Wedding,Pending,Mobile App,2026-08-24
APP0001134,CUST0000698,2026-04-10,14809.6,Education,Rejected,Online,2026-04-14
APP0001135,CUST9764642,2022-03-05,15308.73,Home Improvement,Withdrawn,Partner Referral,2022-03-21
APP0001136,CUST0000531,2026-08-10,60328.52,Education,Rejected,Mobile App,2026-08-20
APP0001137,CUST0000205,2022-02-01,7948.27,Auto,Withdrawn,Online,2022-02-13
APP0001138,CUST0000828,2022-04-13,53881.76,Education,Approved,Mobile App,2022-04-26
APP0001139,CUST0000694,2025-06-17,41475.62,Medical,Approved,Online,2025-07-02
APP0001140,CUST0000874,2025-01-27,8105.17,Debt Consolidation,Pending,Call Center,2026-08-24
APP0001141,CUST0000702,2026-04-30,32230.64,Business,Approved,Partner Referral,2026-05-01
APP0001142,CUST0000481,2023-10-10,15822.7,Debt Consolidation,Rejected,Mobile App,2023-10-14
APP0001143,CUST0000296,2024-07-05,12512.68,Auto,Rejected,Branch,2024-07-25
APP0001144,CUST0000986,2022-05-23,21114.69,Education,Rejected,Mobile App,2022-05-28
APP0001145,CUST0000734,2025-02-08,9097.21,Wedding,declined,Branch,2025-02-13
APP0001146,CUST0000875,2026-08-21,2504.54,Auto,Rejected,Online,2026-08-24
APP0001147,CUST0000586,2024-08-18,21763.61,Auto,Rejected,Call Center,2024-08-23
APP0001148,CUST0000511,2026-04-25,2190.92,Auto,Approved,Online,2026-05-05
APP0001149,CUST0000035,2023-08-13,9851.54,Education,Approved,Online,2023-08-21
APP0001150,CUST0000070,2026-07-24,20461.3,Home Improvement,Rejected,Online,2026-08-07
APP0001151,CUST0000707,2024-04-30,27018.31,Education,Rejected,Partner Referral,2024-05-12
APP0001152,CUST0000225,2022-05-14,9668.01,Personal,Approved,Partner Referral,2022-05-25
APP0001153,CUST0000083,2023-06-18,24322.81,Debt Consolidation,Approved,Online,2023-06-29
APP0001154,CUST0000777,2024-02-09,,Wedding,Rejected,Online,2024-02-26
APP0001155,CUST0000621,2021-12-25,7450.2,Education,Approved,Mobile App,2022-01-06
APP0001156,CUST0000112,2026-02-15,6649.58,Business,Appr.,Branch,2026-02-26
APP0001157,CUST0000500,2022-11-04,2157.6,Education,Approved,Partner Referral,2022-11-22
APP0001158,CUST0000470,2025-01-08,76109.1,Wedding,Rejected,Call Center,2025-01-10
APP0001159,CUST0000004,2026-03-31,10489.0,Business,Approved,Mobile App,2026-04-17
APP0001160,CUST0000605,2023-10-27,5377.73,Wedding,Rejected,Online,2023-10-31
APP0001161,CUST0000397,2024-09-10,2826.38,Auto,Rejected,Mobile App,2024-09-17
APP0001162,CUST0000879,2024-03-25,31214.0,Home Improvement,Rejected,Partner Referral,2024-03-26
APP0001163,CUST0000116,2025-06-20,13726.32,Business,Rejected,Online,2025-07-02
APP0001164,CUST0000848,2021-11-03,1739.45,Home Improvement,Withdrawn,Call Center,2021-11-20
APP0001165,CUST0000007,2023-06-12,20404.01,Debt Consolidation,Rejected,Online,2023-06-20
APP0001166,CUST0000765,2024-09-14,23873.45,Home Improvement,Approved,Partner Referral,2024-09-28
APP0001167,CUST0000783,2022-02-07,27922.74,Auto,Approved,Mobile App,2022-02-15
APP0001168,CUST0000408,2025-12-11,5712.69,Debt Consolidation,Approved,Online,2025-12-27
APP0001169,CUST0000281,2024-10-22,18637.19,Business,Approved,Branch,2024-11-11
APP0001170,CUST0000143,2021-08-30,9804.74,Education,Approved,Online,2021-09-14
APP0001171,CUST0000340,2021-09-16,16800.29,Home Improvement,Approved,Online,2021-09-23
APP0001172,CUST0000670,2022-06-13,53820.19,Auto,Rejected,Call Center,2022-06-30
APP0001173,CUST0000725,2024-12-19,12386.82,Wedding,Rejected,Online,2024-12-20
APP0001174,CUST0000182,2024-03-27,10093.69,Wedding,Approved,Partner Referral,2024-04-16
APP0001175,CUST0000012,2024-01-22,3362.8,Debt Consolidation,Rejected,Online,2024-02-08
APP0001176,CUST0000562,2024-06-14,43324.04,Education,Approved,Mobile App,2024-06-28
APP0001177,CUST0000581,2024-02-14,22733.52,Auto,Rejected,Partner Referral,2024-02-27
APP0001178,CUST0000981,2023-05-13,5068.5,Auto,Rejected,Mobile App,2023-05-19
APP0001179,CUST0000762,2021-09-07,1604.88,Education,Approved,Call Center,2021-09-16
APP0001180,CUST0000551,2021-10-15,31931.9,Wedding,Approved,Partner Referral,2021-10-18
APP0001181,CUST0000592,2025-02-03,16543.86,Education,Withdrawn,Mobile App,2025-02-10
APP0001182,CUST0000646,2025-05-13,12016.55,Wedding,Rejected,Mobile App,2025-05-25
APP0001183,CUST0000452,2022-11-05,21067.02,Personal,Rejected,Online,2022-11-13
APP0001184,CUST0000678,2022-11-11,8860.63,Personal,Approved,Branch,2022-11-27
APP0001185,CUST0000196,2023-09-08,44553.27,Personal,approved,Online,2023-09-26
APP0001186,CUST0000831,2024-11-13,13075.52,Personal,APPR,Mobile App,2024-11-25
APP0001187,CUST0000862,2024-08-12,14068.02,Auto,Withdrawn,Mobile App,2024-08-19
APP0001188,CUST0000435,2024-06-11,11127.8,Wedding,Approved,Mobile App,2024-06-18
APP0001189,CUST0000457,2021-10-31,10898.17,Wedding,Approved,Partner Referral,2021-11-11
APP0001190,CUST0000498,2023-10-20,84055.97,Education,Withdrawn,Online,2023-11-04
APP0001191,CUST0000818,2025-05-30,16917.27,Business,Rejected,Partner Referral,2025-06-02
APP0001192,CUST0000176,2024-08-06,1201.89,,Approved,Online,2024-08-15
APP0001193,CUST0000342,2025-09-06,36024.25,Home Improvement,Rejected,Online,2025-09-15
APP0001194,CUST0000615,2025-02-14,37420.85,Debt Consolidation,Rejected,Mobile App,2025-02-20
APP0001195,CUST0000694,2026-02-22,70464.89,Wedding,Withdrawn,Online,2026-02-27
APP0001196,CUST0000296,2024-07-04,23592.66,Education,Approved,Mobile App,2024-07-21
APP0001197,CUST0000118,2024-06-29,35638.13,Business,Rejected,Mobile App,2024-07-08
APP0001198,CUST0000508,2024-06-08,28284.43,Education,Approved,Mobile App,2024-06-20
APP0001199,CUST0000639,2022-12-21,3938.56,Education,Pending,Online,2026-08-24
APP0001200,CUST0000767,2023-10-30,9863.04,Debt Consolidation,Pending,Online,2026-08-24
APP0001201,CUST0000003,2022-06-29,7083.26,Auto,Pending,Online,2026-08-24
APP0001202,CUST0000018,2023-10-19,30265.4,Debt Consolidation,Pending,Branch,2026-08-24
APP0001203,CUST0000387,2022-05-25,9710.63,Medical,Rejected,Online,2022-06-11
APP0001204,CUST0000564,2024-02-07,1273.18,Debt Consolidation,Approved,Online,2024-02-19
APP0001205,CUST0000004,2026-06-02,32726.87,Personal,Approved,Mobile App,2026-06-21
APP0001206,CUST0000174,2023-11-28,78370.0,Auto,Rejected,Partner Referral,2023-12-07
APP0001207,CUST0000419,2025-05-04,1794.45,Business,Rejected,Mobile App,2025-05-20
APP0001208,CUST0000280,2023-11-04,7022.97,Debt Consolidation,Approved,Online,2023-11-08
APP0001209,CUST0000711,2026-03-06,20784.27,Debt Consolidation,Rejected,Branch,2026-03-23
APP0001210,CUST0000035,2022-09-13,39854.86,Medical,Rejected,Online,2022-09-26
APP0001211,CUST0000889,2025-10-26,19113.5,Personal,Withdrawn,Online,2025-10-27
APP0001212,CUST0000170,2025-04-09,3764.58,Personal,Approved,Branch,2025-04-23
APP0001213,CUST0000441,2026-02-02,17433.57,Education,Rejected,Partner Referral,2026-02-12
APP0001214,CUST0000987,2022-04-24,109608.95,,Rejected,Mobile App,2022-04-25
APP0001215,CUST0000663,2026-02-13,20344.65,Business,Withdrawn,Online,2026-03-02
APP0001216,CUST0000999,2026-03-11,11805.06,Business,Rejected,Mobile App,2026-03-22
APP0001217,CUST0000020,2023-02-16,39164.39,Business,Approved,Partner Referral,2023-03-01
APP0001218,CUST0000720,2024-10-08,19046.61,Debt Consolidation,Approved,Online,2024-10-20
APP0001219,CUST0000076,2024-07-31,1199.73,Medical,Withdrawn,Mobile App,2024-08-02
APP0001220,CUST0000612,2021-11-22,3294.53,Personal,Rejected,Online,2021-11-29
APP0001221,CUST0000326,2024-04-10,10317.87,Medical,Pending,Online,2026-08-24
APP0001222,CUST0000778,2024-12-10,43427.75,Home Improvement,Rejected,Call Center,2024-12-17
APP0001223,CUST0000125,2022-09-03,31986.99,Business,Rejected,Online,2022-09-21
APP0001224,CUST0000897,2023-06-16,4208.58,Auto,Rejected,Mobile App,2023-06-23
APP0001225,CUST0000481,2024-07-28,9906.37,Education,Withdrawn,Online,2024-08-07
APP0001226,CUST0000520,2026-04-18,964.78,Education,Pending,Mobile App,2026-08-24
APP0001227,CUST0000572,2021-12-13,33959.26,Business,Rejected,Mobile App,2021-12-14
APP0001228,CUST0000036,2026-04-30,,Wedding,Approved,Call Center,2026-05-17
APP0001229,CUST0000311,2025-09-23,11484.24,Business,Approved,Mobile App,2025-09-26
APP0001230,CUST0000710,2025-11-16,,Wedding,Approved,Mobile App,2025-11-26
APP0001231,CUST0000961,2021-11-19,14862.66,Debt Consolidation,Pending,Online,2026-08-24
APP0001232,CUST0000985,2024-06-26,6476.16,Personal,Pending,Online,2026-08-24
APP0001233,CUST0000536,2023-06-29,24448.27,Medical,Rejected,Mobile App,2023-07-04
APP0001234,CUST0000259,2026-03-30,42075.72,Business,Approved,Branch,2026-04-07
APP0001235,CUST0000478,2025-05-08,22856.86,Debt Consolidation,Rejected,Online,2025-05-20
APP0001236,CUST0000464,2024-11-23,13675.82,Education,Pending,Partner Referral,2026-08-24
APP0001237,CUST0000398,2021-10-14,553.09,Debt Consolidation,Rejected,Online,2021-10-20
APP0001238,CUST0000362,2026-01-08,60680.69,Business,Approved,Online,2026-01-19
APP0001239,CUST0000869,2024-02-05,16874.28,Home Improvement,Approved,Call Center,2024-02-22
APP0001240,CUST0000391,2022-06-13,2374.82,Home Improvement,Rejected,Branch,2022-06-29
APP0001241,CUST0000030,2026-01-07,46011.19,Debt Consolidation,Rejected,Mobile App,2026-01-24
APP0001242,CUST0000722,2026-03-03,30667.96,Auto,Rejected,Online,2026-03-21
APP0001243,CUST0000666,2024-02-17,24656.11,Wedding,Pending,Online,2026-08-24
APP0001244,CUST0000379,2024-12-15,,Wedding,Approved,Mobile App,2024-12-26
APP0001245,CUST0000630,2024-09-12,10364.95,,Approved,Online,2024-10-02
APP0001246,CUST0000942,2023-03-01,8430.44,Wedding,Rejected,Mobile App,2023-03-11
APP0001247,CUST0000925,2025-05-22,33494.7,Education,Approved,Online,2025-06-06
APP0001248,CUST0000790,2026-08-21,45584.28,Auto,Rejected,Online,2026-08-24
APP0001249,CUST0000584,2026-04-26,30159.7,Wedding,Approved,Online,2026-04-27
APP0001250,CUST0000028,2025-01-30,9505.34,Home Improvement,Approved,Online,2025-02-18
APP0001251,CUST0000513,2023-06-13,6875.26,Home Improvement,Rejected,Online,2023-06-30
APP0001252,CUST0000819,2026-03-10,17936.59,Home Improvement,Approved,Mobile App,2026-03-30
APP0001253,CUST0000845,2026-04-14,5606.46,Home Improvement,DECL,Branch,2026-04-30
APP0001254,CUST0000773,2021-09-04,4559.17,Medical,Approved,Online,2021-09-08
APP0001255,CUST0000987,2023-05-04,51071.49,Home Improvement,Approved,Branch,2023-05-11
APP0001256,CUST0000517,2024-05-29,34887.57,Home Improvement,Approved,Online,2024-05-30
APP0001257,CUST0000110,2024-07-15,30181.31,Auto,Approved,Branch,2024-07-28
APP0001258,CUST0000497,2025-03-18,3937.49,Business,Approved,Call Center,2025-03-27
APP0001259,CUST0000319,2024-03-19,45268.5,Personal,Pending,Mobile App,2026-08-24
APP0001260,CUST0000836,2021-09-19,,Debt Consolidation,Pending,Mobile App,2026-08-24
APP0001261,CUST0000778,2022-06-23,77337.15,Business,Approved,Online,2022-07-10
APP0001262,CUST0000425,2025-06-17,2936.87,Debt Consolidation,Approved,Online,2025-06-19
APP0001263,CUST0000389,2025-02-11,10665.65,Wedding,Approved,Mobile App,2025-03-02
APP0001264,CUST0000160,2024-11-26,5497.02,Auto,Pending,Branch,2026-08-24
APP0001265,CUST0000044,2023-11-08,42926.81,Personal,Approved,Mobile App,2023-11-24
APP0001266,CUST0000313,2023-01-08,12545.71,Personal,Approved,Partner Referral,2023-01-20
APP0001267,CUST0000242,2023-03-10,8609.5,Auto,Pending,Online,2026-08-24
APP0001268,CUST0000266,2025-02-03,5143.25,Auto,Pending,Mobile App,2026-08-24
APP0001269,CUST0000999,2024-03-02,14491.63,Auto,Rejected,Branch,2024-02-02
APP0001270,CUST0000682,2022-04-21,20826.41,Medical,Approved,Online,2022-05-06
APP0001271,CUST0000552,2023-08-24,1075.56,Medical,Approved,Online,2023-08-31
APP0001272,CUST0000179,2025-10-07,12972.38,Business,Approved,Mobile App,2025-10-12
APP0001273,CUST0000842,2024-08-22,38614.6,Medical,Rejected,Online,2024-08-23
APP0001274,CUST0000645,2025-12-23,21157.04,Personal,Rejected,Mobile App,2026-01-09
APP0001275,CUST0000515,2024-03-10,3249.04,Medical,Approved,Mobile App,2024-03-18
APP0001276,CUST0000466,2024-01-28,10973.94,Auto,Pending,Branch,2026-08-24
APP0001277,CUST0000553,2026-05-24,17442.21,Auto,Rejected,Branch,2026-06-01
APP0001278,CUST0000840,2024-03-08,33101.61,Business,Rejected,Mobile App,2024-03-20
APP0001279,CUST0000721,2022-04-28,10381.61,Home Improvement,Approved,Branch,2022-05-08
APP0001280,CUST0000485,2023-08-29,31549.25,Auto,Rejected,Call Center,2023-09-09
APP0001281,CUST0000668,2024-11-19,9155.05,Auto,Approved,Online,2024-11-25
APP0001282,CUST0000930,2023-05-17,44785.98,Business,Rejected,Partner Referral,2023-05-23
APP0001283,CUST0000327,2023-09-13,6173.94,Home Improvement,Approved,Online,2023-10-01
APP0001284,CUST0000901,2026-01-04,18433.41,Medical,Approved,Online,2026-01-13
APP0001285,CUST0000607,2023-10-28,12723.93,Business,Pending,Mobile App,2026-08-24
APP0001286,CUST0000186,2023-03-04,5636.3,Wedding,Rejected,Online,2023-03-21
APP0001287,CUST0000967,2022-03-09,13980.38,Medical,Rejected,Online,2022-03-24
APP0001288,CUST0000687,2023-08-30,18259.16,Wedding,Rejected,Online,2023-09-10
APP0001289,CUST0000386,2025-06-24,15263.42,Education,Rejected,Mobile App,2025-07-11
APP0001290,CUST0000215,2023-02-23,7285.68,Personal,Rejected,Branch,2023-02-25
APP0001291,CUST0000916,2024-01-01,17949.73,Home Improvement,Approved,Online,2024-01-11
APP0001292,CUST0000824,2024-12-06,6761.11,Wedding,Approved,Branch,2024-12-21
APP0001293,CUST0000045,2026-04-15,3785.15,Auto,Approved,Online,2026-04-18
APP0001294,CUST0000636,2025-09-19,15132.02,,Approved,Partner Referral,2025-09-23
APP0001295,CUST0000115,2023-01-29,2994.11,Debt Consolidation,Approved,Online,2023-01-31
APP0001296,CUST0000295,2022-06-21,7881.9,Business,Rejected,Branch,2022-05-25
APP0001297,CUST0000569,2024-12-31,17371.63,Business,Approved,Branch,2025-01-11
APP0001298,CUST0000250,2022-12-03,9875.47,Home Improvement,Rejected,Branch,2022-12-13
APP0001299,CUST0000513,2023-08-11,533.57,Wedding,declined,Partner Referral,2023-08-13
APP0001300,CUST0000430,2022-03-03,31808.17,Auto,Rejected,Online,2022-03-13
APP0001301,CUST0000582,2025-07-09,38382.67,Education,Pending,Mobile App,2026-08-24
APP0001302,CUST0000801,2022-06-13,9137.01,Education,Approved,Branch,2022-06-14
APP0001303,CUST0000156,2023-07-21,56242.84,Education,Approved,Mobile App,2023-08-06
APP0001304,CUST0000797,2023-09-06,11725.96,Business,Approved,Online,2023-09-12
APP0001305,CUST0000223,2021-11-10,5839.83,Wedding,Rejected,Online,2021-11-12
APP0001306,CUST0000034,2025-07-11,82769.46,Business,Approved,Online,2025-07-13
APP0001307,CUST0000447,2024-09-27,1708.15,Wedding,Pending,Online,2026-08-24
APP0001308,CUST0000303,2024-05-09,5659.21,Personal,Approved,Partner Referral,2024-05-18
APP0001309,CUST0000185,2022-07-15,36587.41,Auto,Rejected,Mobile App,2022-07-25
APP0001310,CUST0000423,2021-11-30,42673.93,Education,Rejected,Online,2021-12-13
APP0001311,CUST0000869,2021-12-04,50090.57,Home Improvement,Approved,Branch,2021-12-06
APP0001312,CUST0000586,2024-10-09,17480.99,Wedding,Rejected,Mobile App,2024-10-23
APP0001313,CUST0000728,2025-05-21,70786.13,Wedding,Rejected,Online,2025-06-05
APP0001314,CUST0000150,2025-08-16,3473.85,Wedding,Rejected,Branch,2025-08-18
APP0001315,CUST0000076,2025-08-25,3452.9,Business,Rejected,Mobile App,2025-09-08
APP0001316,CUST0000336,2023-08-13,3129.12,Personal,Rejected,Online,2023-08-16
APP0001317,CUST0000775,2021-08-27,12833.56,Personal,Rejected,Branch,2021-09-05
APP0001318,CUST0000886,2022-11-15,21662.4,Home Improvement,Rejected,Online,2022-11-29
APP0001319,CUST0000102,2025-08-01,32788.63,Auto,Rejected,Online,2025-08-19
APP0001320,CUST0000477,2025-06-19,16312.05,Education,Approved,Mobile App,2025-06-30
APP0001321,CUST0000397,2024-03-08,30606.21,Medical,Approved,Mobile App,2024-03-17
APP0001322,CUST0000745,2021-10-07,16177.42,Business,Rejected,Partner Referral,2021-10-24
APP0001323,CUST0000206,2025-07-13,72394.59,Business,Approved,Online,2025-07-18
APP0001324,CUST0000485,2025-09-22,5580.85,Wedding,Withdrawn,Mobile App,2025-09-27
APP0001325,CUST0000850,2022-10-13,20376.72,Personal,Approved,Partner Referral,2022-10-23
APP0001326,CUST0000465,2025-09-01,9613.94,Debt Consolidation,Approved,Mobile App,2025-09-04
APP0001327,CUST0000782,2024-11-05,7228.78,Auto,Approved,Partner Referral,2024-11-06
APP0001328,CUST0000622,2026-02-01,31315.92,Auto,Approved,Partner Referral,2026-02-09
APP0001329,CUST0000598,2024-10-11,41641.42,Business,Approved,Mobile App,2024-10-15
APP0001330,CUST0000260,2022-02-04,25429.5,Auto,Rejected,Partner Referral,2022-02-17
APP0001331,CUST0000993,2024-11-18,17732.45,Wedding,Approved,Mobile App,2024-11-29
APP0001332,CUST0000250,2022-03-09,9449.76,Auto,Approved,Branch,2022-03-19
APP0001333,CUST0000931,2022-12-10,3172.99,Medical,Approved,Call Center,2022-12-20
APP0001334,CUST0000990,2026-01-04,35742.97,Personal,Rejected,Mobile App,2026-01-06
APP0001335,CUST0000512,2026-06-27,12958.27,Auto,Withdrawn,Online,2026-07-06
APP0001336,CUST0000869,2024-01-09,11621.28,Debt Consolidation,Approved,Online,2024-01-11
APP0001337,CUST0000716,2023-02-07,22271.56,Auto,Rejected,Online,2023-02-15
APP0001338,CUST0000738,2023-08-11,3422.34,Auto,Rejected,Call Center,2023-08-25
APP0001339,CUST0000069,2022-11-10,49043.06,Education,Rejected,Online,2022-11-30
APP0001340,CUST0000138,2024-07-06,2736.82,Business,Pending,Online,2026-08-24
APP0001341,CUST0000070,2023-10-03,9246.44,Education,Approved,Branch,2023-10-09
APP0001342,CUST0000031,2021-12-09,236758.36,Medical,Pending,Online,2026-08-24
APP0001343,CUST0000836,2024-09-11,8798.1,Education,Rejected,Partner Referral,2024-09-30
APP0001344,CUST0000176,2024-11-12,2583.31,Home Improvement,Rejected,Branch,2024-11-18
APP0001345,CUST0000007,2024-12-24,104865.72,Home Improvement,Pending,Online,2026-08-24
APP0001346,CUST0000938,2026-05-16,43465.62,Education,Rejected,Online,2026-05-23
APP0001347,CUST0000279,2025-03-02,5260.92,Personal,Withdrawn,Mobile App,2025-03-15
APP0001348,CUST0000817,2025-01-09,102216.96,Education,Pending,Mobile App,2026-08-24
APP0001349,CUST0000961,2022-09-15,43946.26,Debt Consolidation,Approved,Branch,2022-09-21
APP0001350,CUST0000524,2023-12-21,39283.22,Wedding,Rejected,Online,2024-01-10
APP0001351,CUST0000927,2023-10-27,7718.26,Auto,Pending,Call Center,2026-08-24
APP0001352,CUST0000969,2026-06-14,19252.61,Business,Approved,Mobile App,2026-06-15
APP0001353,CUST0000145,2024-01-08,14590.26,Wedding,Rejected,Mobile App,2024-01-24
APP0001354,CUST0000147,2025-02-02,4684.79,Wedding,Approved,Branch,2025-02-05
APP0001355,CUST0000370,2024-05-08,10671.96,Debt Consolidation,Approved,Partner Referral,2024-05-11
APP0001356,CUST0000560,2021-12-07,5081.05,Home Improvement,Rejected,Mobile App,2021-12-24
APP0001357,CUST0000787,2026-04-29,52130.3,Business,Rejected,Branch,2026-05-06
APP0001358,CUST0000184,2024-12-30,26075.18,Personal,Rejected,Partner Referral,2025-01-02
APP0001359,CUST0000194,2022-10-19,16680.43,Personal,Rejected,Call Center,2022-11-08
APP0001360,CUST0000307,2021-12-12,25624.95,Education,Approved,Mobile App,2021-12-07
APP0001361,CUST0000272,2026-05-01,19342.34,Home Improvement,Rejected,Mobile App,2026-05-14
APP0001362,CUST0000941,2023-03-09,48877.88,Business,Approved,Branch,2023-03-15
APP0001363,CUST0000396,2021-09-25,2670.26,Business,Approved,Branch,2021-10-07
APP0001364,CUST0000869,2024-09-22,52929.91,Medical,Rejected,Online,2024-10-06
APP0001365,CUST0000056,2021-09-23,31634.62,Business,Rejected,Branch,2021-10-09
APP0001366,CUST0000102,2022-09-22,23110.14,Home Improvement,Approved,Online,2022-10-01
APP0001367,CUST0000804,2026-02-11,781.49,Personal,Approved,Online,2026-02-24
APP0001368,CUST0000250,2021-11-02,9586.21,Debt Consolidation,Rejected,Partner Referral,2021-11-19
APP0001369,CUST0000083,2025-05-29,14025.3,Personal,Approved,Online,2025-06-15
APP0001370,CUST0000595,2024-09-26,5143.0,Personal,Withdrawn,Mobile App,2024-10-11
APP0001371,CUST0000148,2023-03-06,2177.31,Business,Approved,Online,2023-03-14
APP0001372,CUST0000062,2023-01-28,4143.56,Personal,Approved,Online,2023-02-08
APP0001373,CUST0000407,2024-01-09,19925.9,Wedding,Pending,Online,2026-08-24
APP0001374,CUST0000551,2024-04-24,37818.7,Home Improvement,Rejected,Branch,2024-04-29
APP0001375,CUST0000528,2026-02-05,59126.68,Education,Rejected,Branch,2026-02-19
APP0001376,CUST0000585,2022-12-14,24475.68,Business,Rejected,Online,2022-12-30
APP0001377,CUST0000024,2024-08-06,5787.71,Wedding,Approved,Mobile App,2024-08-16
APP0001378,CUST0000291,2025-01-29,48960.56,Business,Rejected,Branch,2025-02-16
APP0001379,CUST0000344,2021-09-17,76054.04,Education,Rejected,Online,2021-09-26
APP0001380,CUST0000294,2026-02-15,3275.45,Education,Rejected,Online,2026-03-04
APP0001381,CUST0000560,2026-08-10,8117.91,Home Improvement,Approved,Online,2026-08-23
APP0001382,CUST0000230,2022-01-30,131069.98,Auto,Rejected,Online,2022-02-01
APP0001383,CUST0000632,2022-12-16,87995.33,Medical,Approved,Online,2023-01-02
APP0001384,CUST0000936,2025-07-30,7663.72,Wedding,Rejected,Mobile App,2025-08-13
APP0001385,CUST0000661,2025-09-10,4265.32,Personal,Approved,Mobile App,2025-09-15
APP0001386,CUST0000389,2022-06-06,12837.66,Business,Withdrawn,Call Center,2022-06-21
APP0001387,CUST0000435,2026-03-27,19207.18,Debt Consolidation,Approved,Mobile App,2026-04-07
APP0001388,CUST0000586,2023-04-18,8485.6,Business,Rejected,Branch,2023-05-07
APP0001389,CUST0000724,2023-02-12,38351.9,Medical,Approved,Online,2023-02-19
APP0001390,CUST0000302,2023-06-08,17214.04,Business,Rejected,Online,2023-06-14
APP0001391,CUST0000039,2025-01-02,16854.97,Medical,Pending,Mobile App,2026-08-24
APP0001392,CUST0000703,2022-09-05,21219.44,Business,Rejected,Online,2022-09-21
APP0001393,CUST0000662,2024-05-12,1622.5,Home Improvement,Approved,Online,2024-06-01
APP0001394,CUST0000102,2022-01-09,2090.51,Home Improvement,Rejected,Partner Referral,2022-01-23
APP0001395,CUST0000627,2022-05-20,2976.61,Home Improvement,Approved,Online,2022-05-28
APP0001396,CUST0000072,2025-06-28,22950.75,Wedding,Rejected,Online,2025-07-16
APP0001397,CUST0000644,2023-07-26,15210.1,Debt Consolidation,Rejected,Partner Referral,2023-08-01
APP0001398,CUST0000745,2025-08-13,5455.02,Auto,Approved,Online,2025-08-27
APP0001399,CUST0000016,2025-05-03,29965.22,Auto,Rejected,Online,2025-05-15
APP0001400,CUST0000727,2026-08-19,79486.44,Personal,Rejected,Online,2026-08-24
APP0001401,CUST0000121,2022-05-03,9576.04,Auto,Approved,Online,2022-05-23
APP0001402,CUST0000266,2026-04-27,5410.24,Wedding,Approved,Partner Referral,2026-05-05
APP0001403,CUST0000705,2026-02-08,133015.47,Wedding,Rejected,Mobile App,2026-02-10
APP0001404,CUST0000356,2023-10-27,40857.65,Business,Rejected,Branch,2023-10-31
APP0001405,CUST0000978,2022-04-29,83385.78,Auto,Rejected,Online,2022-05-14
APP0001406,CUST0000958,2022-04-25,32506.58,Education,Rejected,Online,2022-05-03
APP0001407,CUST0000987,2024-03-14,24585.6,Business,Approved,Mobile App,2024-03-17
APP0001408,CUST0000105,2021-09-13,76008.11,Debt Consolidation,Approved,Online,2021-09-30
APP0001409,CUST0000177,2022-02-15,7568.4,Personal,Approved,Online,2022-02-28
APP0001410,CUST0000184,2024-04-21,21788.19,Medical,Approved,Mobile App,2024-04-24
APP0001411,CUST0000586,2024-06-18,17163.11,Personal,Approved,Call Center,2024-07-03
APP0001412,CUST0000431,2025-12-13,8452.13,Education,Approved,Call Center,2025-12-26
APP0001413,CUST0000746,2026-07-09,30377.99,Personal,rejected,Mobile App,2026-07-29
APP0001414,CUST0000283,2022-12-27,12740.26,Debt Consolidation,Rejected,Branch,2023-01-16
APP0001415,CUST0000200,2023-04-20,11374.81,Debt Consolidation,Approved,Mobile App,2023-05-10
APP0001416,CUST0000650,2022-08-23,30338.72,Debt Consolidation,rejected,Call Center,2022-09-10
APP0001417,CUST0000618,2022-10-09,126138.24,Personal,Approved,Online,2022-10-25
APP0001418,CUST0000691,2023-11-04,70665.04,Wedding,Rejected,Online,2023-11-18
APP0001419,CUST0000313,2026-08-12,1502.88,Wedding,Withdrawn,Online,2026-08-23
APP0001420,CUST0000527,2026-02-11,8492.46,Auto,Rejected,Partner Referral,2026-02-27
APP0001421,CUST0000929,2026-03-19,60986.26,Auto,Approved,Call Center,2026-04-08
APP0001422,CUST0000612,2023-11-27,23500.64,,Rejected,Mobile App,2023-11-30
APP0001423,CUST0000933,2024-12-07,61116.19,Personal,Rejected,Online,2024-12-10
APP0001424,CUST0000434,2025-04-05,21345.51,Auto,Approved,Partner Referral,2025-04-15
APP0001425,CUST0000045,2022-11-11,12613.93,Education,Withdrawn,Online,2022-11-17
APP0001426,CUST0000761,2023-12-17,9319.55,Business,Rejected,Online,2023-12-28
APP0001427,CUST0000461,2024-05-25,38169.6,Auto,Approved,Mobile App,2024-06-01
APP0001428,CUST0000043,2023-07-07,16697.73,Medical,Rejected,Mobile App,2023-07-23
APP0001429,CUST0000139,2024-01-05,76687.5,Business,Rejected,Call Center,2024-01-23
APP0001430,CUST0000313,2023-11-08,4853.19,Personal,Rejected,Online,2023-11-14
APP0001431,CUST0000191,2021-12-14,8143.89,Home Improvement,Withdrawn,Online,2021-12-30
APP0001432,CUST0000685,2025-06-28,23814.24,Education,Pending,Branch,2026-08-24
APP0001433,CUST0000612,2026-02-24,11355.09,Home Improvement,Approved,Online,2026-03-12
APP0001434,CUST0000330,2025-06-02,40160.8,Debt Consolidation,Approved,Call Center,2025-06-16
APP0001435,CUST0000085,2026-04-25,,Business,Approved,Online,2026-05-10
APP0001436,CUST0000079,2023-10-22,18467.0,Medical,Rejected,Online,2023-11-01
APP0001437,CUST0000946,2021-12-04,18176.81,Auto,Rejected,Online,2021-12-07
APP0001438,CUST0000346,2022-12-26,40978.36,Debt Consolidation,Approved,Mobile App,2023-01-12
APP0001439,CUST0000108,2025-12-01,9649.7,Wedding,Withdrawn,Call Center,2025-12-04
APP0001440,CUST0000712,2022-05-06,40272.51,Personal,Approved,Online,2022-05-16
APP0001441,CUST0000870,2024-05-20,32310.43,Wedding,Rejected,Online,2024-05-24
APP0001442,CUST0000122,2021-08-27,8150.48,Debt Consolidation,Pending,Partner Referral,2026-08-24
APP0001443,CUST0000945,2023-04-08,2732.28,Debt Consolidation,Approved,Branch,2023-04-20
APP0001444,CUST0000725,2022-03-19,12480.57,Home Improvement,Approved,Online,2022-03-30
APP0001445,CUST0000253,2022-03-20,41308.68,Debt Consolidation,Approved,Online,2022-03-27
APP0001446,CUST0000776,2022-06-21,3891.71,Medical,Withdrawn,Partner Referral,2022-07-07
APP0001447,CUST0000420,2024-05-03,15936.58,Business,Approved,Mobile App,2024-05-08
APP0001448,CUST0000636,2025-02-04,6444.43,Home Improvement,Pending,Online,2026-08-24
APP0001449,CUST0000127,2023-02-02,3231.39,Medical,Approved,Online,2023-02-22
APP0001450,CUST0000245,2025-09-26,23727.16,Education,Rejected,Online,2025-10-02
APP0001451,CUST0000774,2023-08-10,53043.95,Auto,Pending,Online,2026-08-24
APP0001452,CUST0000806,2025-05-01,9825.98,Medical,Rejected,Online,2025-05-08
APP0001453,CUST0000011,2024-04-18,10394.04,Education,Rejected,Online,2024-05-07
APP0001454,CUST0000215,2025-04-06,16499.69,Wedding,Approved,Online,2025-04-24
APP0001455,CUST0000608,2026-07-17,17798.04,Auto,approved,Online,2026-07-24
APP0001456,CUST0000906,2026-08-14,12337.91,Debt Consolidation,Approved,Branch,2026-08-19
APP0001457,CUST0000675,2024-08-01,40208.7,Personal,Approved,Branch,2024-08-03
APP0001458,CUST0000707,2026-06-17,16314.37,Education,Rejected,Mobile App,2026-07-01
APP0001459,CUST0000389,2025-02-25,6299.59,Medical,Approved,Online,2025-03-16
APP0001460,CUST0000055,2022-12-28,22345.97,Business,Rejected,Call Center,2022-12-31
APP0001461,CUST0000766,2026-04-28,15288.85,Wedding,Approved,Call Center,2026-05-15
APP0001462,CUST0000800,2022-05-16,5249.57,Home Improvement,Rejected,Partner Referral,2022-06-01
APP0001463,CUST0000444,2023-12-27,5449.26,Personal,Rejected,Online,2024-01-06
APP0001464,CUST0000507,2022-05-31,3501.6,Business,Rejected,Online,2022-05-03
APP0001465,CUST0000236,2025-07-27,21298.55,Education,Withdrawn,Mobile App,2025-08-10
APP0001466,CUST0000453,2026-02-15,25359.93,Personal,Approved,Online,2026-02-27
APP0001467,CUST0000242,2025-09-28,11997.25,Auto,Approved,Online,2025-10-15
APP0001468,CUST0000421,2022-02-27,13577.07,Personal,Rejected,Online,2022-03-11
APP0001469,CUST0000135,2023-01-01,39333.12,Education,Approved,Mobile App,2023-01-02
APP0001470,CUST0000607,2023-05-08,89157.23,Wedding,Rejected,Mobile App,2023-05-13
APP0001471,CUST0000248,2022-03-24,17910.2,Medical,Rejected,Online,2022-04-01
APP0001472,CUST0000725,2024-04-19,8606.18,Business,Approved,Partner Referral,2024-04-29
APP0001473,CUST0000518,2021-10-26,20818.94,Medical,Pending,Mobile App,2026-08-24
APP0001474,CUST0000896,2024-09-18,20336.1,Medical,Approved,Online,2024-10-06
APP0001475,CUST0000222,2024-07-09,23929.62,Medical,Rejected,Online,2024-07-15
APP0001476,CUST0000273,2024-08-16,30741.95,Wedding,Approved,Online,2024-08-30
APP0001477,CUST0000244,2026-03-18,22236.55,Personal,Rejected,Call Center,2026-03-26
APP0001478,CUST9606894,2025-07-30,1944.45,Home Improvement,Approved,Mobile App,2025-08-19
APP0001479,CUST0000107,2022-12-12,14998.16,Personal,Withdrawn,Mobile App,2022-12-31
APP0001480,CUST0000687,2024-07-03,10573.75,Education,Withdrawn,Mobile App,2024-07-19
APP0001481,CUST0000820,2025-08-29,5127.21,Debt Consolidation,Rejected,Online,2025-09-14
APP0001482,CUST0000675,2025-11-26,48916.71,Personal,Rejected,Partner Referral,2025-12-09
APP0001483,CUST0000135,2024-11-11,7596.65,Home Improvement,Rejected,Call Center,2024-11-23
APP0001484,CUST0000494,2022-01-26,,Personal,Rejected,Mobile App,2022-02-07
APP0001485,CUST0000534,2023-10-27,12175.17,Medical,Rejected,Branch,2023-10-28
APP0001486,CUST0000392,2025-12-10,7406.61,Wedding,Rejected,Online,2025-12-29
APP0001487,CUST0000467,2022-01-06,28836.97,Medical,Pending,Online,2026-08-24
APP0001488,CUST0000763,2024-08-06,6525.13,Debt Consolidation,Rejected,Online,2024-08-17
APP0001489,CUST0000835,2024-05-08,35415.0,Personal,Approved,Branch,2024-05-26
APP0001490,CUST0000301,2022-10-06,1396.6,Business,Pending,Mobile App,2026-08-24
APP0001491,CUST0000330,2023-05-15,38796.12,Auto,Approved,Partner Referral,2023-05-18
APP0001492,CUST0000209,2026-07-15,15244.48,Home Improvement,Approved,Online,2026-08-01
APP0001493,CUST0000402,2024-08-16,46410.32,Personal,Withdrawn,Online,2024-08-27
APP0001494,CUST0000546,2026-05-06,17590.02,Personal,Approved,Online,2026-05-25
APP0001495,CUST0000714,2024-01-02,28944.4,Auto,Approved,Partner Referral,2024-01-07
APP0001496,CUST0000268,2025-11-16,24576.08,Business,Rejected,Mobile App,2025-11-26
APP0001497,CUST0000217,2024-09-29,32961.69,Home Improvement,Pending,Branch,2026-08-24
APP0001498,CUST0000034,2026-03-16,6899.36,Home Improvement,Approved,Branch,2026-03-19
APP0001499,CUST0000094,2023-04-13,11953.21,Business,Approved,Branch,2023-05-03
APP0001500,CUST0000052,2023-07-23,6284.39,Personal,Approved,Online,2023-08-05
APP0000133,CUST0000375,2024-06-29,26408.51,Business,Rejected,Branch,2024-07-11
APP0000280,CUST0000411,2026-02-08,,Debt Consolidation,Rejected,Branch,2026-02-09
APP0000300,CUST0000292,2025-10-09,29917.35,Auto,Approved,Online,2025-10-16
APP0000393,CUST0000250,2021-10-05,4584.54,Medical,Rejected,Online,2021-10-08
APP0000402,CUST0000975,2024-05-17,13700.24,,Approved,Online,2024-05-20
APP0000458,CUST0000545,2023-04-12,34099.41,Education,Rejected,Mobile App,2023-04-25
APP0000607,CUST0000662,2025-03-13,11633.27,Debt Consolidation,Approved,Online,2025-03-17
APP0000929,CUST0000407,2023-01-12,6719.88,Debt Consolidation,Approved,Branch,2023-01-25
APP0001039,CUST0000084,2026-04-06,54108.24,Business,Approved,Online,2026-04-23
APP0001154,CUST0000777,2024-02-09,,Wedding,Rejected,Online,2024-02-26
APP0001170,CUST0000143,2021-08-30,9804.74,Education,Approved,Online,2021-09-14
APP0001212,CUST0000170,2025-04-09,3764.58,Personal,Approved,Branch,2025-04-23
APP0001215,CUST0000663,2026-02-13,20344.65,Business,Withdrawn,Online,2026-03-02
APP0001350,CUST0000524,2023-12-21,39283.22,Wedding,Rejected,Online,2024-01-10
APP0001423,CUST0000933,2024-12-07,61116.19,Personal,Rejected,Online,2024-12-10
