application_id,customer_id,application_date,requested_amount,loan_purpose,application_status,application_channel,decision_date
APP0000001,CUST0001630,2022-03-02,10233.67,Auto,Rejected,Branch,2022-03-10
APP0000002,CUST0000231,2023-09-11,15632.82,Medical,Rejected,Mobile App,2023-09-17
APP0000003,CUST0001462,2022-08-30,132351.41,Business,Approved,Online,2022-09-13
APP0000004,CUST0001662,2023-10-01,12146.53,Auto,Rejected,Mobile App,2023-10-03
APP0000005,CUST0001343,2023-08-10,70262.29,Debt Consolidation,Rejected,Mobile App,2023-08-19
APP0000006,CUST0001293,2026-05-26,4443.6,Medical,Pending,Online,2026-08-24
APP0000007,CUST0000277,2024-12-16,22409.06,Education,Rejected,Mobile App,2024-12-29
APP0000008,CUST0001226,2021-12-28,4084.71,Education,Rejected,Branch,2022-01-12
APP0000009,CUST0000453,2024-01-31,21042.93,Home Improvement,Rejected,Mobile App,2024-02-06
APP0000010,CUST0000493,2025-06-08,23000.98,Personal,Rejected,Mobile App,2025-06-19
APP0000011,CUST0001723,2024-02-10,7926.57,Business,Pending,Online,2026-08-24
APP0000012,CUST0001231,2024-08-26,17366.45,Business,Rejected,Mobile App,2024-09-04
APP0000013,CUST0001987,2024-03-18,18504.16,Wedding,Approved,Online,2024-04-07
APP0000014,CUST0000910,2026-06-28,14217.77,Education,Pending,Online,2026-08-24
APP0000015,CUST0000716,2024-12-06,15206.27,Education,Rejected,Branch,2024-12-19
APP0000016,CUST0001991,2024-06-09,2840.41,Personal,Rejected,Mobile App,2024-06-18
APP0000017,CUST0001246,2026-05-11,15583.5,Personal,Rejected,Call Center,2026-05-30
APP0000018,CUST0001727,2023-01-19,57811.76,Personal,Approved,Online,2023-01-28
APP0000019,CUST0000089,2025-06-02,27891.68,Business,Rejected,Mobile App,2025-06-18
APP0000020,CUST0001052,2025-07-19,81020.48,Debt Consolidation,REJECTED,Call Center,2025-07-31
APP0000021,CUST0001634,2023-07-01,8766.21,Auto,Approved,Partner Referral,2023-07-02
APP0000022,CUST0001617,2026-07-29,,Education,Approved,Online,2026-08-13
APP0000023,CUST0001431,2023-02-15,15231.41,Medical,Rejected,Online,2023-03-05
APP0000024,CUST0000330,2026-03-09,11228.66,Debt Consolidation,Rejected,Branch,2026-03-25
APP0000025,CUST0001094,2021-09-28,14270.85,Auto,Rejected,Call Center,2021-10-11
APP0000026,CUST0000203,2023-02-14,34393.08,Auto,Approved,Online,2023-02-15
APP0000027,CUST0001604,2023-03-05,13420.59,Debt Consolidation,Rejected,Branch,2023-03-06
APP0000028,CUST0001262,2023-05-19,29831.57,Personal,Approved,Partner Referral,2023-06-06
APP0000029,CUST0000388,2023-10-31,16652.5,Medical,Rejected,Branch,2023-11-10
APP0000030,CUST0001454,2025-06-03,35493.92,Personal,Rejected,Mobile App,2025-06-13
APP0000031,CUST0001439,2023-10-19,7489.45,Personal,Rejected,Partner Referral,2023-11-01
APP0000032,CUST0000107,2024-08-21,,Wedding,Withdrawn,Online,2024-09-09
APP0000033,CUST0000179,2022-03-22,30637.44,Wedding,Approved,Online,2022-03-31
APP0000034,CUST0000402,2021-09-15,3310.39,Medical,Approved,Online,2021-09-26
APP0000035,CUST0000141,2023-08-15,6399.37,Home Improvement,Rejected,Mobile App,2023-08-27
APP0000036,CUST0001075,2022-05-11,17327.91,Debt Consolidation,Rejected,Online,2022-05-21
APP0000037,CUST0001760,2022-03-12,14737.03,Education,Rejected,Online,2022-03-26
APP0000038,CUST0000126,2022-01-28,37704.34,Home Improvement,Withdrawn,Online,2022-02-01
APP0000039,CUST0001230,2023-01-05,16450.79,Home Improvement,Rejected,Branch,2023-01-13
APP0000040,CUST0000849,2022-07-17,32577.49,,Approved,Mobile App,2022-07-27
APP0000041,CUST0001673,2022-05-16,5831.35,Auto,Approved,Branch,2022-05-27
APP0000042,CUST0000965,2023-03-04,16274.18,Auto,Pending,Mobile App,2026-08-24
APP0000043,CUST0001338,2022-12-02,48428.34,Auto,Approved,Partner Referral,2022-12-11
APP0000044,CUST0001844,2026-06-26,15251.03,Education,Rejected,Mobile App,2026-07-14
APP0000045,CUST0000273,2024-11-04,17721.48,Wedding,Pending,Mobile App,2026-08-24
APP0000046,CUST0000632,2025-01-11,43217.21,Business,Rejected,Online,2025-01-29
APP0000047,CUST0000540,2025-01-29,6452.47,Business,Approved,Branch,2025-02-10
APP0000048,CUST0000338,2021-12-02,24081.62,Home Improvement,Rejected,Online,2021-12-12
APP0000049,CUST0001296,2024-02-12,13488.28,Debt Consolidation,Rejected,Branch,2024-02-21
APP0000050,CUST0000016,2024-09-07,7512.8,Home Improvement,Pending,Partner Referral,2026-08-24
APP0000051,CUST0000772,2026-05-05,66412.9,Personal,Rejected,Online,2026-05-19
APP0000052,CUST0000244,2023-10-31,13430.05,Home Improvement,Rejected,Online,2023-11-18
APP0000053,CUST0001231,2023-01-07,42327.02,Wedding,Approved,Mobile App,2023-01-24
APP0000054,CUST0001502,2025-06-01,56956.5,,Approved,Partner Referral,2025-06-20
APP0000055,CUST0000934,2022-07-28,2637.16,Personal,Approved,Mobile App,2022-08-08
APP0000056,CUST0000890,2026-01-25,8289.41,Auto,Rejected,Online,2026-02-02
APP0000057,CUST0000900,2023-06-07,1417.55,Home Improvement,Approved,Branch,2023-06-26
APP0000058,CUST0000398,2021-12-22,24991.31,Home Improvement,Pending,Online,2026-08-24
APP0000059,CUST0000752,2023-05-30,42801.06,Personal,Approved,Mobile App,2023-06-06
APP0000060,CUST0001867,2026-07-19,62266.01,Medical,Rejected,Mobile App,2026-08-07
APP0000061,CUST0000083,2023-10-24,15014.35,Medical,Rejected,Mobile App,2023-11-08
APP0000062,CUST0001576,2021-12-08,31943.1,Home Improvement,Rejected,Online,2021-12-20
APP0000063,CUST0000330,2023-07-06,16675.26,Auto,Rejected,Partner Referral,2023-07-17
APP0000064,CUST0000229,2025-04-23,2410.84,Auto,Approved,Online,2025-05-03
APP0000065,CUST0000572,2021-12-02,27683.98,Business,Approved,Online,2021-12-20
APP0000066,CUST0000538,2026-03-01,11159.92,Personal,Rejected,Mobile App,2026-03-10
APP0000067,CUST0000633,2025-05-30,36998.17,Medical,pending,Branch,2026-08-24
APP0000068,CUST0001699,2025-05-28,500.0,Auto,Pending,Branch,2026-08-24
APP0000069,CUST0001810,2025-05-30,8458.12,Medical,Rejected,Online,2025-06-02
APP0000070,CUST0001385,2022-05-27,60892.72,Home Improvement,Rejected,Online,2022-06-01
APP0000071,CUST0000293,2025-08-27,38700.27,Debt Consolidation,Rejected,Online,2025-09-02
APP0000072,CUST0001892,2022-09-08,730.19,Home Improvement,Pending,Mobile App,2026-08-24
APP0000073,CUST0001695,2022-06-01,70095.5,Debt Consolidation,Approved,Online,2022-06-15
APP0000074,CUST0000153,2021-11-08,4368.6,Debt Consolidation,Approved,Partner Referral,2021-11-20
APP0000075,CUST0000775,2022-05-13,15826.96,Home Improvement,Pending,Mobile App,2026-08-24
APP0000076,CUST0001551,2022-04-21,17102.2,Wedding,Pending,Mobile App,2026-08-24
APP0000077,CUST0000179,2026-01-25,19877.63,Home Improvement,Rejected,Call Center,2026-01-27
APP0000078,CUST0000153,2021-12-14,45657.54,Business,Rejected,Mobile App,2021-12-25
APP0000079,CUST0001212,2024-11-18,2610.04,Home Improvement,Pending,Branch,2026-08-24
APP0000080,CUST0000674,2021-11-30,25497.13,Medical,Approved,Call Center,2021-12-02
APP0000081,CUST0000884,2026-06-15,2676.1,Education,Approved,Branch,2026-07-02
APP0000082,CUST0001502,2024-06-16,31929.73,Education,Rejected,Online,2024-06-17
APP0000083,CUST0001090,2024-03-21,20259.44,Personal,Rejected,Branch,2024-04-10
APP0000084,CUST0001423,2022-01-12,37281.69,Auto,Rejected,Online,2022-01-22
APP0000085,CUST0000253,2025-12-27,7264.06,Business,Rejected,Mobile App,2026-01-13
APP0000086,CUST0000005,2023-10-10,19758.04,Medical,Rejected,Partner Referral,2023-10-14
APP0000087,CUST0000504,2022-05-07,25588.67,Medical,Approved,Mobile App,2022-05-17
APP0000088,CUST0000404,2025-03-12,86628.86,Auto,Approved,Online,2025-03-30
APP0000089,CUST0000649,2026-05-14,14685.12,Wedding,Rejected,Online,2026-05-16
APP0000090,CUST0001558,2021-09-21,2223.09,Personal,Withdrawn,Online,2021-09-30
APP0000091,CUST0000304,2022-08-28,10150.5,Medical,Pending,Online,2026-08-24
APP0000092,CUST0000253,2024-11-03,9639.09,Business,Approved,Branch,2024-11-11
APP0000093,CUST0000402,2021-12-16,16278.07,Wedding,Rejected,Mobile App,2021-12-12
APP0000094,CUST0000653,2025-06-07,46035.29,Auto,Rejected,Mobile App,2025-06-18
APP0000095,CUST0000395,2024-09-12,15008.62,Auto,Rejected,Mobile App,2024-09-19
APP0000096,CUST0000368,2024-04-30,10755.61,Personal,Rejected,Branch,2024-05-13
APP0000097,CUST0001160,2023-04-15,13493.8,Auto,Rejected,Online,2023-04-21
APP0000098,CUST0000223,2024-01-10,19695.69,Debt Consolidation,Rejected,Mobile App,2024-01-12
APP0000099,CUST0000308,2022-01-22,42199.61,Education,APPROVED,Online,2022-02-03
APP0000100,CUST0001674,2025-04-20,,Home Improvement,Approved,Online,2025-05-05
APP0000101,CUST0000037,2024-09-19,32412.93,Education,Approved,Mobile App,2024-09-23
APP0000102,CUST0000123,2024-04-18,9836.87,Debt Consolidation,Approved,Online,2024-04-21
APP0000103,CUST0000139,2025-07-25,3432.02,Medical,Approved,Online,2025-08-06
APP0000104,CUST0001073,2024-03-11,73438.19,Home Improvement,Rejected,Branch,2024-03-19
APP0000105,CUST0001390,2023-08-31,2124.21,Education,Rejected,Online,2023-09-19
APP0000106,CUST0001386,2025-08-28,7325.2,Home Improvement,Approved,Mobile App,2025-09-05
APP0000107,CUST0001381,2026-04-28,11262.97,Auto,Approved,Online,2026-05-06
APP0000108,CUST0000116,2025-11-01,22752.02,Wedding,Approved,Call Center,2025-11-13
APP0000109,CUST0000690,2024-03-15,10425.46,Wedding,Withdrawn,Branch,2024-04-04
APP0000110,CUST0001267,2023-06-28,36422.12,Auto,Approved,Online,2023-07-12
APP0000111,CUST0001365,2022-04-20,38465.5,Business,Rejected,Online,2022-05-04
APP0000112,CUST0000669,2023-09-22,2521.92,Auto,Approved,Partner Referral,2023-10-09
APP0000113,CUST0001694,2025-10-21,95530.28,Home Improvement,Approved,Branch,2025-11-07
APP0000114,CUST0001668,2025-08-26,2707.77,Debt Consolidation,Pending,Mobile App,2026-08-24
APP0000115,CUST0001532,2022-04-16,4636.39,Wedding,Rejected,Call Center,2022-04-22
APP0000116,CUST0001596,2024-05-15,7531.71,Debt Consolidation,Rejected,Online,2024-05-19
APP0000117,CUST0001951,2024-12-28,2176.03,Medical,Approved,Branch,2025-01-09
APP0000118,CUST0001588,2025-01-30,1573.09,Home Improvement,Approved,Mobile App,2025-02-13
APP0000119,CUST0001171,2026-01-09,19091.58,Personal,Approved,Mobile App,2026-01-17
APP0000120,CUST0000798,2022-01-09,9765.87,Home Improvement,Approved,Branch,2022-01-19
APP0000121,CUST0000725,2023-12-21,12151.95,Education,Pending,Partner Referral,2026-08-24
APP0000122,CUST0001646,2022-02-15,24067.0,Auto,Rejected,Mobile App,2022-02-27
APP0000123,CUST0000592,2025-04-09,6361.03,Education,Approved,Call Center,2025-04-26
APP0000124,CUST0001260,2024-04-22,4838.86,Home Improvement,Approved,Online,2024-05-01
APP0000125,CUST0001006,2023-10-23,9797.71,Debt Consolidation,Approved,Branch,2023-11-03
APP0000126,CUST0000758,2025-09-28,32951.3,Home Improvement,Approved,Online,2025-10-07
APP0000127,CUST0000902,2025-11-17,12265.28,Education,Rejected,Call Center,2025-11-24
APP0000128,CUST0000162,2023-03-26,13295.38,Business,Withdrawn,Online,2023-04-10
APP0000129,CUST0001419,2025-09-22,23009.56,Wedding,Rejected,Mobile App,2025-10-05
APP0000130,CUST0000134,2026-06-14,11203.42,Wedding,Approved,Online,2026-06-25
APP0000131,CUST0000148,2021-11-27,14581.92,Personal,Approved,Online,2021-12-03
APP0000132,CUST0000503,2025-06-13,7118.53,Debt Consolidation,Rejected,Online,2025-07-01
APP0000133,CUST0001063,2022-03-24,,Business,Approved,Mobile App,2022-04-10
APP0000134,CUST0000600,2025-07-22,14952.3,Business,Pending,Online,2026-08-24
APP0000135,CUST0001761,2025-01-17,15586.07,Business,Rejected,Mobile App,2025-02-03
APP0000136,CUST0001856,2025-10-25,76930.92,Business,Rejected,Mobile App,2025-11-04
APP0000137,CUST0000787,2024-07-08,15519.11,Business,Rejected,Partner Referral,2024-07-21
APP0000138,CUST0002000,2022-12-02,20733.11,Education,Approved,Mobile App,2022-12-07
APP0000139,CUST0000179,2025-02-15,34790.1,Education,Approved,Mobile App,2025-03-03
APP0000140,CUST0000288,2023-04-20,74573.78,Business,Rejected,Mobile App,2023-04-21
APP0000141,CUST0000695,2021-10-20,65706.59,Debt Consolidation,Approved,Online,2021-10-31
APP0000142,CUST0001886,2022-03-29,24144.69,Education,Approved,Branch,2022-04-03
APP0000143,CUST0001008,2025-12-31,6611.0,Home Improvement,Withdrawn,Call Center,2026-01-12
APP0000144,CUST0001414,2023-07-20,21203.62,Wedding,Rejected,Online,2023-07-26
APP0000145,CUST0001306,2022-05-14,94544.51,Wedding,Approved,Online,2022-06-03
APP0000146,CUST0000998,2021-10-29,17659.8,Home Improvement,Pending,Mobile App,2026-08-24
APP0000147,CUST0001864,2021-11-08,2462.82,Wedding,Approved,Mobile App,2021-11-25
APP0000148,CUST0001910,2025-05-28,16568.54,Medical,Rejected,Online,2025-06-11
APP0000149,CUST0000897,2022-04-20,22440.08,Business,Approved,Call Center,2022-05-10
APP0000150,CUST0001428,2025-08-29,5987.44,Business,Rejected,Online,2025-09-05
APP0000151,CUST0001248,2024-06-11,17540.37,Debt Consolidation,Rejected,Branch,2024-06-26
APP0000152,CUST0001188,2022-09-19,10972.15,Wedding,Approved,Partner Referral,2022-09-20
APP0000153,CUST0000204,2026-02-24,36941.55,Business,Pending,Online,2026-08-24
APP0000154,CUST0000420,2024-02-05,1023.68,Medical,Approved,Branch,2024-02-14
APP0000155,CUST0001981,2023-08-14,38892.46,Education,Pending,Partner Referral,2026-08-24
APP0000156,CUST0000489,2025-01-03,3403.33,Wedding,Approved,Online,2025-01-19
APP0000157,CUST0001304,2024-12-08,96233.66,Business,Approved,Online,2024-12-18
APP0000158,CUST0001824,2025-05-11,32843.23,Business,Approved,Partner Referral,2025-05-18
APP0000159,CUST0001205,2024-09-20,4396.45,Wedding,Approved,Branch,2024-10-05
APP0000160,CUST0000431,2026-06-30,11073.46,Business,Rejected,Partner Referral,2026-07-19
APP0000161,CUST0001720,2023-09-23,28968.32,Home Improvement,Rejected,Call Center,2023-10-01
APP0000162,CUST0000065,2022-08-26,42319.97,Personal,In Review,Branch,2026-08-24
APP0000163,CUST0001447,2022-04-13,77272.39,Wedding,Rejected,Branch,2022-04-22
APP0000164,CUST0000533,2022-11-18,16664.12,Business,Rejected,Branch,2022-12-06
APP0000165,CUST0001281,2025-07-06,20834.2,Home Improvement,Approved,Online,2025-07-19
APP0000166,CUST0000962,2025-12-01,22517.42,Education,Rejected,Branch,2025-12-15
APP0000167,CUST0001139,2023-02-08,57086.15,Debt Consolidation,Pending,Mobile App,2026-08-24
APP0000168,CUST0000764,2022-02-18,10709.93,Personal,Approved,Partner Referral,2022-03-07
APP0000169,CUST0001058,2025-04-01,3809.03,Wedding,Approved,Partner Referral,2025-04-19
APP0000170,CUST0001872,2025-07-30,6909.34,Debt Consolidation,Approved,Partner Referral,2025-08-07
APP0000171,CUST0001653,2021-12-03,5122.17,Debt Consolidation,Approved,Online,2021-12-18
APP0000172,CUST0000838,2022-04-25,37098.34,Wedding,Rejected,Branch,2022-05-09
APP0000173,CUST0001883,2023-04-29,1740.89,Personal,Approved,Online,2023-05-11
APP0000174,CUST0001779,2023-12-21,4226.17,Personal,Pending,Mobile App,2026-08-24
APP0000175,CUST0001255,2022-03-14,1505.11,Home Improvement,Approved,Partner Referral,2022-03-24
APP0000176,CUST0001190,2024-08-10,847.2,Business,Approved,Call Center,2024-08-15
APP0000177,CUST0000072,2024-02-17,28817.71,Personal,Approved,Call Center,2024-02-20
APP0000178,CUST0001049,2025-06-27,31365.19,Debt Consolidation,Rejected,Online,2025-07-16
APP0000179,CUST0000426,2026-05-31,9835.65,Auto,Rejected,Branch,2026-06-15
APP0000180,CUST0000321,2022-03-22,9926.2,Auto,Pending,Online,2026-08-24
APP0000181,CUST0001717,2023-11-28,30944.82,Education,Rejected,Branch,2023-12-07
APP0000182,CUST0000543,2025-10-07,42666.68,Auto,Approved,Online,2025-10-09
APP0000183,CUST0001231,2021-09-10,24166.17,Auto,Rejected,Mobile App,2021-09-18
APP0000184,CUST0001735,2025-11-25,21690.57,Auto,Rejected,Branch,2025-11-29
APP0000185,CUST0001196,2023-08-19,39317.3,Debt Consolidation,Rejected,Mobile App,2023-08-30
APP0000186,CUST0001560,2025-08-12,5488.19,Business,Approved,Call Center,2025-08-22
APP0000187,CUST0001551,2024-08-26,43500.41,Business,Rejected,Online,2024-09-15
APP0000188,CUST0000895,2026-05-02,51443.93,,Approved,Mobile App,2026-05-19
APP0000189,CUST0001844,2022-05-26,58846.64,Education,Approved,Mobile App,2022-06-08
APP0000190,CUST0001819,2026-01-03,25136.72,Business,Pending,Partner Referral,2026-08-24
APP0000191,CUST0000676,2024-06-24,14274.88,Auto,Approved,Online,2024-07-01
APP0000192,CUST0001639,2025-06-27,4977.18,Medical,Approved,Mobile App,2025-06-30
APP0000193,CUST0000367,2025-07-06,16039.65,Medical,Approved,Branch,2025-07-18
APP0000194,CUST0000225,2024-07-17,17395.16,Wedding,Approved,Online,2024-07-19
APP0000195,CUST0001061,2023-11-29,7780.35,Medical,Withdrawn,Online,2023-12-18
APP0000196,CUST0001212,2025-09-09,4810.43,Personal,Approved,Branch,2025-09-12
APP0000197,CUST0001168,2024-03-05,69792.03,Auto,Rejected,Online,2024-03-23
APP0000198,CUST0001598,2026-07-10,4176.81,Business,Pending,Mobile App,2026-08-24
APP0000199,CUST0000782,2024-12-24,5188.31,Auto,Approved,Online,2024-12-29
APP0000200,CUST0001617,2024-10-31,36772.25,Medical,Approved,Online,2024-11-11
APP0000201,CUST0001805,2024-07-23,118604.27,Personal,Rejected,Mobile App,2024-08-03
APP0000202,CUST0000183,2022-11-10,4511.83,Business,Approved,Online,2022-11-25
APP0000203,CUST0000899,2025-05-23,51573.6,Medical,Approved,Online,2025-06-01
APP0000204,CUST0000450,2022-11-20,19437.08,Medical,Rejected,Online,2022-12-02
APP0000205,CUST0001313,2024-09-21,17690.89,Personal,Approved,Online,2024-09-30
APP0000206,CUST0000827,2025-08-17,500.0,Home Improvement,Rejected,Branch,2025-08-19
APP0000207,CUST0000564,2023-11-26,18011.29,Personal,Pending,Mobile App,2026-08-24
APP0000208,CUST0000504,2026-08-05,4880.43,Education,Approved,Mobile App,2026-08-11
APP0000209,CUST0000710,2022-06-19,48057.02,Auto,Approved,Online,2022-06-25
APP0000210,CUST0000218,2022-09-13,5377.45,Business,Approved,Online,2022-09-20
APP0000211,CUST0000210,2023-03-01,1620.01,Wedding,Approved,Mobile App,2023-03-13
APP0000212,CUST0001258,2026-07-01,24339.53,Auto,Approved,Online,2026-07-16
APP0000213,CUST0001886,2024-04-26,17504.12,Medical,Rejected,Online,2024-05-13
APP0000214,CUST0001015,2022-12-27,7240.83,Wedding,Approved,Online,2023-01-08
APP0000215,CUST0001855,2026-06-23,4328.05,Auto,Approved,Mobile App,2026-07-01
APP0000216,CUST0000310,2023-09-17,26928.1,Personal,Approved,Mobile App,2023-10-06
APP0000217,CUST0001947,2022-12-24,4523.95,Wedding,Rejected,Online,2023-01-03
APP0000218,CUST0001173,2026-03-10,25670.46,Education,Rejected,Online,2026-03-13
APP0000219,CUST0001488,2022-06-03,7600.37,Debt Consolidation,Rejected,Mobile App,2022-06-20
APP0000220,CUST0000125,2026-06-16,19435.38,Debt Consolidation,Rejected,Online,2026-07-05
APP0000221,CUST0001209,2021-11-16,52118.34,Auto,Rejected,Branch,2021-11-22
APP0000222,CUST0000767,2024-06-25,1577.05,Debt Consolidation,Rejected,Mobile App,2024-06-30
APP0000223,CUST0001797,2024-07-23,25399.13,Personal,Approved,Online,2024-07-31
APP0000224,CUST0001586,2026-05-25,9569.44,Business,Rejected,Online,2026-06-01
APP0000225,CUST0001729,2026-04-18,4332.5,Medical,Approved,Mobile App,2026-04-22
APP0000226,CUST0001781,2025-11-10,18742.97,Personal,Rejected,Mobile App,2025-11-11
APP0000227,CUST0001442,2026-03-24,26725.46,Home Improvement,Rejected,Branch,2026-03-28
APP0000228,CUST0000491,2025-12-24,63911.95,Education,Rejected,Branch,2025-12-30
APP0000229,CUST0000566,2024-03-18,13660.79,Auto,Rejected,Online,2024-03-22
APP0000230,CUST0001720,2025-12-27,16238.5,Debt Consolidation,Approved,Branch,2025-12-31
APP0000231,CUST0001204,2025-07-03,11738.43,Medical,Rejected,Online,2025-07-22
APP0000232,CUST0001784,2023-07-31,13242.64,Home Improvement,Approved,Online,2023-08-05
APP0000233,CUST0001591,2026-01-18,,Debt Consolidation,Approved,Online,2026-02-04
APP0000234,CUST0001214,2021-10-19,3280.22,Home Improvement,Approved,Branch,2021-10-31
APP0000235,CUST0000305,2022-02-28,26919.89,Home Improvement,Rejected,Online,2022-03-09
APP0000236,CUST0001965,2022-06-21,15465.17,Business,Rejected,Branch,2022-07-07
APP0000237,CUST0000487,2024-04-27,19592.99,Personal,Pending,Mobile App,2026-08-24
APP0000238,CUST0000493,2022-01-07,13669.07,Medical,Rejected,Partner Referral,2022-01-22
APP0000239,CUST0000293,2022-10-09,20687.81,Business,Rejected,Mobile App,2022-10-18
APP0000240,CUST0000138,2022-11-10,10155.07,Debt Consolidation,Pending,Mobile App,2026-08-24
APP0000241,CUST0000751,2022-11-10,12501.04,,Approved,Online,2022-11-30
APP0000242,CUST0001687,2021-12-03,58652.82,Education,Rejected,Mobile App,2021-12-18
APP0000243,CUST0001732,2022-10-08,23646.82,Medical,Rejected,Branch,2022-10-11
APP0000244,CUST0000982,2023-01-12,11011.52,Personal,Approved,Call Center,2023-02-01
APP0000245,CUST0000630,2025-06-10,13249.58,Auto,Withdrawn,Partner Referral,2025-06-26
APP0000246,CUST0000693,2024-08-04,12535.82,Medical,Approved,Online,2024-08-05
APP0000247,CUST0001838,2023-03-22,678.5,Wedding,Pending,Call Center,2026-08-24
APP0000248,CUST0000111,2022-05-09,3501.65,Home Improvement,Pending,Mobile App,2026-08-24
APP0000249,CUST0000115,2024-03-19,35599.57,Education,Pending,Mobile App,2026-08-24
APP0000250,CUST0000130,2023-03-24,6518.98,Education,Rejected,Branch,2023-04-02
APP0000251,CUST0001776,2025-02-17,11252.26,Business,Rejected,Online,2025-03-09
APP0000252,CUST0000182,2022-10-08,11573.18,Wedding,Rejected,Mobile App,2022-10-18
APP0000253,CUST0001884,2026-08-19,62215.22,Auto,rejected,Online,2026-08-24
APP0000254,CUST0000368,2022-02-14,4910.13,Debt Consolidation,Pending,Branch,2026-08-24
APP0000255,CUST0001097,2025-10-27,,Medical,Approved,Online,2025-11-10
APP0000256,CUST0001941,2025-01-10,51596.46,Home Improvement,Rejected,Online,2025-01-11
APP0000257,CUST0000232,2025-01-05,38912.27,Business,Withdrawn,Mobile App,2025-01-25
APP0000258,CUST0000563,2026-02-10,,Education,Approved,Mobile App,2026-02-14
APP0000259,CUST0001456,2023-11-27,29983.35,Personal,Pending,Call Center,2026-08-24
APP0000260,CUST0001635,2025-03-24,29973.72,Auto,Approved,Mobile App,2025-04-02
APP0000261,CUST0001815,2024-04-15,16516.6,Wedding,Approved,Mobile App,2024-05-01
APP0000262,CUST0000039,2025-01-25,12405.18,Wedding,Rejected,Partner Referral,2025-02-10
APP0000263,CUST0001555,2024-05-30,26419.35,Wedding,Rejected,Branch,2024-06-12
APP0000264,CUST0000644,2026-07-24,72927.76,Business,Rejected,Mobile App,2026-08-11
APP0000265,CUST0001116,2023-04-07,24903.9,Home Improvement,Approved,Call Center,2023-04-21
APP0000266,CUST0001813,2025-04-21,6032.95,Home Improvement,Approved,Mobile App,2025-04-24
APP0000267,CUST0001805,2022-06-24,104317.8,Wedding,Pending,Mobile App,2026-08-24
APP0000268,CUST0000371,2021-11-19,13878.95,Personal,Rejected,Branch,2021-11-25
APP0000269,CUST0000942,2025-03-01,3303.58,Wedding,Rejected,Branch,2025-03-12
APP0000270,CUST0000569,2022-09-27,38071.79,Business,Approved,Mobile App,2022-10-10
APP0000271,CUST0001230,2021-09-22,40476.54,Personal,Pending,Mobile App,2026-08-24
APP0000272,CUST0001654,2024-11-01,23926.45,Medical,Pending,Branch,2026-08-24
APP0000273,CUST0000636,2024-09-15,60142.71,Home Improvement,Rejected,Online,2024-09-21
APP0000274,CUST0000243,2024-11-03,15753.92,Auto,Approved,Online,2024-11-09
APP0000275,CUST0000129,2023-12-02,6901.68,Personal,Withdrawn,Branch,2023-12-22
APP0000276,CUST0000107,2025-10-23,12218.89,Business,Pending,Online,2026-08-24
APP0000277,CUST0000733,2021-09-17,19295.35,Wedding,Rejected,Branch,2021-09-27
APP0000278,CUST0001932,2022-06-11,9247.58,Wedding,Rejected,Online,2022-06-26
APP0000279,CUST0000504,2023-07-13,26913.85,Personal,Rejected,Online,2023-07-18
APP0000280,CUST0000810,2026-07-21,51376.66,Debt Consolidation,Approved,Mobile App,2026-07-25
APP0000281,CUST0001350,2025-04-01,9713.8,Home Improvement,Rejected,Branch,2025-03-18
APP0000282,CUST0001316,2024-03-24,3741.33,Medical,Rejected,Mobile App,2024-03-26
APP0000283,CUST0000541,2026-05-24,14864.09,Debt Consolidation,Rejected,Online,2026-06-03
APP0000284,CUST0000255,2026-04-01,30455.47,Wedding,Rejected,Online,2026-04-02
APP0000285,CUST0000314,2022-03-05,10429.27,Home Improvement,Rejected,Online,2022-03-13
APP0000286,CUST0000441,2024-04-17,34205.09,Medical,Pending,Online,2026-08-24
APP0000287,CUST0000173,2026-05-28,5663.73,Business,Approved,Online,2026-06-03
APP0000288,CUST0000920,2022-08-01,10137.33,Debt Consolidation,Withdrawn,Branch,2022-08-07
APP0000289,CUST0001292,2022-06-09,17762.26,Business,Approved,Online,2022-06-22
APP0000290,CUST0001351,2023-05-27,24620.84,Debt Consolidation,Approved,Mobile App,2023-06-08
APP0000291,CUST0001819,2026-06-29,15854.4,Wedding,Rejected,Branch,2026-07-15
APP0000292,CUST0000587,2022-10-02,1376.12,Business,Approved,Online,2022-10-20
APP0000293,CUST0001310,2024-10-28,3918.54,Auto,Approved,Mobile App,2024-11-02
APP0000294,CUST0001770,2022-12-20,27149.53,Business,Rejected,Branch,2022-12-26
APP0000295,CUST0000057,2025-05-01,3532.19,Auto,Approved,Online,2025-05-12
APP0000296,CUST0001563,2026-02-05,1984.98,Debt Consolidation,Pending,Branch,2026-08-24
APP0000297,CUST0000177,2021-11-07,53816.98,Debt Consolidation,Approved,Mobile App,2021-11-22
APP0000298,CUST0001104,2023-07-15,7807.33,Home Improvement,Appr.,Branch,2023-07-16
APP0000299,CUST0001662,2024-07-17,14645.71,Business,Rejected,Partner Referral,2024-07-25
APP0000300,CUST0000919,2022-07-24,4682.35,Education,Rejected,Online,2022-08-13
APP0000301,CUST0001120,2024-10-27,9986.31,Auto,Approved,Online,2024-11-11
APP0000302,CUST0001240,2023-06-21,71873.19,Business,declined,Call Center,2023-07-02
APP0000303,CUST0001156,2021-10-28,56871.89,Medical,Rejected,Mobile App,2021-10-29
APP0000304,CUST0001464,2024-09-25,28585.65,Home Improvement,Approved,Partner Referral,2024-10-12
APP0000305,CUST0001719,2021-11-02,1160.17,Business,Rejected,Mobile App,2021-11-11
APP0000306,CUST0000270,2022-08-26,38544.41,Medical,Rejected,Branch,2022-09-13
APP0000307,CUST0000832,2022-06-19,4367.11,Business,Rejected,Mobile App,2022-07-05
APP0000308,CUST0001706,2021-11-26,32677.64,Education,Approved,Online,2021-12-16
APP0000309,CUST0000763,2023-09-14,39971.43,Debt Consolidation,PENDING,Online,2026-08-24
APP0000310,CUST0000979,2026-01-03,10140.71,Debt Consolidation,Approved,Online,2026-01-21
APP0000311,CUST9564375,2023-03-05,50492.65,Debt Consolidation,Pending,Online,2026-08-24
APP0000312,CUST0001871,2022-11-04,1378.92,Home Improvement,Approved,Mobile App,2022-11-10
APP0000313,CUST0000504,2025-09-06,6090.96,Home Improvement,Withdrawn,Mobile App,2025-09-23
APP0000314,CUST0001912,2026-04-30,8064.17,Wedding,declined,Partner Referral,2026-05-12
APP0000315,CUST0001420,2023-02-26,9754.7,Personal,Rejected,Online,2023-03-12
APP0000316,CUST0000062,2021-11-19,64961.63,Wedding,Approved,Branch,2021-12-09
APP0000317,CUST9046319,2025-06-13,1207.91,Medical,Withdrawn,Online,2025-06-25
APP0000318,CUST0000769,2024-11-25,16644.21,Auto,Approved,Branch,2024-12-08
APP0000319,CUST0000565,2026-08-20,26599.12,Medical,Rejected,Online,2026-08-24
APP0000320,CUST0001053,2024-12-21,7716.39,Personal,Approved,Branch,2025-01-06
APP0000321,CUST0001153,2026-04-18,9423.98,Auto,Rejected,Mobile App,2026-05-01
APP0000322,CUST0001080,2022-06-05,19494.81,Business,Rejected,Online,2022-06-24
APP0000323,CUST0000111,2022-06-22,7446.49,Home Improvement,DECL,Mobile App,2022-07-11
APP0000324,CUST0001645,2024-12-21,5098.65,Wedding,Rejected,Online,2025-01-03
APP0000325,CUST0000684,2025-05-21,19726.26,Business,Rejected,Online,2025-05-23
APP0000326,CUST0000283,2023-08-02,14051.36,Wedding,Rejected,Call Center,2023-08-16
APP0000327,CUST0001132,2023-10-20,2898.12,Auto,Approved,Online,2023-10-27
APP0000328,CUST0001245,2023-07-23,5335.01,Education,Approved,Online,2023-08-04
APP0000329,CUST0000208,2021-11-20,1558.74,Auto,Rejected,Partner Referral,2021-11-28
APP0000330,CUST0001886,2026-01-13,5646.87,,Approved,Online,2026-01-20
APP0000331,CUST0001202,2026-03-08,46822.21,Auto,Rejected,Online,2026-03-28
APP0000332,CUST0001994,2026-05-30,27005.24,Home Improvement,Approved,Branch,2026-06-04
APP0000333,CUST0001341,2024-03-03,17927.6,Medical,Withdrawn,Mobile App,2024-03-07
APP0000334,CUST0000021,2022-07-01,15006.45,Education,Rejected,Mobile App,2022-07-14
APP0000335,CUST0000417,2023-09-01,6042.8,Home Improvement,Approved,Mobile App,2023-09-14
APP0000336,CUST0001946,2025-01-25,12770.05,Medical,Pending,Partner Referral,2026-08-24
APP0000337,CUST0001120,2022-07-07,5058.43,Debt Consolidation,Pending,Online,2026-08-24
APP0000338,CUST0000245,2022-06-03,27743.36,Business,Rejected,Branch,2022-06-22
APP0000339,CUST0000149,2026-08-11,53901.24,Auto,Approved,Partner Referral,2026-08-24
APP0000340,CUST0001074,2021-10-27,32701.49,Debt Consolidation,Rejected,Online,2021-11-01
APP0000341,CUST0001189,2024-08-21,14449.99,Education,Approved,Partner Referral,2024-09-07
APP0000342,CUST0000493,2022-05-25,37102.5,Personal,Approved,Partner Referral,2022-06-11
APP0000343,CUST0000390,2021-10-04,3333.41,Wedding,Approved,Partner Referral,2021-10-07
APP0000344,CUST0001213,2024-10-26,11069.95,Wedding,Approved,Online,2024-10-27
APP0000345,CUST0000872,2022-07-26,35005.31,Home Improvement,Approved,Branch,2022-08-09
APP0000346,CUST0000075,2025-04-12,14851.36,Home Improvement,Approved,Mobile App,2025-04-24
APP0000347,CUST0000116,2025-10-08,4820.5,Wedding,Approved,Online,2025-10-26
APP0000348,CUST0000477,2024-03-07,2758.24,Business,Approved,Branch,2024-03-26
APP0000349,CUST0001129,2022-06-25,111116.19,,Approved,Online,2022-06-28
APP0000350,CUST0000602,2026-05-28,70119.98,Personal,Approved,Online,2026-06-17
APP0000351,CUST0000030,2023-07-05,34907.11,Debt Consolidation,Pending,Call Center,2026-08-24
APP0000352,CUST0001832,2025-06-20,5056.77,Education,Rejected,Partner Referral,2025-07-03
APP0000353,CUST0001387,2022-08-12,19235.94,Education,Pending,Online,2026-08-24
APP0000354,CUST0001168,2022-06-16,130245.48,Wedding,Withdrawn,Online,2022-06-29
APP0000355,CUST0000489,2025-01-07,20384.68,Medical,Rejected,Branch,2025-01-19
APP0000356,CUST0001417,2022-09-08,44839.54,Education,Rejected,Online,2022-09-16
APP0000357,CUST0001893,2024-04-23,40428.07,Personal,Approved,Mobile App,2024-04-25
APP0000358,CUST0001353,2024-08-17,26995.35,Auto,Rejected,Mobile App,2024-09-01
APP0000359,CUST0000592,2022-04-05,37500.97,Debt Consolidation,Rejected,Online,2022-04-12
APP0000360,CUST0000785,2023-04-25,13332.17,Medical,Rejected,Mobile App,2023-04-30
APP0000361,CUST0001859,2022-08-12,22077.06,Education,Approved,Online,2022-08-20
APP0000362,CUST0000029,2021-08-26,26869.48,Medical,Withdrawn,Online,2021-08-27
APP0000363,CUST0000443,2026-05-24,47854.3,Business,Rejected,Mobile App,2026-06-01
APP0000364,CUST0000215,2021-10-08,2399.88,Auto,Pending,Online,2026-08-24
APP0000365,CUST0001283,2025-10-17,147416.48,Debt Consolidation,Withdrawn,Online,2025-11-01
APP0000366,CUST0000918,2023-09-09,36575.53,Personal,Pending,Mobile App,2026-08-24
APP0000367,CUST0000267,2023-01-12,41082.16,Personal,Rejected,Online,2023-01-19
APP0000368,CUST0001883,2024-04-07,6056.48,Education,Rejected,Branch,2024-04-21
APP0000369,CUST0001104,2026-03-24,11312.07,Auto,Rejected,Mobile App,2026-04-12
APP0000370,CUST0000498,2024-11-29,34821.22,Auto,Rejected,Online,2024-12-08
APP0000371,CUST0001892,2022-01-19,790.35,Medical,Approved,Branch,2022-02-08
APP0000372,CUST0001397,2025-06-18,16303.14,Medical,Rejected,Online,2025-06-19
APP0000373,CUST0000260,2025-06-18,43917.15,Home Improvement,Pending,Mobile App,2026-08-24
APP0000374,CUST0001654,2026-06-28,12142.81,Auto,Approved,Online,2026-07-02
APP0000375,CUST0000119,2022-08-28,44993.96,Auto,Approved,Call Center,2022-09-12
APP0000376,CUST0001814,2025-11-03,1941.18,Medical,Rejected,Online,2025-11-06
APP0000377,CUST0000787,2023-07-01,39851.28,Medical,Rejected,Mobile App,2023-07-21
APP0000378,CUST0000587,2023-06-05,3421.01,Education,Pending,Mobile App,2023-06-03
APP0000379,CUST0000107,2024-10-24,38059.56,Personal,Rejected,Mobile App,2024-11-01
APP0000380,CUST0001863,2024-04-27,16396.94,Auto,Approved,Mobile App,2024-05-10
APP0000381,CUST0001120,2022-10-18,16098.37,Debt Consolidation,Rejected,Online,2022-10-20
APP0000382,CUST0001216,2022-09-23,4785.92,Personal,Pending,Online,2026-08-24
APP0000383,CUST0001701,2024-11-24,12098.52,Home Improvement,Rejected,Online,2024-11-30
APP0000384,CUST0001017,2026-06-28,24093.32,Wedding,Approved,Online,2026-07-07
APP0000385,CUST0000580,2022-10-18,12784.75,Education,Rejected,Branch,2022-10-25
APP0000386,CUST0001557,2024-04-28,2932.44,Education,Approved,Mobile App,2024-05-15
APP0000387,CUST0001061,2023-03-08,9763.62,Medical,Withdrawn,Branch,2023-03-18
APP0000388,CUST0000478,2022-11-23,14826.13,Business,Approved,Partner Referral,2022-12-09
APP0000389,CUST0001690,2025-08-16,10050.01,Business,Approved,Mobile App,2025-08-17
APP0000390,CUST0001626,2025-04-08,15244.72,Wedding,Withdrawn,Branch,2025-04-22
APP0000391,CUST0000495,2024-01-17,16129.0,Debt Consolidation,Approved,Online,2024-01-25
APP0000392,CUST0001300,2024-02-01,30145.39,Home Improvement,Approved,Branch,2024-02-13
APP0000393,CUST0001842,2023-10-10,3073.73,Auto,Approved,Branch,2023-10-27
APP0000394,CUST0001599,2026-08-19,2722.39,Home Improvement,Withdrawn,Online,2026-08-24
APP0000395,CUST0000398,2026-05-18,10038.29,Wedding,Withdrawn,Branch,2026-05-26
APP0000396,CUST0001712,2022-01-08,20146.14,Debt Consolidation,Rejected,Mobile App,2022-01-13
APP0000397,CUST0000113,2025-09-23,20775.2,,Rejected,Online,2025-10-11
APP0000398,CUST0001235,2023-04-29,3059.42,Medical,Rejected,Online,2023-05-05
APP0000399,CUST0001023,2024-11-29,2541.75,Auto,Approved,Online,2024-11-30
APP0000400,CUST0000074,2026-05-10,18808.58,Auto,Approved,Online,2026-05-16
APP0000401,CUST0001453,2023-10-03,10479.34,Education,Pending,Online,2026-08-24
APP0000402,CUST0000596,2023-12-15,45998.38,Education,Approved,Mobile App,2023-12-30
APP0000403,CUST0001705,2024-10-11,32627.67,Personal,Rejected,Mobile App,2024-10-29
APP0000404,CUST0001757,2023-03-17,4914.8,Medical,Approved,Online,2023-03-26
APP0000405,CUST0001181,2022-12-19,13266.73,Wedding,Rejected,Partner Referral,2023-01-01
APP0000406,CUST0001254,2024-09-02,11982.56,Home Improvement,Approved,Mobile App,2024-09-22
APP0000407,CUST0000105,2022-09-08,123225.88,Home Improvement,Approved,Online,2022-09-27
APP0000408,CUST0001781,2024-12-20,15288.54,Medical,Approved,Mobile App,2024-12-21
APP0000409,CUST0001364,2022-11-23,18707.07,Debt Consolidation,Withdrawn,Mobile App,2022-11-25
APP0000410,CUST0000770,2022-02-10,3390.66,Debt Consolidation,Approved,Branch,2022-02-18
APP0000411,CUST0000172,2022-02-25,2896.53,Auto,Rejected,Online,2022-03-03
APP0000412,CUST0001010,2022-12-11,1645.68,Education,Approved,Mobile App,2022-12-15
APP0000413,CUST0001802,2022-02-27,17454.02,Auto,Approved,Online,2022-03-03
APP0000414,CUST0001726,2023-03-12,24290.0,Auto,DECL,Online,2023-03-29
APP0000415,CUST0000198,2023-09-27,16481.82,Debt Consolidation,Approved,Mobile App,2023-10-01
APP0000416,CUST0001525,2022-11-16,3449.17,Debt Consolidation,Rejected,Mobile App,2022-11-26
APP0000417,CUST0000164,2024-04-26,45587.39,Wedding,Rejected,Mobile App,2024-04-27
APP0000418,CUST0000756,2023-07-25,14576.27,Debt Consolidation,Pending,Online,2026-08-24
APP0000419,CUST0000895,2022-01-18,30110.41,Business,Pending,Online,2026-08-24
APP0000420,CUST0000046,2023-04-28,9021.19,Business,Approved,Call Center,2023-05-10
APP0000421,CUST0000275,2021-09-16,13101.34,Home Improvement,Rejected,Mobile App,2021-09-22
APP0000422,CUST0001761,2025-04-21,52121.52,Home Improvement,Rejected,Mobile App,2025-04-23
APP0000423,CUST0001259,2023-11-11,10709.91,Auto,Pending,Online,2026-08-24
APP0000424,CUST0001573,2024-08-22,22262.65,Business,Withdrawn,Partner Referral,2024-09-07
APP0000425,CUST0001143,2022-05-12,43552.91,Debt Consolidation,Rejected,Online,2022-05-15
APP0000426,CUST0000899,2023-10-17,47537.33,Personal,Rejected,Online,2023-11-03
APP0000427,CUST0000037,2025-09-10,23754.72,Auto,Approved,Mobile App,2025-09-29
APP0000428,CUST0001093,2022-08-25,9861.14,Medical,Pending,Online,2026-08-24
APP0000429,CUST0001542,2026-07-26,49870.74,Wedding,Pending,Mobile App,2026-08-24
APP0000430,CUST0000409,2023-10-02,31715.58,Home Improvement,Approved,Branch,2023-10-08
APP0000431,CUST0000983,2022-05-01,21085.87,Wedding,Rejected,Call Center,2022-05-14
APP0000432,CUST0000825,2022-07-20,8172.25,Education,Approved,Online,2022-08-04
APP0000433,CUST0001742,2023-12-16,33182.99,Medical,Approved,Online,2023-12-31
APP0000434,CUST0000327,2026-05-29,24339.89,Debt Consolidation,Approved,Mobile App,2026-06-13
APP0000435,CUST0000211,2024-01-03,25531.22,Debt Consolidation,Approved,Mobile App,2024-01-07
APP0000436,CUST0000422,2022-07-08,5327.39,Personal,Rejected,Call Center,2022-07-27
APP0000437,CUST0000313,2023-08-03,15700.3,,Approved,Online,2023-08-17
APP0000438,CUST0001693,2025-12-09,12119.89,Personal,Rejected,Mobile App,2025-12-12
APP0000439,CUST0000522,2026-07-27,19507.56,Personal,Rejected,Online,2026-08-09
APP0000440,CUST0000725,2024-09-22,44435.8,Medical,Rejected,Online,2024-10-11
APP0000441,CUST0000515,2025-12-23,25234.75,Auto,Approved,Online,2025-12-24
APP0000442,CUST0001630,2025-09-13,5372.05,Auto,Approved,Online,2025-10-01
APP0000443,CUST0001329,2023-10-08,34035.32,Business,Rejected,Online,2023-10-15
APP0000444,CUST0000948,2026-02-02,18369.46,Business,Rejected,Online,2026-02-08
APP0000445,CUST0001598,2022-01-09,4462.15,Auto,Rejected,Online,2022-01-19
APP0000446,CUST0000142,2025-09-01,3778.14,Education,Approved,Call Center,2025-09-16
APP0000447,CUST0001357,2024-07-21,44408.16,Education,Withdrawn,Online,2024-07-24
APP0000448,CUST0000724,2024-08-05,44113.31,Home Improvement,Approved,Mobile App,2024-08-11
APP0000449,CUST0000759,2026-04-28,30124.66,Education,Rejected,Call Center,2026-05-15
APP0000450,CUST0000317,2022-12-25,29233.24,Personal,Withdrawn,Branch,2022-12-30
APP0000451,CUST0000195,2022-08-21,1962.46,Wedding,Pending,Mobile App,2026-08-24
APP0000452,CUST0001388,2024-12-12,13400.43,,Approved,Online,2024-12-25
APP0000453,CUST0001701,2025-05-10,5842.8,Home Improvement,Pending,Online,2026-08-24
APP0000454,CUST0001823,2021-09-02,,Wedding,Approved,Mobile App,2021-09-04
APP0000455,CUST0000488,2024-02-23,3441.53,Wedding,Pending,Mobile App,2026-08-24
APP0000456,CUST0001527,2023-07-15,16829.6,Personal,Rejected,Branch,2023-07-17
APP0000457,CUST0000223,2025-09-29,5715.71,Auto,approved,Call Center,2025-10-07
APP0000458,CUST0001557,2025-12-08,985.93,Auto,Withdrawn,Mobile App,2025-12-22
APP0000459,CUST0001133,2022-05-05,17489.59,Education,Rejected,Branch,2022-05-20
APP0000460,CUST0001724,2024-07-20,2700.53,Auto,Approved,Online,2024-08-09
APP0000461,CUST0000136,2025-04-04,57199.71,Personal,Rejected,Call Center,2025-04-22
APP0000462,CUST0001554,2022-12-13,87427.54,Medical,Rejected,Partner Referral,2022-12-14
APP0000463,CUST0000935,2026-04-26,176455.24,Auto,Rejected,Mobile App,2026-05-06
APP0000464,CUST0001138,2026-02-09,16767.12,Personal,Approved,Mobile App,2026-02-10
APP0000465,CUST0001078,2022-07-05,4495.44,Auto,Approved,Branch,2022-07-22
APP0000466,CUST0001429,2021-09-21,2157.07,Home Improvement,Withdrawn,Online,2021-09-23
APP0000467,CUST0001199,2024-07-15,37515.62,Personal,Rejected,Call Center,2024-07-31
APP0000468,CUST0000832,2026-01-23,1435.2,Auto,Rejected,Mobile App,2026-01-24
APP0000469,CUST0000871,2025-01-22,1735.0,Business,Rejected,Branch,2025-01-25
APP0000470,CUST0000142,2025-06-11,24971.56,Business,Approved,Mobile App,2025-06-30
APP0000471,CUST0001449,2025-03-31,53365.7,Debt Consolidation,Approved,Branch,2025-04-04
APP0000472,CUST0001412,2022-05-19,16205.7,Debt Consolidation,Approved,Online,2022-05-29
APP0000473,CUST0001134,2021-12-25,41973.91,Personal,Approved,Mobile App,2022-01-05
APP0000474,CUST0001444,2021-12-17,15464.12,Debt Consolidation,Pending,Online,2026-08-24
APP0000475,CUST0000538,2026-07-26,24145.7,Auto,Approved,Online,2026-08-14
APP0000476,CUST0000448,2026-05-27,40484.78,Personal,Approved,Online,2026-06-05
APP0000477,CUST0001850,2025-10-25,76596.71,Home Improvement,Rejected,Online,2025-11-07
APP0000478,CUST0001908,2021-12-25,59107.08,Education,Pending,Call Center,2026-08-24
APP0000479,CUST0001706,2026-02-02,40031.22,Debt Consolidation,Approved,Online,2026-02-05
APP0000480,CUST0000106,2026-07-08,39691.81,Education,Approved,Online,2026-07-18
APP0000481,CUST0001098,2025-07-27,14260.33,Business,Rejected,Mobile App,2025-08-03
APP0000482,CUST0001472,2023-10-02,31889.75,Home Improvement,Rejected,Call Center,2023-10-21
APP0000483,CUST0000075,2022-02-10,1004.51,Auto,Rejected,Mobile App,2022-02-23
APP0000484,CUST0001937,2023-06-01,96356.35,Education,Approved,Partner Referral,2023-06-14
APP0000485,CUST0001575,2022-09-01,28859.11,Personal,Pending,Mobile App,2026-08-24
APP0000486,CUST0000619,2024-11-23,500.0,Education,Rejected,Mobile App,2024-12-12
APP0000487,CUST0001013,2026-01-22,26396.72,Business,Rejected,Branch,2026-01-24
APP0000488,CUST0001825,2024-02-16,11390.21,Medical,Withdrawn,Online,2024-02-26
APP0000489,CUST0001708,2021-11-20,12123.95,Home Improvement,Rejected,Branch,2021-12-04
APP0000490,CUST0001653,2023-08-07,12758.54,Wedding,APPROVED,Mobile App,2023-08-25
APP0000491,CUST0001968,2025-08-24,17496.44,Personal,Rejected,Mobile App,2025-08-30
APP0000492,CUST0001489,2024-11-05,9853.58,Debt Consolidation,Rejected,Mobile App,2024-11-12
APP0000493,CUST0001871,2021-11-07,3267.89,Auto,Approved,Mobile App,2021-11-08
APP0000494,CUST0001908,2023-05-26,74131.67,Medical,Approved,Mobile App,2023-06-09
APP0000495,CUST0000040,2023-05-29,3293.0,Debt Consolidation,Approved,Online,2023-06-02
APP0000496,CUST0001309,2021-10-26,5743.55,Personal,Withdrawn,Online,2021-11-08
APP0000497,CUST0000668,2023-05-25,6120.27,Home Improvement,Pending,Branch,2026-08-24
APP0000498,CUST0000990,2025-10-08,1326.31,,Rejected,Online,2025-10-18
APP0000499,CUST0000336,2022-04-19,73884.73,Auto,Rejected,Call Center,2022-04-29
APP0000500,CUST0001352,2024-03-21,12811.23,Wedding,Rejected,Online,2024-04-01
APP0000501,CUST0001670,2024-12-06,28492.0,Home Improvement,Rejected,Online,2024-12-13
APP0000502,CUST0000824,2025-01-29,1800.07,Medical,Approved,Mobile App,2025-02-02
APP0000503,CUST0001397,2023-04-19,18397.78,Business,Approved,Online,2023-05-05
APP0000504,CUST0000650,2024-07-10,15905.55,Home Improvement,rejected,Branch,2024-07-29
APP0000505,CUST0001499,2025-04-06,4911.28,Debt Consolidation,Rejected,Online,2025-04-12
APP0000506,CUST0000165,2024-09-19,23420.82,Debt Consolidation,Pending,Online,2026-08-24
APP0000507,CUST0001761,2025-11-02,38289.43,Home Improvement,Withdrawn,Mobile App,2025-11-05
APP0000508,CUST0000757,2022-09-28,32352.82,Auto,Rejected,Online,2022-10-02
APP0000509,CUST0001010,2022-03-09,3630.13,Wedding,Approved,Branch,2022-03-17
APP0000510,CUST0001607,2026-04-27,8288.11,Wedding,Approved,Online,2026-05-12
APP0000511,CUST0000060,2025-04-26,1699.94,Education,Approved,Branch,2025-05-10
APP0000512,CUST0001891,2023-11-20,14503.89,Wedding,Rejected,Branch,2023-12-05
APP0000513,CUST0001229,2024-07-01,88312.04,Debt Consolidation,Rejected,Online,2024-07-03
APP0000514,CUST0001951,2026-04-01,500.0,Education,Approved,Mobile App,2026-04-02
APP0000515,CUST0001103,2025-12-24,63049.62,Medical,Rejected,Branch,2025-12-30
APP0000516,CUST0000414,2025-09-06,84755.37,Debt Consolidation,Rejected,Call Center,2025-09-13
APP0000517,CUST0001165,2024-08-07,62948.16,Education,Approved,Mobile App,2024-08-18
APP0000518,CUST0001143,2025-03-31,43345.19,Medical,Rejected,Branch,2025-04-12
APP0000519,CUST0001842,2024-07-19,43195.81,Personal,Approved,Online,2024-07-23
APP0000520,CUST0001152,2023-12-13,5863.44,Medical,Rejected,Mobile App,2023-12-30
APP0000521,CUST0000813,2025-01-06,62713.27,Medical,Rejected,Branch,2025-01-21
APP0000522,CUST0000353,2021-10-05,48278.99,Home Improvement,Approved,Mobile App,2021-10-12
APP0000523,CUST0000652,2025-10-12,5749.92,Medical,Rejected,Branch,2025-10-25
APP0000524,CUST0001164,2023-03-23,11911.39,Debt Consolidation,Rejected,Online,2023-03-29
APP0000525,CUST0000738,2024-05-16,36623.69,Education,Approved,Mobile App,2024-05-18
APP0000526,CUST0000726,2024-12-21,19415.7,Medical,Pending,Mobile App,2026-08-24
APP0000527,CUST0000030,2023-04-15,19900.66,Auto,Rejected,Online,2023-04-17
APP0000528,CUST0001885,2023-04-20,7145.65,Auto,Rejected,Mobile App,2023-04-25
APP0000529,CUST0001674,2022-07-14,43283.89,Wedding,Approved,Branch,2022-07-21
APP0000530,CUST0000511,2022-02-22,67444.08,Business,Rejected,Branch,2022-03-12
APP0000531,CUST0000275,2026-01-20,13932.28,Personal,Approved,Call Center,2026-02-01
APP0000532,CUST0001670,2024-03-27,31341.41,Medical,Approved,Online,2024-04-12
APP0000533,CUST0001674,2025-01-16,18772.49,Medical,Rejected,Online,2025-02-04
APP0000534,CUST0001794,2022-06-03,6738.15,Debt Consolidation,Withdrawn,Online,2022-06-21
APP0000535,CUST0001095,2025-11-29,21679.1,Business,Approved,Call Center,2025-12-12
APP0000536,CUST0001472,2023-03-07,22924.44,Debt Consolidation,Rejected,Online,2023-03-15
APP0000537,CUST0001460,2023-12-13,1660.74,Wedding,Rejected,Mobile App,2023-12-22
APP0000538,CUST0000430,2024-02-27,27043.9,Business,Rejected,Mobile App,2024-03-02
APP0000539,CUST0001048,2025-05-14,24043.53,Medical,Pending,Mobile App,2026-08-24
APP0000540,CUST0000521,2022-03-25,29182.83,Business,Approved,Online,2022-04-06
APP0000541,CUST0001508,2026-03-08,16691.19,Wedding,Rejected,Online,2026-03-28
APP0000542,CUST0001943,2022-03-18,10085.56,Home Improvement,Approved,Partner Referral,2022-03-22
APP0000543,CUST0000154,2024-10-31,26966.01,Business,Approved,Branch,2024-11-16
APP0000544,CUST0000152,2022-09-12,22090.96,Personal,Rejected,Online,2022-09-18
APP0000545,CUST0000529,2026-04-07,1533.25,Education,Approved,Online,2026-04-09
APP0000546,CUST0000235,2024-08-09,1971.05,Business,Approved,Mobile App,2024-08-18
APP0000547,CUST0000019,2026-05-16,2282.46,Education,Approved,Call Center,2026-06-05
APP0000548,CUST0001958,2026-04-25,13381.0,Home Improvement,Approved,Branch,2026-05-05
APP0000549,CUST0001165,2022-12-26,16510.04,Wedding,Approved,Online,2022-12-30
APP0000550,CUST0001554,2022-11-04,71401.75,Auto,Approved,Mobile App,2022-11-11
APP0000551,CUST0001133,2022-03-18,15958.1,Medical,Approved,Online,2022-04-01
APP0000552,CUST0001493,2025-03-31,2178.84,Wedding,Rejected,Call Center,2025-04-06
APP0000553,CUST0001373,2021-10-08,10789.36,Debt Consolidation,Rejected,Online,2021-10-13
APP0000554,CUST0000321,2022-08-05,19506.24,Medical,Withdrawn,Online,2022-08-10
APP0000555,CUST0000301,2026-03-11,17969.65,Education,Withdrawn,Online,2026-03-13
APP0000556,CUST0000978,2024-10-28,25967.55,Home Improvement,Pending,Online,2026-08-24
APP0000557,CUST0000743,2023-11-26,57274.03,Business,Rejected,Online,2023-12-03
APP0000558,CUST0001682,2022-05-03,9144.69,Education,Approved,Mobile App,2022-05-10
APP0000559,CUST0000613,2025-11-15,6501.55,Auto,Approved,Branch,2025-11-22
APP0000560,CUST0000658,2025-11-15,5784.91,Home Improvement,Withdrawn,Mobile App,2025-11-29
APP0000561,CUST0001059,2021-11-17,573.54,Auto,Withdrawn,Online,2021-12-05
APP0000562,CUST0000386,2025-05-11,32555.01,Personal,Rejected,Online,2025-05-26
APP0000563,CUST0001717,2023-04-17,4531.26,Education,Rejected,Branch,2023-04-29
APP0000564,CUST0000022,2025-01-19,11236.9,Personal,Approved,Branch,2025-02-03
APP0000565,CUST0001696,2023-02-14,10724.89,Business,APPR,Online,2023-02-19
APP0000566,CUST0001246,2021-09-20,16530.6,Personal,Rejected,Mobile App,2021-10-09
APP0000567,CUST0001776,2025-06-01,4519.01,Personal,Approved,Online,2025-06-14
APP0000568,CUST0000588,2025-10-30,5007.96,Education,Approved,Online,2025-11-19
APP0000569,CUST0001801,2025-01-24,1343.42,Auto,Pending,Online,2026-08-24
APP0000570,CUST0001728,2022-05-27,37872.92,Business,Rejected,Mobile App,2022-05-30
APP0000571,CUST0000914,2023-11-24,24258.38,Wedding,Pending,Online,2026-08-24
APP0000572,CUST0000568,2024-04-25,9459.79,Auto,APPR,Online,2024-05-02
APP0000573,CUST0000395,2025-08-12,34833.34,Medical,Rejected,Branch,2025-08-17
APP0000574,CUST0000304,2025-07-13,8933.66,Wedding,Rejected,Online,2025-07-29
APP0000575,CUST0001167,2026-02-01,24321.98,Education,Rejected,Online,2026-02-12
APP0000576,CUST0001921,2024-10-21,22024.22,Home Improvement,Withdrawn,Mobile App,2024-11-06
APP0000577,CUST0001132,2026-05-07,34316.63,Auto,Approved,Mobile App,2026-05-12
APP0000578,CUST0001930,2025-09-28,11829.07,Auto,Approved,Online,2025-09-30
APP0000579,CUST0001512,2022-08-25,20394.32,Medical,Rejected,Online,2022-09-03
APP0000580,CUST0001371,2025-03-11,7271.9,Wedding,Rejected,Online,2025-02-26
APP0000581,CUST0001450,2022-01-27,18850.69,Personal,Rejected,Partner Referral,2022-02-08
APP0000582,CUST0001857,2025-06-05,58809.08,Wedding,Rejected,Mobile App,2025-06-23
APP0000583,CUST0001717,2022-10-03,15380.24,Business,Approved,Online,2022-10-20
APP0000584,CUST0000324,2023-02-21,4028.67,Education,Rejected,Partner Referral,2023-03-11
APP0000585,CUST0001170,2024-07-08,14119.55,Business,Rejected,Branch,2024-07-18
APP0000586,CUST0000921,2023-07-18,15317.21,Medical,Approved,Online,2023-07-23
APP0000587,CUST0001759,2024-11-19,51947.14,Debt Consolidation,Pending,Partner Referral,2026-08-24
APP0000588,CUST0000409,2024-02-26,12196.72,Debt Consolidation,Rejected,Mobile App,2024-03-08
APP0000589,CUST0001640,2024-10-29,10027.86,Education,Approved,Branch,2024-11-05
APP0000590,CUST0000958,2024-07-30,23107.29,Business,Approved,Mobile App,2024-08-08
APP0000591,CUST0001865,2022-09-05,4706.5,Auto,Approved,Partner Referral,2022-09-21
APP0000592,CUST0001583,2025-02-07,38848.44,Debt Consolidation,Approved,Online,2025-02-15
APP0000593,CUST0000690,2026-06-10,67158.05,Debt Consolidation,Rejected,Online,2026-06-27
APP0000594,CUST0001690,2024-06-04,4266.48,Auto,Withdrawn,Branch,2024-06-09
APP0000595,CUST0000375,2024-09-06,9994.27,Personal,Approved,Partner Referral,2024-09-13
APP0000596,CUST0000009,2025-03-14,1173.75,Medical,Approved,Online,2025-03-17
APP0000597,CUST0001014,2022-01-26,41784.82,Wedding,Pending,Online,2026-08-24
APP0000598,CUST0000780,2022-05-27,47998.93,Wedding,Rejected,Branch,2022-06-14
APP0000599,CUST0000252,2024-06-09,13727.87,Personal,Approved,Online,2024-06-14
APP0000600,CUST0001989,2023-08-15,25291.24,Wedding,Rejected,Mobile App,2023-08-26
APP0000601,CUST0000079,2025-02-08,18089.74,Home Improvement,Approved,Online,2025-02-24
APP0000602,CUST0001179,2026-03-19,5353.97,Wedding,Approved,Mobile App,2026-04-01
APP0000603,CUST0000523,2025-07-23,1218.74,Wedding,Withdrawn,Mobile App,2025-08-05
APP0000604,CUST0000593,2022-09-25,1039.69,Personal,DECL,Branch,2022-10-01
APP0000605,CUST0000423,2023-03-09,17574.96,Home Improvement,Approved,Mobile App,2023-03-10
APP0000606,CUST0000778,2022-05-14,14798.0,Auto,Withdrawn,Online,2022-06-02
APP0000607,CUST0001335,2022-02-19,47660.81,Business,Rejected,Branch,2022-03-10
APP0000608,CUST0000646,2025-05-16,42592.15,Debt Consolidation,Approved,Mobile App,2025-06-04
APP0000609,CUST0001444,2025-02-08,5569.8,Personal,Withdrawn,Online,2025-02-09
APP0000610,CUST0000896,2022-08-15,50880.05,Medical,Rejected,Online,2022-08-29
APP0000611,CUST0001571,2025-03-04,23591.65,Debt Consolidation,Rejected,Branch,2025-03-10
APP0000612,CUST0000889,2023-12-08,33556.77,Auto,Approved,Branch,2023-12-15
APP0000613,CUST0000732,2026-01-10,4010.14,Medical,Approved,Mobile App,2026-01-19
APP0000614,CUST0001014,2025-03-16,36397.15,Business,Withdrawn,Online,2025-03-21
APP0000615,CUST0001374,2023-01-01,24499.69,Education,Approved,Online,2023-01-13
APP0000616,CUST0000930,2024-01-27,27017.18,,Pending,Partner Referral,2026-08-24
APP0000617,CUST0001813,2022-10-25,51361.5,Education,Rejected,Online,2022-11-13
APP0000618,CUST0001033,2026-02-26,105168.84,Wedding,Rejected,Partner Referral,2026-03-15
APP0000619,CUST0000593,2024-03-21,,Auto,Pending,Mobile App,2026-08-24
APP0000620,CUST0000056,2026-01-14,5113.29,Auto,Withdrawn,Mobile App,2026-02-03
APP0000621,CUST0000786,2024-03-15,930.12,Debt Consolidation,Pending,Online,2026-08-24
APP0000622,CUST0000109,2024-02-29,1130.22,Medical,Approved,Call Center,2024-03-02
APP0000623,CUST0000072,2022-07-28,22636.61,Auto,Rejected,Call Center,2022-08-15
APP0000624,CUST0000743,2026-06-14,40012.68,Personal,Approved,Mobile App,2026-06-21
APP0000625,CUST0000581,2025-01-04,4808.29,Debt Consolidation,Approved,Mobile App,2025-01-13
APP0000626,CUST0001770,2023-02-08,54373.69,Education,Pending,Branch,2026-08-24
APP0000627,CUST0001461,2025-11-05,2686.26,Personal,Withdrawn,Online,2025-11-24
APP0000628,CUST0001582,2022-10-26,23488.91,Auto,Approved,Partner Referral,2022-11-03
APP0000629,CUST0001091,2022-02-17,47453.35,Debt Consolidation,Rejected,Online,2022-03-03
APP0000630,CUST0000221,2024-12-30,19422.31,Business,Withdrawn,Branch,2025-01-13
APP0000631,CUST0001703,2025-05-22,1001.2,Education,Rejected,Online,2025-06-03
APP0000632,CUST0000990,2024-07-05,2878.5,Education,Approved,Mobile App,2024-07-16
APP0000633,CUST0000859,2025-03-19,24844.08,Wedding,Approved,Mobile App,2025-03-21
APP0000634,CUST0001210,2022-11-26,99868.91,Debt Consolidation,Rejected,Mobile App,2022-12-14
APP0000635,CUST0000328,2023-01-14,33143.11,Home Improvement,Withdrawn,Online,2023-01-21
APP0000636,CUST0000963,2023-07-03,4628.81,Medical,Approved,Online,2023-07-08
APP0000637,CUST0001212,2022-09-08,6574.04,Education,Approved,Online,2022-09-13
APP0000638,CUST0001396,2022-10-24,10908.88,Wedding,Pending,Partner Referral,2026-08-24
APP0000639,CUST0001001,2021-11-19,30509.92,Education,Pending,Online,2026-08-24
APP0000640,CUST0001995,2022-10-31,6768.42,,Withdrawn,Partner Referral,2022-11-11
APP0000641,CUST0001981,2024-05-20,14345.56,Personal,Pending,Online,2026-08-24
APP0000642,CUST0000193,2023-06-27,29368.82,Medical,Rejected,Call Center,2023-07-14
APP0000643,CUST0000166,2023-10-17,12690.5,Personal,Withdrawn,Branch,2023-10-24
APP0000644,CUST0001032,2026-04-08,27590.67,Auto,Rejected,Mobile App,2026-04-25
APP0000645,CUST0001656,2021-09-05,1330.73,Personal,Rejected,Mobile App,2021-09-19
APP0000646,CUST0001025,2025-10-27,11405.14,Education,Approved,Mobile App,2025-11-14
APP0000647,CUST0000435,2021-10-24,33692.81,Education,Rejected,Mobile App,2021-10-25
APP0000648,CUST0001125,2024-03-17,30903.3,Wedding,Appr.,Online,2024-03-28
APP0000649,CUST0001887,2022-04-19,662.59,Home Improvement,Pending,Partner Referral,2026-08-24
APP0000650,CUST0000334,2024-01-14,9869.65,Auto,Approved,Mobile App,2024-01-19
APP0000651,CUST0000891,2026-02-13,36579.24,Home Improvement,Approved,Online,2026-02-27
APP0000652,CUST0001277,2021-10-21,51174.4,Personal,Withdrawn,Online,2021-11-05
APP0000653,CUST0000787,2024-03-07,39971.74,Personal,Rejected,Branch,2024-03-10
APP0000654,CUST0000089,2023-12-17,55016.45,Personal,Rejected,Call Center,2024-01-06
APP0000655,CUST0001340,2023-11-27,740.54,Home Improvement,Rejected,Mobile App,2023-12-16
APP0000656,CUST0001483,2024-10-07,234989.14,Auto,Approved,Online,2024-10-13
APP0000657,CUST0001311,2023-04-12,46096.07,Medical,Approved,Mobile App,2023-04-16
APP0000658,CUST0001327,2025-07-16,8317.92,Personal,Pending,Online,2026-08-24
APP0000659,CUST0001314,2022-11-02,26723.03,Personal,Pending,Online,2026-08-24
APP0000660,CUST0000661,2023-06-06,25081.69,Wedding,Approved,Mobile App,2023-06-07
APP0000661,CUST0000034,2023-12-28,21944.28,Personal,Approved,Online,2024-01-04
APP0000662,CUST0001978,2026-03-30,964.74,Wedding,Approved,Online,2026-04-13
APP0000663,CUST0000409,2024-04-25,6540.08,Auto,Rejected,Online,2024-05-09
APP0000664,CUST0001658,2025-11-06,23135.99,Education,Approved,Online,2025-11-17
APP0000665,CUST0001082,2022-05-07,99829.47,Education,Approved,Online,2022-05-21
APP0000666,CUST0001080,2022-01-22,14907.47,Home Improvement,Approved,Online,2022-01-25
APP0000667,CUST0000042,2024-02-26,24244.38,Wedding,Rejected,Branch,2024-03-17
APP0000668,CUST0001982,2026-02-28,16057.19,Debt Consolidation,Rejected,Call Center,2026-03-04
APP0000669,CUST0001058,2022-10-26,10334.12,Personal,Rejected,Online,2022-11-03
APP0000670,CUST0001661,2022-10-05,8350.32,Auto,Approved,Call Center,2022-10-19
APP0000671,CUST0001556,2022-05-22,23372.34,Home Improvement,Approved,Mobile App,2022-05-25
APP0000672,CUST0000276,2026-04-06,9403.09,Education,Rejected,Online,2026-04-15
APP0000673,CUST0001896,2022-02-09,66749.84,Medical,Approved,Online,2022-02-28
APP0000674,CUST0001183,2024-10-19,15985.69,Medical,Pending,Online,2026-08-24
APP0000675,CUST0000371,2023-07-20,17508.26,Wedding,Approved,Mobile App,2023-08-02
APP0000676,CUST0001162,2023-09-16,19550.62,Business,Rejected,Mobile App,2023-09-29
APP0000677,CUST0001233,2025-03-14,68268.47,Education,Rejected,Online,2025-03-16
APP0000678,CUST0001306,2023-10-30,2682.76,Personal,Rejected,Online,2023-11-01
APP0000679,CUST0000643,2021-10-06,2442.96,Personal,Rejected,Online,2021-10-09
APP0000680,CUST0001882,2024-06-17,82188.06,Home Improvement,Approved,Mobile App,2024-06-18
APP0000681,CUST0000474,2021-10-10,22226.16,Medical,Approved,Online,2021-10-21
APP0000682,CUST0000985,2025-11-12,32393.04,Wedding,Approved,Branch,2025-11-18
APP0000683,CUST0001678,2026-05-17,5720.12,Personal,Approved,Mobile App,2026-05-29
APP0000684,CUST0000155,2025-10-31,24709.76,Debt Consolidation,Pending,Mobile App,2026-08-24
APP0000685,CUST0000808,2023-09-19,29844.64,Home Improvement,Rejected,Online,2023-09-27
APP0000686,CUST0000959,2023-09-21,11016.46,Auto,Rejected,Branch,2023-09-24
APP0000687,CUST0001546,2024-07-28,27387.42,Education,Approved,Branch,2024-08-13
APP0000688,CUST0001576,2025-11-22,47790.94,Personal,Rejected,Mobile App,2025-11-25
APP0000689,CUST0001594,2025-05-31,36659.74,Medical,Rejected,Branch,2025-06-19
APP0000690,CUST0000718,2024-01-03,14932.26,Home Improvement,Approved,Online,2024-01-07
APP0000691,CUST0000984,2025-09-14,12746.99,Education,Approved,Online,2025-10-04
APP0000692,CUST0000055,2023-09-26,5393.63,Home Improvement,Approved,Mobile App,2023-10-11
APP0000693,CUST0001646,2025-06-30,17132.69,Business,Approved,Mobile App,2025-07-17
APP0000694,CUST0000607,2022-11-12,2111.54,Wedding,Withdrawn,Mobile App,2022-11-29
APP0000695,CUST0000935,2023-12-01,43251.29,Business,Approved,Mobile App,2023-12-10
APP0000696,CUST0001365,2025-10-14,27867.06,Wedding,Approved,Call Center,2025-10-18
APP0000697,CUST0001554,2022-11-17,64182.67,Education,Approved,Call Center,2022-12-01
APP0000698,CUST0000173,2024-09-30,2874.08,Personal,Approved,Online,2024-10-14
APP0000699,CUST0001535,2023-01-18,5391.08,Wedding,Approved,Online,2023-02-04
APP0000700,CUST0000752,2023-10-21,37784.53,Home Improvement,Approved,Call Center,2023-10-26
APP0000701,CUST0000836,2023-04-09,50491.51,Business,Approved,Mobile App,2023-04-26
APP0000702,CUST0000267,2024-12-16,21829.96,,Approved,Partner Referral,2025-01-03
APP0000703,CUST0001434,2025-06-04,14982.83,Debt Consolidation,Rejected,Branch,2025-06-19
APP0000704,CUST0000952,2025-12-14,15494.11,Home Improvement,Rejected,Partner Referral,2025-12-20
APP0000705,CUST0000208,2023-06-05,9235.84,Home Improvement,Rejected,Online,2023-06-10
APP0000706,CUST0000284,2022-08-21,2015.12,Home Improvement,Approved,Branch,2022-08-24
APP0000707,CUST0001443,2026-04-20,39331.72,Debt Consolidation,Approved,Branch,2026-05-07
APP0000708,CUST0000219,2023-08-11,9814.36,Wedding,Withdrawn,Online,2023-08-20
APP0000709,CUST0001043,2024-11-28,1606.64,Medical,Approved,Online,2024-12-05
APP0000710,CUST0001396,2023-07-20,19023.2,Home Improvement,Rejected,Online,2023-07-24
APP0000711,CUST0001825,2025-10-26,2437.66,Auto,Approved,Online,2025-11-05
APP0000712,CUST0000317,2022-01-10,37727.52,Business,Approved,Partner Referral,2022-01-14
APP0000713,CUST0000592,2021-11-05,9365.26,Business,Rejected,Partner Referral,2021-11-22
APP0000714,CUST0000310,2023-04-27,62564.83,Debt Consolidation,Rejected,Call Center,2023-05-04
APP0000715,CUST0001760,2023-09-21,4336.97,Home Improvement,Approved,Partner Referral,2023-09-30
APP0000716,CUST0001186,2025-06-16,36514.88,Education,Rejected,Mobile App,2025-06-30
APP0000717,CUST0001967,2023-12-31,22789.8,Wedding,Rejected,Partner Referral,2024-01-14
APP0000718,CUST0000088,2022-11-30,8613.42,Debt Consolidation,Rejected,Online,2022-12-03
APP0000719,CUST0001412,2022-01-10,38570.33,Personal,Pending,Online,2026-08-24
APP0000720,CUST0000066,2025-09-13,6676.55,Debt Consolidation,Rejected,Call Center,2025-09-19
APP0000721,CUST0000219,2024-03-11,11662.95,Medical,Approved,Branch,2024-03-26
APP0000722,CUST0000863,2026-06-04,5410.27,Home Improvement,Approved,Mobile App,2026-06-22
APP0000723,CUST0000734,2023-04-21,52629.49,Medical,Rejected,Branch,2023-05-11
APP0000724,CUST0000731,2022-10-07,75537.27,Wedding,Approved,Online,2022-10-13
APP0000725,CUST0000136,2023-01-02,17530.88,Home Improvement,Pending,Online,2026-08-24
APP0000726,CUST0001090,2023-09-12,25784.55,Business,Pending,Mobile App,2026-08-24
APP0000727,CUST0000682,2022-05-09,27432.0,Auto,Approved,Branch,2022-05-13
APP0000728,CUST0001987,2022-04-21,20358.52,Business,Rejected,Online,2022-05-02
APP0000729,CUST0001580,2025-08-12,29891.15,Debt Consolidation,Approved,Mobile App,2025-08-14
APP0000730,CUST0000870,2025-02-08,11016.65,Auto,Approved,Online,2025-02-09
APP0000731,CUST0001531,2024-02-26,30233.21,Wedding,Withdrawn,Branch,2024-03-17
APP0000732,CUST0001153,2024-01-22,37673.3,Business,Rejected,Mobile App,2024-02-08
APP0000733,CUST0000991,2024-02-18,12148.04,Wedding,Rejected,Branch,2024-03-03
APP0000734,CUST0001839,2024-08-03,16635.79,Business,Rejected,Partner Referral,2024-08-08
APP0000735,CUST0001175,2023-01-28,3747.94,Home Improvement,Approved,Branch,2023-01-30
APP0000736,CUST0000967,2025-07-16,14255.31,Medical,Rejected,Partner Referral,2025-07-19
APP0000737,CUST0001134,2021-09-08,13277.77,Wedding,Withdrawn,Mobile App,2021-09-17
APP0000738,CUST0001563,2025-07-12,24094.26,Business,Rejected,Call Center,2025-07-29
APP0000739,CUST0001483,2025-08-12,92095.66,,Rejected,Mobile App,2025-08-24
APP0000740,CUST0001098,2024-03-24,7788.03,Personal,Approved,Mobile App,2024-04-10
APP0000741,CUST0000354,2023-02-15,611.63,Debt Consolidation,Pending,Branch,2026-08-24
APP0000742,CUST0001275,2026-01-22,67445.8,Wedding,Approved,Branch,2026-02-06
APP0000743,CUST0000862,2025-09-27,9716.33,Home Improvement,Withdrawn,Online,2025-09-29
APP0000744,CUST0001866,2026-04-22,17149.42,Wedding,Approved,Online,2026-04-27
APP0000745,CUST0001817,2021-09-23,926.28,Personal,Approved,Online,2021-09-30
APP0000746,CUST0000002,2024-10-19,11732.91,Medical,Approved,Mobile App,2024-10-30
APP0000747,CUST0001999,2021-09-07,82077.95,Medical,Rejected,Online,2021-09-23
APP0000748,CUST0001802,2021-11-03,15936.78,Debt Consolidation,Approved,Branch,2021-11-23
APP0000749,CUST0001815,2021-12-16,35210.39,Auto,Rejected,Online,2022-01-05
APP0000750,CUST0000996,2025-07-11,13723.79,Home Improvement,Pending,Online,2026-08-24
APP0000751,CUST0000542,2025-04-13,38471.2,Business,Approved,Branch,2025-05-03
APP0000752,CUST0001214,2026-02-08,2017.02,Home Improvement,Rejected,Call Center,2026-02-27
APP0000753,CUST0001767,2024-10-27,3967.4,Personal,Approved,Online,2024-10-31
APP0000754,CUST0000901,2024-06-06,17003.78,Auto,Rejected,Call Center,2024-06-20
APP0000755,CUST0001971,2022-07-22,19976.44,Personal,Rejected,Online,2022-07-31
APP0000756,CUST0000522,2025-02-23,32362.48,Auto,Pending,Branch,2026-08-24
APP0000757,CUST0001707,2026-03-15,4644.76,Personal,Approved,Online,2026-04-02
APP0000758,CUST0000133,2023-06-06,9404.7,Business,Rejected,Online,2023-06-10
APP0000759,CUST0001679,2025-02-16,27860.7,Wedding,Approved,Online,2025-03-01
APP0000760,CUST0001891,2024-02-27,41317.85,Education,Rejected,Online,2024-03-17
APP0000761,CUST0001406,2024-04-03,21281.44,Auto,Approved,Mobile App,2024-04-17
APP0000762,CUST0001248,2025-08-21,29329.39,Business,Rejected,Mobile App,2025-09-08
APP0000763,CUST0000823,2023-02-07,19029.76,Debt Consolidation,Rejected,Online,2023-02-22
APP0000764,CUST0001747,2026-01-10,1610.42,Wedding,Rejected,Call Center,2026-01-26
APP0000765,CUST0000254,2026-07-29,7223.07,Business,Approved,Mobile App,2026-08-15
APP0000766,CUST0000582,2022-03-23,9547.4,Debt Consolidation,Rejected,Online,2022-04-11
APP0000767,CUST0000263,2024-03-15,8203.84,Home Improvement,Approved,Online,2024-03-19
APP0000768,CUST0000556,2021-09-25,30986.45,Debt Consolidation,Rejected,Online,2021-10-11
APP0000769,CUST0001047,2023-05-04,8662.26,Business,Withdrawn,Mobile App,2023-05-12
APP0000770,CUST0000672,2023-07-08,7261.45,Business,Approved,Branch,2023-07-20
APP0000771,CUST0000842,2024-12-19,31906.45,Home Improvement,Approved,Online,2025-01-02
APP0000772,CUST0000463,2023-08-08,45708.2,Education,Rejected,Online,2023-08-21
APP0000773,CUST0000706,2023-06-17,6707.16,Medical,Approved,Online,2023-06-21
APP0000774,CUST0000996,2025-07-07,16152.22,Medical,Rejected,Online,2025-07-24
APP0000775,CUST0000428,2025-06-09,34075.79,Education,Approved,Branch,2025-06-24
APP0000776,CUST0001873,2021-09-09,8292.56,Personal,Approved,Partner Referral,2021-09-24
APP0000777,CUST0001795,2023-05-02,17210.21,Wedding,Pending,Online,2026-08-24
APP0000778,CUST0001753,2025-06-20,22676.76,Home Improvement,Approved,Online,2025-07-02
APP0000779,CUST0000003,2022-02-28,16878.12,Wedding,Rejected,Online,2022-03-06
APP0000780,CUST0000991,2024-04-30,14323.25,Education,Approved,Online,2024-05-12
APP0000781,CUST0001591,2024-02-09,2148.76,Home Improvement,Approved,Mobile App,2024-02-15
APP0000782,CUST0000698,2025-02-19,22147.49,Wedding,Rejected,Partner Referral,2025-03-09
APP0000783,CUST0000464,2025-01-10,11814.36,Auto,Rejected,Mobile App,2025-01-12
APP0000784,CUST0001224,2024-03-11,13871.7,Medical,Pending,Online,2026-08-24
APP0000785,CUST0000005,2023-09-18,25574.27,Wedding,Approved,Call Center,2023-10-03
APP0000786,CUST0001225,2025-08-07,48099.84,Education,Approved,Mobile App,2025-08-22
APP0000787,CUST0000903,2023-07-23,28036.73,Home Improvement,Rejected,Online,2023-08-04
APP0000788,CUST0001368,2023-11-01,14141.63,Debt Consolidation,Rejected,Partner Referral,2023-11-13
APP0000789,CUST0001366,2023-09-29,50689.25,Personal,Rejected,Mobile App,2023-09-30
APP0000790,CUST9182795,2023-05-18,47525.13,Auto,Rejected,Mobile App,2023-06-04
APP0000791,CUST0001168,2024-10-17,27111.18,Debt Consolidation,Pending,Branch,2026-08-24
APP0000792,CUST0000054,2024-10-30,26619.23,Debt Consolidation,Approved,Online,2024-11-04
APP0000793,CUST0001963,2026-02-22,14435.91,Wedding,Withdrawn,Mobile App,2026-02-23
APP0000794,CUST0000153,2023-11-14,7978.03,Education,Withdrawn,Branch,2023-11-25
APP0000795,CUST0001954,2025-06-12,47367.25,Education,Approved,Partner Referral,2025-06-18
APP0000796,CUST0001948,2023-03-02,33694.38,Education,Rejected,Online,2023-03-05
APP0000797,CUST0001436,2026-06-18,16248.8,Medical,Rejected,Online,2026-06-21
APP0000798,CUST0001493,2026-03-20,10932.63,Wedding,Rejected,Mobile App,2026-04-03
APP0000799,CUST0000060,2024-08-08,5284.96,Education,Approved,Branch,2024-08-16
APP0000800,CUST0001897,2025-04-06,4679.17,Business,Approved,Branch,2025-04-22
APP0000801,CUST0001057,2024-07-18,500.0,Wedding,Rejected,Mobile App,2024-07-25
APP0000802,CUST0000680,2022-08-19,15691.91,Debt Consolidation,Pending,Mobile App,2026-08-24
APP0000803,CUST0001340,2026-05-09,2405.25,Auto,Pending,Branch,2026-08-24
APP0000804,CUST0001070,2025-05-07,7209.36,Personal,Withdrawn,Online,2025-05-19
APP0000805,CUST0000724,2023-09-30,11524.22,Debt Consolidation,Approved,Mobile App,2023-10-14
APP0000806,CUST0000644,2022-11-28,51616.05,Auto,Rejected,Branch,2022-12-05
APP0000807,CUST0000237,2024-12-28,2556.49,Home Improvement,Approved,Mobile App,2025-01-15
APP0000808,CUST0001818,2023-10-21,36214.25,Business,Rejected,Mobile App,2023-11-03
APP0000809,CUST0001332,2025-10-15,22777.98,Personal,Pending,Branch,2026-08-24
APP0000810,CUST0000576,2022-09-26,30197.29,Auto,Pending,Online,2026-08-24
APP0000811,CUST0001447,2024-04-02,15430.04,Business,Rejected,Online,2024-04-12
APP0000812,CUST0001388,2022-03-19,27117.08,Personal,Approved,Online,2022-04-03
APP0000813,CUST0000280,2025-03-19,93190.19,Wedding,Approved,Mobile App,2025-03-26
APP0000814,CUST0000351,2023-08-23,3919.75,Wedding,Rejected,Mobile App,2023-08-24
APP0000815,CUST0000462,2022-08-12,52863.77,Medical,Rejected,Partner Referral,2022-08-24
APP0000816,CUST0000211,2024-06-03,,Debt Consolidation,Rejected,Branch,2024-06-14
APP0000817,CUST0001646,2024-07-03,3786.12,Business,Pending,Mobile App,2026-08-24
APP0000818,CUST0000312,2023-02-27,16805.45,Education,Approved,Mobile App,2023-03-14
APP0000819,CUST0001623,2026-05-06,25894.76,Medical,Approved,Branch,2026-05-20
APP0000820,CUST0001059,2022-01-08,1768.27,Education,Approved,Mobile App,2022-01-19
APP0000821,CUST0000234,2023-04-24,12539.5,Business,Approved,Online,2023-04-25
APP0000822,CUST0001690,2022-11-23,5309.88,,Approved,Branch,2022-12-05
APP0000823,CUST0000347,2026-04-11,19038.53,Auto,Approved,Call Center,2026-04-30
APP0000824,CUST0001999,2022-11-16,11026.66,Auto,Rejected,Branch,2022-12-05
APP0000825,CUST0000029,2022-10-01,34691.2,Medical,Rejected,Online,2022-10-03
APP0000826,CUST0001246,2024-08-07,1860.51,Business,Approved,Branch,2024-08-25
APP0000827,CUST0000628,2022-12-13,4487.11,Debt Consolidation,Pending,Partner Referral,2026-08-24
APP0000828,CUST0001068,2023-01-22,9777.96,Auto,Rejected,Online,2023-01-24
APP0000829,CUST0001680,2022-11-15,4141.45,Business,Rejected,Partner Referral,2022-11-16
APP0000830,CUST0001574,2024-04-25,3965.92,Debt Consolidation,Rejected,Partner Referral,2024-05-06
APP0000831,CUST0000563,2025-05-23,13452.91,Personal,Rejected,Branch,2025-05-27
APP0000832,CUST0000128,2023-12-31,30969.61,Personal,Approved,Online,2024-01-13
APP0000833,CUST0000568,2026-02-04,11140.03,Auto,Pending,Online,2026-08-24
APP0000834,CUST0001619,2022-12-24,1718.13,Business,Approved,Online,2023-01-11
APP0000835,CUST0001031,2025-11-14,37466.5,Medical,Rejected,Online,2025-11-19
APP0000836,CUST0001517,2025-05-09,26392.33,Auto,Rejected,Mobile App,2025-05-15
APP0000837,CUST0000990,2022-01-06,4083.08,Home Improvement,Pending,Partner Referral,2026-08-24
APP0000838,CUST0001060,2024-12-26,155334.27,Wedding,Rejected,Online,2024-12-29
APP0000839,CUST0000130,2026-08-11,7359.65,Personal,Rejected,Branch,2026-08-21
APP0000840,CUST0000046,2025-01-18,4792.23,Wedding,Rejected,Branch,2025-01-30
APP0000841,CUST0001407,2022-12-09,13836.0,Home Improvement,Rejected,Online,2022-12-22
APP0000842,CUST0000405,2023-10-25,60527.77,Wedding,Rejected,Branch,2023-11-04
APP0000843,CUST0000722,2025-12-29,4327.22,Business,Withdrawn,Call Center,2026-01-01
APP0000844,CUST0000740,2023-03-26,4051.7,Education,Pending,Branch,2026-08-24
APP0000845,CUST0001267,2024-01-10,52651.23,Auto,Approved,Online,2024-01-12
APP0000846,CUST0001883,2024-08-07,2351.38,Home Improvement,Approved,Mobile App,2024-08-26
APP0000847,CUST0001516,2025-10-14,16805.37,Auto,Pending,Online,2026-08-24
APP0000848,CUST0001277,2026-06-11,22338.87,Home Improvement,Approved,Partner Referral,2026-06-18
APP0000849,CUST0001670,2025-03-03,37707.58,Personal,Rejected,Partner Referral,2025-03-10
APP0000850,CUST0001021,2023-10-26,23661.35,Wedding,Approved,Online,2023-10-28
APP0000851,CUST0000291,2023-09-13,1893.22,Wedding,Approved,Branch,2023-09-23
APP0000852,CUST0000977,2024-12-21,8997.89,Wedding,Rejected,Mobile App,2024-12-23
APP0000853,CUST0001956,2022-01-07,2574.44,Home Improvement,Rejected,Branch,2022-01-22
APP0000854,CUST0001560,2023-11-10,20949.64,Business,Rejected,Branch,2023-11-15
APP0000855,CUST0000700,2023-06-05,500.0,Personal,Approved,Partner Referral,2023-06-08
APP0000856,CUST0000648,2026-04-23,5364.86,Education,Rejected,Online,2026-04-26
APP0000857,CUST0001837,2025-12-03,13325.45,Education,Rejected,Branch,2025-12-04
APP0000858,CUST0000190,2022-12-21,6377.68,Medical,Rejected,Online,2022-12-29
APP0000859,CUST0001866,2024-12-03,16320.44,Personal,Rejected,Online,2024-12-05
APP0000860,CUST0001355,2023-12-10,524.25,Business,Withdrawn,Call Center,2023-12-12
APP0000861,CUST0001616,2025-10-19,8004.57,Business,Pending,Mobile App,2026-08-24
APP0000862,CUST0000659,2024-02-12,13094.37,Debt Consolidation,Rejected,Mobile App,2024-02-24
APP0000863,CUST0001298,2024-11-08,21886.05,Wedding,Rejected,Online,2024-11-13
APP0000864,CUST0000652,2025-04-16,20905.29,Education,Rejected,Call Center,2025-04-25
APP0000865,CUST0000035,2025-10-06,57523.28,Wedding,Rejected,Online,2025-10-15
APP0000866,CUST0000910,2025-04-03,29026.14,Business,Rejected,Branch,2025-04-15
APP0000867,CUST0001960,2023-02-17,30775.8,Education,Pending,Online,2026-08-24
APP0000868,CUST0000486,2025-05-06,12823.57,Personal,Withdrawn,Branch,2025-05-26
APP0000869,CUST0000325,2023-03-25,2372.71,Home Improvement,Rejected,Branch,2023-03-27
APP0000870,CUST0001844,2025-04-24,38695.62,Medical,Rejected,Online,2025-05-14
APP0000871,CUST0001821,2026-05-24,131201.13,Debt Consolidation,Rejected,Branch,2026-05-30
APP0000872,CUST0001694,2023-12-30,28671.27,Business,Approved,Online,2024-01-08
APP0000873,CUST0001954,2026-02-09,15173.36,Auto,Rejected,Mobile App,2026-02-11
APP0000874,CUST0001983,2022-06-05,907.71,Debt Consolidation,Withdrawn,Branch,2022-06-13
APP0000875,CUST0001837,2023-10-10,8037.77,Personal,Pending,Call Center,2026-08-24
APP0000876,CUST0001930,2025-12-31,5091.3,Home Improvement,Pending,Online,2026-08-24
APP0000877,CUST0001490,2025-04-19,32418.82,Home Improvement,Rejected,Online,2025-05-02
APP0000878,CUST0000629,2023-04-10,26799.01,Home Improvement,Rejected,Online,2023-04-18
APP0000879,CUST0000917,2024-02-25,29021.72,Education,Rejected,Online,2024-03-15
APP0000880,CUST0000762,2022-03-14,20021.77,Auto,Rejected,Branch,2022-03-30
APP0000881,CUST0001019,2025-09-23,2030.88,Education,Approved,Online,2025-09-29
APP0000882,CUST0001397,2022-04-17,15777.37,Auto,Rejected,Online,2022-04-30
APP0000883,CUST0000484,2024-06-20,2225.42,Personal,Approved,Online,2024-06-28
APP0000884,CUST0000032,2024-02-14,9917.94,Auto,Rejected,Branch,2024-02-18
APP0000885,CUST0001206,2024-09-26,10907.62,Personal,Withdrawn,Mobile App,2024-10-10
APP0000886,CUST0001988,2023-10-11,6075.11,Medical,Rejected,Branch,2023-10-20
APP0000887,CUST0001724,2022-01-28,1217.26,Debt Consolidation,Approved,Partner Referral,2022-01-30
APP0000888,CUST0000022,2024-12-18,53560.73,Medical,Rejected,Online,2025-01-05
APP0000889,CUST0001198,2026-02-13,168064.68,Home Improvement,Rejected,Branch,2026-02-26
APP0000890,CUST0001063,2024-09-15,13018.21,Medical,Rejected,Online,2024-09-27
APP0000891,CUST0000850,2021-11-12,38656.86,Debt Consolidation,Approved,Mobile App,2021-12-02
APP0000892,CUST0001338,2022-03-09,33221.08,Personal,Rejected,Online,2022-03-24
APP0000893,CUST0000853,2023-01-08,500.0,Education,Pending,Partner Referral,2026-08-24
APP0000894,CUST0001829,2023-02-17,22101.26,Home Improvement,Approved,Mobile App,2023-03-04
APP0000895,CUST0001816,2022-04-05,62497.61,Wedding,Rejected,Branch,2022-04-09
APP0000896,CUST0001289,2026-02-16,25465.33,Auto,Pending,Branch,2026-08-24
APP0000897,CUST0000917,2025-05-02,34699.11,Home Improvement,Rejected,Online,2025-05-13
APP0000898,CUST0001194,2025-06-24,12468.76,Debt Consolidation,Withdrawn,Online,2025-06-30
APP0000899,CUST0001801,2026-06-19,932.32,Home Improvement,Pending,Call Center,2026-08-24
APP0000900,CUST0000601,2025-12-31,8044.37,Debt Consolidation,Rejected,Mobile App,2026-01-12
APP0000901,CUST0001738,2022-07-03,15061.04,Medical,Rejected,Online,2022-07-12
APP0000902,CUST0001182,2021-10-04,16356.18,Education,Approved,Online,2021-10-07
APP0000903,CUST0000128,2025-04-18,89691.12,Auto,Approved,Online,2025-04-30
APP0000904,CUST0001500,2026-03-17,9314.0,Wedding,Rejected,Mobile App,2026-03-29
APP0000905,CUST0000405,2025-02-25,12878.44,Wedding,Approved,Branch,2025-03-14
APP0000906,CUST0001032,2025-12-14,31655.55,Auto,Approved,Mobile App,2025-12-17
APP0000907,CUST0001901,2024-09-09,5416.05,Business,Pending,Online,2026-08-24
APP0000908,CUST0001560,2023-11-28,,Medical,Approved,Call Center,2023-12-17
APP0000909,CUST0001400,2022-04-19,19541.76,Auto,Approved,Online,2022-04-25
APP0000910,CUST0000140,2025-01-05,13805.11,Home Improvement,Rejected,Online,2025-01-20
APP0000911,CUST0001719,2023-02-08,4574.54,Education,Approved,Partner Referral,2023-02-15
APP0000912,CUST0000671,2023-01-03,19242.46,Home Improvement,Rejected,Mobile App,2023-01-07
APP0000913,CUST0000101,2026-01-10,23362.21,Business,Approved,Branch,2026-01-25
APP0000914,CUST0001920,2024-12-09,13240.85,Wedding,Rejected,Call Center,2024-12-25
APP0000915,CUST0000382,2023-11-15,9819.93,Auto,Rejected,Online,2023-12-04
APP0000916,CUST0000647,2025-08-22,18952.32,Education,Rejected,Online,2025-09-06
APP0000917,CUST0000285,2025-04-24,110420.69,Wedding,Approved,Online,2025-05-01
APP0000918,CUST0001244,2024-01-24,15776.34,Business,Rejected,Online,2024-02-08
APP0000919,CUST0001736,2026-07-15,3315.83,Medical,Approved,Mobile App,2026-07-16
APP0000920,CUST0001040,2021-10-15,10893.66,Wedding,Rejected,Branch,2021-10-22
APP0000921,CUST0001739,2024-02-11,35728.37,Debt Consolidation,Approved,Branch,2024-02-16
APP0000922,CUST0001874,2023-09-24,6268.59,Education,Approved,Mobile App,2023-10-05
APP0000923,CUST0001746,2022-04-05,13390.38,Auto,Approved,Online,2022-04-19
APP0000924,CUST0000326,2025-04-09,8467.96,Home Improvement,Approved,Online,2025-04-21
APP0000925,CUST0000413,2022-02-24,39408.64,Education,Approved,Online,2022-02-28
APP0000926,CUST0000599,2025-03-02,24360.17,Business,Approved,Mobile App,2025-03-10
APP0000927,CUST0001277,2025-06-02,46593.36,Business,Pending,Branch,2026-08-24
APP0000928,CUST0001725,2024-01-29,4203.19,Business,declined,Partner Referral,2024-02-10
APP0000929,CUST0000626,2022-11-14,42762.71,Auto,Rejected,Call Center,2022-11-29
APP0000930,CUST0001333,2026-07-29,103530.23,Medical,Approved,Mobile App,2026-08-03
APP0000931,CUST0000375,2025-03-04,8822.17,Debt Consolidation,Approved,Mobile App,2025-03-15
APP0000932,CUST0001087,2022-03-26,37494.98,Education,Withdrawn,Branch,2022-04-13
APP0000933,CUST0001560,2025-04-30,38918.19,Personal,Approved,Call Center,2025-05-03
APP0000934,CUST0000790,2022-06-10,11939.17,Medical,Pending,Branch,2026-08-24
APP0000935,CUST0000327,2024-10-05,44930.83,Auto,Rejected,Online,2024-10-12
APP0000936,CUST0000823,2022-12-09,3050.26,,Approved,Online,2022-12-16
APP0000937,CUST0001525,2024-10-27,5779.77,Business,Rejected,Mobile App,2024-11-11
APP0000938,CUST0001870,2025-08-31,40745.92,Business,Rejected,Online,2025-09-07
APP0000939,CUST0001233,2025-07-26,45850.22,Medical,Pending,Mobile App,2026-08-24
APP0000940,CUST0001343,2025-06-17,50585.59,Home Improvement,Rejected,Partner Referral,2025-06-22
APP0000941,CUST0000839,2025-03-08,10071.51,Medical,Approved,Online,2025-03-11
APP0000942,CUST0001859,2025-07-06,20180.73,Auto,Rejected,Online,2025-07-24
APP0000943,CUST0001740,2026-02-27,653.2,Debt Consolidation,Approved,Online,2026-03-01
APP0000944,CUST0001945,2026-01-17,24950.61,Medical,Rejected,Branch,2026-01-21
APP0000945,CUST0001727,2025-07-05,54739.21,Personal,Rejected,Mobile App,2025-07-22
APP0000946,CUST0001095,2023-11-11,,Education,Approved,Online,2023-11-27
APP0000947,CUST0001921,2023-02-11,59449.62,Home Improvement,Pending,Branch,2026-08-24
APP0000948,CUST0001220,2023-03-29,34044.01,Personal,Withdrawn,Branch,2023-04-15
APP0000949,CUST0001204,2024-09-17,12178.05,Home Improvement,Approved,Online,2024-10-02
APP0000950,CUST0001313,2024-08-25,2099.29,Education,Approved,Online,2024-09-01
APP0000951,CUST0000372,2023-10-14,65861.34,Education,Rejected,Online,2023-10-16
APP0000952,CUST0001679,2023-09-12,28354.12,Business,Approved,Mobile App,2023-09-28
APP0000953,CUST0000726,2025-04-10,9258.39,Personal,Approved,Online,2025-04-24
APP0000954,CUST0001319,2024-04-07,13003.67,Auto,Pending,Online,2026-08-24
APP0000955,CUST0001689,2021-09-28,18311.06,Personal,Approved,Branch,2021-10-04
APP0000956,CUST0000230,2022-05-08,12956.47,Education,Approved,Mobile App,2022-05-15
APP0000957,CUST0000602,2023-04-21,16898.58,Auto,Approved,Mobile App,2023-04-27
APP0000958,CUST0001885,2023-08-18,17939.78,Debt Consolidation,Approved,Online,2023-09-05
APP0000959,CUST0000723,2025-04-23,58023.73,Education,Rejected,Branch,2025-04-28
APP0000960,CUST0001322,2024-01-05,657.85,Medical,Pending,Mobile App,2026-08-24
APP0000961,CUST0001124,2023-10-13,9977.43,Medical,Rejected,Call Center,2023-10-26
APP0000962,CUST0001740,2022-01-31,2582.11,Business,Approved,Mobile App,2022-02-02
APP0000963,CUST0001021,2021-12-14,3936.02,Business,Pending,Mobile App,2026-08-24
APP0000964,CUST0000850,2026-08-14,25341.75,Home Improvement,Rejected,Online,2026-08-24
APP0000965,CUST0000033,2025-12-14,23235.28,Auto,Rejected,Branch,2025-12-25
APP0000966,CUST0000950,2021-11-01,6999.72,Wedding,Approved,Call Center,2021-11-15
APP0000967,CUST0001171,2023-12-01,39088.41,Education,Rejected,Online,2023-12-11
APP0000968,CUST0001378,2026-03-31,37864.35,Medical,Approved,Online,2026-04-13
APP0000969,CUST9900194,2025-03-17,20598.38,Wedding,Rejected,Mobile App,2025-04-06
APP0000970,CUST0001553,2022-01-18,89314.88,Business,Rejected,Call Center,2022-01-26
APP0000971,CUST0000919,2023-10-17,3696.37,Personal,Approved,Online,2023-10-25
APP0000972,CUST0000157,2025-12-11,1609.21,Medical,Rejected,Call Center,2025-12-25
APP0000973,CUST0000509,2023-02-22,27560.56,Home Improvement,Rejected,Online,2023-02-24
APP0000974,CUST0000815,2024-05-22,24081.66,Business,Rejected,Call Center,2024-05-28
APP0000975,CUST0001958,2023-04-06,4793.36,Personal,Rejected,Call Center,2023-04-10
APP0000976,CUST0001540,2022-08-18,10879.97,Education,Approved,Mobile App,2022-08-28
APP0000977,CUST0001790,2025-12-12,43309.72,Medical,Rejected,Call Center,2025-12-15
APP0000978,CUST0001985,2022-10-21,1624.11,Debt Consolidation,Pending,Partner Referral,2026-08-24
APP0000979,CUST0000267,2024-07-24,,Home Improvement,Approved,Call Center,2024-08-02
APP0000980,CUST0000024,2023-05-29,13180.92,Wedding,Pending,Branch,2026-08-24
APP0000981,CUST0001148,2024-09-17,29800.01,Home Improvement,Withdrawn,Branch,2024-09-26
APP0000982,CUST0000530,2025-08-13,18040.87,,Rejected,Online,2025-08-30
APP0000983,CUST0001738,2024-05-30,21432.19,Business,Approved,Online,2024-06-15
APP0000984,CUST0000930,2022-05-20,65604.16,Medical,Declined,Mobile App,2022-05-22
APP0000985,CUST0000019,2023-01-31,1679.12,Wedding,Approved,Online,2023-02-14
APP0000986,CUST0000446,2022-11-10,9107.64,,Approved,Partner Referral,2022-11-11
APP0000987,CUST0000684,2025-02-02,25113.95,Wedding,APPR,Online,2025-02-06
APP0000988,CUST0000054,2025-02-09,41240.69,,Rejected,Online,2025-02-25
APP0000989,CUST0000635,2022-05-13,,Business,Rejected,Online,2022-05-25
APP0000990,CUST0001080,2024-09-19,17149.49,Personal,Rejected,Online,2024-09-26
APP0000991,CUST0001787,2023-12-20,16274.17,Wedding,Approved,Online,2023-12-24
APP0000992,CUST0001299,2023-10-02,6211.55,Medical,Approved,Branch,2023-10-09
APP0000993,CUST0000187,2025-12-08,500.0,Auto,Approved,Online,2025-12-24
APP0000994,CUST0000833,2021-12-13,25979.41,Personal,Rejected,Mobile App,2021-12-25
APP0000995,CUST0001538,2025-04-12,42983.7,Business,Approved,Online,2025-04-15
APP0000996,CUST0000740,2024-06-09,7799.51,Auto,Approved,Mobile App,2024-06-19
APP0000997,CUST0001127,2022-12-10,28614.88,Auto,Approved,Mobile App,2022-12-15
APP0000998,CUST0001972,2022-10-17,36732.72,Personal,Rejected,Online,2022-10-20
APP0000999,CUST0000276,2022-06-19,10067.93,Education,REJECTED,Online,2022-06-21
APP0001000,CUST0000956,2024-09-15,20317.15,Wedding,Rejected,Mobile App,2024-10-01
APP0001001,CUST0001220,2024-12-03,15700.66,Business,Approved,Mobile App,2024-12-07
APP0001002,CUST0001597,2023-01-08,3664.17,Wedding,Approved,Online,2023-01-12
APP0001003,CUST0001674,2023-07-22,16377.18,Auto,Approved,Mobile App,2023-08-09
APP0001004,CUST0000575,2026-07-20,48252.32,Personal,Approved,Online,2026-08-06
APP0001005,CUST0000934,2025-03-04,26455.96,Home Improvement,REJECTED,Online,2025-03-15
APP0001006,CUST0001661,2024-08-07,3202.32,Business,Pending,Online,2026-08-24
APP0001007,CUST0001678,2022-03-31,56183.69,Medical,Approved,Mobile App,2022-04-01
APP0001008,CUST0001648,2024-07-03,40550.82,,Rejected,Online,2024-07-07
APP0001009,CUST0001336,2023-08-13,55888.43,Personal,Approved,Branch,2023-08-21
APP0001010,CUST0000536,2025-10-30,46815.82,Debt Consolidation,Rejected,Online,2025-11-15
APP0001011,CUST0000737,2022-08-10,25347.47,Home Improvement,Rejected,Online,2022-08-12
APP0001012,CUST0001312,2026-08-12,22356.58,Education,Approved,Online,2026-08-24
APP0001013,CUST0000509,2026-05-09,15130.63,Medical,Approved,Branch,2026-05-11
APP0001014,CUST0001365,2025-07-17,5979.47,Education,Rejected,Mobile App,2025-08-06
APP0001015,CUST0001031,2024-02-25,36040.22,Medical,Rejected,Mobile App,2024-03-01
APP0001016,CUST0000886,2024-08-13,5623.3,Debt Consolidation,Approved,Online,2024-08-28
APP0001017,CUST0000711,2026-03-06,10684.2,Wedding,Rejected,Online,2026-03-19
APP0001018,CUST0001548,2025-12-18,,Business,Approved,Online,2025-12-26
APP0001019,CUST0000931,2025-09-10,32598.69,Education,Pending,Call Center,2026-08-24
APP0001020,CUST0000614,2022-07-21,36835.82,Home Improvement,Rejected,Branch,2022-08-03
APP0001021,CUST0000768,2023-09-08,33883.75,Home Improvement,Approved,Mobile App,2023-09-18
APP0001022,CUST0000969,2025-06-20,74159.29,Education,Rejected,Online,2025-07-04
APP0001023,CUST0001236,2022-04-09,23769.7,Debt Consolidation,Rejected,Branch,2022-04-15
APP0001024,CUST0001981,2025-01-17,25630.92,Medical,Rejected,Branch,2025-02-01
APP0001025,CUST0000681,2023-06-10,501.15,Wedding,Approved,Mobile App,2023-06-25
APP0001026,CUST0000358,2024-06-18,23680.94,Wedding,Rejected,Branch,2024-06-28
APP0001027,CUST0001956,2026-03-28,,Education,Approved,Online,2026-04-11
APP0001028,CUST0000296,2025-12-24,70943.88,Home Improvement,Rejected,Branch,2026-01-10
APP0001029,CUST0001808,2023-06-27,18194.37,Debt Consolidation,Withdrawn,Partner Referral,2023-07-10
APP0001030,CUST0000285,2025-03-12,76504.69,Home Improvement,Approved,Online,2025-03-18
APP0001031,CUST0000728,2021-09-13,,,Rejected,Mobile App,2021-09-19
APP0001032,CUST0001997,2025-03-25,27772.81,Education,Rejected,Partner Referral,2025-04-14
APP0001033,CUST0000332,2022-05-03,3399.58,Business,Rejected,Branch,2022-05-20
APP0001034,CUST0000320,2026-03-13,5287.41,Medical,Approved,Branch,2026-03-20
APP0001035,CUST0001219,2023-02-20,13524.61,Personal,Rejected,Online,2023-03-07
APP0001036,CUST0000381,2025-02-22,3487.88,Home Improvement,Rejected,Mobile App,2025-02-23
APP0001037,CUST0000049,2024-12-23,3920.47,Medical,Withdrawn,Call Center,2025-01-06
APP0001038,CUST0001390,2022-12-04,20446.75,Education,Rejected,Partner Referral,2022-12-09
APP0001039,CUST0001919,2025-11-02,11208.97,Debt Consolidation,Rejected,Online,2025-11-09
APP0001040,CUST0001519,2022-07-26,24043.36,Wedding,Approved,Call Center,2022-08-14
APP0001041,CUST0001929,2026-02-23,10387.09,Wedding,Approved,Online,2026-02-26
APP0001042,CUST0001055,2024-03-19,131161.9,Business,Rejected,Mobile App,2024-04-04
APP0001043,CUST0001229,2023-12-25,14996.11,Business,Rejected,Online,2024-01-03
APP0001044,CUST0001966,2022-10-27,93579.2,Home Improvement,Rejected,Online,2022-11-05
APP0001045,CUST0001008,2021-09-09,1093.58,,Approved,Mobile App,2021-09-19
APP0001046,CUST0000078,2025-02-22,5349.39,Home Improvement,Approved,Branch,2025-03-13
APP0001047,CUST0000478,2025-04-23,38139.68,Home Improvement,Approved,Partner Referral,2025-05-04
APP0001048,CUST0001242,2025-11-10,1853.98,Education,Approved,Online,2025-11-15
APP0001049,CUST0001715,2026-06-20,14010.47,Wedding,Rejected,Call Center,2026-06-21
APP0001050,CUST0001213,2023-02-08,21282.78,Business,Approved,Branch,2023-02-13
APP0001051,CUST0000812,2024-06-25,6777.25,Wedding,Approved,Online,2024-06-29
APP0001052,CUST0000643,2026-03-20,18108.65,Wedding,Rejected,Online,2026-03-23
APP0001053,CUST0001367,2024-06-25,40346.74,Business,Rejected,Mobile App,2024-07-15
APP0001054,CUST0001799,2025-05-19,776.06,Debt Consolidation,Withdrawn,Mobile App,2025-05-28
APP0001055,CUST0000557,2025-03-19,69418.84,Wedding,Pending,Online,2025-03-08
APP0001056,CUST0001106,2026-08-03,4405.63,Education,Approved,Online,2026-08-14
APP0001057,CUST0000855,2023-05-08,4513.33,Education,Rejected,Branch,2023-05-13
APP0001058,CUST0000493,2022-08-22,24797.7,Wedding,Rejected,Mobile App,2022-08-25
APP0001059,CUST0000811,2026-03-24,38935.12,Business,Pending,Mobile App,2026-08-24
APP0001060,CUST0000177,2023-12-15,37231.26,Debt Consolidation,Rejected,Mobile App,2023-12-18
APP0001061,CUST0001061,2022-08-14,45343.1,Personal,Approved,Online,2022-08-16
APP0001062,CUST0000215,2024-11-06,24241.87,Wedding,Approved,Online,2024-11-14
APP0001063,CUST0000949,2025-11-27,18894.68,Home Improvement,Withdrawn,Online,2025-12-04
APP0001064,CUST0001795,2025-06-18,51907.86,Medical,Pending,Partner Referral,2026-08-24
APP0001065,CUST0000292,2023-04-30,24976.7,Debt Consolidation,Rejected,Branch,2023-05-11
APP0001066,CUST0000501,2026-03-17,4183.93,Business,Rejected,Online,2026-03-29
APP0001067,CUST0001443,2021-11-06,19867.59,Home Improvement,Rejected,Mobile App,2021-11-15
APP0001068,CUST0001815,2026-02-07,,Medical,Pending,Branch,2026-08-24
APP0001069,CUST0001912,2022-07-25,18188.5,Business,Rejected,Online,2022-08-08
APP0001070,CUST0000241,2022-10-30,21165.55,Personal,Approved,Online,2022-11-03
APP0001071,CUST0000479,2023-03-21,9692.02,Auto,Approved,Mobile App,2023-03-29
APP0001072,CUST0001968,2023-10-05,10574.36,Wedding,Rejected,Mobile App,2023-10-06
APP0001073,CUST0001012,2021-11-20,15179.0,Debt Consolidation,Approved,Online,2021-12-10
APP0001074,CUST0001667,2025-03-28,36532.8,Home Improvement,Rejected,Online,2025-04-10
APP0001075,CUST0000029,2022-04-21,20005.81,Debt Consolidation,Withdrawn,Online,2022-05-08
APP0001076,CUST0000233,2022-04-23,12003.05,Business,Approved,Mobile App,2022-05-09
APP0001077,CUST0000409,2021-09-02,43568.0,Auto,Pending,Online,2026-08-24
APP0001078,CUST0000173,2026-06-11,6559.09,Debt Consolidation,Rejected,Online,2026-06-21
APP0001079,CUST9043438,2021-11-20,8882.13,Personal,Rejected,Online,2021-12-08
APP0001080,CUST0001607,2025-05-19,16211.2,Auto,Approved,Partner Referral,2025-05-31
APP0001081,CUST0000781,2024-10-25,16624.78,Business,Approved,Branch,2024-11-06
APP0001082,CUST0000157,2025-10-16,6050.65,Education,Withdrawn,Online,2025-11-05
APP0001083,CUST0000213,2023-11-25,4861.37,Debt Consolidation,Rejected,Branch,2023-12-10
APP0001084,CUST0000525,2026-03-08,46243.94,Education,Rejected,Mobile App,2026-03-24
APP0001085,CUST0001455,2024-01-03,1296.57,Personal,Approved,Call Center,2024-01-19
APP0001086,CUST0001603,2022-07-15,1811.25,Auto,Approved,Partner Referral,2022-07-22
APP0001087,CUST0001079,2026-02-27,8644.25,Personal,Approved,Branch,2026-03-19
APP0001088,CUST0001816,2023-10-04,13239.5,Auto,Rejected,Branch,2023-10-22
APP0001089,CUST0001857,2021-09-05,9892.47,Auto,Pending,Online,2026-08-24
APP0001090,CUST0001536,2024-11-26,966.4,Home Improvement,Approved,Mobile App,2024-12-07
APP0001091,CUST0000158,2023-04-02,8741.72,Home Improvement,Approved,Mobile App,2023-04-07
APP0001092,CUST0001780,2025-10-04,44066.23,Home Improvement,Approved,Online,2025-10-15
APP0001093,CUST0001817,2022-05-31,2008.07,Business,Approved,Branch,2022-06-17
APP0001094,CUST0001120,2025-05-03,18850.3,Home Improvement,Approved,Online,2025-05-17
APP0001095,CUST0001199,2025-10-19,41911.24,Education,Approved,Mobile App,2025-11-04
APP0001096,CUST0001560,2022-04-03,19471.42,Auto,Rejected,Online,2022-04-12
APP0001097,CUST0001185,2024-07-28,26374.83,Home Improvement,Approved,Online,2024-07-30
APP0001098,CUST0000689,2024-11-15,70617.16,Personal,Pending,Online,2026-08-24
APP0001099,CUST0001394,2026-04-04,5703.09,Education,Withdrawn,Online,2026-04-06
APP0001100,CUST0001571,2023-02-12,5099.6,Auto,Approved,Online,2023-02-16
APP0001101,CUST0000284,2024-01-30,27468.85,Business,Rejected,Mobile App,2024-02-14
APP0001102,CUST0001360,2023-09-06,72741.66,Wedding,Approved,Mobile App,2023-09-15
APP0001103,CUST0000347,2023-07-08,25153.87,Auto,Approved,Branch,2023-07-18
APP0001104,CUST0001150,2026-08-14,25913.14,Home Improvement,Approved,Online,2026-08-16
APP0001105,CUST9276842,2024-12-04,3324.79,Business,Approved,Call Center,2024-12-08
APP0001106,CUST0001985,2022-06-07,20203.39,Medical,Rejected,Call Center,2022-06-22
APP0001107,CUST0001336,2025-12-20,27742.18,Business,Rejected,Mobile App,2026-01-01
APP0001108,CUST0000940,2022-03-03,12787.61,Home Improvement,Rejected,Mobile App,2022-03-09
APP0001109,CUST0001008,2026-01-11,23546.53,Wedding,Rejected,Mobile App,2026-01-20
APP0001110,CUST0001239,2023-09-11,1458.79,Debt Consolidation,Pending,Mobile App,2026-08-24
APP0001111,CUST0000250,2025-01-10,37851.73,Auto,declined,Online,2025-01-29
APP0001112,CUST0001020,2025-12-19,9134.9,Business,Pending,Branch,2026-08-24
APP0001113,CUST0001432,2026-01-02,21589.86,,Rejected,Online,2026-01-12
APP0001114,CUST0000522,2022-06-17,10518.71,Auto,Approved,Mobile App,2022-06-21
APP0001115,CUST0000959,2023-09-04,12564.98,Wedding,Rejected,Mobile App,2023-09-16
APP0001116,CUST0000661,2022-01-17,142475.69,Auto,Rejected,Partner Referral,2022-01-18
APP0001117,CUST0000323,2024-11-11,,Business,Approved,Online,2024-11-24
APP0001118,CUST0001958,2023-09-28,11221.19,Medical,Rejected,Branch,2023-10-10
APP0001119,CUST0001186,2026-08-22,42291.23,Medical,Pending,Mobile App,2026-08-24
APP0001120,CUST0000785,2024-10-22,11611.08,,Withdrawn,Call Center,2024-10-31
APP0001121,CUST0000677,2023-11-04,5229.58,Auto,Approved,Call Center,2023-11-16
APP0001122,CUST0001359,2022-06-03,44255.27,Medical,Approved,Online,2022-06-05
APP0001123,CUST0000217,2023-01-31,86612.18,Personal,Approved,Partner Referral,2023-02-17
APP0001124,CUST0001135,2025-09-02,113110.81,Debt Consolidation,Rejected,Partner Referral,2025-09-08
APP0001125,CUST0000461,2022-05-13,5505.7,Medical,Rejected,Partner Referral,2022-05-29
APP0001126,CUST0001780,2025-11-16,106170.33,Auto,Rejected,Mobile App,2025-11-21
APP0001127,CUST0001569,2024-08-28,118096.83,Medical,Pending,Mobile App,2026-08-24
APP0001128,CUST0001516,2024-04-05,36523.09,Education,Approved,Online,2024-04-11
APP0001129,CUST0000292,2024-01-12,23750.97,Medical,Approved,Online,2024-01-30
APP0001130,CUST0000162,2021-10-19,47568.13,Wedding,Rejected,Online,2021-11-04
APP0001131,CUST0000917,2022-10-11,6453.12,Wedding,Approved,Branch,2022-10-26
APP0001132,CUST0000711,2024-03-24,,Home Improvement,Rejected,Partner Referral,2024-03-31
APP0001133,CUST0001449,2024-01-28,60525.72,Business,Rejected,Mobile App,2024-02-12
APP0001134,CUST0001424,2022-09-20,10533.16,Auto,Rejected,Branch,2022-09-30
APP0001135,CUST0000795,2025-08-29,3017.19,Business,Withdrawn,Mobile App,2025-09-13
APP0001136,CUST0000323,2023-11-17,1259.06,Medical,Approved,Branch,2023-11-23
APP0001137,CUST0000649,2023-08-03,35180.0,Wedding,Rejected,Branch,2023-08-14
APP0001138,CUST0001007,2025-06-12,22268.33,Wedding,Withdrawn,Mobile App,2025-07-02
APP0001139,CUST0000508,2022-05-23,167942.77,Debt Consolidation,Rejected,Branch,2022-05-25
APP0001140,CUST0000636,2021-12-02,4807.78,Debt Consolidation,Rejected,Mobile App,2021-12-18
APP0001141,CUST0000482,2023-04-06,12586.26,Debt Consolidation,Withdrawn,Mobile App,2023-04-20
APP0001142,CUST0000130,2021-08-25,4994.76,Personal,Approved,Branch,2021-09-03
APP0001143,CUST0001203,2023-07-03,3161.67,Home Improvement,Approved,Online,2023-07-22
APP0001144,CUST0001995,2022-04-25,25871.83,Business,Approved,Branch,2022-05-10
APP0001145,CUST0001904,2024-12-11,,Auto,Approved,Call Center,2024-12-22
APP0001146,CUST0001859,2021-11-15,12827.55,Auto,Approved,Branch,2021-11-22
APP0001147,CUST0001318,2022-09-06,6320.08,Education,Approved,Mobile App,2022-09-20
APP0001148,CUST0001496,2022-12-13,8357.95,Personal,Approved,Mobile App,2022-12-15
APP0001149,CUST0000129,2024-08-18,33067.51,Education,Rejected,Online,2024-08-24
APP0001150,CUST0000403,2023-09-02,45613.0,Education,Approved,Branch,2023-09-11
APP0001151,CUST0001413,2025-06-28,18408.01,Business,Rejected,Online,2025-07-03
APP0001152,CUST0001978,2025-07-18,1425.25,Home Improvement,Approved,Online,2025-07-30
APP0001153,CUST0001817,2023-07-29,1062.27,Education,Rejected,Online,2023-08-16
APP0001154,CUST0001262,2021-10-19,13047.34,Auto,Approved,Mobile App,2021-10-26
APP0001155,CUST0000218,2026-06-13,17997.69,Home Improvement,Approved,Mobile App,2026-06-22
APP0001156,CUST0001933,2023-05-27,121775.94,Auto,Withdrawn,Branch,2023-06-05
APP0001157,CUST0000636,2024-05-02,12287.63,Home Improvement,Rejected,Branch,2024-05-17
APP0001158,CUST0000086,2026-04-18,42544.2,Auto,Rejected,Online,2026-05-03
APP0001159,CUST0001537,2024-11-27,11258.98,Debt Consolidation,Rejected,Call Center,2024-12-02
APP0001160,CUST0000347,2024-07-12,,Business,Rejected,Partner Referral,2024-07-30
APP0001161,CUST0000604,2023-05-07,61006.34,Auto,Approved,Mobile App,2023-05-20
APP0001162,CUST0001355,2025-10-12,1386.75,Business,Rejected,Online,2025-10-30
APP0001163,CUST0001931,2022-08-15,9596.75,Business,Pending,Call Center,2026-08-24
APP0001164,CUST0001815,2024-01-24,24323.12,Personal,Withdrawn,Mobile App,2024-02-05
APP0001165,CUST0000328,2023-05-25,78507.7,Debt Consolidation,Rejected,Online,2023-06-09
APP0001166,CUST0000352,2022-02-18,69144.92,Education,Rejected,Online,2022-03-03
APP0001167,CUST0001619,2023-01-13,8355.49,,Rejected,Online,2023-01-26
APP0001168,CUST0000635,2022-08-01,58685.41,Auto,Rejected,Mobile App,2022-08-12
APP0001169,CUST0000156,2022-02-06,,Personal,Approved,Branch,2022-02-11
APP0001170,CUST0001177,2025-06-09,6547.33,Debt Consolidation,Approved,Online,2025-06-17
APP0001171,CUST0001315,2025-03-15,9160.96,Auto,Approved,Online,2025-03-30
APP0001172,CUST0002000,2025-12-19,21622.56,Personal,Approved,Branch,2026-01-03
APP0001173,CUST0000973,2021-10-19,2751.1,Medical,Rejected,Mobile App,2021-10-29
APP0001174,CUST0001600,2023-12-26,84026.97,Debt Consolidation,Approved,Branch,2023-12-29
APP0001175,CUST0001069,2024-12-13,5492.18,Home Improvement,Rejected,Online,2024-12-16
APP0001176,CUST0001848,2024-02-10,8990.36,Auto,Approved,Mobile App,2024-02-28
APP0001177,CUST0000975,2021-10-10,138351.33,Home Improvement,Approved,Partner Referral,2021-10-13
APP0001178,CUST0001351,2023-11-24,2567.46,Business,Rejected,Online,2023-11-30
APP0001179,CUST0001927,2022-04-08,847.94,Home Improvement,Rejected,Branch,2022-04-10
APP0001180,CUST0001755,2021-09-27,6680.43,Personal,Pending,Online,2026-08-24
APP0001181,CUST0000803,2025-04-20,3299.04,Auto,Declined,Online,2025-05-07
APP0001182,CUST0001015,2022-02-15,532.22,Debt Consolidation,Pending,Call Center,2026-08-24
APP0001183,CUST0001186,2023-02-21,31204.73,Debt Consolidation,Approved,Partner Referral,2023-03-10
APP0001184,CUST0000249,2026-08-10,24722.17,Education,Rejected,Online,2026-08-24
APP0001185,CUST0000467,2026-05-22,13123.39,Business,Approved,Online,2026-06-06
APP0001186,CUST0001420,2021-11-09,49227.4,Home Improvement,Rejected,Online,2021-11-15
APP0001187,CUST0000144,2023-08-27,17721.85,Auto,Rejected,Mobile App,2023-09-16
APP0001188,CUST0001203,2023-05-24,31386.53,Personal,Approved,Online,2023-06-06
APP0001189,CUST0000970,2024-10-03,12979.87,Personal,Rejected,Branch,2024-10-19
APP0001190,CUST0000971,2025-02-06,25616.67,Business,Rejected,Online,2025-02-13
APP0001191,CUST0001692,2022-01-09,6097.77,Education,Approved,Mobile App,2022-01-23
APP0001192,CUST0000550,2023-10-09,3756.71,Business,Rejected,Call Center,2023-10-23
APP0001193,CUST0001582,2023-01-18,32475.59,Auto,Rejected,Online,2023-01-30
APP0001194,CUST0001569,2026-07-24,38724.36,Debt Consolidation,Approved,Mobile App,2026-08-05
APP0001195,CUST0001986,2023-02-09,33657.46,Education,Rejected,Mobile App,2023-02-24
APP0001196,CUST0001641,2021-10-23,4815.5,Education,Pending,Online,2026-08-24
APP0001197,CUST0001014,2024-10-07,15671.55,Personal,Approved,Call Center,2024-10-25
APP0001198,CUST0000729,2026-01-07,34742.37,Home Improvement,Approved,Mobile App,2026-01-14
APP0001199,CUST0001563,2025-10-03,6128.38,Wedding,Rejected,Branch,2025-10-21
APP0001200,CUST0001856,2022-04-28,29694.72,Medical,Rejected,Mobile App,2022-05-05
APP0001201,CUST0000562,2025-05-11,15365.55,Medical,Rejected,Online,2025-05-16
APP0001202,CUST0000740,2022-09-03,,Wedding,Rejected,Online,2022-09-07
APP0001203,CUST0000995,2022-05-15,56138.21,Education,Rejected,Branch,2022-05-30
APP0001204,CUST0000216,2024-04-15,7422.2,Debt Consolidation,Rejected,Mobile App,2024-04-25
APP0001205,CUST0000629,2025-09-03,70608.49,Auto,Approved,Call Center,2025-09-20
APP0001206,CUST0000334,2026-01-02,43703.58,Education,Rejected,Branch,2026-01-19
APP0001207,CUST0001545,2024-09-27,18466.4,Home Improvement,Approved,Online,2024-10-08
APP0001208,CUST0000990,2023-09-20,5426.65,Home Improvement,Withdrawn,Online,2023-09-25
APP0001209,CUST0001208,2024-07-30,1683.63,,Approved,Partner Referral,2024-08-02
APP0001210,CUST0000160,2023-02-12,39597.18,Education,Approved,Online,2023-03-04
APP0001211,CUST0001147,2022-04-29,23095.43,Debt Consolidation,Pending,Call Center,2026-08-24
APP0001212,CUST0001437,2023-08-28,21296.11,Education,Approved,Online,2023-08-29
APP0001213,CUST0001379,2022-06-29,18159.44,Business,Approved,Online,2022-07-07
APP0001214,CUST0001591,2022-02-13,6638.96,Medical,Withdrawn,Online,2022-03-02
APP0001215,CUST0000229,2025-05-20,59824.28,Business,Rejected,Branch,2025-05-22
APP0001216,CUST0001099,2025-11-02,,Business,Approved,Online,2025-11-16
APP0001217,CUST0000965,2025-05-23,7370.79,Medical,Approved,Call Center,2025-06-01
APP0001218,CUST0001787,2026-03-23,35235.0,Wedding,Rejected,Branch,2026-04-11
APP0001219,CUST0001382,2024-01-27,8489.18,Education,Rejected,Online,2024-02-05
APP0001220,CUST0001909,2025-01-09,20883.54,Personal,Approved,Mobile App,2025-01-20
APP0001221,CUST0000051,2022-08-30,51764.77,Business,Approved,Online,2022-09-09
APP0001222,CUST0000896,2023-11-14,17456.85,Wedding,Rejected,Mobile App,2023-11-28
APP0001223,CUST0001407,2022-02-24,32849.94,Medical,Rejected,Mobile App,2022-02-26
APP0001224,CUST0000179,2024-09-19,53653.97,Home Improvement,Rejected,Partner Referral,2024-09-20
APP0001225,CUST0001303,2023-10-30,29905.02,Home Improvement,Approved,Branch,2023-11-11
APP0001226,CUST0000463,2024-05-28,73358.87,Wedding,Rejected,Online,2024-06-05
APP0001227,CUST0000149,2025-12-01,93886.92,Personal,Rejected,Branch,2025-12-05
APP0001228,CUST0001316,2021-11-27,6013.53,Auto,Rejected,Online,2021-12-13
APP0001229,CUST0000853,2023-11-15,611.05,Medical,Rejected,Branch,2023-11-30
APP0001230,CUST0000812,2023-08-15,114621.74,Debt Consolidation,Approved,Online,2023-08-18
APP0001231,CUST0000651,2025-05-07,3817.63,Wedding,Pending,Online,2026-08-24
APP0001232,CUST0001371,2024-12-06,4774.29,Medical,Rejected,Partner Referral,2024-12-22
APP0001233,CUST0001238,2025-04-01,7335.98,Medical,Approved,Call Center,2025-04-11
APP0001234,CUST0001334,2025-11-20,,Home Improvement,Rejected,Online,2025-11-27
APP0001235,CUST0001576,2023-02-19,107786.88,Debt Consolidation,Pending,Partner Referral,2026-08-24
APP0001236,CUST0001211,2023-06-11,30510.13,Personal,Rejected,Mobile App,2023-06-19
APP0001237,CUST0000150,2023-05-20,2691.43,Home Improvement,Approved,Online,2023-05-22
APP0001238,CUST0000316,2025-09-28,13683.11,Debt Consolidation,Pending,Call Center,2026-08-24
APP0001239,CUST0001984,2023-12-21,26014.38,Wedding,Approved,Partner Referral,2024-01-04
APP0001240,CUST0000572,2025-06-07,41129.75,Education,Rejected,Mobile App,2025-06-09
APP0001241,CUST0000856,2022-11-15,54157.29,Debt Consolidation,Approved,Mobile App,2022-11-20
APP0001242,CUST0000756,2026-04-17,24139.14,Auto,Rejected,Online,2026-04-30
APP0001243,CUST0001981,2024-01-25,35896.18,Education,Rejected,Branch,2024-02-10
APP0001244,CUST0001649,2026-08-05,20793.22,Home Improvement,Approved,Mobile App,2026-08-24
APP0001245,CUST0000967,2023-11-18,9822.58,Wedding,Pending,Branch,2026-08-24
APP0001246,CUST0001365,2021-11-09,36241.98,Wedding,Rejected,Online,2021-11-11
APP0001247,CUST0001104,2022-12-18,9279.28,Wedding,Approved,Mobile App,2022-12-26
APP0001248,CUST0001290,2023-11-01,23086.63,Education,Rejected,Mobile App,2023-11-07
APP0001249,CUST0001908,2022-04-24,49954.09,Wedding,Rejected,Mobile App,2022-05-14
APP0001250,CUST0001345,2025-07-07,48952.07,Auto,Approved,Online,2025-07-08
APP0001251,CUST0000226,2023-05-23,4758.24,Education,Rejected,Branch,2023-05-31
APP0001252,CUST0001007,2025-10-06,15813.78,Business,Withdrawn,Online,2025-10-17
APP0001253,CUST0001640,2026-06-20,,Education,Approved,Mobile App,2026-06-26
APP0001254,CUST0000080,2022-01-23,10177.56,Personal,Pending,Online,2026-08-24
APP0001255,CUST0000715,2023-01-16,29280.07,Debt Consolidation,Rejected,Partner Referral,2023-01-19
APP0001256,CUST0000403,2024-09-05,15369.84,Medical,Approved,Mobile App,2024-09-24
APP0001257,CUST0001443,2025-12-22,,Personal,Rejected,Online,2025-12-31
APP0001258,CUST0000281,2026-02-20,44053.84,Home Improvement,Approved,Mobile App,2026-02-28
APP0001259,CUST0001249,2022-08-14,29441.34,Medical,Rejected,Online,2022-09-02
APP0001260,CUST0000128,2022-10-13,14652.25,Wedding,Rejected,Online,2022-10-16
APP0001261,CUST0001848,2022-08-22,11914.68,Education,Approved,Online,2022-09-01
APP0001262,CUST0000639,2023-05-21,8661.91,Auto,Approved,Branch,2023-05-22
APP0001263,CUST0000816,2024-09-14,13421.08,Auto,Approved,Call Center,2024-09-25
APP0001264,CUST0001576,2023-08-15,33404.87,Home Improvement,rejected,Online,2023-08-22
APP0001265,CUST0000760,2025-04-12,84318.75,Business,Pending,Mobile App,2026-08-24
APP0001266,CUST0000231,2023-08-15,10793.0,Debt Consolidation,Pending,Online,2026-08-24
APP0001267,CUST0001810,2024-08-05,6112.33,Home Improvement,Rejected,Online,2024-08-18
APP0001268,CUST0000223,2024-06-15,21880.32,Debt Consolidation,Rejected,Mobile App,2024-07-04
APP0001269,CUST0000995,2022-11-30,51152.26,Personal,Approved,Mobile App,2022-12-20
APP0001270,CUST0000249,2021-12-14,3057.62,Wedding,Rejected,Partner Referral,2021-12-19
APP0001271,CUST0001396,2022-10-02,44092.16,Debt Consolidation,Approved,Mobile App,2022-10-13
APP0001272,CUST0000540,2025-07-17,10905.39,Wedding,Approved,Branch,2025-08-02
APP0001273,CUST0001865,2025-05-20,8480.61,Wedding,Approved,Online,2025-05-23
APP0001274,CUST0000405,2022-04-06,,Education,Withdrawn,Online,2022-04-16
APP0001275,CUST0001340,2023-07-27,4107.53,Debt Consolidation,Rejected,Call Center,2023-08-08
APP0001276,CUST0000028,2025-09-18,30019.41,Business,Approved,Branch,2025-10-06
APP0001277,CUST0000227,2025-09-06,54497.15,Education,Pending,Online,2026-08-24
APP0001278,CUST0000554,2021-09-25,23827.13,Personal,Rejected,Online,2021-10-13
APP0001279,CUST0001768,2025-07-30,12077.01,Auto,Rejected,Online,2025-08-04
APP0001280,CUST0001993,2025-08-01,22948.02,Education,Approved,Mobile App,2025-08-19
APP0001281,CUST0001228,2022-03-25,18056.96,Wedding,Approved,Online,2022-04-08
APP0001282,CUST0000673,2023-06-04,3041.53,Business,Approved,Partner Referral,2023-06-13
APP0001283,CUST0000625,2021-11-30,6406.36,Business,Rejected,Branch,2021-12-03
APP0001284,CUST0000423,2024-12-04,26021.72,Wedding,Rejected,Mobile App,2024-12-11
APP0001285,CUST0000682,2025-12-15,19359.39,Medical,Approved,Online,2025-12-30
APP0001286,CUST0000992,2022-07-18,9017.39,Home Improvement,Approved,Online,2022-07-23
APP0001287,CUST0001371,2023-05-29,9602.7,Wedding,Rejected,Online,2023-06-12
APP0001288,CUST0000459,2024-05-01,20778.27,Home Improvement,Pending,Online,2026-08-24
APP0001289,CUST0000072,2022-01-03,20404.78,Education,Approved,Partner Referral,2022-01-05
APP0001290,CUST0001120,2023-02-22,19037.82,Personal,Rejected,Mobile App,2023-03-07
APP0001291,CUST0000486,2022-09-25,5477.27,Personal,Withdrawn,Online,2022-10-12
APP0001292,CUST0000802,2021-09-01,7672.3,Business,Rejected,Branch,2021-09-21
APP0001293,CUST0001424,2024-12-27,4190.15,Medical,Approved,Branch,2025-01-07
APP0001294,CUST0001794,2025-04-10,13226.79,Home Improvement,Rejected,Mobile App,2025-04-23
APP0001295,CUST0001069,2022-01-19,9482.46,Debt Consolidation,Pending,Online,2026-08-24
APP0001296,CUST0001856,2022-04-21,19769.8,,Rejected,Online,2022-04-30
APP0001297,CUST0000539,2021-12-31,13592.5,Wedding,Approved,Online,2022-01-01
APP0001298,CUST0001427,2026-05-06,14161.56,Business,Approved,Call Center,2026-05-11
APP0001299,CUST0001960,2024-06-29,64183.55,Medical,Approved,Online,2024-07-07
APP0001300,CUST0000432,2024-05-13,8033.33,Medical,Approved,Mobile App,2024-05-27
APP0001301,CUST0001477,2022-01-29,10839.09,Auto,Rejected,Call Center,2022-02-05
APP0001302,CUST0000948,2021-08-28,34438.18,Wedding,Approved,Online,2021-09-02
APP0001303,CUST0001762,2026-04-15,6268.65,Medical,Rejected,Online,2026-05-04
APP0001304,CUST0000611,2026-05-16,500.0,Personal,Rejected,Online,2026-05-18
APP0001305,CUST0001922,2024-05-15,16994.15,Debt Consolidation,Rejected,Mobile App,2024-05-31
APP0001306,CUST0001597,2022-04-24,2346.03,Medical,Approved,Branch,2022-04-26
APP0001307,CUST0001411,2021-10-18,1072.17,Education,Approved,Online,2021-10-25
APP0001308,CUST0000059,2025-10-25,17832.8,Business,Approved,Online,2025-11-12
APP0001309,CUST0000166,2024-04-16,47536.79,Debt Consolidation,Pending,Mobile App,2026-08-24
APP0001310,CUST0001325,2023-04-18,7804.97,Business,Approved,Mobile App,2023-04-26
APP0001311,CUST0000958,2021-09-16,25986.41,Personal,Approved,Online,2021-08-27
APP0001312,CUST0000647,2024-06-27,33931.02,Debt Consolidation,Approved,Mobile App,2024-07-16
APP0001313,CUST0001684,2026-01-14,3095.68,Auto,Rejected,Online,2026-02-01
APP0001314,CUST0000963,2025-10-29,5589.32,Medical,Rejected,Online,2025-11-08
APP0001315,CUST0000918,2025-04-21,43430.55,Auto,Withdrawn,Online,2025-04-22
APP0001316,CUST0000646,2021-11-24,25537.78,Medical,Approved,Mobile App,2021-12-08
APP0001317,CUST0001964,2025-06-06,181247.57,Wedding,Approved,Mobile App,2025-06-22
APP0001318,CUST0000730,2025-01-17,658.69,Wedding,Pending,Branch,2026-08-24
APP0001319,CUST0000520,2025-11-04,55505.35,Education,Approved,Online,2025-11-19
APP0001320,CUST0001349,2022-05-23,32978.27,Wedding,Approved,Online,2022-06-10
APP0001321,CUST0000069,2025-12-16,28347.07,Personal,Pending,Online,2026-08-24
APP0001322,CUST0001191,2025-03-25,7369.62,Debt Consolidation,Rejected,Online,2025-03-29
APP0001323,CUST0001130,2025-06-21,6541.45,Medical,Approved,Branch,2025-07-05
APP0001324,CUST0000489,2022-06-14,17082.18,Personal,Withdrawn,Branch,2022-06-19
APP0001325,CUST0001539,2025-12-03,24243.99,Medical,Approved,Online,2025-12-16
APP0001326,CUST0000088,2021-10-04,10600.35,,Approved,Online,2021-10-08
APP0001327,CUST0001964,2022-10-05,136588.92,Medical,Approved,Online,2022-10-06
APP0001328,CUST0001713,2022-06-04,6517.79,Debt Consolidation,Approved,Mobile App,2022-06-13
APP0001329,CUST0000351,2022-10-22,912.29,Education,Approved,Branch,2022-11-03
APP0001330,CUST0000985,2024-10-10,15049.49,Medical,Pending,Mobile App,2026-08-24
APP0001331,CUST0000394,2026-04-10,10049.58,Personal,Withdrawn,Online,2026-04-26
APP0001332,CUST0001238,2026-07-29,5321.1,Wedding,Rejected,Online,2026-08-12
APP0001333,CUST0000705,2022-03-11,14590.72,Debt Consolidation,Withdrawn,Online,2022-03-28
APP0001334,CUST0000977,2026-07-01,12682.58,Auto,Rejected,Online,2026-07-09
APP0001335,CUST0001914,2022-03-12,20106.84,Medical,Approved,Mobile App,2022-03-26
APP0001336,CUST0001238,2025-05-17,62705.39,Business,Approved,Online,2025-06-06
APP0001337,CUST0001735,2022-07-26,35097.81,,Rejected,Online,2022-07-30
APP0001338,CUST0001254,2025-10-08,10980.78,Education,Approved,Online,2025-10-25
APP0001339,CUST0000949,2023-05-24,23633.75,Wedding,APPR,Online,2023-06-06
APP0001340,CUST0000031,2026-01-06,12267.76,Education,Withdrawn,Call Center,2026-01-21
APP0001341,CUST0000179,2024-05-10,17777.86,Debt Consolidation,Approved,Partner Referral,2024-05-23
APP0001342,CUST0001067,2024-04-15,23384.69,Medical,Rejected,Branch,2024-04-29
APP0001343,CUST0001008,2023-11-07,3305.03,Wedding,Approved,Online,2023-11-23
APP0001344,CUST0001005,2022-10-16,20553.04,Medical,Rejected,Branch,2022-10-17
APP0001345,CUST0001691,2024-03-23,5477.13,Wedding,Rejected,Branch,2024-03-24
APP0001346,CUST0000192,2024-12-14,3874.98,Wedding,Approved,Branch,2024-12-16
APP0001347,CUST0001318,2022-05-07,26869.21,Auto,Approved,Online,2022-05-26
APP0001348,CUST0001492,2022-05-10,1327.41,Medical,Rejected,Online,2022-05-19
APP0001349,CUST0001292,2023-10-14,40838.33,Home Improvement,Rejected,Online,2023-11-03
APP0001350,CUST0000472,2025-10-22,25057.96,Home Improvement,Rejected,Online,2025-11-10
APP0001351,CUST0000813,2023-05-31,7953.91,Auto,Approved,Branch,2023-06-07
APP0001352,CUST0000110,2023-09-16,25314.5,Medical,Approved,Call Center,2023-09-18
APP0001353,CUST0000355,2026-06-11,15481.5,Auto,Rejected,Online,2026-06-28
APP0001354,CUST0001607,2022-12-24,7103.47,Business,Pending,Mobile App,2026-08-24
APP0001355,CUST0001235,2023-06-25,6460.1,Home Improvement,Approved,Online,2023-07-01
APP0001356,CUST0001731,2025-11-12,16887.2,Medical,Rejected,Online,2025-11-28
APP0001357,CUST0001384,2024-03-28,29605.34,Wedding,Rejected,Mobile App,2024-04-07
APP0001358,CUST0000482,2022-03-16,51122.44,Business,Rejected,Online,2022-03-23
APP0001359,CUST0001627,2022-09-21,1934.86,Home Improvement,Approved,Call Center,2022-09-29
APP0001360,CUST0001376,2026-07-10,12440.93,Home Improvement,Rejected,Partner Referral,2026-07-29
APP0001361,CUST0000384,2025-09-13,19628.01,Wedding,Rejected,Online,2025-09-20
APP0001362,CUST0000010,2026-05-26,2775.33,Education,Approved,Online,2026-06-14
APP0001363,CUST0001528,2024-01-18,51089.75,Wedding,Approved,Online,2024-01-01
APP0001364,CUST0001443,2024-09-09,13449.55,Personal,Pending,Call Center,2026-08-24
APP0001365,CUST0000180,2022-05-03,50165.94,Medical,Rejected,Online,2022-05-06
APP0001366,CUST0000930,2025-03-17,11967.72,Education,Approved,Mobile App,2025-03-30
APP0001367,CUST0001828,2024-06-29,3692.21,Auto,Rejected,Online,2024-07-02
APP0001368,CUST0001585,2021-10-31,8777.52,Business,Approved,Branch,2021-11-03
APP0001369,CUST0001635,2025-11-18,17628.84,Business,Approved,Online,2025-11-14
APP0001370,CUST0000787,2023-11-01,57955.88,Business,Approved,Mobile App,2023-11-10
APP0001371,CUST0000243,2026-08-12,33166.47,Personal,Rejected,Mobile App,2026-08-24
APP0001372,CUST0000703,2026-01-26,10269.62,Business,Rejected,Online,2026-02-13
APP0001373,CUST0001374,2023-10-01,34061.51,Debt Consolidation,Rejected,Online,2023-10-20
APP0001374,CUST0001682,2021-09-15,13906.28,Auto,Approved,Branch,2021-09-17
APP0001375,CUST0001289,2022-05-19,5782.84,Education,Rejected,Branch,2022-06-05
APP0001376,CUST0000078,2023-02-06,7470.63,Business,Rejected,Mobile App,2023-02-25
APP0001377,CUST0001181,2023-02-19,4025.51,Personal,Rejected,Online,2023-03-04
APP0001378,CUST0000375,2023-06-02,6690.39,Medical,Approved,Call Center,2023-06-22
APP0001379,CUST0001220,2026-06-03,6399.13,Personal,Approved,Online,2026-06-20
APP0001380,CUST0000825,2025-01-08,7624.5,Medical,Pending,Call Center,2026-08-24
APP0001381,CUST0001067,2022-08-08,73940.13,Home Improvement,Approved,Call Center,2022-08-17
APP0001382,CUST0001193,2025-03-04,31068.53,Medical,APPR,Mobile App,2025-03-12
APP0001383,CUST0001277,2021-12-06,33595.09,Home Improvement,Rejected,Partner Referral,2021-12-14
APP0001384,CUST0000011,2021-12-22,10054.07,Medical,Pending,Online,2026-08-24
APP0001385,CUST0001933,2024-11-13,78472.25,Home Improvement,Pending,Mobile App,2026-08-24
APP0001386,CUST0001151,2022-09-26,,Debt Consolidation,Rejected,Online,2022-10-05
APP0001387,CUST0001015,2023-11-01,2067.9,Business,Withdrawn,Online,2023-11-07
APP0001388,CUST0000757,2025-10-10,20915.59,Business,Approved,Branch,2025-10-14
APP0001389,CUST0000210,2023-08-04,500.0,Home Improvement,Pending,Call Center,2026-08-24
APP0001390,CUST0001261,2022-08-10,14282.56,Education,Approved,Partner Referral,2022-08-11
APP0001391,CUST0000727,2026-08-23,24816.11,Education,Withdrawn,Branch,2026-08-24
APP0001392,CUST0001814,2023-01-30,14874.32,Home Improvement,Pending,Call Center,2026-08-24
APP0001393,CUST0001316,2024-12-10,3407.21,Education,Rejected,Mobile App,2024-12-17
APP0001394,CUST0000882,2022-06-17,162865.57,Auto,Rejected,Mobile App,2022-07-01
APP0001395,CUST0000064,2022-06-16,,Personal,Approved,Online,2022-06-29
APP0001396,CUST0001110,2025-06-02,25591.52,Education,Rejected,Branch,2025-06-03
APP0001397,CUST0001691,2026-02-19,25844.52,Debt Consolidation,Approved,Branch,2026-03-06
APP0001398,CUST0000926,2021-10-13,40501.59,Education,Rejected,Mobile App,2021-10-20
APP0001399,CUST0001301,2026-07-10,911.33,Debt Consolidation,Approved,Branch,2026-07-20
APP0001400,CUST0000238,2023-02-27,45698.02,Business,Approved,Mobile App,2023-03-13
APP0001401,CUST0000814,2026-07-30,53923.97,Auto,Approved,Partner Referral,2026-07-31
APP0001402,CUST0001587,2024-04-23,29899.92,Medical,Rejected,Branch,2024-04-27
APP0001403,CUST0000848,2025-06-23,30368.09,Business,Approved,Mobile App,2025-06-27
APP0001404,CUST0001771,2021-09-04,51662.97,Personal,Rejected,Branch,2021-09-11
APP0001405,CUST0000819,2022-06-09,60888.34,Education,Approved,Mobile App,2022-06-10
APP0001406,CUST0001623,2026-06-01,4289.03,Debt Consolidation,Approved,Branch,2026-06-02
APP0001407,CUST0001288,2022-06-22,16212.53,Auto,Rejected,Partner Referral,2022-07-03
APP0001408,CUST0001896,2025-12-29,23573.37,Education,Approved,Mobile App,2026-01-01
APP0001409,CUST0001066,2022-03-29,2312.43,,Rejected,Mobile App,2022-04-07
APP0001410,CUST0000937,2024-11-18,82350.33,Auto,Rejected,Online,2024-11-23
APP0001411,CUST0000708,2023-07-04,3466.96,Auto,Withdrawn,Branch,2023-07-24
APP0001412,CUST0001305,2023-11-04,540.27,Auto,Approved,Call Center,2023-11-07
APP0001413,CUST0001961,2025-03-15,13691.19,Wedding,APPROVED,Partner Referral,2025-03-25
APP0001414,CUST0000337,2022-06-04,20731.66,Wedding,Withdrawn,Partner Referral,2022-06-14
APP0001415,CUST0001873,2023-05-15,42902.63,Wedding,Pending,Mobile App,2026-08-24
APP0001416,CUST0001954,2024-05-31,18426.4,Personal,Rejected,Mobile App,2024-06-03
APP0001417,CUST0001539,2023-06-13,7440.39,Wedding,Approved,Online,2023-07-03
APP0001418,CUST0001162,2022-11-04,12289.85,Home Improvement,Rejected,Mobile App,2022-11-11
APP0001419,CUST0001726,2021-11-13,21266.33,Medical,Rejected,Online,2021-11-14
APP0001420,CUST0000524,2024-11-02,39894.9,Debt Consolidation,Approved,Call Center,2024-11-17
APP0001421,CUST0001268,2021-12-16,15575.66,Personal,Approved,Online,2021-12-27
APP0001422,CUST0001611,2022-05-17,10128.78,Personal,Rejected,Partner Referral,2022-05-31
APP0001423,CUST0001611,2022-11-01,33380.11,Debt Consolidation,Approved,Branch,2022-11-20
APP0001424,CUST0001173,2025-03-26,8964.43,Home Improvement,Pending,Online,2026-08-24
APP0001425,CUST0000771,2022-04-05,7683.91,Home Improvement,Approved,Mobile App,2022-04-24
APP0001426,CUST0001900,2023-04-06,7909.15,Wedding,Withdrawn,Mobile App,2023-04-25
APP0001427,CUST0001348,2022-01-07,31106.03,Personal,Rejected,Mobile App,2022-01-18
APP0001428,CUST0001540,2024-02-27,3778.88,Auto,Withdrawn,Mobile App,2024-03-14
APP0001429,CUST0001247,2022-07-20,,Debt Consolidation,Rejected,Branch,2022-07-21
APP0001430,CUST0001755,2022-06-16,2761.4,Medical,Approved,Online,2022-06-29
APP0001431,CUST9709386,2023-04-01,9907.34,Education,Approved,Call Center,2023-04-03
APP0001432,CUST0001094,2022-12-05,27032.94,Debt Consolidation,Approved,Partner Referral,2022-12-14
APP0001433,CUST0001608,2021-11-22,7018.06,Medical,Rejected,Mobile App,2021-12-07
APP0001434,CUST0001035,2023-11-25,71571.06,Education,Approved,Online,2023-11-27
APP0001435,CUST0000490,2024-02-29,12589.82,Wedding,Rejected,Mobile App,2024-03-09
APP0001436,CUST0001515,2023-12-09,4024.1,Home Improvement,Pending,Online,2026-08-24
APP0001437,CUST0000751,2023-11-10,11040.09,Home Improvement,Approved,Partner Referral,2023-11-15
APP0001438,CUST0000211,2026-08-24,65861.39,Medical,Rejected,Online,2026-08-24
APP0001439,CUST0000746,2023-01-08,38762.46,Auto,Pending,Online,2026-08-24
APP0001440,CUST0000109,2023-04-29,5573.23,Wedding,Rejected,Online,2023-05-19
APP0001441,CUST0001757,2024-03-14,18275.87,Personal,Approved,Mobile App,2024-04-02
APP0001442,CUST0001968,2022-01-26,25376.21,Auto,Approved,Mobile App,2022-02-15
APP0001443,CUST0000534,2026-08-04,5783.53,Auto,Rejected,Mobile App,2026-08-09
APP0001444,CUST0001833,2024-04-08,1579.33,Business,Approved,Online,2024-04-11
APP0001445,CUST0001423,2025-02-16,19949.4,Personal,Rejected,Call Center,2025-02-20
APP0001446,CUST0001912,2023-04-04,3042.94,Home Improvement,cancelled,Branch,2023-04-24
APP0001447,CUST0000326,2025-02-07,12975.78,Auto,Rejected,Online,2025-02-12
APP0001448,CUST0000125,2026-01-13,15999.34,Education,Approved,Mobile App,2026-01-29
APP0001449,CUST0001841,2024-07-16,2030.84,Personal,Approved,Branch,2024-07-25
APP0001450,CUST0000539,2022-09-13,5604.34,Auto,Pending,Branch,2026-08-24
APP0001451,CUST0001193,2025-01-25,29520.91,Medical,Approved,Online,2025-02-10
APP0001452,CUST0001804,2025-12-04,3651.92,Business,Approved,Mobile App,2025-12-23
APP0001453,CUST0000686,2025-02-11,8908.99,Medical,Rejected,Online,2025-02-13
APP0001454,CUST0000179,2024-12-18,29620.74,Personal,Rejected,Branch,2024-12-25
APP0001455,CUST0001583,2023-12-19,36803.14,Education,Rejected,Branch,2023-12-22
APP0001456,CUST0000903,2022-08-03,28063.57,Wedding,Rejected,Mobile App,2022-08-11
APP0001457,CUST0000046,2025-03-29,6345.07,Education,Rejected,Online,2025-04-06
APP0001458,CUST0000683,2023-09-03,55646.1,Wedding,Approved,Online,2023-09-21
APP0001459,CUST0001061,2022-10-20,27220.98,Personal,Rejected,Online,2022-11-04
APP0001460,CUST0001760,2024-02-10,17367.47,Home Improvement,Rejected,Branch,2024-02-13
APP0001461,CUST0000453,2021-10-04,9860.32,Wedding,Approved,Online,2021-10-13
APP0001462,CUST0001037,2024-04-03,17656.44,Home Improvement,Withdrawn,Mobile App,2024-04-18
APP0001463,CUST0000363,2024-05-20,17962.56,Auto,Approved,Online,2024-06-04
APP0001464,CUST0000581,2023-08-20,7181.04,Debt Consolidation,Approved,Branch,2023-09-06
APP0001465,CUST0000528,2025-03-01,47061.01,Debt Consolidation,Rejected,Branch,2025-03-06
APP0001466,CUST0001049,2024-07-27,4118.7,Business,Rejected,Online,2024-08-14
APP0001467,CUST0001328,2023-06-24,15675.32,Debt Consolidation,Approved,Mobile App,2023-07-13
APP0001468,CUST0000225,2025-03-25,17750.0,Home Improvement,Rejected,Mobile App,2025-03-30
APP0001469,CUST0000152,2022-03-26,15167.74,Medical,Withdrawn,Mobile App,2022-04-09
APP0001470,CUST0001463,2024-03-06,24477.84,Personal,Rejected,Branch,2024-03-20
APP0001471,CUST0000588,2022-05-08,12066.12,Personal,Approved,Online,2022-05-26
APP0001472,CUST0001237,2024-08-29,15110.54,Wedding,Approved,Online,2024-08-31
APP0001473,CUST0000154,2021-09-26,4226.87,Debt Consolidation,approved,Branch,2021-10-01
APP0001474,CUST0001202,2025-12-11,9496.69,Home Improvement,Approved,Call Center,2025-12-29
APP0001475,CUST0001819,2021-10-21,2859.21,Medical,Pending,Online,2026-08-24
APP0001476,CUST0000876,2024-02-19,11524.76,Auto,Withdrawn,Online,2024-02-29
APP0001477,CUST0001156,2024-12-23,24690.47,Debt Consolidation,Withdrawn,Mobile App,2024-12-29
APP0001478,CUST0000589,2023-09-24,32927.81,Education,Rejected,Branch,2023-10-07
APP0001479,CUST0000572,2022-09-22,2327.93,Medical,Approved,Call Center,2022-10-02
APP0001480,CUST0000131,2022-11-20,3519.24,Medical,Approved,Online,2022-11-15
APP0001481,CUST0000958,2025-11-10,3944.29,Debt Consolidation,Approved,Call Center,2025-11-12
APP0001482,CUST0001895,2022-04-21,4703.9,Medical,Rejected,Mobile App,2022-05-02
APP0001483,CUST0000233,2025-03-14,18638.24,Medical,Approved,Mobile App,2025-03-25
APP0001484,CUST0000834,2023-02-09,11641.65,Home Improvement,Approved,Online,2023-02-20
APP0001485,CUST0001675,2021-09-16,53363.55,Personal,Pending,Online,2026-08-24
APP0001486,CUST0000992,2023-09-05,5502.2,Wedding,Pending,Online,2026-08-24
APP0001487,CUST0001521,2022-02-13,26840.81,Wedding,Withdrawn,Mobile App,2022-03-03
APP0001488,CUST0000752,2025-06-20,14733.03,Business,Approved,Online,2025-07-03
APP0001489,CUST0001206,2025-06-29,10645.49,Business,Pending,Online,2026-08-24
APP0001490,CUST0001976,2022-09-26,24623.94,Home Improvement,Rejected,Online,2022-10-11
APP0001491,CUST0001196,2025-07-06,27458.13,Medical,Approved,Call Center,2025-07-25
APP0001492,CUST0001593,2025-02-27,15728.75,Debt Consolidation,Rejected,Online,2025-03-16
APP0001493,CUST0001388,2025-01-10,48908.09,Education,Rejected,Branch,2025-01-12
APP0001494,CUST0000192,2022-01-16,12695.93,Personal,Approved,Mobile App,2022-01-17
APP0001495,CUST0000321,2022-04-15,18747.41,Business,Rejected,Call Center,2022-04-19
APP0001496,CUST0001217,2022-06-10,24853.4,Debt Consolidation,Rejected,Mobile App,2022-06-17
APP0001497,CUST0000697,2025-09-26,9572.8,Education,Withdrawn,Branch,2025-10-15
APP0001498,CUST0000970,2023-04-12,20306.71,Wedding,Approved,Online,2023-04-21
APP0001499,CUST0000967,2024-04-18,51969.38,Debt Consolidation,Rejected,Online,2024-05-08
APP0001500,CUST0001587,2023-12-30,30306.32,Education,Pending,Online,2026-08-24
APP0001501,CUST0001982,2026-08-24,2058.39,Auto,Rejected,Online,2026-08-24
APP0001502,CUST0001995,2022-07-21,5459.63,Wedding,Pending,Online,2026-08-24
APP0001503,CUST0000160,2025-07-15,37496.98,Education,Rejected,Branch,2025-08-04
APP0001504,CUST0001489,2022-03-17,14974.21,Personal,Approved,Online,2022-03-28
APP0001505,CUST0001451,2026-07-15,47848.36,Education,Rejected,Mobile App,2026-07-28
APP0001506,CUST0001730,2024-06-23,98425.24,Wedding,Rejected,Online,2024-06-24
APP0001507,CUST0000854,2022-12-19,20002.87,Auto,Approved,Partner Referral,2023-01-06
APP0001508,CUST0001006,2023-09-16,12746.37,Business,Rejected,Mobile App,2023-09-29
APP0001509,CUST0000904,2025-04-15,18917.26,Medical,Approved,Online,2025-04-30
APP0001510,CUST0000748,2023-09-23,37619.48,Education,Approved,Online,2023-09-30
APP0001511,CUST0000494,2021-12-26,9189.91,Business,Withdrawn,Partner Referral,2021-12-28
APP0001512,CUST0001287,2023-03-10,11130.37,Home Improvement,Withdrawn,Partner Referral,2023-03-25
APP0001513,CUST0000034,2026-03-23,11282.73,Personal,Rejected,Online,2026-04-07
APP0001514,CUST9971377,2023-07-03,3529.61,Business,Approved,Online,2023-07-07
APP0001515,CUST0001684,2024-02-07,2523.31,Medical,Rejected,Partner Referral,2024-02-24
APP0001516,CUST0000456,2022-07-27,3823.09,Education,Approved,Mobile App,2022-06-28
APP0001517,CUST0000428,2021-10-13,30743.16,Business,Approved,Mobile App,2021-10-27
APP0001518,CUST0001007,2023-01-01,61626.02,Medical,Rejected,Online,2023-01-03
APP0001519,CUST0001693,2025-12-27,47400.85,Business,Rejected,Mobile App,2026-01-12
APP0001520,CUST0000228,2024-05-11,3817.84,Education,Rejected,Branch,2024-05-20
APP0001521,CUST0000864,2023-07-14,7102.75,Personal,Approved,Branch,2023-07-21
APP0001522,CUST0000433,2024-04-04,2584.06,Home Improvement,Withdrawn,Mobile App,2024-04-19
APP0001523,CUST0001705,2025-09-16,50142.44,Debt Consolidation,Approved,Online,2025-10-03
APP0001524,CUST0001764,2026-03-06,50311.68,Medical,rejected,Branch,2026-03-19
APP0001525,CUST0000169,2023-03-28,25930.1,Personal,Approved,Mobile App,2023-04-12
APP0001526,CUST0000290,2025-10-23,34181.9,Debt Consolidation,Rejected,Mobile App,2025-10-24
APP0001527,CUST0000315,2025-08-27,25471.06,Personal,Rejected,Partner Referral,2025-09-13
APP0001528,CUST0001623,2021-09-06,60397.58,Medical,Rejected,Branch,2021-09-18
APP0001529,CUST0001802,2026-02-12,9925.42,Home Improvement,Rejected,Online,2026-02-16
APP0001530,CUST0000746,2022-10-18,14222.37,Medical,Approved,Online,2022-10-28
APP0001531,CUST0000316,2025-06-23,41667.92,,Withdrawn,Branch,2025-07-06
APP0001532,CUST0001328,2026-01-31,8193.09,Personal,Rejected,Online,2026-02-16
APP0001533,CUST0001781,2024-07-07,25924.05,Education,Pending,Branch,2026-08-24
APP0001534,CUST0001821,2023-03-22,37608.36,Education,Approved,Online,2023-03-28
APP0001535,CUST0000891,2025-12-03,3911.3,Personal,Withdrawn,Online,2025-12-09
APP0001536,CUST0001562,2024-01-14,37793.1,Wedding,Rejected,Online,2024-01-29
APP0001537,CUST0001912,2025-06-27,3810.8,Personal,Rejected,Branch,2025-07-15
APP0001538,CUST0001652,2025-01-08,20546.22,Wedding,Approved,Online,2025-01-21
APP0001539,CUST0000950,2023-04-03,7042.11,Personal,Approved,Mobile App,2023-04-19
APP0001540,CUST0000523,2024-05-13,3359.42,Debt Consolidation,Pending,Online,2026-08-24
APP0001541,CUST0000744,2022-08-26,27062.43,Debt Consolidation,Rejected,Call Center,2022-09-05
APP0001542,CUST0000724,2021-09-02,84790.9,Education,Rejected,Branch,2021-09-11
APP0001543,CUST0001976,2025-02-04,28332.65,Wedding,Rejected,Mobile App,2025-02-14
APP0001544,CUST0001466,2022-09-06,9417.61,Auto,Pending,Call Center,2026-08-24
APP0001545,CUST0001718,2024-03-30,6384.51,Wedding,Approved,Call Center,2024-04-11
APP0001546,CUST0001555,2022-02-24,2216.78,Personal,Withdrawn,Call Center,2022-02-28
APP0001547,CUST0000953,2024-12-02,3746.04,Home Improvement,Approved,Online,2024-12-21
APP0001548,CUST0001581,2022-06-27,24389.12,Medical,Pending,Online,2026-08-24
APP0001549,CUST0001280,2022-11-22,51597.02,Home Improvement,Rejected,Mobile App,2022-12-02
APP0001550,CUST0001481,2022-05-21,11182.24,Debt Consolidation,Approved,Branch,2022-06-03
APP0001551,CUST0000602,2026-03-26,41440.57,,Rejected,Mobile App,2026-03-27
APP0001552,CUST0000464,2024-10-05,9528.37,Home Improvement,Rejected,Mobile App,2024-10-17
APP0001553,CUST0000361,2024-12-22,35382.49,Education,Rejected,Online,2025-01-09
APP0001554,CUST0000579,2023-09-06,10287.31,Business,Approved,Online,2023-09-17
APP0001555,CUST0001958,2025-12-09,14786.97,Medical,Approved,Mobile App,2025-12-27
APP0001556,CUST0001885,2021-12-24,22988.39,Debt Consolidation,DECL,Mobile App,2021-12-26
APP0001557,CUST0000293,2023-09-19,13057.86,Debt Consolidation,Approved,Mobile App,2023-10-09
APP0001558,CUST0001108,2022-01-22,8352.96,Medical,Approved,Mobile App,2022-01-29
APP0001559,CUST0001881,2025-02-18,10096.45,Debt Consolidation,Rejected,Online,2025-02-19
APP0001560,CUST0001509,2026-05-26,82513.7,Personal,Rejected,Online,2026-06-08
APP0001561,CUST0001225,2025-06-24,103623.65,Home Improvement,Approved,Online,2025-07-07
APP0001562,CUST0001199,2022-06-03,11881.75,Debt Consolidation,Approved,Online,2022-06-06
APP0001563,CUST0000653,2025-08-02,71502.74,Home Improvement,Rejected,Mobile App,2025-08-09
APP0001564,CUST0001850,2022-12-01,45776.79,Business,Rejected,Mobile App,2022-12-20
APP0001565,CUST0000167,2023-05-23,31389.75,Education,Approved,Call Center,2023-05-27
APP0001566,CUST0001738,2024-07-08,40255.81,Business,Rejected,Branch,2024-07-10
APP0001567,CUST0001743,2023-11-30,29493.89,Auto,Approved,Online,2023-12-17
APP0001568,CUST0000523,2022-08-01,2477.53,Auto,Rejected,Branch,2022-08-15
APP0001569,CUST0001024,2024-04-18,2230.82,Business,Approved,Online,2024-04-28
APP0001570,CUST0001770,2022-08-20,37769.26,Debt Consolidation,Approved,Online,2022-08-27
APP0001571,CUST0000949,2025-03-28,7051.14,Medical,Rejected,Branch,2025-04-15
APP0001572,CUST0000601,2022-01-04,10472.26,Debt Consolidation,Approved,Online,2022-01-22
APP0001573,CUST0000141,2025-09-12,5243.42,Medical,Withdrawn,Online,2025-09-13
APP0001574,CUST0000882,2026-07-20,30404.52,,Withdrawn,Mobile App,2026-08-06
APP0001575,CUST0000556,2025-05-19,25607.93,Personal,Rejected,Mobile App,2025-05-29
APP0001576,CUST0001703,2024-09-04,2125.31,Business,Rejected,Online,2024-09-11
APP0001577,CUST0001723,2023-11-08,27680.84,Business,Rejected,Mobile App,2023-11-15
APP0001578,CUST0000649,2024-04-18,13865.36,Medical,Approved,Online,2024-04-28
APP0001579,CUST0000421,2024-03-17,25556.1,Business,Rejected,Branch,2024-03-29
APP0001580,CUST0000582,2026-02-02,20187.4,Personal,Withdrawn,Mobile App,2026-02-22
APP0001581,CUST0000804,2022-04-14,30809.72,Education,Approved,Branch,2022-04-15
APP0001582,CUST0001338,2024-08-14,11757.44,Debt Consolidation,Rejected,Mobile App,2024-08-27
APP0001583,CUST0000305,2024-05-25,27361.42,Business,Rejected,Online,2024-05-27
APP0001584,CUST0002000,2022-12-18,11500.97,Home Improvement,Approved,Online,2022-12-19
APP0001585,CUST0001401,2023-09-17,27266.24,Auto,Rejected,Branch,2023-09-24
APP0001586,CUST0000263,2024-01-04,8490.94,Home Improvement,Pending,Online,2026-08-24
APP0001587,CUST0000630,2021-10-27,28511.62,Debt Consolidation,Approved,Online,2021-11-03
APP0001588,CUST0001403,2024-01-14,16102.17,Personal,Approved,Branch,2024-01-22
APP0001589,CUST0001008,2022-07-02,8250.34,Business,Approved,Online,2022-07-21
APP0001590,CUST0001054,2023-08-21,49723.27,Medical,Rejected,Branch,2023-08-27
APP0001591,CUST0000083,2023-01-15,30207.04,Medical,Rejected,Branch,2023-01-31
APP0001592,CUST0000822,2025-06-01,5888.66,Business,Rejected,Mobile App,2025-06-18
APP0001593,CUST0001230,2026-06-13,15963.97,Education,Rejected,Call Center,2026-06-26
APP0001594,CUST0001500,2022-03-13,22574.54,Home Improvement,Withdrawn,Mobile App,2022-04-02
APP0001595,CUST0000894,2022-12-06,,Medical,Approved,Call Center,2022-12-26
APP0001596,CUST0001110,2022-06-11,24303.71,Personal,Rejected,Branch,2022-06-13
APP0001597,CUST0000445,2024-01-24,6963.14,Education,Approved,Mobile App,2024-01-28
APP0001598,CUST0001596,2023-07-05,16762.33,Personal,Approved,Mobile App,2023-07-13
APP0001599,CUST0001396,2023-12-03,10808.81,Education,Approved,Mobile App,2023-12-17
APP0001600,CUST0001488,2022-01-01,19749.39,Medical,Approved,Mobile App,2022-01-07
APP0001601,CUST0001336,2026-01-01,47058.1,Business,Pending,Call Center,2026-08-24
APP0001602,CUST0001971,2026-08-01,,Home Improvement,Rejected,Branch,2026-08-19
APP0001603,CUST0001760,2026-03-16,16689.77,,Rejected,Partner Referral,2026-03-17
APP0001604,CUST0001622,2024-02-16,108344.54,Business,Approved,Online,2024-03-05
APP0001605,CUST0000671,2024-12-24,18459.0,Auto,Approved,Online,2025-01-03
APP0001606,CUST0000134,2021-11-24,6864.81,Auto,Pending,Online,2026-08-24
APP0001607,CUST0000002,2024-09-13,34213.26,Debt Consolidation,Rejected,Branch,2024-09-27
APP0001608,CUST0001560,2024-09-08,7806.54,Home Improvement,Rejected,Online,2024-09-09
APP0001609,CUST0001799,2025-04-27,2286.71,Debt Consolidation,Approved,Online,2025-05-16
APP0001610,CUST0001300,2025-07-21,32670.13,Education,Approved,Online,2025-07-23
APP0001611,CUST0001443,2021-08-25,27082.83,Debt Consolidation,Withdrawn,Mobile App,2021-08-31
APP0001612,CUST0000180,2023-09-08,50239.53,Education,Approved,Online,2023-09-20
APP0001613,CUST0001131,2024-01-28,3208.89,Debt Consolidation,Approved,Branch,2024-02-16
APP0001614,CUST0001211,2024-01-19,56011.37,Personal,Rejected,Mobile App,2024-01-23
APP0001615,CUST0000314,2024-05-23,15160.16,Business,Withdrawn,Mobile App,2024-06-03
APP0001616,CUST0001502,2025-02-24,24172.45,Auto,Approved,Mobile App,2025-02-27
APP0001617,CUST0000671,2024-08-01,1753.65,Business,Pending,Online,2026-08-24
APP0001618,CUST0000395,2022-10-25,54691.0,Home Improvement,Rejected,Partner Referral,2022-10-31
APP0001619,CUST0001392,2024-12-19,41928.49,Business,Rejected,Call Center,2024-12-28
APP0001620,CUST0000870,2024-08-20,15951.91,Business,Approved,Online,2024-09-04
APP0001621,CUST0001073,2022-08-25,6001.41,Medical,Pending,Online,2026-08-24
APP0001622,CUST0001085,2024-10-20,37444.81,Business,Rejected,Branch,2024-11-03
APP0001623,CUST0001246,2024-04-03,4197.52,Wedding,Withdrawn,Call Center,2024-04-04
APP0001624,CUST0000827,2025-09-02,3204.35,Medical,Declined,Mobile App,2025-09-18
APP0001625,CUST0001630,2023-08-10,15935.43,Auto,Pending,Call Center,2026-08-24
APP0001626,CUST0001753,2026-02-07,9911.99,Medical,Rejected,Partner Referral,2026-02-09
APP0001627,CUST0000968,2024-04-30,33563.01,Education,Rejected,Mobile App,2024-05-19
APP0001628,CUST0000338,2026-05-09,23904.33,Debt Consolidation,Approved,Online,2026-05-25
APP0001629,CUST0000558,2022-02-26,28649.46,Wedding,Rejected,Online,2022-03-12
APP0001630,CUST0001544,2022-04-12,15051.05,Medical,Approved,Online,2022-04-22
APP0001631,CUST0000514,2022-09-27,29251.96,Wedding,Rejected,Online,2022-10-13
APP0001632,CUST0001557,2025-09-23,1085.47,Wedding,declined,Online,2025-09-30
APP0001633,CUST0001325,2024-03-07,781.99,Debt Consolidation,Pending,Branch,2026-08-24
APP0001634,CUST0000897,2025-01-09,23985.49,Debt Consolidation,Rejected,Mobile App,2025-01-22
APP0001635,CUST0000253,2021-09-29,9157.27,Home Improvement,Rejected,Online,2021-10-12
APP0001636,CUST0001079,2023-07-02,21968.15,,Rejected,Mobile App,2023-07-18
APP0001637,CUST0001386,2023-06-01,40879.69,Auto,Rejected,Call Center,2023-06-05
APP0001638,CUST0000308,2026-04-06,87201.55,Debt Consolidation,Rejected,Online,2026-04-09
APP0001639,CUST0001650,2022-03-04,3039.99,Education,Rejected,Online,2022-03-16
APP0001640,CUST0000391,2025-12-12,19074.94,Auto,Rejected,Branch,2025-12-29
APP0001641,CUST0000826,2023-06-28,27534.67,Personal,Rejected,Call Center,2023-07-04
APP0001642,CUST0001064,2025-07-08,12514.32,Personal,Approved,Mobile App,2025-07-20
APP0001643,CUST0001479,2023-02-07,24774.28,Personal,Rejected,Online,2023-02-27
APP0001644,CUST0000450,2021-12-07,14926.69,Education,Rejected,Mobile App,2021-12-20
APP0001645,CUST0000672,2025-01-16,42622.43,,Pending,Mobile App,2026-08-24
APP0001646,CUST0001613,2022-07-14,2262.94,Debt Consolidation,Approved,Online,2022-08-01
APP0001647,CUST9698616,2022-05-22,33194.58,Personal,Pending,Mobile App,2026-08-24
APP0001648,CUST0001233,2026-03-28,45612.29,Medical,Approved,Branch,2026-04-12
APP0001649,CUST0000796,2022-10-12,7092.58,Debt Consolidation,Withdrawn,Online,2022-10-25
APP0001650,CUST0000114,2026-07-23,111236.3,Debt Consolidation,Pending,Call Center,2026-08-24
APP0001651,CUST0001029,2023-05-23,785.62,Auto,Rejected,Online,2023-06-05
APP0001652,CUST0000716,2023-01-13,15335.71,Auto,Withdrawn,Mobile App,2023-01-20
APP0001653,CUST0000530,2023-12-02,4120.68,Home Improvement,Rejected,Mobile App,2023-12-15
APP0001654,CUST0001717,2023-01-13,3969.33,Personal,Approved,Online,2023-01-24
APP0001655,CUST0001549,2026-04-14,45559.69,Medical,Rejected,Mobile App,2026-04-30
APP0001656,CUST0000555,2024-09-12,32726.83,Auto,Approved,Online,2024-09-29
APP0001657,CUST0001048,2025-05-12,17009.89,Business,Approved,Online,2025-05-27
APP0001658,CUST0001440,2022-01-11,66656.81,Medical,Approved,Online,2022-01-31
APP0001659,CUST0000107,2022-11-04,40139.1,Personal,Rejected,Call Center,2022-11-13
APP0001660,CUST0000188,2024-08-16,44606.83,Education,Rejected,Call Center,2024-09-01
APP0001661,CUST0001080,2024-01-30,20054.51,Business,Pending,Online,2026-08-24
APP0001662,CUST0001862,2026-06-28,6551.91,Personal,Pending,Branch,2026-08-24
APP0001663,CUST0001855,2025-04-06,4794.69,Debt Consolidation,Pending,Partner Referral,2026-08-24
APP0001664,CUST0000899,2023-02-18,32679.44,Debt Consolidation,Rejected,Mobile App,2023-03-04
APP0001665,CUST0001409,2023-12-01,10668.93,Business,Pending,Online,2026-08-24
APP0001666,CUST0000984,2025-05-12,2905.83,Education,Approved,Online,2025-05-28
APP0001667,CUST0001810,2023-09-12,997.47,Home Improvement,Rejected,Branch,2023-09-18
APP0001668,CUST0001140,2024-04-09,15889.35,Debt Consolidation,Approved,Online,2024-04-14
APP0001669,CUST0001783,2025-08-23,6389.63,Wedding,Approved,Branch,2025-08-30
APP0001670,CUST0000727,2023-01-31,25917.2,Debt Consolidation,Approved,Mobile App,2023-02-09
APP0001671,CUST0001863,2022-02-23,2367.97,Medical,Approved,Mobile App,2022-02-26
APP0001672,CUST0001451,2023-09-17,12539.52,Home Improvement,Withdrawn,Online,2023-09-29
APP0001673,CUST0001536,2022-09-29,5456.92,Medical,Rejected,Mobile App,2022-10-02
APP0001674,CUST0000030,2024-05-27,15491.12,Business,Pending,Branch,2026-08-24
APP0001675,CUST0001613,2025-11-29,18182.85,Education,Rejected,Mobile App,2025-12-07
APP0001676,CUST0000325,2025-06-15,2772.11,Debt Consolidation,Rejected,Online,2025-06-27
APP0001677,CUST0001873,2025-04-17,17080.16,Debt Consolidation,Approved,Online,2025-04-21
APP0001678,CUST0000378,2024-05-08,3397.01,Wedding,Withdrawn,Online,2024-05-28
APP0001679,CUST0001652,2026-02-01,77083.78,Auto,Approved,Online,2026-02-02
APP0001680,CUST0001271,2026-04-10,4315.67,Medical,Rejected,Mobile App,2026-04-28
APP0001681,CUST0000786,2025-06-08,4015.34,Personal,Withdrawn,Branch,2025-06-16
APP0001682,CUST0001782,2022-03-26,23887.26,Personal,Rejected,Online,2022-04-12
APP0001683,CUST0000777,2023-02-19,10970.8,Auto,Rejected,Branch,2023-03-03
APP0001684,CUST0000128,2026-06-08,11285.12,Home Improvement,Approved,Mobile App,2026-06-25
APP0001685,CUST0000152,2022-01-04,45475.0,Medical,Rejected,Mobile App,2022-01-16
APP0001686,CUST0001705,2024-05-26,49063.71,Auto,Approved,Mobile App,2024-06-11
APP0001687,CUST0000769,2024-11-03,9212.83,Business,Approved,Call Center,2024-11-17
APP0001688,CUST0001640,2023-08-10,25761.47,Business,Approved,Mobile App,2023-08-24
APP0001689,CUST0000041,2025-03-02,34731.83,Auto,Rejected,Online,2025-03-14
APP0001690,CUST0000154,2022-01-10,81017.85,Medical,Withdrawn,Mobile App,2022-01-16
APP0001691,CUST0001977,2022-09-29,12308.28,Business,Rejected,Online,2022-10-16
APP0001692,CUST0000287,2023-02-16,21589.27,,Rejected,Mobile App,2023-03-06
APP0001693,CUST0001376,2022-07-03,35388.18,Education,Rejected,Partner Referral,2022-07-18
APP0001694,CUST0000701,2023-11-02,10430.95,Personal,Approved,Online,2023-11-08
APP0001695,CUST0001001,2023-12-28,72199.03,Business,Rejected,Online,2024-01-06
APP0001696,CUST0000230,2026-05-02,14395.52,Business,Approved,Online,2026-05-17
APP0001697,CUST0000534,2024-01-28,92795.87,Medical,Rejected,Partner Referral,2024-02-01
APP0001698,CUST0001517,2025-06-06,8332.25,Personal,Pending,Branch,2026-08-24
APP0001699,CUST0001072,2022-02-01,61649.49,Debt Consolidation,Rejected,Mobile App,2022-02-10
APP0001700,CUST0001009,2021-12-10,25751.61,Debt Consolidation,Approved,Online,2021-12-21
APP0001701,CUST0001890,2023-08-16,9702.33,Business,Approved,Online,2023-09-03
APP0001702,CUST0000822,2023-04-15,28418.59,,Rejected,Online,2023-04-22
APP0001703,CUST0001608,2026-04-07,1720.82,Auto,Approved,Mobile App,2026-04-12
APP0001704,CUST0001450,2024-02-08,41774.01,Education,Rejected,Online,2024-02-23
APP0001705,CUST0000922,2024-01-31,72272.72,Debt Consolidation,Rejected,Call Center,2024-02-18
APP0001706,CUST0000586,2025-11-24,2378.54,Education,Pending,Mobile App,2026-08-24
APP0001707,CUST0000709,2025-12-22,7976.18,Auto,Pending,Call Center,2026-08-24
APP0001708,CUST0001744,2025-07-12,9379.55,Education,Approved,Online,2025-07-13
APP0001709,CUST0000612,2023-11-02,2003.55,Auto,Pending,Branch,2026-08-24
APP0001710,CUST0001308,2022-09-23,19121.0,Business,Approved,Online,2022-09-26
APP0001711,CUST0000250,2021-10-28,58850.99,Debt Consolidation,Approved,Branch,2021-11-13
APP0001712,CUST0000694,2021-11-25,9517.78,Personal,Rejected,Branch,2021-12-14
APP0001713,CUST0001870,2025-09-22,10526.64,Medical,Approved,Online,2025-10-05
APP0001714,CUST0001080,2022-04-23,,Home Improvement,Withdrawn,Partner Referral,2022-04-28
APP0001715,CUST0001645,2023-09-21,1438.36,,Pending,Online,2026-08-24
APP0001716,CUST0000519,2024-03-01,7209.02,Debt Consolidation,Pending,Online,2026-08-24
APP0001717,CUST0001523,2024-06-05,6894.03,Education,Approved,Mobile App,2024-06-21
APP0001718,CUST0001970,2022-02-05,3128.48,Debt Consolidation,Rejected,Branch,2022-02-22
APP0001719,CUST0001851,2024-04-06,1048.81,Wedding,Rejected,Online,2024-04-09
APP0001720,CUST0000872,2022-11-24,13755.56,Home Improvement,Approved,Partner Referral,2022-12-09
APP0001721,CUST0001364,2023-05-09,25748.97,Auto,Rejected,Online,2023-05-29
APP0001722,CUST0001794,2025-10-02,,Business,Pending,Branch,2026-08-24
APP0001723,CUST0001628,2023-12-13,1672.15,Wedding,Withdrawn,Online,2023-12-22
APP0001724,CUST0001957,2023-08-28,6145.46,Medical,Withdrawn,Online,2023-09-12
APP0001725,CUST0000063,2021-09-23,47526.2,Auto,Approved,Branch,2021-10-04
APP0001726,CUST0001072,2026-08-17,23942.93,Auto,Pending,Mobile App,2026-08-24
APP0001727,CUST0001584,2024-08-12,17825.03,Wedding,Withdrawn,Branch,2024-08-26
APP0001728,CUST0001460,2025-06-05,585.41,Wedding,Rejected,Online,2025-06-13
APP0001729,CUST0000308,2023-10-25,22639.15,Debt Consolidation,Approved,Online,2023-11-07
APP0001730,CUST0001145,2022-12-21,14223.39,Wedding,Approved,Partner Referral,2023-01-05
APP0001731,CUST0000331,2023-01-05,58213.95,Personal,Approved,Online,2023-01-21
APP0001732,CUST0000184,2021-09-07,3269.68,Education,Approved,Branch,2021-09-13
APP0001733,CUST0000224,2026-02-02,16876.12,Auto,Pending,Online,2026-08-24
APP0001734,CUST0001905,2024-04-13,37032.37,Medical,Withdrawn,Online,2024-05-03
APP0001735,CUST0000545,2023-05-30,28860.99,Personal,Pending,Online,2026-08-24
APP0001736,CUST0000914,2025-03-05,19691.36,Auto,Approved,Online,2025-03-10
APP0001737,CUST0000513,2022-04-18,53535.54,Auto,Rejected,Branch,2022-04-26
APP0001738,CUST0001789,2023-12-30,59475.24,Medical,Rejected,Online,2024-01-06
APP0001739,CUST0001778,2023-10-31,13923.62,Debt Consolidation,Rejected,Mobile App,2023-11-04
APP0001740,CUST0001312,2026-03-07,8716.83,Medical,Approved,Online,2026-03-11
APP0001741,CUST0001658,2025-08-21,23840.76,Home Improvement,Withdrawn,Branch,2025-09-05
APP0001742,CUST0000211,2025-06-27,12329.07,Debt Consolidation,Pending,Branch,2026-08-24
APP0001743,CUST0002000,2022-12-12,8720.84,Medical,Pending,Online,2026-08-24
APP0001744,CUST0000835,2024-04-01,37553.45,,Approved,Online,2024-04-13
APP0001745,CUST0000801,2026-07-20,14226.57,Wedding,Rejected,Online,2026-07-26
APP0001746,CUST0000392,2021-09-28,17705.01,Medical,Rejected,Online,2021-10-03
APP0001747,CUST0001755,2024-11-26,17104.53,Personal,Rejected,Online,2024-12-08
APP0001748,CUST0000340,2023-05-04,9846.61,Home Improvement,Pending,Online,2026-08-24
APP0001749,CUST0001716,2025-05-10,21880.79,Business,Approved,Online,2025-05-12
APP0001750,CUST0001431,2024-02-13,90356.26,Business,Approved,Branch,2024-03-02
APP0001751,CUST0001545,2025-02-24,22383.47,Auto,Pending,Branch,2026-08-24
APP0001752,CUST0000061,2022-11-24,42173.09,Medical,Rejected,Online,2022-11-26
APP0001753,CUST0001477,2026-01-22,18047.05,Business,Rejected,Branch,2026-02-09
APP0001754,CUST0001933,2025-11-01,15457.11,Auto,Pending,Online,2026-08-24
APP0001755,CUST0000789,2024-11-01,2912.98,Education,Rejected,Partner Referral,2024-11-16
APP0001756,CUST0000900,2023-10-09,22967.82,Home Improvement,Rejected,Online,2023-10-22
APP0001757,CUST0000225,2022-05-29,9043.4,Education,Approved,Online,2022-06-08
APP0001758,CUST0000980,2022-09-01,18769.38,Debt Consolidation,Rejected,Mobile App,2022-09-17
APP0001759,CUST0001347,2023-08-23,13540.22,Medical,Rejected,Online,2023-08-30
APP0001760,CUST0000599,2025-07-17,9509.5,Education,Rejected,Online,2025-07-31
APP0001761,CUST0001483,2026-05-19,50275.8,Personal,Rejected,Call Center,2026-06-06
APP0001762,CUST0000172,2024-09-08,975.62,Medical,Approved,Branch,2024-09-25
APP0001763,CUST0001349,2026-05-04,4808.57,Debt Consolidation,Approved,Mobile App,2026-05-16
APP0001764,CUST0001177,2022-08-19,16311.82,Debt Consolidation,Rejected,Online,2022-08-20
APP0001765,CUST0000460,2025-05-12,8057.94,Education,Rejected,Online,2025-05-13
APP0001766,CUST0000690,2024-04-23,8972.55,Personal,Approved,Online,2024-05-02
APP0001767,CUST0000480,2022-05-08,16114.31,Wedding,Pending,Mobile App,2026-08-24
APP0001768,CUST0001249,2025-02-13,36429.66,Personal,Rejected,Online,2025-02-15
APP0001769,CUST0001274,2026-03-01,12975.47,Auto,Rejected,Branch,2026-03-10
APP0001770,CUST0001112,2023-11-21,29369.58,Medical,Rejected,Partner Referral,2023-11-30
APP0001771,CUST0000389,2022-12-04,17272.23,Wedding,Rejected,Partner Referral,2022-12-14
APP0001772,CUST0000434,2023-02-28,13532.97,Personal,Approved,Online,2023-03-12
APP0001773,CUST0001622,2024-08-26,20020.53,Medical,Approved,Branch,2024-09-01
APP0001774,CUST0000924,2025-02-04,8875.76,Medical,Approved,Mobile App,2025-02-16
APP0001775,CUST0000872,2022-09-24,14346.42,Debt Consolidation,Approved,Mobile App,2022-10-04
APP0001776,CUST0000617,2025-01-30,11975.17,Home Improvement,Approved,Call Center,2025-02-18
APP0001777,CUST0001861,2025-05-20,35056.54,Education,Rejected,Mobile App,2025-05-27
APP0001778,CUST0000480,2021-09-24,32768.58,Education,Rejected,Mobile App,2021-10-13
APP0001779,CUST0001538,2023-07-27,29618.73,Education,Approved,Online,2023-08-16
APP0001780,CUST0001540,2022-10-26,10110.82,Auto,Rejected,Branch,2022-11-02
APP0001781,CUST0000487,2025-08-12,3131.35,Home Improvement,Approved,Branch,2025-08-21
APP0001782,CUST0000024,2024-11-17,33324.73,Medical,Pending,Mobile App,2026-08-24
APP0001783,CUST0000500,2024-04-25,2002.63,Wedding,Rejected,Branch,2024-05-05
APP0001784,CUST0000538,2022-10-08,21945.62,Wedding,Rejected,Online,2022-10-23
APP0001785,CUST0001490,2024-01-21,13233.02,Debt Consolidation,Approved,Branch,2024-01-27
APP0001786,CUST0001063,2026-06-17,19453.62,Auto,Rejected,Partner Referral,2026-07-07
APP0001787,CUST0000861,2026-08-15,12647.79,Education,Rejected,Online,2026-08-24
APP0001788,CUST0000953,2022-06-18,19023.58,Home Improvement,Withdrawn,Mobile App,2022-06-20
APP0001789,CUST0001906,2024-01-26,59322.86,Auto,Approved,Mobile App,2024-01-31
APP0001790,CUST9244944,2025-05-22,1393.7,Home Improvement,Approved,Branch,2025-06-04
APP0001791,CUST0000052,2023-02-19,44845.89,Medical,Rejected,Online,2023-02-25
APP0001792,CUST0001688,2026-08-21,9490.27,Wedding,Rejected,Branch,2026-08-24
APP0001793,CUST0000723,2023-12-24,38965.64,Wedding,Rejected,Mobile App,2024-01-06
APP0001794,CUST0001504,2023-05-19,38398.29,Debt Consolidation,Pending,Online,2026-08-24
APP0001795,CUST0001970,2026-05-10,708.36,Business,Approved,Call Center,2026-05-29
APP0001796,CUST0001029,2024-08-30,,Wedding,Approved,Mobile App,2024-09-12
APP0001797,CUST0001249,2021-12-16,31377.46,Personal,Pending,Online,2026-08-24
APP0001798,CUST0000858,2022-03-06,54803.12,Debt Consolidation,Approved,Online,2022-03-12
APP0001799,CUST0000150,2026-07-20,8369.67,Medical,Rejected,Online,2026-07-26
APP0001800,CUST0000074,2024-10-03,16439.62,Personal,Approved,Online,2024-10-04
APP0001801,CUST0000721,2025-12-30,19830.48,Wedding,Approved,Online,2026-01-01
APP0001802,CUST0001644,2026-08-02,37216.72,Auto,Rejected,Online,2026-08-18
APP0001803,CUST0000683,2025-05-15,14190.54,Auto,Pending,Partner Referral,2026-08-24
APP0001804,CUST0000862,2026-07-06,,Home Improvement,Approved,Mobile App,2026-07-08
APP0001805,CUST0001063,2026-06-02,71706.23,Wedding,Approved,Mobile App,2026-06-14
APP0001806,CUST0000642,2023-09-15,23026.21,Home Improvement,Approved,Branch,2023-09-22
APP0001807,CUST0000980,2024-11-03,50730.36,Auto,Approved,Mobile App,2024-11-17
APP0001808,CUST0001214,2025-10-01,12072.81,Home Improvement,Approved,Call Center,2025-10-13
APP0001809,CUST0001703,2026-05-21,611.2,Wedding,Pending,Online,2026-08-24
APP0001810,CUST0001509,2025-10-12,38716.44,Debt Consolidation,Rejected,Mobile App,2025-10-25
APP0001811,CUST0001636,2025-09-07,44054.3,Education,Rejected,Call Center,2025-09-11
APP0001812,CUST0001047,2023-04-14,16541.84,Home Improvement,Approved,Partner Referral,2023-04-28
APP0001813,CUST0001398,2023-10-16,3227.52,Medical,Approved,Branch,2023-11-02
APP0001814,CUST0000300,2025-10-05,30963.41,Education,Rejected,Call Center,2025-10-25
APP0001815,CUST0000296,2022-04-13,43581.72,Business,Approved,Branch,2022-04-28
APP0001816,CUST0001844,2022-06-17,62401.77,Education,Pending,Online,2026-08-24
APP0001817,CUST0001209,2025-08-02,8050.26,Medical,Approved,Online,2025-08-13
APP0001818,CUST0000226,2026-07-17,8794.66,Auto,Approved,Branch,2026-07-20
APP0001819,CUST0000816,2023-09-27,27499.75,Personal,Rejected,Online,2023-10-10
APP0001820,CUST0001940,2025-12-19,28271.65,Business,Approved,Online,2025-12-22
APP0001821,CUST0000043,2023-06-04,502.41,Business,Pending,Online,2026-08-24
APP0001822,CUST0000885,2024-03-14,47761.68,Personal,Rejected,Mobile App,2024-03-25
APP0001823,CUST0001674,2026-07-08,34764.22,Home Improvement,Approved,Call Center,2026-07-18
APP0001824,CUST0001894,2023-07-29,29298.74,Wedding,Pending,Call Center,2026-08-24
APP0001825,CUST0000738,2026-01-25,76971.34,Wedding,Rejected,Branch,2026-02-07
APP0001826,CUST0001830,2026-05-18,8596.24,Medical,Approved,Partner Referral,2026-06-06
APP0001827,CUST0001433,2025-05-03,1413.83,Home Improvement,Rejected,Branch,2025-05-22
APP0001828,CUST0000813,2022-01-01,28873.37,,Rejected,Branch,2022-01-12
APP0001829,CUST0001559,2026-06-14,1074.64,Medical,Approved,Branch,2026-06-26
APP0001830,CUST0001601,2024-02-21,18732.99,Wedding,Approved,Online,2024-03-02
APP0001831,CUST0000551,2023-02-04,4055.74,Auto,Pending,Mobile App,2026-08-24
APP0001832,CUST0000180,2024-01-31,13563.2,Wedding,Rejected,Branch,2024-02-18
APP0001833,CUST0001562,2023-11-07,2004.14,Home Improvement,Rejected,Partner Referral,2023-11-09
APP0001834,CUST0000166,2023-07-22,44489.48,Wedding,declined,Online,2023-08-07
APP0001835,CUST0001557,2025-01-13,1276.92,Wedding,Rejected,Online,2025-01-14
APP0001836,CUST0000712,2022-03-18,41334.61,Education,Rejected,Online,2022-04-02
APP0001837,CUST0001406,2024-10-23,10871.31,Debt Consolidation,Approved,Online,2024-10-30
APP0001838,CUST0001220,2022-11-27,4354.58,Education,Approved,Partner Referral,2022-12-08
APP0001839,CUST0000077,2025-08-09,4954.88,Wedding,Rejected,Branch,2025-08-25
APP0001840,CUST0000019,2026-07-25,1596.09,Wedding,Rejected,Online,2026-07-30
APP0001841,CUST0001260,2024-01-05,11588.81,Medical,Rejected,Mobile App,2024-01-08
APP0001842,CUST0001031,2025-09-08,18629.61,Medical,Rejected,Branch,2025-09-20
APP0001843,CUST0000088,2023-04-02,53179.49,Medical,Rejected,Online,2023-04-19
APP0001844,CUST0001952,2025-11-02,95869.17,Home Improvement,Rejected,Online,2025-11-05
APP0001845,CUST0000478,2024-04-25,41636.92,Business,Rejected,Online,2024-05-03
APP0001846,CUST0001717,2024-03-12,9090.75,Wedding,Pending,Mobile App,2026-08-24
APP0001847,CUST0000234,2022-02-26,34487.01,Auto,Pending,Mobile App,2026-08-24
APP0001848,CUST0000465,2024-12-15,57835.91,Personal,Pending,Online,2026-08-24
APP0001849,CUST0001058,2025-08-08,5001.54,Debt Consolidation,PENDING,Mobile App,2026-08-24
APP0001850,CUST0001057,2024-03-04,3289.34,Debt Consolidation,Approved,Mobile App,2024-03-15
APP0001851,CUST0001208,2022-06-12,10561.68,Wedding,Rejected,Online,2022-06-15
APP0001852,CUST0000343,2025-01-12,1544.25,Debt Consolidation,Rejected,Branch,2025-01-14
APP0001853,CUST0000529,2024-10-10,2045.28,Medical,Approved,Online,2024-10-14
APP0001854,CUST0000527,2025-12-18,18506.3,Wedding,Pending,Online,2026-08-24
APP0001855,CUST0000881,2026-06-04,9237.16,Auto,Approved,Branch,2026-06-15
APP0001856,CUST0001847,2022-11-10,39707.78,Auto,Approved,Online,2022-11-28
APP0001857,CUST0000925,2023-02-09,31669.39,Debt Consolidation,Approved,Branch,2023-02-25
APP0001858,CUST0001996,2026-05-27,994.24,Business,Approved,Mobile App,2026-06-01
APP0001859,CUST0000504,2022-03-29,25768.29,Auto,Rejected,Online,2022-04-02
APP0001860,CUST0000486,2026-03-20,1716.37,Debt Consolidation,Approved,Partner Referral,2026-03-31
APP0001861,CUST0000203,2022-06-02,25262.3,Medical,Approved,Online,2022-06-18
APP0001862,CUST0000425,2023-09-29,27070.11,Home Improvement,Rejected,Branch,2023-10-15
APP0001863,CUST0000624,2022-05-04,13910.95,Personal,Rejected,Mobile App,2022-05-15
APP0001864,CUST0000768,2026-07-13,162973.24,Business,Rejected,Branch,2026-07-19
APP0001865,CUST0001428,2024-02-24,2292.34,Wedding,Approved,Partner Referral,2024-03-05
APP0001866,CUST0000892,2026-01-22,45156.5,Wedding,Withdrawn,Online,2026-02-06
APP0001867,CUST0001373,2021-10-21,11881.77,Personal,Approved,Online,2021-11-08
APP0001868,CUST0000179,2021-11-06,21022.96,Education,Rejected,Branch,2021-11-08
APP0001869,CUST0001894,2024-04-23,37001.35,Home Improvement,Pending,Branch,2026-08-24
APP0001870,CUST0000296,2021-11-09,48694.53,Debt Consolidation,Pending,Mobile App,2026-08-24
APP0001871,CUST0000067,2024-05-14,45276.94,Debt Consolidation,Rejected,Mobile App,2024-05-19
APP0001872,CUST0000850,2025-03-08,16545.12,Home Improvement,Approved,Online,2025-03-10
APP0001873,CUST0001303,2024-02-02,28013.28,Wedding,Pending,Mobile App,2026-08-24
APP0001874,CUST0000471,2025-07-25,6265.64,Home Improvement,Rejected,Mobile App,2025-07-31
APP0001875,CUST0000327,2022-02-27,24819.08,Debt Consolidation,Rejected,Branch,2022-03-02
APP0001876,CUST0001690,2022-11-22,16660.8,Wedding,Approved,Online,2022-11-28
APP0001877,CUST0001650,2022-06-13,8058.99,Medical,Pending,Call Center,2026-08-24
APP0001878,CUST0001504,2024-02-21,10052.54,Medical,Withdrawn,Mobile App,2024-03-10
APP0001879,CUST0000442,2023-08-18,54345.08,Auto,Rejected,Online,2023-08-20
APP0001880,CUST0001073,2024-05-05,13196.46,Wedding,Withdrawn,Online,2024-05-16
APP0001881,CUST0001380,2022-05-31,10524.59,Auto,Rejected,Mobile App,2022-06-07
APP0001882,CUST0000866,2023-11-16,60007.56,Personal,Approved,Call Center,2023-12-03
APP0001883,CUST0000358,2025-06-22,9703.6,Wedding,Rejected,Branch,2025-07-02
APP0001884,CUST0001662,2021-12-29,3647.8,Medical,Rejected,Call Center,2022-01-10
APP0001885,CUST0001877,2025-08-01,18104.71,Business,Rejected,Online,2025-08-09
APP0001886,CUST0000332,2022-09-28,5649.0,,Approved,Online,2022-10-15
APP0001887,CUST0001407,2025-12-27,33001.05,Personal,Rejected,Mobile App,2026-01-10
APP0001888,CUST0001775,2025-09-20,5956.37,Wedding,Approved,Online,2025-10-02
APP0001889,CUST0001083,2023-11-19,14366.63,Home Improvement,Rejected,Online,2023-11-27
APP0001890,CUST0000099,2022-01-05,2497.89,Debt Consolidation,Pending,Mobile App,2026-08-24
APP0001891,CUST0001382,2023-07-29,5022.35,Debt Consolidation,Approved,Online,2023-08-04
APP0001892,CUST0001847,2024-10-04,66801.59,Personal,Rejected,Online,2024-10-18
APP0001893,CUST0000524,2023-05-06,21868.45,Home Improvement,Approved,Online,2023-05-12
APP0001894,CUST0000278,2024-10-25,20189.03,Medical,Rejected,Online,2024-10-31
APP0001895,CUST0000506,2025-10-06,24535.11,Auto,Pending,Online,2026-08-24
APP0001896,CUST0001625,2026-06-06,14366.8,Auto,Approved,Online,2026-06-25
APP0001897,CUST0001115,2023-08-21,9944.83,Home Improvement,Approved,Partner Referral,2023-08-30
APP0001898,CUST0000037,2026-08-02,3990.26,Medical,Withdrawn,Mobile App,2026-08-21
APP0001899,CUST0001176,2022-11-22,810.72,Wedding,Approved,Mobile App,2022-12-03
APP0001900,CUST0001631,2026-05-16,16066.49,Auto,Approved,Online,2026-05-18
APP0001901,CUST0000371,2022-05-12,20011.87,Personal,Rejected,Online,2022-05-24
APP0001902,CUST0001169,2024-05-09,14513.16,Business,Approved,Call Center,2024-05-28
APP0001903,CUST0000458,2025-01-04,26941.86,Personal,Approved,Mobile App,2025-01-22
APP0001904,CUST0000039,2021-11-09,14062.66,Education,Rejected,Mobile App,2021-11-13
APP0001905,CUST0000802,2023-11-13,3405.84,Auto,Rejected,Online,2023-11-19
APP0001906,CUST0001549,2023-01-13,39575.48,Auto,Rejected,Branch,2023-01-27
APP0001907,CUST0001338,2025-09-22,14307.52,Auto,Rejected,Branch,2025-10-01
APP0001908,CUST0000204,2024-01-10,52109.18,Education,Approved,Online,2024-01-27
APP0001909,CUST0000372,2022-03-02,5206.12,,Approved,Mobile App,2022-03-13
APP0001910,CUST0001080,2021-11-04,14366.29,Medical,Withdrawn,Online,2021-11-09
APP0001911,CUST0000642,2021-10-07,5480.36,Auto,Rejected,Branch,2021-10-14
APP0001912,CUST0000665,2021-10-31,24448.34,Wedding,Rejected,Online,2021-11-03
APP0001913,CUST0000873,2024-01-27,15966.81,Business,Rejected,Mobile App,2024-02-02
APP0001914,CUST0001519,2023-04-08,11582.18,,Pending,Mobile App,2026-08-24
APP0001915,CUST0001152,2022-09-09,25319.09,Wedding,Rejected,Online,2022-09-14
APP0001916,CUST0001707,2023-08-02,14168.84,Education,Approved,Partner Referral,2023-08-11
APP0001917,CUST0000205,2023-11-01,2559.73,Debt Consolidation,Rejected,Online,2023-11-05
APP0001918,CUST0000929,2024-07-20,13423.96,Wedding,Approved,Call Center,2024-07-30
APP0001919,CUST0001101,2024-02-20,14994.72,Medical,Withdrawn,Mobile App,2024-03-11
APP0001920,CUST0001516,2026-04-24,6835.14,Medical,Rejected,Call Center,2026-05-10
APP0001921,CUST0001031,2023-07-09,5899.22,Medical,Approved,Mobile App,2023-07-25
APP0001922,CUST0001834,2023-08-09,42618.13,Debt Consolidation,Rejected,Branch,2023-08-15
APP0001923,CUST0001676,2023-09-16,8382.93,Business,Pending,Online,2026-08-24
APP0001924,CUST0001379,2021-11-20,33354.51,Debt Consolidation,Approved,Mobile App,2021-11-22
APP0001925,CUST0000796,2025-05-24,22984.15,Business,Rejected,Mobile App,2025-06-12
APP0001926,CUST0000644,2024-05-07,80648.34,Personal,Rejected,Branch,2024-05-27
APP0001927,CUST0001067,2023-08-23,56839.62,Medical,Pending,Mobile App,2026-08-24
APP0001928,CUST0000927,2023-06-09,6745.15,Medical,Approved,Branch,2023-06-23
APP0001929,CUST0000059,2024-03-29,19609.38,Business,Rejected,Online,2024-04-03
APP0001930,CUST0000460,2026-02-25,31535.83,Personal,Rejected,Online,2026-03-11
APP0001931,CUST0001671,2023-08-22,12722.59,Debt Consolidation,Withdrawn,Mobile App,2023-08-24
APP0001932,CUST0000917,2023-10-21,9059.44,Medical,Approved,Mobile App,2023-10-28
APP0001933,CUST0001900,2022-04-25,9191.76,Auto,Rejected,Mobile App,2022-05-03
APP0001934,CUST0000492,2023-04-04,10391.81,Debt Consolidation,Rejected,Branch,2023-04-24
APP0001935,CUST0001936,2025-05-24,3623.94,Debt Consolidation,Pending,Online,2026-08-24
APP0001936,CUST0001615,2025-04-07,17148.14,Education,Approved,Online,2025-04-12
APP0001937,CUST0000718,2025-09-03,29574.67,Personal,Approved,Online,2025-09-04
APP0001938,CUST0001220,2024-02-11,34082.96,Education,Pending,Online,2026-08-24
APP0001939,CUST0001977,2026-02-23,,Home Improvement,Approved,Mobile App,2026-02-28
APP0001940,CUST0001267,2024-06-03,15185.51,Medical,Approved,Mobile App,2024-06-10
APP0001941,CUST0001864,2022-04-20,1035.96,Wedding,Approved,Call Center,2022-04-23
APP0001942,CUST0000221,2022-05-29,34189.53,Personal,Pending,Online,2026-08-24
APP0001943,CUST0000328,2024-02-17,18385.93,Debt Consolidation,Rejected,Mobile App,2024-02-25
APP0001944,CUST0000003,2023-07-11,31287.47,Business,Rejected,Branch,2023-07-16
APP0001945,CUST0000651,2022-03-08,9110.61,Education,Pending,Online,2026-08-24
APP0001946,CUST0001579,2021-11-17,27514.31,Auto,Pending,Mobile App,2026-08-24
APP0001947,CUST0001928,2024-09-27,18837.01,Auto,Rejected,Partner Referral,2024-10-11
APP0001948,CUST0001085,2025-06-03,24997.81,Business,Approved,Online,2025-06-14
APP0001949,CUST0000846,2022-09-30,8508.53,Wedding,Rejected,Mobile App,2022-10-19
APP0001950,CUST0001864,2022-11-16,,Auto,Rejected,Online,2022-11-29
APP0001951,CUST0001177,2024-04-27,32239.63,Wedding,Approved,Online,2024-05-05
APP0001952,CUST0001075,2022-04-02,10560.78,Personal,Pending,Online,2026-08-24
APP0001953,CUST0000170,2025-11-01,66483.58,Debt Consolidation,Rejected,Online,2025-11-04
APP0001954,CUST0000430,2024-08-05,44883.46,Auto,Rejected,Mobile App,2024-08-19
APP0001955,CUST0001396,2023-06-16,14469.26,Medical,Rejected,Online,2023-06-17
APP0001956,CUST0001397,2024-07-18,20848.69,Business,Pending,Mobile App,2026-08-24
APP0001957,CUST0000992,2022-06-18,1425.2,Home Improvement,Approved,Call Center,2022-06-19
APP0001958,CUST0001402,2023-03-24,12956.79,Medical,Approved,Mobile App,2023-03-31
APP0001959,CUST0001383,2024-04-22,500.0,Debt Consolidation,Rejected,Online,2024-05-10
APP0001960,CUST0000132,2026-06-17,58888.72,Debt Consolidation,Withdrawn,Online,2026-06-19
APP0001961,CUST0001670,2025-11-12,10785.11,Medical,Approved,Branch,2025-12-02
APP0001962,CUST0001388,2024-10-28,9299.32,Business,Approved,Online,2024-11-17
APP0001963,CUST0000439,2023-04-29,94207.25,Medical,Pending,Online,2026-08-24
APP0001964,CUST0000426,2026-04-12,6005.39,Medical,Rejected,Branch,2026-04-26
APP0001965,CUST0001917,2022-04-16,23899.73,Medical,Approved,Mobile App,2022-04-20
APP0001966,CUST0000510,2023-02-24,53086.97,Business,Approved,Online,2023-02-26
APP0001967,CUST0000065,2023-10-18,30574.26,Business,Rejected,Online,2023-11-06
APP0001968,CUST0000063,2024-05-28,23320.25,Education,Rejected,Call Center,2024-06-05
APP0001969,CUST0000457,2025-01-06,25719.99,Debt Consolidation,Approved,Partner Referral,2025-01-15
APP0001970,CUST0001255,2023-09-19,512.98,Debt Consolidation,APPR,Mobile App,2023-09-21
APP0001971,CUST0000913,2026-05-12,3453.8,Auto,Withdrawn,Branch,2026-05-14
APP0001972,CUST0001464,2023-09-18,101801.77,Home Improvement,Rejected,Mobile App,2023-09-29
APP0001973,CUST0000465,2024-10-17,11055.83,Education,Rejected,Online,2024-10-26
APP0001974,CUST0000461,2021-11-20,4404.63,Business,Approved,Call Center,2021-12-05
APP0001975,CUST0000809,2022-06-08,89310.31,,Rejected,Online,2022-06-25
APP0001976,CUST0001586,2022-09-30,16831.25,Medical,WITHDRAWN,Mobile App,2022-10-02
APP0001977,CUST0001006,2021-08-27,19491.52,Home Improvement,Rejected,Online,2021-09-16
APP0001978,CUST0001525,2025-12-29,30264.87,Medical,Approved,Mobile App,2026-01-17
APP0001979,CUST0000188,2024-10-08,29515.05,Medical,Rejected,Mobile App,2024-10-20
APP0001980,CUST0000820,2025-11-23,17785.82,Debt Consolidation,Approved,Mobile App,2025-12-01
APP0001981,CUST0000875,2023-04-24,17965.25,Business,Rejected,Branch,2023-04-28
APP0001982,CUST0000137,2022-03-04,3163.09,Auto,Approved,Mobile App,2022-03-09
APP0001983,CUST0000629,2023-04-15,,Business,Pending,Branch,2026-08-24
APP0001984,CUST0000561,2021-09-27,29237.47,Business,Rejected,Mobile App,2021-09-30
APP0001985,CUST0000912,2023-03-02,11120.06,Home Improvement,Rejected,Branch,2023-03-22
APP0001986,CUST0000331,2022-02-27,29521.06,Wedding,Rejected,Branch,2022-03-02
APP0001987,CUST0000540,2022-09-19,11468.32,Debt Consolidation,Pending,Mobile App,2026-08-24
APP0001988,CUST0001918,2024-11-03,1538.55,Education,Approved,Online,2024-11-20
APP0001989,CUST0000287,2026-06-16,22437.19,Personal,Approved,Mobile App,2026-06-22
APP0001990,CUST0001636,2022-11-05,19667.16,Education,Pending,Online,2026-08-24
APP0001991,CUST0001086,2026-07-24,31048.48,Education,Pending,Mobile App,2026-08-24
APP0001992,CUST0000157,2025-06-17,6996.13,Medical,Approved,Online,2025-07-03
APP0001993,CUST0000802,2022-04-01,4710.71,Debt Consolidation,Approved,Mobile App,2022-04-03
APP0001994,CUST0001027,2021-09-04,2293.11,Business,Rejected,Online,2021-09-09
APP0001995,CUST0000555,2022-03-19,11061.97,Wedding,Approved,Branch,2022-03-22
APP0001996,CUST0000534,2025-03-24,14685.93,Personal,Rejected,Online,2025-03-31
APP0001997,CUST0001425,2024-12-31,54712.42,Debt Consolidation,Rejected,Call Center,2025-01-14
APP0001998,CUST0000065,2026-01-29,12566.2,Home Improvement,Rejected,Online,2026-02-07
APP0001999,CUST0001857,2024-04-10,12507.95,Personal,Approved,Branch,2024-04-20
APP0002000,CUST9013059,2021-11-14,35168.03,Business,Rejected,Online,2021-11-24
APP0002001,CUST0000764,2026-08-24,20080.7,Auto,Withdrawn,Mobile App,2026-08-24
APP0002002,CUST0000256,2025-12-25,922.42,Home Improvement,Rejected,Online,2025-12-27
APP0002003,CUST0001762,2025-03-25,12371.86,Medical,Rejected,Branch,2025-03-30
APP0002004,CUST0000446,2026-03-28,5905.91,Debt Consolidation,Withdrawn,Online,2026-03-29
APP0002005,CUST0001608,2023-01-17,2984.42,Debt Consolidation,Rejected,Online,2023-02-03
APP0002006,CUST0000654,2024-04-29,41797.48,Debt Consolidation,Approved,Online,2024-05-19
APP0002007,CUST0000064,2024-04-23,888.22,Personal,Approved,Branch,2024-05-03
APP0002008,CUST0000818,2023-01-26,10827.74,Debt Consolidation,Approved,Online,2023-02-09
APP0002009,CUST0001047,2026-08-17,51179.98,Education,Approved,Partner Referral,2026-08-19
APP0002010,CUST0000937,2024-06-17,65777.63,Auto,Rejected,Online,2024-06-19
APP0002011,CUST0001975,2026-03-30,7428.07,Personal,Approved,Mobile App,2026-04-12
APP0002012,CUST0001041,2023-03-15,1709.1,Home Improvement,Rejected,Online,2023-03-31
APP0002013,CUST0001559,2024-02-15,966.78,Wedding,Pending,Online,2026-08-24
APP0002014,CUST0000741,2026-04-25,6878.89,Debt Consolidation,Approved,Mobile App,2026-05-03
APP0002015,CUST0000290,2022-07-18,7027.88,Personal,Rejected,Mobile App,2022-07-27
APP0002016,CUST0000997,2024-05-13,4549.69,Home Improvement,Withdrawn,Mobile App,2024-05-29
APP0002017,CUST0001120,2025-08-18,4514.18,Debt Consolidation,Approved,Mobile App,2025-08-21
APP0002018,CUST0000836,2025-08-22,14560.77,Debt Consolidation,Approved,Online,2025-09-10
APP0002019,CUST0001534,2025-05-28,13420.52,Personal,Rejected,Partner Referral,2025-06-03
APP0002020,CUST0001929,2024-09-11,4149.09,Auto,Rejected,Branch,2024-09-12
APP0002021,CUST9386877,2021-09-06,22241.71,Medical,Approved,Call Center,2021-09-22
APP0002022,CUST0000136,2023-02-02,39104.38,Personal,Withdrawn,Mobile App,2023-02-22
APP0002023,CUST0000548,2025-08-15,6939.9,Auto,Rejected,Online,2025-08-25
APP0002024,CUST0001172,2024-02-24,8092.41,Education,Rejected,Branch,2024-02-28
APP0002025,CUST0000085,2023-06-11,16707.76,Auto,Pending,Partner Referral,2026-08-24
APP0002026,CUST0000388,2026-01-17,37560.8,Debt Consolidation,Approved,Online,2026-01-23
APP0002027,CUST0000819,2023-05-13,,Wedding,Pending,Branch,2026-08-24
APP0002028,CUST0000751,2023-07-25,5219.86,Auto,Rejected,Mobile App,2023-08-07
APP0002029,CUST0001693,2023-09-02,10925.79,Personal,Rejected,Online,2023-09-16
APP0002030,CUST0001093,2023-05-10,10009.41,Medical,Rejected,Online,2023-05-25
APP0002031,CUST0001745,2024-03-05,81435.99,Personal,Approved,Mobile App,2024-03-10
APP0002032,CUST0001520,2026-06-06,4884.46,Home Improvement,Pending,Call Center,2026-08-24
APP0002033,CUST0000829,2026-08-19,20406.09,,Rejected,Branch,2026-08-24
APP0002034,CUST0001956,2023-04-26,6829.07,Auto,Rejected,Partner Referral,2023-04-29
APP0002035,CUST0001688,2023-07-01,1963.16,Wedding,Pending,Online,2026-08-24
APP0002036,CUST0000988,2025-12-11,9151.86,Auto,Rejected,Online,2025-12-17
APP0002037,CUST0001702,2024-07-10,19285.7,Personal,Withdrawn,Online,2024-07-25
APP0002038,CUST0000514,2022-07-16,19342.27,Medical,Approved,Branch,2022-07-23
APP0002039,CUST0000417,2024-05-24,57272.69,Medical,Approved,Mobile App,2024-05-27
APP0002040,CUST0001584,2025-08-09,17387.95,Business,Approved,Online,2025-08-16
APP0002041,CUST0001579,2023-08-31,56262.1,Business,Approved,Branch,2023-09-03
APP0002042,CUST0000444,2024-09-21,25527.58,Medical,Rejected,Mobile App,2024-09-25
APP0002043,CUST0001508,2025-07-09,4616.26,Debt Consolidation,Approved,Mobile App,2025-07-19
APP0002044,CUST0001016,2022-04-01,6967.74,Debt Consolidation,Rejected,Mobile App,2022-04-21
APP0002045,CUST0001118,2026-07-09,36090.68,Education,Withdrawn,Mobile App,2026-07-14
APP0002046,CUST0001694,2021-12-19,21029.91,Debt Consolidation,declined,Partner Referral,2022-01-04
APP0002047,CUST0000321,2022-03-20,22091.91,Education,Rejected,Mobile App,2022-03-31
APP0002048,CUST0000808,2023-02-20,18932.27,Wedding,Withdrawn,Call Center,2023-03-12
APP0002049,CUST0000580,2021-09-30,2426.49,Personal,Rejected,Partner Referral,2021-10-11
APP0002050,CUST0001114,2024-12-07,39448.71,Business,Rejected,Call Center,2024-12-10
APP0002051,CUST0000316,2024-04-10,16279.03,Auto,Approved,Online,2024-04-19
APP0002052,CUST0000240,2023-06-13,69628.14,Business,Rejected,Branch,2023-06-15
APP0002053,CUST0001393,2026-08-02,32885.97,Home Improvement,Approved,Online,2026-08-07
APP0002054,CUST0000112,2023-01-02,160644.15,Wedding,Approved,Online,2023-01-13
APP0002055,CUST0000835,2026-01-16,18040.69,Debt Consolidation,Approved,Branch,2026-02-04
APP0002056,CUST0001973,2024-07-22,16535.02,Education,Rejected,Online,2024-08-04
APP0002057,CUST0001998,2025-02-10,31873.04,Medical,Approved,Branch,2025-02-18
APP0002058,CUST0000358,2026-05-30,21276.55,Debt Consolidation,Rejected,Mobile App,2026-06-12
APP0002059,CUST0001855,2022-12-01,21724.69,Home Improvement,Rejected,Online,2022-12-06
APP0002060,CUST0000672,2022-04-04,29693.73,Business,Approved,Partner Referral,2022-04-06
APP0002061,CUST0000398,2025-08-11,7675.24,Education,Approved,Mobile App,2025-08-26
APP0002062,CUST0001010,2024-11-14,4128.47,Home Improvement,Pending,Mobile App,2026-08-24
APP0002063,CUST0000977,2022-08-20,14154.22,Home Improvement,Pending,Online,2026-08-24
APP0002064,CUST0000749,2026-03-18,23119.28,Business,Pending,Partner Referral,2026-08-24
APP0002065,CUST0000855,2025-03-27,1818.4,Business,Rejected,Online,2025-04-06
APP0002066,CUST0000195,2024-05-09,5696.34,Medical,Approved,Mobile App,2024-05-17
APP0002067,CUST0000528,2022-04-23,100826.39,Debt Consolidation,Approved,Online,2022-05-13
APP0002068,CUST0000394,2026-06-20,26711.51,Debt Consolidation,Rejected,Online,2026-07-01
APP0002069,CUST0001865,2024-04-10,5279.37,Home Improvement,Withdrawn,Online,2024-04-28
APP0002070,CUST0000987,2024-08-20,5449.12,Debt Consolidation,Approved,Mobile App,2024-08-21
APP0002071,CUST0001093,2021-10-13,25232.56,Education,Approved,Call Center,2021-10-21
APP0002072,CUST0000878,2025-01-04,23853.12,Medical,Rejected,Mobile App,2025-01-09
APP0002073,CUST0001770,2025-10-28,4569.54,Home Improvement,Rejected,Mobile App,2025-10-31
APP0002074,CUST0001597,2025-08-08,3988.77,Education,Rejected,Online,2025-08-28
APP0002075,CUST0001380,2023-07-14,15692.47,Business,Pending,Partner Referral,2026-08-24
APP0002076,CUST0000624,2022-08-24,8989.16,Home Improvement,Rejected,Online,2022-09-05
APP0002077,CUST0000617,2023-11-12,88091.24,Business,Pending,Call Center,2026-08-24
APP0002078,CUST0001881,2024-06-12,10678.95,Debt Consolidation,Approved,Mobile App,2024-06-14
APP0002079,CUST0001861,2022-12-29,29918.86,Education,Rejected,Online,2023-01-18
APP0002080,CUST0000566,2024-09-19,6493.26,Medical,Approved,Online,2024-09-25
APP0002081,CUST0000673,2026-04-09,19480.57,Debt Consolidation,Rejected,Mobile App,2026-04-17
APP0002082,CUST0000663,2022-04-01,10187.12,Personal,Approved,Partner Referral,2022-04-05
APP0002083,CUST0001569,2022-11-17,4409.91,Home Improvement,Approved,Mobile App,2022-12-01
APP0002084,CUST0001899,2023-12-04,36374.71,Personal,Approved,Call Center,2023-12-23
APP0002085,CUST0001776,2022-07-07,17807.82,Auto,Rejected,Partner Referral,2022-07-14
APP0002086,CUST0001681,2025-07-02,500.0,Business,Approved,Online,2025-07-19
APP0002087,CUST0000697,2021-12-14,48689.09,Business,Appr.,Branch,2021-12-23
APP0002088,CUST0000634,2021-11-07,24108.47,Medical,Rejected,Mobile App,2021-11-18
APP0002089,CUST0001778,2023-05-31,6047.04,Business,Approved,Online,2023-06-17
APP0002090,CUST0000791,2023-09-19,11442.53,Medical,Approved,Mobile App,2023-10-09
APP0002091,CUST0000431,2025-03-05,939.14,Education,Withdrawn,Online,2025-03-18
APP0002092,CUST0001685,2022-05-18,10113.03,Home Improvement,Rejected,Mobile App,2022-05-26
APP0002093,CUST0000960,2025-07-26,26531.72,Medical,Pending,Branch,2026-08-24
APP0002094,CUST0000173,2022-07-11,,Home Improvement,Approved,Mobile App,2022-07-29
APP0002095,CUST0001793,2026-05-23,52953.88,Medical,Rejected,Branch,2026-05-31
APP0002096,CUST0000590,2024-03-17,37701.18,Debt Consolidation,Approved,Branch,2024-03-27
APP0002097,CUST0000618,2025-06-24,30405.11,Medical,APPROVED,Online,2025-07-10
APP0002098,CUST0001064,2021-10-17,21695.14,Personal,Rejected,Mobile App,2021-11-03
APP0002099,CUST0000541,2025-03-26,7612.06,Auto,Pending,Online,2026-08-24
APP0002100,CUST0001658,2023-10-09,26235.03,Medical,Rejected,Branch,2023-10-28
APP0002101,CUST0001384,2024-02-28,32587.41,Personal,Approved,Mobile App,2024-03-17
APP0002102,CUST0001130,2021-10-10,,Debt Consolidation,Rejected,Branch,2021-10-20
APP0002103,CUST0000401,2024-10-01,26072.57,Business,Rejected,Online,2024-10-07
APP0002104,CUST0000980,2026-04-11,38202.36,Education,Rejected,Online,2026-04-15
APP0002105,CUST0000545,2026-08-16,11921.78,Auto,Rejected,Branch,2026-08-19
APP0002106,CUST0001925,2026-01-23,13509.19,Auto,Rejected,Online,2026-01-27
APP0002107,CUST0001586,2025-03-27,81677.99,Education,Rejected,Online,2025-03-29
APP0002108,CUST0000233,2022-09-15,10327.7,Medical,Rejected,Online,2022-09-21
APP0002109,CUST0001057,2023-06-29,4332.8,Medical,Approved,Branch,2023-07-19
APP0002110,CUST0001561,2021-12-23,11083.05,Business,Rejected,Branch,2021-12-28
APP0002111,CUST0001047,2022-10-09,27051.14,Medical,Rejected,Branch,2022-10-17
APP0002112,CUST0000255,2022-11-25,2315.24,Personal,Approved,Branch,2022-12-03
APP0002113,CUST0000280,2024-12-24,7219.57,Auto,Approved,Branch,2025-01-04
APP0002114,CUST0001466,2021-10-15,76355.25,Business,Rejected,Online,2021-10-26
APP0002115,CUST0001049,2026-04-18,3043.21,Education,Approved,Call Center,2026-04-30
APP0002116,CUST0001087,2025-04-27,18224.77,Wedding,Approved,Branch,2025-04-29
APP0002117,CUST0000540,2025-01-03,19343.49,Medical,Rejected,Mobile App,2025-01-10
APP0002118,CUST0000530,2024-07-07,59815.21,Home Improvement,Approved,Branch,2024-07-26
APP0002119,CUST0000815,2022-12-01,13894.24,Medical,Approved,Online,2022-12-21
APP0002120,CUST0001087,2024-05-14,15292.55,Business,Rejected,Mobile App,2024-05-15
APP0002121,CUST0000938,2024-11-01,5097.83,Medical,Rejected,Online,2024-11-14
APP0002122,CUST0001759,2025-11-27,12026.21,Wedding,Approved,Partner Referral,2025-11-30
APP0002123,CUST0000379,2025-01-22,34441.58,Home Improvement,Approved,Branch,2025-02-02
APP0002124,CUST0000945,2025-09-10,38575.41,Auto,Rejected,Online,2025-09-11
APP0002125,CUST0000471,2023-12-07,13549.65,Wedding,Approved,Branch,2023-12-23
APP0002126,CUST0000014,2023-09-10,29290.8,Personal,Withdrawn,Mobile App,2023-09-30
APP0002127,CUST0000830,2025-07-20,10089.75,Debt Consolidation,Rejected,Online,2025-07-23
APP0002128,CUST0000114,2024-09-12,,Wedding,Rejected,Online,2024-09-21
APP0002129,CUST0000745,2023-08-14,20967.79,Medical,Approved,Call Center,2023-08-18
APP0002130,CUST0001266,2023-11-09,35271.5,Business,Pending,Online,2026-08-24
APP0002131,CUST0000752,2024-06-06,53579.48,Debt Consolidation,Rejected,Online,2024-06-22
APP0002132,CUST0001356,2024-10-07,4106.72,Home Improvement,Approved,Online,2024-10-10
APP0002133,CUST0000590,2023-06-14,140332.31,Business,Rejected,Mobile App,2023-06-17
APP0002134,CUST0000804,2022-05-28,6982.05,Auto,Approved,Branch,2022-06-05
APP0002135,CUST0001751,2026-02-20,43329.03,Debt Consolidation,Withdrawn,Mobile App,2026-02-27
APP0002136,CUST0000486,2023-02-23,18526.44,Business,Approved,Partner Referral,2023-03-15
APP0002137,CUST0001002,2022-06-16,17337.09,Home Improvement,Pending,Online,2026-08-24
APP0002138,CUST0001432,2022-11-27,33631.86,Personal,Withdrawn,Online,2022-12-08
APP0002139,CUST0000725,2025-12-28,2586.2,Home Improvement,Approved,Online,2025-12-31
APP0002140,CUST0000609,2022-06-26,131664.63,Debt Consolidation,Pending,Branch,2026-08-24
APP0002141,CUST0001396,2025-02-18,9977.32,Medical,Approved,Online,2025-02-23
APP0002142,CUST0000149,2023-09-19,40651.88,Auto,Rejected,Online,2023-09-27
APP0002143,CUST0000532,2024-09-07,4347.38,Business,Approved,Mobile App,2024-09-14
APP0002144,CUST0000820,2025-04-12,31622.81,Home Improvement,Rejected,Online,2025-04-05
APP0002145,CUST0000435,2022-10-05,43787.5,Wedding,Rejected,Call Center,2022-10-17
APP0002146,CUST0001079,2023-08-18,27001.48,Medical,Rejected,Call Center,2023-08-29
APP0002147,CUST0001239,2025-08-07,16129.31,Business,Rejected,Branch,2025-08-18
APP0002148,CUST0001932,2026-07-24,21390.29,Personal,Approved,Call Center,2026-08-02
APP0002149,CUST0001204,2025-11-29,2611.2,Wedding,Approved,Mobile App,2025-12-10
APP0002150,CUST0001185,2023-02-27,78424.82,Education,Approved,Online,2023-03-14
APP0002151,CUST0001452,2022-11-01,37117.72,Home Improvement,Rejected,Branch,2022-11-07
APP0002152,CUST0000417,2026-05-22,23962.49,Education,Approved,Online,2026-05-26
APP0002153,CUST0000941,2025-01-30,8746.04,Medical,Rejected,Branch,2025-02-13
APP0002154,CUST0001665,2022-08-13,4364.12,Education,Withdrawn,Mobile App,2022-08-16
APP0002155,CUST0000352,2024-11-18,125439.99,Home Improvement,Withdrawn,Branch,2024-11-26
APP0002156,CUST0000583,2023-04-02,6358.4,Education,Rejected,Online,2023-04-14
APP0002157,CUST0000440,2022-06-06,11725.71,Wedding,Approved,Mobile App,2022-06-18
APP0002158,CUST0001919,2022-06-20,25697.04,Business,Rejected,Partner Referral,2022-07-05
APP0002159,CUST0000709,2023-07-16,20425.57,Wedding,Rejected,Online,2023-07-26
APP0002160,CUST0000651,2022-11-02,22903.03,Debt Consolidation,Approved,Online,2022-11-12
APP0002161,CUST0001631,2025-07-28,14381.76,Business,Withdrawn,Online,2025-07-29
APP0002162,CUST0001820,2022-06-07,23373.7,Debt Consolidation,Approved,Partner Referral,2022-06-23
APP0002163,CUST0000010,2022-08-01,1651.99,Home Improvement,approved,Branch,2022-08-06
APP0002164,CUST0001758,2024-10-08,9667.42,Personal,Rejected,Online,2024-10-25
APP0002165,CUST0001415,2023-10-26,,Debt Consolidation,In Review,Mobile App,2026-08-24
APP0002166,CUST0001728,2022-08-26,25638.88,Medical,Rejected,Branch,2022-09-14
APP0002167,CUST0000174,2021-12-29,4999.67,Debt Consolidation,Approved,Online,2022-01-16
APP0002168,CUST0000079,2022-01-27,8327.83,Auto,Rejected,Call Center,2022-02-04
APP0002169,CUST0000672,2023-02-07,59542.22,Debt Consolidation,Pending,Mobile App,2026-08-24
APP0002170,CUST0001700,2022-12-24,1236.57,Medical,Rejected,Online,2023-01-12
APP0002171,CUST0000998,2024-07-20,25630.47,Business,Approved,Partner Referral,2024-08-07
APP0002172,CUST0001443,2025-01-14,19981.75,Business,Rejected,Online,2025-01-29
APP0002173,CUST0000491,2022-06-23,4133.05,Wedding,Pending,Online,2022-05-26
APP0002174,CUST0000669,2023-10-16,2993.13,Debt Consolidation,Approved,Branch,2023-10-29
APP0002175,CUST0001756,2023-12-24,24384.24,Medical,Rejected,Online,2023-12-25
APP0002176,CUST0000981,2022-06-06,24544.84,Education,Rejected,Branch,2022-06-18
APP0002177,CUST0001560,2024-02-03,16457.02,Debt Consolidation,Rejected,Online,2024-02-11
APP0002178,CUST0001280,2021-12-18,8589.06,Debt Consolidation,Approved,Online,2021-12-19
APP0002179,CUST0000352,2023-03-17,73346.91,Auto,Approved,Partner Referral,2023-03-29
APP0002180,CUST0001888,2025-04-17,18798.44,Personal,Rejected,Online,2025-04-29
APP0002181,CUST0001893,2022-11-14,48404.66,Education,Approved,Online,2022-11-29
APP0002182,CUST0001561,2025-03-02,21906.58,Education,Rejected,Online,2025-03-18
APP0002183,CUST0000939,2022-03-07,47687.47,Education,Rejected,Mobile App,2022-03-14
APP0002184,CUST0000858,2023-12-15,46823.87,Personal,Approved,Online,2024-01-04
APP0002185,CUST0000596,2026-02-27,19869.05,Education,Rejected,Online,2026-03-08
APP0002186,CUST0001291,2024-04-14,5517.44,Business,Withdrawn,Call Center,2024-04-23
APP0002187,CUST0000621,2025-09-23,7520.1,Auto,Approved,Online,2025-09-27
APP0002188,CUST0000372,2022-11-07,67667.35,Personal,Approved,Call Center,2022-11-27
APP0002189,CUST0000122,2022-07-29,58693.03,Debt Consolidation,Approved,Branch,2022-08-06
APP0002190,CUST0000848,2024-01-28,18900.1,Auto,Rejected,Mobile App,2024-02-01
APP0002191,CUST0001631,2022-11-20,,Auto,Rejected,Online,2022-12-07
APP0002192,CUST0001583,2025-04-16,46903.19,Home Improvement,Pending,Partner Referral,2026-08-24
APP0002193,CUST0001699,2023-05-29,8765.83,Education,Rejected,Online,2023-06-03
APP0002194,CUST0001214,2025-07-03,21621.68,Wedding,Rejected,Online,2025-07-15
APP0002195,CUST0001736,2021-10-27,27917.79,Home Improvement,Rejected,Mobile App,2021-11-15
APP0002196,CUST0001567,2023-05-08,15832.52,Wedding,Rejected,Online,2023-05-22
APP0002197,CUST0001614,2022-11-11,15220.82,,Approved,Online,2022-11-20
APP0002198,CUST0001020,2025-01-15,,Wedding,Rejected,Branch,2025-01-27
APP0002199,CUST0000171,2022-09-05,3864.89,Debt Consolidation,Approved,Online,2022-09-08
APP0002200,CUST0000761,2024-01-30,12324.87,Wedding,Rejected,Online,2024-02-19
APP0002201,CUST0001695,2023-06-13,30910.12,Medical,Rejected,Branch,2023-06-24
APP0002202,CUST0001486,2025-05-06,2077.85,Education,Pending,Branch,2026-08-24
APP0002203,CUST0000026,2023-07-01,12657.55,Auto,Approved,Branch,2023-07-08
APP0002204,CUST0000188,2025-02-06,53297.07,Education,Pending,Mobile App,2026-08-24
APP0002205,CUST0001318,2022-02-04,43020.41,Education,Rejected,Online,2022-02-24
APP0002206,CUST0001958,2025-05-26,14430.61,Personal,Rejected,Online,2025-06-13
APP0002207,CUST0001463,2024-11-03,13954.35,Auto,Rejected,Online,2024-11-10
APP0002208,CUST0001897,2022-06-22,1889.46,Debt Consolidation,Pending,Online,2026-08-24
APP0002209,CUST0000133,2022-03-11,9015.63,Education,Rejected,Online,2022-03-12
APP0002210,CUST0001761,2023-04-05,32588.95,Personal,Approved,Branch,2023-04-17
APP0002211,CUST0000257,2026-08-03,11859.56,Debt Consolidation,Approved,Online,2026-08-12
APP0002212,CUST0001769,2022-12-21,74779.33,Personal,Pending,Mobile App,2026-08-24
APP0002213,CUST0001949,2024-01-08,11539.55,Personal,Rejected,Online,2024-01-14
APP0002214,CUST0001023,2023-11-19,2932.09,Education,Pending,Online,2026-08-24
APP0002215,CUST0001066,2023-02-14,34269.1,Wedding,Pending,Online,2026-08-24
APP0002216,CUST0000996,2023-12-21,2476.08,Medical,Approved,Branch,2024-01-09
APP0002217,CUST0001107,2022-07-11,6099.73,Home Improvement,Pending,Mobile App,2026-08-24
APP0002218,CUST0001641,2024-12-25,19069.07,Business,Approved,Mobile App,2024-12-31
APP0002219,CUST0000563,2022-06-13,11430.84,Education,Approved,Partner Referral,2022-06-25
APP0002220,CUST0000567,2024-06-30,14373.13,Wedding,Rejected,Online,2024-07-14
APP0002221,CUST0001937,2023-03-28,21566.38,Home Improvement,Pending,Online,2026-08-24
APP0002222,CUST0001700,2024-07-18,2779.97,Home Improvement,Rejected,Call Center,2024-07-29
APP0002223,CUST0001081,2024-05-21,44779.82,Business,Approved,Mobile App,2024-06-01
APP0002224,CUST0000402,2024-10-23,39245.89,Auto,Rejected,Online,2024-11-06
APP0002225,CUST0001912,2024-09-03,8320.61,Home Improvement,Rejected,Online,2024-09-16
APP0002226,CUST0001759,2023-01-05,52792.23,Business,Rejected,Branch,2023-01-10
APP0002227,CUST0000657,2024-08-03,14131.89,Home Improvement,Rejected,Online,2024-08-06
APP0002228,CUST0001083,2022-10-11,66277.72,Personal,Rejected,Branch,2022-10-17
APP0002229,CUST0000839,2023-08-03,3165.09,Auto,Rejected,Online,2023-08-06
APP0002230,CUST0001687,2022-09-21,33188.59,Business,Approved,Partner Referral,2022-10-02
APP0002231,CUST0001375,2024-04-26,12277.99,,Pending,Branch,2026-08-24
APP0002232,CUST0000987,2025-07-18,5941.47,Education,Approved,Mobile App,2025-07-19
APP0002233,CUST0001936,2024-09-02,24438.53,Auto,Rejected,Online,2024-09-19
APP0002234,CUST0001217,2022-02-18,19296.02,Debt Consolidation,Pending,Mobile App,2026-08-24
APP0002235,CUST0000969,2022-01-12,8562.92,Business,Rejected,Call Center,2022-01-22
APP0002236,CUST0001854,2023-03-25,61414.58,Medical,Rejected,Online,2023-03-29
APP0002237,CUST0000900,2024-08-03,20000.23,Wedding,Approved,Branch,2024-08-07
APP0002238,CUST0000837,2023-01-18,79858.91,Wedding,Rejected,Online,2023-02-06
APP0002239,CUST0000778,2026-08-16,38877.63,Debt Consolidation,Rejected,Branch,2026-08-21
APP0002240,CUST0000441,2024-08-09,19628.85,Auto,Pending,Mobile App,2026-08-24
APP0002241,CUST0000559,2026-02-12,24079.48,Medical,Rejected,Mobile App,2026-02-26
APP0002242,CUST0000182,2026-04-08,1645.84,Medical,Approved,Mobile App,2026-04-21
APP0002243,CUST0001457,2022-02-16,14532.13,Business,Approved,Online,2022-03-05
APP0002244,CUST0001180,2026-01-15,26551.46,Auto,Rejected,Mobile App,2026-02-02
APP0002245,CUST0001866,2021-11-25,,Home Improvement,Rejected,Mobile App,2021-12-01
APP0002246,CUST0001223,2022-03-05,11266.05,Auto,Approved,Online,2022-03-25
APP0002247,CUST0000161,2024-05-07,14864.3,Personal,Rejected,Call Center,2024-05-10
APP0002248,CUST0001242,2024-05-07,12372.8,Medical,Approved,Online,2024-05-23
APP0002249,CUST0000351,2024-11-21,5632.39,Auto,Approved,Online,2024-11-29
APP0002250,CUST0000075,2021-10-31,4019.18,Personal,Withdrawn,Mobile App,2021-11-13
APP0002251,CUST0001326,2022-03-09,11769.27,Debt Consolidation,Rejected,Online,2022-03-26
APP0002252,CUST0000055,2025-08-10,2521.39,Medical,Approved,Online,2025-08-19
APP0002253,CUST0000819,2024-08-08,4272.12,Debt Consolidation,Pending,Online,2026-08-24
APP0002254,CUST0001791,2023-07-10,20300.7,Education,Withdrawn,Call Center,2023-07-27
APP0002255,CUST0000513,2022-07-23,67879.5,Wedding,Pending,Online,2026-08-24
APP0002256,CUST0001392,2022-09-21,4646.28,Medical,Rejected,Online,2022-10-06
APP0002257,CUST0000754,2023-03-08,9603.26,Wedding,Withdrawn,Online,2023-03-17
APP0002258,CUST0000227,2024-01-25,57519.16,Personal,Approved,Online,2024-02-04
APP0002259,CUST0000395,2025-09-19,45089.62,Business,Pending,Online,2026-08-24
APP0002260,CUST0000150,2023-10-28,4306.65,Home Improvement,Approved,Call Center,2023-11-08
APP0002261,CUST0000302,2023-11-01,36185.82,Debt Consolidation,Approved,Mobile App,2023-11-05
APP0002262,CUST0000324,2026-05-13,6856.49,Debt Consolidation,Approved,Call Center,2026-05-18
APP0002263,CUST0001767,2022-02-11,9627.02,,Approved,Mobile App,2022-02-21
APP0002264,CUST0001614,2021-10-24,14581.5,Medical,Rejected,Online,2021-11-09
APP0002265,CUST0000707,2026-08-11,4122.27,Home Improvement,Pending,Online,2026-08-24
APP0002266,CUST0001447,2026-05-25,24378.39,Wedding,Approved,Branch,2026-06-12
APP0002267,CUST0000409,2023-08-31,48926.47,Business,Rejected,Online,2023-09-06
APP0002268,CUST0001278,2022-10-26,8364.64,Business,Rejected,Mobile App,2022-10-27
APP0002269,CUST0000405,2022-04-06,91461.65,Business,Approved,Online,2022-04-13
APP0002270,CUST0001282,2022-05-16,32497.74,Education,Rejected,Mobile App,2022-05-19
APP0002271,CUST0000716,2026-02-08,10732.16,Wedding,Approved,Online,2026-02-19
APP0002272,CUST0001718,2025-05-10,39476.84,Medical,Approved,Branch,2025-05-30
APP0002273,CUST0001671,2025-11-14,,Home Improvement,Rejected,Partner Referral,2025-11-24
APP0002274,CUST0000667,2024-04-05,23505.99,Auto,Pending,Online,2026-08-24
APP0002275,CUST0000083,2024-12-08,42689.88,Home Improvement,Approved,Online,2024-12-20
APP0002276,CUST0000645,2026-02-15,30307.92,,Approved,Online,2026-03-02
APP0002277,CUST0000564,2023-06-08,6916.52,Education,Rejected,Online,2023-06-26
APP0002278,CUST0000851,2024-05-11,1731.26,Medical,Rejected,Branch,2024-05-21
APP0002279,CUST0001149,2023-02-02,8820.81,Debt Consolidation,Pending,Partner Referral,2026-08-24
APP0002280,CUST0001980,2024-03-04,92132.26,Business,Rejected,Call Center,2024-03-15
APP0002281,CUST0000126,2022-09-16,1295.9,Business,Pending,Mobile App,2026-08-24
APP0002282,CUST0001110,2022-09-05,9852.39,Personal,Rejected,Mobile App,2022-09-08
APP0002283,CUST0000344,2023-06-08,11564.72,Home Improvement,Approved,Online,2023-06-24
APP0002284,CUST0001094,2026-05-25,26412.18,Business,Rejected,Call Center,2026-05-28
APP0002285,CUST0001274,2023-01-02,6188.67,Auto,Approved,Branch,2023-01-16
APP0002286,CUST0001620,2024-12-20,16054.78,Home Improvement,Rejected,Online,2025-01-01
APP0002287,CUST0001120,2024-07-03,2145.7,Home Improvement,Approved,Partner Referral,2024-07-13
APP0002288,CUST0000357,2024-08-27,13934.52,Auto,Approved,Branch,2024-09-04
APP0002289,CUST0001828,2022-04-19,11840.42,Business,Pending,Online,2026-08-24
APP0002290,CUST0000811,2025-08-06,41421.06,Debt Consolidation,Pending,Mobile App,2026-08-24
APP0002291,CUST0000960,2025-07-28,29199.18,Wedding,Rejected,Online,2025-08-01
APP0002292,CUST0001283,2022-02-25,37718.34,Wedding,Rejected,Online,2022-03-17
APP0002293,CUST0000530,2023-08-14,26420.92,Wedding,Withdrawn,Online,2023-08-17
APP0002294,CUST0001977,2025-12-24,16348.65,Personal,Approved,Branch,2026-01-10
APP0002295,CUST0000090,2022-11-01,25263.97,Auto,Rejected,Online,2022-11-10
APP0002296,CUST0000309,2024-02-24,28487.3,Medical,Approved,Online,2024-03-04
APP0002297,CUST0001981,2025-10-13,46012.23,Home Improvement,Rejected,Online,2025-10-24
APP0002298,CUST0000905,2025-08-28,27043.47,Wedding,Appr.,Online,2025-09-07
APP0002299,CUST0001787,2023-08-01,2557.59,Personal,Pending,Branch,2026-08-24
APP0002300,CUST0001812,2025-03-18,28100.9,Home Improvement,Approved,Branch,2025-03-22
APP0002301,CUST0001981,2026-04-20,6154.85,Wedding,Approved,Online,2026-05-05
APP0002302,CUST0001452,2023-11-27,13225.87,Debt Consolidation,Pending,Online,2026-08-24
APP0002303,CUST0001367,2026-07-08,16510.97,Personal,Approved,Online,2026-06-10
APP0002304,CUST0001228,2025-06-30,11319.61,Home Improvement,Withdrawn,Branch,2025-07-09
APP0002305,CUST0001367,2024-11-19,46546.46,Business,Approved,Mobile App,2024-11-27
APP0002306,CUST0000515,2025-04-01,38548.76,Wedding,Rejected,Online,2025-04-19
APP0002307,CUST0001631,2022-08-02,10296.89,Wedding,Rejected,Online,2022-08-04
APP0002308,CUST0000375,2021-08-31,14660.55,Home Improvement,Approved,Online,2021-09-14
APP0002309,CUST0000960,2025-10-13,48532.93,Home Improvement,Rejected,Mobile App,2025-10-20
APP0002310,CUST0000749,2025-03-12,29925.19,Debt Consolidation,Rejected,Online,2025-03-16
APP0002311,CUST0001523,2026-05-03,5317.38,Personal,Rejected,Mobile App,2026-05-07
APP0002312,CUST0000511,2024-03-11,64084.49,Home Improvement,Rejected,Mobile App,2024-03-20
APP0002313,CUST0000414,2023-07-30,30366.34,Medical,Rejected,Online,2023-08-02
APP0002314,CUST0001617,2025-11-04,17599.6,Medical,Approved,Online,2025-11-18
APP0002315,CUST0000974,2026-05-10,30552.87,Auto,Approved,Partner Referral,2026-05-17
APP0002316,CUST0001442,2025-09-11,14922.5,Medical,Withdrawn,Online,2025-09-29
APP0002317,CUST0001758,2025-10-13,8595.02,Auto,APPROVED,Branch,2025-10-16
APP0002318,CUST0001671,2022-07-02,16336.28,Home Improvement,Approved,Branch,2022-07-10
APP0002319,CUST0000800,2025-12-27,35103.83,Medical,Approved,Online,2026-01-04
APP0002320,CUST0000343,2021-10-03,1025.43,Personal,Rejected,Mobile App,2021-10-17
APP0002321,CUST0001921,2025-06-04,4113.66,Debt Consolidation,Rejected,Online,2025-06-10
APP0002322,CUST0000620,2022-08-18,74597.43,Wedding,Approved,Online,2022-08-22
APP0002323,CUST0001539,2021-11-08,11161.86,Medical,Pending,Branch,2026-08-24
APP0002324,CUST0001538,2025-05-09,24200.73,Auto,Withdrawn,Call Center,2025-05-28
APP0002325,CUST0000886,2023-05-06,36552.75,Medical,Pending,Online,2026-08-24
APP0002326,CUST0000328,2026-01-02,42859.51,Wedding,Rejected,Mobile App,2026-01-14
APP0002327,CUST0000945,2023-01-23,18940.9,Personal,Approved,Online,2023-02-12
APP0002328,CUST0000292,2025-02-24,20724.76,Personal,Approved,Mobile App,2025-03-12
APP0002329,CUST0000705,2024-11-12,21113.73,Home Improvement,Approved,Online,2024-11-28
APP0002330,CUST0000767,2025-10-01,4251.32,Wedding,Rejected,Branch,2025-10-09
APP0002331,CUST0001037,2025-12-14,4272.95,Business,Approved,Partner Referral,2025-12-24
APP0002332,CUST0000373,2024-08-01,5985.96,Debt Consolidation,Rejected,Mobile App,2024-08-20
APP0002333,CUST0001692,2023-05-18,6804.1,Medical,Rejected,Online,2023-06-06
APP0002334,CUST0000158,2024-03-06,15604.93,Personal,Rejected,Partner Referral,2024-03-21
APP0002335,CUST0001972,2024-08-28,54467.28,Education,Approved,Online,2024-08-30
APP0002336,CUST0000626,2026-07-01,16769.06,Education,Pending,Mobile App,2026-08-24
APP0002337,CUST0000980,2022-07-05,30878.51,Auto,Rejected,Mobile App,2022-07-15
APP0002338,CUST0001752,2022-01-19,40927.2,Debt Consolidation,Rejected,Mobile App,2022-01-31
APP0002339,CUST0001309,2023-12-21,19363.78,Wedding,In Review,Online,2026-08-24
APP0002340,CUST0000114,2023-10-03,28065.69,Personal,Approved,Mobile App,2023-10-09
APP0002341,CUST0001209,2026-02-24,17628.05,Auto,Pending,Mobile App,2026-08-24
APP0002342,CUST0001133,2023-01-14,14026.69,Home Improvement,Rejected,Branch,2023-01-31
APP0002343,CUST0001866,2022-05-22,8035.93,Education,Withdrawn,Call Center,2022-05-27
APP0002344,CUST0001127,2022-04-04,34297.12,Personal,Rejected,Online,2022-04-20
APP0002345,CUST0001985,2026-02-12,53931.62,Debt Consolidation,Approved,Online,2026-02-16
APP0002346,CUST0001062,2024-09-03,34622.27,Business,Approved,Mobile App,2024-09-13
APP0002347,CUST0000385,2026-07-12,1868.89,Personal,Rejected,Online,2026-07-30
APP0002348,CUST0001012,2022-12-18,68480.76,Medical,Approved,Mobile App,2022-12-25
APP0002349,CUST0001835,2022-01-20,5083.0,Debt Consolidation,Rejected,Online,2022-02-03
APP0002350,CUST0000035,2023-12-18,45309.04,Debt Consolidation,Withdrawn,Branch,2024-01-05
APP0002351,CUST0000798,2022-07-06,54800.69,Home Improvement,Rejected,Mobile App,2022-07-16
APP0002352,CUST0000095,2022-05-01,12076.52,Wedding,Approved,Call Center,2022-05-19
APP0002353,CUST0001684,2026-01-22,2126.73,Medical,Rejected,Mobile App,2026-02-04
APP0002354,CUST0001023,2023-08-07,2891.99,Home Improvement,Approved,Online,2023-08-18
APP0002355,CUST0001433,2021-12-30,16605.86,Wedding,Rejected,Online,2022-01-02
APP0002356,CUST0001937,2022-08-25,25937.28,Personal,Approved,Mobile App,2022-09-09
APP0002357,CUST0001665,2023-06-26,19459.37,Home Improvement,Rejected,Call Center,2023-07-03
APP0002358,CUST0000816,2026-02-17,43391.95,Business,Approved,Mobile App,2026-02-23
APP0002359,CUST0001870,2024-11-02,16853.98,Auto,Rejected,Branch,2024-11-21
APP0002360,CUST0000945,2024-04-04,30157.64,Debt Consolidation,Rejected,Online,2024-04-11
APP0002361,CUST0001958,2024-07-23,3555.74,Debt Consolidation,Approved,Branch,2024-07-31
APP0002362,CUST0001965,2025-08-23,2870.24,Education,Withdrawn,Branch,2025-09-11
APP0002363,CUST0000444,2022-08-13,8921.58,Personal,Pending,Online,2026-08-24
APP0002364,CUST0001559,2024-01-28,2788.08,Wedding,Rejected,Online,2024-02-12
APP0002365,CUST0001396,2023-07-31,17966.68,Business,Withdrawn,Mobile App,2023-08-11
APP0002366,CUST0001541,2021-11-10,23675.78,Wedding,Approved,Branch,2021-11-12
APP0002367,CUST0000336,2024-05-27,40580.63,Home Improvement,Rejected,Online,2024-06-08
APP0002368,CUST0001010,2025-02-13,2701.54,Home Improvement,Withdrawn,Call Center,2025-02-23
APP0002369,CUST0000303,2024-12-23,1591.64,Debt Consolidation,Rejected,Online,2025-01-07
APP0002370,CUST0001796,2021-11-20,2406.26,Home Improvement,Approved,Mobile App,2021-11-28
APP0002371,CUST0001747,2023-08-15,2993.81,Personal,Rejected,Mobile App,2023-08-20
APP0002372,CUST0001163,2023-08-16,33909.88,Home Improvement,approved,Mobile App,2023-08-21
APP0002373,CUST0000260,2022-06-05,16729.05,Medical,Approved,Mobile App,2022-06-16
APP0002374,CUST0001314,2024-05-19,34462.69,Personal,Rejected,Mobile App,2024-06-08
APP0002375,CUST0000879,2024-04-20,15919.07,Wedding,Approved,Branch,2024-04-30
APP0002376,CUST0001576,2025-07-18,14391.74,,Approved,Mobile App,2025-07-21
APP0002377,CUST0000199,2025-06-19,27379.86,Home Improvement,Rejected,Call Center,2025-07-06
APP0002378,CUST0000814,2026-02-20,43527.9,Debt Consolidation,Rejected,Branch,2026-02-27
APP0002379,CUST0000724,2023-10-09,20957.61,Debt Consolidation,Rejected,Mobile App,2023-10-18
APP0002380,CUST0001907,2022-09-02,4691.3,Medical,Rejected,Online,2022-09-19
APP0002381,CUST0000597,2024-05-09,130205.56,Auto,Rejected,Branch,2024-05-12
APP0002382,CUST0001977,2024-12-18,3311.61,Wedding,Rejected,Online,2024-12-21
APP0002383,CUST0001845,2023-04-25,52244.53,Medical,Approved,Mobile App,2023-04-30
APP0002384,CUST0001175,2023-12-31,3875.0,Auto,Approved,Online,2024-01-08
APP0002385,CUST0000350,2026-03-29,36236.71,Medical,Withdrawn,Online,2026-04-16
APP0002386,CUST0000445,2025-06-26,13194.66,Business,Rejected,Online,2025-07-09
APP0002387,CUST0000035,2024-09-11,13206.31,Auto,Approved,Mobile App,2024-09-27
APP0002388,CUST0001550,2026-05-07,500.0,Home Improvement,Withdrawn,Call Center,2026-05-14
APP0002389,CUST0001451,2021-09-20,20153.32,Medical,Rejected,Online,2021-09-29
APP0002390,CUST0000645,2024-04-24,8824.31,Education,Approved,Online,2024-05-03
APP0002391,CUST0001463,2022-12-24,31664.59,Auto,Approved,Mobile App,2022-12-27
APP0002392,CUST0001155,2023-01-30,1117.2,Education,Rejected,Branch,2023-02-11
APP0002393,CUST0001634,2025-07-26,81534.3,Auto,Approved,Online,2025-08-02
APP0002394,CUST0000174,2025-08-22,6201.77,Wedding,Rejected,Mobile App,2025-09-11
APP0002395,CUST0000398,2024-01-29,14882.62,Wedding,Rejected,Call Center,2024-02-12
APP0002396,CUST0001615,2024-04-12,19291.23,Business,Rejected,Online,2024-04-30
APP0002397,CUST0000740,2024-08-24,39535.29,Personal,Approved,Branch,2024-08-28
APP0002398,CUST0001919,2026-01-22,11340.05,Debt Consolidation,Approved,Online,2026-01-25
APP0002399,CUST0001762,2021-10-04,8023.5,Business,Pending,Partner Referral,2026-08-24
APP0002400,CUST0000189,2024-06-23,18046.95,Medical,Pending,Mobile App,2026-08-24
APP0002401,CUST0000808,2021-12-27,37557.1,Personal,Approved,Branch,2022-01-08
APP0002402,CUST0001464,2026-05-02,25986.12,Debt Consolidation,Approved,Partner Referral,2026-05-16
APP0002403,CUST0000273,2022-11-03,28280.18,Home Improvement,Rejected,Online,2022-11-20
APP0002404,CUST0001722,2021-09-26,17464.54,Home Improvement,Pending,Mobile App,2026-08-24
APP0002405,CUST0000197,2025-09-10,9355.3,Education,Pending,Mobile App,2026-08-24
APP0002406,CUST0000220,2025-05-05,30631.81,Wedding,Rejected,Mobile App,2025-05-11
APP0002407,CUST0001087,2026-02-26,24581.72,Wedding,Approved,Mobile App,2026-03-06
APP0002408,CUST0000494,2023-05-19,35340.81,Medical,Rejected,Online,2023-05-31
APP0002409,CUST0001279,2023-01-11,8182.22,Debt Consolidation,Pending,Online,2026-08-24
APP0002410,CUST0000784,2024-12-27,99217.83,Personal,Rejected,Online,2025-01-05
APP0002411,CUST0000542,2026-05-17,8747.34,Education,Rejected,Call Center,2026-05-26
APP0002412,CUST0001674,2026-05-11,23343.56,Debt Consolidation,Approved,Online,2026-05-30
APP0002413,CUST0000319,2023-08-24,9841.07,Business,Approved,Branch,2023-08-31
APP0002414,CUST0000987,2024-12-01,37943.8,Wedding,Pending,Online,2026-08-24
APP0002415,CUST0000337,2025-10-13,10116.07,Personal,Approved,Branch,2025-10-20
APP0002416,CUST0000274,2025-05-16,2029.24,Wedding,Rejected,Online,2025-05-17
APP0002417,CUST0000411,2024-08-25,36214.11,Wedding,Approved,Branch,2024-09-02
APP0002418,CUST0000513,2022-06-09,28601.1,Business,Approved,Online,2022-06-27
APP0002419,CUST0000825,2024-10-21,2871.77,Education,Rejected,Online,2024-11-07
APP0002420,CUST0000935,2022-07-02,28583.76,Debt Consolidation,Approved,Online,2022-07-20
APP0002421,CUST0000278,2023-11-27,95828.46,Business,Rejected,Partner Referral,2023-12-04
APP0002422,CUST0000079,2024-07-07,19331.57,Wedding,Approved,Mobile App,2024-07-16
APP0002423,CUST9639174,2021-10-11,49589.45,Personal,Rejected,Mobile App,2021-10-28
APP0002424,CUST0001262,2023-10-20,55646.02,Wedding,Withdrawn,Call Center,2023-11-05
APP0002425,CUST0001948,2023-03-20,8893.07,Home Improvement,Approved,Branch,2023-03-24
APP0002426,CUST0000051,2022-03-15,8315.94,Home Improvement,Approved,Mobile App,2022-04-01
APP0002427,CUST0000070,2024-11-19,63491.78,Personal,Rejected,Branch,2024-11-22
APP0002428,CUST0001562,2025-04-15,32533.74,Wedding,Approved,Online,2025-04-21
APP0002429,CUST0001450,2026-02-11,35756.0,Education,Approved,Online,2026-02-22
APP0002430,CUST0001468,2025-02-21,36888.9,Wedding,Pending,Call Center,2026-08-24
APP0002431,CUST0000347,2022-07-25,17346.7,Business,Approved,Branch,2022-08-10
APP0002432,CUST0001731,2022-02-08,15399.75,Home Improvement,Rejected,Online,2022-02-23
APP0002433,CUST0001248,2025-10-04,8221.98,Education,Approved,Mobile App,2025-10-10
APP0002434,CUST0000316,2021-11-21,42643.26,Medical,Rejected,Online,2021-11-29
APP0002435,CUST0000232,2023-07-20,23678.75,Personal,Rejected,Mobile App,2023-08-04
APP0002436,CUST9491119,2023-07-17,12407.78,Auto,Rejected,Mobile App,2023-08-05
APP0002437,CUST0001559,2022-07-22,1007.22,Home Improvement,REJECTED,Online,2022-08-09
APP0002438,CUST0001563,2024-10-23,36295.9,Medical,Approved,Online,2024-11-12
APP0002439,CUST0001176,2025-07-01,584.77,Medical,Approved,Branch,2025-07-15
APP0002440,CUST0001032,2026-02-11,97382.24,Wedding,Rejected,Mobile App,2026-02-21
APP0002441,CUST0001391,2023-12-30,3140.52,Debt Consolidation,Pending,Call Center,2026-08-24
APP0002442,CUST0000262,2023-10-27,12309.04,Personal,Rejected,Mobile App,2023-10-29
APP0002443,CUST0000730,2022-08-31,1745.23,Home Improvement,Rejected,Online,2022-09-19
APP0002444,CUST0000198,2022-01-25,41363.94,Home Improvement,Rejected,Online,2022-02-13
APP0002445,CUST0001678,2025-11-07,55467.23,Medical,Rejected,Mobile App,2025-11-18
APP0002446,CUST0001212,2025-11-06,3820.32,Education,Rejected,Mobile App,2025-11-17
APP0002447,CUST0001555,2026-07-21,13739.15,Wedding,Approved,Online,2026-08-01
APP0002448,CUST0000996,2022-04-10,17346.89,Education,Rejected,Online,2022-04-13
APP0002449,CUST0001860,2023-10-03,98745.75,Home Improvement,Approved,Online,2023-10-08
APP0002450,CUST0001860,2024-10-31,37013.52,Medical,Approved,Online,2024-11-15
APP0002451,CUST0001233,2026-01-19,32494.37,Wedding,Rejected,Mobile App,2026-01-20
APP0002452,CUST0001668,2023-09-18,9037.34,Business,Approved,Partner Referral,2023-10-02
APP0002453,CUST0001320,2022-05-04,32801.21,Home Improvement,Rejected,Online,2022-05-11
APP0002454,CUST0001448,2026-03-12,12283.68,Business,Withdrawn,Branch,2026-03-15
APP0002455,CUST0000495,2022-01-23,16929.15,Business,Pending,Online,2026-08-24
APP0002456,CUST0001965,2025-03-04,10861.15,Auto,Pending,Online,2026-08-24
APP0002457,CUST0000369,2023-06-24,3747.7,Education,Pending,Online,2026-08-24
APP0002458,CUST0001390,2021-08-25,5983.55,Auto,Approved,Online,2021-09-12
APP0002459,CUST0001214,2024-04-11,20128.2,Home Improvement,Rejected,Online,2024-04-25
APP0002460,CUST0000185,2023-07-06,23333.61,Wedding,Rejected,Mobile App,2023-07-26
APP0002461,CUST0001550,2023-10-30,668.68,Auto,Withdrawn,Mobile App,2023-11-07
APP0002462,CUST0000156,2022-07-20,24541.08,Auto,Rejected,Mobile App,2022-07-29
APP0002463,CUST0001020,2025-01-04,,Debt Consolidation,Rejected,Branch,2025-01-18
APP0002464,CUST0001632,2023-01-24,16058.49,,Pending,Online,2026-08-24
APP0002465,CUST0000251,2022-05-30,9807.47,Business,Rejected,Online,2022-06-17
APP0002466,CUST0000722,2023-08-23,29368.95,Wedding,Approved,Online,2023-08-31
APP0002467,CUST0001017,2022-08-02,21249.43,Personal,Rejected,Online,2022-08-12
APP0002468,CUST0001849,2024-05-09,27754.4,Personal,Rejected,Online,2024-05-20
APP0002469,CUST0000764,2024-04-23,32223.3,Wedding,Rejected,Partner Referral,2024-04-25
APP0002470,CUST0000237,2025-08-21,3253.3,Business,Withdrawn,Partner Referral,2025-08-28
APP0002471,CUST0000263,2026-07-18,14692.23,Personal,Rejected,Mobile App,2026-07-21
APP0002472,CUST0000398,2022-01-29,25662.87,Auto,Pending,Mobile App,2026-08-24
APP0002473,CUST0001734,2021-11-01,14953.89,Business,Rejected,Mobile App,2021-11-16
APP0002474,CUST0001547,2023-11-08,500.0,Business,Approved,Mobile App,2023-11-09
APP0002475,CUST0000836,2021-12-25,33529.41,Medical,Rejected,Mobile App,2021-12-26
APP0002476,CUST0001695,2025-11-25,21870.57,Business,Rejected,Online,2025-12-12
APP0002477,CUST0001837,2025-09-08,10017.22,Business,Pending,Partner Referral,2026-08-24
APP0002478,CUST0001735,2023-10-23,38219.91,Medical,Rejected,Mobile App,2023-11-09
APP0002479,CUST0000010,2026-06-14,1348.2,Personal,APPROVED,Online,2026-06-28
APP0002480,CUST0000199,2024-03-30,4993.44,Debt Consolidation,Approved,Branch,2024-04-15
APP0002481,CUST0001451,2024-05-17,5701.44,Auto,Withdrawn,Mobile App,2024-05-25
APP0002482,CUST0000764,2025-07-16,64119.02,Auto,Approved,Call Center,2025-07-23
APP0002483,CUST0000318,2024-05-27,37452.13,Personal,Approved,Online,2024-06-11
APP0002484,CUST0001293,2025-03-18,947.47,Education,Rejected,Branch,2025-03-31
APP0002485,CUST0000711,2022-11-05,26097.38,Wedding,Rejected,Online,2022-11-17
APP0002486,CUST0001838,2024-03-13,500.0,Wedding,Approved,Online,2024-03-21
APP0002487,CUST0001154,2025-09-12,9034.21,Medical,Approved,Online,2025-09-25
APP0002488,CUST0000479,2026-06-25,15676.28,Business,Rejected,Online,2026-07-03
APP0002489,CUST0001870,2022-08-10,31399.66,Home Improvement,Approved,Online,2022-08-28
APP0002490,CUST0001201,2021-10-30,3208.76,Debt Consolidation,Approved,Branch,2021-11-14
APP0002491,CUST0000593,2024-08-12,998.14,Medical,Approved,Mobile App,2024-08-20
APP0002492,CUST0000288,2021-12-02,20749.18,Auto,Approved,Branch,2021-12-19
APP0002493,CUST0001111,2025-01-22,5405.08,Business,Approved,Online,2025-01-24
APP0002494,CUST0001495,2023-10-14,8538.8,Education,Rejected,Branch,2023-10-31
APP0002495,CUST0001672,2025-08-25,6371.64,Home Improvement,Approved,Mobile App,2025-09-03
APP0002496,CUST0000256,2022-06-09,3176.84,Medical,Rejected,Branch,2022-06-14
APP0002497,CUST0000865,2021-11-16,2451.61,Medical,Approved,Branch,2021-12-03
APP0002498,CUST0002000,2022-09-24,42218.53,Debt Consolidation,Approved,Online,2022-10-08
APP0002499,CUST0001322,2021-12-18,1291.77,Education,Rejected,Online,2021-12-20
APP0002500,CUST0000185,2022-05-26,28116.55,Wedding,Approved,Call Center,2022-06-01
APP0002501,CUST0001835,2025-06-08,2646.91,Wedding,Withdrawn,Online,2025-06-18
APP0002502,CUST0001371,2025-02-09,7224.02,Wedding,Rejected,Online,2025-02-22
APP0002503,CUST0000921,2024-10-03,4335.46,Wedding,Approved,Online,2024-10-20
APP0002504,CUST0001555,2023-10-03,6798.68,Wedding,Withdrawn,Branch,2023-09-07
APP0002505,CUST0001297,2022-10-07,4619.11,Debt Consolidation,Approved,Mobile App,2022-10-24
APP0002506,CUST0000516,2025-10-26,46048.01,Medical,Approved,Mobile App,2025-11-11
APP0002507,CUST0001593,2026-01-11,17907.96,Education,Approved,Call Center,2026-01-19
APP0002508,CUST0000510,2022-11-25,19469.18,Personal,Rejected,Online,2022-12-14
APP0002509,CUST0000458,2026-02-17,9802.98,Auto,Rejected,Online,2026-03-08
APP0002510,CUST0001193,2024-10-06,20444.29,Business,Rejected,Partner Referral,2024-10-12
APP0002511,CUST0000038,2023-05-18,15418.01,Personal,Pending,Branch,2026-08-24
APP0002512,CUST0001261,2022-09-18,11281.26,Education,Withdrawn,Mobile App,2022-10-06
APP0002513,CUST0001102,2024-08-07,3841.16,Home Improvement,Approved,Mobile App,2024-08-18
APP0002514,CUST0001442,2021-09-20,22849.86,Debt Consolidation,pending,Online,2026-08-24
APP0002515,CUST0000319,2023-03-25,24698.41,Medical,Approved,Partner Referral,2023-04-10
APP0002516,CUST0001161,2025-02-02,10668.11,Home Improvement,Withdrawn,Online,2025-02-14
APP0002517,CUST0000884,2024-02-18,1360.68,Business,Approved,Mobile App,2024-02-26
APP0002518,CUST0000349,2022-05-17,54472.96,Home Improvement,Approved,Online,2022-05-28
APP0002519,CUST0000904,2022-06-11,16843.89,Wedding,Approved,Branch,2022-06-28
APP0002520,CUST0001849,2025-02-11,30177.09,Wedding,Approved,Branch,2025-02-18
APP0002521,CUST0001649,2025-10-31,18699.09,Personal,Pending,Online,2026-08-24
APP0002522,CUST0000334,2025-02-06,51982.54,Business,Approved,Partner Referral,2025-02-11
APP0002523,CUST0001694,2022-06-07,17813.67,Debt Consolidation,Rejected,Online,2022-06-17
APP0002524,CUST0001131,2024-12-27,12756.72,Wedding,Pending,Branch,2026-08-24
APP0002525,CUST0000095,2023-01-12,,Debt Consolidation,Rejected,Online,2023-01-30
APP0002526,CUST0001841,2024-08-09,16804.58,Education,Rejected,Mobile App,2024-08-24
APP0002527,CUST0001052,2024-08-07,55011.33,Personal,Withdrawn,Branch,2024-08-10
APP0002528,CUST0001826,2026-01-26,10666.31,Debt Consolidation,Approved,Branch,2026-01-31
APP0002529,CUST0000197,2025-10-09,20696.67,Medical,Rejected,Mobile App,2025-10-20
APP0002530,CUST0000336,2022-01-10,129244.6,Medical,APPR,Mobile App,2022-01-20
APP0002531,CUST0001804,2021-08-25,3858.5,Home Improvement,Approved,Partner Referral,2021-08-28
APP0002532,CUST0000478,2026-04-22,32598.96,Debt Consolidation,Approved,Call Center,2026-05-10
APP0002533,CUST0001099,2023-03-06,56500.2,Wedding,Rejected,Online,2023-03-16
APP0002534,CUST0001204,2021-12-23,17969.48,Wedding,Approved,Mobile App,2022-01-06
APP0002535,CUST0001897,2022-08-09,2208.48,Debt Consolidation,Rejected,Online,2022-08-25
APP0002536,CUST0000675,2024-02-15,24136.2,Auto,Rejected,Online,2024-02-19
APP0002537,CUST0001508,2026-02-02,12530.28,Medical,Rejected,Branch,2026-02-09
APP0002538,CUST0001462,2026-04-06,7799.04,Home Improvement,Rejected,Branch,2026-04-21
APP0002539,CUST0001402,2024-12-05,,Debt Consolidation,Approved,Branch,2024-12-21
APP0002540,CUST0001045,2022-12-29,41387.66,Education,Rejected,Branch,2023-01-03
APP0002541,CUST0000143,2025-03-17,52710.75,Medical,Rejected,Mobile App,2025-03-24
APP0002542,CUST0000533,2025-11-02,7854.19,Personal,Pending,Partner Referral,2026-08-24
APP0002543,CUST0001122,2023-09-13,12698.43,Auto,Rejected,Online,2023-09-20
APP0002544,CUST0000823,2024-08-12,7922.85,Education,Rejected,Online,2024-08-14
APP0002545,CUST0000370,2024-02-04,6824.67,Auto,Approved,Online,2024-02-14
APP0002546,CUST0001383,2025-12-14,500.0,Debt Consolidation,Approved,Online,2025-12-17
APP0002547,CUST0000923,2024-09-16,161877.62,Business,Rejected,Partner Referral,2024-09-28
APP0002548,CUST0001571,2021-11-21,76621.22,Business,Rejected,Online,2021-12-10
APP0002549,CUST0001097,2026-01-02,4267.38,Business,Rejected,Online,2026-01-05
APP0002550,CUST0000740,2024-06-05,25768.54,Debt Consolidation,Rejected,Branch,2024-06-11
APP0002551,CUST0000218,2023-10-20,15826.42,Business,Approved,Online,2023-11-01
APP0002552,CUST0000210,2022-08-04,500.0,Education,Pending,Branch,2026-08-24
APP0002553,CUST0001015,2025-02-20,915.09,Medical,Withdrawn,Partner Referral,2025-03-03
APP0002554,CUST0000707,2021-09-26,19027.11,Education,Approved,Mobile App,2021-10-01
APP0002555,CUST0001437,2022-07-07,61950.56,Debt Consolidation,Approved,Online,2022-07-20
APP0002556,CUST0001261,2025-02-03,19510.7,Home Improvement,Declined,Mobile App,2025-02-11
APP0002557,CUST0000569,2023-01-04,15086.56,Home Improvement,Approved,Call Center,2023-01-23
APP0002558,CUST0001520,2025-05-24,16874.69,Medical,Approved,Online,2025-06-10
APP0002559,CUST0001132,2022-12-16,27721.56,Wedding,Rejected,Mobile App,2023-01-05
APP0002560,CUST0001760,2025-04-30,35374.88,Debt Consolidation,Rejected,Mobile App,2025-05-04
APP0002561,CUST0001907,2025-01-16,8978.14,Medical,Approved,Mobile App,2025-02-04
APP0002562,CUST0001924,2025-04-13,20467.33,Auto,Withdrawn,Online,2025-04-14
APP0002563,CUST0000254,2025-04-25,4238.94,Wedding,Approved,Mobile App,2025-04-30
APP0002564,CUST0001059,2025-08-24,1608.69,Education,Approved,Mobile App,2025-09-11
APP0002565,CUST0000058,2023-06-27,32836.96,Home Improvement,Approved,Mobile App,2023-07-15
APP0002566,CUST0001761,2023-12-30,52754.04,Auto,Pending,Online,2026-08-24
APP0002567,CUST0001406,2021-12-30,32048.59,Education,Pending,Online,2026-08-24
APP0002568,CUST0000525,2023-05-21,10170.91,Debt Consolidation,Approved,Mobile App,2023-05-23
APP0002569,CUST0001215,2023-12-12,9364.38,Debt Consolidation,Rejected,Mobile App,2023-12-19
APP0002570,CUST0001120,2025-07-02,30336.39,Business,Approved,Partner Referral,2025-07-03
APP0002571,CUST0001087,2026-02-28,80891.86,Personal,Approved,Branch,2026-03-11
APP0002572,CUST0001079,2024-12-23,41917.24,Business,Approved,Online,2025-01-10
APP0002573,CUST0001969,2022-04-15,116020.67,Home Improvement,Rejected,Mobile App,2022-04-28
APP0002574,CUST0001538,2022-08-25,8507.32,Personal,Approved,Mobile App,2022-09-05
APP0002575,CUST0000805,2024-04-24,59114.69,Home Improvement,Rejected,Branch,2024-04-28
APP0002576,CUST0001547,2023-10-28,1188.25,Wedding,Approved,Mobile App,2023-11-10
APP0002577,CUST0000282,2026-04-20,24536.21,Auto,Pending,Online,2026-08-24
APP0002578,CUST0000571,2022-07-23,21652.88,Medical,Withdrawn,Online,2022-08-05
APP0002579,CUST0000235,2024-07-02,22459.94,Wedding,Approved,Online,2024-07-05
APP0002580,CUST0001772,2025-07-17,11827.27,Medical,Rejected,Online,2025-07-28
APP0002581,CUST0000048,2023-11-02,18303.32,Business,Rejected,Mobile App,2023-11-12
APP0002582,CUST0001783,2022-11-19,31880.18,Education,Withdrawn,Online,2022-12-05
APP0002583,CUST0001665,2022-04-19,3178.95,Debt Consolidation,Rejected,Call Center,2022-05-08
APP0002584,CUST0001897,2024-10-05,1047.95,Personal,Approved,Online,2024-10-24
APP0002585,CUST0001532,2024-10-20,2128.56,Auto,Approved,Mobile App,2024-10-27
APP0002586,CUST0000916,2025-04-28,12672.39,Medical,Rejected,Branch,2025-05-11
APP0002587,CUST0001624,2025-11-01,17996.67,Auto,Rejected,Online,2025-11-15
APP0002588,CUST0001975,2026-08-09,17391.47,Wedding,Approved,Branch,2026-08-24
APP0002589,CUST0001785,2022-08-02,6974.17,Education,Pending,Partner Referral,2026-08-24
APP0002590,CUST0001570,2023-10-24,14480.02,Business,Pending,Partner Referral,2026-08-24
APP0002591,CUST0001534,2023-04-08,69571.67,Education,Rejected,Online,2023-04-25
APP0002592,CUST0001307,2026-01-04,39369.62,Auto,Rejected,Branch,2026-01-14
APP0002593,CUST0001784,2022-03-28,12874.86,Education,Rejected,Online,2022-04-17
APP0002594,CUST0000865,2024-12-20,7735.26,Personal,Rejected,Branch,2025-01-02
APP0002595,CUST0001002,2023-03-23,19088.38,Debt Consolidation,Approved,Online,2023-03-31
APP0002596,CUST0001685,2021-09-09,16595.02,Home Improvement,Rejected,Call Center,2021-09-14
APP0002597,CUST0000525,2024-08-20,13240.33,Home Improvement,Approved,Mobile App,2024-09-08
APP0002598,CUST0001529,2023-08-09,10266.92,Wedding,Withdrawn,Online,2023-08-13
APP0002599,CUST0000221,2025-02-06,30840.13,Education,Approved,Partner Referral,2025-02-08
APP0002600,CUST0001172,2023-08-14,8705.56,Auto,Approved,Mobile App,2023-08-17
APP0002601,CUST0000070,2022-08-07,80191.19,Home Improvement,rejected,Online,2022-08-19
APP0002602,CUST0001995,2022-03-31,13343.82,Business,Pending,Mobile App,2026-08-24
APP0002603,CUST0001685,2022-07-21,30812.64,Education,Rejected,Branch,2022-08-02
APP0002604,CUST0000499,2023-11-01,55328.28,Business,Approved,Online,2023-11-18
APP0002605,CUST0000301,2022-12-28,18916.98,Business,Rejected,Online,2023-01-03
APP0002606,CUST0001284,2022-03-25,14788.11,Debt Consolidation,Approved,Online,2022-03-26
APP0002607,CUST0001804,2023-03-26,3244.23,Business,Rejected,Online,2023-04-03
APP0002608,CUST0000643,2025-10-28,1676.2,Business,Rejected,Mobile App,2025-11-10
APP0002609,CUST0001924,2025-11-05,7324.03,Auto,Rejected,Online,2025-11-20
APP0002610,CUST0000916,2023-06-16,24868.77,Auto,Rejected,Branch,2023-06-18
APP0002611,CUST0000884,2024-04-03,500.0,Education,Approved,Partner Referral,2024-04-21
APP0002612,CUST0000678,2022-07-25,1988.5,Medical,Rejected,Partner Referral,2022-08-06
APP0002613,CUST0000542,2023-09-16,20123.37,Wedding,Withdrawn,Mobile App,2023-09-26
APP0002614,CUST0000670,2024-08-27,2140.69,Debt Consolidation,Approved,Mobile App,2024-09-02
APP0002615,CUST0000346,2021-09-28,13414.33,Home Improvement,Pending,Partner Referral,2026-08-24
APP0002616,CUST0000754,2025-12-07,9251.52,Personal,Rejected,Mobile App,2025-12-11
APP0002617,CUST0000580,2026-03-03,3556.0,Business,Rejected,Branch,2026-03-12
APP0002618,CUST0000114,2026-04-28,42709.02,Personal,Approved,Online,2026-05-08
APP0002619,CUST0000726,2022-09-14,40152.3,Debt Consolidation,Withdrawn,Online,2022-09-25
APP0002620,CUST0000080,2026-02-12,15834.79,,Approved,Branch,2026-02-17
APP0002621,CUST0000362,2022-03-20,56149.92,Personal,Approved,Online,2022-04-08
APP0002622,CUST0001450,2026-01-21,47147.36,Personal,Approved,Online,2026-01-29
APP0002623,CUST0000051,2022-04-29,3684.5,Personal,Rejected,Online,2022-05-14
APP0002624,CUST0000622,2023-05-22,1399.95,Wedding,Rejected,Branch,2023-06-04
APP0002625,CUST0001369,2026-05-23,9339.45,Home Improvement,Rejected,Online,2026-05-28
APP0002626,CUST0000043,2024-03-04,3888.83,Debt Consolidation,Approved,Online,2024-03-23
APP0002627,CUST0001475,2022-09-24,12393.75,Auto,Rejected,Mobile App,2022-10-04
APP0002628,CUST0000163,2023-07-04,8487.77,Wedding,Approved,Online,2023-07-17
APP0002629,CUST0000111,2023-04-19,4485.64,Education,Rejected,Branch,2023-05-02
APP0002630,CUST0000392,2026-04-05,15886.01,Debt Consolidation,Approved,Online,2026-04-16
APP0002631,CUST0001721,2023-09-16,23656.46,Business,Approved,Mobile App,2023-09-29
APP0002632,CUST0000097,2022-02-10,7008.98,Personal,Approved,Call Center,2022-02-22
APP0002633,CUST0000198,2022-06-23,21943.48,Debt Consolidation,Approved,Online,2022-07-08
APP0002634,CUST0001893,2024-06-02,116209.27,Education,Rejected,Mobile App,2024-06-12
APP0002635,CUST0001221,2021-09-18,71438.7,Business,Withdrawn,Call Center,2021-10-05
APP0002636,CUST0001137,2022-11-18,133319.97,Wedding,Rejected,Partner Referral,2022-11-30
APP0002637,CUST0000081,2024-09-01,2170.33,Education,Approved,Mobile App,2024-09-21
APP0002638,CUST0000789,2025-11-24,12052.38,Auto,Approved,Branch,2025-12-06
APP0002639,CUST0001153,2022-02-17,2314.36,Wedding,Rejected,Online,2022-03-01
APP0002640,CUST0001066,2023-05-06,73765.4,Auto,Rejected,Online,2023-05-16
APP0002641,CUST0001043,2023-08-08,2106.92,Business,Rejected,Online,2023-08-16
APP0002642,CUST0000226,2025-12-19,18247.65,Personal,Rejected,Branch,2026-01-04
APP0002643,CUST0001978,2025-07-31,1255.59,Education,Approved,Partner Referral,2025-08-13
APP0002644,CUST0001404,2026-04-15,11921.3,Business,Withdrawn,Online,2026-04-23
APP0002645,CUST0000484,2024-10-01,8685.64,Personal,Approved,Branch,2024-10-18
APP0002646,CUST0001940,2022-07-05,30195.2,Education,Rejected,Partner Referral,2022-07-08
APP0002647,CUST0000603,2026-05-04,23819.67,Medical,Rejected,Online,2026-05-06
APP0002648,CUST0000262,2025-06-02,20726.62,Business,Approved,Online,2025-06-15
APP0002649,CUST0001787,2024-12-13,32891.23,Medical,Approved,Online,2024-12-23
APP0002650,CUST0000306,2023-05-26,1069.73,Business,Rejected,Online,2023-06-11
APP0002651,CUST0000122,2025-08-16,27031.72,Debt Consolidation,Approved,Branch,2025-08-30
APP0002652,CUST0001258,2023-08-31,28549.33,Debt Consolidation,Pending,Branch,2026-08-24
APP0002653,CUST0000529,2023-04-08,14896.41,Medical,Rejected,Branch,2023-04-14
APP0002654,CUST0000304,2023-01-08,9400.56,Debt Consolidation,approved,Online,2023-01-14
APP0002655,CUST0000205,2024-12-12,1108.47,Business,Rejected,Mobile App,2024-12-18
APP0002656,CUST0000253,2024-09-24,19248.61,Home Improvement,Approved,Online,2024-10-07
APP0002657,CUST0001922,2022-10-13,19150.33,Medical,Approved,Branch,2022-10-27
APP0002658,CUST0001341,2023-05-13,6378.21,Home Improvement,Approved,Online,2023-06-02
APP0002659,CUST0001686,2022-10-13,,Wedding,Rejected,Mobile App,2022-10-18
APP0002660,CUST0001238,2025-05-08,25616.3,Personal,Rejected,Mobile App,2025-05-11
APP0002661,CUST0001087,2023-05-13,6883.0,Debt Consolidation,Approved,Online,2023-06-02
APP0002662,CUST0000436,2025-07-16,1913.16,Medical,Rejected,Mobile App,2025-07-27
APP0002663,CUST0001935,2022-10-22,71200.52,Wedding,Pending,Branch,2026-08-24
APP0002664,CUST0001647,2023-08-16,23629.79,Medical,Rejected,Mobile App,2023-08-23
APP0002665,CUST0001057,2021-10-12,2816.81,Personal,Rejected,Partner Referral,2021-10-30
APP0002666,CUST0000211,2021-09-02,11346.81,Debt Consolidation,Approved,Online,2021-09-18
APP0002667,CUST0001521,2021-10-16,6052.17,Medical,Approved,Branch,2021-10-20
APP0002668,CUST0000666,2021-12-23,500.0,Personal,Approved,Online,2021-12-30
APP0002669,CUST0000419,2026-04-15,28900.16,Home Improvement,Rejected,Mobile App,2026-05-03
APP0002670,CUST0001478,2023-01-06,10273.06,Debt Consolidation,Approved,Online,2023-01-21
APP0002671,CUST0001675,2024-04-22,9515.34,Business,Approved,Branch,2024-05-09
APP0002672,CUST0001228,2026-06-01,27061.82,Debt Consolidation,Approved,Call Center,2026-06-05
APP0002673,CUST0000148,2024-01-31,11420.59,Auto,Approved,Online,2024-02-12
APP0002674,CUST0001201,2023-08-14,1137.1,Personal,Approved,Mobile App,2023-08-16
APP0002675,CUST0001838,2025-04-17,500.0,Wedding,Rejected,Online,2025-04-27
APP0002676,CUST0001373,2025-05-14,26636.04,Home Improvement,Approved,Call Center,2025-05-17
APP0002677,CUST0000531,2022-02-25,2606.79,Medical,Rejected,Mobile App,2022-03-03
APP0002678,CUST0001293,2026-04-30,25420.57,Personal,Rejected,Online,2026-05-06
APP0002679,CUST0000498,2022-04-06,8401.61,Medical,Approved,Online,2022-04-10
APP0002680,CUST0001749,2023-05-10,9822.65,Auto,Approved,Branch,2023-05-27
APP0002681,CUST0001692,2026-05-31,1718.27,Education,Rejected,Mobile App,2026-06-08
APP0002682,CUST0001138,2024-06-14,18842.08,Personal,Rejected,Online,2024-06-18
APP0002683,CUST0000271,2024-06-27,13748.91,Debt Consolidation,Rejected,Partner Referral,2024-07-17
APP0002684,CUST0000803,2025-11-28,66077.67,Debt Consolidation,Approved,Mobile App,2025-11-29
APP0002685,CUST0000242,2023-11-22,20866.61,Debt Consolidation,Rejected,Partner Referral,2023-11-25
APP0002686,CUST0001533,2024-09-20,15059.89,Auto,Rejected,Online,2024-10-08
APP0002687,CUST0001362,2024-05-17,500.0,Auto,Pending,Branch,2026-08-24
APP0002688,CUST0000519,2022-03-17,13149.0,Medical,Rejected,Online,2022-03-25
APP0002689,CUST0001713,2023-03-03,36088.84,Auto,Approved,Online,2023-03-10
APP0002690,CUST0001520,2025-06-30,19621.88,Business,Withdrawn,Online,2025-07-12
APP0002691,CUST0001873,2023-04-17,35801.69,Auto,Approved,Online,2023-04-25
APP0002692,CUST0000560,2026-03-02,97091.18,Personal,Withdrawn,Mobile App,2026-03-04
APP0002693,CUST0000350,2026-06-11,9080.02,Auto,Approved,Online,2026-07-01
APP0002694,CUST0000961,2025-06-28,30950.18,Home Improvement,Rejected,Online,2025-07-17
APP0002695,CUST0000531,2021-08-26,32291.76,Personal,Rejected,Branch,2021-08-30
APP0002696,CUST0001479,2025-05-30,2891.57,Business,Approved,Mobile App,2025-06-10
APP0002697,CUST0000851,2026-07-21,515.99,Debt Consolidation,Rejected,Mobile App,2026-07-31
APP0002698,CUST0001256,2025-06-04,17515.83,Home Improvement,Approved,Branch,2025-06-06
APP0002699,CUST0000344,2024-11-01,11835.46,Debt Consolidation,Approved,Online,2024-11-09
APP0002700,CUST0000172,2024-09-16,1413.5,Personal,Approved,Branch,2024-09-29
APP0002701,CUST0001876,2024-02-15,14004.25,Business,Withdrawn,Mobile App,2024-02-18
APP0002702,CUST0000894,2022-11-20,762.43,Wedding,Withdrawn,Online,2022-11-28
APP0002703,CUST0000279,2024-01-14,18821.04,Auto,Rejected,Online,2024-01-20
APP0002704,CUST0001624,2026-03-15,8169.09,Debt Consolidation,Rejected,Call Center,2026-03-23
APP0002705,CUST0000266,2022-01-28,20670.65,Medical,Approved,Online,2022-02-10
APP0002706,CUST0001994,2022-04-17,33494.75,Debt Consolidation,Rejected,Online,2022-04-26
APP0002707,CUST0000773,2026-01-08,11146.61,Home Improvement,Withdrawn,Online,2026-01-24
APP0002708,CUST0000934,2025-10-13,24572.24,Personal,Rejected,Call Center,2025-10-24
APP0002709,CUST0000519,2024-03-14,17704.41,Medical,Rejected,Branch,2024-03-28
APP0002710,CUST0000172,2023-06-12,761.22,Wedding,Approved,Partner Referral,2023-06-25
APP0002711,CUST0000818,2022-03-15,12085.05,Education,Rejected,Mobile App,2022-04-01
APP0002712,CUST0000733,2025-01-06,52890.98,Business,Withdrawn,Mobile App,2025-01-09
APP0002713,CUST0000897,2024-05-05,32136.67,Personal,Withdrawn,Online,2024-05-25
APP0002714,CUST0000980,2025-09-03,49201.5,Medical,Rejected,Online,2025-09-19
APP0002715,CUST0001262,2023-06-18,32124.34,Auto,Approved,Mobile App,2023-06-22
APP0002716,CUST0000147,2025-08-22,14394.32,Personal,Withdrawn,Partner Referral,2025-08-23
APP0002717,CUST0000726,2026-06-03,71413.66,Personal,Rejected,Call Center,2026-06-04
APP0002718,CUST0001729,2022-06-15,43068.69,Auto,Approved,Partner Referral,2022-06-29
APP0002719,CUST0001904,2025-06-21,6623.4,Personal,Approved,Mobile App,2025-06-30
APP0002720,CUST0001078,2024-09-13,31557.58,Wedding,Rejected,Branch,2024-09-17
APP0002721,CUST0000733,2023-09-08,81996.73,Home Improvement,Rejected,Branch,2023-09-15
APP0002722,CUST0000833,2022-09-20,42025.5,Personal,Pending,Branch,2026-08-24
APP0002723,CUST0001565,2022-06-03,6862.16,Debt Consolidation,Pending,Online,2026-08-24
APP0002724,CUST0000795,2022-03-17,2628.81,Wedding,Rejected,Online,2022-03-29
APP0002725,CUST0001890,2022-12-23,11989.82,Wedding,Withdrawn,Online,2022-12-24
APP0002726,CUST0000057,2024-03-19,10517.99,Personal,Approved,Online,2024-04-01
APP0002727,CUST0001212,2024-05-03,2283.23,Auto,Approved,Online,2024-05-05
APP0002728,CUST0001038,2026-08-02,21290.74,Wedding,Approved,Mobile App,2026-08-18
APP0002729,CUST0000904,2025-05-09,26235.26,Education,Rejected,Mobile App,2025-05-15
APP0002730,CUST0000952,2026-07-22,5250.84,Debt Consolidation,Withdrawn,Branch,2026-08-02
APP0002731,CUST0000318,2025-06-01,10772.97,Personal,Pending,Mobile App,2025-05-23
APP0002732,CUST0000692,2024-07-07,63967.76,Wedding,Pending,Branch,2026-08-24
APP0002733,CUST0000707,2025-09-23,12267.3,Auto,Rejected,Branch,2025-10-09
APP0002734,CUST0001318,2025-07-04,8140.39,Home Improvement,Rejected,Branch,2025-07-24
APP0002735,CUST0001197,2025-09-07,64905.05,Education,Rejected,Online,2025-09-22
APP0002736,CUST0000823,2022-11-23,8319.69,Auto,Rejected,Branch,2022-12-13
APP0002737,CUST0001035,2025-04-08,9599.22,Business,Rejected,Mobile App,2025-04-13
APP0002738,CUST0001144,2022-10-08,22015.53,Auto,Rejected,Online,2022-10-15
APP0002739,CUST0000095,2023-03-28,4489.0,Home Improvement,Approved,Call Center,2023-04-14
APP0002740,CUST0001771,2025-03-07,105149.98,Home Improvement,Approved,Online,2025-03-08
APP0002741,CUST0001785,2024-03-04,26909.85,Business,Pending,Branch,2026-08-24
APP0002742,CUST0000728,2025-07-30,16317.24,Medical,Rejected,Call Center,2025-08-14
APP0002743,CUST0001523,2025-04-01,739.06,Debt Consolidation,Approved,Mobile App,2025-04-09
APP0002744,CUST0000796,2025-05-10,55560.58,Education,Withdrawn,Branch,2025-05-16
APP0002745,CUST0000136,2022-05-21,31772.05,Personal,Approved,Mobile App,2022-05-28
APP0002746,CUST0001732,2022-03-03,30162.63,Home Improvement,Rejected,Online,2022-03-19
APP0002747,CUST0000536,2022-11-21,3026.97,Home Improvement,Pending,Mobile App,2026-08-24
APP0002748,CUST0000717,2023-06-06,31538.46,Auto,Rejected,Mobile App,2023-06-07
APP0002749,CUST0001152,2025-09-30,22895.75,Wedding,Rejected,Online,2025-10-11
APP0002750,CUST0000879,2021-11-13,82244.64,Auto,Rejected,Online,2021-11-29
APP0002751,CUST0000532,2024-05-07,4736.69,Personal,Approved,Partner Referral,2024-05-11
APP0002752,CUST0001602,2025-07-30,60687.66,Business,Rejected,Online,2025-08-01
APP0002753,CUST0000713,2023-06-19,81633.56,Wedding,Approved,Call Center,2023-07-02
APP0002754,CUST0001184,2023-03-17,3378.23,Education,Pending,Online,2026-08-24
APP0002755,CUST0001331,2022-09-02,1420.23,Auto,Rejected,Online,2022-09-04
APP0002756,CUST0001868,2023-10-18,78313.43,Business,Pending,Branch,2026-08-24
APP0002757,CUST0000958,2024-09-22,17423.08,Debt Consolidation,Rejected,Mobile App,2024-10-08
APP0002758,CUST0000942,2024-07-17,1644.53,Personal,Approved,Branch,2024-07-21
APP0002759,CUST0001827,2025-11-24,56518.41,Home Improvement,Rejected,Online,2025-11-30
APP0002760,CUST0000959,2021-08-26,51011.75,Business,Rejected,Branch,2021-09-06
APP0002761,CUST0000596,2023-02-10,85653.22,Education,Rejected,Mobile App,2023-02-23
APP0002762,CUST0000086,2023-06-02,5689.61,Home Improvement,Rejected,Online,2023-06-13
APP0002763,CUST0000650,2023-08-09,849.73,Medical,Rejected,Branch,2023-08-13
APP0002764,CUST0000395,2025-04-14,9036.83,Education,Rejected,Online,2025-05-02
APP0002765,CUST0000610,2022-02-25,20805.82,Personal,Approved,Online,2022-03-06
APP0002766,CUST0001080,2023-01-29,41042.44,Medical,Pending,Online,2026-08-24
APP0002767,CUST0001050,2021-12-02,6476.86,Debt Consolidation,Rejected,Online,2021-12-13
APP0002768,CUST0000375,2024-07-01,3335.24,Debt Consolidation,Rejected,Mobile App,2024-07-13
APP0002769,CUST0000929,2026-06-20,19710.02,Business,Approved,Partner Referral,2026-06-26
APP0002770,CUST0000908,2026-07-14,500.0,Wedding,Approved,Online,2026-07-21
APP0002771,CUST0000086,2021-11-20,27253.74,Medical,Rejected,Online,2021-11-23
APP0002772,CUST0000567,2022-03-28,37172.11,Debt Consolidation,Approved,Partner Referral,2022-04-12
APP0002773,CUST0001446,2024-07-02,6030.92,Home Improvement,Pending,Online,2026-08-24
APP0002774,CUST0000042,2022-12-27,39984.48,Wedding,Rejected,Online,2022-12-29
APP0002775,CUST0000602,2022-10-21,30429.01,Business,Rejected,Mobile App,2022-10-22
APP0002776,CUST0000951,2025-01-24,17783.66,Debt Consolidation,Approved,Online,2025-02-13
APP0002777,CUST0000334,2023-03-09,47892.33,Auto,Pending,Branch,2026-08-24
APP0002778,CUST0001293,2024-08-21,32961.76,,Pending,Call Center,2026-08-24
APP0002779,CUST0001432,2021-11-04,3805.71,Business,Approved,Branch,2021-11-15
APP0002780,CUST0000677,2026-07-15,20934.26,Auto,Rejected,Mobile App,2026-08-01
APP0002781,CUST0000461,2022-01-26,6832.72,,Pending,Online,2026-08-24
APP0002782,CUST0001554,2021-10-27,67901.03,Wedding,Approved,Online,2021-11-12
APP0002783,CUST0000431,2023-09-26,5269.91,,Approved,Call Center,2023-10-16
APP0002784,CUST0000293,2026-01-14,9384.6,Personal,Withdrawn,Call Center,2026-01-19
APP0002785,CUST0000067,2024-11-02,30727.85,Auto,Rejected,Mobile App,2024-11-11
APP0002786,CUST0000183,2024-02-03,11597.96,Debt Consolidation,Withdrawn,Online,2024-02-09
APP0002787,CUST0001744,2023-01-12,69093.33,,Rejected,Mobile App,2023-01-29
APP0002788,CUST0001870,2022-10-13,10942.23,Debt Consolidation,Rejected,Online,2022-10-19
APP0002789,CUST0001092,2024-11-29,45176.09,Education,Rejected,Branch,2024-12-15
APP0002790,CUST0001844,2024-03-01,33191.89,Education,Rejected,Mobile App,2024-03-06
APP0002791,CUST0001414,2024-09-17,49372.53,Auto,Pending,Branch,2026-08-24
APP0002792,CUST0000814,2023-09-16,19363.24,Home Improvement,Rejected,Branch,2023-09-17
APP0002793,CUST0001427,2023-02-24,24992.58,Education,Pending,Mobile App,2026-08-24
APP0002794,CUST0000840,2022-07-18,45678.99,Debt Consolidation,Approved,Call Center,2022-08-04
APP0002795,CUST0001924,2023-02-09,122088.74,Auto,Withdrawn,Online,2023-02-21
APP0002796,CUST0001703,2022-09-29,2545.47,Wedding,Rejected,Online,2022-10-10
APP0002797,CUST0001690,2024-02-01,56578.35,Wedding,Approved,Mobile App,2024-02-11
APP0002798,CUST0001062,2023-02-02,32621.01,Business,Rejected,Online,2023-02-14
APP0002799,CUST0001037,2025-08-16,38013.98,Auto,Approved,Online,2025-08-28
APP0002800,CUST0000235,2024-05-29,9023.34,Debt Consolidation,Approved,Online,2024-06-08
APP0002801,CUST0001306,2023-03-06,89684.88,Business,Pending,Online,2026-08-24
APP0002802,CUST0000230,2022-01-23,6941.94,Medical,Withdrawn,Branch,2022-01-26
APP0002803,CUST0001081,2022-04-04,81746.54,Business,Approved,Partner Referral,2022-04-14
APP0002804,CUST0000263,2022-02-03,32090.96,Home Improvement,Approved,Mobile App,2022-02-12
APP0002805,CUST0000952,2023-04-04,79965.71,Personal,Approved,Branch,2023-04-22
APP0002806,CUST0001562,2023-04-22,6083.11,Personal,Pending,Online,2026-08-24
APP0002807,CUST0000617,2021-11-22,56867.85,Medical,Rejected,Mobile App,2021-12-12
APP0002808,CUST0001204,2025-03-08,25147.27,Debt Consolidation,Rejected,Branch,2025-03-26
APP0002809,CUST0000520,2024-04-16,57268.45,Medical,Rejected,Mobile App,2024-05-02
APP0002810,CUST0000600,2026-07-16,15204.94,Auto,Cancelled,Branch,2026-07-31
APP0002811,CUST0000366,2026-01-31,35455.14,Personal,Approved,Mobile App,2026-02-07
APP0002812,CUST0000325,2021-09-15,1717.86,Home Improvement,Approved,Online,2021-09-19
APP0002813,CUST0000745,2025-02-23,9155.26,Debt Consolidation,Rejected,Mobile App,2025-03-11
APP0002814,CUST0000247,2026-07-05,10509.44,Wedding,Withdrawn,Mobile App,2026-07-20
APP0002815,CUST0001784,2025-08-27,23596.42,Home Improvement,Rejected,Online,2025-09-13
APP0002816,CUST0001483,2025-01-28,58604.73,Debt Consolidation,Pending,Partner Referral,2026-08-24
APP0002817,CUST0000444,2022-05-06,13188.33,Personal,Pending,Online,2026-08-24
APP0002818,CUST0001772,2026-02-25,17496.31,Business,Approved,Online,2026-02-27
APP0002819,CUST0000731,2025-10-03,3672.5,Auto,Rejected,Mobile App,2025-10-06
APP0002820,CUST0001063,2024-04-30,19755.76,Medical,Pending,Mobile App,2026-08-24
APP0002821,CUST0001398,2026-04-03,1023.6,Business,Approved,Online,2026-04-10
APP0002822,CUST0001546,2023-12-18,5696.88,Personal,Rejected,Online,2023-12-21
APP0002823,CUST0000016,2024-04-24,3909.46,Auto,Approved,Online,2024-04-25
APP0002824,CUST0000567,2025-07-28,25483.09,Home Improvement,Pending,Online,2026-08-24
APP0002825,CUST0000674,2025-04-01,12355.81,Debt Consolidation,Approved,Branch,2025-04-05
APP0002826,CUST0001172,2024-05-27,10212.27,Personal,Rejected,Online,2024-06-13
APP0002827,CUST0001745,2025-07-25,62974.17,Personal,Rejected,Branch,2025-08-07
APP0002828,CUST0000877,2026-02-18,117032.62,Wedding,Rejected,Mobile App,2026-03-03
APP0002829,CUST0000927,2024-11-21,19474.89,Business,Approved,Mobile App,2024-11-24
APP0002830,CUST0000176,2026-02-10,1414.27,Home Improvement,Approved,Partner Referral,2026-02-11
APP0002831,CUST0001053,2023-09-14,2468.24,Home Improvement,Pending,Online,2026-08-24
APP0002832,CUST0000975,2024-04-19,36198.17,Home Improvement,Withdrawn,Online,2024-04-26
APP0002833,CUST0001274,2024-11-21,8766.51,Medical,Rejected,Online,2024-12-11
APP0002834,CUST0001694,2024-07-07,39492.6,Wedding,Approved,Online,2024-07-16
APP0002835,CUST0001135,2022-07-17,90601.08,Business,Rejected,Branch,2022-07-22
APP0002836,CUST0000104,2023-12-06,18350.31,Medical,Rejected,Online,2023-12-12
APP0002837,CUST0001635,2022-04-27,28502.25,Business,Rejected,Mobile App,2022-05-04
APP0002838,CUST0000955,2025-02-03,58827.43,Personal,Approved,Partner Referral,2025-02-15
APP0002839,CUST0000974,2025-08-22,27836.14,Medical,Approved,Online,2025-09-08
APP0002840,CUST0001747,2025-01-21,776.51,Personal,Approved,Online,2025-01-23
APP0002841,CUST0001180,2025-12-21,9374.34,Debt Consolidation,Rejected,Mobile App,2026-01-06
APP0002842,CUST0001581,2024-11-24,70579.04,Auto,Rejected,Mobile App,2024-11-25
APP0002843,CUST0001761,2023-07-18,,Home Improvement,Rejected,Online,2023-07-25
APP0002844,CUST0000987,2021-12-16,21764.65,Home Improvement,Rejected,Mobile App,2021-12-28
APP0002845,CUST0001965,2021-10-24,1270.8,Home Improvement,Rejected,Online,2021-10-27
APP0002846,CUST0000343,2026-06-19,2653.48,Auto,Rejected,Mobile App,2026-06-25
APP0002847,CUST0001743,2025-07-17,39812.75,Business,Rejected,Mobile App,2025-07-30
APP0002848,CUST0001698,2023-04-29,4731.06,Education,Approved,Online,2023-05-13
APP0002849,CUST0000200,2026-06-04,20062.22,Medical,Approved,Online,2026-06-06
APP0002850,CUST0000307,2022-11-17,44403.3,Medical,Rejected,Mobile App,2022-12-03
APP0002851,CUST0000074,2025-07-04,,Home Improvement,Rejected,Branch,2025-07-13
APP0002852,CUST0000554,2022-09-14,16194.01,Business,Approved,Call Center,2022-09-27
APP0002853,CUST0001983,2025-03-13,1912.31,Personal,Rejected,Branch,2025-03-18
APP0002854,CUST0000249,2021-12-29,12630.76,Education,Approved,Mobile App,2022-01-18
APP0002855,CUST0000068,2025-01-22,11898.08,Personal,Approved,Mobile App,2025-02-07
APP0002856,CUST0000919,2023-12-07,12250.87,Personal,Rejected,Mobile App,2023-12-20
APP0002857,CUST0000707,2024-07-23,18361.35,Personal,Rejected,Online,2024-07-27
APP0002858,CUST0001259,2021-11-08,3165.7,Debt Consolidation,Rejected,Online,2021-11-24
APP0002859,CUST0001214,2023-06-30,3298.04,Debt Consolidation,Approved,Branch,2023-07-08
APP0002860,CUST0001655,2022-06-14,25014.3,Medical,Rejected,Online,2022-06-27
APP0002861,CUST0000830,2024-09-23,13485.49,Debt Consolidation,Approved,Online,2024-10-07
APP0002862,CUST0000923,2021-09-03,31672.79,Debt Consolidation,Rejected,Online,2021-09-20
APP0002863,CUST0000046,2026-03-04,12880.83,Home Improvement,Rejected,Call Center,2026-03-21
APP0002864,CUST0001942,2022-07-09,19700.11,Debt Consolidation,Rejected,Mobile App,2022-07-17
APP0002865,CUST0000427,2024-04-03,36412.6,Auto,Rejected,Mobile App,2024-04-05
APP0002866,CUST0001192,2026-08-16,3271.23,Auto,Approved,Partner Referral,2026-08-24
APP0002867,CUST0001762,2023-09-12,5199.08,Personal,Approved,Mobile App,2023-09-21
APP0002868,CUST0001209,2024-05-09,31377.89,Wedding,Approved,Branch,2024-05-16
APP0002869,CUST0001251,2026-06-12,33043.81,Home Improvement,Withdrawn,Branch,2026-06-22
APP0002870,CUST0000351,2021-12-25,1027.32,Medical,Withdrawn,Mobile App,2022-01-06
APP0002871,CUST0001419,2024-06-16,24180.56,Education,Rejected,Call Center,2024-06-29
APP0002872,CUST0000381,2024-06-20,1082.45,Auto,Approved,Mobile App,2024-06-28
APP0002873,CUST0001384,2025-04-07,32236.29,Auto,Approved,Branch,2025-04-20
APP0002874,CUST0001154,2024-08-26,16704.12,Business,Pending,Mobile App,2026-08-24
APP0002875,CUST0000980,2024-01-18,49405.76,Medical,Approved,Branch,2024-02-01
APP0002876,CUST0001442,2024-05-21,7695.74,Business,Approved,Online,2024-06-03
APP0002877,CUST0001440,2023-01-27,30715.9,Debt Consolidation,Pending,Online,2026-08-24
APP0002878,CUST0000410,2023-04-30,14569.53,Medical,Approved,Online,2023-05-07
APP0002879,CUST0000752,2026-05-25,,Auto,Pending,Online,2026-08-24
APP0002880,CUST0000969,2024-12-07,37035.83,Auto,Rejected,Mobile App,2024-12-18
APP0002881,CUST0000304,2025-01-22,6047.64,Medical,Pending,Online,2026-08-24
APP0002882,CUST0000713,2022-05-12,80467.32,Auto,Rejected,Call Center,2022-05-28
APP0002883,CUST0000083,2023-08-01,60116.57,Personal,Rejected,Online,2023-08-21
APP0002884,CUST9712241,2022-09-29,25553.63,Home Improvement,Rejected,Online,2022-10-16
APP0002885,CUST0000412,2026-05-22,40239.32,Wedding,Rejected,Branch,2026-05-26
APP0002886,CUST0000445,2026-08-15,6393.34,Auto,Rejected,Online,2026-08-24
APP0002887,CUST0001637,2023-04-28,10761.16,Education,in review,Online,2026-08-24
APP0002888,CUST0000282,2023-09-22,,Home Improvement,Withdrawn,Online,2023-09-23
APP0002889,CUST0000242,2025-01-26,21938.89,Wedding,Rejected,Branch,2025-02-10
APP0002890,CUST0000642,2022-05-21,5743.68,Business,Pending,Online,2026-08-24
APP0002891,CUST0000047,2024-06-14,18877.13,Personal,approved,Branch,2024-06-24
APP0002892,CUST0001738,2022-09-25,10774.96,Wedding,Withdrawn,Online,2022-10-14
APP0002893,CUST0001974,2024-04-14,20612.47,Wedding,Pending,Online,2026-08-24
APP0002894,CUST0001611,2025-04-08,53158.92,Auto,Approved,Online,2025-04-26
APP0002895,CUST0001599,2025-05-06,4748.88,Auto,Rejected,Online,2025-05-20
APP0002896,CUST0000204,2022-03-25,8499.22,Home Improvement,Approved,Mobile App,2022-04-08
APP0002897,CUST0001110,2023-02-04,4586.04,Education,Pending,Branch,2026-08-24
APP0002898,CUST0000176,2023-06-02,4891.62,Wedding,Approved,Mobile App,2023-06-03
APP0002899,CUST0000602,2025-04-10,63558.18,Business,Rejected,Call Center,2025-04-20
APP0002900,CUST0000986,2023-04-16,6193.49,Education,Rejected,Online,2023-05-06
APP0002901,CUST0001364,2023-12-19,19383.83,Medical,Rejected,Call Center,2023-12-29
APP0002902,CUST0000555,2022-10-15,46648.65,Business,Withdrawn,Mobile App,2022-10-17
APP0002903,CUST0000513,2023-05-16,45181.57,Medical,Rejected,Mobile App,2023-05-26
APP0002904,CUST0001647,2024-01-12,13008.16,Wedding,Rejected,Call Center,2024-01-15
APP0002905,CUST0000449,2022-09-13,15910.31,Education,Pending,Online,2026-08-24
APP0002906,CUST0000973,2022-03-14,2497.06,Business,Approved,Branch,2022-03-27
APP0002907,CUST0000574,2022-05-11,20549.73,Business,Approved,Branch,2022-05-13
APP0002908,CUST0001706,2023-12-06,58608.97,Business,APPROVED,Mobile App,2023-12-16
APP0002909,CUST0001070,2022-06-20,21959.23,Medical,Pending,Online,2026-08-24
APP0002910,CUST0000217,2021-10-23,27815.73,Medical,Pending,Online,2026-08-24
APP0002911,CUST0000296,2025-10-25,,Medical,Rejected,Partner Referral,2025-10-27
APP0002912,CUST0001941,2026-07-01,31049.09,Wedding,Approved,Branch,2026-07-14
APP0002913,CUST0001881,2024-03-15,23546.71,Debt Consolidation,Rejected,Online,2024-03-28
APP0002914,CUST0001535,2024-09-02,80019.37,Business,Rejected,Online,2024-09-03
APP0002915,CUST0000156,2022-06-25,7145.51,,Rejected,Branch,2022-06-28
APP0002916,CUST0001464,2022-01-09,50656.22,Debt Consolidation,Approved,Online,2022-01-22
APP0002917,CUST0001322,2022-01-17,1512.73,Education,Approved,Online,2022-02-04
APP0002918,CUST0001881,2022-08-08,31536.98,Education,Pending,Partner Referral,2026-08-24
APP0002919,CUST0000973,2022-03-16,5482.82,Auto,Rejected,Online,2022-04-01
APP0002920,CUST0000941,2025-04-30,11788.77,Debt Consolidation,Approved,Online,2025-05-18
APP0002921,CUST0001266,2025-07-01,22904.97,Business,Withdrawn,Mobile App,2025-07-14
APP0002922,CUST0000298,2025-04-22,4516.99,Education,Rejected,Online,2025-04-26
APP0002923,CUST0001491,2023-01-31,3291.89,Personal,Rejected,Online,2023-02-11
APP0002924,CUST0000994,2023-06-22,39903.07,Debt Consolidation,Approved,Branch,2023-06-29
APP0002925,CUST0000376,2023-06-10,7972.51,Wedding,Withdrawn,Mobile App,2023-06-16
APP0002926,CUST0001631,2022-05-23,18920.47,Business,Approved,Branch,2022-05-26
APP0002927,CUST0000529,2024-01-05,8177.51,Medical,Withdrawn,Mobile App,2024-01-06
APP0002928,CUST0001720,2024-04-29,20269.24,Medical,Rejected,Mobile App,2024-05-15
APP0002929,CUST0000546,2022-09-02,9046.6,Wedding,Approved,Mobile App,2022-09-06
APP0002930,CUST0000978,2023-01-11,36260.59,Education,Approved,Branch,2023-01-24
APP0002931,CUST0000874,2024-01-01,49741.08,Education,Rejected,Mobile App,2024-01-08
APP0002932,CUST0001465,2022-02-17,1295.93,Business,Approved,Online,2022-02-27
APP0002933,CUST0000373,2024-08-04,14949.72,,Approved,Branch,2024-08-12
APP0002934,CUST0000494,2023-05-18,2503.2,Auto,Rejected,Online,2023-05-24
APP0002935,CUST0000385,2025-03-13,549.28,Personal,Approved,Online,2025-03-23
APP0002936,CUST0000462,2025-05-27,21060.14,Auto,Rejected,Partner Referral,2025-06-12
APP0002937,CUST0000906,2023-07-02,16590.87,Debt Consolidation,Rejected,Online,2023-07-13
APP0002938,CUST0001173,2023-06-02,59560.27,Medical,Approved,Online,2023-06-18
APP0002939,CUST0001728,2024-04-15,22700.41,Debt Consolidation,Rejected,Online,2024-05-04
APP0002940,CUST0000844,2021-11-07,45267.29,Education,Approved,Branch,2021-11-17
APP0002941,CUST0000820,2022-08-11,5031.99,Business,Withdrawn,Mobile App,2022-08-28
APP0002942,CUST0000323,2022-04-01,3297.93,Wedding,Approved,Online,2022-04-04
APP0002943,CUST0000198,2023-01-25,11710.08,Education,Rejected,Mobile App,2023-02-06
APP0002944,CUST0001523,2024-08-17,7638.9,Auto,Declined,Branch,2024-08-27
APP0002945,CUST0001266,2022-11-14,4270.52,Business,Pending,Call Center,2026-08-24
APP0002946,CUST0001065,2024-04-04,10537.92,Education,Approved,Mobile App,2024-04-22
APP0002947,CUST0000889,2025-02-08,10322.35,Business,Approved,Online,2025-02-23
APP0002948,CUST0001041,2025-01-08,3199.58,Wedding,Rejected,Call Center,2025-01-20
APP0002949,CUST0001692,2024-04-20,8887.42,Debt Consolidation,Rejected,Online,2024-05-04
APP0002950,CUST0000379,2024-07-04,6106.28,Business,Rejected,Branch,2024-07-20
APP0002951,CUST0000998,2023-11-10,26729.26,Personal,Approved,Online,2023-11-26
APP0002952,CUST0000483,2024-02-18,88491.46,Auto,Rejected,Online,2024-02-24
APP0002953,CUST0000210,2025-08-15,1833.76,Medical,Approved,Partner Referral,2025-08-24
APP0002954,CUST0001386,2024-01-09,23449.77,Medical,Rejected,Mobile App,2024-01-16
APP0002955,CUST0001410,2023-05-29,80497.19,Auto,Rejected,Branch,2023-06-17
APP0002956,CUST0001704,2026-06-15,56014.36,,Approved,Partner Referral,2026-06-18
APP0002957,CUST0000043,2026-03-26,1143.31,Auto,Withdrawn,Online,2026-04-14
APP0002958,CUST0000355,2025-12-16,18608.07,Medical,Rejected,Online,2025-12-23
APP0002959,CUST0001150,2025-10-01,34186.33,Education,Approved,Mobile App,2025-10-17
APP0002960,CUST0001625,2023-07-25,48377.45,Auto,APPR,Online,2023-07-29
APP0002961,CUST0001881,2026-06-12,14514.41,Business,Rejected,Mobile App,2026-06-29
APP0002962,CUST0001577,2024-11-30,17430.41,Education,Rejected,Online,2024-12-11
APP0002963,CUST0001810,2026-02-06,4622.43,Home Improvement,Approved,Online,2026-02-26
APP0002964,CUST0001630,2021-10-01,16833.25,Home Improvement,Approved,Online,2021-10-09
APP0002965,CUST0000632,2022-03-08,54203.4,Debt Consolidation,Rejected,Online,2022-03-28
APP0002966,CUST0001164,2021-10-02,9986.76,Education,Approved,Online,2021-10-19
APP0002967,CUST0001271,2026-08-19,3319.62,Personal,Approved,Online,2026-08-20
APP0002968,CUST0000704,2023-03-29,2047.5,Wedding,Approved,Online,2023-04-06
APP0002969,CUST0001772,2021-11-04,13753.49,Business,Rejected,Mobile App,2021-11-13
APP0002970,CUST0001543,2025-06-03,3952.41,Wedding,Approved,Branch,2025-06-08
APP0002971,CUST0001034,2025-08-09,7274.8,Wedding,Approved,Online,2025-08-27
APP0002972,CUST0000960,2026-04-10,25878.34,Education,Approved,Online,2026-04-12
APP0002973,CUST0001586,2024-07-17,34449.4,Medical,Approved,Online,2024-07-23
APP0002974,CUST0000444,2025-01-23,7766.07,Wedding,Withdrawn,Online,2025-01-29
APP0002975,CUST0000438,2024-09-26,3726.6,Business,Approved,Branch,2024-10-05
APP0002976,CUST0000805,2025-03-06,11986.39,Personal,Approved,Online,2025-03-20
APP0002977,CUST0000256,2024-03-26,1370.16,Home Improvement,Pending,Partner Referral,2026-08-24
APP0002978,CUST0000916,2021-10-22,21195.53,Wedding,Withdrawn,Online,2021-11-04
APP0002979,CUST0000865,2022-06-26,30378.2,Medical,Rejected,Branch,2022-07-05
APP0002980,CUST0001011,2026-04-19,17665.33,Personal,Approved,Mobile App,2026-05-02
APP0002981,CUST0000924,2021-11-21,32382.17,Medical,Rejected,Online,2021-11-23
APP0002982,CUST0001796,2022-01-30,5735.18,Wedding,Rejected,Online,2022-02-17
APP0002983,CUST0000550,2025-08-25,20847.28,Business,Rejected,Online,2025-09-06
APP0002984,CUST0000823,2026-05-20,16085.8,Home Improvement,Approved,Branch,2026-05-26
APP0002985,CUST0001477,2023-11-18,9439.51,Home Improvement,Approved,Mobile App,2023-12-04
APP0002986,CUST0000570,2022-05-10,33422.31,Home Improvement,Approved,Online,2022-05-20
APP0002987,CUST0001314,2024-08-03,48897.77,Auto,Rejected,Call Center,2024-08-11
APP0002988,CUST0001925,2021-10-24,19664.5,Debt Consolidation,Approved,Branch,2021-10-28
APP0002989,CUST0000751,2023-06-14,4049.78,Education,Rejected,Mobile App,2023-06-24
APP0002990,CUST0000484,2024-06-19,3142.85,Business,Rejected,Online,2024-06-24
APP0002991,CUST0000381,2026-01-18,2250.8,Business,Pending,Call Center,2026-08-24
APP0002992,CUST0000023,2022-03-20,10748.04,Wedding,Withdrawn,Online,2022-03-28
APP0002993,CUST0000569,2024-09-05,,Personal,Rejected,Online,2024-09-08
APP0002994,CUST0001700,2021-10-16,1425.36,Wedding,Approved,Branch,2021-10-31
APP0002995,CUST0000510,2023-12-22,64610.06,Education,Pending,Partner Referral,2026-08-24
APP0002996,CUST0001909,2024-12-26,14749.05,Personal,Approved,Online,2025-01-12
APP0002997,CUST0001906,2021-10-29,12301.86,Personal,Approved,Online,2021-11-08
APP0002998,CUST0001365,2025-05-04,58162.84,Personal,Rejected,Partner Referral,2025-05-11
APP0002999,CUST0001962,2026-07-29,2468.61,Medical,Rejected,Mobile App,2026-08-03
APP0003000,CUST0000816,2023-02-10,25144.5,Education,Approved,Mobile App,2023-02-18
APP0000076,CUST0001551,2022-04-21,17102.2,Wedding,Pending,Mobile App,2026-08-24
APP0000352,CUST0001832,2025-06-20,5056.77,Education,Rejected,Partner Referral,2025-07-03
APP0000354,CUST0001168,2022-06-16,130245.48,Wedding,Withdrawn,Online,2022-06-29
APP0000356,CUST0001417,2022-09-08,44839.54,Education,Rejected,Online,2022-09-16
APP0000382,CUST0001216,2022-09-23,4785.92,Personal,Pending,Online,2026-08-24
APP0000814,CUST0000351,2023-08-23,3919.75,Wedding,Rejected,Mobile App,2023-08-24
APP0000925,CUST0000413,2022-02-24,39408.64,Education,Approved,Online,2022-02-28
APP0000943,CUST0001740,2026-02-27,653.2,Debt Consolidation,Approved,Online,2026-03-01
APP0000994,CUST0000833,2021-12-13,25979.41,Personal,Rejected,Mobile App,2021-12-25
APP0001055,CUST0000557,2025-03-19,69418.84,Wedding,Pending,Online,2026-08-24
APP0001221,CUST0000051,2022-08-30,51764.77,Business,Approved,Online,2022-09-09
APP0001354,CUST0001607,2022-12-24,7103.47,Business,Pending,Mobile App,2026-08-24
APP0001539,CUST0000950,2023-04-03,7042.11,Personal,Approved,Mobile App,2023-04-19
APP0001542,CUST0000724,2021-09-02,84790.9,Education,Rejected,Branch,2021-09-11
APP0001675,CUST0001613,2025-11-29,18182.85,Education,Rejected,Mobile App,2025-12-07
APP0001894,CUST0000278,2024-10-25,20189.03,Medical,Rejected,Online,2024-10-31
APP0001951,CUST0001177,2024-04-27,32239.63,Wedding,Approved,Online,2024-05-05
APP0002086,CUST0001681,2025-07-02,500.0,Business,Approved,Online,2025-07-19
APP0002175,CUST0001756,2023-12-24,24384.24,Medical,Rejected,Online,2023-12-25
APP0002183,CUST0000939,2022-03-07,47687.47,Education,Rejected,Mobile App,2022-03-14
APP0002242,CUST0000182,2026-04-08,1645.84,Medical,Approved,Mobile App,2026-04-21
APP0002298,CUST0000905,2025-08-28,27043.47,Wedding,Approved,Online,2025-09-07
APP0002379,CUST0000724,2023-10-09,20957.61,Debt Consolidation,Rejected,Mobile App,2023-10-18
APP0002486,CUST0001838,2024-03-13,500.0,Wedding,Approved,Online,2024-03-21
APP0002513,CUST0001102,2024-08-07,3841.16,Home Improvement,Approved,Mobile App,2024-08-18
APP0002647,CUST0000603,2026-05-04,23819.67,Medical,Rejected,Online,2026-05-06
APP0002655,CUST0000205,2024-12-12,1108.47,Business,Rejected,Mobile App,2024-12-18
APP0002754,CUST0001184,2023-03-17,3378.23,Education,Pending,Online,2026-08-24
APP0002955,CUST0001410,2023-05-29,80497.19,Auto,Rejected,Branch,2023-06-17
APP0002994,CUST0001700,2021-10-16,1425.36,Wedding,Approved,Branch,2021-10-31
