credit_history_id,customer_id,record_date,credit_score,total_outstanding_debt,credit_utilization,number_of_open_accounts,number_of_closed_accounts,previous_defaults,previous_late_payments
CRHIST0000001,CUST0000001,2026-08-15,610.0,2566.35,0.3677,8,0,0,0
CRHIST0000002,CUST0000001,2026-08-15,595.0,901.57,0.1142,2,4,0,0
CRHIST0000003,CUST0000001,2026-08-16,611.0,7169.32,0.5901,1,0,0,0
CRHIST0000004,CUST0000001,2026-08-16,610.0,2538.67,0.1833,4,5,0,0
CRHIST0000005,CUST0000002,2024-09-13,618.0,3099.98,0.1638,4,3,0,0
CRHIST0000006,CUST0000002,2024-09-19,605.0,10800.1,0.5304,6,1,0,0
CRHIST0000007,CUST0000002,2025-02-23,596.0,5228.41,0.2938,7,4,0,0
CRHIST0000008,CUST0000002,2025-04-28,590.0,1075.87,0.1186,9,0,0,0
CRHIST0000009,CUST0000002,2025-06-13,581.0,10200.7,0.5481,3,1,0,0
CRHIST0000010,CUST0000003,2019-08-20,766.0,9230.28,0.2389,5,3,0,0
CRHIST0000011,CUST0000004,2024-11-09,,2249.42,0.6959,3,2,0,0
CRHIST0000012,CUST0000004,2025-01-03,616.0,2408.75,0.503,5,2,0,0
CRHIST0000013,CUST0000004,2025-03-24,599.0,3125.9,0.7248,3,1,0,0
CRHIST0000014,CUST0000004,2025-05-21,587.0,1948.54,0.7968,6,1,0,2
CRHIST0000015,CUST0000004,2025-12-14,572.0,1951.38,0.4007,5,1,0,2
CRHIST0000016,CUST0000005,2025-09-27,718.0,8158.88,0.6027,2,3,0,2
CRHIST0000017,CUST0000005,2025-10-13,711.0,12433.25,0.4819,1,3,0,2
CRHIST0000018,CUST0000005,2025-11-18,710.0,0.0,0.0,4,0,0,2
CRHIST0000019,CUST0000005,2025-12-15,712.0,2086.33,0.0736,1,3,0,2
CRHIST0000020,CUST0000005,2026-03-21,720.0,7407.22,0.6314,6,2,0,2
CRHIST0000021,CUST0000005,2026-05-02,734.0,15804.84,0.4973,3,0,0,2
CRHIST0000022,CUST0000005,2026-06-08,745.0,6406.67,0.2995,5,3,1,2
CRHIST0000023,CUST0000006,2023-05-22,682.0,3506.64,0.3766,9,3,0,0
CRHIST0000024,CUST0000006,2023-12-31,689.0,2705.66,0.505,7,3,0,0
CRHIST0000025,CUST0000006,2024-07-25,683.0,5826.51,0.6189,0,3,0,0
CRHIST0000026,CUST0000006,2024-08-19,672.0,6766.91,0.5583,4,3,0,0
CRHIST0000027,CUST0000006,2026-01-04,680.0,2648.35,0.4211,3,1,0,0
CRHIST0000028,CUST0000007,2025-06-08,708.0,12796.62,0.5223,1,4,0,0
CRHIST0000029,CUST0000007,2025-08-04,691.0,12651.64,0.3837,4,0,0,0
CRHIST0000030,CUST0000007,2025-09-10,706.0,7078.19,0.217,2,0,0,0
CRHIST0000031,CUST0000008,2025-10-26,710.0,4449.13,0.5695,3,1,0,0
CRHIST0000032,CUST0000008,2025-11-26,727.0,943.21,0.1455,4,0,0,0
CRHIST0000033,CUST0000008,2025-12-22,729.0,727.5,0.0945,3,5,0,0
CRHIST0000034,CUST0000008,2026-02-08,743.0,5579.59,0.827,2,2,0,0
CRHIST0000035,CUST0000009,2026-05-18,556.0,2278.01,0.8561,3,4,0,0
CRHIST0000036,CUST0000009,2026-06-07,554.0,1752.98,0.8102,7,1,0,0
CRHIST0000037,CUST0000009,2026-07-05,560.0,2390.83,0.7833,8,1,0,0
CRHIST0000038,CUST0000009,2026-07-07,571.0,1773.72,0.5405,9,3,0,0
CRHIST0000039,CUST0000010,2026-04-27,476.0,1353.39,0.3801,5,1,0,0
CRHIST0000040,CUST0000010,2026-05-27,477.0,1341.5,0.6631,6,4,1,0
CRHIST0000041,CUST0000010,2026-05-31,461.0,1478.22,0.5979,8,5,1,0
CRHIST0000042,CUST0000011,2021-07-24,663.0,1592.28,0.1561,3,5,0,0
CRHIST0000043,CUST0000011,2021-11-21,654.0,2023.26,0.1722,4,0,0,0
CRHIST0000044,CUST0000011,2022-03-02,671.0,11652.62,0.558,2,2,0,0
CRHIST0000045,CUST0000011,2023-05-02,673.0,5905.52,0.334,3,3,0,0
CRHIST0000046,CUST0000012,2019-11-28,708.0,4152.53,0.1673,2,3,0,0
CRHIST0000047,CUST0000012,2020-10-22,703.0,3173.97,0.1282,4,4,0,0
CRHIST0000048,CUST0000013,2024-04-22,,1655.16,0.2608,6,1,0,0
CRHIST0000049,CUST0000013,2024-06-03,578.0,3205.31,0.5895,5,2,0,0
CRHIST0000050,CUST0000013,2024-07-30,590.0,6483.39,0.5974,4,2,1,0
CRHIST0000051,CUST0000014,2024-03-23,691.0,2414.54,0.1395,4,4,0,0
CRHIST0000052,CUST0000015,2024-06-07,587.0,340.59,0.2345,4,0,1,0
CRHIST0000053,CUST0000015,2024-07-16,582.0,522.52,0.2723,6,1,1,0
CRHIST0000054,CUST0000015,2025-08-29,599.0,138.69,0.1843,3,0,1,0
CRHIST0000055,CUST0000015,2025-12-14,606.0,380.42,0.274,4,4,1,0
CRHIST0000056,CUST0000015,2025-12-29,603.0,636.39,0.4322,6,0,1,0
CRHIST0000057,CUST0000015,2026-02-04,579.0,,0.2207,4,2,1,0
CRHIST0000058,CUST0000015,2026-03-06,587.0,729.78,0.8452,7,3,2,0
CRHIST0000059,CUST0000015,2026-04-01,583.0,68.06,0.07,3,2,2,0
CRHIST0000060,CUST0000016,2020-12-23,713.0,10304.06,0.9219,6,3,0,0
CRHIST0000061,CUST0000016,2021-02-17,714.0,4135.39,0.5646,7,1,0,0
CRHIST0000062,CUST0000017,2026-04-26,673.0,1838.84,0.24,5,2,0,0
CRHIST0000063,CUST0000018,2023-01-02,683.0,22391.05,0.6191,5,4,0,0
CRHIST0000064,CUST0000018,2023-02-18,681.0,27332.48,0.5257,5,2,0,0
CRHIST0000065,CUST0000018,2023-05-05,701.0,6693.82,0.163,3,1,0,0
CRHIST0000066,CUST0000019,2024-09-07,547.0,519.43,0.1519,4,1,0,0
CRHIST0000067,CUST0000019,2025-01-29,546.0,681.6,0.2333,6,1,0,0
CRHIST0000068,CUST0000020,2023-10-23,726.0,10394.16,0.6478,5,1,0,0
CRHIST0000069,CUST0000020,2024-10-01,739.0,11101.14,0.4774,3,1,0,0
CRHIST0000070,CUST0000020,2024-11-09,736.0,,0.1094,2,1,0,0
CRHIST0000071,CUST0000020,2025-07-04,735.0,17.75,0.0009,5,0,0,0
CRHIST0000072,CUST0000021,2025-11-28,727.0,11785.19,0.6351,4,2,0,0
CRHIST0000073,CUST0000021,2025-12-18,735.0,5827.55,0.3644,4,1,0,0
CRHIST0000074,CUST0000022,2024-06-24,704.0,25525.23,0.7416,3,0,0,0
CRHIST0000075,CUST0000022,2024-10-11,698.0,9315.74,0.5587,4,1,0,0
CRHIST0000076,CUST0000022,2025-02-11,707.0,19209.27,0.4436,8,2,0,0
CRHIST0000077,CUST0000023,2024-07-10,737.0,9540.36,0.4423,1,2,0,0
CRHIST0000078,CUST0000023,2024-08-26,739.0,16239.53,0.6866,3,3,0,0
CRHIST0000079,CUST0000023,2024-11-02,722.0,7977.46,0.3589,5,0,0,0
CRHIST0000080,CUST0000023,2024-12-21,724.0,8537.02,0.2864,3,2,0,0
CRHIST0000081,CUST0000023,2025-01-26,742.0,8801.2,0.5556,3,0,0,0
CRHIST0000082,CUST0000024,2025-07-01,694.0,5115.8,0.3912,8,2,0,0
CRHIST0000083,CUST0000024,2025-10-17,703.0,5817.41,0.3197,2,2,0,0
CRHIST0000084,CUST0000024,2025-10-29,703.0,6153.02,0.2302,5,0,0,0
CRHIST0000085,CUST0000025,2019-09-01,709.0,10030.51,0.2898,3,1,0,0
CRHIST0000086,CUST0000025,2019-09-25,709.0,12764.08,0.6293,5,1,0,0
CRHIST0000087,CUST0000025,2020-01-22,683.0,16203.77,0.4392,3,2,0,0
CRHIST0000088,CUST0000025,2020-12-20,661.0,14501.78,0.5731,3,0,0,0
CRHIST0000089,CUST0000025,2021-10-01,664.0,23018.85,0.4791,3,5,0,0
CRHIST0000090,CUST0000026,2024-11-19,666.0,13689.03,0.5254,2,2,0,0
CRHIST0000091,CUST0000026,2025-03-12,648.0,820.97,0.0707,2,0,0,0
CRHIST0000092,CUST0000027,2023-07-22,694.0,22058.56,0.8705,1,6,0,0
CRHIST0000093,CUST0000027,2024-05-08,710.0,2220.38,0.1481,0,0,0,0
CRHIST0000094,CUST0000027,2024-05-16,724.0,8848.81,0.5545,3,0,0,0
CRHIST0000095,CUST0000027,2024-06-02,697.0,6381.14,0.1799,2,1,0,0
CRHIST0000096,CUST0000028,2024-12-25,680.0,1778.24,0.1521,4,2,0,0
CRHIST0000097,CUST0000028,2025-01-07,661.0,2287.44,0.3689,3,2,0,1
CRHIST0000098,CUST0000029,2021-10-14,678.0,21191.11,0.6207,3,2,0,0
CRHIST0000099,CUST0000029,2021-10-26,703.0,16040.09,0.5784,3,3,0,0
CRHIST0000100,CUST0000029,2022-01-24,726.0,19669.71,0.6063,7,1,0,0
CRHIST0000101,CUST0000030,2023-08-30,593.0,7044.86,0.2247,3,0,0,0
CRHIST0000102,CUST0000030,2024-03-30,591.0,13455.89,0.3024,4,3,0,2
CRHIST0000103,CUST0000030,2024-06-14,597.0,28623.8,0.7414,4,3,0,2
CRHIST0000104,CUST0000030,2024-07-19,592.0,19262.54,0.8632,4,0,0,2
CRHIST0000105,CUST0000031,2022-02-07,697.0,4593.4,0.1869,2,3,0,0
CRHIST0000106,CUST0000031,2022-02-11,716.0,17226.43,0.656,3,2,0,2
CRHIST0000107,CUST0000031,2022-04-06,713.0,1520.54,0.1154,3,2,0,3
CRHIST0000108,CUST0000031,2023-11-03,690.0,5108.89,0.4057,5,1,0,3
CRHIST0000109,CUST0000031,2024-01-26,670.0,15210.67,0.5678,2,5,0,3
CRHIST0000110,CUST0000032,2020-02-02,634.0,2404.9,0.3439,4,2,0,0
CRHIST0000111,CUST0000032,2020-08-21,627.0,444.02,0.0583,5,1,0,2
CRHIST0000112,CUST0000032,2020-10-28,617.0,2101.3,0.4454,6,2,0,2
CRHIST0000113,CUST0000032,2020-11-12,628.0,721.44,0.1082,4,2,0,2
CRHIST0000114,CUST0000032,2021-05-29,627.0,1247.06,0.3149,5,0,1,2
CRHIST0000115,CUST0000032,2024-06-28,642.0,1350.84,0.1874,5,3,1,2
CRHIST0000116,CUST0000032,2025-01-24,648.0,787.79,0.1516,7,2,1,2
CRHIST0000117,CUST0000032,2025-09-14,648.0,2027.85,0.6085,1,3,1,2
CRHIST0000118,CUST0000033,2023-08-01,662.0,17706.42,0.3638,5,6,0,0
CRHIST0000119,CUST0000033,2023-10-16,671.0,25315.46,0.6462,5,3,0,0
CRHIST0000120,CUST0000034,2019-04-17,659.0,8156.76,0.5903,2,3,0,0
CRHIST0000121,CUST0000034,2019-08-15,643.0,12586.19,0.4298,5,2,0,0
CRHIST0000122,CUST0000034,2019-09-26,642.0,8542.11,0.3657,2,3,0,0
CRHIST0000123,CUST0000035,2020-03-16,715.0,12574.0,0.2974,5,1,0,0
CRHIST0000124,CUST0000035,2020-06-06,717.0,15602.9,0.3301,6,0,0,0
CRHIST0000125,CUST0000035,2021-05-23,698.0,24713.52,0.3949,5,1,0,0
CRHIST0000126,CUST0000036,2023-01-23,704.0,3575.03,0.3363,5,2,0,0
CRHIST0000127,CUST0000037,2025-12-02,716.0,18171.7,0.6754,3,4,0,0
CRHIST0000128,CUST0000037,2025-12-10,721.0,7190.27,0.3155,1,1,0,0
CRHIST0000129,CUST0000037,2025-12-27,731.0,4388.31,0.1454,2,2,0,0
CRHIST0000130,CUST0000038,2024-07-15,660.0,10744.11,0.5288,4,3,0,0
CRHIST0000131,CUST0000038,2024-08-23,684.0,8497.73,0.7431,2,1,0,0
CRHIST0000132,CUST0000038,2025-11-27,661.0,2066.29,0.2535,4,1,0,0
CRHIST0000133,CUST0000039,2019-02-20,690.0,585.05,0.0749,7,4,0,0
CRHIST0000134,CUST0000039,2019-05-07,700.0,5604.65,0.4959,5,4,0,0
CRHIST0000135,CUST0000039,2020-03-19,707.0,1490.71,0.2337,5,1,0,0
CRHIST0000136,CUST0000039,2021-03-05,715.0,148.36,0.0169,8,2,0,0
CRHIST0000137,CUST0000040,2021-02-09,714.0,7010.35,0.2729,3,4,0,1
CRHIST0000138,CUST0000040,2021-04-28,722.0,8923.12,0.3681,6,1,0,1
CRHIST0000139,CUST0000040,2021-11-09,715.0,13632.05,0.7696,2,3,0,1
CRHIST0000140,CUST0000040,2022-09-24,725.0,3894.66,0.2197,7,1,0,1
CRHIST0000141,CUST0000040,2022-12-02,731.0,5128.29,0.1634,2,0,0,1
CRHIST0000142,CUST0000041,2022-05-29,713.0,5068.62,0.409,2,3,0,0
CRHIST0000143,CUST0000042,2022-04-24,686.0,5747.94,0.5928,2,3,0,2
CRHIST0000144,CUST0000042,2023-10-09,675.0,223.93,0.0108,4,3,0,2
CRHIST0000145,CUST0000042,2024-01-01,690.0,2705.28,0.1257,3,0,0,2
CRHIST0000146,CUST0000043,2020-02-18,516.0,200.84,0.2384,7,1,0,0
CRHIST0000147,CUST0000043,2020-10-16,543.0,994.4,0.7051,9,2,0,0
CRHIST0000148,CUST0000043,2020-11-26,558.0,817.68,0.5147,3,1,0,1
CRHIST0000149,CUST0000044,2021-01-26,679.0,,0.4934,3,4,0,0
CRHIST0000150,CUST0000045,2020-09-19,770.0,14723.46,0.4465,1,0,0,0
CRHIST0000151,CUST0000046,2023-05-17,666.0,1364.94,0.1915,2,3,0,0
CRHIST0000152,CUST0000046,2023-06-16,673.0,1733.54,0.1916,2,1,0,0
CRHIST0000153,CUST0000046,2023-12-27,651.0,2768.58,0.2758,4,2,0,0
CRHIST0000154,CUST0000046,2024-02-17,656.0,4436.72,0.7491,4,1,0,0
CRHIST0000155,CUST0000046,2024-03-09,641.0,3715.38,0.4914,3,2,0,0
CRHIST0000156,CUST0000046,2024-12-23,650.0,3863.54,0.5519,6,0,0,0
CRHIST0000157,CUST0000047,2024-03-19,711.0,5885.23,0.1988,0,1,0,0
CRHIST0000158,CUST0000047,2024-11-12,706.0,4579.98,0.3593,3,4,0,0
CRHIST0000159,CUST0000047,2025-01-17,708.0,14319.66,0.4335,2,2,0,0
CRHIST0000160,CUST0000047,2025-01-18,728.0,5553.1,0.2708,1,2,0,0
CRHIST0000161,CUST0000048,2022-07-19,675.0,1853.19,0.2204,1,4,0,0
CRHIST0000162,CUST0000048,2022-09-10,684.0,2658.65,0.2055,5,3,0,0
CRHIST0000163,CUST0000049,2023-08-04,681.0,3385.15,0.3098,1,2,0,0
CRHIST0000164,CUST0000050,2020-08-31,673.0,3440.73,0.3594,4,2,0,0
CRHIST0000165,CUST0000050,2021-02-09,675.0,7617.29,0.5528,9,3,0,0
CRHIST0000166,CUST0000051,2025-07-16,778.0,0.0,0.0,1,2,0,2
CRHIST0000167,CUST0000051,2025-07-24,772.0,17022.48,0.4201,2,0,0,2
CRHIST0000168,CUST0000052,2019-04-10,655.0,2413.53,0.1964,4,2,0,0
CRHIST0000169,CUST0000052,2020-05-21,638.0,14020.86,0.4061,2,3,0,0
CRHIST0000170,CUST0000052,2021-09-02,627.0,11286.65,0.4393,0,2,0,0
CRHIST0000171,CUST0000052,2021-11-15,610.0,6576.94,0.2126,6,0,0,0
CRHIST0000172,CUST0000053,2022-12-22,656.0,4632.19,0.621,5,2,0,0
CRHIST0000173,CUST0000053,2023-01-18,644.0,5994.53,0.7718,4,0,0,0
CRHIST0000174,CUST0000053,2024-01-20,649.0,1680.83,0.1101,4,1,0,0
CRHIST0000175,CUST0000054,2021-08-05,743.0,2564.9,0.1487,1,2,0,0
CRHIST0000176,CUST0000054,2021-08-24,750.0,7416.16,0.2392,2,3,0,0
CRHIST0000177,CUST0000054,2022-07-10,737.0,16332.13,0.5675,5,1,0,0
CRHIST0000178,CUST0000055,2022-08-19,592.0,3377.61,0.6108,5,3,0,0
CRHIST0000179,CUST0000055,2023-08-01,587.0,2025.71,0.4134,6,1,0,0
CRHIST0000180,CUST0000055,2023-10-28,612.0,4082.75,0.6123,5,3,0,0
CRHIST0000181,CUST0000055,2024-06-30,611.0,1742.77,0.4053,2,1,0,0
CRHIST0000182,CUST0000055,2024-08-10,603.0,1397.95,0.4577,5,5,0,0
CRHIST0000183,CUST0000055,2025-02-26,607.0,764.53,0.1511,3,1,0,1
CRHIST0000184,CUST0000056,2023-03-16,676.0,7012.31,0.2618,2,1,0,0
CRHIST0000185,CUST0000056,2023-12-20,681.0,1742.3,0.0768,5,2,0,0
CRHIST0000186,CUST0000057,2024-03-20,739.0,4997.97,0.2751,2,2,0,0
CRHIST0000187,CUST0000057,2024-07-25,725.0,2237.17,0.2377,1,4,0,0
CRHIST0000188,CUST0000057,2024-12-02,723.0,104.14,0.0059,4,1,0,0
CRHIST0000189,CUST0000057,2025-02-22,731.0,3999.7,0.2318,2,1,0,0
CRHIST0000190,CUST0000058,2026-02-10,675.0,2792.57,0.2251,5,4,0,0
CRHIST0000191,CUST0000058,2026-03-13,663.0,7137.08,0.3369,1,2,0,0
CRHIST0000192,CUST0000058,2026-03-25,647.0,1017.22,0.0531,1,1,0,0
CRHIST0000193,CUST0000059,2023-09-17,666.0,2505.17,0.2936,7,3,0,0
CRHIST0000194,CUST0000059,2024-07-09,660.0,433.51,0.0472,0,0,0,1
CRHIST0000195,CUST0000060,2020-12-21,647.0,6592.04,0.5328,1,1,0,0
CRHIST0000196,CUST0000061,2023-03-17,722.0,17503.29,0.4247,4,1,0,0
CRHIST0000197,CUST0000062,2022-12-20,789.0,8735.89,0.2414,3,2,0,0
CRHIST0000198,CUST0000063,2025-08-21,714.0,2069.58,0.1789,6,3,0,1
CRHIST0000199,CUST0000063,2025-08-30,730.0,4435.17,0.34,2,3,0,1
CRHIST0000200,CUST0000063,2025-10-12,698.0,3355.24,0.2066,1,2,0,1
CRHIST0000201,CUST0000063,2026-01-01,700.0,2307.5,0.2858,5,1,0,1
CRHIST0000202,CUST0000063,2026-01-05,692.0,3501.28,0.5503,4,5,0,1
CRHIST0000203,CUST0000064,2024-02-15,592.0,830.24,0.4161,7,1,0,0
CRHIST0000204,CUST0000064,2024-06-08,614.0,512.45,0.5323,4,1,0,0
CRHIST0000205,CUST0000065,2025-09-06,735.0,5041.87,0.1748,3,1,0,0
CRHIST0000206,CUST0000065,2025-10-15,716.0,16566.48,0.5979,5,1,0,0
CRHIST0000207,CUST0000065,2025-12-29,751.0,11633.23,0.4371,3,3,0,0
CRHIST0000208,CUST0000066,2023-12-27,656.0,3449.66,0.452,4,4,0,0
CRHIST0000209,CUST0000066,2024-02-22,,5055.49,0.4643,5,2,0,0
CRHIST0000210,CUST0000066,2024-07-31,673.0,3982.84,0.4281,3,0,0,0
CRHIST0000211,CUST0000066,2025-05-29,677.0,7109.37,0.5733,2,3,0,0
CRHIST0000212,CUST0000066,2025-06-17,703.0,2585.95,0.3667,2,4,0,0
CRHIST0000213,CUST0000066,2025-07-18,671.0,6368.98,0.6061,3,2,0,0
CRHIST0000214,CUST0000067,2023-12-02,685.0,10716.67,0.2088,3,1,0,0
CRHIST0000215,CUST0000068,2021-08-19,692.0,6146.4,0.3197,2,2,0,0
CRHIST0000216,CUST0000068,2022-01-03,691.0,4854.68,0.4523,2,0,0,0
CRHIST0000217,CUST0000069,2021-02-13,787.0,3909.39,0.185,6,4,0,0
CRHIST0000218,CUST0000069,2021-02-28,794.0,1819.93,0.0742,2,2,0,0
CRHIST0000219,CUST0000069,2022-02-06,798.0,8404.89,0.6028,3,2,0,0
CRHIST0000220,CUST0000069,2022-02-24,820.0,5953.95,0.2463,0,4,0,0
CRHIST0000221,CUST0000070,2019-11-15,664.0,6553.04,0.341,4,2,0,0
CRHIST0000222,CUST0000070,2020-02-24,662.0,10263.69,0.3085,1,2,0,0
CRHIST0000223,CUST0000070,2020-04-07,627.0,2861.53,0.1461,6,1,0,0
CRHIST0000224,CUST0000071,2023-03-17,670.0,4836.01,0.3701,3,2,0,0
CRHIST0000225,CUST0000071,2023-08-29,676.0,2204.41,0.1899,5,3,0,0
CRHIST0000226,CUST0000072,2026-01-18,700.0,19318.98,0.724,2,3,0,0
CRHIST0000227,CUST0000072,2026-02-01,699.0,2876.55,0.1352,1,3,0,0
CRHIST0000228,CUST0000072,2026-02-08,722.0,2854.42,0.2553,4,4,0,0
CRHIST0000229,CUST0000072,2026-02-23,709.0,4179.1,0.1541,2,2,0,0
CRHIST0000230,CUST0000072,2026-04-01,706.0,7351.38,0.2668,1,4,0,2
CRHIST0000231,CUST0000072,2026-05-16,708.0,1891.75,0.1706,4,2,0,2
CRHIST0000232,CUST0000072,2026-06-12,684.0,12646.47,0.4482,1,0,0,2
CRHIST0000233,CUST0000073,2019-12-21,645.0,4072.84,0.4997,1,3,0,0
CRHIST0000234,CUST0000073,2020-06-22,640.0,3971.81,0.5162,4,1,0,0
CRHIST0000235,CUST0000073,2021-11-06,640.0,4527.71,0.5705,5,3,0,0
CRHIST0000236,CUST0000073,2022-12-19,629.0,1857.05,0.2713,5,3,0,0
CRHIST0000237,CUST0000073,2023-05-05,630.0,3123.06,0.3185,5,3,0,0
CRHIST0000238,CUST0000074,2026-04-30,698.0,6290.01,0.3589,4,1,0,0
CRHIST0000239,CUST0000074,2026-05-07,688.0,5889.64,0.5486,1,0,0,0
CRHIST0000240,CUST0000075,2025-08-09,694.0,6034.06,0.6087,3,1,0,0
CRHIST0000241,CUST0000076,2022-05-28,647.0,16622.06,0.529,5,2,0,1
CRHIST0000242,CUST0000076,2022-08-02,647.0,21297.49,0.7007,6,2,0,3
CRHIST0000243,CUST0000076,2022-10-29,650.0,7625.33,0.3449,5,2,0,3
CRHIST0000244,CUST0000077,2022-04-01,603.0,2186.06,0.2281,3,2,0,0
CRHIST0000245,CUST0000077,2022-07-01,613.0,1344.53,0.3907,4,2,0,0
CRHIST0000246,CUST0000077,2023-01-07,628.0,4536.17,0.7765,2,3,0,0
CRHIST0000247,CUST0000078,2024-04-10,640.0,1074.58,0.2242,2,2,0,0
CRHIST0000248,CUST0000078,2024-04-18,637.0,5342.29,0.8941,5,2,0,1
CRHIST0000249,CUST0000078,2024-05-26,643.0,1012.81,0.4205,2,2,0,1
CRHIST0000250,CUST0000078,2024-11-03,629.0,1582.94,0.4541,3,1,0,1
CRHIST0000251,CUST0000078,2025-01-01,633.0,4467.56,0.6956,8,0,0,1
CRHIST0000252,CUST0000079,2025-08-21,713.0,10823.52,0.5808,4,1,0,0
CRHIST0000253,CUST0000079,2025-09-02,703.0,6052.76,0.2022,5,5,0,0
CRHIST0000254,CUST0000079,2025-09-08,703.0,6405.88,0.2963,3,3,0,0
CRHIST0000255,CUST0000079,2025-12-21,712.0,8770.94,0.5609,10,1,0,0
CRHIST0000256,CUST0000079,2025-12-31,706.0,3486.46,0.2248,1,1,0,2
CRHIST0000257,CUST0000079,2026-02-08,714.0,10579.65,0.3286,3,3,0,2
CRHIST0000258,CUST0000080,2019-07-31,661.0,3113.55,0.4436,5,1,0,0
CRHIST0000259,CUST0000080,2019-08-25,651.0,6576.43,0.6189,6,0,0,0
CRHIST0000260,CUST0000080,2019-12-15,673.0,871.82,0.1113,2,1,0,0
CRHIST0000261,CUST0000081,2023-01-22,681.0,5061.38,0.4032,7,2,0,0
CRHIST0000262,CUST0000081,2023-08-08,678.0,3840.12,0.5192,9,3,0,0
CRHIST0000263,CUST0000081,2023-10-24,690.0,0.0,0.0,0,3,0,0
CRHIST0000264,CUST0000081,2023-12-23,687.0,1935.8,0.2452,3,3,0,0
CRHIST0000265,CUST0000082,2019-09-21,584.0,13605.15,0.6545,3,3,0,0
CRHIST0000266,CUST0000082,2019-10-01,565.0,5312.53,0.6475,6,4,0,0
CRHIST0000267,CUST0000082,2020-07-10,560.0,2418.89,0.2197,5,3,0,1
CRHIST0000268,CUST0000082,2022-02-27,571.0,5317.29,0.7508,6,0,0,1
CRHIST0000269,CUST0000082,2022-07-27,565.0,12511.35,0.941,7,6,0,1
CRHIST0000270,CUST0000083,2024-03-02,713.0,512.12,0.0329,2,1,0,0
CRHIST0000271,CUST0000083,2024-03-02,721.0,3969.78,0.2726,0,4,0,0
CRHIST0000272,CUST0000083,2024-06-15,706.0,5332.16,0.3071,4,2,0,0
CRHIST0000273,CUST0000084,2019-10-09,712.0,5638.34,0.1963,2,2,0,0
CRHIST0000274,CUST0000085,2022-04-01,708.0,19112.48,0.688,4,3,0,0
CRHIST0000275,CUST0000086,2024-10-10,720.0,7669.53,0.3412,1,1,0,0
CRHIST0000276,CUST0000086,2025-03-20,703.0,2768.23,0.1643,2,5,0,0
CRHIST0000277,CUST0000086,2025-03-22,702.0,10695.44,0.4541,6,0,0,0
CRHIST0000278,CUST0000087,2024-12-05,673.0,2067.39,0.1633,1,1,0,0
CRHIST0000279,CUST0000087,2025-01-03,668.0,3930.04,0.3192,5,1,0,0
CRHIST0000280,CUST0000088,2021-02-03,639.0,4297.22,0.4382,2,1,0,0
CRHIST0000281,CUST0000088,2021-06-22,629.0,3324.84,0.3235,2,3,0,0
CRHIST0000282,CUST0000088,2021-11-08,618.0,5404.89,0.6277,6,0,0,0
CRHIST0000283,CUST0000089,2023-02-25,784.0,0.0,0.0,2,1,0,0
CRHIST0000284,CUST0000089,2023-07-26,797.0,5559.24,0.2983,2,0,0,0
CRHIST0000285,CUST0000089,2023-10-15,797.0,12118.07,0.2919,3,1,0,0
CRHIST0000286,CUST0000090,2020-11-06,668.0,1695.43,0.1634,2,4,0,0
CRHIST0000287,CUST0000090,2022-04-30,679.0,3127.79,0.284,3,2,0,0
CRHIST0000288,CUST0000090,2022-05-25,683.0,2876.0,0.1903,6,3,0,0
CRHIST0000289,CUST0000091,2024-02-27,649.0,3379.74,0.4327,4,0,0,0
CRHIST0000290,CUST0000092,2019-07-03,633.0,7868.65,0.3677,3,0,0,2
CRHIST0000291,CUST0000092,2019-09-27,,10264.36,0.5526,5,3,0,2
CRHIST0000292,CUST0000092,2020-07-19,636.0,7564.45,0.3194,4,1,0,2
CRHIST0000293,CUST0000093,2025-03-28,683.0,7988.66,0.4601,2,1,0,0
CRHIST0000294,CUST0000093,2025-04-16,698.0,12681.56,0.6485,3,1,0,0
CRHIST0000295,CUST0000093,2025-08-30,691.0,2792.68,0.2781,3,1,0,0
CRHIST0000296,CUST0000094,2019-05-18,695.0,645.12,0.0743,4,1,0,0
CRHIST0000297,CUST0000094,2019-06-23,691.0,7532.46,0.7189,3,0,0,0
CRHIST0000298,CUST0000095,2023-09-11,694.0,6719.34,0.5182,4,2,0,0
CRHIST0000299,CUST0000095,2023-11-12,-8.0,2811.34,0.1073,8,1,0,0
CRHIST0000300,CUST0000096,2022-03-10,698.0,11253.24,0.3977,5,0,1,0
CRHIST0000301,CUST0000096,2022-06-15,,5072.8,0.2166,1,2,1,0
CRHIST0000302,CUST0000097,2020-11-08,690.0,4810.93,0.4584,3,1,0,0
CRHIST0000303,CUST0000097,2021-01-02,680.0,1809.48,0.3538,3,1,0,0
CRHIST0000304,CUST0000097,2021-06-29,683.0,1033.41,0.1573,4,4,0,0
CRHIST0000305,CUST9665790,2023-12-18,682.0,313.5,0.0313,6,1,0,0
CRHIST0000306,CUST0000098,2023-03-05,741.0,6269.4,0.594,4,1,0,0
CRHIST0000307,CUST0000098,2023-05-11,731.0,3335.21,0.1549,4,2,0,0
CRHIST0000308,CUST0000099,2020-06-16,617.0,11056.32,0.6283,4,0,0,0
CRHIST0000309,CUST0000099,2020-10-07,609.0,8825.33,0.592,4,2,0,1
CRHIST0000310,CUST0000100,2023-08-18,706.0,2582.26,0.315,1,5,0,0
CRHIST0000311,CUST0000100,2023-12-20,721.0,2997.27,0.3851,1,1,0,0
CRHIST0000312,CUST0000100,2024-02-04,718.0,4651.62,0.3606,2,0,0,0
CRHIST0000313,CUST0000101,2024-01-09,619.0,16961.44,0.7728,1,2,0,0
CRHIST0000314,CUST0000102,2023-01-11,710.0,,0.1085,2,2,0,0
CRHIST0000315,CUST0000102,2023-02-03,726.0,2936.37,0.5308,1,3,0,0
CRHIST0000316,CUST0000102,2023-08-03,,0.0,0.0,2,2,0,0
CRHIST0000317,CUST0000102,2023-10-16,702.0,6032.65,0.4854,4,3,0,0
CRHIST0000318,CUST0000102,2024-03-26,671.0,5412.39,0.4477,5,3,0,0
CRHIST0000319,CUST0000103,2021-11-09,776.0,8031.69,0.3052,2,4,0,0
CRHIST0000320,CUST0000104,2023-01-27,681.0,11592.96,0.4335,5,1,0,0
CRHIST0000321,CUST0000104,2023-02-24,701.0,5296.32,0.1672,6,3,0,0
CRHIST0000322,CUST0000104,2023-09-30,872.0,4704.14,0.2265,1,0,0,0
CRHIST0000323,CUST0000104,2024-02-03,682.0,20584.42,0.7667,4,1,0,0
CRHIST0000324,CUST0000105,2026-05-05,702.0,3062.44,0.1177,5,2,0,1
CRHIST0000325,CUST0000106,2024-10-29,725.0,2531.88,0.1611,1,1,0,0
CRHIST0000326,CUST0000107,2021-06-06,691.0,9985.18,0.3158,3,3,0,0
CRHIST0000327,CUST0000107,2024-01-01,661.0,5235.42,0.3442,0,3,0,0
CRHIST0000328,CUST0000107,2024-05-16,674.0,4458.64,0.1647,6,2,0,1
CRHIST0000329,CUST0000107,2024-10-19,667.0,4998.51,0.2319,4,2,0,1
CRHIST0000330,CUST0000107,2025-01-28,703.0,4521.85,0.3443,4,2,0,1
CRHIST0000331,CUST0000108,2021-11-13,667.0,4801.29,0.1937,3,2,0,0
CRHIST0000332,CUST0000109,2019-05-05,575.0,1336.64,0.2498,4,1,0,0
CRHIST0000333,CUST0000109,2019-10-14,573.0,3780.27,0.6309,6,2,0,0
CRHIST0000334,CUST0000109,2019-11-05,564.0,4323.16,0.858,2,2,0,0
CRHIST0000335,CUST0000109,2022-08-23,570.0,2406.25,0.6969,6,1,0,2
CRHIST0000336,CUST0000109,2022-10-20,563.0,1735.98,0.3749,10,3,0,3
CRHIST0000337,CUST0000110,2021-06-18,658.0,562.71,0.0443,5,2,0,0
CRHIST0000338,CUST0000110,2022-02-21,649.0,25705.45,0.7305,6,1,0,0
CRHIST0000339,CUST0000110,2023-01-14,650.0,7143.33,0.5291,3,2,0,0
CRHIST0000340,CUST0000110,2024-06-11,649.0,10127.53,0.347,3,0,0,0
CRHIST0000341,CUST0000110,2024-10-30,647.0,2505.58,0.1194,5,0,0,0
CRHIST0000342,CUST0000110,2024-12-12,655.0,16999.37,0.5442,3,1,0,0
CRHIST0000343,CUST0000110,2025-04-09,655.0,10033.15,0.4874,9,3,0,1
CRHIST0000344,CUST0000111,2025-02-11,679.0,443.56,0.0936,2,7,0,0
CRHIST0000345,CUST0000111,2025-03-27,654.0,1420.71,0.1911,3,1,0,0
CRHIST0000346,CUST0000112,2025-10-07,796.0,20922.42,0.359,2,1,0,0
CRHIST0000347,CUST0000112,2025-11-11,806.0,21839.27,0.5543,1,2,0,0
CRHIST0000348,CUST0000112,2025-11-26,828.0,6524.25,0.1577,3,1,0,0
CRHIST0000349,CUST0000112,2026-01-13,825.0,9114.55,0.2404,1,1,0,0
CRHIST0000350,CUST0000113,2023-03-24,694.0,2498.76,0.0996,4,4,0,0
CRHIST0000351,CUST0000113,2023-05-23,695.0,4067.68,0.2155,5,2,0,0
CRHIST0000352,CUST0000113,2023-06-14,682.0,13174.18,0.7065,1,5,1,2
CRHIST0000353,CUST0000113,2024-07-12,671.0,9704.35,0.5118,4,3,1,2
CRHIST0000354,CUST0000113,2024-12-03,671.0,5610.56,0.1858,2,1,1,2
CRHIST0000355,CUST0000114,2024-04-29,696.0,15853.38,0.2639,1,4,0,0
CRHIST0000356,CUST0000115,2022-07-05,679.0,6380.82,0.7278,3,4,0,0
CRHIST0000357,CUST0000115,2023-01-23,695.0,6128.53,0.5492,5,3,0,1
CRHIST0000358,CUST0000115,2023-09-27,694.0,4376.16,0.4372,9,5,0,1
CRHIST0000359,CUST0000116,2022-09-17,701.0,1797.24,0.3036,3,3,0,0
CRHIST0000360,CUST0000117,2025-07-06,739.0,2825.05,0.3694,2,1,0,0
CRHIST0000361,CUST0000117,2025-07-28,,7152.77,0.4307,5,1,0,0
CRHIST0000362,CUST0000117,2025-11-08,761.0,8410.85,0.4744,4,0,0,0
CRHIST0000363,CUST0000117,2025-11-29,757.0,9624.67,0.5253,3,1,0,0
CRHIST0000364,CUST0000117,2026-02-26,739.0,8128.14,0.8491,4,2,0,0
CRHIST0000365,CUST0000118,2023-03-04,712.0,25989.04,0.4563,1,8,0,0
CRHIST0000366,CUST0000119,2022-03-05,711.0,24612.41,0.7466,2,4,0,0
CRHIST0000367,CUST0000119,2022-06-27,723.0,7043.56,0.2936,3,2,0,0
CRHIST0000368,CUST0000119,2023-02-03,721.0,6576.47,0.3574,2,2,0,0
CRHIST0000369,CUST0000119,2023-04-03,731.0,4349.87,0.279,7,1,0,0
CRHIST0000370,CUST0000120,2020-11-04,725.0,10630.69,0.5652,4,3,0,1
CRHIST0000371,CUST0000120,2021-03-21,,581.08,0.0326,4,1,0,1
CRHIST0000372,CUST0000120,2021-04-28,772.0,1697.97,0.1397,2,4,0,1
CRHIST0000373,CUST0000120,2022-03-04,766.0,3330.84,0.2432,6,0,0,1
CRHIST0000374,CUST0000120,2022-03-07,765.0,1827.04,0.0908,1,1,0,3
CRHIST0000375,CUST0000121,2020-10-07,704.0,5135.51,0.0797,2,0,0,0
CRHIST0000376,CUST0000121,2021-03-18,702.0,15894.61,0.3665,5,2,0,0
CRHIST0000377,CUST0000121,2022-08-27,729.0,1312.95,0.0455,4,4,0,0
CRHIST0000378,CUST0000122,2019-10-23,693.0,9964.83,0.2567,5,2,0,0
CRHIST0000379,CUST0000122,2020-01-05,731.0,,0.1435,5,1,0,0
CRHIST0000380,CUST0000122,2020-01-24,-34.0,22233.41,0.5453,5,2,0,0
CRHIST0000381,CUST0000123,2025-06-22,743.0,11192.25,0.2097,5,2,0,0
CRHIST0000382,CUST0000123,2025-07-31,758.0,2273.2,0.0887,2,1,0,0
CRHIST0000383,CUST0000123,2025-09-30,738.0,12460.87,0.1928,4,1,0,0
CRHIST0000384,CUST0000124,2025-07-22,695.0,13922.76,0.3482,2,2,0,0
CRHIST0000385,CUST0000125,2022-11-18,631.0,4045.4,0.2114,5,3,0,0
CRHIST0000386,CUST0000126,2023-12-13,604.0,2217.5,0.4019,9,5,0,0
CRHIST0000387,CUST0000126,2024-01-26,589.0,4773.2,0.711,6,1,0,0
CRHIST0000388,CUST0000126,2024-02-10,600.0,3675.18,0.2803,4,3,0,2
CRHIST0000389,CUST0000127,2021-08-01,,6046.88,0.5259,4,2,0,0
CRHIST0000390,CUST0000127,2021-11-11,659.0,4841.44,0.5052,4,2,0,0
CRHIST0000391,CUST0000127,2022-04-05,675.0,3682.49,0.3304,4,0,0,0
CRHIST0000392,CUST0000127,2024-02-17,660.0,520.66,0.0364,2,5,0,0
CRHIST0000393,CUST0000127,2024-05-14,677.0,2994.98,0.2197,1,2,0,0
CRHIST0000394,CUST0000127,2025-06-18,681.0,6198.87,0.4565,3,1,0,0
CRHIST0000395,CUST0000128,2019-10-03,701.0,24484.5,0.4328,4,1,0,0
CRHIST0000396,CUST0000128,2020-01-12,705.0,14479.51,0.4949,2,0,0,0
CRHIST0000397,CUST0000129,2023-03-09,691.0,5956.82,0.4444,0,2,0,0
CRHIST0000398,CUST0000129,2023-03-16,687.0,940.72,0.1567,5,0,0,0
CRHIST0000399,CUST0000130,2021-04-27,690.0,5386.43,0.3775,3,6,0,1
CRHIST0000400,CUST0000131,2025-08-02,589.0,561.69,0.3553,3,1,0,0
CRHIST0000401,CUST0000131,2025-08-10,604.0,526.33,0.2124,7,1,0,0
CRHIST0000402,CUST0000131,2025-12-06,595.0,1172.53,0.4756,7,3,0,0
CRHIST0000403,CUST0000132,2021-05-06,712.0,10628.71,0.1986,6,2,0,2
CRHIST0000404,CUST0000132,2021-06-13,719.0,1375.09,0.0264,2,2,0,2
CRHIST0000405,CUST0000132,2021-11-26,723.0,2682.27,0.0864,3,4,0,2
CRHIST0000406,CUST0000132,2022-03-07,,27527.83,0.492,5,0,0,2
CRHIST0000407,CUST0000133,2024-10-01,755.0,8920.29,0.3813,2,0,0,0
CRHIST0000408,CUST0000133,2024-11-11,752.0,5514.8,0.3386,4,1,0,0
CRHIST0000409,CUST0000133,2024-12-11,753.0,6931.14,0.1997,3,3,0,0
CRHIST0000410,CUST0000134,2021-05-10,559.0,1285.98,0.3682,5,4,0,0
CRHIST0000411,CUST0000134,2021-10-05,575.0,2312.14,0.6248,2,3,0,0
CRHIST0000412,CUST0000134,2022-05-27,562.0,2182.11,0.7216,2,2,0,0
CRHIST0000413,CUST0000134,2023-04-30,558.0,722.8,0.3321,8,2,0,2
CRHIST0000414,CUST0000134,2023-10-27,554.0,4255.75,1.0,3,3,0,2
CRHIST0000415,CUST0000135,2021-07-19,645.0,7852.82,0.3648,6,3,0,0
CRHIST0000416,CUST0000135,2021-09-28,646.0,5856.27,0.2514,7,4,0,0
CRHIST0000417,CUST0000135,2021-11-20,645.0,6708.8,0.3947,5,1,0,0
CRHIST0000418,CUST0000135,2022-02-06,662.0,9241.86,0.6948,3,3,0,2
CRHIST0000419,CUST0000136,2023-07-30,697.0,3608.32,0.1975,2,2,0,0
CRHIST0000420,CUST0000136,2023-08-14,722.0,5357.05,0.3044,4,1,0,0
CRHIST0000421,CUST0000136,2023-11-25,728.0,1278.87,0.08,1,5,0,0
CRHIST0000422,CUST0000136,2024-10-14,718.0,18215.06,0.5501,1,2,0,0
CRHIST0000423,CUST0000136,2025-02-15,707.0,8335.04,0.4427,1,0,0,0
CRHIST0000424,CUST0000136,2025-06-05,724.0,4868.78,0.1846,5,4,0,0
CRHIST0000425,CUST0000137,2023-02-28,731.0,17862.39,0.6548,2,1,0,0
CRHIST0000426,CUST0000137,2023-05-19,710.0,808.9,0.0449,2,5,0,0
CRHIST0000427,CUST0000138,2022-12-20,664.0,19779.59,0.7025,3,1,0,0
CRHIST0000428,CUST0000138,2023-02-28,666.0,7190.04,0.513,6,2,0,0
CRHIST0000429,CUST0000138,2023-06-12,669.0,10107.94,0.6384,6,0,0,0
CRHIST0000430,CUST0000138,2024-02-04,658.0,16149.82,0.6262,5,2,0,0
CRHIST0000431,CUST0000139,2022-05-20,660.0,1823.27,0.6972,2,3,0,0
CRHIST0000432,CUST0000139,2023-03-04,666.0,974.19,0.5422,6,0,0,0
CRHIST0000433,CUST0000140,2025-11-08,680.0,9938.92,0.332,5,1,0,0
CRHIST0000434,CUST0000140,2026-01-03,702.0,23300.33,0.5091,3,3,0,0
CRHIST0000435,CUST0000140,2026-02-22,719.0,5583.89,0.1345,2,5,0,0
CRHIST0000436,CUST0000141,2023-03-16,660.0,4136.09,0.6148,7,2,0,0
CRHIST0000437,CUST0000141,2023-04-08,658.0,3636.87,0.5279,3,2,0,1
CRHIST0000438,CUST0000142,2024-09-06,664.0,23737.28,0.6534,1,2,0,0
CRHIST0000439,CUST0000142,2024-11-10,673.0,20972.12,0.4757,5,4,0,0
CRHIST0000440,CUST0000142,2025-01-08,636.0,3509.9,0.1486,6,0,1,0
CRHIST0000441,CUST0000142,2025-01-27,637.0,13319.68,0.3098,3,4,1,0
CRHIST0000442,CUST0000142,2025-04-21,625.0,9080.89,0.3465,3,2,1,0
CRHIST0000443,CUST0000143,2023-08-01,734.0,8002.78,0.1883,4,1,0,0
CRHIST0000444,CUST0000143,2024-03-21,708.0,2841.05,0.1167,3,2,0,0
CRHIST0000445,CUST0000144,2026-05-12,727.0,2397.03,0.335,3,0,0,2
CRHIST0000446,CUST0000144,2026-05-18,725.0,3551.43,0.4727,2,0,0,2
CRHIST0000447,CUST0000144,2026-05-26,721.0,4390.01,0.6221,4,2,0,2
CRHIST0000448,CUST0000144,2026-06-17,729.0,8480.63,0.741,4,1,0,2
CRHIST0000449,CUST0000144,2026-06-19,731.0,7455.04,0.6764,3,1,0,2
CRHIST0000450,CUST0000145,2022-08-26,669.0,,0.5301,2,1,0,0
CRHIST0000451,CUST0000145,2022-12-01,678.0,6332.31,0.3672,2,2,0,0
CRHIST0000452,CUST0000146,2025-08-14,725.0,7981.82,0.3316,1,3,0,0
CRHIST0000453,CUST0000146,2025-08-23,731.0,6631.77,0.2746,2,3,0,2
CRHIST0000454,CUST0000146,2025-09-23,727.0,22739.59,0.4438,3,1,0,2
CRHIST0000455,CUST0000147,2025-11-14,721.0,18.23,0.0008,3,1,0,0
CRHIST0000456,CUST0000148,2026-01-22,625.0,4837.24,0.5768,5,4,0,0
CRHIST0000457,CUST0000148,2026-02-28,613.0,6273.97,0.4461,5,2,0,0
CRHIST0000458,CUST0000149,2024-05-28,707.0,25518.72,0.838,2,1,0,0
CRHIST0000459,CUST0000149,2024-06-11,707.0,21952.7,0.4979,1,2,0,0
CRHIST0000460,CUST0000149,2024-07-05,706.0,21652.34,0.4164,8,4,0,0
CRHIST0000461,CUST0000149,2024-12-03,680.0,19793.96,0.6723,1,1,0,0
CRHIST0000462,CUST0000149,2025-02-23,701.0,8631.42,0.3804,5,2,0,0
CRHIST0000463,CUST0000150,2026-06-30,657.0,4237.98,0.4872,1,5,0,0
CRHIST0000464,CUST0000150,2026-07-03,658.0,4299.84,0.5928,5,1,0,0
CRHIST0000465,CUST0000150,2026-07-03,647.0,,0.8007,2,3,0,0
CRHIST0000466,CUST0000150,2026-07-04,642.0,7064.43,0.5836,4,0,0,0
CRHIST0000467,CUST0000151,2024-09-26,673.0,5776.17,0.4403,3,2,0,0
CRHIST0000468,CUST0000151,2024-11-07,674.0,3127.7,0.1272,3,2,0,0
CRHIST0000469,CUST0000151,2024-11-30,674.0,3963.86,0.3202,5,2,0,0
CRHIST0000470,CUST9071126,2025-02-27,687.0,20980.67,0.8783,2,1,0,0
CRHIST0000471,CUST0000152,2021-05-26,675.0,2030.45,0.0953,0,4,0,0
CRHIST0000472,CUST0000152,2021-06-16,700.0,9755.24,0.2766,3,1,0,0
CRHIST0000473,CUST0000152,2021-07-23,705.0,20514.4,0.5031,6,2,0,0
CRHIST0000474,CUST0000152,2021-10-10,715.0,22216.58,0.598,3,4,0,0
CRHIST0000475,CUST0000153,2020-12-31,698.0,2594.7,0.1905,4,3,0,0
CRHIST0000476,CUST0000153,2021-05-02,688.0,9782.13,0.5367,3,3,0,0
CRHIST0000477,CUST0000153,2022-06-10,693.0,8945.18,0.4504,6,3,0,0
CRHIST0000478,CUST0000154,2021-07-29,706.0,,0.76,3,0,0,0
CRHIST0000479,CUST0000154,2021-08-19,720.0,17554.61,0.4,3,2,0,0
CRHIST0000480,CUST0000154,2022-03-18,860.0,10655.07,0.2481,2,2,0,0
CRHIST0000481,CUST0000154,2023-11-07,750.0,9751.64,0.1968,1,0,0,0
CRHIST0000482,CUST0000155,2024-06-03,700.0,16641.95,0.7193,1,2,0,0
CRHIST0000483,CUST0000155,2024-12-09,706.0,5652.36,0.3642,4,2,0,0
CRHIST0000484,CUST0000155,2025-01-30,719.0,,0.4697,2,2,0,0
CRHIST0000485,CUST0000155,2025-02-22,715.0,12606.77,0.7352,3,5,0,0
CRHIST0000486,CUST0000155,2025-07-13,701.0,14485.96,0.5675,4,2,0,0
CRHIST0000487,CUST0000155,2025-08-10,704.0,11037.6,0.6011,4,2,0,0
CRHIST0000488,CUST0000155,2025-10-20,714.0,181.47,0.0085,4,3,0,0
CRHIST0000489,CUST0000156,2020-08-24,663.0,8315.34,0.8498,2,2,0,0
CRHIST0000490,CUST0000156,2020-09-12,880.0,6557.73,0.3583,3,0,0,0
CRHIST0000491,CUST0000157,2021-05-10,634.0,3262.73,0.6864,7,3,0,0
CRHIST0000492,CUST0000157,2022-01-15,644.0,397.46,0.1612,4,4,0,0
CRHIST0000493,CUST0000158,2023-10-23,689.0,9322.46,0.5945,1,0,0,0
CRHIST0000494,CUST0000158,2024-08-18,708.0,13080.73,0.6612,0,3,0,0
CRHIST0000495,CUST0000158,2024-10-17,735.0,17505.83,0.5297,4,3,0,0
CRHIST0000496,CUST0000159,2022-05-24,627.0,5353.0,0.5208,10,3,0,0
CRHIST0000497,CUST0000159,2023-05-14,610.0,2874.63,0.3502,2,2,0,0
CRHIST0000498,CUST0000160,2024-10-28,708.0,19008.66,0.7866,5,2,0,0
CRHIST0000499,CUST0000160,2024-11-20,736.0,13113.61,0.3,4,1,0,0
CRHIST0000500,CUST0000160,2024-11-24,727.0,18542.51,0.5776,3,1,0,1
CRHIST0000501,CUST0000160,2025-02-14,734.0,3004.61,0.1799,3,2,0,1
CRHIST0000502,CUST0000160,2025-07-06,727.0,9543.63,0.2331,8,0,0,1
CRHIST0000503,CUST0000161,2026-08-17,638.0,4469.3,0.6782,4,2,1,0
CRHIST0000504,CUST0000162,2020-01-15,708.0,6292.95,0.4029,3,1,0,0
CRHIST0000505,CUST0000162,2021-01-23,721.0,8981.2,0.2746,5,3,0,2
CRHIST0000506,CUST0000162,2023-01-24,708.0,9285.33,0.3675,4,2,0,2
CRHIST0000507,CUST0000162,2023-04-22,708.0,5122.89,0.2947,6,3,0,2
CRHIST0000508,CUST0000163,2024-04-23,707.0,761.29,0.1061,6,2,0,0
CRHIST0000509,CUST0000163,2024-08-13,704.0,3069.75,0.3315,2,0,0,0
CRHIST0000510,CUST0000163,2025-04-20,691.0,2460.8,0.1998,8,2,0,0
CRHIST0000511,CUST0000163,2025-07-07,684.0,5219.59,0.5941,5,2,0,0
CRHIST0000512,CUST0000164,2025-05-11,763.0,12554.54,0.5689,4,1,0,0
CRHIST0000513,CUST0000164,2025-08-28,756.0,17098.08,0.5318,2,2,0,0
CRHIST0000514,CUST0000164,2025-10-14,754.0,13908.93,0.4055,2,1,0,0
CRHIST0000515,CUST0000164,2025-11-16,751.0,12029.31,0.4977,2,5,0,0
CRHIST0000516,CUST0000164,2025-12-09,765.0,19538.95,0.569,4,1,0,0
CRHIST0000517,CUST0000164,2026-02-27,786.0,2413.69,0.2007,1,2,0,0
CRHIST0000518,CUST0000164,2026-03-25,771.0,12979.68,0.4314,4,3,0,0
CRHIST0000519,CUST0000165,2020-04-03,748.0,11735.08,0.5192,3,2,0,0
CRHIST0000520,CUST0000166,2025-02-17,641.0,5973.03,0.3691,6,3,0,0
CRHIST0000521,CUST0000167,2023-10-23,743.0,16217.54,0.7214,2,3,0,0
CRHIST0000522,CUST0000167,2023-12-15,759.0,6808.02,0.2922,3,4,0,0
CRHIST0000523,CUST0000167,2023-12-30,763.0,924.61,0.0554,3,1,0,0
CRHIST0000524,CUST0000168,2023-11-12,690.0,3582.12,0.1922,1,1,0,0
CRHIST0000525,CUST0000168,2024-05-13,717.0,5929.74,0.2536,7,3,0,0
CRHIST0000526,CUST0000168,2024-08-06,708.0,3607.41,0.3477,3,2,0,0
CRHIST0000527,CUST0000168,2025-02-02,699.0,5333.94,0.2347,2,1,0,0
CRHIST0000528,CUST0000169,2020-09-25,661.0,4201.05,0.1421,2,2,0,0
CRHIST0000529,CUST0000169,2021-10-12,682.0,7589.3,0.3863,2,4,0,0
CRHIST0000530,CUST0000169,2022-01-19,700.0,17887.87,0.7371,3,4,0,0
CRHIST0000531,CUST0000169,2022-06-19,684.0,18801.64,0.558,3,2,0,0
CRHIST0000532,CUST0000169,2023-11-12,671.0,10148.19,0.5974,1,0,0,0
CRHIST0000533,CUST0000169,2024-09-28,686.0,7583.05,0.5289,5,1,0,0
CRHIST0000534,CUST0000169,2024-12-11,679.0,8149.19,0.4911,5,3,0,0
CRHIST0000535,CUST0000170,2023-07-23,706.0,7184.27,0.3368,1,3,0,0
CRHIST0000536,CUST0000170,2023-08-14,704.0,2203.11,0.1189,7,3,0,0
CRHIST0000537,CUST0000170,2024-05-25,691.0,22440.92,0.8518,3,1,0,0
CRHIST0000538,CUST0000170,2024-09-02,697.0,5946.64,0.5638,3,3,0,2
CRHIST0000539,CUST0000170,2024-09-15,704.0,4842.39,0.4162,3,2,0,2
CRHIST0000540,CUST0000170,2024-10-16,716.0,5329.76,0.2353,3,1,0,2
CRHIST0000541,CUST0000171,2022-05-05,610.0,3177.0,0.396,3,1,0,0
CRHIST0000542,CUST0000172,2020-05-25,582.0,2052.86,0.6219,2,3,0,0
CRHIST0000543,CUST0000173,2024-12-08,645.0,3462.69,0.4527,3,2,0,0
CRHIST0000544,CUST0000174,2024-03-03,551.0,1633.65,0.5155,6,5,0,0
CRHIST0000545,CUST0000174,2024-04-06,537.0,917.08,0.5206,5,2,0,0
CRHIST0000546,CUST0000174,2024-05-17,521.0,890.95,0.375,9,0,0,0
CRHIST0000547,CUST0000175,2025-10-11,712.0,,0.0815,4,1,0,0
CRHIST0000548,CUST0000175,2026-01-20,715.0,8346.72,0.4842,2,2,0,0
CRHIST0000549,CUST0000175,2026-02-11,722.0,3190.6,0.1289,3,4,0,0
CRHIST0000550,CUST0000175,2026-02-24,726.0,7194.55,0.3338,2,3,0,0
CRHIST0000551,CUST0000175,2026-04-02,704.0,23546.8,0.5779,5,2,0,0
CRHIST0000552,CUST0000176,2021-03-10,601.0,1035.78,0.4124,6,5,0,0
CRHIST0000553,CUST0000176,2021-05-31,585.0,510.65,0.1306,9,5,0,0
CRHIST0000554,CUST0000176,2021-10-15,578.0,2290.96,0.533,2,2,0,0
CRHIST0000555,CUST0000176,2022-10-22,579.0,912.88,0.172,3,2,0,0
CRHIST0000556,CUST0000177,2024-12-05,732.0,8909.34,0.2643,3,0,0,0
CRHIST0000557,CUST0000177,2025-01-05,749.0,2684.71,0.0903,3,2,0,0
CRHIST0000558,CUST0000177,2025-03-09,769.0,9048.48,0.7163,5,0,0,0
CRHIST0000559,CUST0000177,2025-04-05,782.0,263.57,0.011,3,1,0,0
CRHIST0000560,CUST0000178,2023-10-08,695.0,29328.4,0.8699,3,3,0,0
CRHIST0000561,CUST0000178,2023-11-06,716.0,4367.2,0.2167,4,0,0,0
CRHIST0000562,CUST0000178,2024-09-01,723.0,2311.42,0.0702,1,2,0,0
CRHIST0000563,CUST0000179,2024-01-04,630.0,5592.96,0.2775,5,2,0,0
CRHIST0000564,CUST0000180,2022-06-11,698.0,7796.79,0.4282,5,3,0,0
CRHIST0000565,CUST0000180,2023-01-01,706.0,4351.48,0.2342,0,3,0,0
CRHIST0000566,CUST0000181,2024-05-15,539.0,1338.34,0.7566,10,1,0,0
CRHIST0000567,CUST0000181,2025-05-03,551.0,1203.39,0.7416,11,4,0,0
CRHIST0000568,CUST0000181,2025-07-10,562.0,2551.76,0.6669,4,5,0,0
CRHIST0000569,CUST0000182,2021-03-16,613.0,6779.49,0.8628,2,1,0,0
CRHIST0000570,CUST0000182,2021-07-28,602.0,3335.97,0.5002,5,1,0,0
CRHIST0000571,CUST0000182,2021-11-27,594.0,853.16,0.2598,7,2,0,0
CRHIST0000572,CUST0000183,2025-02-09,646.0,2710.23,0.56,4,1,0,0
CRHIST0000573,CUST0000183,2025-04-18,637.0,4193.03,0.8202,4,4,0,0
CRHIST0000574,CUST0000183,2025-07-18,650.0,2251.23,0.5762,1,0,0,0
CRHIST0000575,CUST0000183,2025-10-02,655.0,1754.95,0.4976,7,2,0,0
CRHIST0000576,CUST0000184,2022-10-24,494.0,985.94,0.4889,2,1,0,0
CRHIST0000577,CUST0000184,2024-01-19,500.0,925.97,0.4661,3,5,0,0
CRHIST0000578,CUST0000184,2024-01-31,525.0,1022.98,0.4408,5,2,0,0
CRHIST0000579,CUST0000184,2024-06-07,519.0,819.85,0.4054,5,0,0,0
CRHIST0000580,CUST0000185,2023-01-26,686.0,5111.22,0.2542,0,0,0,0
CRHIST0000581,CUST0000185,2023-05-07,662.0,2332.09,0.1836,4,3,0,0
CRHIST0000582,CUST0000185,2023-06-16,664.0,2728.32,0.1603,4,0,0,0
CRHIST0000583,CUST0000185,2023-08-16,650.0,15540.06,0.6873,4,1,0,0
CRHIST0000584,CUST0000185,2023-10-26,630.0,12367.98,0.7447,4,3,0,0
CRHIST0000585,CUST0000185,2024-01-16,633.0,8993.88,0.6698,2,1,1,0
CRHIST0000586,CUST0000186,2023-11-06,673.0,2686.01,0.2576,7,1,0,0
CRHIST0000587,CUST0000186,2023-12-12,677.0,,0.2726,2,2,0,0
CRHIST0000588,CUST0000186,2024-03-05,680.0,5110.99,0.5354,4,0,0,0
CRHIST0000589,CUST0000186,2024-06-08,683.0,900.07,0.0432,5,5,0,0
CRHIST0000590,CUST0000187,2020-08-03,543.0,461.66,0.3929,5,5,0,1
CRHIST0000591,CUST0000187,2021-07-25,558.0,1465.28,0.8154,5,1,0,1
CRHIST0000592,CUST0000187,2021-09-23,556.0,547.09,0.3304,4,2,0,1
CRHIST0000593,CUST0000187,2023-10-04,556.0,565.48,0.2758,6,3,0,1
CRHIST0000594,CUST0000187,2023-11-20,549.0,840.55,0.804,7,0,0,1
CRHIST0000595,CUST0000187,2025-04-11,556.0,1248.11,0.5082,4,3,0,1
CRHIST0000596,CUST0000188,2022-06-16,717.0,9993.55,0.3393,3,2,0,0
CRHIST0000597,CUST0000188,2022-12-31,708.0,10.74,0.0004,2,1,0,0
CRHIST0000598,CUST0000188,2023-05-18,690.0,8328.42,0.2802,3,0,0,0
CRHIST0000599,CUST0000188,2024-02-01,681.0,17612.91,0.562,5,0,0,0
CRHIST0000600,CUST0000188,2024-12-04,,14208.27,0.5488,5,3,0,0
CRHIST0000601,CUST0000188,2025-08-04,674.0,12778.77,0.4712,4,0,0,0
CRHIST0000602,CUST0000188,2026-01-23,666.0,747.06,0.0488,6,1,0,0
CRHIST0000603,CUST0000189,2020-08-29,700.0,3972.66,0.5584,2,1,0,0
CRHIST0000604,CUST0000189,2021-08-31,712.0,3185.65,0.5453,5,4,0,0
CRHIST0000605,CUST0000190,2026-05-28,697.0,5596.56,0.4692,2,2,0,0
CRHIST0000606,CUST0000190,2026-06-22,703.0,17497.1,0.59,3,1,0,0
CRHIST0000607,CUST0000190,2026-06-24,701.0,6640.58,0.2367,2,1,0,0
CRHIST0000608,CUST0000190,2026-06-26,708.0,5749.2,0.3112,3,1,0,0
CRHIST0000609,CUST0000190,2026-06-27,685.0,11321.36,0.4797,7,3,0,0
CRHIST0000610,CUST0000190,2026-06-30,690.0,,0.4678,2,6,0,2
CRHIST0000611,CUST0000191,2022-08-16,736.0,,0.1108,2,2,0,0
CRHIST0000612,CUST0000191,2022-11-29,735.0,9691.71,0.4764,3,1,0,0
CRHIST0000613,CUST0000191,2023-04-20,718.0,15942.64,0.3521,4,2,0,0
CRHIST0000614,CUST0000192,2020-02-13,595.0,4819.86,0.3662,1,2,0,0
CRHIST0000615,CUST0000193,2020-07-27,712.0,10801.67,0.2526,5,0,0,2
CRHIST0000616,CUST0000193,2021-03-20,712.0,8916.49,0.2137,0,1,0,2
CRHIST0000617,CUST0000194,2026-01-06,578.0,533.28,0.2711,4,3,0,0
CRHIST0000618,CUST0000194,2026-01-07,577.0,1275.24,0.6758,5,3,0,0
CRHIST0000619,CUST0000194,2026-01-29,596.0,2123.18,0.8393,3,2,0,0
CRHIST0000620,CUST0000194,2026-04-14,613.0,1427.47,0.8047,5,2,0,0
CRHIST0000621,CUST0000195,2020-09-02,537.0,967.04,0.5258,7,2,0,0
CRHIST0000622,CUST0000196,2019-06-13,687.0,9328.67,0.4702,3,1,0,2
CRHIST0000623,CUST0000197,2020-08-18,620.0,12043.51,0.77,1,0,0,0
CRHIST0000624,CUST0000197,2020-11-11,613.0,4263.1,0.2708,2,2,0,0
CRHIST0000625,CUST0000197,2021-02-16,633.0,2641.82,0.2372,7,1,0,0
CRHIST0000626,CUST0000198,2020-08-29,755.0,4630.49,0.1245,2,0,0,0
CRHIST0000627,CUST0000199,2020-02-22,656.0,5449.54,0.3183,5,2,0,0
CRHIST0000628,CUST0000199,2020-03-26,660.0,875.56,0.0899,2,2,0,0
CRHIST0000629,CUST0000199,2020-04-03,658.0,10590.8,0.4816,2,3,0,0
CRHIST0000630,CUST0000199,2022-07-05,641.0,5810.05,0.3225,3,0,0,0
CRHIST0000631,CUST0000200,2026-08-14,643.0,6021.44,0.5302,3,4,0,0
CRHIST0000632,CUST0000200,2026-08-16,660.0,1575.18,0.1651,5,3,0,0
CRHIST0000633,CUST0000200,2026-08-17,654.0,694.78,0.0427,4,4,0,0
CRHIST0000634,CUST0000201,2019-11-14,647.0,5425.91,0.1304,7,0,0,0
CRHIST0000635,CUST0000201,2020-01-30,657.0,10683.79,0.198,4,2,0,0
CRHIST0000636,CUST0000201,2020-06-04,647.0,15895.42,0.3703,4,2,0,0
CRHIST0000637,CUST0000202,2024-09-18,715.0,18347.0,0.4753,4,2,0,0
CRHIST0000638,CUST0000203,2025-06-09,713.0,8384.83,0.1952,3,1,0,0
CRHIST0000639,CUST0000204,2024-04-16,713.0,14262.19,0.3893,4,2,0,0
CRHIST0000640,CUST0000205,2020-01-10,512.0,757.06,0.4035,8,1,0,0
CRHIST0000641,CUST0000206,2024-08-22,682.0,4312.07,0.166,2,2,0,0
CRHIST0000642,CUST0000207,2021-09-21,659.0,8025.52,0.3507,2,2,0,0
CRHIST0000643,CUST0000207,2021-11-30,694.0,3037.76,0.1164,5,2,0,0
CRHIST0000644,CUST0000208,2022-05-24,618.0,3537.17,0.5399,3,3,1,0
CRHIST0000645,CUST0000208,2022-07-16,624.0,1017.64,0.1574,5,3,1,0
CRHIST0000646,CUST0000208,2022-10-17,644.0,4239.67,0.2362,2,5,2,0
CRHIST0000647,CUST0000209,2021-08-23,537.0,1710.28,0.4325,2,2,0,0
CRHIST0000648,CUST0000209,2022-04-03,533.0,2559.82,0.6529,5,2,0,0
CRHIST0000649,CUST0000209,2023-07-22,551.0,4398.25,0.5842,8,1,0,0
CRHIST0000650,CUST0000209,2024-01-12,536.0,1110.47,0.3301,7,2,0,0
CRHIST0000651,CUST0000209,2024-01-12,534.0,3187.7,0.6427,7,2,0,0
CRHIST0000652,CUST0000210,2025-03-12,465.0,346.89,0.4381,6,2,0,0
CRHIST0000653,CUST0000210,2025-04-07,448.0,694.0,0.7175,7,1,0,0
CRHIST0000654,CUST0000210,2025-08-08,435.0,419.08,0.5155,4,4,0,2
CRHIST0000655,CUST0000210,2025-09-10,440.0,856.82,1.0,7,2,1,2
CRHIST0000656,CUST0000210,2025-12-15,468.0,902.19,0.7242,6,3,1,4
CRHIST0000657,CUST0000210,2026-01-10,486.0,469.9,0.8828,3,2,1,4
CRHIST0000658,CUST0000210,2026-06-08,477.0,425.36,0.3822,9,0,1,4
CRHIST0000659,CUST0000210,2026-06-11,455.0,260.66,0.2481,3,2,1,4
CRHIST0000660,CUST0000210,2026-06-29,449.0,256.0,0.3812,6,3,1,5
CRHIST0000661,CUST0000211,2024-03-11,717.0,221.23,0.0211,2,1,0,0
CRHIST0000662,CUST0000211,2024-04-13,729.0,,0.3653,5,3,0,0
CRHIST0000663,CUST0000212,2020-08-21,723.0,13505.58,0.4372,2,2,0,0
CRHIST0000664,CUST0000212,2020-09-02,718.0,3901.62,0.1257,6,0,0,0
CRHIST0000665,CUST0000213,2022-11-27,632.0,1745.33,0.1859,3,1,0,0
CRHIST0000666,CUST0000213,2023-10-15,616.0,2946.62,0.5174,5,2,0,0
CRHIST0000667,CUST0000213,2025-06-18,610.0,2111.47,0.3826,3,1,0,0
CRHIST0000668,CUST0000214,2025-03-16,782.0,18567.6,0.3466,4,3,0,0
CRHIST0000669,CUST0000215,2026-03-23,738.0,4645.15,0.2452,2,1,0,0
CRHIST0000670,CUST0000216,2026-04-01,602.0,2629.86,0.4718,7,1,0,0
CRHIST0000671,CUST0000216,2026-04-07,600.0,1012.39,0.1174,8,2,0,0
CRHIST0000672,CUST0000216,2026-04-11,615.0,4459.69,0.5896,3,1,0,0
CRHIST0000673,CUST0000216,2026-05-29,612.0,3208.6,0.4737,2,2,0,1
CRHIST0000674,CUST0000217,2020-10-17,740.0,17907.03,0.3218,3,1,0,0
CRHIST0000675,CUST0000218,2025-08-01,699.0,9708.85,0.4626,0,3,0,0
CRHIST0000676,CUST0000218,2025-09-09,690.0,,0.4544,2,0,0,0
CRHIST0000677,CUST0000218,2025-09-20,689.0,2981.94,0.3202,3,3,0,0
CRHIST0000678,CUST0000218,2026-02-17,682.0,3553.19,0.3448,2,1,0,0
CRHIST0000679,CUST0000218,2026-05-28,692.0,1617.66,0.1854,4,1,0,0
CRHIST0000680,CUST0000219,2023-11-02,680.0,6063.56,0.4045,4,1,0,0
CRHIST0000681,CUST0000219,2024-01-05,706.0,2698.59,0.2336,2,1,0,0
CRHIST0000682,CUST0000219,2024-05-06,716.0,5665.46,0.5431,1,0,0,0
CRHIST0000683,CUST0000219,2025-02-25,710.0,10385.76,0.5669,2,1,0,0
CRHIST0000684,CUST9466333,2025-04-24,717.0,6387.86,0.5697,3,2,0,0
CRHIST0000685,CUST0000219,2025-04-26,706.0,4987.78,0.2426,5,2,0,0
CRHIST0000686,CUST0000220,2025-01-11,648.0,7838.74,0.4322,5,0,0,0
CRHIST0000687,CUST0000220,2025-05-24,644.0,3289.58,0.1986,6,2,0,0
CRHIST0000688,CUST0000221,2021-12-21,756.0,3567.5,0.1665,5,3,0,0
CRHIST0000689,CUST0000221,2022-07-04,757.0,6109.08,0.2861,1,1,0,0
CRHIST0000690,CUST0000222,2024-03-20,643.0,2353.71,0.2351,5,3,0,0
CRHIST0000691,CUST0000222,2024-08-24,652.0,985.26,0.1737,5,2,0,2
CRHIST0000692,CUST0000222,2024-11-13,648.0,1648.48,0.2244,5,4,0,2
CRHIST0000693,CUST0000222,2025-08-24,648.0,6319.79,0.5936,6,4,0,2
CRHIST0000694,CUST0000222,2025-08-24,626.0,9230.0,0.6258,4,3,0,3
CRHIST0000695,CUST0000223,2022-01-27,684.0,5589.27,0.391,7,1,0,0
CRHIST0000696,CUST0000223,2022-04-02,885.0,1874.02,0.1289,5,2,0,0
CRHIST0000697,CUST0000223,2022-04-19,650.0,4119.88,0.3391,5,4,0,0
CRHIST0000698,CUST0000224,2023-07-05,689.0,1538.54,0.1381,2,1,0,0
CRHIST0000699,CUST0000225,2021-03-08,736.0,6359.42,0.4314,2,2,0,0
CRHIST0000700,CUST0000226,2022-12-05,661.0,3151.38,0.5669,3,0,0,0
CRHIST0000701,CUST0000226,2023-02-24,654.0,2760.11,0.4644,3,3,0,0
CRHIST0000702,CUST0000227,2022-05-06,666.0,7597.26,0.5864,9,2,0,0
CRHIST0000703,CUST0000227,2022-10-28,-39.0,6048.06,0.2835,5,0,0,0
CRHIST0000704,CUST0000228,2026-01-13,639.0,1008.53,0.2219,3,3,0,0
CRHIST0000705,CUST0000228,2026-01-22,667.0,1264.1,0.1536,4,1,0,0
CRHIST0000706,CUST0000228,2026-01-28,652.0,1684.7,0.3963,4,1,0,0
CRHIST0000707,CUST0000228,2026-02-22,663.0,2911.01,0.6569,5,5,0,0
CRHIST0000708,CUST0000229,2024-04-12,703.0,2896.04,0.2858,3,0,0,0
CRHIST0000709,CUST0000229,2024-04-29,723.0,4380.82,0.3602,2,3,0,0
CRHIST0000710,CUST0000229,2024-10-16,732.0,4977.51,0.3145,2,4,0,0
CRHIST0000711,CUST0000230,2024-02-02,655.0,2155.72,0.3316,3,1,0,0
CRHIST0000712,CUST0000231,2021-10-11,654.0,3298.43,0.222,0,1,0,1
CRHIST0000713,CUST0000231,2022-02-01,651.0,7659.48,0.4189,5,1,1,1
CRHIST0000714,CUST0000231,2022-02-11,641.0,3196.74,0.2279,6,2,1,1
CRHIST0000715,CUST0000232,2023-04-08,630.0,2700.15,0.4034,3,6,0,0
CRHIST0000716,CUST0000233,2022-12-07,749.0,9296.46,0.3561,1,3,0,0
CRHIST0000717,CUST0000233,2023-07-04,747.0,10912.14,0.4467,3,3,0,0
CRHIST0000718,CUST0000233,2023-07-05,755.0,,0.6748,5,3,0,0
CRHIST0000719,CUST0000234,2025-01-26,728.0,23020.09,0.5514,4,4,0,0
CRHIST0000720,CUST0000234,2025-01-30,716.0,5659.47,0.3276,3,0,0,0
CRHIST0000721,CUST0000234,2025-03-16,718.0,8311.84,0.4821,2,2,0,1
CRHIST0000722,CUST0000234,2025-04-18,729.0,11019.35,0.3519,5,1,0,1
CRHIST0000723,CUST0000234,2025-09-23,746.0,7550.86,0.5056,4,2,0,1
CRHIST0000724,CUST0000234,2025-10-06,753.0,12956.53,0.4415,4,2,0,1
CRHIST0000725,CUST0000235,2020-06-15,643.0,2030.66,0.4181,2,1,0,0
CRHIST0000726,CUST0000235,2020-12-19,658.0,1290.55,0.1671,3,2,0,0
CRHIST0000727,CUST0000236,2019-08-10,663.0,9542.02,0.4743,7,1,1,0
CRHIST0000728,CUST0000236,2019-11-27,877.0,9725.2,0.5591,3,2,1,0
CRHIST0000729,CUST0000237,2023-03-01,673.0,2203.69,0.3702,1,3,0,0
CRHIST0000730,CUST0000237,2023-06-29,660.0,2512.6,0.4591,2,2,0,0
CRHIST0000731,CUST0000237,2023-11-10,686.0,1584.1,0.3822,2,3,0,0
CRHIST0000732,CUST0000237,2024-12-23,675.0,3069.39,0.4767,0,0,0,0
CRHIST0000733,CUST0000238,2025-04-12,731.0,2597.41,0.1157,7,3,0,0
CRHIST0000734,CUST0000238,2025-05-13,723.0,18227.53,0.6198,2,1,0,0
CRHIST0000735,CUST0000238,2025-05-16,735.0,175.15,0.0083,4,0,0,2
CRHIST0000736,CUST0000239,2024-12-13,731.0,8366.38,0.2152,3,1,0,0
CRHIST0000737,CUST0000239,2025-04-13,727.0,10098.15,0.5913,7,3,0,0
CRHIST0000738,CUST0000239,2025-06-11,,6366.83,0.2959,6,0,0,0
CRHIST0000739,CUST0000239,2025-08-01,727.0,17106.49,0.5735,5,2,0,0
CRHIST0000740,CUST0000240,2025-03-23,722.0,6696.45,0.3332,4,3,0,0
CRHIST0000741,CUST0000240,2025-03-28,714.0,6577.85,0.2699,2,3,0,0
CRHIST0000742,CUST0000241,2022-02-04,697.0,6879.06,0.3271,3,0,0,0
CRHIST0000743,CUST0000241,2023-01-08,686.0,3584.86,0.2075,2,3,0,0
CRHIST0000744,CUST0000241,2023-01-29,670.0,11040.18,0.6868,5,5,0,0
CRHIST0000745,CUST0000241,2023-10-25,655.0,6961.76,0.2404,9,2,0,0
CRHIST0000746,CUST0000241,2024-01-17,646.0,5979.97,0.2415,3,2,0,0
CRHIST0000747,CUST0000241,2024-07-23,654.0,2834.01,0.1445,9,2,0,0
CRHIST0000748,CUST0000242,2021-01-08,669.0,607.36,0.0657,4,3,0,0
CRHIST0000749,CUST0000242,2022-11-24,678.0,3241.94,0.2328,4,4,0,0
CRHIST0000750,CUST0000242,2023-06-11,679.0,6388.73,0.3735,3,1,0,0
CRHIST0000751,CUST0000242,2023-07-08,660.0,5283.58,0.2494,4,1,0,0
CRHIST0000752,CUST0000243,2024-08-16,682.0,10017.64,0.5858,6,0,0,0
CRHIST0000753,CUST0000244,2019-07-10,737.0,2329.14,0.102,4,0,0,0
CRHIST0000754,CUST0000244,2020-12-03,716.0,8872.2,0.2639,5,0,0,0
CRHIST0000755,CUST0000244,2021-08-14,727.0,34097.95,0.6685,6,3,0,0
CRHIST0000756,CUST0000245,2025-11-19,748.0,3021.98,0.284,3,1,0,0
CRHIST0000757,CUST0000245,2025-12-13,759.0,284.97,0.0282,1,1,0,0
CRHIST0000758,CUST0000245,2026-02-04,750.0,4864.6,0.3842,3,2,0,0
CRHIST0000759,CUST0000245,2026-02-15,751.0,2897.12,0.2266,1,0,0,0
CRHIST0000760,CUST0000245,2026-02-25,767.0,6009.38,0.3701,1,1,0,0
CRHIST0000761,CUST0000246,2024-11-07,735.0,8525.91,0.7162,2,1,0,1
CRHIST0000762,CUST0000246,2025-01-18,737.0,8617.63,0.3859,2,3,0,1
CRHIST0000763,CUST0000247,2022-12-27,619.0,922.01,0.1297,6,1,0,0
CRHIST0000764,CUST0000247,2023-03-18,612.0,2235.5,0.2737,4,1,0,0
CRHIST0000765,CUST9594610,2023-05-07,611.0,1991.09,0.1792,9,4,0,1
CRHIST0000766,CUST0000247,2024-04-16,597.0,2674.88,0.3763,4,3,0,1
CRHIST0000767,CUST0000248,2020-09-14,698.0,15325.42,0.542,4,0,0,0
CRHIST0000768,CUST0000248,2022-01-30,708.0,10180.9,0.3903,6,3,0,0
CRHIST0000769,CUST0000248,2023-06-15,708.0,25061.4,0.7255,4,3,0,0
CRHIST0000770,CUST0000248,2023-07-19,710.0,6247.28,0.1602,3,1,0,0
CRHIST0000771,CUST0000249,2021-02-14,647.0,17547.4,0.8559,2,2,0,0
CRHIST0000772,CUST0000249,2021-02-27,647.0,14798.32,0.7146,5,2,0,0
CRHIST0000773,CUST0000249,2021-11-13,649.0,7187.91,0.5956,6,2,0,0
CRHIST0000774,CUST0000249,2021-11-17,652.0,6865.26,0.3441,4,6,0,0
CRHIST0000775,CUST0000249,2022-10-16,662.0,1601.73,0.1361,4,3,0,0
CRHIST0000776,CUST0000249,2023-01-23,679.0,10088.9,0.4693,4,2,0,0
CRHIST0000777,CUST0000250,2026-08-13,704.0,12993.81,0.3497,3,2,0,0
CRHIST0000778,CUST0000250,2026-08-14,708.0,5132.87,0.3195,7,2,0,0
CRHIST0000779,CUST0000250,2026-08-14,717.0,4875.91,0.1653,8,3,0,0
CRHIST0000780,CUST0000251,2019-03-31,684.0,11815.22,0.513,3,2,0,0
CRHIST0000781,CUST0000252,2020-02-20,695.0,7048.22,0.3394,5,3,0,0
CRHIST0000782,CUST0000252,2020-02-21,698.0,4509.29,0.3071,5,0,0,0
CRHIST0000783,CUST0000252,2020-12-12,693.0,2176.12,0.1535,2,2,0,1
CRHIST0000784,CUST0000253,2022-06-24,683.0,508.25,0.0552,3,1,0,1
CRHIST0000785,CUST0000253,2022-08-31,685.0,5431.06,0.5088,2,5,0,1
CRHIST0000786,CUST0000253,2022-09-24,669.0,6867.99,0.5643,4,1,0,1
CRHIST0000787,CUST0000254,2020-12-30,633.0,4171.61,0.4825,3,2,0,0
CRHIST0000788,CUST0000254,2022-01-21,641.0,2270.61,0.3335,5,6,0,0
CRHIST0000789,CUST0000254,2022-05-08,650.0,1089.32,0.1451,4,1,0,0
CRHIST0000790,CUST0000254,2024-06-19,657.0,7918.85,0.688,5,3,0,0
CRHIST0000791,CUST0000255,2024-03-31,786.0,5091.63,0.2005,2,3,0,0
CRHIST0000792,CUST0000256,2020-08-20,579.0,569.46,0.7282,3,2,0,0
CRHIST0000793,CUST0000256,2021-07-05,578.0,788.84,0.4218,5,3,0,0
CRHIST0000794,CUST0000257,2025-01-12,673.0,12901.7,0.3878,3,4,0,0
CRHIST0000795,CUST0000257,2025-01-16,679.0,12566.62,0.545,4,0,0,0
CRHIST0000796,CUST0000258,2025-02-19,721.0,4272.61,0.1888,3,2,0,0
CRHIST0000797,CUST0000258,2025-02-27,705.0,3291.55,0.1337,2,1,0,0
CRHIST0000798,CUST0000258,2025-03-25,692.0,3560.0,0.2651,7,3,0,1
CRHIST0000799,CUST0000258,2025-04-27,698.0,16027.09,0.5538,3,1,0,1
CRHIST0000800,CUST0000259,2022-11-02,678.0,20479.26,0.4178,0,4,0,0
CRHIST0000801,CUST0000259,2023-01-05,682.0,10954.08,0.4601,5,2,0,0
CRHIST0000802,CUST0000259,2023-06-06,671.0,9112.08,0.2031,2,1,0,0
CRHIST0000803,CUST0000259,2023-07-08,649.0,18689.24,0.543,3,2,0,0
CRHIST0000804,CUST0000259,2024-05-31,646.0,7650.5,0.2958,6,1,0,0
CRHIST0000805,CUST0000260,2023-12-19,720.0,4431.65,0.2006,3,2,0,0
CRHIST0000806,CUST0000260,2024-05-24,717.0,3810.87,0.2194,3,0,0,0
CRHIST0000807,CUST0000261,2024-03-27,644.0,10318.33,0.421,5,0,0,0
CRHIST0000808,CUST0000261,2024-10-07,653.0,7323.45,0.3204,5,4,0,0
CRHIST0000809,CUST0000261,2024-11-20,648.0,1977.99,0.1287,3,2,0,0
CRHIST0000810,CUST0000261,2025-01-03,,4851.78,0.2064,4,2,0,0
CRHIST0000811,CUST0000261,2025-02-10,661.0,10046.15,0.362,4,2,1,0
CRHIST0000812,CUST0000261,2025-07-15,641.0,16239.56,0.5896,2,3,1,0
CRHIST0000813,CUST0000262,2025-09-04,723.0,2788.09,0.1585,0,4,0,0
CRHIST0000814,CUST0000262,2025-10-16,725.0,345.98,0.026,4,1,0,0
CRHIST0000815,CUST0000263,2024-09-22,735.0,0.0,0.0,3,1,0,0
CRHIST0000816,CUST0000263,2024-10-27,744.0,6171.62,0.3649,2,1,0,0
CRHIST0000817,CUST0000264,2026-05-25,700.0,19557.6,0.7319,2,1,0,0
CRHIST0000818,CUST0000265,2020-03-31,714.0,3116.94,0.2267,1,3,0,0
CRHIST0000819,CUST0000265,2020-08-13,,9077.15,0.4741,1,3,0,0
CRHIST0000820,CUST0000265,2022-07-16,702.0,6812.49,0.4886,3,1,0,0
CRHIST0000821,CUST0000265,2023-03-31,677.0,3199.93,0.0974,3,0,0,0
CRHIST0000822,CUST0000265,2023-03-31,668.0,2956.33,0.0812,4,0,0,0
CRHIST0000823,CUST0000265,2023-09-07,660.0,7926.15,0.4271,4,0,0,0
CRHIST0000824,CUST0000265,2024-11-15,678.0,23598.25,0.6414,10,2,0,0
CRHIST0000825,CUST0000266,2023-10-13,673.0,9612.2,0.4652,2,1,0,0
CRHIST0000826,CUST0000266,2024-01-21,679.0,18811.59,0.5908,5,3,0,0
CRHIST0000827,CUST0000266,2024-03-08,681.0,8708.85,0.5403,7,0,0,0
CRHIST0000828,CUST0000266,2024-07-25,693.0,19835.43,0.6254,3,4,0,0
CRHIST0000829,CUST0000267,2025-02-27,670.0,9081.63,0.3983,2,2,0,0
CRHIST0000830,CUST0000267,2025-05-02,689.0,5434.42,0.2863,5,6,0,0
CRHIST0000831,CUST0000267,2025-05-11,659.0,8784.19,0.5702,4,1,0,0
CRHIST0000832,CUST0000267,2025-07-04,662.0,7257.9,0.4127,7,1,0,0
CRHIST0000833,CUST0000268,2021-06-16,649.0,6214.61,0.2681,6,1,0,0
CRHIST0000834,CUST0000268,2021-07-28,651.0,1793.53,0.1434,1,5,0,0
CRHIST0000835,CUST0000268,2023-11-23,644.0,4029.84,0.2166,6,2,0,0
CRHIST0000836,CUST0000268,2023-12-12,638.0,954.93,0.0368,3,2,0,0
CRHIST0000837,CUST0000269,2021-05-26,673.0,3365.71,0.2144,6,1,0,0
CRHIST0000838,CUST0000269,2021-07-21,679.0,5774.13,0.2212,2,4,0,0
CRHIST0000839,CUST0000269,2022-01-30,688.0,8701.58,0.7037,7,1,0,0
CRHIST0000840,CUST0000270,2019-09-25,785.0,4406.12,0.3525,1,0,0,0
CRHIST0000841,CUST0000271,2026-07-19,654.0,2545.78,0.524,2,2,0,0
CRHIST0000842,CUST0000271,2026-07-25,663.0,2948.65,0.4719,2,2,0,0
CRHIST0000843,CUST0000271,2026-07-25,667.0,2008.0,0.2614,5,1,0,0
CRHIST0000844,CUST0000271,2026-08-03,682.0,2920.72,0.4253,4,1,0,0
CRHIST0000845,CUST0000272,2026-01-05,684.0,838.53,0.1727,4,4,0,0
CRHIST0000846,CUST0000272,2026-01-28,,1212.48,0.2598,2,0,0,0
CRHIST0000847,CUST0000273,2019-12-23,698.0,3488.34,0.2481,4,5,0,1
CRHIST0000848,CUST0000274,2021-08-22,492.0,616.09,0.4542,5,0,1,0
CRHIST0000849,CUST0000275,2022-10-07,701.0,9441.0,0.4191,2,4,0,0
CRHIST0000850,CUST0000275,2023-08-24,682.0,5799.88,0.1798,0,0,0,0
CRHIST0000851,CUST0000275,2024-12-23,698.0,10055.97,0.3935,4,2,0,0
CRHIST0000852,CUST0000275,2025-08-03,707.0,9215.45,0.3571,3,1,0,0
CRHIST0000853,CUST0000275,2025-10-15,694.0,5764.57,0.2033,0,4,0,0
CRHIST0000854,CUST0000275,2025-10-21,699.0,6976.4,0.3149,4,1,0,0
CRHIST0000855,CUST0000275,2025-12-07,700.0,11043.8,0.5538,1,3,0,0
CRHIST0000856,CUST0000276,2025-11-23,718.0,11435.75,0.6382,0,4,0,0
CRHIST0000857,CUST0000276,2025-12-01,724.0,991.35,0.0749,6,7,0,0
CRHIST0000858,CUST0000277,2025-05-18,689.0,5652.68,0.472,6,4,0,0
CRHIST0000859,CUST0000277,2025-07-04,685.0,3671.28,0.2635,1,4,0,0
CRHIST0000860,CUST0000277,2025-08-29,686.0,2454.67,0.0898,4,2,0,0
CRHIST0000861,CUST0000277,2025-09-27,665.0,3962.2,0.1674,4,4,0,0
CRHIST0000862,CUST0000278,2025-11-28,731.0,33742.58,0.6986,4,1,0,0
CRHIST0000863,CUST0000278,2025-12-08,730.0,13039.53,0.3448,0,1,0,0
CRHIST0000864,CUST0000279,2025-07-16,,11233.78,0.5574,2,2,0,0
CRHIST0000865,CUST0000279,2025-09-16,625.0,11076.4,0.4516,3,3,0,0
CRHIST0000866,CUST0000279,2025-09-22,609.0,4073.55,0.2989,7,2,0,0
CRHIST0000867,CUST0000280,2023-11-13,,9434.47,0.503,3,3,0,0
CRHIST0000868,CUST0000280,2023-12-06,600.0,27496.14,0.9149,2,0,0,0
CRHIST0000869,CUST0000280,2024-05-16,596.0,6923.74,0.2791,2,3,0,0
CRHIST0000870,CUST0000281,2021-03-28,722.0,4264.07,0.1081,2,0,0,0
CRHIST0000871,CUST0000281,2021-06-11,722.0,21050.02,0.2434,1,1,0,0
CRHIST0000872,CUST0000281,2021-12-03,722.0,34698.03,0.4446,3,1,0,0
CRHIST0000873,CUST0000281,2022-05-12,726.0,29314.16,0.4158,4,2,0,0
CRHIST0000874,CUST0000282,2023-12-11,-13.0,3818.56,0.1412,3,2,0,0
CRHIST0000875,CUST0000282,2024-01-28,696.0,4844.27,0.1764,3,1,0,0
CRHIST0000876,CUST0000282,2024-05-23,699.0,5187.34,0.1795,3,1,0,0
CRHIST0000877,CUST0000283,2022-12-29,736.0,15918.19,0.5313,4,2,0,0
CRHIST0000878,CUST0000283,2023-09-19,715.0,21007.63,0.4193,5,3,0,0
CRHIST0000879,CUST0000283,2024-04-15,724.0,8203.91,0.4414,4,3,0,0
CRHIST0000880,CUST0000283,2024-07-26,741.0,6381.41,0.3044,2,2,0,0
CRHIST0000881,CUST0000284,2026-05-01,704.0,2975.9,0.3502,0,1,0,0
CRHIST0000882,CUST0000285,2023-05-02,733.0,2069.76,0.0393,8,0,0,0
CRHIST0000883,CUST0000285,2023-11-08,733.0,4643.3,0.2456,3,5,0,0
CRHIST0000884,CUST0000286,2025-03-04,692.0,8161.68,0.1677,6,0,0,0
CRHIST0000885,CUST0000287,2021-06-23,697.0,3971.8,0.3271,5,2,0,0
CRHIST0000886,CUST0000287,2023-09-20,699.0,4918.0,0.5426,3,3,0,0
CRHIST0000887,CUST0000288,2024-05-08,687.0,9384.95,0.459,9,2,0,0
CRHIST0000888,CUST0000288,2024-06-13,668.0,8431.93,0.3528,1,1,0,0
CRHIST0000889,CUST0000288,2025-01-23,663.0,14290.48,0.3948,8,7,0,0
CRHIST0000890,CUST0000288,2025-03-31,676.0,12964.44,0.6017,3,3,0,0
CRHIST0000891,CUST0000289,2022-09-07,734.0,10871.68,0.4528,4,2,0,0
CRHIST0000892,CUST0000289,2023-04-06,721.0,10373.8,0.3962,6,1,0,0
CRHIST0000893,CUST0000289,2023-08-09,703.0,12111.65,0.4476,2,5,0,0
CRHIST0000894,CUST0000290,2022-05-22,591.0,2727.59,0.3282,3,3,0,0
CRHIST0000895,CUST0000291,2025-02-09,574.0,1926.29,0.258,6,1,0,0
CRHIST0000896,CUST0000291,2025-04-03,574.0,1407.06,0.3576,1,1,0,0
CRHIST0000897,CUST0000292,2022-10-26,723.0,3889.09,0.1143,5,3,0,0
CRHIST0000898,CUST0000292,2023-10-17,734.0,3210.95,0.1432,1,3,0,0
CRHIST0000899,CUST0000292,2024-04-11,745.0,2364.85,0.1808,3,3,0,0
CRHIST0000900,CUST9906840,2024-04-13,777.0,11567.16,0.5513,1,2,0,0
CRHIST0000901,CUST0000293,2020-02-14,692.0,3709.81,0.1506,2,4,0,0
CRHIST0000902,CUST0000294,2022-03-24,651.0,4988.04,0.4239,5,0,0,0
CRHIST0000903,CUST0000294,2023-01-26,643.0,6248.18,0.403,2,3,0,0
CRHIST0000904,CUST0000294,2023-08-20,625.0,7288.55,0.8172,4,1,0,0
CRHIST0000905,CUST0000294,2025-02-19,635.0,4843.33,0.3416,5,1,0,0
CRHIST0000906,CUST0000294,2025-03-09,633.0,2373.22,0.1449,3,4,0,0
CRHIST0000907,CUST0000294,2025-04-15,647.0,248.92,0.0155,2,1,0,0
CRHIST0000908,CUST0000295,2026-05-25,715.0,6754.96,0.3067,5,3,0,0
CRHIST0000909,CUST0000295,2026-05-26,719.0,6811.41,0.405,5,0,0,0
CRHIST0000910,CUST0000295,2026-05-30,715.0,5402.05,0.2513,1,0,0,0
CRHIST0000911,CUST0000295,2026-06-07,709.0,5126.28,0.5497,4,2,0,0
CRHIST0000912,CUST0000295,2026-06-15,712.0,9186.22,0.454,4,1,0,0
CRHIST0000913,CUST0000296,2026-04-21,745.0,16970.62,0.2871,5,2,0,0
CRHIST0000914,CUST0000296,2026-05-04,752.0,9651.93,0.4409,1,0,0,0
CRHIST0000915,CUST0000296,2026-06-10,766.0,1875.19,0.0864,6,5,0,0
CRHIST0000916,CUST0000297,2023-09-19,781.0,11219.92,0.4677,6,0,0,0
CRHIST0000917,CUST0000298,2024-03-02,487.0,637.43,0.5701,7,3,0,0
CRHIST0000918,CUST0000299,2021-11-10,665.0,5760.2,0.5169,1,3,0,0
CRHIST0000919,CUST0000299,2022-02-17,646.0,3503.5,0.5145,3,1,0,0
CRHIST0000920,CUST0000299,2022-03-07,649.0,1220.03,0.1405,5,3,0,0
CRHIST0000921,CUST0000299,2023-02-21,633.0,2800.78,0.1926,2,0,0,0
CRHIST0000922,CUST0000300,2025-03-22,673.0,11638.53,0.5163,4,1,0,0
CRHIST0000923,CUST0000301,2023-08-31,698.0,14457.38,0.3177,3,1,0,0
CRHIST0000924,CUST0000301,2023-11-11,707.0,7722.75,0.2092,8,0,0,0
CRHIST0000925,CUST0000301,2024-12-08,710.0,16279.03,0.3937,2,1,0,0
CRHIST0000926,CUST0000301,2025-08-09,720.0,23679.88,0.5943,4,3,0,0
CRHIST0000927,CUST0000302,2019-08-16,707.0,3781.21,0.2454,5,3,0,0
CRHIST0000928,CUST0000302,2019-12-14,875.0,11681.85,0.6578,1,4,0,0
CRHIST0000929,CUST0000302,2020-04-18,718.0,2486.07,0.1295,7,2,0,0
CRHIST0000930,CUST0000303,2026-04-13,575.0,1281.48,0.6488,3,2,0,0
CRHIST0000931,CUST0000303,2026-04-20,579.0,1027.31,0.5152,9,2,0,0
CRHIST0000932,CUST0000303,2026-05-15,574.0,338.01,0.2724,9,3,0,0
CRHIST0000933,CUST0000303,2026-05-28,582.0,807.85,0.7429,7,2,0,1
CRHIST0000934,CUST0000303,2026-06-21,567.0,603.01,0.2525,7,3,0,1
CRHIST0000935,CUST0000303,2026-07-24,574.0,593.08,0.4104,3,0,0,1
CRHIST0000936,CUST0000304,2025-07-28,663.0,3503.51,0.5232,3,2,0,0
CRHIST0000937,CUST0000305,2021-01-23,663.0,3391.93,0.1671,4,3,0,0
CRHIST0000938,CUST0000305,2021-08-02,669.0,18031.33,0.5261,5,2,0,0
CRHIST0000939,CUST0000306,2022-06-29,484.0,603.49,0.477,4,4,0,0
CRHIST0000940,CUST0000307,2024-10-28,828.0,4357.87,0.179,3,0,0,0
CRHIST0000941,CUST0000307,2025-04-03,808.0,9890.14,0.438,2,1,0,0
CRHIST0000942,CUST0000307,2025-08-13,791.0,12384.69,0.3295,3,3,0,0
CRHIST0000943,CUST0000308,2024-11-01,707.0,9973.73,0.5303,3,1,0,0
CRHIST0000944,CUST0000309,2021-10-08,686.0,13757.0,0.5418,2,1,0,0
CRHIST0000945,CUST0000309,2022-04-09,683.0,11652.88,0.3633,2,1,0,0
CRHIST0000946,CUST0000309,2024-03-02,688.0,1774.49,0.073,5,1,0,0
CRHIST0000947,CUST0000309,2024-03-14,693.0,1410.61,0.1093,4,1,0,0
CRHIST0000948,CUST0000309,2024-04-28,706.0,3637.83,0.1998,4,2,0,0
CRHIST0000949,CUST0000310,2019-09-24,734.0,22442.41,0.4003,3,2,0,0
CRHIST0000950,CUST0000310,2020-01-23,740.0,4811.44,0.0952,2,0,0,0
CRHIST0000951,CUST0000311,2026-07-13,756.0,11244.85,0.3133,4,1,0,0
CRHIST0000952,CUST0000311,2026-07-17,776.0,2566.17,0.0843,1,4,0,0
CRHIST0000953,CUST0000311,2026-07-25,787.0,4015.5,0.1076,5,3,0,0
CRHIST0000954,CUST0000311,2026-07-30,778.0,20380.18,0.3592,5,4,0,0
CRHIST0000955,CUST0000311,2026-08-02,757.0,31.86,0.0009,4,1,0,0
CRHIST0000956,CUST0000312,2025-12-31,596.0,2437.28,0.3082,5,1,0,0
CRHIST0000957,CUST0000312,2026-03-03,579.0,2399.17,0.663,4,3,0,1
CRHIST0000958,CUST0000312,2026-03-08,580.0,685.77,0.1913,5,1,0,1
CRHIST0000959,CUST0000313,2024-10-31,732.0,4329.3,0.29,3,1,0,0
CRHIST0000960,CUST0000313,2025-03-03,702.0,4152.82,0.3158,4,1,0,2
CRHIST0000961,CUST0000313,2025-04-02,708.0,5486.26,0.2555,0,2,0,2
CRHIST0000962,CUST0000313,2025-04-25,724.0,9316.62,0.425,7,3,0,4
CRHIST0000963,CUST0000314,2024-02-03,724.0,4095.77,0.5249,7,2,0,0
CRHIST0000964,CUST0000314,2024-07-22,719.0,1391.13,0.128,3,3,0,0
CRHIST0000965,CUST0000314,2024-08-04,716.0,7615.26,0.5394,4,6,0,2
CRHIST0000966,CUST0000314,2024-12-15,710.0,3437.69,0.2031,6,2,0,2
CRHIST0000967,CUST0000315,2024-06-25,719.0,6553.63,0.2566,2,2,1,0
CRHIST0000968,CUST0000315,2024-10-05,711.0,17229.02,0.5293,7,2,1,0
CRHIST0000969,CUST0000315,2024-10-21,733.0,3859.33,0.1342,8,2,1,0
CRHIST0000970,CUST0000315,2024-12-31,739.0,15057.01,0.5267,3,0,1,0
CRHIST0000971,CUST0000316,2023-06-12,681.0,14810.89,0.3744,2,4,0,0
CRHIST0000972,CUST0000317,2024-04-20,673.0,1299.67,0.158,4,0,0,0
CRHIST0000973,CUST0000317,2024-07-14,690.0,2041.55,0.1882,4,2,0,0
CRHIST0000974,CUST0000318,2021-08-01,658.0,4913.99,0.1831,6,7,0,0
CRHIST0000975,CUST0000318,2022-05-14,651.0,4112.15,0.1582,2,1,0,0
CRHIST0000976,CUST0000319,2020-07-06,694.0,,0.2827,3,2,0,0
CRHIST0000977,CUST0000319,2021-06-06,698.0,5773.69,0.2862,3,0,0,0
CRHIST0000978,CUST0000320,2021-05-31,592.0,1077.07,0.4944,1,3,0,0
CRHIST0000979,CUST0000320,2022-02-20,590.0,215.08,0.1244,6,0,0,0
CRHIST0000980,CUST0000321,2021-07-25,700.0,15533.25,0.6058,4,2,0,0
CRHIST0000981,CUST0000321,2021-12-02,711.0,6267.56,0.4316,3,2,0,0
CRHIST0000982,CUST0000321,2022-01-09,723.0,9992.23,0.4169,4,1,0,0
CRHIST0000983,CUST0000321,2022-01-09,718.0,4357.34,0.3439,3,3,0,0
CRHIST0000984,CUST0000321,2022-10-22,719.0,2527.71,0.1914,7,2,0,0
CRHIST0000985,CUST0000321,2023-01-01,705.0,8989.75,0.4341,4,3,0,0
CRHIST0000986,CUST0000321,2023-07-26,698.0,6224.65,0.3887,5,2,0,0
CRHIST0000987,CUST0000322,2021-06-26,731.0,20128.24,0.5002,5,5,0,0
CRHIST0000988,CUST0000322,2022-07-20,741.0,4432.09,0.1346,1,2,0,0
CRHIST0000989,CUST0000323,2023-05-29,550.0,1505.24,0.4209,3,3,0,0
CRHIST0000990,CUST0000323,2024-04-28,566.0,304.01,0.1166,3,2,0,0
CRHIST0000991,CUST0000323,2024-05-20,581.0,1450.51,0.4303,1,1,0,1
CRHIST0000992,CUST0000324,2022-02-11,611.0,969.79,0.5319,5,1,0,0
CRHIST0000993,CUST0000324,2022-04-23,598.0,574.15,0.2094,3,1,0,0
CRHIST0000994,CUST0000324,2022-11-10,598.0,2464.0,0.9357,5,2,0,0
CRHIST0000995,CUST0000324,2023-01-13,603.0,2498.12,0.7034,5,3,0,0
CRHIST0000996,CUST0000325,2022-06-03,492.0,614.56,0.2387,6,1,1,0
CRHIST0000997,CUST0000326,2022-08-18,549.0,7882.95,0.6896,3,2,0,1
CRHIST0000998,CUST0000326,2022-08-19,551.0,4676.16,0.5713,7,4,0,1
CRHIST0000999,CUST0000327,2021-10-01,676.0,5432.45,0.2877,4,1,0,0
CRHIST0001000,CUST0000327,2021-11-16,668.0,15776.35,0.7058,4,2,0,0
CRHIST0001001,CUST0000327,2022-03-15,676.0,2544.34,0.1328,3,2,0,0
CRHIST0001002,CUST0000327,2022-07-01,669.0,4792.88,0.3092,3,1,0,0
CRHIST0001003,CUST0000327,2022-07-05,884.0,11981.3,0.6256,3,2,0,0
CRHIST0001004,CUST0000328,2023-05-09,689.0,4690.85,0.2411,5,3,0,0
CRHIST0001005,CUST0000328,2024-04-13,687.0,11819.84,0.3967,7,3,0,0
CRHIST0001006,CUST0000329,2024-03-24,614.0,875.97,0.1177,10,1,0,0
CRHIST0001007,CUST0000329,2024-09-12,617.0,1756.49,0.3366,6,2,0,0
CRHIST0001008,CUST0000329,2024-10-21,623.0,2250.72,0.3119,6,2,0,0
CRHIST0001009,CUST0000329,2025-03-01,616.0,5162.52,0.5981,6,1,0,0
CRHIST0001010,CUST0000329,2025-09-22,641.0,555.35,0.18,3,1,0,0
CRHIST0001011,CUST0000330,2023-04-27,641.0,4393.37,0.56,8,1,0,0
CRHIST0001012,CUST0000330,2023-10-14,644.0,7230.4,0.6228,7,2,0,0
CRHIST0001013,CUST0000330,2024-10-05,654.0,5098.77,0.422,7,1,0,0
CRHIST0001014,CUST0000330,2025-01-10,652.0,4351.87,0.5884,4,1,0,1
CRHIST0001015,CUST0000331,2019-05-03,680.0,4051.51,0.2091,4,1,0,0
CRHIST0001016,CUST0000331,2019-05-14,684.0,8023.39,0.3599,6,1,0,1
CRHIST0001017,CUST0000331,2021-07-06,672.0,10266.68,0.3713,4,4,0,1
CRHIST0001018,CUST0000331,2022-02-20,666.0,6587.35,0.2169,7,3,0,1
CRHIST0001019,CUST0000331,2022-05-06,630.0,4321.75,0.3173,4,5,0,1
CRHIST0001020,CUST0000332,2024-09-15,586.0,333.93,0.129,4,1,0,0
CRHIST0001021,CUST0000332,2024-12-16,599.0,913.75,0.1791,1,2,0,0
CRHIST0001022,CUST0000333,2023-07-18,661.0,583.44,0.0404,4,3,0,0
CRHIST0001023,CUST0000333,2023-09-27,680.0,714.04,0.0817,2,1,0,0
CRHIST0001024,CUST0000333,2024-05-08,679.0,592.38,0.08,2,1,0,0
CRHIST0001025,CUST0000333,2024-08-15,671.0,7823.06,0.6254,0,2,0,0
CRHIST0001026,CUST0000334,2022-05-02,688.0,12723.11,0.4117,4,2,0,0
CRHIST0001027,CUST0000335,2020-07-28,738.0,15780.34,0.4404,6,4,0,0
CRHIST0001028,CUST0000335,2021-01-06,735.0,4730.7,0.1622,2,0,0,0
CRHIST0001029,CUST0000335,2021-04-26,748.0,20793.15,0.506,2,1,0,0
CRHIST0001030,CUST0000336,2022-02-17,753.0,4781.72,0.0817,6,3,0,0
CRHIST0001031,CUST0000337,2020-08-02,759.0,622.19,0.0161,4,1,0,1
CRHIST0001032,CUST0000338,2025-11-09,695.0,,0.3314,4,4,0,0
CRHIST0001033,CUST0000338,2025-12-02,705.0,3245.73,0.1267,2,1,0,0
CRHIST0001034,CUST0000338,2026-01-29,707.0,2043.86,0.1581,3,0,0,0
CRHIST0001035,CUST0000338,2026-04-03,694.0,5497.49,0.299,0,3,0,0
CRHIST0001036,CUST0000338,2026-05-04,707.0,0.0,0.0,2,3,0,0
CRHIST0001037,CUST0000338,2026-07-19,706.0,9953.39,0.3908,2,0,0,0
CRHIST0001038,CUST0000339,2021-11-25,657.0,2004.41,0.4699,3,1,0,0
CRHIST0001039,CUST0000339,2022-08-06,672.0,1100.36,0.2424,3,1,0,0
CRHIST0001040,CUST0000339,2022-11-14,698.0,1502.9,0.711,2,1,0,0
CRHIST0001041,CUST0000339,2022-12-05,699.0,695.95,0.2317,5,1,0,0
CRHIST0001042,CUST0000340,2022-05-05,629.0,10243.01,0.7347,3,1,0,0
CRHIST0001043,CUST0000340,2022-12-17,624.0,,0.2918,4,2,0,1
CRHIST0001044,CUST0000340,2023-09-08,617.0,12173.43,0.7939,3,1,0,1
CRHIST0001045,CUST0000341,2024-05-10,637.0,3480.25,0.2615,4,2,0,0
CRHIST0001046,CUST0000341,2024-07-03,624.0,1681.24,0.0656,6,3,0,0
CRHIST0001047,CUST0000342,2024-07-18,710.0,4996.27,0.6718,4,3,0,0
CRHIST0001048,CUST0000342,2025-04-02,708.0,6672.84,0.5354,2,1,0,0
CRHIST0001049,CUST0000342,2025-04-23,693.0,1415.49,0.1339,0,1,0,0
CRHIST0001050,CUST0000342,2025-06-17,683.0,6751.8,0.5695,4,0,0,0
CRHIST0001051,CUST0000343,2020-04-06,569.0,588.93,0.6131,4,1,0,0
CRHIST0001052,CUST0000343,2020-11-24,572.0,589.39,0.3943,4,3,0,0
CRHIST0001053,CUST0000344,2026-03-09,629.0,15955.45,0.6791,3,4,0,0
CRHIST0001054,CUST0000345,2022-07-11,697.0,20272.99,0.4655,4,3,0,0
CRHIST0001055,CUST0000345,2022-09-13,687.0,7827.34,0.2064,2,1,0,0
CRHIST0001056,CUST0000345,2022-10-19,,14720.33,0.3194,4,1,0,0
CRHIST0001057,CUST0000346,2024-11-25,745.0,9780.39,0.4185,3,3,0,0
CRHIST0001058,CUST0000346,2025-04-28,729.0,12142.8,0.5017,1,2,0,0
CRHIST0001059,CUST0000346,2025-08-01,748.0,9140.08,0.3688,5,3,0,0
CRHIST0001060,CUST0000347,2025-07-28,648.0,2525.71,0.2276,4,1,0,0
CRHIST0001061,CUST0000347,2025-08-03,640.0,2220.74,0.1465,2,0,0,0
CRHIST0001062,CUST0000347,2025-08-26,655.0,4789.11,0.5028,1,3,0,2
CRHIST0001063,CUST0000347,2025-09-07,645.0,3550.83,0.5193,0,3,0,2
CRHIST0001064,CUST0000347,2025-09-15,648.0,5487.55,0.3674,5,3,0,2
CRHIST0001065,CUST0000347,2025-09-21,646.0,11009.22,0.6608,2,2,0,2
CRHIST0001066,CUST0000347,2025-09-26,635.0,6759.13,0.4403,2,2,0,2
CRHIST0001067,CUST0000348,2023-08-08,617.0,4253.4,0.2383,4,1,1,0
CRHIST0001068,CUST0000348,2024-02-21,622.0,4026.7,0.2684,2,1,1,0
CRHIST0001069,CUST0000348,2024-11-07,624.0,7195.27,0.4804,3,1,1,2
CRHIST0001070,CUST0000348,2025-02-04,632.0,4642.69,0.3312,5,2,1,2
CRHIST0001071,CUST0000348,2025-02-07,618.0,2427.09,0.2748,3,2,1,2
CRHIST0001072,CUST0000348,2025-04-19,644.0,8050.04,0.6949,8,3,1,2
CRHIST0001073,CUST0000348,2025-05-27,644.0,6474.1,0.5517,8,2,1,2
CRHIST0001074,CUST0000348,2026-01-08,648.0,4420.82,0.275,7,0,1,2
CRHIST0001075,CUST0000348,2026-04-24,644.0,5802.07,0.6846,4,1,1,2
CRHIST0001076,CUST0000349,2020-05-12,714.0,34418.75,0.5381,5,2,0,0
CRHIST0001077,CUST0000349,2021-03-24,710.0,28040.27,0.6346,6,0,0,2
CRHIST0001078,CUST0000349,2022-06-13,714.0,12437.72,0.311,4,1,0,2
CRHIST0001079,CUST0000350,2023-08-12,663.0,8752.06,0.2142,2,4,0,0
CRHIST0001080,CUST0000350,2023-10-10,668.0,13243.64,0.3724,1,1,0,0
CRHIST0001081,CUST0000350,2024-02-28,686.0,15651.77,0.3556,1,3,0,0
CRHIST0001082,CUST0000351,2020-12-20,649.0,1481.98,0.345,4,1,0,0
CRHIST0001083,CUST0000351,2021-08-17,647.0,1872.79,0.6411,2,2,0,0
CRHIST0001084,CUST0000351,2021-08-28,626.0,1163.97,0.7465,10,6,0,0
CRHIST0001085,CUST0000352,2025-09-08,715.0,5914.84,0.1492,6,3,0,0
CRHIST0001086,CUST0000352,2025-10-02,698.0,2545.02,0.0641,1,2,0,0
CRHIST0001087,CUST0000352,2025-11-01,696.0,17313.83,0.6541,6,1,0,0
CRHIST0001088,CUST0000352,2025-12-18,709.0,11371.96,0.552,2,2,0,1
CRHIST0001089,CUST0000352,2026-01-11,717.0,22481.22,0.6592,2,1,0,1
CRHIST0001090,CUST0000352,2026-03-23,738.0,627.48,0.0356,0,3,0,1
CRHIST0001091,CUST0000353,2024-11-15,679.0,3692.8,0.2023,6,2,0,2
CRHIST0001092,CUST0000353,2025-06-27,673.0,3501.99,0.2816,4,0,0,2
CRHIST0001093,CUST0000353,2025-07-15,662.0,4717.3,0.4825,5,3,0,4
CRHIST0001094,CUST0000353,2025-10-22,637.0,12306.95,0.6018,5,2,0,4
CRHIST0001095,CUST0000354,2025-06-02,546.0,1742.78,0.7635,4,0,0,0
CRHIST0001096,CUST0000354,2025-08-07,554.0,238.97,0.209,4,3,0,1
CRHIST0001097,CUST0000355,2025-07-21,696.0,6318.69,0.2443,5,2,0,0
CRHIST0001098,CUST0000356,2022-04-09,691.0,4069.65,0.4561,1,1,0,0
CRHIST0001099,CUST0000356,2023-01-18,665.0,2593.78,0.2651,5,1,0,0
CRHIST0001100,CUST0000356,2023-03-05,677.0,2360.96,0.2818,2,3,0,0
CRHIST0001101,CUST0000357,2020-01-11,639.0,3717.3,0.5465,2,5,0,0
CRHIST0001102,CUST0000357,2020-04-23,650.0,3986.15,0.5387,5,1,1,0
CRHIST0001103,CUST0000357,2021-01-18,658.0,1648.32,0.244,2,2,1,0
CRHIST0001104,CUST0000357,2021-03-17,669.0,7514.23,0.4809,4,4,1,0
CRHIST0001105,CUST0000357,2022-06-25,665.0,3499.3,0.4928,3,4,1,0
CRHIST0001106,CUST0000357,2023-06-23,666.0,5270.69,0.572,4,1,1,0
CRHIST0001107,CUST0000358,2023-11-22,734.0,15580.57,0.7612,2,1,0,0
CRHIST0001108,CUST0000359,2023-09-14,802.0,39639.86,0.6042,1,2,0,0
CRHIST0001109,CUST0000359,2023-12-14,793.0,0.0,0.0,2,5,0,0
CRHIST0001110,CUST0000360,2025-08-16,716.0,29994.6,0.4827,1,1,0,0
CRHIST0001111,CUST0000360,2025-09-26,735.0,34135.58,0.4681,3,0,0,0
CRHIST0001112,CUST0000361,2023-12-25,669.0,7142.59,0.4197,6,1,1,0
CRHIST0001113,CUST0000361,2024-07-30,645.0,8438.76,0.3781,4,4,1,0
CRHIST0001114,CUST0000362,2025-06-20,750.0,4148.11,0.1593,3,3,0,0
CRHIST0001115,CUST0000362,2025-09-21,742.0,,0.0014,3,2,0,0
CRHIST0001116,CUST0000363,2022-11-17,665.0,2729.98,0.3487,4,1,0,0
CRHIST0001117,CUST0000363,2022-12-30,687.0,981.28,0.12,1,3,0,0
CRHIST0001118,CUST0000364,2020-01-14,643.0,8743.35,0.7987,2,3,0,0
CRHIST0001119,CUST0000364,2020-08-25,658.0,6986.15,0.3127,3,1,0,0
CRHIST0001120,CUST0000364,2021-09-11,663.0,10973.1,0.586,4,2,0,0
CRHIST0001121,CUST0000365,2020-12-29,726.0,16974.57,0.3562,4,4,0,0
CRHIST0001122,CUST0000366,2022-10-03,765.0,9963.56,0.2178,1,2,0,0
CRHIST0001123,CUST0000366,2023-01-12,762.0,9839.77,0.2865,1,3,0,0
CRHIST0001124,CUST0000366,2024-01-30,766.0,3262.19,0.0774,2,0,0,0
CRHIST0001125,CUST0000366,2024-02-22,750.0,10426.95,0.1944,0,3,0,0
CRHIST0001126,CUST0000366,2024-12-30,749.0,4643.19,0.159,3,3,0,0
CRHIST0001127,CUST0000366,2025-08-03,751.0,22545.83,0.4006,3,3,0,0
CRHIST0001128,CUST0000366,2025-11-02,765.0,13417.89,0.2386,1,2,0,0
CRHIST0001129,CUST0000367,2019-01-30,659.0,2464.62,0.2456,5,2,0,0
CRHIST0001130,CUST0000367,2020-07-17,663.0,2326.19,0.2279,5,1,0,0
CRHIST0001131,CUST0000368,2023-01-25,644.0,6273.37,0.6873,5,2,0,0
CRHIST0001132,CUST0000368,2023-04-18,657.0,4327.48,0.6138,8,3,0,0
CRHIST0001133,CUST0000368,2023-08-01,666.0,4522.59,0.4887,4,0,0,0
CRHIST0001134,CUST0000368,2024-05-28,674.0,2432.4,0.2028,3,3,0,0
CRHIST0001135,CUST0000368,2024-07-18,,4602.5,0.4392,2,2,0,0
CRHIST0001136,CUST0000368,2025-05-09,701.0,5034.57,0.5262,1,2,0,0
CRHIST0001137,CUST0000368,2025-09-19,711.0,3806.75,0.5968,4,2,0,0
CRHIST0001138,CUST0000368,2025-12-10,708.0,2858.9,0.2814,2,3,0,0
CRHIST0001139,CUST0000369,2022-03-04,573.0,783.09,0.223,4,2,0,0
CRHIST0001140,CUST0000370,2021-06-03,690.0,1119.85,0.1305,6,4,0,1
CRHIST0001141,CUST0000371,2023-08-01,665.0,,0.1543,6,3,0,0
CRHIST0001142,CUST0000371,2024-04-03,658.0,408.75,0.0253,3,0,0,0
CRHIST0001143,CUST0000372,2024-06-22,771.0,19356.99,0.3985,6,3,0,0
CRHIST0001144,CUST0000372,2024-06-25,758.0,16614.41,0.3314,4,1,0,0
CRHIST0001145,CUST0000372,2024-08-23,745.0,17264.79,0.4022,3,3,0,0
CRHIST0001146,CUST0000373,2019-06-07,697.0,935.39,0.1957,3,4,0,0
CRHIST0001147,CUST0000373,2020-05-09,687.0,1699.46,0.3006,1,3,0,0
CRHIST0001148,CUST0000374,2022-08-29,676.0,20951.39,0.4513,4,1,0,0
CRHIST0001149,CUST0000374,2022-10-15,682.0,20426.58,0.4649,4,1,0,0
CRHIST0001150,CUST0000374,2023-08-25,671.0,15789.69,0.3706,4,1,0,1
CRHIST0001151,CUST0000375,2026-03-17,638.0,1902.32,0.2078,2,0,0,0
CRHIST0001152,CUST0000375,2026-04-02,632.0,4400.07,0.8226,2,3,0,0
CRHIST0001153,CUST0000375,2026-04-26,628.0,6088.08,0.4912,4,3,0,0
CRHIST0001154,CUST0000375,2026-05-29,625.0,4649.88,0.6611,3,0,0,0
CRHIST0001155,CUST0000375,2026-06-07,616.0,2842.16,0.4578,1,3,0,0
CRHIST0001156,CUST0000376,2021-04-28,717.0,,0.0004,3,0,1,0
CRHIST0001157,CUST0000376,2021-10-26,719.0,15510.78,0.5732,5,3,1,1
CRHIST0001158,CUST0000376,2021-12-01,739.0,7933.02,0.2564,2,3,1,1
CRHIST0001159,CUST0000376,2022-01-20,761.0,13639.86,0.6592,1,1,1,3
CRHIST0001160,CUST0000377,2025-02-20,739.0,23468.05,0.5177,1,2,0,0
CRHIST0001161,CUST0000377,2025-02-23,740.0,4636.2,0.2857,3,1,0,0
CRHIST0001162,CUST0000377,2025-04-27,735.0,2243.6,0.1129,2,3,0,0
CRHIST0001163,CUST0000378,2021-08-17,626.0,,0.3,3,3,0,0
CRHIST0001164,CUST0000378,2021-10-19,631.0,7166.66,0.5859,3,3,0,0
CRHIST0001165,CUST0000379,2022-05-19,737.0,5394.69,0.1896,6,2,0,0
CRHIST0001166,CUST0000379,2022-06-26,754.0,12222.05,0.616,6,1,0,0
CRHIST0001167,CUST0000379,2023-02-10,751.0,18796.2,0.4716,0,0,0,0
CRHIST0001168,CUST0000380,2026-02-06,745.0,15079.21,0.2636,2,5,0,0
CRHIST0001169,CUST0000380,2026-02-13,734.0,15254.36,0.2867,7,2,0,0
CRHIST0001170,CUST0000380,2026-02-17,730.0,15046.18,0.3415,3,3,0,0
CRHIST0001171,CUST0000380,2026-03-13,723.0,22176.65,0.3633,2,2,0,0
CRHIST0001172,CUST0000380,2026-04-19,714.0,10451.15,0.3251,2,2,0,0
CRHIST0001173,CUST0000381,2022-04-10,543.0,1562.46,0.4299,2,0,0,0
CRHIST0001174,CUST0000381,2022-06-25,547.0,535.02,0.4011,5,3,0,0
CRHIST0001175,CUST0000382,2025-08-30,641.0,6167.86,0.2391,5,2,0,0
CRHIST0001176,CUST0000382,2025-12-25,652.0,13148.74,0.4704,1,1,0,0
CRHIST0001177,CUST0000383,2024-03-12,737.0,5455.3,0.3147,5,0,0,0
CRHIST0001178,CUST0000384,2025-06-11,660.0,5572.57,0.4217,4,2,0,1
CRHIST0001179,CUST0000384,2025-08-18,678.0,2101.94,0.1743,2,3,0,1
CRHIST0001180,CUST0000384,2025-10-17,652.0,3206.66,0.411,5,3,0,1
CRHIST0001181,CUST0000384,2025-11-20,632.0,1295.97,0.1824,5,4,0,1
CRHIST0001182,CUST0000385,2025-04-05,477.0,582.78,0.3854,8,2,0,0
CRHIST0001183,CUST0000385,2025-04-12,466.0,1058.38,0.6021,4,1,0,0
CRHIST0001184,CUST0000385,2025-10-17,480.0,737.55,0.4336,7,3,0,0
CRHIST0001185,CUST0000385,2025-10-30,493.0,307.79,0.347,2,0,0,0
CRHIST0001186,CUST0000385,2025-11-08,505.0,1333.21,0.6497,7,2,0,0
CRHIST0001187,CUST0000385,2026-04-07,481.0,1417.72,0.8057,7,0,0,0
CRHIST0001188,CUST0000386,2026-01-06,693.0,10813.68,0.4556,5,0,0,0
CRHIST0001189,CUST0000387,2024-06-27,791.0,19309.68,0.7583,4,1,0,0
CRHIST0001190,CUST0000387,2024-09-03,801.0,0.0,0.0,6,2,0,0
CRHIST0001191,CUST0000387,2024-10-17,788.0,15926.55,0.5053,4,3,0,0
CRHIST0001192,CUST0000387,2025-05-01,789.0,20176.32,0.7251,3,3,0,0
CRHIST0001193,CUST0000387,2025-10-30,788.0,28658.59,0.7054,3,2,0,0
CRHIST0001194,CUST0000388,2026-04-15,694.0,5869.27,0.329,4,1,0,0
CRHIST0001195,CUST0000388,2026-05-12,690.0,869.5,0.0346,8,1,0,0
CRHIST0001196,CUST0000388,2026-05-22,687.0,6748.77,0.3109,0,3,0,0
CRHIST0001197,CUST0000388,2026-07-02,709.0,15783.1,0.53,4,2,0,0
CRHIST0001198,CUST0000388,2026-07-09,671.0,12178.37,0.546,4,1,0,0
CRHIST0001199,CUST0000389,2019-07-20,753.0,9066.66,0.4591,4,3,0,0
CRHIST0001200,CUST0000389,2020-02-24,776.0,12250.82,0.2785,0,2,0,0
CRHIST0001201,CUST0000389,2020-06-29,802.0,2473.37,0.0703,2,3,0,0
CRHIST0001202,CUST0000389,2021-12-08,802.0,13488.1,0.4062,4,2,0,0
CRHIST0001203,CUST0000390,2023-04-11,576.0,2753.69,0.6208,3,2,0,0
CRHIST0001204,CUST0000390,2023-09-14,562.0,1775.66,0.4819,4,5,0,0
CRHIST0001205,CUST0000390,2024-01-05,561.0,2451.88,0.5409,5,1,0,0
CRHIST0001206,CUST0000390,2024-02-29,545.0,1621.67,0.5801,4,3,0,0
CRHIST0001207,CUST0000391,2022-11-02,637.0,2527.21,0.1206,2,1,0,0
CRHIST0001208,CUST0000391,2023-09-01,642.0,7173.02,0.5311,3,2,0,0
CRHIST0001209,CUST0000392,2020-01-12,684.0,6274.01,0.4968,2,1,0,0
CRHIST0001210,CUST0000393,2025-09-07,664.0,21405.9,0.5843,9,2,0,0
CRHIST0001211,CUST0000393,2025-09-14,665.0,5046.29,0.157,3,2,0,0
CRHIST0001212,CUST0000394,2025-03-11,736.0,8609.55,0.2945,3,2,0,0
CRHIST0001213,CUST0000394,2025-05-29,731.0,12034.17,0.3685,4,2,0,0
CRHIST0001214,CUST0000394,2025-07-04,743.0,5598.54,0.3759,1,2,0,2
CRHIST0001215,CUST0000395,2024-12-26,799.0,2522.95,0.1669,1,2,0,0
CRHIST0001216,CUST0000395,2025-04-11,790.0,12964.59,0.5936,2,2,0,0
CRHIST0001217,CUST0000396,2023-12-30,759.0,4700.65,0.0802,2,0,0,0
CRHIST0001218,CUST0000396,2024-01-15,765.0,17508.79,0.2669,3,3,0,0
CRHIST0001219,CUST0000396,2024-06-02,778.0,8139.05,0.3555,3,2,0,0
CRHIST0001220,CUST0000396,2024-08-06,759.0,4647.25,0.1596,4,4,0,0
CRHIST0001221,CUST0000397,2023-09-19,665.0,10161.6,0.7537,8,3,0,1
CRHIST0001222,CUST0000398,2022-09-03,676.0,7110.8,0.5638,5,4,0,0
CRHIST0001223,CUST0000398,2022-09-05,682.0,10308.73,0.5505,6,0,0,0
CRHIST0001224,CUST0000398,2022-09-07,696.0,6613.71,0.4471,2,1,0,0
CRHIST0001225,CUST0000398,2023-05-03,701.0,130.05,0.0113,3,3,0,0
CRHIST0001226,CUST0000398,2023-07-21,692.0,12527.3,0.8,3,3,0,0
CRHIST0001227,CUST0000399,2025-03-11,690.0,5883.12,0.2771,3,0,0,0
CRHIST0001228,CUST0000399,2025-04-08,688.0,8593.23,0.5153,2,2,0,0
CRHIST0001229,CUST0000400,2026-06-24,705.0,967.28,0.0362,1,2,0,0
CRHIST0001230,CUST0000400,2026-06-30,693.0,7511.46,0.4264,0,7,0,0
CRHIST0001231,CUST0000400,2026-07-01,687.0,8877.66,0.3406,4,2,0,0
CRHIST0001232,CUST0000401,2022-02-23,733.0,1423.55,0.0696,3,5,0,0
CRHIST0001233,CUST0000401,2023-05-19,742.0,1055.6,0.0437,1,1,0,0
CRHIST0001234,CUST0000402,2021-08-09,760.0,4044.48,0.1841,3,3,0,0
CRHIST0001235,CUST0000402,2021-11-01,774.0,35.48,0.0019,4,3,0,0
CRHIST0001236,CUST0000402,2022-01-15,807.0,21491.6,0.5533,4,2,0,0
CRHIST0001237,CUST0000402,2022-03-25,809.0,3370.52,0.0954,0,2,0,0
CRHIST0001238,CUST0000402,2023-07-30,804.0,,0.2503,7,6,0,0
CRHIST0001239,CUST0000403,2020-02-13,693.0,26825.61,0.745,3,5,0,0
CRHIST0001240,CUST0000403,2020-03-14,,13123.74,0.4143,5,2,0,0
CRHIST0001241,CUST0000403,2020-09-02,695.0,790.82,0.0319,6,4,0,0
CRHIST0001242,CUST0000404,2025-12-20,702.0,2835.67,0.0688,5,3,0,0
CRHIST0001243,CUST0000405,2023-04-23,751.0,603.96,0.0307,6,1,0,0
CRHIST0001244,CUST0000406,2024-03-06,587.0,4412.27,0.2607,3,2,0,0
CRHIST0001245,CUST0000406,2024-03-23,605.0,9380.98,0.6421,3,3,0,1
CRHIST0001246,CUST0000406,2024-05-10,852.0,7820.88,0.7072,4,0,0,1
CRHIST0001247,CUST0000406,2024-10-02,602.0,7545.3,0.7868,4,1,0,1
CRHIST0001248,CUST0000406,2025-05-28,592.0,9147.69,0.6891,4,3,0,1
CRHIST0001249,CUST0000406,2026-02-21,600.0,5802.67,0.5066,6,1,0,1
CRHIST0001250,CUST0000407,2021-05-02,614.0,4552.49,0.3368,3,0,0,0
CRHIST0001251,CUST0000407,2021-09-08,619.0,3103.58,0.2075,3,5,0,0
CRHIST0001252,CUST0000408,2019-07-21,554.0,1308.97,0.4806,5,2,0,0
CRHIST0001253,CUST0000408,2020-11-11,548.0,4286.9,0.8536,2,0,0,0
CRHIST0001254,CUST0000408,2021-05-03,571.0,1937.0,0.5964,7,3,0,0
CRHIST0001255,CUST0000408,2021-10-02,561.0,983.43,0.4857,4,2,0,0
CRHIST0001256,CUST0000408,2021-11-04,557.0,1319.91,0.6179,2,7,0,0
CRHIST0001257,CUST0000408,2022-02-26,563.0,639.84,0.2245,4,2,0,0
CRHIST0001258,CUST0000409,2025-03-04,695.0,3401.51,0.3302,5,1,0,0
CRHIST0001259,CUST0000409,2025-05-19,682.0,9480.96,0.3862,3,3,0,0
CRHIST0001260,CUST0000410,2025-08-26,707.0,,0.1425,2,1,0,0
CRHIST0001261,CUST0000410,2025-08-28,875.0,7715.4,0.724,3,4,0,0
CRHIST0001262,CUST0000411,2022-01-20,677.0,17194.27,0.3603,6,0,0,0
CRHIST0001263,CUST0000411,2022-07-01,671.0,7944.94,0.2716,1,3,0,0
CRHIST0001264,CUST0000411,2022-12-23,692.0,8240.63,0.2883,3,1,0,0
CRHIST0001265,CUST0000411,2023-12-22,690.0,12369.78,0.5209,2,2,0,0
CRHIST0001266,CUST0000412,2025-01-05,726.0,3395.96,0.2441,2,2,0,0
CRHIST0001267,CUST0000412,2025-03-15,736.0,8588.82,0.3798,1,2,0,0
CRHIST0001268,CUST0000413,2023-11-09,656.0,7585.93,0.2974,7,1,0,0
CRHIST0001269,CUST0000413,2023-12-20,645.0,4210.76,0.22,2,1,0,0
CRHIST0001270,CUST0000413,2024-04-17,645.0,7336.7,0.2988,7,4,0,0
CRHIST0001271,CUST0000413,2024-12-30,649.0,9270.37,0.3557,1,2,0,0
CRHIST0001272,CUST0000414,2023-12-05,748.0,8029.47,0.2196,3,3,0,0
CRHIST0001273,CUST0000414,2024-03-31,764.0,2397.19,0.065,2,1,0,0
CRHIST0001274,CUST0000414,2024-04-22,752.0,7514.12,0.2193,3,1,0,0
CRHIST0001275,CUST0000414,2024-06-20,772.0,,0.575,4,1,0,0
CRHIST0001276,CUST0000414,2025-06-14,768.0,12613.79,0.4093,1,1,0,0
CRHIST0001277,CUST0000414,2025-07-10,755.0,12726.14,0.7939,1,1,0,0
CRHIST0001278,CUST0000415,2020-07-22,591.0,720.08,0.2022,7,4,1,0
CRHIST0001279,CUST0000415,2020-10-05,585.0,972.78,0.5233,8,3,1,0
CRHIST0001280,CUST0000415,2023-05-13,596.0,1394.75,0.3469,5,2,1,0
CRHIST0001281,CUST0000415,2023-06-22,624.0,638.81,0.2783,5,0,1,0
CRHIST0001282,CUST0000415,2024-09-20,599.0,733.43,0.2388,3,3,1,0
CRHIST0001283,CUST0000416,2023-09-27,579.0,1331.61,0.3292,5,2,0,0
CRHIST0001284,CUST0000416,2024-04-09,566.0,4431.52,0.5827,4,2,0,0
CRHIST0001285,CUST0000417,2021-04-07,745.0,9481.02,0.1735,1,4,0,0
CRHIST0001286,CUST0000417,2021-07-21,746.0,17655.8,0.4759,0,1,0,0
CRHIST0001287,CUST0000418,2021-12-03,779.0,13360.08,0.4975,2,2,0,0
CRHIST0001288,CUST0000418,2022-08-20,769.0,7050.62,0.1555,2,3,0,0
CRHIST0001289,CUST0000418,2022-10-13,753.0,13814.52,0.4239,4,1,0,2
CRHIST0001290,CUST0000419,2021-11-23,708.0,18044.57,0.5433,0,2,0,0
CRHIST0001291,CUST0000419,2022-01-23,698.0,25204.44,0.548,4,2,0,0
CRHIST0001292,CUST0000420,2021-02-23,635.0,1310.28,0.1767,4,3,0,0
CRHIST0001293,CUST0000420,2021-04-04,646.0,1660.98,0.5227,0,2,0,0
CRHIST0001294,CUST0000420,2022-09-06,665.0,119.09,0.0381,6,4,0,0
CRHIST0001295,CUST0000420,2023-08-02,678.0,2115.69,0.4711,7,3,0,0
CRHIST0001296,CUST0000420,2023-10-04,688.0,753.25,0.2392,6,3,0,0
CRHIST0001297,CUST0000420,2024-08-21,706.0,2955.79,0.94,5,1,0,0
CRHIST0001298,CUST0000420,2024-10-24,703.0,2084.18,0.6398,3,2,0,0
CRHIST0001299,CUST0000420,2024-11-02,723.0,2448.0,0.4213,2,1,0,0
CRHIST0001300,CUST0000421,2025-12-25,611.0,6756.48,0.8004,2,3,0,0
CRHIST0001301,CUST0000421,2026-01-01,605.0,5122.03,0.4774,3,2,0,0
CRHIST0001302,CUST0000422,2020-02-14,663.0,6593.13,0.3355,4,2,0,0
CRHIST0001303,CUST0000422,2020-11-03,,2915.29,0.311,4,3,0,0
CRHIST0001304,CUST0000422,2020-11-15,660.0,8107.72,0.4078,2,0,0,0
CRHIST0001305,CUST0000422,2022-01-15,651.0,3310.23,0.1636,3,2,0,0
CRHIST0001306,CUST0000422,2022-09-09,643.0,3111.39,0.2147,6,1,0,0
CRHIST0001307,CUST0000422,2023-11-24,648.0,7353.34,0.8426,4,3,0,0
CRHIST0001308,CUST0000422,2024-01-26,638.0,7022.34,0.7074,3,2,0,0
CRHIST0001309,CUST0000422,2025-08-31,641.0,6211.27,0.7789,6,3,0,0
CRHIST0001310,CUST0000423,2026-01-11,615.0,12722.21,0.5085,4,0,0,0
CRHIST0001311,CUST0000424,2020-07-28,637.0,2586.27,0.3316,5,4,0,2
CRHIST0001312,CUST0000424,2020-08-07,637.0,4435.69,0.6303,1,4,0,2
CRHIST0001313,CUST0000424,2020-11-15,650.0,4954.61,0.4966,3,3,0,2
CRHIST0001314,CUST0000424,2021-07-01,650.0,89.85,0.0176,7,1,0,2
CRHIST0001315,CUST0000424,2022-06-12,642.0,2494.02,0.382,4,0,0,2
CRHIST0001316,CUST0000425,2025-09-16,704.0,4108.63,0.1209,1,0,0,0
CRHIST0001317,CUST0000425,2025-11-14,703.0,2744.63,0.1779,4,2,0,0
CRHIST0001318,CUST0000425,2025-11-29,709.0,19616.24,0.6424,1,2,0,0
CRHIST0001319,CUST0000426,2021-12-10,636.0,9570.12,0.7371,3,2,0,0
CRHIST0001320,CUST0000427,2026-01-27,683.0,19546.38,0.8432,3,1,0,0
CRHIST0001321,CUST0000427,2026-01-27,676.0,11138.28,0.2642,3,0,0,0
CRHIST0001322,CUST0000427,2026-01-31,687.0,16214.41,0.6396,5,2,0,0
CRHIST0001323,CUST0000427,2026-02-08,662.0,8619.87,0.2818,0,3,0,1
CRHIST0001324,CUST0000428,2023-08-31,753.0,7415.86,0.2124,3,3,0,0
CRHIST0001325,CUST0000428,2024-02-28,757.0,26056.04,0.5646,3,5,0,0
CRHIST0001326,CUST0000429,2023-04-20,664.0,16740.82,0.5007,6,2,0,2
CRHIST0001327,CUST0000429,2024-02-05,673.0,6112.96,0.4104,3,5,0,4
CRHIST0001328,CUST0000429,2024-08-15,666.0,2216.17,0.1576,2,1,0,4
CRHIST0001329,CUST0000429,2024-11-01,679.0,18858.29,0.6902,3,0,0,4
CRHIST0001330,CUST0000429,2024-11-07,682.0,7416.3,0.2584,4,3,0,4
CRHIST0001331,CUST0000430,2020-02-26,747.0,8138.89,0.3652,2,5,0,0
CRHIST0001332,CUST0000431,2022-10-18,575.0,2053.65,0.6092,3,1,0,0
CRHIST0001333,CUST0000431,2022-12-28,592.0,1029.11,0.2877,7,0,1,0
CRHIST0001334,CUST0000431,2023-04-22,619.0,1643.68,0.3912,4,4,1,0
CRHIST0001335,CUST0000432,2023-06-10,742.0,4598.07,0.3907,1,5,0,0
CRHIST0001336,CUST0000433,2026-07-09,722.0,14700.27,0.5667,3,2,0,0
CRHIST0001337,CUST0000433,2026-07-10,742.0,3538.56,0.1999,5,2,0,0
CRHIST0001338,CUST0000434,2022-07-16,665.0,3044.45,0.237,4,1,0,0
CRHIST0001339,CUST9067361,2022-09-01,666.0,7009.41,0.4794,2,1,0,0
CRHIST0001340,CUST0000435,2022-02-22,718.0,2110.14,0.0712,2,0,0,0
CRHIST0001341,CUST0000435,2022-03-16,722.0,10174.54,0.6184,2,3,0,0
CRHIST0001342,CUST0000435,2023-03-28,733.0,6379.91,0.2346,3,3,0,0
CRHIST0001343,CUST0000436,2021-12-03,577.0,793.21,0.4915,6,7,0,0
CRHIST0001344,CUST0000436,2022-05-23,608.0,1799.76,0.85,4,1,0,1
CRHIST0001345,CUST0000436,2022-10-21,605.0,1013.43,0.6957,7,4,1,1
CRHIST0001346,CUST0000436,2023-08-23,592.0,540.45,0.3969,10,0,1,1
CRHIST0001347,CUST0000437,2022-05-31,724.0,13314.45,0.7422,1,0,0,0
CRHIST0001348,CUST0000437,2022-07-12,737.0,4637.42,0.2202,4,5,0,0
CRHIST0001349,CUST0000437,2022-07-17,723.0,7792.62,0.4074,1,1,0,0
CRHIST0001350,CUST0000437,2023-04-09,696.0,6615.63,0.2316,2,4,0,0
CRHIST0001351,CUST0000437,2023-07-22,699.0,5696.8,0.3321,5,2,0,0
CRHIST0001352,CUST0000437,2023-10-24,703.0,2424.52,0.2317,3,2,0,0
CRHIST0001353,CUST0000438,2026-04-05,474.0,1406.8,1.0,6,5,0,0
CRHIST0001354,CUST0000438,2026-05-02,478.0,1663.32,0.7364,3,2,0,0
CRHIST0001355,CUST0000438,2026-05-14,457.0,725.19,0.2653,5,1,0,0
CRHIST0001356,CUST0000438,2026-05-16,448.0,487.06,0.351,9,3,0,1
CRHIST0001357,CUST0000438,2026-06-11,,1851.9,0.7785,6,0,0,1
CRHIST0001358,CUST0000439,2020-09-09,700.0,61180.9,0.8808,4,3,0,0
CRHIST0001359,CUST0000439,2022-03-10,710.0,7923.2,0.2831,0,2,0,2
CRHIST0001360,CUST0000439,2022-05-01,721.0,6839.46,0.167,4,2,0,2
CRHIST0001361,CUST0000440,2026-08-04,688.0,7206.82,0.4836,1,0,0,0
CRHIST0001362,CUST0000440,2026-08-05,692.0,2304.59,0.1178,3,3,0,0
CRHIST0001363,CUST0000440,2026-08-06,707.0,7770.45,0.5359,2,2,0,0
CRHIST0001364,CUST0000440,2026-08-07,699.0,9821.74,0.4411,2,2,0,0
CRHIST0001365,CUST0000441,2019-11-23,719.0,10829.79,0.6999,0,1,0,0
CRHIST0001366,CUST0000441,2021-09-11,744.0,4497.45,0.523,0,5,0,0
CRHIST0001367,CUST0000441,2021-11-23,767.0,2341.07,0.2431,1,2,0,0
CRHIST0001368,CUST0000442,2025-04-22,671.0,6487.72,0.268,6,1,0,0
CRHIST0001369,CUST0000443,2022-10-19,647.0,1942.03,0.0381,4,2,0,0
CRHIST0001370,CUST0000443,2022-12-31,633.0,16097.93,0.5596,3,2,0,0
CRHIST0001371,CUST0000444,2019-10-13,593.0,3274.32,0.2439,5,1,0,0
CRHIST0001372,CUST0000444,2020-05-14,592.0,20221.2,0.9792,1,2,0,0
CRHIST0001373,CUST0000445,2023-12-08,670.0,7416.19,0.6104,1,3,0,0
CRHIST0001374,CUST0000445,2023-12-09,666.0,1046.14,0.0715,3,2,0,0
CRHIST0001375,CUST0000446,2024-08-03,606.0,6172.62,0.6607,4,2,0,0
CRHIST0001376,CUST0000446,2025-02-13,601.0,3848.36,0.5157,3,4,0,0
CRHIST0001377,CUST0000446,2025-05-04,594.0,3663.45,0.5722,2,0,0,0
CRHIST0001378,CUST0000446,2025-08-05,594.0,3898.64,0.4635,5,2,0,0
CRHIST0001379,CUST0000446,2025-11-09,626.0,6797.8,0.7755,3,4,0,0
CRHIST0001380,CUST0000446,2025-11-11,637.0,2165.7,0.1988,1,2,0,0
CRHIST0001381,CUST0000446,2026-04-07,630.0,866.48,0.0686,5,2,0,0
CRHIST0001382,CUST0000447,2025-07-23,619.0,2416.65,0.2627,2,2,0,0
CRHIST0001383,CUST0000447,2025-09-01,604.0,3460.52,0.3665,5,2,0,0
CRHIST0001384,CUST0000447,2025-11-03,591.0,3424.59,0.3275,2,5,0,0
CRHIST0001385,CUST0000447,2025-12-09,592.0,3480.97,0.3686,1,0,0,0
CRHIST0001386,CUST0000447,2025-12-10,599.0,1796.31,0.4274,7,1,0,0
CRHIST0001387,CUST0000448,2021-04-09,638.0,4036.54,0.4151,6,1,0,0
CRHIST0001388,CUST0000448,2021-11-20,651.0,,0.4137,5,2,0,0
CRHIST0001389,CUST0000448,2022-03-18,651.0,7616.85,0.6225,4,2,0,1
CRHIST0001390,CUST0000449,2023-12-08,656.0,6332.91,0.2953,5,2,0,0
CRHIST0001391,CUST0000449,2024-03-06,665.0,21589.52,0.7954,5,4,0,2
CRHIST0001392,CUST0000450,2023-06-11,743.0,2871.37,0.2728,1,6,0,0
CRHIST0001393,CUST0000450,2023-12-22,767.0,2475.17,0.3844,5,0,0,0
CRHIST0001394,CUST0000451,2022-08-08,740.0,5056.61,0.2215,3,1,0,1
CRHIST0001395,CUST0000451,2022-10-22,747.0,22192.13,0.6726,3,4,0,1
CRHIST0001396,CUST0000451,2022-11-04,739.0,2232.37,0.1417,3,2,0,1
CRHIST0001397,CUST0000451,2023-01-14,720.0,9171.97,0.4148,3,1,0,1
CRHIST0001398,CUST0000451,2023-08-29,703.0,7104.47,0.6102,1,2,0,1
CRHIST0001399,CUST0000452,2025-11-26,696.0,1729.78,0.0574,1,2,0,0
CRHIST0001400,CUST0000452,2025-12-02,709.0,1433.77,0.0906,4,3,0,0
CRHIST0001401,CUST0000453,2022-08-12,676.0,8612.08,0.3745,6,1,0,0
CRHIST0001402,CUST0000453,2022-09-25,676.0,426.16,0.0176,7,3,0,0
CRHIST0001403,CUST0000453,2023-01-06,672.0,5425.59,0.5417,7,2,0,0
CRHIST0001404,CUST0000453,2024-08-03,684.0,4337.5,0.2042,5,1,0,0
CRHIST0001405,CUST0000453,2024-08-14,654.0,8748.95,0.4658,5,3,0,1
CRHIST0001406,CUST0000454,2021-12-01,586.0,3337.84,0.8926,2,2,1,0
CRHIST0001407,CUST0000454,2022-07-29,581.0,1277.54,0.3186,2,2,1,2
CRHIST0001408,CUST0000455,2023-03-19,715.0,3396.87,0.3278,3,2,0,0
CRHIST0001409,CUST0000456,2026-02-13,675.0,8006.19,0.3958,2,0,0,0
CRHIST0001410,CUST0000457,2025-12-14,778.0,,0.1923,5,1,0,0
CRHIST0001411,CUST0000457,2026-01-05,787.0,17993.71,0.2841,2,1,0,0
CRHIST0001412,CUST0000458,2024-10-23,688.0,17989.21,0.7998,1,0,0,0
CRHIST0001413,CUST0000458,2024-10-28,696.0,345.37,0.0125,2,1,0,0
CRHIST0001414,CUST0000458,2024-12-30,686.0,14555.07,0.6493,8,1,0,0
CRHIST0001415,CUST0000458,2025-09-11,680.0,15586.64,0.4522,3,1,0,0
CRHIST0001416,CUST0000458,2026-01-08,691.0,8159.05,0.2214,4,3,0,0
CRHIST0001417,CUST0000458,2026-03-07,672.0,10669.39,0.2773,5,3,0,0
CRHIST0001418,CUST0000458,2026-05-20,667.0,26963.24,0.7106,4,1,0,0
CRHIST0001419,CUST0000458,2026-05-21,657.0,1540.68,0.0804,5,2,0,0
CRHIST0001420,CUST0000459,2019-09-26,690.0,12117.8,0.3957,6,0,0,0
CRHIST0001421,CUST0000459,2020-03-11,683.0,2634.6,0.2317,3,3,0,0
CRHIST0001422,CUST0000459,2020-11-10,696.0,2628.49,0.1112,2,1,0,0
CRHIST0001423,CUST0000459,2022-08-20,691.0,6470.95,0.2313,1,3,0,0
CRHIST0001424,CUST0000459,2022-10-11,696.0,5955.6,0.2952,3,3,0,0
CRHIST0001425,CUST0000460,2021-07-27,623.0,7216.45,0.4594,2,2,0,0
CRHIST0001426,CUST0000461,2020-12-30,633.0,6917.71,0.7901,7,0,0,2
CRHIST0001427,CUST0000461,2021-03-11,630.0,2054.91,0.4027,5,2,0,2
CRHIST0001428,CUST0000461,2021-11-26,625.0,3754.78,0.4062,4,2,0,2
CRHIST0001429,CUST0000462,2022-01-05,747.0,9377.64,0.4322,8,3,0,0
CRHIST0001430,CUST0000462,2022-07-13,747.0,7371.25,0.4705,4,3,0,0
CRHIST0001431,CUST0000462,2022-09-09,736.0,1751.65,0.0595,6,2,0,0
CRHIST0001432,CUST0000462,2023-01-20,733.0,13079.96,0.5003,4,0,0,0
CRHIST0001433,CUST0000463,2025-08-07,669.0,4068.02,0.0849,10,3,0,0
CRHIST0001434,CUST0000463,2025-09-12,857.0,18972.55,0.5312,9,1,0,0
CRHIST0001435,CUST0000464,2025-05-18,585.0,1544.95,0.4857,3,5,0,0
CRHIST0001436,CUST0000464,2025-06-04,589.0,982.06,0.3782,7,2,0,0
CRHIST0001437,CUST0000464,2025-07-13,607.0,1997.46,0.6814,3,4,0,0
CRHIST0001438,CUST0000465,2019-11-03,680.0,3585.39,0.3131,4,1,0,0
CRHIST0001439,CUST0000465,2022-04-22,695.0,12715.34,0.5146,5,2,0,0
CRHIST0001440,CUST0000465,2023-12-05,698.0,540.24,0.0365,1,2,0,0
CRHIST0001441,CUST0000466,2022-07-16,717.0,5766.32,0.3298,3,1,0,0
CRHIST0001442,CUST0000466,2022-07-21,719.0,8060.01,0.4162,3,2,0,0
CRHIST0001443,CUST0000466,2023-03-03,726.0,10324.71,0.3865,8,2,1,0
CRHIST0001444,CUST0000466,2023-10-12,737.0,137.92,0.0039,4,1,1,0
CRHIST0001445,CUST0000467,2022-01-30,693.0,1633.57,0.0818,3,0,0,0
CRHIST0001446,CUST0000467,2022-04-24,692.0,5968.7,0.3349,3,1,0,0
CRHIST0001447,CUST0000468,2019-10-01,650.0,2858.72,0.1365,4,5,0,0
CRHIST0001448,CUST0000468,2020-06-11,638.0,4385.52,0.3669,2,2,0,2
CRHIST0001449,CUST0000468,2020-08-23,632.0,2655.59,0.2138,2,3,0,3
CRHIST0001450,CUST0000468,2022-10-02,629.0,15773.8,0.8287,5,2,0,3
CRHIST0001451,CUST0000469,2022-09-22,573.0,1032.71,0.4207,12,3,0,0
CRHIST0001452,CUST0000470,2020-02-07,681.0,9523.46,0.6947,5,3,0,2
CRHIST0001453,CUST0000471,2024-08-22,659.0,749.86,0.0768,6,3,0,0
CRHIST0001454,CUST0000471,2024-09-26,644.0,3852.31,0.5796,5,1,0,0
CRHIST0001455,CUST0000471,2025-03-02,643.0,9909.37,0.7342,0,1,0,2
CRHIST0001456,CUST0000471,2025-11-19,653.0,4043.22,0.3682,3,2,0,2
CRHIST0001457,CUST0000471,2025-11-29,686.0,3928.63,0.3656,7,1,0,2
CRHIST0001458,CUST0000471,2025-12-16,696.0,1453.59,0.2475,4,2,0,2
CRHIST0001459,CUST0000472,2026-05-27,,5952.96,0.3615,6,0,0,0
CRHIST0001460,CUST0000472,2026-06-01,615.0,5307.08,0.5085,9,1,0,0
CRHIST0001461,CUST0000473,2022-04-30,707.0,19613.96,0.3496,2,3,0,0
CRHIST0001462,CUST0000474,2021-02-06,660.0,6693.51,0.4778,2,1,0,0
CRHIST0001463,CUST0000474,2021-08-25,667.0,11959.56,0.7265,2,3,0,0
CRHIST0001464,CUST0000474,2021-09-03,673.0,15391.4,0.5653,4,2,0,0
CRHIST0001465,CUST0000474,2021-10-28,680.0,6340.48,0.2532,5,2,0,0
CRHIST0001466,CUST0000474,2021-12-21,676.0,7994.82,0.3824,5,0,0,0
CRHIST0001467,CUST0000475,2023-09-30,712.0,15773.73,0.6297,3,2,0,0
CRHIST0001468,CUST0000475,2023-10-29,711.0,5780.81,0.2533,0,2,0,0
CRHIST0001469,CUST0000475,2024-05-02,720.0,4413.33,0.1376,4,3,0,0
CRHIST0001470,CUST0000475,2024-06-29,746.0,4131.29,0.2723,3,1,0,0
CRHIST0001471,CUST0000475,2024-11-25,729.0,6876.32,0.558,3,3,0,2
CRHIST0001472,CUST0000476,2026-05-23,662.0,6652.67,0.5049,3,1,0,0
CRHIST0001473,CUST0000476,2026-06-18,645.0,3489.49,0.2605,5,4,0,0
CRHIST0001474,CUST0000476,2026-06-22,661.0,4698.18,0.521,4,3,0,0
CRHIST0001475,CUST0000477,2020-12-21,693.0,131.69,0.0129,5,1,0,0
CRHIST0001476,CUST0000477,2021-06-08,675.0,10922.42,0.6134,6,2,0,0
CRHIST0001477,CUST0000478,2024-11-01,,6858.7,0.4146,1,2,0,0
CRHIST0001478,CUST0000478,2024-12-02,671.0,2739.72,0.2858,3,2,0,0
CRHIST0001479,CUST0000478,2025-01-22,664.0,6259.97,0.3442,4,4,0,0
CRHIST0001480,CUST0000478,2025-06-13,671.0,4919.82,0.388,4,3,0,2
CRHIST0001481,CUST0000478,2025-06-15,666.0,6888.72,0.3431,6,1,0,2
CRHIST0001482,CUST0000479,2020-09-09,627.0,3363.47,0.4389,2,1,0,2
CRHIST0001483,CUST0000479,2020-12-02,654.0,2525.33,0.525,2,0,0,2
CRHIST0001484,CUST0000479,2021-04-10,661.0,3654.71,0.4657,3,1,0,4
CRHIST0001485,CUST0000479,2022-06-28,659.0,510.58,0.1276,2,1,0,4
CRHIST0001486,CUST0000479,2023-06-29,671.0,1649.68,0.3398,2,2,0,4
CRHIST0001487,CUST0000479,2024-06-18,664.0,2427.21,0.5436,8,3,0,4
CRHIST0001488,CUST0000480,2021-08-21,709.0,5523.6,0.4254,3,3,0,0
CRHIST0001489,CUST0000480,2022-02-23,696.0,3317.41,0.1705,3,2,0,0
CRHIST0001490,CUST0000480,2022-02-25,698.0,1858.2,0.1429,5,1,0,0
CRHIST0001491,CUST0000480,2022-03-14,710.0,8537.7,0.4404,4,1,0,0
CRHIST0001492,CUST0000480,2022-05-12,716.0,536.6,0.0477,5,2,0,0
CRHIST0001493,CUST0000481,2022-09-16,765.0,8657.08,0.137,2,1,0,0
CRHIST0001494,CUST0000481,2023-05-09,760.0,16080.56,0.1982,3,0,0,0
CRHIST0001495,CUST0000482,2023-09-27,662.0,18680.82,0.5624,10,6,0,0
CRHIST0001496,CUST0000482,2023-09-28,675.0,11738.04,0.3585,5,2,0,1
CRHIST0001497,CUST0000482,2024-03-22,693.0,17759.33,0.5917,4,1,0,1
CRHIST0001498,CUST0000482,2024-04-29,692.0,7714.88,0.2529,4,2,0,1
CRHIST0001499,CUST0000483,2020-12-30,658.0,19459.1,0.6243,2,1,0,2
CRHIST0001500,CUST0000483,2022-03-03,670.0,11833.81,0.5669,6,4,0,2
CRHIST0001501,CUST0000484,2025-01-20,,1856.58,0.5224,6,2,0,0
CRHIST0001502,CUST0000484,2025-02-06,531.0,1666.3,0.7001,8,2,0,1
CRHIST0001503,CUST0000484,2025-08-16,532.0,2108.17,0.4112,9,3,1,1
CRHIST0001504,CUST0000485,2024-03-13,694.0,1694.87,0.1637,4,1,0,0
CRHIST0001505,CUST0000485,2024-10-26,687.0,8628.29,0.3959,1,1,0,0
CRHIST0001506,CUST0000485,2025-06-20,697.0,8303.02,0.3687,5,0,0,2
CRHIST0001507,CUST0000486,2023-05-29,644.0,5849.27,0.6396,5,5,0,0
CRHIST0001508,CUST0000486,2023-08-08,643.0,2506.32,0.306,5,2,0,0
CRHIST0001509,CUST0000486,2023-12-05,644.0,4710.94,0.5817,3,2,0,0
CRHIST0001510,CUST0000486,2024-01-20,657.0,5793.62,0.5584,7,3,0,2
CRHIST0001511,CUST0000487,2022-03-22,625.0,6674.6,0.4002,9,1,0,0
CRHIST0001512,CUST0000487,2022-03-24,617.0,2995.73,0.2234,4,0,0,2
CRHIST0001513,CUST0000488,2019-11-13,591.0,896.98,0.1638,5,1,0,0
CRHIST0001514,CUST0000488,2020-05-10,600.0,2387.54,0.4799,5,3,0,0
CRHIST0001515,CUST0000488,2020-11-17,578.0,3423.44,0.6946,4,1,0,0
CRHIST0001516,CUST0000489,2024-03-29,690.0,2148.13,0.1853,6,1,0,2
CRHIST0001517,CUST0000489,2024-04-17,726.0,7557.82,0.5105,3,2,1,2
CRHIST0001518,CUST0000490,2021-06-07,653.0,6057.38,0.4568,4,1,0,0
CRHIST0001519,CUST0000490,2021-08-05,647.0,2941.57,0.2334,2,3,0,0
CRHIST0001520,CUST0000490,2021-10-07,660.0,1418.6,0.2331,6,5,0,0
CRHIST0001521,CUST0000490,2022-05-08,668.0,4527.18,0.3401,4,1,0,0
CRHIST0001522,CUST0000491,2021-11-21,696.0,7035.44,0.3907,3,3,0,0
CRHIST0001523,CUST0000491,2022-02-11,689.0,3301.91,0.214,4,3,0,0
CRHIST0001524,CUST0000491,2022-12-01,678.0,7307.51,0.3567,4,0,0,0
CRHIST0001525,CUST0000491,2023-07-31,679.0,10123.42,0.4929,2,1,0,0
CRHIST0001526,CUST0000492,2025-09-13,698.0,4116.27,0.3354,8,1,0,0
CRHIST0001527,CUST0000492,2025-10-02,707.0,3144.95,0.4873,5,2,0,0
CRHIST0001528,CUST0000493,2024-02-12,696.0,7307.01,0.2698,1,5,0,0
CRHIST0001529,CUST0000493,2024-07-08,666.0,10098.35,0.604,7,3,0,0
CRHIST0001530,CUST0000493,2025-05-26,653.0,5092.75,0.1963,7,1,0,0
CRHIST0001531,CUST0000493,2025-06-03,654.0,2421.85,0.1587,5,1,0,0
CRHIST0001532,CUST0000493,2025-06-09,643.0,3973.13,0.2726,5,1,0,0
CRHIST0001533,CUST0000494,2024-05-01,743.0,1646.2,0.0705,4,1,0,0
CRHIST0001534,CUST0000494,2025-04-03,746.0,6549.83,0.2773,1,3,0,0
CRHIST0001535,CUST0000494,2025-06-05,765.0,0.0,0.0,3,3,0,0
CRHIST0001536,CUST0000494,2025-07-15,750.0,5270.74,0.2805,3,3,0,0
CRHIST0001537,CUST0000494,2025-09-09,746.0,8092.45,0.3098,4,2,0,0
CRHIST0001538,CUST0000495,2022-03-04,711.0,3326.7,0.1785,2,1,0,0
CRHIST0001539,CUST0000495,2022-09-03,700.0,8084.86,0.3798,1,4,0,0
CRHIST0001540,CUST0000495,2024-05-27,686.0,6813.41,0.3995,1,2,0,0
CRHIST0001541,CUST0000495,2024-12-27,693.0,9181.75,0.8101,1,2,0,0
CRHIST0001542,CUST0000495,2025-07-02,666.0,6768.55,0.2785,2,1,0,0
CRHIST0001543,CUST0000496,2023-03-07,598.0,1197.09,0.4458,6,2,0,0
CRHIST0001544,CUST0000497,2019-06-05,586.0,3078.82,0.6606,8,1,0,0
CRHIST0001545,CUST0000497,2019-06-23,576.0,2408.59,0.254,1,3,0,0
CRHIST0001546,CUST0000497,2020-02-27,577.0,1325.34,0.3232,4,2,0,0
CRHIST0001547,CUST0000498,2020-12-22,738.0,4633.6,0.3353,4,3,0,0
CRHIST0001548,CUST0000498,2021-01-19,737.0,7198.98,0.3219,2,2,0,0
CRHIST0001549,CUST0000498,2021-03-09,736.0,7871.86,0.3036,2,2,0,0
CRHIST0001550,CUST0000498,2021-12-21,731.0,3795.44,0.2053,4,1,0,0
CRHIST0001551,CUST0000499,2025-03-09,754.0,6251.67,0.3904,3,1,0,0
CRHIST0001552,CUST0000499,2025-04-28,752.0,334.12,0.0103,6,3,0,0
CRHIST0001553,CUST0000500,2022-08-28,638.0,3814.17,0.2082,6,2,0,0
CRHIST0001554,CUST0000500,2022-10-17,642.0,4133.38,0.257,2,0,0,0
CRHIST0001555,CUST0000500,2023-02-09,647.0,7537.97,0.4439,7,1,0,0
CRHIST0001556,CUST0000500,2023-09-06,633.0,1875.66,0.1463,5,2,0,0
CRHIST0001557,CUST0000500,2023-10-16,627.0,6957.3,0.6511,5,2,0,0
CRHIST0001558,CUST0000501,2023-11-26,672.0,3821.76,0.298,3,2,0,0
CRHIST0001559,CUST0000502,2025-01-29,769.0,6643.7,0.238,4,0,0,0
CRHIST0001560,CUST0000502,2025-02-18,775.0,14869.67,0.6042,2,1,0,0
CRHIST0001561,CUST0000502,2025-03-20,771.0,12257.81,0.6047,2,3,0,0
CRHIST0001562,CUST0000502,2025-05-26,,,0.1366,5,1,0,0
CRHIST0001563,CUST0000502,2025-08-29,793.0,2369.52,0.0596,2,1,0,0
CRHIST0001564,CUST0000503,2026-03-09,695.0,981.46,0.0444,4,4,0,0
CRHIST0001565,CUST9970041,2026-03-20,682.0,5419.73,0.4364,2,0,0,1
CRHIST0001566,CUST0000504,2019-08-26,893.0,3961.23,0.2977,3,2,0,0
CRHIST0001567,CUST0000505,2023-08-19,756.0,9513.42,0.4151,2,1,0,0
CRHIST0001568,CUST0000505,2023-09-26,769.0,1663.92,0.1845,1,0,0,0
CRHIST0001569,CUST0000505,2024-08-18,788.0,2997.87,0.1699,0,0,0,0
CRHIST0001570,CUST0000505,2024-10-21,797.0,1831.94,0.075,6,1,0,0
CRHIST0001571,CUST0000505,2024-10-28,800.0,6323.06,0.5361,6,0,0,0
CRHIST0001572,CUST0000506,2026-08-12,660.0,2356.41,0.2309,7,2,0,0
CRHIST0001573,CUST0000506,2026-08-17,652.0,4096.86,0.4959,3,1,0,0
CRHIST0001574,CUST0000507,2020-07-17,687.0,4854.14,0.2987,3,2,0,0
CRHIST0001575,CUST0000507,2020-09-15,683.0,2731.74,0.2353,6,1,0,0
CRHIST0001576,CUST0000507,2021-02-20,674.0,10387.0,0.5843,4,4,0,0
CRHIST0001577,CUST0000507,2022-04-13,657.0,7157.37,0.4384,6,4,0,0
CRHIST0001578,CUST0000507,2022-07-08,642.0,7375.02,0.7181,4,1,0,0
CRHIST0001579,CUST0000507,2023-03-12,628.0,6237.7,0.6411,7,0,0,0
CRHIST0001580,CUST0000507,2024-06-25,637.0,11210.81,0.622,8,0,0,0
CRHIST0001581,CUST0000508,2025-08-07,747.0,10459.95,0.1939,3,2,0,0
CRHIST0001582,CUST0000508,2025-08-19,755.0,31262.79,0.5124,6,3,0,0
CRHIST0001583,CUST0000508,2025-10-04,738.0,12199.28,0.1874,3,1,0,0
CRHIST0001584,CUST0000509,2023-09-12,711.0,2927.77,0.2012,9,0,0,0
CRHIST0001585,CUST0000509,2024-03-13,697.0,9141.64,0.4135,2,2,0,0
CRHIST0001586,CUST0000509,2024-12-18,688.0,6589.09,0.3721,7,1,0,0
CRHIST0001587,CUST0000509,2025-05-27,673.0,4757.55,0.3438,1,1,0,0
CRHIST0001588,CUST0000510,2023-08-27,730.0,15728.64,0.3788,2,3,0,0
CRHIST0001589,CUST0000510,2023-10-17,737.0,12584.7,0.2518,1,2,0,0
CRHIST0001590,CUST0000510,2023-12-31,718.0,16562.19,0.3126,3,2,0,0
CRHIST0001591,CUST0000511,2025-09-07,792.0,11567.63,0.5593,2,2,0,0
CRHIST0001592,CUST0000512,2025-09-02,746.0,16852.11,0.381,3,2,0,0
CRHIST0001593,CUST0000512,2026-02-13,732.0,582.82,0.0147,7,4,0,0
CRHIST0001594,CUST0000512,2026-03-11,724.0,11060.0,0.2991,3,7,0,0
CRHIST0001595,CUST0000512,2026-03-31,723.0,16629.22,0.7097,3,0,0,0
CRHIST0001596,CUST0000512,2026-04-02,715.0,9712.24,0.2263,6,2,0,0
CRHIST0001597,CUST0000513,2021-07-20,736.0,4121.09,0.1732,1,3,0,0
CRHIST0001598,CUST0000513,2021-11-18,742.0,6897.92,0.2128,2,1,0,0
CRHIST0001599,CUST0000513,2022-07-11,729.0,12143.69,0.3558,4,6,0,0
CRHIST0001600,CUST0000513,2022-11-22,718.0,19447.27,0.5734,2,0,0,0
CRHIST0001601,CUST0000513,2023-09-09,718.0,6759.86,0.1936,2,1,0,0
CRHIST0001602,CUST0000513,2024-09-05,723.0,6531.88,0.1551,3,3,1,0
CRHIST0001603,CUST0000514,2024-10-08,650.0,8895.63,0.6797,3,3,0,0
CRHIST0001604,CUST0000514,2024-10-10,,6586.04,0.4546,8,1,0,0
CRHIST0001605,CUST0000515,2026-03-30,718.0,5829.23,0.4073,3,1,0,0
CRHIST0001606,CUST0000515,2026-04-12,711.0,16278.73,0.5143,3,3,0,0
CRHIST0001607,CUST0000515,2026-04-13,716.0,17560.85,0.6263,3,2,0,0
CRHIST0001608,CUST0000515,2026-04-19,889.0,7522.86,0.3318,7,1,0,0
CRHIST0001609,CUST0000515,2026-04-19,714.0,13956.42,0.5483,3,4,0,0
CRHIST0001610,CUST0000516,2024-02-23,768.0,2692.96,0.1163,5,0,0,0
CRHIST0001611,CUST0000517,2023-04-18,,5260.96,0.8113,2,2,0,0
CRHIST0001612,CUST0000517,2023-05-05,666.0,6433.27,0.5507,4,4,0,0
CRHIST0001613,CUST0000518,2020-02-09,740.0,11053.76,0.365,3,4,0,0
CRHIST0001614,CUST0000518,2020-04-25,742.0,18816.82,0.5776,7,3,0,0
CRHIST0001615,CUST0000519,2022-10-18,650.0,771.34,0.2224,1,3,0,0
CRHIST0001616,CUST0000520,2025-12-24,704.0,2888.86,0.1491,1,3,0,0
CRHIST0001617,CUST0000520,2025-12-31,710.0,8707.56,0.4939,5,0,0,0
CRHIST0001618,CUST0000521,2025-02-11,700.0,24446.56,0.729,5,1,0,0
CRHIST0001619,CUST0000521,2025-03-28,716.0,26331.07,0.6872,1,2,0,0
CRHIST0001620,CUST0000521,2025-04-18,713.0,16816.98,0.411,3,5,0,0
CRHIST0001621,CUST0000521,2025-04-19,701.0,10274.13,0.5498,5,1,0,0
CRHIST0001622,CUST0000521,2025-05-06,695.0,12467.08,0.5535,2,5,0,0
CRHIST0001623,CUST0000521,2025-08-12,682.0,15085.65,0.6082,3,4,0,0
CRHIST0001624,CUST0000522,2023-03-08,690.0,3556.1,0.2189,2,2,0,0
CRHIST0001625,CUST0000522,2023-10-25,696.0,3033.06,0.2463,2,0,0,0
CRHIST0001626,CUST0000522,2024-03-14,698.0,4722.78,0.3548,4,0,0,0
CRHIST0001627,CUST0000523,2021-11-12,479.0,468.65,0.357,7,3,0,0
CRHIST0001628,CUST0000523,2022-02-14,481.0,1044.01,0.749,4,1,0,0
CRHIST0001629,CUST0000523,2022-09-13,486.0,280.02,0.2317,6,2,0,0
CRHIST0001630,CUST0000523,2023-06-07,480.0,791.19,0.431,5,3,0,0
CRHIST0001631,CUST0000523,2023-11-01,457.0,891.03,0.3881,5,3,0,2
CRHIST0001632,CUST0000524,2025-03-04,648.0,9284.2,0.5268,4,3,0,0
CRHIST0001633,CUST0000524,2025-03-19,641.0,16606.73,0.7475,5,2,0,0
CRHIST0001634,CUST0000524,2025-08-04,650.0,2338.57,0.2542,2,1,0,0
CRHIST0001635,CUST0000525,2026-06-13,657.0,9721.09,0.3731,3,1,0,0
CRHIST0001636,CUST0000526,2021-05-13,733.0,3284.44,0.2808,5,1,0,0
CRHIST0001637,CUST0000527,2025-03-23,691.0,12717.96,0.8157,6,2,0,0
CRHIST0001638,CUST0000527,2025-04-27,681.0,5164.06,0.1318,4,2,0,0
CRHIST0001639,CUST0000528,2021-10-11,729.0,11157.99,0.288,2,1,0,0
CRHIST0001640,CUST0000528,2021-10-13,727.0,21686.1,0.5033,4,3,0,0
CRHIST0001641,CUST0000529,2025-06-06,683.0,1793.3,0.3037,6,1,0,0
CRHIST0001642,CUST0000529,2025-06-16,672.0,2724.74,0.3787,3,0,0,0
CRHIST0001643,CUST0000529,2025-07-25,676.0,394.51,0.0534,1,6,0,0
CRHIST0001644,CUST0000530,2026-05-19,746.0,8664.0,0.4644,4,4,0,0
CRHIST0001645,CUST0000530,2026-05-24,752.0,23375.62,0.5717,3,1,0,1
CRHIST0001646,CUST0000530,2026-06-01,744.0,6392.28,0.1396,3,2,0,1
CRHIST0001647,CUST0000530,2026-06-03,741.0,6135.96,0.1974,3,1,0,1
CRHIST0001648,CUST0000530,2026-06-12,744.0,644.77,0.0366,3,3,0,1
CRHIST0001649,CUST0000531,2024-03-23,707.0,8816.24,0.4134,6,0,0,0
CRHIST0001650,CUST0000531,2024-03-29,707.0,10428.49,0.4996,6,2,0,0
CRHIST0001651,CUST0000532,2022-12-31,656.0,,0.5831,2,1,0,0
CRHIST0001652,CUST0000532,2023-04-07,662.0,6226.73,0.326,6,2,0,0
CRHIST0001653,CUST0000533,2021-09-14,645.0,,0.5699,6,0,0,2
CRHIST0001654,CUST0000533,2022-06-17,642.0,9255.78,0.4183,8,1,0,2
CRHIST0001655,CUST0000533,2023-02-20,661.0,14687.0,0.7726,3,2,0,2
CRHIST0001656,CUST0000533,2023-04-25,659.0,4494.02,0.2045,4,1,0,2
CRHIST0001657,CUST0000533,2024-08-13,656.0,6507.38,0.4939,3,2,0,2
CRHIST0001658,CUST0000534,2021-07-25,752.0,15325.9,0.2791,1,0,0,0
CRHIST0001659,CUST0000534,2022-02-14,755.0,3183.48,0.1076,4,0,0,0
CRHIST0001660,CUST0000535,2019-12-18,680.0,8406.25,0.5939,6,2,0,0
CRHIST0001661,CUST0000535,2021-02-13,684.0,5364.77,0.2626,6,2,0,0
CRHIST0001662,CUST0000535,2022-02-20,695.0,8224.19,0.4714,1,2,0,0
CRHIST0001663,CUST0000536,2025-09-03,642.0,8257.63,0.2391,6,2,0,0
CRHIST0001664,CUST0000536,2025-09-30,649.0,5147.54,0.1902,2,0,0,0
CRHIST0001665,CUST0000536,2025-10-11,648.0,7853.57,0.2591,4,0,0,0
CRHIST0001666,CUST0000536,2025-12-23,656.0,5039.32,0.3583,5,0,0,0
CRHIST0001667,CUST0000536,2026-01-01,647.0,7468.16,0.4941,3,3,0,0
CRHIST0001668,CUST0000537,2024-08-27,674.0,19077.92,0.5905,7,0,1,0
CRHIST0001669,CUST0000538,2021-05-26,,7045.54,0.3114,7,1,0,1
CRHIST0001670,CUST0000539,2023-12-11,524.0,1953.49,0.5094,4,6,0,0
CRHIST0001671,CUST0000539,2023-12-29,536.0,1495.15,0.6078,9,1,0,0
CRHIST0001672,CUST0000539,2024-05-21,530.0,1699.72,0.6822,4,1,0,0
CRHIST0001673,CUST0000539,2025-01-28,534.0,3469.09,0.956,5,2,0,0
CRHIST0001674,CUST0000540,2025-10-27,601.0,543.83,0.1447,5,2,0,0
CRHIST0001675,CUST0000541,2024-02-09,626.0,1684.9,0.2569,2,1,0,0
CRHIST0001676,CUST0000541,2024-04-16,643.0,1810.02,0.3766,11,2,0,0
CRHIST0001677,CUST0000541,2024-05-26,634.0,2347.28,0.5305,4,0,0,0
CRHIST0001678,CUST0000542,2026-01-11,642.0,9486.0,0.5407,5,5,0,0
CRHIST0001679,CUST0000542,2026-02-05,631.0,2233.46,0.1756,4,0,0,0
CRHIST0001680,CUST0000542,2026-02-10,624.0,2130.34,0.23,8,2,0,0
CRHIST0001681,CUST0000542,2026-02-14,626.0,6409.11,0.2947,1,3,0,0
CRHIST0001682,CUST0000542,2026-02-24,614.0,3851.67,0.1919,6,1,0,0
CRHIST0001683,CUST0000542,2026-05-18,631.0,2411.03,0.1291,4,0,0,0
CRHIST0001684,CUST0000543,2020-01-11,684.0,5398.07,0.5092,3,0,0,0
CRHIST0001685,CUST0000543,2021-12-30,-17.0,13904.74,0.5004,4,3,0,0
CRHIST0001686,CUST0000543,2022-02-21,685.0,13626.66,0.6887,6,0,0,0
CRHIST0001687,CUST0000544,2019-08-12,584.0,360.28,0.2027,6,1,0,0
CRHIST0001688,CUST0000545,2024-03-30,727.0,6668.98,0.2959,4,2,0,0
CRHIST0001689,CUST0000545,2024-05-02,702.0,19866.26,0.7042,4,2,0,0
CRHIST0001690,CUST0000546,2023-07-20,768.0,2343.84,0.1692,3,1,0,1
CRHIST0001691,CUST0000546,2024-09-05,778.0,12888.8,0.357,1,4,0,1
CRHIST0001692,CUST0000546,2024-09-14,765.0,16701.53,0.5252,3,4,0,1
CRHIST0001693,CUST0000546,2024-10-08,762.0,21431.91,0.6807,1,2,0,1
CRHIST0001694,CUST0000546,2024-12-13,783.0,8134.71,0.2035,5,0,0,1
CRHIST0001695,CUST0000547,2024-10-04,703.0,6753.67,0.3663,0,0,0,0
CRHIST0001696,CUST0000547,2025-08-31,686.0,1370.99,0.0771,2,5,0,0
CRHIST0001697,CUST0000548,2026-07-12,649.0,4123.87,0.593,4,3,0,0
CRHIST0001698,CUST0000549,2020-01-13,733.0,12675.28,0.4493,3,1,0,0
CRHIST0001699,CUST0000549,2021-04-19,716.0,10116.57,0.3415,5,1,0,0
CRHIST0001700,CUST0000549,2022-07-03,,2370.93,0.0817,3,2,0,0
CRHIST0001701,CUST0000549,2022-07-28,719.0,0.0,0.0,2,1,0,0
CRHIST0001702,CUST0000550,2026-03-17,781.0,6545.99,0.3188,2,1,0,0
CRHIST0001703,CUST0000550,2026-04-17,761.0,14388.06,0.4698,3,1,0,0
CRHIST0001704,CUST0000551,2019-06-26,791.0,9805.53,0.3899,2,1,0,0
CRHIST0001705,CUST0000551,2019-08-13,786.0,29375.95,0.7384,6,0,0,0
CRHIST0001706,CUST0000551,2019-09-06,782.0,6226.46,0.2655,2,1,0,0
CRHIST0001707,CUST0000551,2020-06-10,792.0,19497.83,0.7445,3,1,0,0
CRHIST0001708,CUST0000551,2021-08-23,789.0,0.0,0.0,1,1,0,0
CRHIST0001709,CUST0000552,2023-07-01,,2091.48,0.1202,4,1,0,0
CRHIST0001710,CUST0000552,2023-08-26,731.0,4445.47,0.2089,3,3,0,0
CRHIST0001711,CUST0000552,2023-08-28,724.0,5378.86,0.47,5,1,0,0
CRHIST0001712,CUST0000552,2024-02-29,729.0,3053.92,0.1733,1,3,0,0
CRHIST0001713,CUST0000552,2024-09-22,721.0,612.47,0.025,2,3,0,0
CRHIST0001714,CUST0000553,2025-05-12,738.0,11382.85,0.644,2,2,0,0
CRHIST0001715,CUST0000553,2025-08-29,716.0,20770.43,0.8648,2,0,0,0
CRHIST0001716,CUST0000554,2024-08-07,651.0,6485.95,0.216,5,1,0,0
CRHIST0001717,CUST0000554,2025-03-16,645.0,33166.12,0.7695,2,1,0,0
CRHIST0001718,CUST0000555,2021-04-28,636.0,25380.12,0.8867,4,2,0,0
CRHIST0001719,CUST0000556,2024-04-13,657.0,1507.45,0.126,0,2,0,0
CRHIST0001720,CUST0000556,2024-07-16,665.0,793.31,0.068,3,2,0,0
CRHIST0001721,CUST0000557,2025-12-19,789.0,4901.19,0.0957,2,4,0,0
CRHIST0001722,CUST0000557,2025-12-27,789.0,15343.54,0.2821,2,3,0,0
CRHIST0001723,CUST0000558,2020-10-25,758.0,5355.74,0.2529,2,3,0,0
CRHIST0001724,CUST0000558,2021-11-11,759.0,6118.82,0.3407,1,0,0,0
CRHIST0001725,CUST0000559,2026-05-09,633.0,14442.94,0.425,7,1,0,0
CRHIST0001726,CUST0000559,2026-05-31,644.0,3660.06,0.1807,2,2,0,2
CRHIST0001727,CUST0000559,2026-06-09,,5350.68,0.1436,3,5,0,2
CRHIST0001728,CUST0000559,2026-06-12,652.0,7194.94,0.2034,5,3,0,2
CRHIST0001729,CUST0000559,2026-06-26,636.0,18583.62,0.4459,4,1,0,2
CRHIST0001730,CUST0000560,2024-06-06,740.0,14992.28,0.5363,2,2,0,0
CRHIST0001731,CUST0000561,2019-10-23,745.0,12517.01,0.677,0,2,0,0
CRHIST0001732,CUST0000561,2020-10-15,750.0,430.99,0.0235,5,1,0,0
CRHIST0001733,CUST0000562,2022-04-11,701.0,10180.72,0.5708,8,1,0,0
CRHIST0001734,CUST0000562,2022-06-29,720.0,2122.94,0.131,2,0,0,0
CRHIST0001735,CUST0000562,2022-09-20,722.0,2368.17,0.1985,9,3,0,0
CRHIST0001736,CUST0000563,2025-08-31,702.0,20666.56,0.5139,4,1,0,0
CRHIST0001737,CUST0000563,2025-09-15,702.0,16571.59,0.4161,4,3,0,0
CRHIST0001738,CUST0000563,2025-09-15,690.0,21335.65,0.4484,6,0,0,0
CRHIST0001739,CUST0000564,2021-10-20,638.0,3404.61,0.6652,4,3,0,0
CRHIST0001740,CUST0000564,2022-01-12,616.0,3597.49,0.5489,2,1,0,0
CRHIST0001741,CUST0000564,2022-09-07,624.0,1514.68,0.4462,4,1,0,0
CRHIST0001742,CUST0000565,2026-04-06,663.0,20932.45,0.7188,3,1,0,0
CRHIST0001743,CUST0000565,2026-04-07,669.0,5331.57,0.4961,4,1,0,0
CRHIST0001744,CUST0000566,2023-06-22,585.0,992.92,0.1975,4,2,0,0
CRHIST0001745,CUST0000566,2023-12-02,575.0,1913.56,0.2773,3,0,0,2
CRHIST0001746,CUST0000566,2024-05-14,551.0,5655.68,0.5629,6,4,0,2
CRHIST0001747,CUST0000567,2022-06-03,794.0,14709.75,0.5907,6,4,0,0
CRHIST0001748,CUST0000567,2022-06-12,789.0,0.0,0.0,4,2,0,0
CRHIST0001749,CUST0000567,2022-09-29,811.0,2282.13,0.1061,2,3,0,0
CRHIST0001750,CUST0000567,2023-06-07,801.0,3336.31,0.1352,3,2,0,0
CRHIST0001751,CUST0000568,2025-09-07,634.0,3093.41,0.1294,3,0,0,1
CRHIST0001752,CUST0000568,2025-09-10,625.0,4562.01,0.4615,9,2,0,1
CRHIST0001753,CUST0000568,2025-11-18,617.0,7347.84,0.332,6,1,0,1
CRHIST0001754,CUST0000569,2025-02-21,666.0,6688.26,0.674,4,1,0,0
CRHIST0001755,CUST0000570,2021-01-22,709.0,9942.5,0.4091,4,1,0,0
CRHIST0001756,CUST0000570,2021-04-23,707.0,1799.31,0.0583,1,3,0,0
CRHIST0001757,CUST0000570,2021-04-24,,24550.8,0.8074,4,0,0,0
CRHIST0001758,CUST0000570,2022-11-01,669.0,,0.3326,5,1,0,0
CRHIST0001759,CUST0000571,2024-12-22,755.0,1853.18,0.1585,2,2,0,1
CRHIST0001760,CUST0000571,2025-07-22,,2992.24,0.2252,2,0,0,1
CRHIST0001761,CUST0000571,2025-10-07,771.0,1916.36,0.1862,4,0,0,1
CRHIST0001762,CUST0000572,2021-03-01,726.0,12141.74,0.444,4,2,0,0
CRHIST0001763,CUST0000572,2021-07-13,734.0,10606.03,0.5785,2,1,0,0
CRHIST0001764,CUST0000573,2025-12-22,661.0,2716.65,0.1306,2,3,0,0
CRHIST0001765,CUST0000573,2026-01-23,658.0,4884.47,0.2672,3,4,0,0
CRHIST0001766,CUST0000573,2026-02-02,640.0,14202.45,0.6221,6,3,0,0
CRHIST0001767,CUST0000573,2026-02-19,624.0,7133.26,0.3962,4,3,0,0
CRHIST0001768,CUST0000574,2019-11-13,675.0,3369.61,0.2551,6,6,0,0
CRHIST0001769,CUST0000575,2024-07-05,692.0,18872.9,0.6864,5,4,0,2
CRHIST0001770,CUST0000575,2024-08-18,707.0,1561.51,0.1335,8,1,0,2
CRHIST0001771,CUST0000576,2021-07-25,714.0,17957.47,0.5542,5,1,0,0
CRHIST0001772,CUST0000576,2021-11-20,730.0,12281.77,0.3674,3,5,0,0
CRHIST0001773,CUST0000577,2024-08-30,744.0,5957.06,0.1863,5,3,0,0
CRHIST0001774,CUST0000577,2024-09-24,767.0,8273.24,0.4844,3,2,0,0
CRHIST0001775,CUST0000577,2025-01-03,756.0,12337.88,0.399,4,2,0,0
CRHIST0001776,CUST0000578,2026-06-27,659.0,600.39,0.0603,0,2,0,0
CRHIST0001777,CUST0000579,2024-07-18,679.0,2905.89,0.2994,2,2,0,0
CRHIST0001778,CUST0000579,2025-03-01,661.0,6482.0,0.3007,3,3,0,0
CRHIST0001779,CUST0000579,2025-05-18,653.0,2589.62,0.1231,5,0,0,0
CRHIST0001780,CUST0000580,2022-09-27,508.0,1228.57,0.4643,8,1,0,0
CRHIST0001781,CUST0000580,2023-02-02,499.0,889.5,0.4747,6,3,0,0
CRHIST0001782,CUST0000580,2023-02-22,500.0,3011.9,0.615,5,2,0,0
CRHIST0001783,CUST0000581,2025-07-20,701.0,3337.59,0.2738,3,2,0,0
CRHIST0001784,CUST0000581,2025-08-03,709.0,7910.89,0.3094,2,0,0,0
CRHIST0001785,CUST0000581,2025-09-20,710.0,,0.3127,2,1,0,0
CRHIST0001786,CUST0000582,2020-11-24,666.0,9690.17,0.514,2,2,0,0
CRHIST0001787,CUST0000583,2023-09-21,701.0,5822.14,0.5938,2,1,0,1
CRHIST0001788,CUST0000584,2026-06-23,667.0,2743.13,0.2402,1,1,0,0
CRHIST0001789,CUST0000584,2026-06-25,677.0,2606.91,0.2465,2,2,0,0
CRHIST0001790,CUST0000585,2021-09-28,736.0,3098.33,0.0885,0,2,0,0
CRHIST0001791,CUST0000585,2021-10-08,724.0,13086.48,0.6689,3,0,0,0
CRHIST0001792,CUST0000585,2021-12-06,708.0,5418.01,0.2571,6,1,0,0
CRHIST0001793,CUST0000586,2022-01-14,598.0,2653.76,0.6627,6,1,0,0
CRHIST0001794,CUST0000586,2022-01-25,607.0,1948.64,0.2942,7,4,0,0
CRHIST0001795,CUST0000586,2022-05-29,608.0,596.15,0.0855,6,1,0,0
CRHIST0001796,CUST0000586,2023-11-14,599.0,2499.61,0.4029,5,1,0,0
CRHIST0001797,CUST0000587,2022-08-01,547.0,2621.51,0.8388,5,2,0,0
CRHIST0001798,CUST0000587,2023-02-15,559.0,572.14,0.1073,4,3,0,0
CRHIST0001799,CUST0000588,2023-05-17,712.0,11754.06,0.5225,4,2,0,0
CRHIST0001800,CUST0000588,2023-08-01,692.0,2311.99,0.149,1,3,0,1
CRHIST0001801,CUST0000588,2024-08-13,,14144.34,0.672,3,1,0,1
CRHIST0001802,CUST0000589,2025-04-25,629.0,7940.16,0.6189,2,2,0,0
CRHIST0001803,CUST0000589,2025-08-15,630.0,7244.8,0.3872,0,2,0,0
CRHIST0001804,CUST0000589,2025-11-22,616.0,6103.93,0.3483,4,0,0,2
CRHIST0001805,CUST0000589,2026-02-02,647.0,3388.24,0.2704,4,1,0,2
CRHIST0001806,CUST0000590,2025-04-11,690.0,7267.94,0.3797,3,1,0,0
CRHIST0001807,CUST0000590,2025-05-04,693.0,10259.96,0.2708,1,0,0,0
CRHIST0001808,CUST0000590,2025-05-19,675.0,7452.23,0.2134,1,2,0,0
CRHIST0001809,CUST0000590,2025-05-25,646.0,9446.05,0.531,4,3,0,0
CRHIST0001810,CUST0000590,2025-07-29,652.0,1558.56,0.0549,3,0,0,0
CRHIST0001811,CUST0000591,2021-09-27,716.0,2255.39,0.2693,3,2,0,0
CRHIST0001812,CUST0000592,2024-12-29,679.0,5046.24,0.1908,5,4,1,0
CRHIST0001813,CUST0000592,2025-05-02,663.0,9760.1,0.3802,7,1,1,0
CRHIST0001814,CUST0000592,2025-05-23,676.0,7912.69,0.5896,7,2,1,0
CRHIST0001815,CUST0000592,2025-12-25,690.0,11452.15,0.3876,1,2,1,0
CRHIST0001816,CUST0000593,2021-02-03,500.0,311.53,0.1825,8,0,0,0
CRHIST0001817,CUST0000593,2021-02-10,503.0,887.48,0.448,1,2,0,0
CRHIST0001818,CUST0000594,2020-06-14,678.0,4435.47,0.4448,5,6,0,0
CRHIST0001819,CUST0000595,2023-09-15,681.0,6372.24,0.2528,3,0,0,0
CRHIST0001820,CUST0000595,2024-02-01,679.0,4287.66,0.3714,7,3,0,0
CRHIST0001821,CUST0000595,2025-02-04,674.0,10124.27,0.4978,7,2,0,0
CRHIST0001822,CUST0000595,2025-05-07,672.0,6031.3,0.3953,2,1,1,0
CRHIST0001823,CUST0000595,2025-07-30,686.0,9804.75,0.3506,3,2,1,0
CRHIST0001824,CUST0000596,2024-06-05,753.0,2569.89,0.0602,2,0,0,0
CRHIST0001825,CUST0000596,2024-08-21,749.0,15297.71,0.6577,3,3,0,0
CRHIST0001826,CUST0000596,2024-11-24,736.0,12489.26,0.5251,2,4,0,0
CRHIST0001827,CUST0000596,2025-03-14,738.0,298.19,0.0062,3,0,0,1
CRHIST0001828,CUST0000597,2025-07-04,798.0,23764.21,0.3647,1,3,0,0
CRHIST0001829,CUST0000598,2023-10-08,652.0,1982.01,0.4301,5,2,0,0
CRHIST0001830,CUST0000598,2023-11-18,635.0,2008.7,0.4253,5,2,0,0
CRHIST0001831,CUST0000598,2023-12-12,637.0,1167.05,0.2335,3,2,0,0
CRHIST0001832,CUST0000599,2020-08-06,675.0,11022.21,0.5036,6,2,0,0
CRHIST0001833,CUST0000599,2020-09-27,691.0,3542.85,0.2842,5,5,0,2
CRHIST0001834,CUST0000600,2024-04-08,669.0,2496.25,0.4641,3,0,0,0
CRHIST0001835,CUST0000600,2024-05-18,696.0,1457.41,0.2479,3,2,0,0
CRHIST0001836,CUST0000601,2022-09-18,758.0,0.0,0.0,1,1,0,0
CRHIST0001837,CUST0000601,2022-10-26,760.0,6823.78,0.2992,1,0,0,0
CRHIST0001838,CUST0000601,2023-02-01,760.0,10415.36,0.4966,4,0,0,0
CRHIST0001839,CUST0000602,2021-09-12,696.0,10499.17,0.3781,5,2,0,0
CRHIST0001840,CUST0000602,2021-10-22,712.0,13901.99,0.4435,2,2,0,0
CRHIST0001841,CUST0000602,2021-11-17,707.0,11623.48,0.5734,5,0,0,0
CRHIST0001842,CUST0000602,2021-12-01,743.0,13705.12,0.4508,4,2,0,0
CRHIST0001843,CUST0000602,2021-12-28,736.0,1401.18,0.074,3,0,0,0
CRHIST0001844,CUST0000602,2023-01-19,729.0,4002.05,0.1702,2,0,0,0
CRHIST0001845,CUST0000603,2022-09-29,688.0,13563.11,0.5309,5,1,0,0
CRHIST0001846,CUST0000604,2025-03-18,701.0,4207.36,0.2832,3,0,0,0
CRHIST0001847,CUST0000604,2025-10-14,732.0,10925.64,0.3745,2,0,0,0
CRHIST0001848,CUST0000605,2020-10-04,628.0,12909.69,0.5275,1,3,0,0
CRHIST0001849,CUST0000606,2023-05-30,689.0,5454.07,0.5263,4,1,0,0
CRHIST0001850,CUST0000606,2023-07-12,,1776.5,0.2316,3,1,0,0
CRHIST0001851,CUST0000606,2023-12-16,676.0,6022.32,0.4675,5,5,0,0
CRHIST0001852,CUST0000607,2021-05-09,547.0,549.83,0.4658,9,0,0,0
CRHIST0001853,CUST0000607,2022-02-20,517.0,1453.16,0.7503,10,3,0,0
CRHIST0001854,CUST0000608,2024-09-27,721.0,9981.13,0.3494,2,3,0,0
CRHIST0001855,CUST0000608,2024-10-07,710.0,532.71,0.0215,3,2,0,0
CRHIST0001856,CUST0000608,2024-10-30,724.0,1819.64,0.0685,3,1,0,0
CRHIST0001857,CUST0000608,2024-11-03,740.0,5677.14,0.264,0,2,0,0
CRHIST0001858,CUST0000608,2025-01-26,735.0,1582.38,0.0627,5,2,0,0
CRHIST0001859,CUST0000609,2021-06-03,687.0,25821.0,0.4324,1,0,0,0
CRHIST0001860,CUST0000609,2021-06-21,686.0,21606.57,0.219,2,3,0,0
CRHIST0001861,CUST0000610,2026-03-13,614.0,5549.99,0.4828,4,2,0,0
CRHIST0001862,CUST0000611,2025-12-16,534.0,912.56,0.5047,4,6,0,0
CRHIST0001863,CUST0000611,2025-12-21,548.0,1490.7,0.7674,6,3,0,0
CRHIST0001864,CUST0000612,2025-08-01,634.0,9116.77,0.7048,5,2,0,0
CRHIST0001865,CUST0000612,2025-08-02,656.0,9919.8,0.4616,4,1,0,0
CRHIST0001866,CUST0000612,2025-10-07,687.0,13721.54,0.6143,2,0,0,0
CRHIST0001867,CUST0000612,2025-10-30,692.0,2387.35,0.1658,3,1,0,0
CRHIST0001868,CUST0000612,2025-11-23,706.0,4281.17,0.424,6,3,0,0
CRHIST0001869,CUST0000612,2025-12-24,710.0,9812.27,0.526,1,3,0,0
CRHIST0001870,CUST0000612,2026-02-07,710.0,5459.14,0.4036,2,0,0,0
CRHIST0001871,CUST0000613,2021-10-05,685.0,3422.28,0.1523,2,3,0,0
CRHIST0001872,CUST0000613,2021-10-16,690.0,2985.75,0.3343,5,7,0,0
CRHIST0001873,CUST0000614,2025-01-18,695.0,1270.36,0.2147,4,1,0,0
CRHIST0001874,CUST0000614,2025-03-13,726.0,3024.82,0.2098,2,1,0,0
CRHIST0001875,CUST0000615,2020-02-02,759.0,,0.5278,5,3,0,0
CRHIST0001876,CUST0000615,2021-07-03,745.0,688.71,0.0371,6,4,0,0
CRHIST0001877,CUST0000616,2022-11-06,683.0,2630.1,0.2162,4,1,0,0
CRHIST0001878,CUST0000616,2023-05-01,671.0,2118.19,0.2742,3,2,0,0
CRHIST0001879,CUST0000616,2023-06-23,669.0,858.49,0.1676,1,3,0,0
CRHIST0001880,CUST0000617,2020-04-16,707.0,20715.37,0.5619,3,2,0,0
CRHIST0001881,CUST0000617,2020-05-23,693.0,9883.72,0.2616,7,2,0,0
CRHIST0001882,CUST0000617,2020-06-23,673.0,4106.3,0.1653,5,1,0,1
CRHIST0001883,CUST0000617,2020-10-04,661.0,9320.78,0.3046,3,5,0,1
CRHIST0001884,CUST0000617,2020-12-23,660.0,17125.37,0.6442,6,0,0,1
CRHIST0001885,CUST0000618,2019-07-11,730.0,,0.2093,2,4,0,0
CRHIST0001886,CUST0000618,2020-07-17,743.0,6448.95,0.2127,1,2,0,0
CRHIST0001887,CUST0000619,2022-05-09,587.0,1939.09,0.7268,5,2,0,0
CRHIST0001888,CUST0000619,2023-01-03,603.0,872.85,0.2909,1,1,0,0
CRHIST0001889,CUST0000619,2023-05-30,580.0,829.19,0.5287,4,4,0,0
CRHIST0001890,CUST0000620,2023-07-07,775.0,0.0,0.0,2,0,0,0
CRHIST0001891,CUST0000620,2023-11-15,756.0,32276.89,0.4674,2,4,0,0
CRHIST0001892,CUST0000620,2023-12-19,770.0,27075.35,0.5963,3,3,0,0
CRHIST0001893,CUST0000620,2024-08-01,771.0,1887.44,0.0452,0,3,0,0
CRHIST0001894,CUST0000620,2025-03-04,775.0,18090.54,0.2512,6,0,0,0
CRHIST0001895,CUST0000620,2025-03-09,774.0,0.0,0.0,3,2,0,0
CRHIST0001896,CUST0000621,2025-12-09,655.0,2097.39,0.249,6,1,0,0
CRHIST0001897,CUST0000621,2026-01-05,645.0,8149.45,0.6862,3,0,0,0
CRHIST0001898,CUST0000622,2021-04-01,506.0,1155.96,0.4705,6,2,0,0
CRHIST0001899,CUST0000622,2021-04-08,503.0,710.16,0.209,4,3,0,2
CRHIST0001900,CUST0000622,2021-08-03,506.0,1607.54,0.4531,2,1,0,2
CRHIST0001901,CUST0000622,2021-10-16,499.0,1435.36,0.8601,2,3,0,2
CRHIST0001902,CUST0000622,2022-09-06,493.0,852.64,0.3742,5,1,0,2
CRHIST0001903,CUST0000622,2023-06-08,491.0,1479.32,0.414,6,4,0,2
CRHIST0001904,CUST0000623,2022-05-19,686.0,1342.78,0.3251,6,1,0,0
CRHIST0001905,CUST0000623,2022-12-23,678.0,2776.73,0.6751,3,2,0,0
CRHIST0001906,CUST0000623,2023-03-05,665.0,1271.25,0.2111,3,2,0,0
CRHIST0001907,CUST0000624,2024-06-21,732.0,2396.61,0.186,4,2,0,0
CRHIST0001908,CUST0000624,2025-02-21,725.0,797.27,0.0881,1,0,0,0
CRHIST0001909,CUST0000625,2020-08-02,699.0,4392.54,0.4947,3,1,0,0
CRHIST0001910,CUST0000625,2020-09-20,695.0,,0.1418,7,0,0,0
CRHIST0001911,CUST0000626,2025-02-09,706.0,4557.06,0.2781,2,2,0,0
CRHIST0001912,CUST0000626,2025-05-15,694.0,17437.03,0.5654,4,3,0,0
CRHIST0001913,CUST0000626,2025-08-15,685.0,15031.48,0.4756,1,2,0,1
CRHIST0001914,CUST0000626,2025-11-25,676.0,5791.01,0.3124,5,2,0,1
CRHIST0001915,CUST0000626,2026-02-13,670.0,645.09,0.0517,2,2,0,1
CRHIST0001916,CUST0000626,2026-04-07,682.0,19451.7,0.7068,4,0,0,1
CRHIST0001917,CUST0000627,2023-11-04,658.0,375.18,0.12,7,2,0,1
CRHIST0001918,CUST0000628,2023-04-28,703.0,3793.35,0.6425,2,3,0,0
CRHIST0001919,CUST0000628,2023-08-01,723.0,6744.3,0.5546,1,1,0,0
CRHIST0001920,CUST0000628,2023-09-01,729.0,3878.25,0.46,2,4,0,0
CRHIST0001921,CUST0000629,2020-02-23,663.0,9303.24,0.56,4,4,0,0
CRHIST0001922,CUST0000630,2020-04-16,702.0,13795.97,0.382,1,4,0,0
CRHIST0001923,CUST0000630,2020-10-18,706.0,13980.64,0.3231,2,3,0,0
CRHIST0001924,CUST0000630,2020-10-29,713.0,16350.24,0.3892,4,1,0,0
CRHIST0001925,CUST0000630,2020-12-15,708.0,5345.61,0.127,2,3,0,0
CRHIST0001926,CUST0000630,2021-04-04,698.0,6450.4,0.3781,6,1,0,0
CRHIST0001927,CUST0000630,2022-08-30,694.0,14307.13,0.328,3,1,0,0
CRHIST0001928,CUST0000630,2023-03-04,699.0,24870.61,0.5978,4,2,0,0
CRHIST0001929,CUST0000631,2025-10-25,717.0,3586.3,0.3561,2,4,0,0
CRHIST0001930,CUST0000631,2025-11-10,,2644.07,0.372,1,0,0,1
CRHIST0001931,CUST0000631,2025-12-02,723.0,4556.43,0.5364,5,3,0,1
CRHIST0001932,CUST0000632,2025-11-07,782.0,3788.64,0.1854,2,2,0,0
CRHIST0001933,CUST0000632,2025-11-26,771.0,28537.52,0.7124,0,4,0,0
CRHIST0001934,CUST0000632,2025-11-30,762.0,7747.34,0.2104,5,5,0,0
CRHIST0001935,CUST0000632,2026-01-17,870.0,5596.77,0.2933,4,2,0,0
CRHIST0001936,CUST0000632,2026-02-12,751.0,16020.62,0.492,1,2,0,0
CRHIST0001937,CUST0000633,2022-12-16,689.0,3764.2,0.1601,3,1,0,0
CRHIST0001938,CUST0000634,2023-12-25,745.0,2227.58,0.1267,5,0,0,0
CRHIST0001939,CUST0000634,2024-06-19,743.0,2991.14,0.3007,1,0,0,0
CRHIST0001940,CUST0000634,2024-06-21,749.0,3188.45,0.3667,5,2,0,0
CRHIST0001941,CUST0000635,2023-06-16,687.0,7034.89,0.1577,4,2,0,0
CRHIST0001942,CUST0000635,2024-03-16,680.0,27930.45,0.571,2,3,0,0
CRHIST0001943,CUST0000636,2023-10-19,707.0,5437.8,0.3133,5,0,0,0
CRHIST0001944,CUST0000637,2024-08-31,722.0,13669.3,0.3419,4,2,0,0
CRHIST0001945,CUST0000637,2025-04-01,729.0,13686.12,0.3239,0,1,0,0
CRHIST0001946,CUST0000638,2024-01-26,718.0,3293.76,0.1289,2,4,0,0
CRHIST0001947,CUST0000638,2024-02-08,733.0,11687.07,0.5126,2,3,0,0
CRHIST0001948,CUST0000639,2022-06-08,728.0,3522.45,0.1509,6,3,0,0
CRHIST0001949,CUST0000639,2022-06-24,760.0,3823.72,0.2747,3,2,0,0
CRHIST0001950,CUST0000639,2022-07-31,759.0,5738.15,0.2123,6,4,0,0
CRHIST0001951,CUST0000639,2022-11-01,768.0,4104.59,0.2009,1,1,0,0
CRHIST0001952,CUST0000639,2023-04-24,786.0,5883.15,0.2592,1,1,0,0
CRHIST0001953,CUST0000639,2025-05-19,800.0,10979.01,0.5294,3,5,0,0
CRHIST0001954,CUST0000639,2025-09-13,798.0,4849.88,0.2704,2,0,0,0
CRHIST0001955,CUST0000639,2026-04-13,783.0,9767.95,0.5992,4,2,0,0
CRHIST0001956,CUST0000639,2026-08-06,756.0,7467.14,0.6719,2,0,0,0
CRHIST0001957,CUST0000640,2020-05-19,778.0,0.0,0.0,1,1,0,0
CRHIST0001958,CUST0000640,2020-12-02,783.0,19533.44,0.3279,3,1,0,0
CRHIST0001959,CUST0000640,2021-08-19,785.0,12786.16,0.4391,4,2,0,0
CRHIST0001960,CUST0000640,2022-10-01,783.0,18556.99,0.247,6,3,0,0
CRHIST0001961,CUST0000641,2025-07-16,616.0,5997.63,0.4438,3,1,0,0
CRHIST0001962,CUST0000641,2025-07-30,615.0,5557.94,0.4308,2,2,0,0
CRHIST0001963,CUST0000641,2025-08-16,607.0,7036.76,0.4257,2,1,0,0
CRHIST0001964,CUST0000641,2025-08-17,608.0,8232.19,0.5522,6,1,0,0
CRHIST0001965,CUST0000641,2025-09-06,595.0,9738.38,0.4076,5,2,0,0
CRHIST0001966,CUST0000641,2026-03-04,599.0,10446.97,0.6714,2,2,0,0
CRHIST0001967,CUST0000642,2025-03-31,629.0,1431.5,0.1956,4,1,0,0
CRHIST0001968,CUST0000642,2025-05-27,613.0,1970.67,0.4195,2,4,0,0
CRHIST0001969,CUST0000642,2025-06-14,616.0,2352.14,0.3287,3,1,0,0
CRHIST0001970,CUST0000642,2025-08-14,628.0,4312.92,0.6081,4,1,0,0
CRHIST0001971,CUST0000642,2025-08-14,645.0,1015.31,0.3705,0,2,0,0
CRHIST0001972,CUST0000643,2020-10-12,600.0,5465.44,0.478,2,2,0,0
CRHIST0001973,CUST0000643,2021-02-05,606.0,3601.92,0.6433,5,1,0,0
CRHIST0001974,CUST0000643,2021-06-16,610.0,8148.3,0.7839,6,1,0,0
CRHIST0001975,CUST0000643,2021-07-05,620.0,5148.15,0.4235,2,3,0,0
CRHIST0001976,CUST0000644,2020-08-21,743.0,14900.33,0.3675,5,3,0,0
CRHIST0001977,CUST0000644,2021-04-05,745.0,27997.04,0.6149,7,1,0,0
CRHIST0001978,CUST0000644,2022-06-26,752.0,11771.37,0.6585,2,2,0,0
CRHIST0001979,CUST0000645,2022-10-14,782.0,8313.86,0.3172,4,0,0,0
CRHIST0001980,CUST0000645,2022-10-19,781.0,128.2,0.006,1,1,0,0
CRHIST0001981,CUST0000646,2024-05-29,788.0,7056.71,0.4037,3,3,0,0
CRHIST0001982,CUST0000646,2024-08-01,789.0,19241.63,0.5151,2,3,0,0
CRHIST0001983,CUST0000647,2024-03-23,729.0,1058.47,0.0621,3,2,0,0
CRHIST0001984,CUST0000648,2021-04-02,697.0,3654.48,0.2394,4,5,0,0
CRHIST0001985,CUST0000648,2021-05-07,672.0,15423.42,0.5387,6,4,0,0
CRHIST0001986,CUST0000648,2021-09-12,668.0,6642.77,0.3316,5,1,0,0
CRHIST0001987,CUST0000648,2021-10-13,662.0,4371.59,0.1201,5,2,1,0
CRHIST0001988,CUST0000649,2020-08-21,684.0,3008.59,0.3845,0,2,0,0
CRHIST0001989,CUST0000649,2021-02-08,698.0,1789.86,0.1682,4,3,0,0
CRHIST0001990,CUST0000649,2022-01-16,671.0,1777.32,0.1116,4,4,0,0
CRHIST0001991,CUST9513985,2022-09-30,667.0,8238.48,0.5797,4,0,0,0
CRHIST0001992,CUST0000650,2020-10-15,668.0,710.06,0.1539,3,2,0,0
CRHIST0001993,CUST0000650,2020-10-26,644.0,4068.12,0.5799,6,3,0,0
CRHIST0001994,CUST0000650,2023-02-25,632.0,2328.3,0.2768,2,0,0,1
CRHIST0001995,CUST0000650,2024-02-20,620.0,619.73,0.0751,3,2,0,1
CRHIST0001996,CUST0000651,2022-08-06,786.0,0.0,0.0,4,2,0,0
CRHIST0001997,CUST0000651,2023-06-01,769.0,25924.6,0.5971,0,2,0,0
CRHIST0001998,CUST0000652,2021-04-10,661.0,1268.8,0.1295,5,1,0,0
CRHIST0001999,CUST0000652,2021-10-01,647.0,8080.63,0.3714,2,2,0,2
CRHIST0002000,CUST0000652,2023-04-01,642.0,,0.5108,4,3,0,2
CRHIST0002001,CUST0000652,2023-09-08,628.0,12679.19,0.5283,4,1,0,2
CRHIST0002002,CUST0000653,2023-03-31,701.0,2024.5,0.094,1,2,0,0
CRHIST0002003,CUST0000653,2024-05-12,706.0,8588.24,0.2305,4,2,0,0
CRHIST0002004,CUST0000653,2024-05-21,717.0,8550.63,0.3183,3,3,0,2
CRHIST0002005,CUST0000653,2024-06-09,727.0,4137.23,0.1478,3,3,0,2
CRHIST0002006,CUST0000654,2020-06-16,706.0,3881.22,0.1328,2,2,0,0
CRHIST0002007,CUST0000655,2026-03-03,692.0,7328.66,0.1872,4,0,0,0
CRHIST0002008,CUST0000655,2026-03-20,692.0,32183.9,0.6511,5,1,0,0
CRHIST0002009,CUST0000655,2026-04-02,693.0,6256.45,0.2762,2,2,0,0
CRHIST0002010,CUST0000656,2025-12-08,734.0,6693.81,0.2171,1,1,0,0
CRHIST0002011,CUST0000656,2025-12-26,726.0,6201.99,0.2636,0,5,0,0
CRHIST0002012,CUST0000656,2026-02-28,722.0,2802.67,0.137,1,3,0,0
CRHIST0002013,CUST0000656,2026-03-10,724.0,6856.9,0.1866,2,2,0,0
CRHIST0002014,CUST0000656,2026-03-26,706.0,,0.4929,1,1,0,0
CRHIST0002015,CUST0000656,2026-03-29,706.0,3321.88,0.1205,2,4,0,0
CRHIST0002016,CUST0000656,2026-04-23,690.0,11704.21,0.3313,3,2,0,0
CRHIST0002017,CUST0000657,2022-02-16,695.0,2334.73,0.3056,5,3,0,0
CRHIST0002018,CUST0000657,2022-04-16,711.0,4546.1,0.5928,6,2,0,0
CRHIST0002019,CUST0000657,2022-09-01,699.0,4177.6,0.6846,4,0,0,0
CRHIST0002020,CUST0000657,2022-09-10,709.0,3938.45,0.3658,2,4,0,0
CRHIST0002021,CUST0000657,2023-02-19,709.0,3890.0,0.4596,4,5,0,0
CRHIST0002022,CUST0000658,2025-04-16,586.0,536.06,0.2664,2,2,0,0
CRHIST0002023,CUST0000658,2025-04-16,573.0,1074.2,0.3544,3,4,0,0
CRHIST0002024,CUST0000658,2025-05-18,,826.56,0.44,5,5,0,0
CRHIST0002025,CUST0000658,2025-10-28,583.0,820.15,0.5169,9,1,0,0
CRHIST0002026,CUST0000658,2025-11-20,607.0,763.28,0.1977,3,2,0,0
CRHIST0002027,CUST0000659,2023-05-05,699.0,7660.54,0.4113,8,1,0,0
CRHIST0002028,CUST0000660,2019-04-16,666.0,2667.05,0.2337,3,2,0,0
CRHIST0002029,CUST0000660,2021-02-06,671.0,7576.03,0.2945,4,1,0,0
CRHIST0002030,CUST0000660,2021-08-27,682.0,10562.04,0.4459,3,2,0,0
CRHIST0002031,CUST0000660,2021-11-14,700.0,6223.96,0.3434,5,2,0,0
CRHIST0002032,CUST0000660,2022-01-17,704.0,8004.16,0.45,5,2,0,0
CRHIST0002033,CUST0000660,2024-06-21,709.0,1147.09,0.0965,1,2,0,0
CRHIST0002034,CUST0000661,2023-03-07,672.0,11506.48,0.3368,3,0,0,0
CRHIST0002035,CUST0000661,2023-07-17,664.0,10097.17,0.2535,5,2,0,0
CRHIST0002036,CUST0000662,2019-11-15,662.0,7588.4,0.4442,5,1,0,0
CRHIST0002037,CUST0000662,2021-08-08,662.0,35349.76,0.8833,6,3,0,0
CRHIST0002038,CUST0000663,2024-06-17,613.0,4202.74,0.5698,1,5,0,0
CRHIST0002039,CUST0000663,2024-07-01,617.0,2006.16,0.2111,6,0,0,0
CRHIST0002040,CUST0000663,2024-08-16,629.0,3837.97,0.5235,6,1,0,0
CRHIST0002041,CUST0000664,2025-03-23,547.0,1122.3,0.4843,4,3,0,0
CRHIST0002042,CUST0000664,2025-03-26,541.0,603.25,0.3836,5,2,0,0
CRHIST0002043,CUST0000664,2025-05-30,526.0,706.34,0.3647,5,2,0,0
CRHIST0002044,CUST0000664,2025-06-11,499.0,948.39,0.3326,2,0,0,0
CRHIST0002045,CUST0000665,2024-07-28,690.0,13209.46,0.5163,3,1,0,0
CRHIST0002046,CUST0000665,2024-09-01,689.0,7937.51,0.2143,3,3,0,0
CRHIST0002047,CUST0000665,2024-09-30,691.0,22208.39,0.683,2,3,0,0
CRHIST0002048,CUST0000666,2019-04-01,493.0,320.63,0.2388,5,2,1,0
CRHIST0002049,CUST0000666,2019-10-30,497.0,1271.58,0.6275,4,3,1,0
CRHIST0002050,CUST0000667,2020-12-15,618.0,3847.99,0.2985,3,4,0,0
CRHIST0002051,CUST0000667,2021-11-16,627.0,5448.53,0.1463,3,3,0,1
CRHIST0002052,CUST0000667,2022-01-18,641.0,14729.96,0.619,4,4,0,1
CRHIST0002053,CUST0000667,2022-03-11,640.0,2417.9,0.1021,6,1,0,1
CRHIST0002054,CUST0000668,2023-01-27,699.0,3012.3,0.2274,7,1,0,0
CRHIST0002055,CUST0000668,2023-04-24,679.0,7983.91,0.7965,1,2,0,0
CRHIST0002056,CUST0000668,2023-06-10,676.0,4979.83,0.544,4,1,0,0
CRHIST0002057,CUST0000668,2023-07-01,693.0,1528.67,0.2,1,2,0,0
CRHIST0002058,CUST0000669,2021-03-08,517.0,2948.34,0.624,7,1,0,0
CRHIST0002059,CUST0000669,2021-10-26,517.0,2769.29,0.593,8,1,0,0
CRHIST0002060,CUST0000669,2022-03-03,534.0,3161.86,0.5722,4,2,0,0
CRHIST0002061,CUST0000670,2020-02-12,690.0,6957.51,0.3142,5,0,0,0
CRHIST0002062,CUST0000671,2021-07-19,648.0,4529.16,0.4266,6,3,0,0
CRHIST0002063,CUST0000671,2021-09-07,665.0,9530.29,0.7884,6,1,0,0
CRHIST0002064,CUST0000671,2021-10-22,670.0,8019.29,0.4547,2,2,0,0
CRHIST0002065,CUST0000671,2022-05-24,666.0,2989.37,0.3302,2,4,0,0
CRHIST0002066,CUST0000672,2024-03-17,708.0,4775.97,0.2529,5,1,0,0
CRHIST0002067,CUST0000672,2024-05-02,708.0,2187.41,0.1301,3,2,0,1
CRHIST0002068,CUST0000673,2020-08-14,659.0,4117.47,0.4989,1,1,0,0
CRHIST0002069,CUST0000673,2020-08-30,657.0,3383.77,0.5466,2,4,0,0
CRHIST0002070,CUST0000673,2021-08-08,664.0,5517.48,0.5436,7,2,0,1
CRHIST0002071,CUST0000673,2021-08-11,643.0,5283.15,0.5898,6,2,0,1
CRHIST0002072,CUST0000674,2026-08-20,658.0,4813.7,0.5757,3,3,0,0
CRHIST0002073,CUST9364119,2026-08-21,676.0,2966.35,0.5259,5,3,0,2
CRHIST0002074,CUST0000674,2026-08-21,683.0,272.28,0.0262,5,1,0,2
CRHIST0002075,CUST0000674,2026-08-22,694.0,1057.84,0.1399,9,7,0,2
CRHIST0002076,CUST0000674,2026-08-22,688.0,3641.56,0.2872,2,3,0,2
CRHIST0002077,CUST0000675,2022-10-02,738.0,2665.25,0.1615,6,3,0,0
CRHIST0002078,CUST0000675,2023-04-16,725.0,6467.01,0.3006,4,1,0,0
CRHIST0002079,CUST0000675,2023-11-27,717.0,1951.07,0.1102,3,2,0,0
CRHIST0002080,CUST0000675,2024-05-23,712.0,1974.9,0.1014,3,0,0,0
CRHIST0002081,CUST0000676,2020-07-10,665.0,16949.85,0.3816,7,2,0,0
CRHIST0002082,CUST0000676,2020-09-11,667.0,20396.11,0.4441,6,1,0,0
CRHIST0002083,CUST0000676,2021-07-27,657.0,9545.9,0.2133,2,2,0,2
CRHIST0002084,CUST0000676,2022-03-12,663.0,14714.37,0.2942,7,1,0,2
CRHIST0002085,CUST0000676,2024-01-18,664.0,6406.31,0.1814,1,3,0,2
CRHIST0002086,CUST0000676,2024-10-19,684.0,18752.1,0.4376,2,2,0,2
CRHIST0002087,CUST0000676,2024-11-26,700.0,3861.02,0.1068,2,2,0,2
CRHIST0002088,CUST0000676,2025-03-10,703.0,26202.64,0.5004,6,0,0,2
CRHIST0002089,CUST0000676,2025-03-15,692.0,38052.92,0.5697,4,3,0,2
CRHIST0002090,CUST0000677,2019-05-01,662.0,885.55,0.2608,4,0,0,0
CRHIST0002091,CUST0000678,2026-04-28,722.0,5712.73,0.6294,2,4,0,0
CRHIST0002092,CUST0000678,2026-05-17,746.0,1017.32,0.0743,2,3,0,0
CRHIST0002093,CUST0000679,2024-06-06,672.0,2874.06,0.3829,4,2,0,0
CRHIST0002094,CUST0000679,2024-08-03,661.0,4087.51,0.445,3,1,0,1
CRHIST0002095,CUST0000679,2024-10-20,652.0,5131.03,0.3265,3,3,0,1
CRHIST0002096,CUST0000680,2025-09-14,673.0,7356.79,0.3467,3,1,0,0
CRHIST0002097,CUST0000680,2025-09-18,675.0,2306.93,0.1258,3,3,0,2
CRHIST0002098,CUST0000680,2025-09-26,685.0,8786.33,0.4572,5,3,0,2
CRHIST0002099,CUST0000681,2024-12-15,501.0,564.94,0.4445,6,1,0,0
CRHIST0002100,CUST0000681,2025-05-24,501.0,452.73,0.3786,5,2,0,0
CRHIST0002101,CUST0000681,2025-07-24,488.0,409.81,0.4596,4,4,0,0
CRHIST0002102,CUST0000681,2025-08-05,511.0,767.29,0.8804,2,3,0,0
CRHIST0002103,CUST0000682,2026-07-19,683.0,2279.57,0.1002,3,3,0,0
CRHIST0002104,CUST0000682,2026-07-23,,8309.91,0.2489,1,5,0,2
CRHIST0002105,CUST0000682,2026-07-27,683.0,5204.32,0.3754,4,5,0,2
CRHIST0002106,CUST0000683,2025-12-19,640.0,3326.45,0.1361,7,5,0,0
CRHIST0002107,CUST0000684,2025-03-13,661.0,7609.61,0.5609,6,1,0,0
CRHIST0002108,CUST0000684,2025-05-09,669.0,6964.41,0.289,2,2,0,0
CRHIST0002109,CUST0000684,2025-06-09,666.0,1149.2,0.0584,4,3,0,0
CRHIST0002110,CUST0000684,2025-07-11,676.0,6317.65,0.4105,2,3,0,0
CRHIST0002111,CUST0000685,2025-08-03,634.0,7198.63,0.4059,9,2,0,0
CRHIST0002112,CUST0000685,2025-08-27,635.0,8759.21,0.5513,3,2,0,1
CRHIST0002113,CUST0000685,2025-09-04,647.0,3066.27,0.3759,2,3,0,1
CRHIST0002114,CUST0000685,2025-09-19,647.0,3234.52,0.3249,2,4,0,1
CRHIST0002115,CUST0000686,2025-07-22,691.0,4392.71,0.355,2,0,0,0
CRHIST0002116,CUST0000686,2025-08-08,700.0,4206.91,0.3155,7,4,0,0
CRHIST0002117,CUST0000686,2025-11-01,682.0,2966.27,0.3364,3,4,0,0
CRHIST0002118,CUST0000687,2021-02-24,659.0,1583.04,0.1043,4,0,0,1
CRHIST0002119,CUST0000687,2021-04-20,660.0,19278.3,0.8296,6,4,0,1
CRHIST0002120,CUST0000688,2023-10-15,611.0,246.83,0.0828,5,2,0,0
CRHIST0002121,CUST0000688,2024-03-18,594.0,1674.8,0.6993,3,2,0,0
CRHIST0002122,CUST0000688,2024-05-30,610.0,,0.5108,3,1,0,0
CRHIST0002123,CUST0000688,2024-06-17,619.0,1304.2,0.5119,4,1,0,0
CRHIST0002124,CUST0000688,2024-06-30,,1225.01,0.2478,3,2,0,0
CRHIST0002125,CUST0000689,2026-07-19,677.0,3439.31,0.3195,2,1,0,0
CRHIST0002126,CUST0000690,2025-09-16,686.0,713.94,0.0537,2,0,0,0
CRHIST0002127,CUST0000690,2025-10-23,721.0,2352.3,0.1012,1,1,0,0
CRHIST0002128,CUST0000690,2025-10-29,-32.0,8270.93,0.3298,3,2,0,0
CRHIST0002129,CUST0000690,2025-11-08,730.0,4063.73,0.2057,3,2,0,0
CRHIST0002130,CUST0000691,2020-12-29,635.0,10715.16,0.686,7,2,0,0
CRHIST0002131,CUST0000692,2021-01-15,680.0,5942.26,0.2515,1,3,0,0
CRHIST0002132,CUST0000692,2021-01-23,669.0,16832.93,0.5873,4,4,0,0
CRHIST0002133,CUST0000693,2021-06-20,728.0,0.0,0.0,4,4,0,0
CRHIST0002134,CUST0000693,2021-07-25,707.0,2246.21,0.148,4,0,0,0
CRHIST0002135,CUST0000693,2022-04-29,709.0,4981.51,0.613,3,4,0,0
CRHIST0002136,CUST0000694,2024-09-09,547.0,2295.26,0.2981,2,2,0,0
CRHIST0002137,CUST0000694,2024-11-02,537.0,1042.38,0.3304,4,3,0,0
CRHIST0002138,CUST0000695,2022-01-04,650.0,15787.56,0.4041,4,4,0,0
CRHIST0002139,CUST0000695,2022-04-06,640.0,13817.4,0.239,2,3,0,0
CRHIST0002140,CUST0000695,2022-05-21,626.0,22838.76,0.54,7,1,0,0
CRHIST0002141,CUST0000695,2022-07-29,620.0,21789.59,0.4299,4,0,0,0
CRHIST0002142,CUST0000695,2023-02-22,613.0,14269.58,0.321,1,1,0,0
CRHIST0002143,CUST0000696,2024-03-02,684.0,5338.69,0.3108,6,3,0,0
CRHIST0002144,CUST0000696,2024-11-10,687.0,3536.25,0.1845,6,2,0,0
CRHIST0002145,CUST0000696,2025-02-04,692.0,5861.86,0.3884,4,5,0,0
CRHIST0002146,CUST0000697,2021-09-16,668.0,6188.83,0.4016,2,1,0,0
CRHIST0002147,CUST0000697,2022-01-03,687.0,13161.0,0.3273,7,2,0,0
CRHIST0002148,CUST0000698,2020-02-21,662.0,11660.51,0.3705,5,2,0,0
CRHIST0002149,CUST0000698,2020-06-16,653.0,7809.79,0.2594,2,2,0,0
CRHIST0002150,CUST0000698,2022-05-05,642.0,15942.39,0.7632,5,2,0,0
CRHIST0002151,CUST0000698,2023-12-14,627.0,13451.0,0.4789,5,1,0,0
CRHIST0002152,CUST0000698,2024-10-17,622.0,4471.51,0.173,4,3,0,0
CRHIST0002153,CUST0000698,2024-12-18,647.0,11479.61,0.3989,4,0,0,0
CRHIST0002154,CUST0000699,2025-02-04,738.0,39471.85,0.5322,7,2,0,0
CRHIST0002155,CUST0000700,2021-04-02,,1262.73,0.7995,9,2,0,0
CRHIST0002156,CUST0000700,2021-08-01,514.0,1182.95,0.6213,6,2,0,0
CRHIST0002157,CUST0000700,2022-04-28,531.0,929.36,0.6701,4,2,0,0
CRHIST0002158,CUST0000701,2019-05-23,571.0,510.78,0.2233,5,2,0,0
CRHIST0002159,CUST0000701,2021-01-02,569.0,3810.74,0.8838,2,1,0,0
CRHIST0002160,CUST0000701,2021-11-30,,2697.8,0.7068,6,1,0,0
CRHIST0002161,CUST0000701,2022-09-24,575.0,3656.18,0.8817,5,2,0,0
CRHIST0002162,CUST0000702,2020-08-26,704.0,1309.83,0.0735,1,2,0,0
CRHIST0002163,CUST0000702,2021-04-09,715.0,27396.43,0.6507,4,2,0,0
CRHIST0002164,CUST0000702,2021-07-29,707.0,20160.2,0.7063,3,2,0,0
CRHIST0002165,CUST0000702,2022-05-30,714.0,13803.42,0.3549,3,2,0,0
CRHIST0002166,CUST0000702,2023-10-07,680.0,2098.49,0.0823,3,3,0,0
CRHIST0002167,CUST0000702,2023-11-26,682.0,9776.67,0.3132,6,1,0,0
CRHIST0002168,CUST0000702,2025-04-05,677.0,3334.35,0.1951,2,2,0,0
CRHIST0002169,CUST0000703,2022-02-23,652.0,3682.47,0.2528,3,3,0,0
CRHIST0002170,CUST0000703,2022-08-07,648.0,4557.22,0.4436,3,4,0,0
CRHIST0002171,CUST0000704,2022-06-15,545.0,2801.6,0.8166,5,2,0,0
CRHIST0002172,CUST0000705,2025-11-29,681.0,11702.07,0.3709,6,2,0,0
CRHIST0002173,CUST0000705,2025-12-03,682.0,11405.02,0.3292,2,1,0,0
CRHIST0002174,CUST0000705,2025-12-23,696.0,7807.6,0.2889,1,3,0,0
CRHIST0002175,CUST0000705,2025-12-27,682.0,1274.6,0.0349,6,2,0,0
CRHIST0002176,CUST0000705,2026-01-12,681.0,12067.34,0.4163,5,2,0,0
CRHIST0002177,CUST0000706,2022-05-12,635.0,3221.07,0.5562,7,1,0,0
CRHIST0002178,CUST0000706,2022-10-14,636.0,2887.91,0.4133,5,3,0,0
CRHIST0002179,CUST0000706,2023-08-15,620.0,2185.66,0.4404,7,2,0,0
CRHIST0002180,CUST0000706,2023-10-06,625.0,3620.23,0.4468,3,2,0,0
CRHIST0002181,CUST0000707,2023-09-06,607.0,3307.72,0.303,6,2,0,0
CRHIST0002182,CUST9974102,2025-06-21,589.0,5354.26,0.4563,5,3,0,0
CRHIST0002183,CUST0000708,2021-02-13,631.0,4655.9,0.4965,6,3,0,0
CRHIST0002184,CUST0000709,2023-03-09,594.0,8320.96,0.3892,1,2,0,0
CRHIST0002185,CUST0000709,2023-12-28,600.0,3879.89,0.1937,4,2,0,0
CRHIST0002186,CUST0000710,2021-05-14,727.0,23286.54,0.5796,4,3,0,0
CRHIST0002187,CUST0000710,2021-11-19,721.0,14442.36,0.3535,3,1,0,2
CRHIST0002188,CUST0000711,2021-12-18,710.0,9161.32,0.3057,1,1,0,0
CRHIST0002189,CUST0000711,2022-01-02,-16.0,6330.2,0.1987,2,1,0,0
CRHIST0002190,CUST0000712,2024-03-06,646.0,4515.14,0.259,1,2,0,2
CRHIST0002191,CUST0000712,2024-04-30,655.0,16116.99,0.7353,4,3,0,2
CRHIST0002192,CUST0000713,2023-07-08,762.0,7136.1,0.1066,4,2,0,0
CRHIST0002193,CUST0000714,2020-01-21,758.0,6592.69,0.2203,3,1,0,0
CRHIST0002194,CUST0000714,2021-06-01,753.0,2735.8,0.1042,3,2,0,0
CRHIST0002195,CUST9167853,2021-11-30,747.0,4798.36,0.131,3,1,0,0
CRHIST0002196,CUST0000714,2024-01-09,766.0,6855.78,0.2082,6,2,0,0
CRHIST0002197,CUST0000714,2024-08-14,,9131.99,0.2257,2,2,0,0
CRHIST0002198,CUST0000714,2024-12-14,,9569.48,0.1841,1,2,0,0
CRHIST0002199,CUST0000714,2026-02-24,735.0,11084.37,0.2963,4,0,0,0
CRHIST0002200,CUST0000715,2020-05-06,697.0,18622.25,0.6432,6,3,0,0
CRHIST0002201,CUST0000715,2020-05-10,682.0,494.55,0.0371,3,1,0,0
CRHIST0002202,CUST0000716,2021-07-25,719.0,5786.23,0.577,2,2,0,0
CRHIST0002203,CUST0000716,2022-05-03,727.0,3530.12,0.3226,4,1,0,0
CRHIST0002204,CUST0000717,2025-11-27,666.0,7970.86,0.4168,3,3,0,0
CRHIST0002205,CUST0000717,2026-01-23,676.0,11659.34,0.5084,2,2,0,0
CRHIST0002206,CUST0000718,2022-08-01,706.0,6764.98,0.3732,6,0,0,0
CRHIST0002207,CUST0000718,2022-08-31,729.0,9004.83,0.8183,4,0,0,0
CRHIST0002208,CUST0000719,2023-08-08,727.0,1127.82,0.1183,1,3,0,0
CRHIST0002209,CUST0000719,2023-11-17,709.0,1018.17,0.1244,6,2,0,0
CRHIST0002210,CUST0000719,2024-03-04,713.0,6534.42,0.6718,2,5,0,0
CRHIST0002211,CUST0000720,2022-08-31,653.0,1813.8,0.0761,7,0,0,0
CRHIST0002212,CUST0000720,2023-08-04,670.0,4750.2,0.4258,3,4,0,0
CRHIST0002213,CUST0000721,2021-10-14,684.0,10341.45,0.4381,3,1,0,0
CRHIST0002214,CUST0000722,2020-01-21,660.0,19189.62,0.7657,3,2,0,0
CRHIST0002215,CUST0000722,2020-01-22,-21.0,18273.09,0.9435,2,1,0,0
CRHIST0002216,CUST0000722,2020-12-29,653.0,10223.03,0.6679,6,3,0,0
CRHIST0002217,CUST0000723,2023-02-27,694.0,11179.42,0.6011,3,1,0,2
CRHIST0002218,CUST0000723,2023-10-11,708.0,6952.78,0.5085,5,2,0,2
CRHIST0002219,CUST0000723,2023-11-17,724.0,2220.75,0.1046,3,2,0,2
CRHIST0002220,CUST0000724,2026-08-22,726.0,3808.61,0.0882,2,3,0,0
CRHIST0002221,CUST0000724,2026-08-22,728.0,3382.2,0.1609,3,3,0,0
CRHIST0002222,CUST0000724,2026-08-22,741.0,6417.23,0.1537,4,2,0,0
CRHIST0002223,CUST0000725,2026-03-13,660.0,6228.82,0.418,2,3,0,2
CRHIST0002224,CUST0000725,2026-03-30,663.0,13946.7,0.6668,7,3,0,2
CRHIST0002225,CUST0000725,2026-04-05,649.0,6533.08,0.5486,3,2,0,2
CRHIST0002226,CUST0000726,2021-12-03,718.0,9113.46,0.6416,2,2,0,0
CRHIST0002227,CUST0000726,2022-03-28,706.0,15095.99,0.4547,4,1,0,0
CRHIST0002228,CUST0000727,2023-02-20,699.0,23827.98,0.5942,3,3,0,0
CRHIST0002229,CUST0000727,2023-05-17,695.0,23940.88,0.5905,5,1,0,0
CRHIST0002230,CUST0000727,2023-12-19,687.0,19948.56,0.6196,3,2,0,0
CRHIST0002231,CUST0000727,2024-07-04,685.0,9783.08,0.5992,5,0,0,0
CRHIST0002232,CUST0000727,2024-10-18,699.0,6382.84,0.388,1,4,0,0
CRHIST0002233,CUST0000728,2021-04-07,767.0,25309.81,0.6805,1,1,0,0
CRHIST0002234,CUST0000728,2022-12-19,774.0,8342.95,0.2097,5,0,0,0
CRHIST0002235,CUST0000728,2022-12-27,784.0,7187.53,0.2077,1,2,0,0
CRHIST0002236,CUST0000729,2026-01-17,696.0,24382.75,0.556,7,3,0,0
CRHIST0002237,CUST0000729,2026-02-01,695.0,34040.25,0.5908,2,3,0,0
CRHIST0002238,CUST0000729,2026-02-03,683.0,36753.64,0.5894,6,1,0,0
CRHIST0002239,CUST0000730,2023-05-06,490.0,648.11,0.5744,3,1,0,0
CRHIST0002240,CUST0000730,2023-05-11,481.0,266.86,0.3496,7,1,0,0
CRHIST0002241,CUST0000730,2025-01-12,490.0,670.45,0.4607,4,0,0,0
CRHIST0002242,CUST0000730,2025-04-07,504.0,929.88,0.4675,3,3,0,0
CRHIST0002243,CUST0000730,2025-05-03,506.0,1637.96,0.8154,6,3,0,0
CRHIST0002244,CUST0000731,2026-01-20,728.0,19314.02,0.5585,2,0,0,0
CRHIST0002245,CUST0000731,2026-02-03,725.0,3510.38,0.095,2,5,0,0
CRHIST0002246,CUST0000732,2025-07-14,694.0,6544.21,0.3185,4,0,0,0
CRHIST0002247,CUST0000732,2025-07-24,695.0,6811.77,0.4941,3,0,0,0
CRHIST0002248,CUST0000733,2021-11-10,857.0,5200.66,0.2573,4,3,0,0
CRHIST0002249,CUST0000733,2021-12-10,821.0,18884.9,0.5388,3,0,0,0
CRHIST0002250,CUST0000733,2022-02-17,831.0,6713.01,0.2255,3,4,0,0
CRHIST0002251,CUST0000733,2022-04-26,819.0,592.65,0.0291,3,3,0,0
CRHIST0002252,CUST0000733,2023-03-18,805.0,25146.25,0.828,2,0,0,0
CRHIST0002253,CUST0000733,2023-11-12,808.0,11390.75,0.343,4,2,0,0
CRHIST0002254,CUST0000734,2022-09-18,774.0,12164.59,0.2634,6,5,0,0
CRHIST0002255,CUST0000734,2022-12-21,787.0,10053.64,0.2683,4,3,0,0
CRHIST0002256,CUST0000734,2023-02-16,779.0,12732.08,0.4168,2,3,0,0
CRHIST0002257,CUST0000734,2023-04-17,772.0,7744.62,0.291,0,1,0,0
CRHIST0002258,CUST0000735,2023-05-18,555.0,2444.64,0.7604,1,1,1,0
CRHIST0002259,CUST0000735,2024-04-24,553.0,404.01,0.2356,3,1,1,0
CRHIST0002260,CUST0000735,2024-04-26,573.0,749.43,0.3216,2,1,1,0
CRHIST0002261,CUST0000735,2024-11-23,563.0,1839.21,0.6038,5,4,2,0
CRHIST0002262,CUST0000736,2021-02-12,733.0,13328.51,0.5137,3,1,0,1
CRHIST0002263,CUST0000736,2021-04-27,728.0,24997.49,0.5964,4,1,0,1
CRHIST0002264,CUST0000736,2022-01-06,743.0,5778.39,0.2731,6,1,0,1
CRHIST0002265,CUST0000737,2025-06-04,731.0,2824.03,0.1752,3,3,0,0
CRHIST0002266,CUST0000737,2025-10-24,740.0,3084.38,0.2294,1,5,0,0
CRHIST0002267,CUST0000737,2025-11-30,732.0,8050.82,0.6119,4,2,0,0
CRHIST0002268,CUST0000738,2023-10-23,747.0,2803.96,0.087,8,0,0,0
CRHIST0002269,CUST0000738,2023-12-12,739.0,3078.95,0.1514,2,2,0,0
CRHIST0002270,CUST0000738,2024-01-17,732.0,499.89,0.0177,4,4,0,0
CRHIST0002271,CUST0000739,2021-04-17,721.0,17386.55,0.6253,4,3,0,1
CRHIST0002272,CUST0000739,2022-03-13,729.0,13183.6,0.6074,7,1,0,1
CRHIST0002273,CUST0000739,2022-04-11,732.0,4268.12,0.3131,0,3,0,1
CRHIST0002274,CUST0000739,2022-08-24,735.0,7408.22,0.3127,2,4,0,1
CRHIST0002275,CUST0000740,2023-08-28,662.0,5436.9,0.3979,2,2,0,0
CRHIST0002276,CUST0000740,2023-09-22,678.0,,0.6138,5,5,0,0
CRHIST0002277,CUST0000740,2023-09-28,691.0,15492.17,0.6769,2,2,0,0
CRHIST0002278,CUST0000740,2023-12-30,673.0,2951.43,0.1136,4,2,0,2
CRHIST0002279,CUST0000740,2024-06-30,659.0,3226.19,0.1643,1,3,0,2
CRHIST0002280,CUST0000741,2025-06-06,616.0,6236.12,0.7633,7,1,0,0
CRHIST0002281,CUST0000741,2025-06-22,636.0,3200.22,0.2211,5,2,0,0
CRHIST0002282,CUST0000742,2023-02-24,747.0,7267.36,0.4195,3,0,0,0
CRHIST0002283,CUST0000742,2023-12-09,738.0,4978.53,0.1698,3,3,0,0
CRHIST0002284,CUST0000742,2023-12-17,726.0,12100.0,0.4089,3,2,0,0
CRHIST0002285,CUST0000742,2024-04-27,730.0,2683.1,0.1493,4,4,0,0
CRHIST0002286,CUST0000742,2024-11-05,740.0,4454.13,0.2164,0,0,0,0
CRHIST0002287,CUST0000742,2025-08-01,730.0,6323.51,0.238,3,1,0,0
CRHIST0002288,CUST0000742,2025-08-14,737.0,7750.9,0.3955,0,2,0,0
CRHIST0002289,CUST0000743,2024-06-16,713.0,7741.3,0.2073,4,1,0,0
CRHIST0002290,CUST0000743,2024-08-09,716.0,2707.52,0.1068,3,1,0,0
CRHIST0002291,CUST0000743,2024-09-13,708.0,22984.31,0.6413,2,3,0,0
CRHIST0002292,CUST0000743,2024-10-30,714.0,13193.17,0.4306,4,2,0,0
CRHIST0002293,CUST0000744,2026-07-13,705.0,10232.76,0.3567,9,2,0,0
CRHIST0002294,CUST0000744,2026-07-17,706.0,9493.79,0.3559,5,3,0,0
CRHIST0002295,CUST0000744,2026-07-21,713.0,2572.78,0.233,1,2,0,0
CRHIST0002296,CUST0000744,2026-07-24,712.0,1938.58,0.1831,1,3,0,1
CRHIST0002297,CUST0000745,2021-08-29,686.0,6510.81,0.5269,5,5,0,0
CRHIST0002298,CUST0000745,2022-06-16,667.0,442.79,0.0246,7,1,0,0
CRHIST0002299,CUST0000745,2023-02-01,649.0,3525.12,0.5419,2,2,0,0
CRHIST0002300,CUST0000746,2026-08-13,686.0,13625.85,0.7303,2,0,0,0
CRHIST0002301,CUST0000746,2026-08-15,692.0,2962.78,0.1463,3,1,0,0
CRHIST0002302,CUST0000746,2026-08-16,694.0,5368.66,0.4132,2,1,0,0
CRHIST0002303,CUST0000746,2026-08-17,693.0,9126.86,0.3679,7,1,0,0
CRHIST0002304,CUST0000747,2022-03-31,,4738.31,0.4208,4,1,0,0
CRHIST0002305,CUST0000747,2022-08-27,656.0,3082.91,0.3816,3,4,0,0
CRHIST0002306,CUST0000747,2022-09-14,648.0,9032.37,0.7346,2,0,0,0
CRHIST0002307,CUST0000747,2023-01-01,645.0,13283.99,0.791,6,1,0,1
CRHIST0002308,CUST0000748,2024-01-05,679.0,16024.72,0.4513,2,1,0,0
CRHIST0002309,CUST0000748,2024-04-09,677.0,12584.31,0.3493,3,1,0,2
CRHIST0002310,CUST0000748,2024-08-13,698.0,9035.49,0.2709,1,3,0,2
CRHIST0002311,CUST0000748,2024-09-04,686.0,10486.55,0.3985,2,0,0,2
CRHIST0002312,CUST0000749,2024-12-24,742.0,18269.41,0.6155,5,2,1,0
CRHIST0002313,CUST0000749,2025-02-17,743.0,10153.46,0.3425,5,2,1,0
CRHIST0002314,CUST0000749,2025-02-28,727.0,8158.22,0.4185,3,4,1,0
CRHIST0002315,CUST0000750,2020-08-21,745.0,5453.07,0.2594,1,0,1,0
CRHIST0002316,CUST0000750,2021-02-24,741.0,6401.05,0.388,2,2,1,0
CRHIST0002317,CUST0000751,2024-09-12,693.0,6279.74,0.4904,2,3,0,0
CRHIST0002318,CUST0000752,2023-07-07,744.0,11332.44,0.2122,2,1,0,0
CRHIST0002319,CUST0000752,2023-08-10,754.0,11835.38,0.3655,3,3,0,0
CRHIST0002320,CUST0000752,2023-09-26,764.0,4513.31,0.1115,3,1,0,0
CRHIST0002321,CUST0000752,2023-10-20,774.0,5677.47,0.155,1,1,0,0
CRHIST0002322,CUST0000753,2024-07-20,741.0,16422.07,0.5331,4,2,0,0
CRHIST0002323,CUST0000754,2026-04-19,717.0,4359.4,0.4278,3,0,0,0
CRHIST0002324,CUST0000754,2026-04-30,731.0,2168.94,0.3601,1,2,0,0
CRHIST0002325,CUST0000754,2026-05-24,756.0,4728.96,0.5971,2,1,0,0
CRHIST0002326,CUST0000754,2026-06-18,757.0,2898.8,0.5512,5,2,0,0
CRHIST0002327,CUST0000755,2022-12-01,724.0,727.13,0.0289,4,2,0,0
CRHIST0002328,CUST0000755,2023-02-15,732.0,13548.95,0.3751,2,2,0,0
CRHIST0002329,CUST0000755,2023-10-09,735.0,10555.35,0.2719,3,2,0,0
CRHIST0002330,CUST0000755,2024-06-01,736.0,13368.42,0.3664,5,3,0,0
CRHIST0002331,CUST0000755,2024-08-30,730.0,8069.54,0.1997,4,4,0,1
CRHIST0002332,CUST0000756,2026-01-30,722.0,14633.73,0.5974,4,8,0,0
CRHIST0002333,CUST0000757,2023-05-14,719.0,0.0,0.0,1,3,0,0
CRHIST0002334,CUST0000757,2023-05-19,703.0,661.85,0.0262,9,1,0,0
CRHIST0002335,CUST0000757,2023-05-28,698.0,15385.31,0.5733,1,3,0,0
CRHIST0002336,CUST0000758,2021-01-02,654.0,24977.22,0.5025,4,4,0,0
CRHIST0002337,CUST0000759,2024-06-04,816.0,5032.79,0.0922,1,3,0,0
CRHIST0002338,CUST0000759,2024-06-06,826.0,968.44,0.0168,2,0,0,0
CRHIST0002339,CUST0000759,2024-08-11,807.0,23006.29,0.2537,2,2,0,0
CRHIST0002340,CUST0000760,2021-12-07,729.0,8629.73,0.4842,3,3,0,0
CRHIST0002341,CUST0000760,2023-04-29,745.0,0.0,0.0,5,2,0,0
CRHIST0002342,CUST0000761,2025-11-21,685.0,6586.95,0.2019,4,0,0,0
CRHIST0002343,CUST0000761,2026-01-01,686.0,13658.13,0.6156,6,2,0,0
CRHIST0002344,CUST0000761,2026-01-31,681.0,19102.67,0.8167,2,0,0,0
CRHIST0002345,CUST0000761,2026-03-20,673.0,26608.29,0.7923,3,2,0,1
CRHIST0002346,CUST0000761,2026-03-25,656.0,9100.74,0.3336,6,2,0,1
CRHIST0002347,CUST0000762,2020-10-17,658.0,12663.98,0.4665,2,1,0,0
CRHIST0002348,CUST0000762,2021-06-18,645.0,,0.3018,2,4,0,0
CRHIST0002349,CUST0000762,2022-04-01,662.0,15560.15,0.7075,9,1,0,0
CRHIST0002350,CUST0000762,2022-07-29,646.0,10727.07,0.4578,1,2,0,0
CRHIST0002351,CUST0000763,2022-12-02,680.0,30030.47,0.5813,3,1,0,0
CRHIST0002352,CUST0000763,2023-05-16,697.0,37764.46,0.7139,0,4,0,0
CRHIST0002353,CUST0000763,2024-06-06,674.0,4823.05,0.1219,6,1,0,0
CRHIST0002354,CUST0000763,2025-02-07,671.0,17834.86,0.4945,3,2,0,0
CRHIST0002355,CUST0000763,2025-10-03,683.0,12009.25,0.5286,3,1,0,0
CRHIST0002356,CUST0000763,2025-11-09,656.0,28548.67,0.6729,5,3,0,0
CRHIST0002357,CUST0000763,2026-03-17,642.0,30499.68,0.6544,4,1,0,0
CRHIST0002358,CUST0000764,2025-06-20,662.0,7928.9,0.1868,2,4,0,0
CRHIST0002359,CUST0000764,2025-09-12,653.0,33278.59,0.802,7,3,0,0
CRHIST0002360,CUST0000764,2025-12-07,657.0,3950.03,0.1297,5,2,1,0
CRHIST0002361,CUST0000764,2025-12-12,663.0,5803.91,0.1643,5,4,1,0
CRHIST0002362,CUST0000765,2019-09-14,543.0,4141.16,0.6537,9,1,0,2
CRHIST0002363,CUST0000765,2020-04-07,523.0,1630.11,0.4464,1,3,0,2
CRHIST0002364,CUST0000765,2021-02-03,529.0,4340.41,0.5873,4,1,0,2
CRHIST0002365,CUST0000766,2023-05-15,635.0,7674.65,0.3866,3,1,0,0
CRHIST0002366,CUST0000766,2023-10-27,636.0,9729.36,0.4522,1,2,0,0
CRHIST0002367,CUST0000766,2024-02-27,623.0,14695.55,0.4654,4,4,0,0
CRHIST0002368,CUST0000766,2024-09-13,597.0,1690.73,0.0566,1,2,0,0
CRHIST0002369,CUST0000767,2022-12-12,680.0,5389.4,0.2885,8,2,0,0
CRHIST0002370,CUST0000767,2024-04-28,679.0,4353.0,0.2669,5,1,0,0
CRHIST0002371,CUST0000767,2025-01-27,683.0,1892.0,0.1028,5,1,0,0
CRHIST0002372,CUST0000767,2025-02-06,694.0,2467.33,0.2865,4,4,0,0
CRHIST0002373,CUST0000767,2025-07-09,680.0,,0.6541,4,2,0,0
CRHIST0002374,CUST0000767,2025-10-11,663.0,7278.44,0.3874,7,1,0,0
CRHIST0002375,CUST0000768,2021-10-05,757.0,50446.65,0.716,5,6,0,0
CRHIST0002376,CUST0000768,2021-11-28,772.0,18507.34,0.2849,1,0,0,0
CRHIST0002377,CUST0000769,2024-03-02,680.0,4953.23,0.7698,6,1,0,0
CRHIST0002378,CUST0000769,2024-08-07,693.0,2304.51,0.2668,4,1,0,0
CRHIST0002379,CUST0000769,2024-11-10,878.0,4409.56,0.6341,8,3,0,0
CRHIST0002380,CUST0000769,2025-04-22,683.0,3315.49,0.3464,4,2,0,0
CRHIST0002381,CUST0000769,2025-10-16,679.0,443.86,0.0473,1,0,0,0
CRHIST0002382,CUST0000770,2021-10-02,553.0,345.95,0.2471,4,1,0,0
CRHIST0002383,CUST0000770,2022-09-05,547.0,,0.7169,4,2,0,0
CRHIST0002384,CUST0000770,2023-01-26,538.0,404.59,0.1684,6,4,0,0
CRHIST0002385,CUST0000771,2021-12-01,672.0,13088.75,0.4711,0,2,0,0
CRHIST0002386,CUST0000771,2022-01-23,660.0,11588.26,0.6436,2,0,0,0
CRHIST0002387,CUST0000771,2022-09-21,652.0,9627.32,0.4224,5,2,0,0
CRHIST0002388,CUST0000771,2023-01-07,626.0,11556.34,0.4759,7,1,1,0
CRHIST0002389,CUST0000771,2023-05-30,641.0,16087.5,0.4772,4,1,2,0
CRHIST0002390,CUST0000772,2021-08-29,694.0,14130.6,0.3161,9,4,0,0
CRHIST0002391,CUST0000772,2022-04-30,690.0,4246.72,0.1419,2,1,0,0
CRHIST0002392,CUST0000772,2022-09-04,691.0,3785.66,0.1168,1,4,0,0
CRHIST0002393,CUST0000772,2022-12-08,691.0,615.79,0.0119,3,1,0,0
CRHIST0002394,CUST0000772,2023-09-24,700.0,17375.58,0.4973,7,0,0,0
CRHIST0002395,CUST0000773,2023-10-12,759.0,9275.47,0.5339,3,0,0,0
CRHIST0002396,CUST0000773,2023-10-30,761.0,9373.65,0.595,4,4,0,0
CRHIST0002397,CUST0000774,2025-11-21,683.0,8053.24,0.6862,7,0,0,0
CRHIST0002398,CUST0000774,2025-12-05,691.0,6379.45,0.4869,4,1,0,0
CRHIST0002399,CUST0000774,2025-12-16,712.0,1133.13,0.0879,1,1,0,0
CRHIST0002400,CUST0000775,2020-07-20,667.0,1813.06,0.2097,5,3,0,1
CRHIST0002401,CUST0000775,2020-11-20,662.0,1161.74,0.0612,5,2,0,2
CRHIST0002402,CUST0000775,2020-12-30,646.0,6386.87,0.6818,5,2,0,3
CRHIST0002403,CUST0000775,2021-03-12,654.0,8560.7,0.5929,2,1,0,3
CRHIST0002404,CUST0000775,2021-08-27,650.0,3700.28,0.2126,4,0,0,3
CRHIST0002405,CUST0000775,2024-03-03,656.0,3237.11,0.1858,1,2,0,3
CRHIST0002406,CUST0000776,2022-04-13,553.0,3538.95,1.0,6,3,0,0
CRHIST0002407,CUST0000777,2021-01-12,703.0,1704.35,0.4196,2,3,0,0
CRHIST0002408,CUST0000777,2021-02-05,696.0,2283.72,0.247,5,3,0,0
CRHIST0002409,CUST0000778,2021-03-31,671.0,2417.72,0.3045,3,3,0,0
CRHIST0002410,CUST0000778,2021-11-18,691.0,,0.1457,2,2,0,0
CRHIST0002411,CUST0000779,2026-06-13,783.0,12432.64,0.705,4,3,0,0
CRHIST0002412,CUST0000779,2026-06-14,787.0,,0.5105,2,0,0,0
CRHIST0002413,CUST0000780,2024-11-06,736.0,0.0,0.0,2,2,0,0
CRHIST0002414,CUST0000780,2025-02-03,722.0,20549.61,0.683,2,1,0,0
CRHIST0002415,CUST0000781,2026-04-11,657.0,16119.45,0.5368,4,6,0,0
CRHIST0002416,CUST0000781,2026-04-24,649.0,4946.55,0.161,3,3,0,0
CRHIST0002417,CUST0000781,2026-04-28,651.0,15439.75,0.5907,2,4,0,0
CRHIST0002418,CUST0000781,2026-07-01,672.0,18725.63,0.5886,4,1,0,0
CRHIST0002419,CUST0000782,2023-11-24,605.0,4158.52,0.3285,5,0,0,0
CRHIST0002420,CUST0000782,2024-02-16,596.0,965.37,0.1021,6,3,0,0
CRHIST0002421,CUST0000783,2024-06-26,726.0,819.99,0.0365,1,4,0,1
CRHIST0002422,CUST0000783,2024-09-19,722.0,15819.68,0.6244,3,2,0,1
CRHIST0002423,CUST0000783,2024-10-19,720.0,10878.54,0.4339,4,2,0,1
CRHIST0002424,CUST0000783,2025-02-22,721.0,1275.08,0.0592,4,1,0,1
CRHIST0002425,CUST0000783,2025-03-21,701.0,4570.73,0.1683,1,4,0,1
CRHIST0002426,CUST0000784,2024-06-22,756.0,15316.69,0.4627,0,2,0,0
CRHIST0002427,CUST0000784,2024-07-24,742.0,20320.97,0.2181,3,1,0,0
CRHIST0002428,CUST0000785,2024-02-03,641.0,6507.42,0.6836,1,2,0,0
CRHIST0002429,CUST0000785,2024-04-02,637.0,1265.24,0.125,7,2,0,0
CRHIST0002430,CUST0000785,2025-01-24,648.0,6036.01,0.3591,4,5,0,0
CRHIST0002431,CUST0000786,2025-04-16,542.0,895.53,0.5112,5,3,0,0
CRHIST0002432,CUST0000787,2022-05-30,701.0,0.0,0.0,3,5,0,0
CRHIST0002433,CUST0000787,2022-08-30,704.0,6865.31,0.3476,3,2,0,0
CRHIST0002434,CUST0000787,2022-12-10,711.0,14331.77,0.4794,6,3,0,0
CRHIST0002435,CUST0000788,2019-12-20,640.0,3736.84,0.3088,2,4,0,2
CRHIST0002436,CUST0000789,2023-02-01,696.0,2237.24,0.2062,6,1,0,0
CRHIST0002437,CUST0000789,2023-02-25,707.0,19977.65,0.8553,4,0,0,0
CRHIST0002438,CUST0000789,2023-12-17,687.0,11494.05,0.4468,3,0,0,0
CRHIST0002439,CUST0000789,2024-09-04,663.0,11020.3,0.5812,6,1,0,0
CRHIST0002440,CUST0000790,2019-02-26,676.0,9028.07,0.7457,4,6,0,0
CRHIST0002441,CUST0000790,2019-07-26,671.0,2703.81,0.2367,4,3,0,0
CRHIST0002442,CUST0000790,2021-07-02,667.0,5507.26,0.6125,5,3,0,0
CRHIST0002443,CUST0000791,2020-06-03,729.0,3853.0,0.2492,5,2,0,0
CRHIST0002444,CUST0000791,2021-05-21,715.0,2806.33,0.1993,3,2,0,0
CRHIST0002445,CUST0000791,2021-12-19,727.0,8114.59,0.597,3,0,0,0
CRHIST0002446,CUST0000792,2019-05-31,697.0,2295.84,0.1202,3,1,0,0
CRHIST0002447,CUST0000792,2019-06-20,670.0,10309.25,0.3785,3,3,0,0
CRHIST0002448,CUST0000792,2019-11-08,673.0,7184.73,0.3383,5,4,0,1
CRHIST0002449,CUST0000793,2021-04-26,670.0,1939.7,0.0902,8,4,0,0
CRHIST0002450,CUST0000793,2021-12-03,673.0,8617.97,0.2788,3,2,0,0
CRHIST0002451,CUST0000793,2023-01-20,658.0,,0.6138,0,5,0,0
CRHIST0002452,CUST0000793,2024-08-14,659.0,10158.44,0.5929,2,1,0,0
CRHIST0002453,CUST0000794,2024-07-27,693.0,3067.85,0.6055,1,0,0,1
CRHIST0002454,CUST0000794,2024-08-05,687.0,524.3,0.0636,4,1,0,1
CRHIST0002455,CUST0000794,2024-09-22,698.0,1333.82,0.2906,0,2,0,1
CRHIST0002456,CUST0000794,2025-01-21,,7676.98,0.649,3,1,0,1
CRHIST0002457,CUST0000795,2023-11-21,566.0,952.16,0.3604,3,2,0,0
CRHIST0002458,CUST0000796,2026-02-28,670.0,14635.66,0.4609,1,0,0,0
CRHIST0002459,CUST0000797,2021-06-22,678.0,2575.77,0.286,4,1,0,0
CRHIST0002460,CUST0000797,2021-08-20,670.0,5140.41,0.4407,4,0,0,0
CRHIST0002461,CUST0000797,2022-06-23,651.0,7913.48,0.4234,5,0,0,0
CRHIST0002462,CUST0000798,2021-08-23,607.0,5255.76,0.239,5,3,0,0
CRHIST0002463,CUST0000798,2021-12-16,620.0,6786.0,0.5281,6,8,0,0
CRHIST0002464,CUST0000799,2022-12-31,607.0,5693.26,0.6957,2,2,0,0
CRHIST0002465,CUST0000800,2024-12-31,681.0,2614.93,0.2398,2,1,0,1
CRHIST0002466,CUST0000800,2025-05-14,700.0,10518.22,0.4076,2,3,0,1
CRHIST0002467,CUST0000800,2025-07-16,700.0,15441.26,0.7683,1,1,0,1
CRHIST0002468,CUST0000801,2026-02-16,672.0,5728.61,0.479,4,0,0,0
CRHIST0002469,CUST0000801,2026-03-03,671.0,5107.87,0.2762,6,1,0,0
CRHIST0002470,CUST0000802,2024-09-25,566.0,4995.71,0.8813,5,3,0,0
CRHIST0002471,CUST0000802,2025-06-04,569.0,1847.72,0.5397,3,0,0,0
CRHIST0002472,CUST0000803,2023-04-07,736.0,4144.67,0.2795,3,2,0,0
CRHIST0002473,CUST0000804,2026-06-27,687.0,10879.38,0.4809,4,0,0,0
CRHIST0002474,CUST0000804,2026-06-29,693.0,4547.83,0.2829,2,5,1,2
CRHIST0002475,CUST0000804,2026-07-18,663.0,3162.43,0.1366,2,0,1,2
CRHIST0002476,CUST0000804,2026-07-21,670.0,2939.42,0.2316,5,3,1,2
CRHIST0002477,CUST0000805,2020-12-18,-36.0,4864.46,0.1521,4,0,0,0
CRHIST0002478,CUST0000805,2021-05-04,630.0,12878.9,0.4416,3,5,0,0
CRHIST0002479,CUST0000805,2021-12-25,622.0,20209.26,0.6505,5,4,0,0
CRHIST0002480,CUST0000806,2022-09-03,725.0,3439.58,0.2574,3,0,0,0
CRHIST0002481,CUST0000807,2022-10-16,725.0,17891.42,0.4861,3,2,0,0
CRHIST0002482,CUST0000808,2020-08-02,706.0,4949.61,0.2248,3,2,0,0
CRHIST0002483,CUST0000808,2020-08-17,693.0,4416.29,0.3104,4,4,0,0
CRHIST0002484,CUST0000808,2021-08-21,688.0,,0.0283,6,2,0,0
CRHIST0002485,CUST0000809,2022-03-16,735.0,4108.76,0.1183,2,3,0,0
CRHIST0002486,CUST0000809,2022-06-06,721.0,3614.77,0.1209,6,1,0,0
CRHIST0002487,CUST0000809,2023-09-27,723.0,10481.88,0.6192,6,0,0,2
CRHIST0002488,CUST0000809,2023-12-06,724.0,4589.99,0.2579,2,4,0,2
CRHIST0002489,CUST0000810,2025-03-24,756.0,14242.97,0.3849,0,1,0,0
CRHIST0002490,CUST0000810,2025-04-11,761.0,5385.41,0.2037,5,0,0,0
CRHIST0002491,CUST0000810,2025-04-15,771.0,12215.09,0.2808,0,2,0,0
CRHIST0002492,CUST0000810,2025-05-06,771.0,,0.398,5,2,0,0
CRHIST0002493,CUST0000811,2021-08-20,694.0,24985.86,0.7363,2,3,0,0
CRHIST0002494,CUST0000811,2021-09-27,705.0,7133.66,0.1565,5,3,0,0
CRHIST0002495,CUST0000811,2022-07-15,692.0,10087.99,0.2106,1,2,0,0
CRHIST0002496,CUST0000812,2025-05-15,676.0,45206.76,0.8192,3,1,0,0
CRHIST0002497,CUST0000812,2025-06-07,663.0,5244.32,0.1662,4,4,0,0
CRHIST0002498,CUST0000813,2023-09-17,683.0,17300.59,0.5203,4,4,0,0
CRHIST0002499,CUST0000813,2023-10-21,700.0,6882.96,0.2814,7,1,0,0
CRHIST0002500,CUST0000813,2024-10-08,693.0,23298.93,0.6562,2,4,0,0
CRHIST0002501,CUST0000814,2024-07-22,688.0,35728.26,0.7484,2,2,0,0
CRHIST0002502,CUST0000815,2022-04-05,741.0,954.03,0.0779,4,3,0,2
CRHIST0002503,CUST0000815,2022-07-12,752.0,7575.9,0.6554,3,1,0,2
CRHIST0002504,CUST0000816,2025-08-15,725.0,11890.02,0.4679,4,2,0,0
CRHIST0002505,CUST0000816,2025-09-05,729.0,8300.29,0.5813,1,2,0,0
CRHIST0002506,CUST0000817,2020-10-22,720.0,0.0,0.0,2,3,0,0
CRHIST0002507,CUST0000817,2020-11-26,747.0,10335.42,0.5657,5,3,0,0
CRHIST0002508,CUST0000817,2021-02-26,762.0,3096.31,0.1679,5,6,0,0
CRHIST0002509,CUST0000818,2023-09-06,657.0,18158.39,0.5091,4,3,0,0
CRHIST0002510,CUST0000818,2023-10-04,664.0,26414.59,0.6349,2,3,0,0
CRHIST0002511,CUST0000818,2024-05-08,656.0,16973.57,0.4016,6,4,0,0
CRHIST0002512,CUST0000818,2024-12-25,665.0,18617.05,0.5032,7,2,1,0
CRHIST0002513,CUST0000819,2025-06-13,630.0,2635.8,0.2262,3,1,0,0
CRHIST0002514,CUST0000819,2025-10-03,636.0,7753.3,0.4523,4,3,0,0
CRHIST0002515,CUST0000819,2025-10-06,615.0,4989.39,0.3972,3,1,0,0
CRHIST0002516,CUST0000819,2026-01-20,602.0,3161.96,0.2677,6,3,0,0
CRHIST0002517,CUST0000820,2024-05-30,650.0,2157.16,0.0921,3,3,0,0
CRHIST0002518,CUST0000820,2024-07-31,654.0,9459.58,0.4005,3,3,0,0
CRHIST0002519,CUST0000821,2021-08-05,650.0,4132.63,0.2612,4,3,0,0
CRHIST0002520,CUST0000821,2022-04-01,664.0,7828.66,0.4905,3,2,0,0
CRHIST0002521,CUST0000821,2022-10-04,657.0,5367.98,0.3701,1,2,0,0
CRHIST0002522,CUST0000821,2024-06-22,659.0,10260.69,0.7761,2,3,0,0
CRHIST0002523,CUST0000822,2021-11-07,723.0,2165.28,0.0915,2,2,0,0
CRHIST0002524,CUST0000822,2022-06-17,715.0,7308.19,0.3777,3,2,0,0
CRHIST0002525,CUST0000822,2022-08-13,720.0,5074.85,0.1864,1,2,0,0
CRHIST0002526,CUST0000822,2023-07-24,740.0,5767.44,0.4547,4,1,0,0
CRHIST0002527,CUST0000822,2023-09-29,741.0,,0.0733,1,0,0,0
CRHIST0002528,CUST0000822,2024-07-22,765.0,4473.59,0.338,6,1,0,0
CRHIST0002529,CUST0000823,2022-05-23,568.0,5124.6,0.6714,5,2,0,2
CRHIST0002530,CUST0000823,2023-01-31,566.0,4114.58,0.5173,3,0,0,4
CRHIST0002531,CUST0000823,2024-01-31,582.0,8139.11,0.8738,3,1,0,4
CRHIST0002532,CUST0000823,2024-05-22,562.0,2932.04,0.3714,3,6,1,4
CRHIST0002533,CUST0000823,2024-11-28,564.0,3430.35,0.5062,6,1,1,6
CRHIST0002534,CUST0000824,2022-09-05,679.0,10250.93,0.4906,5,3,0,0
CRHIST0002535,CUST0000824,2022-10-07,684.0,4907.54,0.3238,5,2,0,0
CRHIST0002536,CUST0000824,2023-03-27,696.0,2457.45,0.2758,2,2,0,0
CRHIST0002537,CUST0000825,2020-01-09,651.0,457.2,0.1101,3,2,0,0
CRHIST0002538,CUST0000825,2020-08-22,669.0,1332.57,0.3726,5,0,0,0
CRHIST0002539,CUST0000825,2021-06-05,678.0,2579.42,0.5673,7,3,0,0
CRHIST0002540,CUST0000825,2022-02-22,694.0,1477.97,0.347,3,4,0,0
CRHIST0002541,CUST0000826,2021-06-22,764.0,30077.27,0.6363,2,2,0,0
CRHIST0002542,CUST0000826,2021-07-15,770.0,3339.29,0.1109,1,0,0,0
CRHIST0002543,CUST0000826,2023-02-08,765.0,1732.67,0.0703,3,1,0,0
CRHIST0002544,CUST0000826,2023-03-10,781.0,,0.1796,4,2,0,0
CRHIST0002545,CUST0000826,2023-12-21,773.0,30898.31,0.5461,7,3,0,2
CRHIST0002546,CUST0000827,2021-06-19,492.0,1060.94,0.5246,6,1,0,0
CRHIST0002547,CUST0000827,2022-05-29,478.0,674.25,0.6054,6,2,0,2
CRHIST0002548,CUST0000827,2022-07-18,500.0,631.41,0.4618,3,4,0,2
CRHIST0002549,CUST0000828,2020-06-17,630.0,8756.82,0.3864,7,3,0,0
CRHIST0002550,CUST0000828,2020-09-20,641.0,4956.16,0.3155,4,1,0,0
CRHIST0002551,CUST0000829,2021-12-15,767.0,7823.78,0.2102,2,3,0,0
CRHIST0002552,CUST0000829,2024-02-01,773.0,3036.71,0.1652,2,3,0,0
CRHIST0002553,CUST0000830,2019-07-24,649.0,4663.39,0.2296,2,2,0,0
CRHIST0002554,CUST0000830,2020-04-01,653.0,2273.85,0.1198,4,1,0,0
CRHIST0002555,CUST0000830,2021-02-08,654.0,10247.53,0.6259,2,1,0,0
CRHIST0002556,CUST0000830,2021-05-17,677.0,5283.74,0.608,3,5,0,0
CRHIST0002557,CUST0000830,2021-06-27,703.0,6163.26,0.4331,4,2,0,0
CRHIST0002558,CUST0000831,2024-06-04,675.0,13017.28,0.6755,5,0,0,0
CRHIST0002559,CUST0000831,2024-08-31,681.0,10952.41,0.5695,4,1,0,0
CRHIST0002560,CUST0000831,2024-11-03,684.0,10335.5,0.6162,4,0,1,0
CRHIST0002561,CUST0000832,2024-03-04,566.0,1937.34,0.6536,6,2,0,0
CRHIST0002562,CUST0000833,2021-03-09,608.0,7597.78,0.4748,4,1,0,0
CRHIST0002563,CUST0000833,2022-07-11,615.0,9459.99,0.6812,4,1,0,0
CRHIST0002564,CUST0000834,2025-09-22,698.0,14913.52,0.644,4,3,0,2
CRHIST0002565,CUST0000834,2025-10-31,683.0,3784.59,0.3136,2,2,0,2
CRHIST0002566,CUST0000834,2025-11-20,678.0,3754.41,0.288,3,3,0,2
CRHIST0002567,CUST0000834,2026-01-29,683.0,7038.74,0.4169,5,4,0,2
CRHIST0002568,CUST0000834,2026-02-11,687.0,9797.96,0.4232,2,2,0,2
CRHIST0002569,CUST0000834,2026-05-04,670.0,1486.97,0.1695,1,0,0,2
CRHIST0002570,CUST0000835,2024-06-02,623.0,2283.01,0.2509,4,0,0,0
CRHIST0002571,CUST0000835,2024-08-20,637.0,5554.49,0.3104,4,2,0,0
CRHIST0002572,CUST0000835,2024-12-22,622.0,1496.55,0.1611,3,3,0,0
CRHIST0002573,CUST0000835,2025-01-11,624.0,10613.79,0.6353,2,5,0,1
CRHIST0002574,CUST0000835,2025-01-15,636.0,13385.08,0.6346,3,3,0,1
CRHIST0002575,CUST0000835,2025-08-06,621.0,6704.44,0.6687,4,0,0,1
CRHIST0002576,CUST0000835,2025-10-05,620.0,2378.81,0.2253,9,3,0,1
CRHIST0002577,CUST0000836,2021-08-16,735.0,3173.98,0.1517,5,2,0,0
CRHIST0002578,CUST0000836,2022-07-12,761.0,9634.92,0.3813,2,4,0,0
CRHIST0002579,CUST0000837,2021-03-13,693.0,10386.56,0.3664,4,1,0,0
CRHIST0002580,CUST0000838,2022-04-14,668.0,,0.6208,5,1,0,0
CRHIST0002581,CUST0000838,2022-08-07,664.0,,0.3542,5,1,0,0
CRHIST0002582,CUST0000838,2023-02-22,679.0,8158.23,0.2091,4,1,0,0
CRHIST0002583,CUST0000839,2026-05-08,650.0,803.41,0.0614,11,1,0,0
CRHIST0002584,CUST0000839,2026-05-31,660.0,6765.02,0.3051,1,1,0,2
CRHIST0002585,CUST0000839,2026-06-13,646.0,7376.22,0.532,5,2,0,2
CRHIST0002586,CUST0000839,2026-06-14,653.0,3623.23,0.4149,5,2,1,2
CRHIST0002587,CUST0000839,2026-06-15,649.0,10057.84,0.5115,3,2,1,2
CRHIST0002588,CUST0000839,2026-07-05,655.0,3233.4,0.2618,3,4,1,2
CRHIST0002589,CUST0000840,2019-09-20,732.0,10768.38,0.1933,1,4,0,0
CRHIST0002590,CUST0000841,2019-07-18,727.0,2616.86,0.5041,1,2,0,0
CRHIST0002591,CUST0000841,2021-05-04,736.0,2946.28,0.3591,2,2,0,0
CRHIST0002592,CUST0000842,2022-03-05,706.0,17938.31,0.5495,3,0,0,0
CRHIST0002593,CUST0000842,2023-10-09,700.0,23367.42,0.3532,5,0,0,0
CRHIST0002594,CUST0000842,2024-06-21,714.0,25755.03,0.3287,2,1,0,0
CRHIST0002595,CUST0000843,2026-03-02,551.0,1389.7,0.301,7,3,0,0
CRHIST0002596,CUST0000844,2022-08-26,764.0,2886.28,0.3176,6,1,0,0
CRHIST0002597,CUST0000845,2024-12-09,738.0,1854.74,0.2264,2,2,0,0
CRHIST0002598,CUST0000846,2023-08-31,620.0,3473.99,0.3835,6,2,0,0
CRHIST0002599,CUST0000846,2023-10-11,644.0,9347.02,0.5983,3,1,0,0
CRHIST0002600,CUST0000847,2021-01-29,783.0,9845.12,0.4553,4,3,0,0
CRHIST0002601,CUST0000848,2026-02-17,617.0,,0.4207,2,5,0,0
CRHIST0002602,CUST0000848,2026-02-24,608.0,9015.91,0.2952,7,2,0,0
CRHIST0002603,CUST0000848,2026-03-22,628.0,8808.21,0.3524,8,4,0,0
CRHIST0002604,CUST0000849,2021-02-09,573.0,2001.68,0.1882,4,0,0,0
CRHIST0002605,CUST0000849,2022-01-19,582.0,4049.59,0.299,5,0,0,1
CRHIST0002606,CUST0000849,2022-12-30,598.0,8808.94,0.4325,3,1,0,1
CRHIST0002607,CUST0000849,2023-01-17,601.0,7135.55,0.5953,9,4,0,1
CRHIST0002608,CUST0000850,2022-12-17,630.0,10414.82,0.6627,6,1,0,0
CRHIST0002609,CUST0000850,2022-12-20,653.0,5584.43,0.5719,3,5,0,0
CRHIST0002610,CUST0000850,2023-07-26,661.0,17544.83,0.6715,7,1,0,0
CRHIST0002611,CUST0000851,2024-02-16,540.0,1141.87,0.3044,2,0,0,0
CRHIST0002612,CUST0000851,2024-02-18,547.0,1902.0,0.7194,6,3,0,0
CRHIST0002613,CUST0000851,2024-03-15,551.0,1536.45,0.7384,9,4,0,0
CRHIST0002614,CUST0000852,2024-03-31,607.0,6670.47,0.3725,4,2,0,0
CRHIST0002615,CUST0000852,2024-04-11,609.0,7668.77,0.7719,7,2,0,0
CRHIST0002616,CUST0000852,2025-03-10,609.0,1858.59,0.1125,8,0,0,0
CRHIST0002617,CUST0000853,2025-07-16,560.0,169.58,0.1261,8,1,0,0
CRHIST0002618,CUST0000853,2025-08-11,531.0,343.67,0.6326,4,1,0,0
CRHIST0002619,CUST0000854,2024-06-05,,11034.85,0.7468,8,2,1,2
CRHIST0002620,CUST0000854,2024-07-21,679.0,11357.7,0.5404,5,1,1,2
CRHIST0002621,CUST0000854,2024-08-10,660.0,6318.66,0.3927,3,3,1,2
CRHIST0002622,CUST0000855,2024-02-09,693.0,1547.63,0.3485,2,6,0,1
CRHIST0002623,CUST0000855,2024-04-14,699.0,3408.12,0.5408,4,0,0,1
CRHIST0002624,CUST0000855,2024-08-12,704.0,922.93,0.2016,6,3,0,1
CRHIST0002625,CUST0000855,2025-01-01,728.0,3078.36,0.8176,2,1,0,1
CRHIST0002626,CUST0000855,2025-08-05,714.0,1066.04,0.2682,6,1,0,1
CRHIST0002627,CUST0000856,2020-04-08,695.0,7813.63,0.3875,4,2,0,0
CRHIST0002628,CUST0000856,2020-10-01,716.0,17396.7,0.6431,1,4,0,0
CRHIST0002629,CUST0000856,2021-02-03,733.0,9157.15,0.5062,4,2,0,0
CRHIST0002630,CUST0000856,2021-02-04,718.0,13699.19,0.7528,3,5,0,0
CRHIST0002631,CUST0000856,2023-02-27,705.0,12704.95,0.8146,4,4,0,2
CRHIST0002632,CUST0000856,2023-03-05,703.0,5979.89,0.2488,5,3,0,2
CRHIST0002633,CUST0000856,2026-02-25,713.0,18818.91,0.6308,1,6,0,2
CRHIST0002634,CUST0000857,2021-09-02,,5794.13,0.35,2,1,0,0
CRHIST0002635,CUST0000858,2021-11-15,681.0,10823.89,0.2501,2,0,0,0
CRHIST0002636,CUST0000858,2022-10-09,693.0,5199.46,0.163,2,4,0,0
CRHIST0002637,CUST0000858,2023-05-06,669.0,16990.42,0.4453,3,1,0,0
CRHIST0002638,CUST0000859,2023-05-11,754.0,7316.63,0.244,2,0,0,0
CRHIST0002639,CUST0000860,2021-07-27,667.0,7514.85,0.6681,3,2,0,0
CRHIST0002640,CUST0000860,2022-01-07,666.0,7162.05,0.5467,5,2,0,0
CRHIST0002641,CUST0000860,2023-11-13,674.0,5995.2,0.5582,3,3,0,0
CRHIST0002642,CUST0000861,2019-10-24,664.0,2046.39,0.2212,2,1,0,0
CRHIST0002643,CUST0000861,2020-08-03,656.0,4260.6,0.2716,6,1,0,0
CRHIST0002644,CUST0000861,2023-03-06,652.0,5323.06,0.3564,1,3,0,2
CRHIST0002645,CUST0000861,2024-02-20,638.0,3479.94,0.5039,8,0,0,2
CRHIST0002646,CUST0000861,2025-11-23,653.0,3716.07,0.2789,3,1,0,2
CRHIST0002647,CUST0000861,2026-03-13,658.0,42.06,0.0043,5,3,0,2
CRHIST0002648,CUST0000861,2026-04-06,669.0,2521.9,0.1656,3,1,0,2
CRHIST0002649,CUST0000862,2022-06-01,617.0,1382.38,0.3844,4,1,0,0
CRHIST0002650,CUST0000863,2024-12-13,523.0,1862.7,0.7857,3,2,0,1
CRHIST0002651,CUST0000863,2025-02-27,550.0,378.06,0.1094,4,4,0,1
CRHIST0002652,CUST0000864,2025-11-26,664.0,5359.65,0.5318,7,1,0,0
CRHIST0002653,CUST0000865,2026-03-13,705.0,3783.03,0.4089,5,1,0,0
CRHIST0002654,CUST0000865,2026-04-21,703.0,4760.58,0.324,7,4,0,0
CRHIST0002655,CUST0000866,2023-11-05,719.0,5210.99,0.1471,2,2,0,0
CRHIST0002656,CUST0000867,2025-11-14,601.0,6979.29,0.2424,6,2,0,0
CRHIST0002657,CUST0000867,2025-12-27,597.0,3489.98,0.2062,2,2,0,0
CRHIST0002658,CUST0000868,2022-07-11,685.0,5507.8,0.4622,7,0,0,0
CRHIST0002659,CUST0000868,2022-11-27,697.0,3221.21,0.3153,9,2,0,0
CRHIST0002660,CUST0000868,2023-02-02,695.0,4217.0,0.3221,4,2,0,0
CRHIST0002661,CUST0000868,2023-11-24,688.0,3383.29,0.3201,4,3,0,0
CRHIST0002662,CUST0000869,2023-05-26,739.0,36595.62,0.609,0,2,0,0
CRHIST0002663,CUST0000869,2023-07-19,,4128.59,0.0716,5,2,0,0
CRHIST0002664,CUST0000869,2023-11-04,743.0,6262.97,0.1863,3,2,0,0
CRHIST0002665,CUST0000869,2024-02-24,709.0,6703.22,0.1556,1,2,0,0
CRHIST0002666,CUST0000870,2021-04-12,716.0,14970.94,0.6549,4,4,0,0
CRHIST0002667,CUST0000870,2022-01-12,716.0,6330.16,0.2386,2,2,0,0
CRHIST0002668,CUST0000870,2023-05-25,732.0,6463.2,0.3042,3,0,0,0
CRHIST0002669,CUST0000870,2023-07-13,736.0,8597.81,0.3589,4,2,0,2
CRHIST0002670,CUST0000871,2024-04-09,714.0,6318.91,0.3641,2,2,0,0
CRHIST0002671,CUST0000872,2021-06-03,729.0,3545.96,0.1513,4,1,0,0
CRHIST0002672,CUST0000872,2021-08-09,736.0,0.0,0.0,4,2,0,0
CRHIST0002673,CUST0000872,2021-08-18,759.0,2672.01,0.1298,3,1,0,0
CRHIST0002674,CUST0000872,2023-02-03,768.0,0.0,0.0,0,1,0,0
CRHIST0002675,CUST0000872,2023-07-27,768.0,16999.6,0.6568,2,3,0,0
CRHIST0002676,CUST0000872,2023-09-26,-25.0,18573.41,0.7107,2,6,0,0
CRHIST0002677,CUST0000873,2022-12-27,732.0,263.25,0.021,2,2,0,0
CRHIST0002678,CUST0000874,2026-03-13,664.0,3453.99,0.2115,0,0,0,0
CRHIST0002679,CUST0000875,2023-07-21,675.0,3057.99,0.3428,1,2,0,0
CRHIST0002680,CUST0000875,2023-08-05,676.0,4148.32,0.3571,3,0,0,1
CRHIST0002681,CUST0000875,2024-01-11,683.0,5155.82,0.3561,4,2,0,1
CRHIST0002682,CUST0000875,2024-02-02,670.0,3069.95,0.2658,2,0,0,1
CRHIST0002683,CUST0000876,2021-09-05,700.0,4838.79,0.486,3,5,1,0
CRHIST0002684,CUST0000876,2022-03-06,683.0,6150.72,0.7289,4,3,1,0
CRHIST0002685,CUST0000877,2024-03-08,778.0,15699.84,0.3896,5,2,0,0
CRHIST0002686,CUST0000877,2024-08-05,790.0,30439.12,0.4903,6,3,0,0
CRHIST0002687,CUST0000877,2024-08-12,777.0,35147.4,0.3549,1,2,0,0
CRHIST0002688,CUST0000877,2024-10-24,764.0,41553.71,0.6218,3,6,0,0
CRHIST0002689,CUST0000878,2025-02-26,741.0,7015.0,0.1935,2,4,0,0
CRHIST0002690,CUST0000879,2023-12-08,698.0,5930.15,0.3723,1,9,0,0
CRHIST0002691,CUST0000879,2024-03-26,709.0,3136.46,0.299,3,4,0,0
CRHIST0002692,CUST0000879,2024-04-08,708.0,9043.18,0.6813,4,4,0,0
CRHIST0002693,CUST0000880,2019-08-01,663.0,2226.98,0.1305,1,2,0,0
CRHIST0002694,CUST0000880,2020-09-27,695.0,5041.27,0.3023,3,2,0,0
CRHIST0002695,CUST0000880,2020-12-11,695.0,3694.39,0.2271,0,3,0,0
CRHIST0002696,CUST0000880,2022-04-05,697.0,8052.71,0.5342,4,1,0,0
CRHIST0002697,CUST0000881,2021-08-11,553.0,9438.85,0.8761,4,3,0,0
CRHIST0002698,CUST0000881,2022-01-19,554.0,6627.42,0.7465,2,4,0,0
CRHIST0002699,CUST0000881,2023-08-25,557.0,1303.75,0.1879,5,3,0,0
CRHIST0002700,CUST0000881,2024-01-10,543.0,1117.53,0.1046,6,3,0,0
CRHIST0002701,CUST0000882,2020-07-16,756.0,23061.85,0.2642,5,1,0,0
CRHIST0002702,CUST0000882,2020-10-28,756.0,60205.01,0.6971,2,2,0,0
CRHIST0002703,CUST0000882,2021-04-18,743.0,6454.48,0.0967,6,6,0,0
CRHIST0002704,CUST0000883,2026-05-07,678.0,9078.59,0.4525,4,1,0,1
CRHIST0002705,CUST0000884,2022-04-15,506.0,815.14,0.8256,8,1,0,1
CRHIST0002706,CUST0000884,2022-10-14,527.0,314.34,0.2135,6,2,0,3
CRHIST0002707,CUST0000885,2022-11-06,685.0,22042.9,0.702,6,3,0,0
CRHIST0002708,CUST0000885,2023-09-27,657.0,9625.69,0.3357,2,2,0,0
CRHIST0002709,CUST0000886,2025-11-22,-47.0,11271.28,0.5667,1,2,0,0
CRHIST0002710,CUST0000886,2026-01-18,760.0,7021.73,0.3078,2,2,0,0
CRHIST0002711,CUST0000886,2026-01-23,768.0,7430.94,0.4019,2,0,0,0
CRHIST0002712,CUST0000886,2026-02-08,785.0,1723.51,0.1453,9,1,0,0
CRHIST0002713,CUST0000886,2026-04-05,786.0,945.4,0.0353,0,1,0,0
CRHIST0002714,CUST0000886,2026-04-17,791.0,271.83,0.0188,3,3,0,0
CRHIST0002715,CUST0000887,2026-08-02,692.0,7981.11,0.4888,4,1,0,2
CRHIST0002716,CUST0000887,2026-08-04,704.0,5562.68,0.3675,4,1,0,2
CRHIST0002717,CUST0000887,2026-08-05,705.0,1342.83,0.1193,5,2,0,2
CRHIST0002718,CUST0000887,2026-08-05,713.0,10954.86,0.5792,5,4,0,2
CRHIST0002719,CUST0000888,2021-04-07,673.0,1646.71,0.0971,3,2,0,0
CRHIST0002720,CUST0000888,2021-07-27,672.0,17198.3,0.5876,3,3,0,0
CRHIST0002721,CUST0000889,2025-09-12,683.0,8185.06,0.6593,4,1,0,0
CRHIST0002722,CUST0000889,2025-11-29,669.0,6122.89,0.2324,4,2,0,0
CRHIST0002723,CUST0000889,2025-12-14,685.0,8391.87,0.6963,7,4,0,0
CRHIST0002724,CUST0000890,2024-09-24,609.0,7500.48,0.937,7,0,0,0
CRHIST0002725,CUST0000890,2024-10-30,594.0,3025.19,0.4311,4,0,0,0
CRHIST0002726,CUST0000890,2024-11-19,592.0,1579.81,0.5576,1,1,0,0
CRHIST0002727,CUST0000890,2025-07-18,,1386.57,0.2818,5,3,0,0
CRHIST0002728,CUST0000891,2024-12-27,738.0,7696.59,0.4304,5,0,0,0
CRHIST0002729,CUST0000892,2022-06-06,677.0,12614.64,0.5366,5,6,0,0
CRHIST0002730,CUST0000893,2024-10-12,700.0,9424.3,0.5015,2,2,1,0
CRHIST0002731,CUST0000894,2023-11-21,519.0,281.35,0.3017,3,0,0,0
CRHIST0002732,CUST0000894,2024-02-07,511.0,345.99,0.3965,2,4,0,0
CRHIST0002733,CUST0000895,2023-02-18,802.0,8269.08,0.1741,3,2,0,0
CRHIST0002734,CUST0000895,2023-03-04,816.0,8699.94,0.3582,2,2,0,0
CRHIST0002735,CUST0000895,2023-05-30,807.0,12249.93,0.362,5,1,0,0
CRHIST0002736,CUST0000896,2023-07-14,676.0,3888.57,0.4104,4,4,0,0
CRHIST0002737,CUST0000896,2023-11-11,689.0,8253.04,0.41,3,3,0,0
CRHIST0002738,CUST0000897,2022-12-30,769.0,4723.96,0.2514,5,3,0,0
CRHIST0002739,CUST0000897,2023-03-14,761.0,6213.12,0.1682,3,3,0,0
CRHIST0002740,CUST0000897,2023-06-09,748.0,13768.57,0.4181,3,0,0,0
CRHIST0002741,CUST0000897,2023-08-26,749.0,7566.64,0.2726,4,2,0,0
CRHIST0002742,CUST0000897,2024-05-11,746.0,24000.66,0.8094,3,3,0,0
CRHIST0002743,CUST0000897,2024-05-16,754.0,11475.1,0.3085,3,2,0,0
CRHIST0002744,CUST0000898,2023-11-20,494.0,92.5,0.178,3,2,0,1
CRHIST0002745,CUST0000898,2025-01-18,482.0,462.86,0.6312,2,3,0,1
CRHIST0002746,CUST0000899,2020-10-12,764.0,6218.54,0.1363,3,3,0,0
CRHIST0002747,CUST0000899,2023-06-26,777.0,21664.19,0.524,2,1,0,0
CRHIST0002748,CUST0000899,2023-09-08,787.0,9790.75,0.4246,5,0,0,0
CRHIST0002749,CUST0000899,2024-07-15,,10079.48,0.3905,2,1,0,0
CRHIST0002750,CUST0000900,2022-02-08,718.0,1627.02,0.2719,4,1,0,0
CRHIST0002751,CUST9573646,2023-04-17,706.0,1761.11,0.1446,7,3,0,0
CRHIST0002752,CUST0000901,2023-05-14,710.0,5172.93,0.4403,5,1,0,0
CRHIST0002753,CUST0000901,2023-12-19,708.0,14593.04,0.7754,2,4,0,0
CRHIST0002754,CUST0000902,2021-08-15,555.0,2314.58,0.3429,2,4,0,1
CRHIST0002755,CUST0000903,2026-02-17,680.0,8011.51,0.6423,3,0,0,0
CRHIST0002756,CUST0000903,2026-03-11,662.0,6727.69,0.4832,3,6,0,0
CRHIST0002757,CUST0000903,2026-03-25,644.0,8345.09,0.3487,3,5,0,0
CRHIST0002758,CUST0000903,2026-04-25,643.0,14560.34,0.6579,4,1,0,0
CRHIST0002759,CUST0000904,2025-11-23,759.0,8855.9,0.2937,3,2,0,1
CRHIST0002760,CUST0000904,2025-11-24,762.0,269.99,0.0181,5,2,0,1
CRHIST0002761,CUST0000904,2025-12-02,756.0,20796.16,0.6056,2,5,0,1
CRHIST0002762,CUST0000904,2026-02-01,743.0,6203.27,0.1823,1,2,0,1
CRHIST0002763,CUST0000905,2023-03-07,664.0,4470.69,0.4579,5,0,0,1
CRHIST0002764,CUST0000905,2023-07-03,666.0,4879.08,0.2678,4,1,0,1
CRHIST0002765,CUST0000905,2024-04-20,668.0,4333.63,0.2765,1,2,0,1
CRHIST0002766,CUST0000905,2024-06-03,682.0,6160.64,0.7995,3,3,0,1
CRHIST0002767,CUST0000905,2025-02-25,687.0,10691.27,0.6237,2,2,0,1
CRHIST0002768,CUST0000906,2023-10-07,685.0,8694.88,0.7612,1,3,0,0
CRHIST0002769,CUST0000906,2024-06-07,676.0,8889.61,0.6116,6,2,0,0
CRHIST0002770,CUST0000906,2024-07-24,675.0,9953.7,0.5862,4,2,0,0
CRHIST0002771,CUST0000906,2024-10-26,673.0,5299.53,0.1815,5,1,0,0
CRHIST0002772,CUST0000907,2021-08-25,600.0,1690.63,0.3857,4,2,0,0
CRHIST0002773,CUST0000907,2022-04-10,588.0,6616.99,0.7726,1,3,0,0
CRHIST0002774,CUST0000907,2023-06-25,854.0,3784.2,0.6733,7,2,0,0
CRHIST0002775,CUST0000907,2023-07-10,598.0,4968.3,0.5532,8,0,0,0
CRHIST0002776,CUST0000908,2021-01-19,586.0,1830.32,0.8473,5,1,0,2
CRHIST0002777,CUST0000908,2021-11-17,580.0,379.32,0.4722,9,3,0,2
CRHIST0002778,CUST0000909,2026-05-15,670.0,2249.49,0.0823,3,2,0,0
CRHIST0002779,CUST0000909,2026-05-21,649.0,38573.9,0.7914,1,3,0,0
CRHIST0002780,CUST0000910,2022-08-28,684.0,7635.9,0.3806,5,1,0,0
CRHIST0002781,CUST0000910,2022-10-02,668.0,2310.74,0.2759,4,2,0,1
CRHIST0002782,CUST0000910,2024-07-26,650.0,10845.34,0.4975,1,3,0,3
CRHIST0002783,CUST0000910,2024-09-12,656.0,3166.69,0.307,2,4,0,3
CRHIST0002784,CUST0000911,2026-05-22,707.0,8746.25,0.5279,5,1,0,0
CRHIST0002785,CUST0000911,2026-05-23,721.0,1075.12,0.0559,0,3,0,0
CRHIST0002786,CUST0000912,2019-08-17,625.0,,0.2366,3,1,0,0
CRHIST0002787,CUST0000912,2019-12-25,615.0,15127.4,0.5605,3,4,0,0
CRHIST0002788,CUST0000913,2019-11-28,657.0,3220.4,0.4772,4,1,0,0
CRHIST0002789,CUST0000913,2020-04-29,642.0,3217.95,0.414,5,1,0,0
CRHIST0002790,CUST0000913,2021-01-05,641.0,6039.75,0.4934,7,2,0,0
CRHIST0002791,CUST0000913,2022-08-21,648.0,1787.21,0.1994,3,2,0,0
CRHIST0002792,CUST0000913,2024-05-20,648.0,2913.45,0.21,4,0,0,0
CRHIST0002793,CUST0000914,2023-03-29,676.0,11911.24,0.575,1,0,0,0
CRHIST0002794,CUST0000914,2023-06-01,675.0,8375.1,0.3469,6,2,0,0
CRHIST0002795,CUST0000915,2025-08-02,680.0,3627.4,0.2211,3,1,0,0
CRHIST0002796,CUST0000915,2025-09-29,673.0,6296.3,0.3307,4,0,0,0
CRHIST0002797,CUST0000915,2025-10-10,657.0,10679.39,0.4537,3,1,0,0
CRHIST0002798,CUST0000916,2022-04-27,698.0,3407.94,0.2123,4,2,0,0
CRHIST0002799,CUST0000916,2022-05-16,691.0,21901.95,0.8269,4,2,0,0
CRHIST0002800,CUST0000916,2022-08-05,697.0,16555.69,0.6536,3,3,0,0
CRHIST0002801,CUST0000917,2025-07-14,708.0,5984.66,0.1798,4,1,0,0
CRHIST0002802,CUST0000918,2021-10-07,700.0,3873.05,0.2324,3,1,0,0
CRHIST0002803,CUST0000918,2022-03-04,726.0,12405.03,0.4006,3,0,0,0
CRHIST0002804,CUST0000918,2022-05-19,730.0,5154.02,0.2796,3,1,0,0
CRHIST0002805,CUST0000918,2023-05-17,755.0,14937.74,0.5773,4,1,0,0
CRHIST0002806,CUST0000919,2025-07-23,672.0,1497.65,0.4366,1,2,0,0
CRHIST0002807,CUST0000919,2025-08-26,681.0,202.69,0.0918,4,2,0,0
CRHIST0002808,CUST0000919,2025-09-07,,450.05,0.1243,6,3,0,0
CRHIST0002809,CUST0000919,2025-10-31,693.0,2512.89,0.5039,1,2,0,0
CRHIST0002810,CUST0000919,2026-01-21,682.0,37.08,0.0096,4,1,0,1
CRHIST0002811,CUST0000920,2022-10-21,668.0,12781.71,0.5128,5,3,0,0
CRHIST0002812,CUST0000920,2022-11-30,651.0,4631.62,0.3888,4,1,0,0
CRHIST0002813,CUST0000921,2021-07-26,691.0,295.05,0.0265,5,1,0,0
CRHIST0002814,CUST0000921,2022-01-08,688.0,1187.09,0.0747,4,3,0,0
CRHIST0002815,CUST0000921,2022-10-02,697.0,5959.99,0.3635,4,3,0,0
CRHIST0002816,CUST0000922,2024-04-26,705.0,5036.32,0.4264,2,1,0,0
CRHIST0002817,CUST0000923,2025-06-25,765.0,23526.42,0.2566,2,2,0,0
CRHIST0002818,CUST0000923,2025-07-17,762.0,1673.39,0.0364,2,2,0,0
CRHIST0002819,CUST0000924,2026-03-03,692.0,1480.72,0.1259,7,3,0,0
CRHIST0002820,CUST0000925,2020-09-13,684.0,1860.29,0.1383,5,2,0,0
CRHIST0002821,CUST0000925,2020-09-30,685.0,11030.21,0.4432,2,0,0,0
CRHIST0002822,CUST0000926,2024-05-24,689.0,,0.5123,4,2,0,0
CRHIST0002823,CUST0000926,2024-07-05,707.0,11755.43,0.4056,3,1,0,0
CRHIST0002824,CUST0000926,2024-10-17,-48.0,10735.51,0.3337,1,1,0,0
CRHIST0002825,CUST0000926,2024-11-06,673.0,16168.48,0.4484,3,1,0,1
CRHIST0002826,CUST0000926,2025-02-26,649.0,8648.41,0.4197,3,2,0,1
CRHIST0002827,CUST0000927,2021-09-04,700.0,0.0,0.0,3,3,0,0
CRHIST0002828,CUST0000927,2023-03-07,682.0,10223.78,0.3027,5,3,0,0
CRHIST0002829,CUST0000927,2023-05-15,685.0,11704.36,0.31,3,1,0,0
CRHIST0002830,CUST0000927,2023-07-12,680.0,24226.83,0.7243,1,1,0,0
CRHIST0002831,CUST0000927,2023-08-03,664.0,12480.62,0.666,9,0,1,0
CRHIST0002832,CUST0000928,2023-02-26,631.0,916.28,0.1942,4,0,0,0
CRHIST0002833,CUST0000929,2023-04-01,715.0,6220.15,0.2751,2,2,0,0
CRHIST0002834,CUST0000929,2024-01-02,691.0,6826.43,0.2816,1,3,0,0
CRHIST0002835,CUST0000929,2024-03-16,704.0,7875.52,0.454,3,1,0,0
CRHIST0002836,CUST0000929,2025-02-12,715.0,11326.55,0.4501,4,4,0,0
CRHIST0002837,CUST0000929,2025-05-12,717.0,6336.76,0.3761,3,3,0,2
CRHIST0002838,CUST0000929,2025-09-07,730.0,4672.44,0.3344,3,2,0,2
CRHIST0002839,CUST0000930,2024-12-15,697.0,22756.48,0.6598,7,2,0,0
CRHIST0002840,CUST0000930,2025-01-14,710.0,5211.86,0.2353,4,5,0,0
CRHIST0002841,CUST0000930,2025-04-20,719.0,6124.4,0.3324,3,3,0,0
CRHIST0002842,CUST0000930,2025-05-03,719.0,6430.55,0.1978,4,5,0,0
CRHIST0002843,CUST0000931,2022-03-24,741.0,629.11,0.0254,2,3,0,0
CRHIST0002844,CUST0000931,2022-09-07,743.0,13473.19,0.3261,3,1,0,0
CRHIST0002845,CUST0000931,2023-08-16,749.0,7939.38,0.3742,2,3,0,0
CRHIST0002846,CUST0000931,2024-01-01,747.0,1613.18,0.0675,6,0,0,0
CRHIST0002847,CUST0000932,2021-04-15,692.0,25263.48,0.5763,6,1,0,0
CRHIST0002848,CUST0000932,2021-06-12,686.0,9174.35,0.2873,4,4,0,0
CRHIST0002849,CUST0000932,2021-08-16,698.0,16784.43,0.4081,1,1,0,2
CRHIST0002850,CUST0000933,2022-11-21,684.0,3648.9,0.4258,2,0,0,1
CRHIST0002851,CUST0000934,2024-05-14,744.0,6237.98,0.3327,3,2,0,0
CRHIST0002852,CUST0000935,2025-07-23,728.0,,0.3594,3,2,0,0
CRHIST0002853,CUST0000935,2025-09-18,714.0,4975.43,0.1579,1,1,0,0
CRHIST0002854,CUST0000935,2025-09-21,715.0,18200.49,0.3831,1,1,0,0
CRHIST0002855,CUST0000935,2025-11-24,692.0,4136.4,0.1671,3,2,0,0
CRHIST0002856,CUST0000935,2026-01-03,689.0,22162.84,0.4296,1,4,0,0
CRHIST0002857,CUST0000936,2020-06-08,676.0,5271.05,0.3638,6,4,0,1
CRHIST0002858,CUST0000936,2020-09-06,698.0,9889.08,0.261,8,2,0,3
CRHIST0002859,CUST0000937,2023-06-13,667.0,10288.53,0.7455,5,3,0,0
CRHIST0002860,CUST0000937,2023-07-10,665.0,4187.17,0.3818,4,2,0,0
CRHIST0002861,CUST0000938,2020-02-23,586.0,502.14,0.4136,11,2,0,0
CRHIST0002862,CUST0000938,2020-02-23,588.0,1825.97,0.8061,6,1,0,0
CRHIST0002863,CUST0000938,2021-12-01,572.0,1327.68,0.776,7,4,0,0
CRHIST0002864,CUST0000939,2024-02-04,,17625.38,0.4949,3,2,0,0
CRHIST0002865,CUST0000939,2024-06-08,728.0,16414.33,0.4406,3,1,0,0
CRHIST0002866,CUST0000939,2024-06-12,733.0,4879.53,0.243,6,2,0,0
CRHIST0002867,CUST0000939,2024-07-04,736.0,8817.15,0.271,0,3,0,0
CRHIST0002868,CUST0000940,2023-11-24,677.0,,0.6314,4,2,0,0
CRHIST0002869,CUST0000940,2024-04-16,696.0,4683.0,0.4303,4,2,0,0
CRHIST0002870,CUST0000941,2025-07-30,705.0,1352.86,0.2421,2,1,0,0
CRHIST0002871,CUST0000941,2025-10-05,706.0,,0.1291,5,2,0,0
CRHIST0002872,CUST0000941,2025-10-09,705.0,3156.37,0.4282,2,3,0,0
CRHIST0002873,CUST0000941,2025-12-21,710.0,2835.3,0.3405,0,3,0,0
CRHIST0002874,CUST0000941,2025-12-31,692.0,4265.88,0.5693,3,3,0,0
CRHIST0002875,CUST0000941,2026-01-31,700.0,1293.65,0.1708,8,2,0,0
CRHIST0002876,CUST0000942,2020-09-17,532.0,2851.98,1.0,6,1,1,0
CRHIST0002877,CUST0000942,2021-01-29,557.0,938.92,0.3958,3,2,2,2
CRHIST0002878,CUST0000942,2021-05-15,551.0,757.86,0.2945,4,2,2,2
CRHIST0002879,CUST0000942,2022-01-12,539.0,763.99,0.2526,9,2,2,2
CRHIST0002880,CUST9169507,2025-01-29,591.0,2828.5,0.696,8,2,0,0
CRHIST0002881,CUST0000943,2025-02-04,-2.0,1154.17,0.4073,1,5,0,0
CRHIST0002882,CUST0000944,2024-07-19,637.0,7672.88,0.8378,1,6,0,0
CRHIST0002883,CUST0000944,2024-12-24,658.0,2939.16,0.4501,2,5,0,0
CRHIST0002884,CUST0000945,2024-05-14,714.0,3174.89,0.361,3,2,0,0
CRHIST0002885,CUST0000945,2024-06-25,707.0,0.0,0.0,3,4,0,0
CRHIST0002886,CUST0000945,2024-06-27,695.0,4059.56,0.423,2,3,0,0
CRHIST0002887,CUST0000945,2024-08-19,672.0,4390.66,0.3452,4,3,0,0
CRHIST0002888,CUST0000946,2024-12-03,738.0,10957.53,0.4245,4,4,0,0
CRHIST0002889,CUST0000946,2025-01-02,731.0,5140.17,0.2471,2,1,0,0
CRHIST0002890,CUST0000946,2025-03-25,719.0,8108.66,0.4844,5,3,0,1
CRHIST0002891,CUST0000947,2023-09-02,621.0,19546.81,0.6536,8,1,0,0
CRHIST0002892,CUST0000947,2024-01-06,624.0,10530.19,0.5367,5,4,0,0
CRHIST0002893,CUST0000947,2024-03-25,630.0,2435.55,0.1005,3,1,0,0
CRHIST0002894,CUST0000947,2024-06-30,634.0,3783.42,0.276,2,3,0,0
CRHIST0002895,CUST0000947,2024-07-27,645.0,8728.36,0.3373,7,1,0,0
CRHIST0002896,CUST0000947,2025-01-11,657.0,9078.98,0.3148,3,0,0,0
CRHIST0002897,CUST0000947,2025-02-14,672.0,330.03,0.0264,4,1,0,0
CRHIST0002898,CUST0000948,2020-03-22,654.0,7089.85,0.2807,1,1,0,0
CRHIST0002899,CUST0000948,2021-04-27,644.0,7971.8,0.3959,3,1,0,0
CRHIST0002900,CUST0000949,2025-04-19,659.0,2245.8,0.2649,3,1,0,0
CRHIST0002901,CUST0000949,2025-07-15,677.0,8144.63,0.4352,3,5,0,0
CRHIST0002902,CUST0000949,2025-08-10,683.0,1249.87,0.1465,2,3,0,0
CRHIST0002903,CUST0000950,2022-02-09,656.0,5706.58,0.7323,5,2,0,0
CRHIST0002904,CUST0000950,2022-09-14,650.0,4216.95,0.4198,3,1,0,0
CRHIST0002905,CUST0000950,2023-04-26,661.0,4214.9,0.4552,1,0,0,0
CRHIST0002906,CUST0000950,2023-12-09,648.0,439.48,0.0567,3,7,0,0
CRHIST0002907,CUST0000950,2024-01-19,860.0,3420.68,0.3531,3,2,0,0
CRHIST0002908,CUST0000951,2019-12-08,,7821.55,0.1983,4,2,0,1
CRHIST0002909,CUST0000951,2019-12-15,737.0,29917.12,0.7558,6,2,0,1
CRHIST0002910,CUST0000952,2023-11-11,729.0,2906.71,0.2226,0,2,0,0
CRHIST0002911,CUST0000952,2023-12-02,709.0,7248.47,0.4783,5,0,0,0
CRHIST0002912,CUST0000952,2024-01-01,705.0,10640.02,0.4265,3,1,0,0
CRHIST0002913,CUST0000952,2024-11-03,694.0,3991.54,0.2112,7,1,0,0
CRHIST0002914,CUST0000952,2024-11-10,720.0,2209.95,0.1894,3,0,0,0
CRHIST0002915,CUST0000952,2025-01-08,694.0,7652.14,0.3919,3,2,0,0
CRHIST0002916,CUST0000953,2026-04-03,661.0,7057.49,0.6045,8,2,0,0
CRHIST0002917,CUST0000953,2026-04-03,652.0,2244.23,0.2049,7,1,0,0
CRHIST0002918,CUST0000953,2026-04-09,656.0,8310.14,0.6856,3,3,0,0
CRHIST0002919,CUST0000953,2026-05-23,680.0,5855.37,0.5404,3,3,0,0
CRHIST0002920,CUST0000954,2024-08-09,711.0,6472.81,0.5197,7,0,0,0
CRHIST0002921,CUST0000955,2020-12-18,710.0,10008.08,0.2717,6,0,0,0
CRHIST0002922,CUST0000955,2021-01-19,704.0,15190.7,0.3345,3,1,0,0
CRHIST0002923,CUST0000956,2025-05-19,641.0,4544.81,0.2687,3,3,0,2
CRHIST0002924,CUST0000956,2025-10-03,616.0,6570.5,0.4105,5,0,0,2
CRHIST0002925,CUST0000957,2025-08-07,633.0,4336.85,0.5478,5,4,0,0
CRHIST0002926,CUST0000957,2025-09-30,621.0,5940.44,0.6137,7,2,0,0
CRHIST0002927,CUST0000957,2025-10-28,638.0,,0.4349,6,3,0,0
CRHIST0002928,CUST0000957,2026-03-01,640.0,3429.55,0.5659,4,2,0,0
CRHIST0002929,CUST0000958,2023-06-02,709.0,4018.06,0.0883,2,2,0,0
CRHIST0002930,CUST0000959,2023-10-05,654.0,1609.45,0.1775,4,1,1,0
CRHIST0002931,CUST0000959,2024-09-09,652.0,2379.6,0.3427,4,1,1,0
CRHIST0002932,CUST0000959,2025-01-21,636.0,,0.4916,7,3,1,2
CRHIST0002933,CUST0000960,2025-07-16,744.0,22364.69,0.508,5,2,0,0
CRHIST0002934,CUST0000960,2025-07-22,750.0,,0.258,6,1,0,0
CRHIST0002935,CUST0000960,2025-10-10,743.0,20716.06,0.6056,5,0,0,1
CRHIST0002936,CUST0000960,2025-11-18,736.0,8856.18,0.5016,3,3,0,1
CRHIST0002937,CUST0000960,2025-12-09,727.0,10621.45,0.2523,1,3,0,1
CRHIST0002938,CUST0000960,2026-01-11,752.0,15507.9,0.583,4,3,0,1
CRHIST0002939,CUST0000960,2026-03-15,759.0,17416.47,0.4858,3,1,0,1
CRHIST0002940,CUST0000961,2021-01-10,714.0,10921.95,0.4278,5,1,0,0
CRHIST0002941,CUST0000961,2021-10-07,714.0,5903.39,0.1841,7,1,0,0
CRHIST0002942,CUST0000961,2023-09-15,728.0,7383.48,0.3948,4,1,0,0
CRHIST0002943,CUST0000961,2023-11-20,753.0,3188.01,0.1427,3,4,0,0
CRHIST0002944,CUST0000961,2024-03-12,752.0,998.16,0.0336,0,1,0,0
CRHIST0002945,CUST0000961,2025-05-13,742.0,3556.51,0.176,3,2,0,0
CRHIST0002946,CUST0000962,2022-09-19,692.0,10451.63,0.4739,3,1,0,0
CRHIST0002947,CUST0000962,2022-12-05,697.0,3517.95,0.2845,3,3,0,1
CRHIST0002948,CUST0000962,2023-03-03,698.0,8206.81,0.4655,0,2,0,1
CRHIST0002949,CUST0000963,2022-11-05,641.0,5099.23,0.5524,4,3,0,0
CRHIST0002950,CUST0000963,2023-02-18,652.0,1282.9,0.1588,1,5,0,0
CRHIST0002951,CUST0000963,2023-04-11,676.0,7486.75,0.774,3,1,0,0
CRHIST0002952,CUST0000963,2024-08-03,660.0,2565.72,0.4612,2,1,0,0
CRHIST0002953,CUST0000964,2019-02-20,703.0,7657.94,0.3034,4,2,0,0
CRHIST0002954,CUST0000964,2019-07-18,709.0,15184.16,0.7331,1,0,0,0
CRHIST0002955,CUST0000964,2019-10-04,696.0,2625.82,0.2705,1,1,0,0
CRHIST0002956,CUST0000964,2020-07-23,698.0,5723.17,0.251,4,3,0,0
CRHIST0002957,CUST0000965,2021-01-30,700.0,8074.5,0.6599,10,2,0,0
CRHIST0002958,CUST0000965,2022-04-18,699.0,11387.35,0.5393,1,3,0,0
CRHIST0002959,CUST0000965,2022-11-14,699.0,3806.1,0.2453,3,1,0,0
CRHIST0002960,CUST0000965,2023-01-07,687.0,5023.33,0.5383,3,2,0,0
CRHIST0002961,CUST0000966,2023-10-01,740.0,32969.85,0.4589,4,1,0,0
CRHIST0002962,CUST0000966,2024-07-21,756.0,17506.02,0.2416,3,1,0,0
CRHIST0002963,CUST0000966,2024-08-16,778.0,8766.56,0.1971,4,4,0,0
CRHIST0002964,CUST0000966,2024-09-14,798.0,20404.49,0.2421,5,2,0,0
CRHIST0002965,CUST0000966,2024-12-09,801.0,17869.72,0.4489,2,1,0,0
CRHIST0002966,CUST0000967,2021-09-04,664.0,11507.19,0.7302,4,1,0,0
CRHIST0002967,CUST0000967,2022-02-07,666.0,4182.72,0.3619,3,2,0,0
CRHIST0002968,CUST0000968,2021-10-02,693.0,3402.65,0.2531,5,5,0,0
CRHIST0002969,CUST0000968,2022-01-29,679.0,,0.421,3,1,0,0
CRHIST0002970,CUST0000968,2023-05-13,683.0,12849.43,0.7321,3,1,0,0
CRHIST0002971,CUST0000968,2024-09-04,677.0,24964.62,0.6517,9,1,0,0
CRHIST0002972,CUST0000968,2024-10-22,666.0,4607.03,0.171,2,1,0,0
CRHIST0002973,CUST0000969,2021-06-06,634.0,8205.24,0.6158,6,5,0,0
CRHIST0002974,CUST0000969,2021-09-01,637.0,12935.56,0.7051,5,0,0,2
CRHIST0002975,CUST0000969,2021-09-11,647.0,1285.24,0.0816,2,2,0,2
CRHIST0002976,CUST0000969,2022-01-13,640.0,15287.93,0.6695,4,1,0,2
CRHIST0002977,CUST0000970,2020-06-11,675.0,1341.41,0.2664,3,2,0,0
CRHIST0002978,CUST0000970,2020-08-31,680.0,4293.59,0.454,1,1,0,0
CRHIST0002979,CUST0000970,2022-12-05,710.0,4993.33,0.4765,7,2,0,0
CRHIST0002980,CUST0000970,2022-12-24,730.0,510.34,0.0759,1,2,0,0
CRHIST0002981,CUST0000970,2023-02-20,721.0,5393.75,0.6184,2,3,0,0
CRHIST0002982,CUST0000970,2023-08-01,720.0,7627.0,0.6333,2,3,0,0
CRHIST0002983,CUST0000971,2025-02-23,761.0,15688.25,0.4744,6,3,0,0
CRHIST0002984,CUST0000971,2025-03-10,755.0,5966.75,0.2045,7,3,0,0
CRHIST0002985,CUST0000972,2021-09-02,670.0,9801.63,0.6821,4,1,0,0
CRHIST0002986,CUST0000972,2022-09-12,685.0,5287.82,0.4837,4,3,0,0
CRHIST0002987,CUST0000972,2023-01-20,672.0,3115.96,0.2238,5,2,0,0
CRHIST0002988,CUST0000972,2023-03-30,678.0,11674.13,0.3818,1,0,0,1
CRHIST0002989,CUST0000972,2024-03-26,670.0,764.08,0.0396,4,0,0,1
CRHIST0002990,CUST0000973,2024-04-15,523.0,499.48,0.1936,4,4,0,0
CRHIST0002991,CUST0000973,2024-05-04,525.0,2673.49,0.9934,9,3,0,0
CRHIST0002992,CUST0000973,2024-09-02,519.0,1640.89,0.4808,5,3,0,0
CRHIST0002993,CUST0000974,2025-08-12,752.0,4991.59,0.1919,2,1,0,0
CRHIST0002994,CUST0000974,2025-11-28,741.0,3106.67,0.2477,5,1,0,0
CRHIST0002995,CUST0000975,2023-03-03,625.0,29234.81,0.7592,4,1,0,0
CRHIST0002996,CUST0000975,2023-08-08,609.0,16393.7,0.4186,3,0,0,0
CRHIST0002997,CUST0000975,2023-10-19,609.0,8191.83,0.2922,3,1,0,0
CRHIST0002998,CUST0000976,2025-12-31,769.0,15033.92,0.427,1,1,0,0
CRHIST0002999,CUST0000977,2021-02-15,602.0,2744.03,0.2721,6,3,0,0
CRHIST0003000,CUST0000977,2021-12-01,628.0,3695.41,0.3053,2,3,0,0
CRHIST0003001,CUST0000978,2026-05-30,718.0,210.22,0.0146,4,3,0,2
CRHIST0003002,CUST0000979,2021-09-04,541.0,3266.73,0.4042,7,2,0,0
CRHIST0003003,CUST0000979,2021-10-02,547.0,3453.37,0.5471,5,3,0,0
CRHIST0003004,CUST0000979,2021-12-07,543.0,,0.6427,2,2,0,0
CRHIST0003005,CUST0000979,2022-08-17,540.0,659.12,0.2043,6,4,0,0
CRHIST0003006,CUST0000979,2023-04-13,552.0,3355.36,0.7488,5,2,0,0
CRHIST0003007,CUST0000979,2023-10-28,560.0,2505.09,0.3876,7,1,0,2
CRHIST0003008,CUST0000980,2022-07-22,677.0,,0.8429,3,2,0,0
CRHIST0003009,CUST0000981,2026-07-01,662.0,1502.75,0.1346,3,2,0,0
CRHIST0003010,CUST0000981,2026-07-02,671.0,368.96,0.0289,5,0,0,0
CRHIST0003011,CUST0000981,2026-07-09,652.0,4682.32,0.4509,4,1,0,1
CRHIST0003012,CUST0000982,2022-07-23,667.0,3711.73,0.5123,4,2,0,0
CRHIST0003013,CUST0000982,2022-09-26,,3588.87,0.3865,4,1,0,0
CRHIST0003014,CUST0000983,2025-07-14,706.0,4685.36,0.2173,4,2,0,0
CRHIST0003015,CUST0000983,2025-08-16,704.0,4730.73,0.1505,3,2,0,0
CRHIST0003016,CUST0000984,2025-06-26,655.0,512.73,0.1403,3,1,0,0
CRHIST0003017,CUST0000985,2023-01-15,761.0,9288.81,0.5349,1,1,0,0
CRHIST0003018,CUST0000985,2023-03-18,,1707.79,0.1296,0,2,0,0
CRHIST0003019,CUST0000985,2023-08-10,748.0,5725.64,0.7098,1,3,0,0
CRHIST0003020,CUST0000986,2021-12-02,693.0,1903.69,0.176,2,3,0,0
CRHIST0003021,CUST0000986,2021-12-25,701.0,6692.92,0.7263,5,3,0,0
CRHIST0003022,CUST0000986,2022-02-25,690.0,222.77,0.0131,2,3,0,0
CRHIST0003023,CUST0000986,2022-03-17,707.0,9195.21,0.8839,3,1,0,0
CRHIST0003024,CUST0000986,2022-06-04,704.0,6505.05,0.5155,5,3,0,0
CRHIST0003025,CUST0000987,2022-11-08,781.0,15970.8,0.4792,3,1,0,0
CRHIST0003026,CUST0000987,2023-03-21,802.0,1852.65,0.0592,1,2,0,0
CRHIST0003027,CUST0000987,2024-03-06,807.0,14105.15,0.5183,7,3,0,0
CRHIST0003028,CUST0000987,2024-05-16,,9194.38,0.3713,2,5,0,0
CRHIST0003029,CUST0000987,2024-09-19,827.0,2942.23,0.2047,6,4,0,0
CRHIST0003030,CUST0000988,2022-11-15,706.0,650.39,0.1358,2,0,0,0
CRHIST0003031,CUST0000988,2023-11-05,710.0,182.66,0.014,1,1,0,0
CRHIST0003032,CUST0000989,2022-04-01,675.0,10627.31,0.5637,3,3,0,0
CRHIST0003033,CUST0000989,2023-01-10,673.0,14594.92,0.63,2,3,0,0
CRHIST0003034,CUST0000989,2023-02-17,689.0,15325.75,0.5305,3,2,0,0
CRHIST0003035,CUST0000989,2023-03-14,703.0,11244.37,0.6528,1,1,0,0
CRHIST0003036,CUST0000989,2023-04-22,700.0,10466.79,0.3912,3,3,0,0
CRHIST0003037,CUST0000989,2023-08-14,702.0,15175.43,0.7881,1,4,0,0
CRHIST0003038,CUST0000990,2021-02-07,575.0,3265.36,0.4977,4,0,1,0
CRHIST0003039,CUST0000990,2022-02-14,565.0,2347.48,0.5018,4,0,1,1
CRHIST0003040,CUST0000990,2022-05-23,572.0,1490.37,0.4916,2,0,1,1
CRHIST0003041,CUST0000991,2026-02-16,730.0,1422.04,0.2108,2,4,0,0
CRHIST0003042,CUST0000991,2026-02-16,727.0,2904.31,0.2435,2,2,0,0
CRHIST0003043,CUST0000991,2026-04-12,729.0,1564.29,0.2396,1,0,0,0
CRHIST0003044,CUST0000991,2026-04-16,747.0,1399.09,0.1635,3,1,0,0
CRHIST0003045,CUST0000991,2026-05-08,764.0,3353.31,0.2999,5,2,0,0
CRHIST0003046,CUST0000991,2026-05-12,758.0,4306.43,0.5078,3,1,0,0
CRHIST0003047,CUST0000991,2026-07-02,785.0,4080.08,0.4135,3,2,0,0
CRHIST0003048,CUST0000991,2026-07-19,782.0,4041.16,0.4051,2,1,0,0
CRHIST0003049,CUST0000992,2024-06-10,626.0,3072.17,0.6385,4,3,0,0
CRHIST0003050,CUST0000992,2024-07-13,617.0,1584.84,0.1573,5,4,0,0
CRHIST0003051,CUST0000992,2025-02-13,641.0,8136.79,0.7758,3,1,0,0
CRHIST0003052,CUST0000992,2025-02-27,631.0,5539.71,0.5129,8,2,0,0
CRHIST0003053,CUST0000992,2025-05-30,643.0,2881.44,0.309,5,0,0,0
CRHIST0003054,CUST0000993,2025-06-01,725.0,3120.87,0.2998,3,3,0,0
CRHIST0003055,CUST0000994,2024-06-15,727.0,17876.03,0.3983,1,1,0,0
CRHIST0003056,CUST0000995,2021-10-25,645.0,6163.18,0.2739,7,2,0,0
CRHIST0003057,CUST0000995,2022-04-09,644.0,7247.23,0.2633,2,5,0,0
CRHIST0003058,CUST0000995,2022-05-23,656.0,25393.15,0.5824,5,2,0,0
CRHIST0003059,CUST0000995,2022-07-12,639.0,6470.89,0.2897,1,0,0,1
CRHIST0003060,CUST0000995,2023-02-17,635.0,18637.3,0.5292,7,2,0,1
CRHIST0003061,CUST0000996,2021-07-24,638.0,6906.22,0.5605,5,5,0,0
CRHIST0003062,CUST0000997,2026-07-09,729.0,10214.99,0.3561,5,1,0,0
CRHIST0003063,CUST0000997,2026-07-10,743.0,534.88,0.0135,4,3,0,0
CRHIST0003064,CUST0000998,2020-06-28,621.0,839.43,0.1026,3,0,0,0
CRHIST0003065,CUST0000998,2021-05-14,625.0,15487.04,0.9424,3,3,0,0
CRHIST0003066,CUST0000998,2022-02-14,626.0,5264.07,0.7497,5,2,0,0
CRHIST0003067,CUST0000998,2022-09-25,628.0,9119.26,0.7856,2,3,0,0
CRHIST0003068,CUST0000998,2024-10-03,641.0,9861.27,0.5663,5,2,0,0
CRHIST0003069,CUST0000999,2023-07-18,635.0,8732.54,0.6572,4,2,0,1
CRHIST0003070,CUST0000999,2024-02-16,626.0,1134.26,0.1567,3,3,0,2
CRHIST0003071,CUST0000999,2024-03-01,626.0,7520.24,0.4746,2,1,0,2
CRHIST0003072,CUST0000999,2024-03-11,638.0,13698.57,0.776,8,0,0,2
CRHIST0003073,CUST0001000,2024-09-17,673.0,5239.55,0.1326,4,0,0,0
CRHIST0003074,CUST0001000,2024-09-18,679.0,3135.12,0.0975,4,2,0,0
CRHIST0003075,CUST0001000,2024-11-18,693.0,2061.95,0.0713,4,1,0,0
CRHIST0003076,CUST0001001,2023-04-04,738.0,11361.56,0.1787,1,1,0,0
CRHIST0003077,CUST0001001,2023-07-05,728.0,8743.13,0.2306,4,2,0,0
CRHIST0003078,CUST0001002,2023-10-02,,4918.27,0.3513,2,2,0,0
CRHIST0003079,CUST0001003,2019-08-01,801.0,14800.06,0.4403,1,3,0,0
CRHIST0003080,CUST0001004,2020-09-14,596.0,265.55,0.4365,4,1,0,2
CRHIST0003081,CUST0001005,2023-09-04,586.0,793.32,0.3309,5,1,1,2
CRHIST0003082,CUST0001005,2023-10-07,583.0,637.79,0.1807,7,5,1,2
CRHIST0003083,CUST0001006,2021-08-02,742.0,2598.14,0.383,1,8,0,0
CRHIST0003084,CUST0001006,2021-09-24,721.0,3690.8,0.2956,0,2,0,0
CRHIST0003085,CUST0001007,2022-09-05,643.0,12386.12,0.5582,6,4,0,0
CRHIST0003086,CUST0001007,2022-10-30,639.0,3946.53,0.3022,5,3,0,0
CRHIST0003087,CUST0001008,2026-05-12,675.0,1427.51,0.1268,2,4,0,0
CRHIST0003088,CUST0001008,2026-05-25,665.0,2422.51,0.297,4,1,0,0
CRHIST0003089,CUST0001008,2026-05-26,649.0,3718.96,0.3987,6,2,0,0
CRHIST0003090,CUST0001009,2023-12-13,769.0,10701.25,0.2175,2,2,0,2
CRHIST0003091,CUST0001009,2024-01-09,760.0,4923.21,0.2235,3,1,0,2
CRHIST0003092,CUST0001010,2023-11-05,583.0,2078.63,0.6822,5,2,0,0
CRHIST0003093,CUST0001010,2023-12-29,573.0,1653.95,0.7027,4,1,0,1
CRHIST0003094,CUST0001010,2024-01-16,594.0,2605.77,0.7853,10,1,0,1
CRHIST0003095,CUST0001010,2025-01-30,587.0,500.32,0.1243,3,2,0,1
CRHIST0003096,CUST0001011,2020-10-04,-38.0,2564.75,0.1757,2,5,0,0
CRHIST0003097,CUST0001011,2022-08-13,647.0,5541.3,0.2221,1,4,0,0
CRHIST0003098,CUST0001011,2022-09-17,650.0,3938.31,0.1927,4,0,0,0
CRHIST0003099,CUST0001011,2023-06-19,654.0,4052.48,0.2803,0,2,0,0
CRHIST0003100,CUST0001011,2023-08-05,635.0,15826.46,0.6073,9,4,0,0
CRHIST0003101,CUST0001012,2023-08-14,679.0,4865.13,0.123,2,3,0,0
CRHIST0003102,CUST0001012,2024-01-14,684.0,14154.81,0.4167,3,1,0,0
CRHIST0003103,CUST0001013,2026-05-05,661.0,4175.35,0.245,2,6,0,0
CRHIST0003104,CUST0001013,2026-05-07,669.0,5131.71,0.4397,3,0,0,0
CRHIST0003105,CUST0001014,2024-01-09,900.0,5028.92,0.3148,5,3,0,0
CRHIST0003106,CUST0001014,2024-04-18,650.0,20827.35,0.6795,9,2,0,0
CRHIST0003107,CUST0001014,2025-04-02,875.0,17490.79,0.4049,6,2,0,0
CRHIST0003108,CUST0001015,2025-01-06,582.0,2379.04,0.4606,4,2,0,1
CRHIST0003109,CUST0001016,2026-04-29,680.0,1283.65,0.1806,5,1,0,0
CRHIST0003110,CUST0001016,2026-05-03,670.0,7447.1,0.4996,3,3,0,0
CRHIST0003111,CUST0001017,2025-11-25,709.0,12267.74,0.6681,2,1,0,0
CRHIST0003112,CUST0001017,2026-01-26,723.0,7139.24,0.4699,6,2,0,0
CRHIST0003113,CUST0001018,2022-01-15,521.0,1704.12,0.7644,6,2,0,0
CRHIST0003114,CUST0001018,2023-01-15,529.0,1278.34,0.2996,8,3,0,0
CRHIST0003115,CUST0001018,2023-06-18,534.0,406.57,0.2129,7,1,0,0
CRHIST0003116,CUST0001019,2021-10-26,690.0,1198.47,0.1879,5,1,0,0
CRHIST0003117,CUST0001019,2021-12-27,702.0,7500.68,0.7405,5,1,0,0
CRHIST0003118,CUST0001020,2021-04-06,701.0,11544.78,0.5571,3,3,0,0
CRHIST0003119,CUST0001020,2021-12-27,702.0,3111.57,0.2459,2,1,0,0
CRHIST0003120,CUST0001020,2022-01-14,685.0,7337.1,0.58,1,2,0,0
CRHIST0003121,CUST0001020,2022-09-09,690.0,9071.57,0.8099,7,1,0,0
CRHIST0003122,CUST0001020,2022-12-19,691.0,3777.49,0.2305,7,3,0,0
CRHIST0003123,CUST0001020,2023-01-05,696.0,11212.13,0.5931,8,0,0,0
CRHIST0003124,CUST0001021,2025-05-24,597.0,3067.38,0.4352,2,1,0,0
CRHIST0003125,CUST0001021,2025-05-28,592.0,10625.42,0.7435,9,2,0,0
CRHIST0003126,CUST0001022,2022-09-29,669.0,4312.62,0.2721,2,1,0,0
CRHIST0003127,CUST0001023,2025-06-12,564.0,3071.92,0.7606,7,1,0,1
CRHIST0003128,CUST0001023,2025-07-24,575.0,3093.9,0.7773,4,3,1,1
CRHIST0003129,CUST0001023,2025-08-31,564.0,2652.1,0.7203,2,1,1,1
CRHIST0003130,CUST0001024,2025-02-24,608.0,7371.68,0.4901,7,2,0,0
CRHIST0003131,CUST0001024,2025-04-23,611.0,9479.82,0.3755,3,7,0,0
CRHIST0003132,CUST0001024,2025-06-05,606.0,5894.68,0.486,3,2,0,0
CRHIST0003133,CUST0001025,2024-04-10,639.0,7806.08,0.4964,8,1,0,1
CRHIST0003134,CUST0001025,2024-06-10,633.0,4843.51,0.4302,3,2,0,1
CRHIST0003135,CUST0001026,2022-06-26,729.0,7621.74,0.3838,1,0,0,0
CRHIST0003136,CUST0001027,2025-02-15,673.0,10573.34,0.5116,2,2,0,0
CRHIST0003137,CUST9093670,2025-03-21,687.0,6894.53,0.3004,5,0,0,0
CRHIST0003138,CUST0001027,2025-04-20,662.0,6095.21,0.35,7,3,0,0
CRHIST0003139,CUST0001028,2021-03-10,,11815.0,0.462,3,1,0,0
CRHIST0003140,CUST0001028,2021-05-01,726.0,19751.52,0.5609,4,2,0,0
CRHIST0003141,CUST0001028,2023-08-28,718.0,11112.2,0.5592,6,2,0,0
CRHIST0003142,CUST0001028,2024-01-28,713.0,12228.61,0.3768,2,2,0,0
CRHIST0003143,CUST0001028,2024-01-28,712.0,10967.12,0.4458,2,1,0,0
CRHIST0003144,CUST0001028,2025-06-25,722.0,12361.6,0.3428,6,2,0,0
CRHIST0003145,CUST0001029,2023-04-16,579.0,514.04,0.1618,7,0,0,0
CRHIST0003146,CUST0001029,2023-09-07,574.0,929.79,0.2992,5,1,0,0
CRHIST0003147,CUST0001029,2024-11-03,581.0,314.46,0.1815,6,1,0,0
CRHIST0003148,CUST0001029,2025-01-08,565.0,1030.4,0.3435,9,0,0,0
CRHIST0003149,CUST0001030,2021-05-03,672.0,11741.15,0.7793,4,0,0,0
CRHIST0003150,CUST0001030,2023-03-14,670.0,7095.64,0.7059,7,1,0,0
CRHIST0003151,CUST0001031,2019-08-29,667.0,12405.95,0.4817,4,1,0,0
CRHIST0003152,CUST0001032,2024-04-03,742.0,3137.71,0.1859,5,2,0,0
CRHIST0003153,CUST0001032,2024-11-23,740.0,17961.72,0.6201,2,1,0,0
CRHIST0003154,CUST0001032,2025-02-08,735.0,4522.34,0.36,1,2,0,2
CRHIST0003155,CUST0001032,2025-09-23,771.0,9196.14,0.4557,3,4,0,4
CRHIST0003156,CUST0001033,2023-02-28,726.0,13006.48,0.4433,5,1,0,0
CRHIST0003157,CUST0001033,2023-04-27,698.0,4914.82,0.1525,2,1,0,0
CRHIST0003158,CUST0001033,2023-10-31,686.0,5099.56,0.1535,3,2,0,2
CRHIST0003159,CUST0001034,2023-12-03,604.0,2502.88,0.3064,8,3,0,0
CRHIST0003160,CUST0001034,2024-06-29,608.0,3834.65,0.6188,2,1,0,0
CRHIST0003161,CUST0001034,2024-09-20,611.0,3375.33,0.2355,1,3,0,0
CRHIST0003162,CUST0001035,2023-02-04,679.0,30214.82,0.8036,5,2,0,0
CRHIST0003163,CUST0001035,2023-03-21,673.0,11166.86,0.3043,3,2,0,0
CRHIST0003164,CUST0001035,2023-04-26,675.0,6554.55,0.376,5,2,0,0
CRHIST0003165,CUST0001035,2023-05-20,665.0,8055.38,0.2698,4,1,0,0
CRHIST0003166,CUST0001035,2023-12-29,658.0,3798.94,0.1998,5,1,0,0
CRHIST0003167,CUST0001036,2022-01-14,715.0,5367.25,0.2546,1,0,0,0
CRHIST0003168,CUST0001036,2022-04-13,711.0,2736.73,0.1457,2,2,0,0
CRHIST0003169,CUST0001036,2023-04-04,703.0,12407.34,0.5429,3,2,0,0
CRHIST0003170,CUST0001036,2023-08-26,685.0,7788.7,0.3229,3,0,0,0
CRHIST0003171,CUST0001037,2019-07-15,638.0,13038.53,0.4649,4,2,0,0
CRHIST0003172,CUST0001037,2019-10-01,629.0,5880.97,0.2894,6,2,0,0
CRHIST0003173,CUST0001037,2021-10-31,635.0,11796.19,0.5054,4,0,0,0
CRHIST0003174,CUST0001037,2022-07-26,654.0,19639.93,0.5264,2,2,0,0
CRHIST0003175,CUST0001037,2024-11-11,,21882.21,0.6798,2,1,0,0
CRHIST0003176,CUST0001038,2022-01-01,618.0,7486.42,0.4031,1,2,0,0
CRHIST0003177,CUST0001038,2023-02-12,614.0,7984.95,0.6131,5,2,0,0
CRHIST0003178,CUST0001038,2023-03-28,613.0,6062.6,0.5084,2,0,0,0
CRHIST0003179,CUST0001038,2023-06-06,615.0,5219.84,0.5727,2,2,0,0
CRHIST0003180,CUST0001039,2025-12-22,656.0,3354.19,0.2474,7,4,0,0
CRHIST0003181,CUST0001039,2026-01-05,661.0,4674.92,0.6135,5,2,0,0
CRHIST0003182,CUST0001040,2024-12-08,740.0,3823.8,0.5015,4,1,0,0
CRHIST0003183,CUST0001040,2025-03-04,746.0,5542.11,0.5669,1,0,0,0
CRHIST0003184,CUST0001040,2025-04-16,742.0,3948.89,0.3702,2,2,0,0
CRHIST0003185,CUST0001040,2025-06-25,744.0,2442.34,0.339,0,2,0,0
CRHIST0003186,CUST0001041,2023-01-29,,965.59,0.6664,3,3,0,0
CRHIST0003187,CUST0001041,2023-11-06,614.0,1227.94,0.524,2,2,0,0
CRHIST0003188,CUST0001041,2024-01-21,624.0,605.01,0.2662,6,6,0,0
CRHIST0003189,CUST0001041,2024-10-18,870.0,733.78,0.399,6,1,0,0
CRHIST0003190,CUST0001041,2024-11-02,611.0,511.82,0.4456,2,3,0,0
CRHIST0003191,CUST0001042,2020-02-19,796.0,17442.1,0.3463,6,2,0,0
CRHIST0003192,CUST0001042,2020-03-17,797.0,11968.59,0.4115,3,1,0,0
CRHIST0003193,CUST0001042,2020-05-24,815.0,11157.01,0.2506,2,5,0,0
CRHIST0003194,CUST0001042,2022-04-07,809.0,2119.34,0.0986,3,2,0,0
CRHIST0003195,CUST0001042,2022-05-03,806.0,15160.79,0.6058,2,4,0,0
CRHIST0003196,CUST0001043,2026-07-14,501.0,608.99,0.4204,6,3,0,0
CRHIST0003197,CUST0001043,2026-07-15,499.0,534.82,0.3967,11,6,0,0
CRHIST0003198,CUST0001043,2026-07-15,506.0,334.79,0.3801,7,5,0,0
CRHIST0003199,CUST0001044,2024-11-08,693.0,1229.81,0.0248,2,0,0,0
CRHIST0003200,CUST0001044,2024-11-28,707.0,47646.06,0.7195,6,5,0,1
CRHIST0003201,CUST0001044,2025-06-18,713.0,25600.95,0.6789,4,1,0,1
CRHIST0003202,CUST0001045,2019-04-07,695.0,22676.52,0.543,3,3,0,0
CRHIST0003203,CUST0001045,2020-12-13,695.0,14163.65,0.2845,4,0,0,0
CRHIST0003204,CUST0001046,2022-05-08,631.0,6181.71,0.6084,3,0,0,2
CRHIST0003205,CUST0001046,2022-05-08,632.0,6402.84,0.3011,3,4,0,4
CRHIST0003206,CUST0001047,2021-10-12,715.0,1133.74,0.1093,3,3,0,0
CRHIST0003207,CUST0001047,2023-05-23,736.0,9241.64,0.4112,2,2,0,0
CRHIST0003208,CUST0001047,2023-06-10,703.0,1674.29,0.1407,2,4,0,0
CRHIST0003209,CUST0001048,2025-12-14,780.0,5220.68,0.2057,1,1,0,0
CRHIST0003210,CUST0001049,2026-04-27,649.0,5678.54,0.338,7,2,0,0
CRHIST0003211,CUST0001050,2022-10-09,673.0,3253.79,0.5611,4,1,0,0
CRHIST0003212,CUST0001050,2023-01-13,684.0,1966.01,0.1804,4,5,0,0
CRHIST0003213,CUST0001050,2023-01-27,691.0,7766.04,0.667,3,0,0,0
CRHIST0003214,CUST0001050,2023-04-19,687.0,1614.2,0.3604,6,0,0,0
CRHIST0003215,CUST0001050,2024-01-18,697.0,2257.17,0.222,2,5,0,0
CRHIST0003216,CUST0001050,2024-04-24,693.0,3126.16,0.2817,5,1,0,0
CRHIST0003217,CUST0001051,2021-04-04,643.0,19055.14,0.8154,3,2,0,0
CRHIST0003218,CUST0001051,2021-09-02,621.0,14174.2,0.8259,4,0,1,0
CRHIST0003219,CUST0001052,2024-01-15,682.0,8248.57,0.312,1,1,0,0
CRHIST0003220,CUST0001052,2024-06-27,674.0,14111.7,0.6556,2,1,0,0
CRHIST0003221,CUST0001052,2024-09-06,670.0,10007.04,0.449,6,3,0,0
CRHIST0003222,CUST0001052,2024-11-17,683.0,5402.11,0.2011,7,2,0,0
CRHIST0003223,CUST0001053,2021-03-21,569.0,2439.78,0.633,2,2,0,0
CRHIST0003224,CUST0001053,2021-09-24,567.0,3463.99,0.564,2,4,0,1
CRHIST0003225,CUST0001053,2023-02-18,873.0,1742.01,0.5238,4,1,1,1
CRHIST0003226,CUST0001053,2023-11-12,555.0,696.11,0.2102,4,2,1,1
CRHIST0003227,CUST0001054,2021-04-17,673.0,11106.41,0.3649,3,6,0,0
CRHIST0003228,CUST0001054,2021-08-09,643.0,5761.69,0.1769,5,1,0,0
CRHIST0003229,CUST0001054,2021-08-22,643.0,13785.72,0.5758,6,0,0,0
CRHIST0003230,CUST0001054,2021-12-05,646.0,14290.68,0.4581,4,2,0,0
CRHIST0003231,CUST0001054,2021-12-16,658.0,11969.56,0.4282,8,1,0,0
CRHIST0003232,CUST0001054,2022-09-30,660.0,8927.01,0.2687,5,1,0,2
CRHIST0003233,CUST0001054,2023-03-14,668.0,10013.29,0.3452,4,0,0,2
CRHIST0003234,CUST0001055,2022-01-21,726.0,22851.37,0.486,2,2,0,0
CRHIST0003235,CUST0001055,2023-06-10,730.0,10006.53,0.225,4,1,0,0
CRHIST0003236,CUST0001055,2023-07-22,733.0,9482.02,0.5879,6,3,0,0
CRHIST0003237,CUST0001056,2021-08-17,556.0,1696.14,0.4844,2,0,0,0
CRHIST0003238,CUST0001056,2022-09-08,561.0,1411.05,0.4038,4,1,0,2
CRHIST0003239,CUST0001056,2024-04-19,541.0,1929.01,0.4747,0,1,0,2
CRHIST0003240,CUST0001056,2025-01-17,532.0,1585.06,0.5796,4,1,0,2
CRHIST0003241,CUST0001057,2020-01-26,531.0,460.13,0.3667,7,4,0,0
CRHIST0003242,CUST0001057,2020-02-16,516.0,1308.86,0.5178,3,1,0,0
CRHIST0003243,CUST0001057,2020-08-02,514.0,774.22,0.2823,4,1,0,0
CRHIST0003244,CUST0001057,2021-01-28,512.0,1673.49,0.7584,4,1,0,2
CRHIST0003245,CUST0001058,2024-10-17,662.0,1314.74,0.148,3,2,0,0
CRHIST0003246,CUST0001058,2025-02-08,660.0,903.48,0.1068,4,3,0,0
CRHIST0003247,CUST0001058,2025-02-09,663.0,1474.84,0.1918,4,1,0,0
CRHIST0003248,CUST0001058,2025-06-16,651.0,1163.47,0.173,5,4,0,2
CRHIST0003249,CUST0001058,2025-06-16,661.0,4801.62,0.7612,3,1,0,2
CRHIST0003250,CUST0001059,2023-07-05,491.0,1156.19,0.4612,6,0,0,0
CRHIST0003251,CUST0001059,2023-12-22,522.0,1829.06,0.6316,3,1,0,0
CRHIST0003252,CUST0001060,2023-05-06,675.0,16399.46,0.1711,5,2,0,0
CRHIST0003253,CUST0001060,2023-08-06,675.0,29544.95,0.3274,4,1,0,0
CRHIST0003254,CUST0001061,2023-12-20,673.0,2650.24,0.2554,4,2,0,0
CRHIST0003255,CUST0001061,2024-08-13,693.0,2898.91,0.2625,1,0,0,0
CRHIST0003256,CUST0001062,2025-01-13,655.0,31819.41,0.8635,2,5,0,0
CRHIST0003257,CUST0001063,2024-12-27,895.0,329.0,0.0155,5,2,0,0
CRHIST0003258,CUST0001063,2025-01-08,738.0,7266.54,0.2452,3,2,0,0
CRHIST0003259,CUST0001064,2023-07-15,664.0,2773.04,0.3985,5,7,0,0
CRHIST0003260,CUST0001065,2025-06-28,670.0,3125.75,0.3784,1,3,0,1
CRHIST0003261,CUST0001065,2025-07-20,667.0,2792.87,0.3437,7,4,0,1
CRHIST0003262,CUST0001065,2025-07-21,,1472.35,0.1238,3,2,0,1
CRHIST0003263,CUST0001065,2025-08-20,695.0,7125.6,0.5855,4,4,0,1
CRHIST0003264,CUST0001065,2025-11-01,687.0,715.57,0.1411,2,1,0,1
CRHIST0003265,CUST0001065,2025-11-11,700.0,1964.28,0.2778,3,0,0,1
CRHIST0003266,CUST0001065,2025-12-08,706.0,1403.52,0.2167,4,1,0,1
CRHIST0003267,CUST0001066,2023-05-18,634.0,1412.06,0.0936,3,1,0,0
CRHIST0003268,CUST0001066,2023-06-28,622.0,7558.57,0.3216,5,1,0,0
CRHIST0003269,CUST0001066,2024-04-29,635.0,14276.96,0.5152,9,3,0,0
CRHIST0003270,CUST0001067,2019-03-21,670.0,8242.74,0.4158,4,1,0,0
CRHIST0003271,CUST0001068,2025-09-26,720.0,3180.07,0.3273,3,3,0,1
CRHIST0003272,CUST0001068,2025-10-09,716.0,1156.89,0.0873,3,0,0,1
CRHIST0003273,CUST0001068,2025-11-24,729.0,2293.05,0.3372,3,0,0,1
CRHIST0003274,CUST0001068,2026-01-11,729.0,3380.79,0.3005,5,1,0,1
CRHIST0003275,CUST0001068,2026-01-31,715.0,10251.37,0.6983,4,0,0,1
CRHIST0003276,CUST0001069,2025-06-10,655.0,726.56,0.1678,5,3,0,0
CRHIST0003277,CUST0001070,2022-04-22,723.0,1272.26,0.1113,7,1,0,0
CRHIST0003278,CUST0001070,2022-05-08,727.0,2690.66,0.2939,5,1,0,0
CRHIST0003279,CUST0001071,2022-01-11,670.0,5671.11,0.3424,4,1,0,0
CRHIST0003280,CUST0001072,2025-12-24,646.0,17702.58,0.8047,3,3,0,0
CRHIST0003281,CUST0001072,2026-01-06,646.0,10429.69,0.6928,2,1,0,0
CRHIST0003282,CUST0001073,2022-06-18,677.0,7725.5,0.3098,5,1,0,0
CRHIST0003283,CUST0001073,2022-07-24,678.0,4169.72,0.1057,4,2,0,0
CRHIST0003284,CUST0001074,2022-07-06,656.0,24103.54,0.8144,3,5,0,0
CRHIST0003285,CUST0001074,2023-06-25,646.0,8877.26,0.3187,2,1,0,0
CRHIST0003286,CUST0001074,2023-10-07,649.0,1931.61,0.1214,1,4,0,0
CRHIST0003287,CUST0001074,2024-02-10,648.0,4573.0,0.285,4,4,0,0
CRHIST0003288,CUST0001075,2024-09-29,641.0,6172.39,0.4315,5,2,0,0
CRHIST0003289,CUST0001075,2025-01-10,654.0,5973.36,0.468,4,2,0,0
CRHIST0003290,CUST0001076,2021-12-21,704.0,2267.8,0.336,4,0,0,0
CRHIST0003291,CUST0001076,2022-04-05,709.0,5021.8,0.4815,5,1,0,0
CRHIST0003292,CUST0001076,2022-05-07,696.0,1531.93,0.2209,3,1,0,0
CRHIST0003293,CUST0001077,2022-07-11,700.0,11358.31,0.436,2,3,0,0
CRHIST0003294,CUST0001077,2024-04-11,692.0,467.97,0.0225,5,2,0,0
CRHIST0003295,CUST0001078,2025-02-18,646.0,1583.2,0.0997,8,1,0,0
CRHIST0003296,CUST0001078,2025-03-28,630.0,1796.58,0.1652,3,2,0,0
CRHIST0003297,CUST0001078,2025-05-13,626.0,5085.33,0.4161,5,3,0,0
CRHIST0003298,CUST0001078,2025-10-01,623.0,4589.77,0.3464,4,4,0,0
CRHIST0003299,CUST0001079,2021-01-26,737.0,8926.71,0.3635,5,0,0,0
CRHIST0003300,CUST0001079,2021-07-10,746.0,11544.43,0.4081,1,0,0,0
CRHIST0003301,CUST0001080,2019-05-12,698.0,4558.66,0.2139,3,3,0,0
CRHIST0003302,CUST0001080,2020-02-12,685.0,6844.87,0.263,5,0,0,0
CRHIST0003303,CUST0001081,2021-08-04,614.0,4919.33,0.4674,4,0,0,0
CRHIST0003304,CUST0001081,2021-08-22,608.0,3353.74,0.3279,7,2,0,0
CRHIST0003305,CUST0001081,2023-06-02,584.0,17650.36,0.7531,2,1,0,0
CRHIST0003306,CUST0001082,2020-05-11,753.0,11632.21,0.2132,1,3,0,0
CRHIST0003307,CUST0001082,2020-12-22,764.0,18430.9,0.2905,5,3,0,0
CRHIST0003308,CUST0001082,2021-09-29,751.0,35686.26,0.5658,2,0,0,0
CRHIST0003309,CUST0001082,2022-11-17,740.0,24878.53,0.4632,6,1,1,0
CRHIST0003310,CUST0001083,2021-12-30,715.0,3994.65,0.3346,5,2,0,0
CRHIST0003311,CUST0001083,2022-09-24,717.0,0.0,0.0,4,4,0,0
CRHIST0003312,CUST0001083,2024-02-29,715.0,5335.36,0.4574,6,3,0,0
CRHIST0003313,CUST0001083,2024-04-30,728.0,7816.59,0.4197,4,1,0,0
CRHIST0003314,CUST0001083,2024-09-26,729.0,5158.89,0.2801,0,2,0,0
CRHIST0003315,CUST0001083,2025-11-12,726.0,7178.56,0.319,1,1,0,0
CRHIST0003316,CUST0001084,2019-08-25,668.0,12494.91,0.5879,4,1,0,0
CRHIST0003317,CUST0001084,2020-08-11,665.0,12131.26,0.3302,2,1,0,0
CRHIST0003318,CUST0001084,2020-10-04,658.0,7065.2,0.401,5,2,0,0
CRHIST0003319,CUST0001084,2022-07-07,652.0,19112.74,0.6362,3,2,0,0
CRHIST0003320,CUST0001084,2023-03-13,648.0,21179.97,0.5219,4,2,0,0
CRHIST0003321,CUST0001085,2023-07-15,742.0,9457.0,0.4498,0,3,0,0
CRHIST0003322,CUST0001085,2023-10-31,721.0,9293.93,0.3905,3,3,0,0
CRHIST0003323,CUST0001085,2024-03-17,713.0,9041.2,0.3723,5,0,0,0
CRHIST0003324,CUST0001085,2024-04-28,694.0,2348.32,0.1063,4,1,0,0
CRHIST0003325,CUST0001086,2022-12-07,666.0,362.53,0.0814,1,2,0,0
CRHIST0003326,CUST0001086,2023-09-16,646.0,913.08,0.1333,4,4,0,0
CRHIST0003327,CUST0001087,2021-03-01,673.0,19266.09,0.5695,4,1,0,0
CRHIST0003328,CUST0001088,2024-01-22,670.0,7890.29,0.3039,4,2,0,0
CRHIST0003329,CUST0001088,2024-02-13,661.0,4379.48,0.1612,3,1,0,0
CRHIST0003330,CUST0001088,2024-06-30,645.0,4843.58,0.4742,4,2,0,0
CRHIST0003331,CUST0001089,2020-08-20,652.0,1028.37,0.0925,4,2,0,0
CRHIST0003332,CUST0001089,2020-11-28,647.0,7222.74,0.6201,4,1,0,0
CRHIST0003333,CUST0001089,2021-10-22,,3512.46,0.4174,3,1,0,0
CRHIST0003334,CUST0001089,2021-11-19,678.0,1813.29,0.3197,2,3,0,0
CRHIST0003335,CUST0001089,2022-03-16,681.0,5051.85,0.7312,2,2,0,0
CRHIST0003336,CUST0001090,2021-04-04,684.0,3597.53,0.1335,5,2,0,0
CRHIST0003337,CUST0001090,2022-02-25,678.0,5417.71,0.2882,4,0,0,0
CRHIST0003338,CUST0001090,2022-05-01,687.0,2041.32,0.1887,6,3,0,0
CRHIST0003339,CUST0001090,2022-08-02,691.0,817.37,0.0673,4,2,0,0
CRHIST0003340,CUST0001091,2023-01-08,731.0,5419.95,0.3315,3,0,0,0
CRHIST0003341,CUST0001092,2020-05-13,,1272.84,0.1587,3,2,0,0
CRHIST0003342,CUST0001093,2025-07-22,622.0,11292.8,0.6275,5,4,0,0
CRHIST0003343,CUST0001093,2025-08-14,610.0,21234.74,0.7053,5,3,0,0
CRHIST0003344,CUST0001093,2025-10-18,608.0,6860.15,0.4791,2,2,0,0
CRHIST0003345,CUST0001093,2025-11-08,621.0,4577.36,0.2431,4,3,0,0
CRHIST0003346,CUST0001094,2021-09-19,632.0,12748.98,0.4142,5,2,0,0
CRHIST0003347,CUST0001094,2021-11-07,631.0,9805.49,0.4902,4,0,0,0
CRHIST0003348,CUST0001094,2021-11-24,605.0,12684.13,0.4449,4,3,0,0
CRHIST0003349,CUST0001094,2022-01-09,604.0,4606.29,0.148,7,3,0,0
CRHIST0003350,CUST0001094,2024-01-04,604.0,9004.51,0.4723,4,4,0,0
CRHIST0003351,CUST0001095,2022-09-20,668.0,5198.42,0.312,4,2,0,0
CRHIST0003352,CUST0001095,2022-12-20,663.0,4668.6,0.3232,5,1,0,0
CRHIST0003353,CUST0001096,2021-09-05,735.0,26329.48,0.5303,4,2,0,1
CRHIST0003354,CUST0001097,2022-04-29,591.0,1922.02,0.4817,5,3,0,0
CRHIST0003355,CUST0001097,2022-10-11,585.0,1202.39,0.3977,3,3,0,0
CRHIST0003356,CUST0001098,2019-11-04,620.0,9785.27,0.5145,2,3,0,0
CRHIST0003357,CUST0001098,2021-07-15,607.0,,0.5401,3,1,0,0
CRHIST0003358,CUST0001098,2022-01-19,590.0,3312.78,0.3254,2,3,0,0
CRHIST0003359,CUST0001098,2022-09-13,599.0,11782.58,0.5429,6,4,0,0
CRHIST0003360,CUST0001098,2023-07-15,602.0,5538.45,0.2716,5,0,0,0
CRHIST0003361,CUST0001098,2024-06-07,-23.0,10433.27,0.6811,7,2,0,0
CRHIST0003362,CUST0001099,2026-03-15,691.0,5548.92,0.2286,3,0,0,0
CRHIST0003363,CUST0001099,2026-04-30,,13861.89,0.4219,4,1,0,0
CRHIST0003364,CUST0001099,2026-05-01,686.0,2605.61,0.1406,2,3,0,0
CRHIST0003365,CUST0001099,2026-06-13,696.0,2655.66,0.1944,3,0,0,0
CRHIST0003366,CUST0001100,2021-07-21,765.0,4060.78,0.1979,3,2,0,0
CRHIST0003367,CUST0001101,2022-11-08,713.0,1973.86,0.1771,8,1,0,1
CRHIST0003368,CUST0001101,2022-12-09,725.0,852.11,0.0643,1,6,0,1
CRHIST0003369,CUST0001101,2023-07-25,742.0,2605.86,0.2748,2,3,0,1
CRHIST0003370,CUST0001101,2023-07-28,728.0,424.62,0.0499,5,1,0,1
CRHIST0003371,CUST0001101,2024-01-11,726.0,4610.88,0.4275,5,0,0,3
CRHIST0003372,CUST0001101,2024-08-19,717.0,8922.63,0.6591,1,3,0,3
CRHIST0003373,CUST0001101,2025-03-30,703.0,1531.76,0.1213,1,2,0,3
CRHIST0003374,CUST0001102,2025-06-26,635.0,4279.92,0.2163,4,0,0,0
CRHIST0003375,CUST0001103,2022-07-07,742.0,14607.01,0.3598,2,2,0,0
CRHIST0003376,CUST0001103,2022-10-09,747.0,,0.7183,6,1,0,0
CRHIST0003377,CUST0001103,2023-01-12,746.0,14992.71,0.3885,6,2,0,0
CRHIST0003378,CUST0001103,2023-04-01,732.0,17730.86,0.278,2,5,0,0
CRHIST0003379,CUST0001103,2023-12-05,740.0,34223.67,0.6105,3,0,0,0
CRHIST0003380,CUST0001104,2024-10-04,666.0,4254.02,0.2068,3,4,0,0
CRHIST0003381,CUST0001104,2024-10-23,661.0,3391.29,0.3219,4,0,0,2
CRHIST0003382,CUST0001105,2019-08-29,751.0,7822.33,0.1687,5,2,0,0
CRHIST0003383,CUST0001105,2020-06-02,763.0,5396.45,0.1522,2,3,0,1
CRHIST0003384,CUST0001105,2020-08-05,783.0,3736.42,0.1926,3,1,0,1
CRHIST0003385,CUST0001106,2022-01-18,709.0,1624.51,0.1225,6,2,0,0
CRHIST0003386,CUST0001106,2022-01-29,696.0,6361.51,0.2872,3,1,0,0
CRHIST0003387,CUST0001106,2022-09-29,680.0,2127.03,0.1335,4,3,0,0
CRHIST0003388,CUST0001106,2023-03-12,673.0,10840.65,0.5196,5,5,0,0
CRHIST0003389,CUST0001106,2023-07-22,669.0,13489.02,0.6625,4,2,0,0
CRHIST0003390,CUST0001106,2024-12-24,,8119.17,0.5091,2,3,0,0
CRHIST0003391,CUST0001106,2025-01-10,644.0,2574.24,0.1852,4,4,0,0
CRHIST0003392,CUST0001107,2024-12-12,651.0,1578.55,0.3595,5,3,0,0
CRHIST0003393,CUST0001107,2025-04-02,646.0,1449.89,0.2619,4,2,0,0
CRHIST0003394,CUST0001107,2025-09-25,645.0,3179.56,0.3588,5,2,0,0
CRHIST0003395,CUST0001107,2025-10-28,636.0,2673.97,0.3462,3,2,0,0
CRHIST0003396,CUST0001107,2025-12-08,625.0,3954.39,0.7286,6,1,0,0
CRHIST0003397,CUST0001108,2021-05-05,,7089.64,0.5628,2,1,0,0
CRHIST0003398,CUST0001108,2021-07-09,703.0,3390.14,0.2749,6,0,0,2
CRHIST0003399,CUST0001108,2021-12-09,710.0,1112.96,0.0596,4,0,0,2
CRHIST0003400,CUST9691978,2022-07-01,730.0,4134.35,0.1817,1,2,0,2
CRHIST0003401,CUST0001108,2023-02-23,732.0,16548.32,0.7673,3,3,0,2
CRHIST0003402,CUST0001108,2023-12-23,741.0,6795.66,0.3628,3,1,0,2
CRHIST0003403,CUST0001108,2025-11-23,733.0,4730.76,0.227,3,1,0,2
CRHIST0003404,CUST0001108,2026-02-03,721.0,9255.51,0.6748,4,3,0,2
CRHIST0003405,CUST0001108,2026-07-15,737.0,5548.14,0.3344,3,1,0,2
CRHIST0003406,CUST0001109,2022-06-16,710.0,10497.71,0.5151,2,1,0,0
CRHIST0003407,CUST0001109,2022-07-13,721.0,6962.37,0.4411,4,1,0,0
CRHIST0003408,CUST0001109,2023-11-30,699.0,7864.28,0.2668,4,1,0,0
CRHIST0003409,CUST0001109,2024-08-04,703.0,8793.79,0.7656,2,1,0,0
CRHIST0003410,CUST0001110,2020-01-26,661.0,7463.43,0.2998,2,2,0,2
CRHIST0003411,CUST0001110,2020-02-04,658.0,15012.01,0.6355,3,3,0,2
CRHIST0003412,CUST0001110,2020-03-31,671.0,12104.76,0.5019,4,1,0,2
CRHIST0003413,CUST0001110,2020-05-06,684.0,3892.86,0.3548,7,4,0,2
CRHIST0003414,CUST0001110,2020-10-30,691.0,1067.7,0.0959,6,5,0,2
CRHIST0003415,CUST0001111,2023-02-12,691.0,7950.19,0.4346,4,5,0,0
CRHIST0003416,CUST0001111,2023-07-29,689.0,2765.17,0.2023,0,0,0,0
CRHIST0003417,CUST0001111,2024-05-10,706.0,518.04,0.0812,3,3,0,0
CRHIST0003418,CUST0001111,2024-05-13,704.0,1595.14,0.1654,0,2,0,0
CRHIST0003419,CUST0001111,2024-05-14,681.0,11081.1,0.7629,5,1,0,0
CRHIST0003420,CUST0001112,2022-03-06,652.0,8207.99,0.5956,3,3,0,0
CRHIST0003421,CUST0001113,2025-09-04,591.0,793.74,0.147,0,1,0,0
CRHIST0003422,CUST0001113,2025-09-30,559.0,2108.82,0.5196,5,1,0,0
CRHIST0003423,CUST0001114,2022-06-26,730.0,11503.07,0.3129,4,2,0,0
CRHIST0003424,CUST0001115,2025-05-28,620.0,1863.44,0.3593,4,1,0,0
CRHIST0003425,CUST0001115,2025-11-07,629.0,2448.95,0.2195,3,1,0,0
CRHIST0003426,CUST0001115,2025-11-24,632.0,349.46,0.0678,5,0,0,0
CRHIST0003427,CUST0001115,2026-02-09,,6454.2,0.5374,5,0,1,0
CRHIST0003428,CUST0001115,2026-02-14,623.0,4223.37,0.4679,5,0,1,0
CRHIST0003429,CUST0001116,2025-12-05,693.0,9608.92,0.3278,2,1,0,0
CRHIST0003430,CUST0001116,2025-12-26,704.0,15681.74,0.3902,5,3,0,0
CRHIST0003431,CUST0001117,2025-06-09,,10261.48,0.4674,3,2,0,0
CRHIST0003432,CUST0001118,2024-10-25,750.0,3253.78,0.2728,1,2,0,0
CRHIST0003433,CUST0001118,2024-12-05,751.0,3370.23,0.1202,4,4,0,0
CRHIST0003434,CUST0001118,2025-04-16,772.0,19992.65,0.6182,1,1,0,0
CRHIST0003435,CUST0001118,2025-05-16,,11717.23,0.3961,5,1,0,0
CRHIST0003436,CUST0001119,2023-07-14,695.0,17450.37,0.7186,5,1,0,0
CRHIST0003437,CUST0001119,2024-03-24,671.0,11547.7,0.8076,1,1,0,0
CRHIST0003438,CUST0001119,2024-10-20,670.0,4379.16,0.2162,4,1,0,0
CRHIST0003439,CUST0001119,2025-01-28,674.0,5401.3,0.554,4,4,0,0
CRHIST0003440,CUST0001119,2025-03-10,683.0,2337.03,0.1328,4,2,0,0
CRHIST0003441,CUST0001120,2022-11-07,670.0,5535.59,0.2855,7,1,0,0
CRHIST0003442,CUST0001120,2024-05-22,668.0,11987.04,0.7698,1,0,0,0
CRHIST0003443,CUST0001120,2024-06-03,663.0,5987.66,0.6748,3,1,0,0
CRHIST0003444,CUST0001121,2019-12-21,676.0,1385.69,0.1356,4,1,0,0
CRHIST0003445,CUST0001121,2020-06-16,680.0,88.01,0.0153,5,2,0,0
CRHIST0003446,CUST0001121,2020-06-19,685.0,2415.26,0.3182,5,2,0,0
CRHIST0003447,CUST0001122,2020-05-10,665.0,839.93,0.0423,5,3,0,0
CRHIST0003448,CUST0001122,2021-06-30,674.0,12921.56,0.637,3,2,0,0
CRHIST0003449,CUST0001122,2022-03-15,672.0,4987.89,0.5485,2,1,0,2
CRHIST0003450,CUST0001122,2022-08-14,668.0,2227.69,0.2341,3,2,0,2
CRHIST0003451,CUST0001123,2022-01-06,549.0,1016.68,0.2764,3,2,0,0
CRHIST0003452,CUST0001124,2024-02-19,,1405.7,0.181,5,1,0,0
CRHIST0003453,CUST0001124,2024-05-25,680.0,4212.54,0.5389,8,1,0,0
CRHIST0003454,CUST0001124,2024-08-13,685.0,1835.71,0.336,9,0,0,0
CRHIST0003455,CUST0001125,2020-04-21,665.0,5532.57,0.3251,2,1,0,0
CRHIST0003456,CUST0001125,2020-05-25,660.0,5163.04,0.5321,4,2,0,0
CRHIST0003457,CUST0001125,2020-10-31,667.0,5200.67,0.3404,4,1,0,0
CRHIST0003458,CUST0001125,2020-11-05,654.0,5315.43,0.2596,4,2,0,0
CRHIST0003459,CUST0001125,2022-02-12,632.0,3159.17,0.1986,2,0,0,0
CRHIST0003460,CUST0001126,2026-03-14,652.0,5674.11,0.3804,5,4,0,0
CRHIST0003461,CUST0001126,2026-05-27,635.0,4242.02,0.344,4,3,0,0
CRHIST0003462,CUST0001127,2026-08-05,729.0,5457.03,0.2741,2,2,0,0
CRHIST0003463,CUST0001127,2026-08-06,735.0,8667.37,0.5177,2,1,0,0
CRHIST0003464,CUST0001127,2026-08-07,721.0,9917.01,0.7915,6,2,0,0
CRHIST0003465,CUST0001127,2026-08-08,746.0,1781.33,0.12,3,4,0,0
CRHIST0003466,CUST0001128,2020-01-03,606.0,6287.17,0.5591,2,0,0,0
CRHIST0003467,CUST0001128,2020-07-02,602.0,873.93,0.0558,3,1,0,0
CRHIST0003468,CUST0001128,2020-09-13,584.0,6566.93,0.6453,7,2,0,0
CRHIST0003469,CUST0001129,2020-01-08,706.0,11917.84,0.6068,6,3,0,0
CRHIST0003470,CUST0001130,2025-09-19,681.0,2996.01,0.1903,2,2,0,0
CRHIST0003471,CUST0001130,2025-09-25,688.0,5038.35,0.2898,1,4,0,0
CRHIST0003472,CUST0001131,2020-09-23,607.0,3020.55,0.3883,5,2,0,0
CRHIST0003473,CUST0001132,2021-04-09,695.0,4324.37,0.2066,2,0,0,0
CRHIST0003474,CUST0001133,2021-05-27,678.0,5308.24,0.5028,3,4,0,0
CRHIST0003475,CUST0001133,2021-07-24,671.0,6729.92,0.6523,3,1,0,0
CRHIST0003476,CUST0001134,2024-06-08,699.0,9973.89,0.3876,2,1,0,0
CRHIST0003477,CUST0001134,2024-06-25,713.0,8782.24,0.4211,7,2,0,0
CRHIST0003478,CUST0001134,2024-09-13,701.0,4241.74,0.2651,1,2,0,0
CRHIST0003479,CUST0001134,2025-03-19,702.0,0.0,0.0,2,2,0,0
CRHIST0003480,CUST0001135,2020-01-07,692.0,3054.1,0.0707,3,3,0,1
CRHIST0003481,CUST0001135,2021-01-23,695.0,10375.93,0.3056,2,1,0,1
CRHIST0003482,CUST0001135,2021-06-13,719.0,4524.95,0.2302,0,3,0,1
CRHIST0003483,CUST0001135,2023-02-15,721.0,5081.12,0.1648,2,1,0,1
CRHIST0003484,CUST0001136,2020-07-21,682.0,9672.08,0.6818,0,2,0,0
CRHIST0003485,CUST0001136,2020-09-28,666.0,4413.53,0.2258,5,1,0,0
CRHIST0003486,CUST0001136,2020-10-05,665.0,4877.62,0.3997,5,1,0,0
CRHIST0003487,CUST0001137,2022-07-06,662.0,6802.62,0.3513,3,4,0,2
CRHIST0003488,CUST0001137,2022-10-19,658.0,6223.44,0.3461,10,3,0,2
CRHIST0003489,CUST0001137,2022-11-12,665.0,2269.04,0.0889,5,0,0,2
CRHIST0003490,CUST0001138,2024-02-22,659.0,811.24,0.0423,5,1,0,0
CRHIST0003491,CUST0001138,2024-10-19,647.0,7776.36,0.4461,4,2,0,0
CRHIST0003492,CUST0001139,2026-07-28,676.0,8297.0,0.3107,4,1,0,0
CRHIST0003493,CUST0001139,2026-08-01,673.0,17515.88,0.6431,2,1,0,0
CRHIST0003494,CUST0001139,2026-08-06,661.0,15425.15,0.62,3,3,0,0
CRHIST0003495,CUST0001140,2021-03-13,648.0,20832.07,0.8921,2,1,0,0
CRHIST0003496,CUST0001140,2021-10-17,645.0,16130.06,0.7273,6,2,0,1
CRHIST0003497,CUST0001140,2023-04-14,656.0,6644.8,0.3764,2,0,0,1
CRHIST0003498,CUST0001140,2023-07-24,656.0,2041.24,0.0868,4,5,0,1
CRHIST0003499,CUST0001140,2023-12-15,652.0,5859.39,0.3399,3,0,0,1
CRHIST0003500,CUST0001141,2021-02-05,679.0,2380.07,0.0863,2,2,0,0
CRHIST0003501,CUST0001141,2021-12-20,658.0,16295.98,0.5582,3,0,0,0
CRHIST0003502,CUST0001141,2022-12-30,644.0,17653.22,0.6935,4,1,0,0
CRHIST0003503,CUST0001141,2023-10-18,635.0,5213.74,0.2791,2,4,0,0
CRHIST0003504,CUST0001141,2023-11-29,637.0,4885.7,0.1637,4,0,0,0
CRHIST0003505,CUST0001141,2023-12-08,628.0,11532.1,0.7271,2,1,0,0
CRHIST0003506,CUST0001142,2023-09-11,713.0,1907.27,0.0709,5,2,0,0
CRHIST0003507,CUST0001143,2022-10-21,615.0,3354.64,0.2418,4,0,0,0
CRHIST0003508,CUST0001144,2024-03-09,688.0,7372.58,0.2098,3,2,0,0
CRHIST0003509,CUST0001145,2021-09-04,719.0,17168.48,0.6605,5,3,0,0
CRHIST0003510,CUST0001145,2021-12-10,719.0,10172.34,0.3214,6,4,0,0
CRHIST0003511,CUST0001145,2022-08-04,708.0,10704.55,0.3322,3,2,0,0
CRHIST0003512,CUST0001146,2024-09-05,718.0,5493.94,0.3112,4,1,0,0
CRHIST0003513,CUST0001147,2026-02-06,729.0,20113.88,0.454,3,2,0,0
CRHIST0003514,CUST0001147,2026-02-23,745.0,14726.72,0.2539,3,3,0,0
CRHIST0003515,CUST0001147,2026-03-07,741.0,19694.04,0.4409,4,2,0,0
CRHIST0003516,CUST0001147,2026-03-14,,939.81,0.0181,4,2,0,0
CRHIST0003517,CUST0001148,2024-06-09,696.0,13467.1,0.4303,5,1,0,0
CRHIST0003518,CUST0001148,2024-06-30,694.0,767.11,0.0714,8,4,0,0
CRHIST0003519,CUST0001148,2024-10-21,688.0,7576.44,0.6567,3,2,0,0
CRHIST0003520,CUST0001149,2024-09-14,648.0,6894.37,0.5197,1,2,0,0
CRHIST0003521,CUST0001149,2024-10-12,656.0,562.73,0.0795,1,3,0,0
CRHIST0003522,CUST0001149,2024-11-05,654.0,2527.18,0.243,5,1,0,0
CRHIST0003523,CUST0001149,2024-11-14,672.0,1055.59,0.0877,3,2,0,0
CRHIST0003524,CUST0001150,2020-09-05,801.0,7718.09,0.4205,1,1,0,0
CRHIST0003525,CUST0001150,2021-09-21,807.0,8204.64,0.2015,2,2,0,0
CRHIST0003526,CUST0001151,2026-01-28,659.0,104.65,0.0143,0,1,0,0
CRHIST0003527,CUST0001151,2026-01-28,670.0,5728.95,0.3975,4,2,0,0
CRHIST0003528,CUST0001152,2024-07-17,767.0,8602.8,0.3976,1,3,0,0
CRHIST0003529,CUST9504752,2025-06-12,758.0,1778.11,0.1016,4,2,0,0
CRHIST0003530,CUST0001152,2025-07-03,738.0,8958.95,0.2675,5,2,0,0
CRHIST0003531,CUST0001152,2025-07-16,724.0,9037.35,0.5634,2,3,0,2
CRHIST0003532,CUST0001152,2025-08-12,727.0,1066.08,0.0489,3,2,0,2
CRHIST0003533,CUST0001153,2024-02-06,656.0,2176.51,0.1956,2,1,0,0
CRHIST0003534,CUST0001154,2021-12-02,709.0,2018.66,0.098,7,3,0,0
CRHIST0003535,CUST0001155,2023-05-21,572.0,744.42,0.6327,3,2,0,0
CRHIST0003536,CUST0001155,2024-12-14,569.0,205.48,0.2004,3,1,0,0
CRHIST0003537,CUST0001155,2024-12-20,,1069.43,0.4959,1,3,0,0
CRHIST0003538,CUST0001156,2024-06-07,679.0,21084.65,0.685,5,1,0,0
CRHIST0003539,CUST0001156,2024-10-15,665.0,32477.58,0.747,4,2,0,0
CRHIST0003540,CUST0001157,2023-12-28,473.0,230.81,0.3623,4,0,0,0
CRHIST0003541,CUST0001157,2024-01-31,456.0,308.68,0.3115,3,2,0,0
CRHIST0003542,CUST0001157,2024-08-01,462.0,265.4,0.2743,10,0,0,0
CRHIST0003543,CUST0001158,2020-10-22,652.0,14143.49,0.4974,5,0,0,0
CRHIST0003544,CUST0001158,2021-11-13,668.0,18271.85,0.6025,3,4,0,0
CRHIST0003545,CUST0001158,2023-03-12,668.0,12283.7,0.4466,0,5,0,0
CRHIST0003546,CUST0001159,2020-12-22,799.0,5974.83,0.3074,2,1,0,0
CRHIST0003547,CUST0001159,2022-01-02,819.0,1818.22,0.1731,0,3,0,0
CRHIST0003548,CUST0001159,2022-06-23,818.0,4183.43,0.4158,4,3,0,0
CRHIST0003549,CUST0001160,2022-09-23,635.0,5361.56,0.3985,4,1,0,0
CRHIST0003550,CUST0001160,2023-01-11,641.0,5504.99,0.4381,3,0,0,0
CRHIST0003551,CUST0001160,2023-05-26,641.0,6285.09,0.4239,6,1,0,0
CRHIST0003552,CUST0001160,2023-08-08,630.0,1123.47,0.1482,5,1,0,0
CRHIST0003553,CUST0001160,2023-10-05,646.0,1347.52,0.189,4,2,0,0
CRHIST0003554,CUST0001161,2024-07-11,-39.0,4670.3,0.385,2,1,0,0
CRHIST0003555,CUST0001161,2024-08-10,726.0,1835.92,0.2268,1,3,0,0
CRHIST0003556,CUST0001162,2022-03-14,-46.0,4346.4,0.4334,2,0,0,0
CRHIST0003557,CUST0001162,2023-03-04,638.0,5710.7,0.676,5,2,0,0
CRHIST0003558,CUST0001162,2023-05-17,649.0,539.54,0.0879,2,0,0,0
CRHIST0003559,CUST0001163,2024-06-05,687.0,9074.73,0.3918,4,2,0,0
CRHIST0003560,CUST0001163,2024-11-01,681.0,14009.14,0.2829,5,2,0,1
CRHIST0003561,CUST0001163,2024-12-13,688.0,15710.31,0.448,2,0,0,1
CRHIST0003562,CUST0001164,2026-06-04,641.0,8475.83,0.3867,1,2,0,0
CRHIST0003563,CUST0001165,2025-12-31,747.0,0.0,0.0,1,1,0,0
CRHIST0003564,CUST0001165,2026-01-09,746.0,10621.5,0.2345,3,0,0,0
CRHIST0003565,CUST0001165,2026-02-09,755.0,4446.26,0.1183,0,0,0,0
CRHIST0003566,CUST0001166,2024-06-01,657.0,7176.68,0.4982,5,5,0,0
CRHIST0003567,CUST0001166,2024-07-02,653.0,529.89,0.0493,1,1,0,0
CRHIST0003568,CUST0001167,2024-09-25,664.0,2135.61,0.1868,4,4,0,0
CRHIST0003569,CUST0001167,2025-01-04,669.0,5418.61,0.367,4,4,0,0
CRHIST0003570,CUST0001167,2025-02-26,673.0,9070.88,0.5824,6,2,0,0
CRHIST0003571,CUST0001168,2020-08-03,695.0,7629.05,0.4974,2,5,0,0
CRHIST0003572,CUST0001168,2021-04-29,696.0,9002.25,0.2545,5,4,0,0
CRHIST0003573,CUST0001169,2019-11-01,,10293.34,0.5099,3,4,0,0
CRHIST0003574,CUST0001169,2020-08-22,706.0,5395.83,0.224,2,3,0,0
CRHIST0003575,CUST0001169,2021-03-16,707.0,10707.46,0.4012,1,2,0,0
CRHIST0003576,CUST0001170,2024-08-22,645.0,11236.66,0.5092,3,0,0,0
CRHIST0003577,CUST0001171,2025-02-24,692.0,11318.37,0.3204,5,0,0,0
CRHIST0003578,CUST0001171,2025-03-09,708.0,4120.05,0.2725,3,2,0,0
CRHIST0003579,CUST0001172,2020-11-14,583.0,1453.05,0.3972,4,2,0,0
CRHIST0003580,CUST0001172,2022-08-29,595.0,2877.67,0.3973,3,1,0,0
CRHIST0003581,CUST0001173,2023-12-27,747.0,7194.15,0.3223,2,1,0,0
CRHIST0003582,CUST0001173,2024-01-28,773.0,12883.51,0.4762,1,3,0,0
CRHIST0003583,CUST0001173,2024-03-31,774.0,5581.79,0.1875,2,2,0,0
CRHIST0003584,CUST0001174,2021-07-16,640.0,6826.43,0.5896,6,2,0,0
CRHIST0003585,CUST0001175,2021-02-03,685.0,23816.4,0.6777,5,0,0,0
CRHIST0003586,CUST0001176,2022-11-08,535.0,511.71,0.35,5,0,0,0
CRHIST0003587,CUST0001176,2024-05-10,532.0,304.77,0.3523,5,0,0,0
CRHIST0003588,CUST0001176,2024-09-17,535.0,1089.33,0.4909,2,2,0,0
CRHIST0003589,CUST0001176,2024-12-03,542.0,1472.21,0.8244,5,4,0,1
CRHIST0003590,CUST0001176,2025-01-19,537.0,1364.87,0.6592,5,2,0,1
CRHIST0003591,CUST0001177,2023-07-23,724.0,8157.14,0.4668,7,1,0,0
CRHIST0003592,CUST0001178,2024-12-19,661.0,22364.95,0.5079,3,2,0,1
CRHIST0003593,CUST9483411,2024-12-30,678.0,22287.84,0.6839,5,1,0,1
CRHIST0003594,CUST0001179,2025-08-18,665.0,3593.29,0.2843,3,4,0,0
CRHIST0003595,CUST0001179,2025-08-30,653.0,1308.09,0.1278,3,0,0,2
CRHIST0003596,CUST0001179,2025-09-28,651.0,4406.48,0.4895,13,2,0,2
CRHIST0003597,CUST0001179,2025-12-11,632.0,2046.56,0.2878,2,2,0,2
CRHIST0003598,CUST0001180,2026-04-07,668.0,11728.52,0.4821,6,1,0,0
CRHIST0003599,CUST0001180,2026-05-17,666.0,3977.28,0.3106,4,2,0,0
CRHIST0003600,CUST0001180,2026-05-19,656.0,8343.52,0.3847,6,2,0,0
CRHIST0003601,CUST0001181,2020-02-29,660.0,4087.21,0.4901,1,1,0,0
CRHIST0003602,CUST0001182,2026-01-27,667.0,3320.34,0.2817,8,3,0,0
CRHIST0003603,CUST0001182,2026-02-07,656.0,2676.27,0.2416,3,2,0,0
CRHIST0003604,CUST0001183,2023-06-11,705.0,4822.01,0.4431,3,1,0,0
CRHIST0003605,CUST0001183,2023-08-19,690.0,2244.94,0.1784,6,2,0,0
CRHIST0003606,CUST0001183,2023-09-13,680.0,1119.72,0.0746,2,0,0,2
CRHIST0003607,CUST0001183,2023-10-26,685.0,9257.55,0.5886,4,1,0,2
CRHIST0003608,CUST0001184,2020-08-12,728.0,7170.17,0.3928,1,3,0,0
CRHIST0003609,CUST0001184,2020-09-04,720.0,3362.73,0.3965,0,4,0,0
CRHIST0003610,CUST0001184,2020-11-05,,1608.68,0.1364,5,5,0,0
CRHIST0003611,CUST0001184,2021-06-09,706.0,7795.9,0.5212,4,3,0,0
CRHIST0003612,CUST0001184,2022-04-06,695.0,3905.26,0.4424,3,2,0,0
CRHIST0003613,CUST0001184,2022-12-02,691.0,4803.01,0.7059,8,4,0,0
CRHIST0003614,CUST0001184,2022-12-22,,5756.22,0.4172,1,1,0,0
CRHIST0003615,CUST0001185,2024-04-23,830.0,0.0,0.0,0,1,0,0
CRHIST0003616,CUST0001185,2024-05-25,828.0,28260.16,0.5363,2,2,0,0
CRHIST0003617,CUST0001185,2024-06-16,847.0,5280.62,0.1005,5,3,0,0
CRHIST0003618,CUST0001185,2024-07-01,822.0,6448.71,0.1196,0,1,0,0
CRHIST0003619,CUST0001185,2025-08-17,823.0,0.0,0.0,3,1,0,0
CRHIST0003620,CUST0001185,2026-01-01,816.0,13375.55,0.3487,0,3,0,0
CRHIST0003621,CUST0001186,2020-02-06,648.0,27952.72,0.6514,2,2,0,0
CRHIST0003622,CUST9238260,2021-01-03,636.0,13367.26,0.3655,1,4,0,0
CRHIST0003623,CUST0001187,2022-07-13,522.0,474.91,0.4654,7,0,0,0
CRHIST0003624,CUST0001187,2022-08-24,525.0,219.83,0.3147,4,2,0,0
CRHIST0003625,CUST0001187,2023-05-18,529.0,222.79,0.3596,8,2,0,0
CRHIST0003626,CUST0001187,2023-08-24,529.0,263.14,0.2986,10,3,0,0
CRHIST0003627,CUST0001188,2025-05-12,695.0,1425.18,0.1799,3,1,0,0
CRHIST0003628,CUST0001188,2025-06-12,717.0,7518.75,0.432,1,2,0,0
CRHIST0003629,CUST0001188,2025-06-26,729.0,1528.9,0.188,3,4,0,0
CRHIST0003630,CUST0001188,2025-10-07,736.0,3083.48,0.4107,1,2,0,0
CRHIST0003631,CUST0001189,2026-06-10,703.0,1499.24,0.2044,3,2,0,0
CRHIST0003632,CUST0001190,2021-04-27,541.0,1684.69,0.7147,4,3,0,0
CRHIST0003633,CUST0001190,2022-06-30,552.0,767.44,0.4404,4,1,0,2
CRHIST0003634,CUST0001191,2020-10-12,725.0,4091.03,0.3701,4,3,0,0
CRHIST0003635,CUST0001191,2020-10-20,705.0,4373.49,0.3244,1,2,0,0
CRHIST0003636,CUST0001192,2023-09-20,562.0,1850.52,0.5386,3,5,0,0
CRHIST0003637,CUST0001193,2020-08-12,706.0,11504.74,0.3441,2,3,0,0
CRHIST0003638,CUST0001193,2020-12-23,723.0,7235.45,0.2358,1,4,0,0
CRHIST0003639,CUST0001193,2022-02-02,733.0,12085.58,0.3547,3,1,0,0
CRHIST0003640,CUST0001193,2022-08-18,746.0,2466.32,0.1763,5,2,0,0
CRHIST0003641,CUST0001193,2023-01-20,768.0,0.0,0.0,4,3,0,2
CRHIST0003642,CUST0001193,2025-04-29,771.0,7228.46,0.2158,2,4,0,2
CRHIST0003643,CUST0001194,2026-07-05,642.0,17241.95,0.5651,6,0,0,2
CRHIST0003644,CUST0001195,2021-12-18,779.0,11319.98,0.5564,3,4,0,0
CRHIST0003645,CUST0001195,2022-07-03,776.0,4168.17,0.1606,2,1,0,0
CRHIST0003646,CUST0001196,2020-09-30,623.0,12024.6,0.6637,6,3,0,0
CRHIST0003647,CUST0001196,2020-11-03,635.0,17592.65,0.7473,1,0,0,0
CRHIST0003648,CUST0001197,2021-04-16,718.0,11224.94,0.4982,4,0,0,0
CRHIST0003649,CUST0001197,2021-08-01,723.0,4720.58,0.3126,1,5,0,0
CRHIST0003650,CUST0001197,2021-08-24,719.0,2557.85,0.1413,5,1,0,0
CRHIST0003651,CUST0001197,2022-03-13,735.0,12332.12,0.553,3,1,0,0
CRHIST0003652,CUST0001198,2021-12-22,763.0,23013.82,0.3506,2,0,0,0
CRHIST0003653,CUST0001199,2024-09-04,643.0,6293.17,0.5447,4,4,0,0
CRHIST0003654,CUST0001199,2024-11-25,625.0,15047.35,0.7228,4,2,0,0
CRHIST0003655,CUST0001199,2024-12-02,645.0,5420.5,0.2668,2,4,0,0
CRHIST0003656,CUST0001199,2024-12-16,641.0,5084.57,0.4784,4,1,0,1
CRHIST0003657,CUST0001199,2024-12-31,617.0,11798.0,0.5905,8,0,0,1
CRHIST0003658,CUST0001200,2025-10-12,804.0,4469.22,0.182,0,2,0,0
CRHIST0003659,CUST0001201,2024-09-17,575.0,924.73,0.5879,4,3,0,2
CRHIST0003660,CUST0001201,2024-09-23,583.0,1220.49,0.5626,1,1,0,2
CRHIST0003661,CUST0001201,2025-05-07,576.0,2657.62,0.725,4,1,0,2
CRHIST0003662,CUST0001201,2025-05-26,583.0,1032.12,0.5848,6,3,0,2
CRHIST0003663,CUST0001202,2024-03-22,732.0,15145.21,0.558,4,2,0,0
CRHIST0003664,CUST0001203,2021-07-11,682.0,4971.97,0.162,1,3,0,2
CRHIST0003665,CUST0001203,2021-08-11,668.0,3130.77,0.2299,1,1,0,2
CRHIST0003666,CUST0001204,2026-03-13,696.0,1605.93,0.3072,4,1,0,0
CRHIST0003667,CUST0001204,2026-03-22,679.0,7460.98,0.8351,4,1,0,0
CRHIST0003668,CUST0001205,2026-08-24,709.0,4657.99,0.4804,4,1,0,0
CRHIST0003669,CUST0001206,2024-02-22,594.0,999.76,0.2425,2,1,0,0
CRHIST0003670,CUST0001206,2024-04-22,587.0,2626.79,0.3817,6,1,0,0
CRHIST0003671,CUST0001206,2024-07-30,587.0,5529.8,0.7987,2,2,1,0
CRHIST0003672,CUST0001206,2024-09-18,590.0,4617.46,0.4766,3,3,1,0
CRHIST0003673,CUST0001206,2024-10-26,565.0,3920.19,0.5639,7,3,1,0
CRHIST0003674,CUST0001206,2025-07-13,562.0,2492.68,0.2848,3,1,1,0
CRHIST0003675,CUST0001207,2025-02-27,,273.29,0.1128,5,2,0,0
CRHIST0003676,CUST0001207,2025-08-24,672.0,1821.57,0.6371,4,0,0,0
CRHIST0003677,CUST0001207,2025-11-20,683.0,145.62,0.0703,3,1,0,0
CRHIST0003678,CUST0001207,2025-11-26,683.0,1410.42,0.4699,6,2,0,0
CRHIST0003679,CUST0001207,2026-01-31,674.0,1087.12,0.2337,4,2,0,0
CRHIST0003680,CUST0001208,2022-06-11,700.0,5373.48,0.3846,8,2,0,0
CRHIST0003681,CUST0001208,2022-08-17,693.0,1190.78,0.1454,7,3,0,0
CRHIST0003682,CUST0001208,2022-10-14,701.0,2078.64,0.187,3,1,0,0
CRHIST0003683,CUST0001209,2022-10-29,,2377.64,0.1656,2,0,0,0
CRHIST0003684,CUST0001209,2022-11-27,751.0,17225.37,0.7079,3,5,0,0
CRHIST0003685,CUST0001209,2023-08-31,768.0,4484.48,0.1922,3,3,0,0
CRHIST0003686,CUST0001209,2023-10-24,784.0,7217.88,0.2869,2,1,0,0
CRHIST0003687,CUST0001209,2025-02-12,789.0,6211.7,0.3483,4,1,0,0
CRHIST0003688,CUST0001210,2025-05-21,748.0,39967.79,0.4973,4,1,0,0
CRHIST0003689,CUST0001210,2025-08-02,743.0,24130.43,0.3339,4,2,0,0
CRHIST0003690,CUST0001210,2025-08-19,746.0,16734.6,0.2393,5,3,0,0
CRHIST0003691,CUST0001210,2025-11-06,736.0,1081.93,0.0291,2,1,0,0
CRHIST0003692,CUST0001210,2025-12-15,762.0,8194.85,0.2998,4,1,0,0
CRHIST0003693,CUST0001211,2023-03-10,712.0,6125.93,0.6506,1,0,0,0
CRHIST0003694,CUST0001211,2023-07-20,719.0,162.31,0.0125,3,1,0,0
CRHIST0003695,CUST0001211,2023-08-07,721.0,7386.36,0.384,4,2,0,0
CRHIST0003696,CUST0001212,2025-01-24,686.0,961.29,0.1383,2,2,0,0
CRHIST0003697,CUST0001212,2025-03-18,676.0,8437.74,0.8634,6,3,0,2
CRHIST0003698,CUST0001212,2025-05-18,642.0,3006.29,0.495,5,4,0,2
CRHIST0003699,CUST0001212,2025-07-26,646.0,4397.58,0.4731,1,3,0,2
CRHIST0003700,CUST0001212,2025-12-09,658.0,6217.38,0.6372,4,1,0,2
CRHIST0003701,CUST0001212,2026-01-21,672.0,1623.11,0.2996,4,2,0,2
CRHIST0003702,CUST0001213,2025-10-23,704.0,,0.3242,4,2,0,0
CRHIST0003703,CUST0001213,2025-11-23,713.0,440.76,0.0337,5,1,0,0
CRHIST0003704,CUST0001213,2025-12-10,708.0,19994.47,0.6156,5,2,0,0
CRHIST0003705,CUST0001213,2026-02-11,719.0,11464.19,0.4619,2,0,0,0
CRHIST0003706,CUST0001214,2026-04-06,691.0,15747.91,0.7553,2,7,0,0
CRHIST0003707,CUST0001214,2026-05-09,679.0,3519.06,0.3065,3,1,0,0
CRHIST0003708,CUST0001214,2026-05-10,691.0,5100.55,0.6006,2,2,0,0
CRHIST0003709,CUST0001215,2021-08-13,650.0,1874.13,0.1351,5,1,0,0
CRHIST0003710,CUST0001215,2021-10-22,630.0,4643.12,0.4357,5,0,0,0
CRHIST0003711,CUST0001216,2024-03-18,588.0,534.65,0.1884,4,4,0,0
CRHIST0003712,CUST0001216,2024-09-12,587.0,742.26,0.4315,2,2,0,0
CRHIST0003713,CUST0001216,2024-09-12,592.0,603.84,0.332,1,1,0,0
CRHIST0003714,CUST0001217,2023-11-22,594.0,1345.17,0.3438,3,6,0,0
CRHIST0003715,CUST0001218,2023-01-05,644.0,,0.1879,4,3,0,0
CRHIST0003716,CUST0001218,2023-02-16,649.0,15161.67,0.4904,6,1,0,0
CRHIST0003717,CUST0001218,2023-03-10,644.0,5016.72,0.1624,6,2,0,0
CRHIST0003718,CUST0001219,2024-11-03,716.0,4758.9,0.3039,3,2,0,0
CRHIST0003719,CUST0001220,2022-06-03,665.0,10277.28,0.4276,5,3,0,0
CRHIST0003720,CUST0001221,2021-03-16,685.0,4632.48,0.3559,2,1,0,0
CRHIST0003721,CUST0001221,2021-09-11,689.0,2686.23,0.156,5,3,0,0
CRHIST0003722,CUST0001222,2021-07-14,636.0,4288.64,0.279,4,2,0,0
CRHIST0003723,CUST0001222,2022-06-17,617.0,2837.04,0.2404,3,0,0,0
CRHIST0003724,CUST0001222,2023-07-17,628.0,2432.39,0.2796,3,3,0,1
CRHIST0003725,CUST0001222,2024-01-18,640.0,10101.24,0.5448,4,1,0,1
CRHIST0003726,CUST0001223,2024-12-02,736.0,14508.97,0.4708,8,1,0,0
CRHIST0003727,CUST0001223,2025-03-19,728.0,7089.45,0.2001,5,1,0,0
CRHIST0003728,CUST0001223,2025-09-08,745.0,5670.73,0.2764,4,1,0,0
CRHIST0003729,CUST0001224,2026-08-16,614.0,,0.6749,3,2,0,0
CRHIST0003730,CUST0001224,2026-08-16,,4813.71,0.5556,9,0,0,0
CRHIST0003731,CUST0001224,2026-08-19,613.0,3241.85,0.57,9,1,0,0
CRHIST0003732,CUST0001224,2026-08-20,633.0,1485.68,0.1986,0,4,0,2
CRHIST0003733,CUST0001224,2026-08-20,649.0,4164.2,0.4658,5,2,0,2
CRHIST0003734,CUST0001224,2026-08-20,677.0,8631.28,0.8722,4,1,0,2
CRHIST0003735,CUST0001225,2020-02-10,725.0,5768.6,0.1606,3,3,0,0
CRHIST0003736,CUST0001225,2020-03-29,721.0,23613.26,0.4496,4,3,1,1
CRHIST0003737,CUST0001226,2026-06-30,696.0,3397.32,0.3224,4,4,0,0
CRHIST0003738,CUST0001227,2019-05-31,670.0,8394.61,0.6241,5,0,0,0
CRHIST0003739,CUST0001227,2020-10-20,666.0,2394.74,0.1816,3,2,0,0
CRHIST0003740,CUST0001227,2023-05-01,677.0,4970.21,0.5293,4,3,0,0
CRHIST0003741,CUST0001228,2023-11-19,714.0,,0.231,3,2,1,0
CRHIST0003742,CUST0001228,2023-12-11,694.0,3942.87,0.1316,3,5,1,0
CRHIST0003743,CUST0001229,2020-05-12,706.0,23315.05,0.6959,2,3,0,0
CRHIST0003744,CUST0001229,2020-07-03,687.0,,0.2155,5,0,0,0
CRHIST0003745,CUST0001229,2020-11-01,686.0,1081.63,0.0601,2,1,0,0
CRHIST0003746,CUST0001229,2022-05-02,667.0,3933.09,0.1694,2,2,0,0
CRHIST0003747,CUST0001230,2026-05-01,723.0,0.0,0.0,4,1,0,0
CRHIST0003748,CUST0001230,2026-05-09,731.0,6654.63,0.4567,3,1,0,0
CRHIST0003749,CUST0001230,2026-05-20,725.0,462.52,0.0251,4,3,0,0
CRHIST0003750,CUST0001231,2024-11-04,,5006.33,0.4794,4,1,0,0
CRHIST0003751,CUST0001231,2024-12-11,712.0,3118.89,0.3161,1,4,0,0
CRHIST0003752,CUST0001231,2024-12-15,721.0,6510.76,0.2553,2,3,0,0
CRHIST0003753,CUST0001232,2021-11-12,589.0,2661.59,0.4807,7,2,0,0
CRHIST0003754,CUST0001232,2022-07-04,591.0,2563.44,0.5749,3,1,0,0
CRHIST0003755,CUST0001232,2023-04-25,576.0,1073.08,0.145,4,2,0,0
CRHIST0003756,CUST0001232,2023-06-19,572.0,1903.85,0.3803,4,3,0,0
CRHIST0003757,CUST0001232,2023-07-07,575.0,1692.99,0.2679,6,2,0,0
CRHIST0003758,CUST0001232,2023-11-01,867.0,4880.78,0.525,2,3,0,0
CRHIST0003759,CUST0001233,2024-05-27,735.0,203.67,0.0141,2,2,0,0
CRHIST0003760,CUST0001233,2024-08-15,725.0,4834.23,0.3557,2,3,0,0
CRHIST0003761,CUST0001233,2024-11-13,724.0,4891.36,0.1912,5,1,0,0
CRHIST0003762,CUST0001234,2025-10-01,707.0,9206.33,0.6373,3,1,0,0
CRHIST0003763,CUST0001234,2025-10-22,700.0,6182.12,0.314,4,1,0,0
CRHIST0003764,CUST0001235,2021-01-28,563.0,474.67,0.2587,4,6,0,0
CRHIST0003765,CUST0001235,2021-01-31,546.0,1153.55,0.4567,3,2,0,0
CRHIST0003766,CUST0001235,2021-02-07,551.0,,0.3433,4,0,0,0
CRHIST0003767,CUST0001235,2021-12-09,545.0,1395.44,0.5374,7,1,1,0
CRHIST0003768,CUST0001235,2022-06-01,566.0,,0.412,6,3,1,0
CRHIST0003769,CUST0001236,2023-11-23,578.0,3114.54,0.4133,6,0,0,0
CRHIST0003770,CUST0001236,2023-12-05,586.0,6381.22,0.6914,2,1,0,0
CRHIST0003771,CUST0001236,2023-12-23,573.0,3956.77,0.25,4,1,0,0
CRHIST0003772,CUST0001236,2024-09-20,577.0,2509.73,0.19,6,0,0,0
CRHIST0003773,CUST0001237,2021-05-08,612.0,9152.6,0.5714,3,4,0,0
CRHIST0003774,CUST0001237,2022-01-20,606.0,12717.87,0.6631,4,1,0,0
CRHIST0003775,CUST0001238,2024-08-02,662.0,7528.56,0.5278,2,4,1,1
CRHIST0003776,CUST0001238,2024-10-10,686.0,9436.56,0.3228,5,2,1,1
CRHIST0003777,CUST0001239,2023-06-19,615.0,7106.52,0.6546,3,4,0,0
CRHIST0003778,CUST0001239,2023-10-21,590.0,1788.17,0.3911,5,0,0,0
CRHIST0003779,CUST0001240,2024-07-31,750.0,,0.4194,3,1,0,0
CRHIST0003780,CUST0001240,2024-08-05,734.0,16630.09,0.6207,4,2,0,0
CRHIST0003781,CUST0001240,2024-09-22,734.0,0.0,0.0,2,3,0,0
CRHIST0003782,CUST0001240,2025-05-28,720.0,18508.11,0.5008,0,2,0,0
CRHIST0003783,CUST0001241,2023-12-04,740.0,4117.21,0.2796,3,0,0,0
CRHIST0003784,CUST0001241,2024-08-05,745.0,3737.68,0.2813,2,0,0,0
CRHIST0003785,CUST0001242,2024-01-08,724.0,1428.58,0.2707,6,1,0,0
CRHIST0003786,CUST0001243,2020-07-26,646.0,845.72,0.1025,1,2,0,0
CRHIST0003787,CUST0001244,2025-09-08,775.0,2441.14,0.1743,1,1,0,0
CRHIST0003788,CUST0001244,2025-12-06,770.0,15785.98,0.467,2,1,0,0
CRHIST0003789,CUST0001244,2025-12-16,763.0,0.0,0.0,6,2,0,0
CRHIST0003790,CUST0001244,2026-02-11,768.0,5284.88,0.2977,5,0,0,0
CRHIST0003791,CUST0001244,2026-02-13,755.0,8824.05,0.2715,2,3,0,0
CRHIST0003792,CUST0001244,2026-02-20,768.0,6100.86,0.2032,5,3,0,0
CRHIST0003793,CUST0001245,2020-07-10,618.0,793.99,0.0567,6,2,0,0
CRHIST0003794,CUST0001245,2020-09-17,612.0,8683.3,0.519,4,3,0,1
CRHIST0003795,CUST0001245,2021-06-24,598.0,4600.15,0.3503,5,3,0,1
CRHIST0003796,CUST0001245,2023-10-17,592.0,4782.43,0.4638,6,2,0,1
CRHIST0003797,CUST0001246,2022-04-26,806.0,14423.17,0.6652,5,2,0,0
CRHIST0003798,CUST0001246,2022-07-24,806.0,3952.58,0.2559,0,5,0,0
CRHIST0003799,CUST0001246,2022-10-17,803.0,4807.72,0.4041,3,3,0,0
CRHIST0003800,CUST0001247,2023-01-25,694.0,4778.25,0.5978,7,2,0,0
CRHIST0003801,CUST0001247,2023-08-26,686.0,2402.1,0.339,1,5,0,0
CRHIST0003802,CUST0001247,2023-10-16,676.0,2346.59,0.3933,4,3,0,0
CRHIST0003803,CUST0001248,2025-08-04,636.0,2579.39,0.305,3,4,0,0
CRHIST0003804,CUST0001248,2025-11-03,644.0,4919.56,0.7047,0,2,0,0
CRHIST0003805,CUST0001248,2026-01-02,643.0,10347.36,0.7187,4,2,0,0
CRHIST0003806,CUST0001248,2026-01-16,642.0,5452.98,0.4602,9,2,1,0
CRHIST0003807,CUST0001249,2023-10-29,765.0,4477.7,0.187,3,1,0,0
CRHIST0003808,CUST0001249,2024-06-26,737.0,5994.15,0.4328,4,3,0,0
CRHIST0003809,CUST0001249,2024-11-11,706.0,5668.98,0.4581,4,1,0,0
CRHIST0003810,CUST0001249,2025-02-09,686.0,7856.57,0.3837,3,0,0,0
CRHIST0003811,CUST0001249,2025-08-19,694.0,978.68,0.0779,3,3,0,0
CRHIST0003812,CUST0001249,2025-09-06,697.0,2133.57,0.1683,5,3,0,0
CRHIST0003813,CUST0001250,2021-01-26,607.0,2822.1,0.0992,5,3,0,0
CRHIST0003814,CUST0001250,2021-11-19,582.0,2264.4,0.2095,5,2,0,0
CRHIST0003815,CUST0001251,2021-09-25,645.0,1183.32,0.2504,1,2,0,0
CRHIST0003816,CUST0001252,2021-01-21,687.0,5294.06,0.1987,2,2,0,0
CRHIST0003817,CUST0001252,2022-09-02,704.0,14793.81,0.4734,3,1,0,0
CRHIST0003818,CUST0001252,2022-12-10,710.0,,0.1476,7,4,0,0
CRHIST0003819,CUST0001252,2023-03-27,693.0,8160.5,0.4292,8,1,0,0
CRHIST0003820,CUST0001252,2023-06-02,694.0,3802.39,0.1538,5,2,0,0
CRHIST0003821,CUST0001253,2023-08-13,648.0,7594.56,0.4297,5,1,0,0
CRHIST0003822,CUST9104985,2024-07-03,741.0,11251.34,0.4715,3,4,0,0
CRHIST0003823,CUST0001254,2024-09-25,753.0,1969.86,0.1289,3,2,0,0
CRHIST0003824,CUST0001254,2024-10-20,752.0,344.61,0.0152,2,2,0,0
CRHIST0003825,CUST0001254,2024-11-02,749.0,364.21,0.015,5,2,0,0
CRHIST0003826,CUST0001254,2025-01-18,731.0,15784.97,0.5064,2,2,0,0
CRHIST0003827,CUST0001255,2025-02-03,631.0,440.56,0.2838,4,3,0,0
CRHIST0003828,CUST0001255,2025-03-24,647.0,990.82,0.4287,1,0,0,0
CRHIST0003829,CUST0001255,2025-05-19,651.0,1317.31,0.3735,6,3,0,0
CRHIST0003830,CUST0001255,2025-08-23,664.0,392.99,0.2502,3,4,0,0
CRHIST0003831,CUST0001255,2026-02-02,647.0,398.34,0.1962,2,3,0,0
CRHIST0003832,CUST0001256,2025-04-20,674.0,7822.04,0.3747,1,1,0,0
CRHIST0003833,CUST0001256,2025-07-11,689.0,8212.46,0.2015,2,3,0,0
CRHIST0003834,CUST0001257,2024-07-04,737.0,6650.72,0.1391,2,1,0,0
CRHIST0003835,CUST0001257,2025-02-08,711.0,2972.93,0.1349,2,4,0,0
CRHIST0003836,CUST0001257,2025-04-28,703.0,13164.6,0.2898,3,2,0,0
CRHIST0003837,CUST0001257,2025-06-10,715.0,3098.27,0.0759,3,3,0,0
CRHIST0003838,CUST0001258,2026-01-09,708.0,5543.99,0.2077,2,3,0,0
CRHIST0003839,CUST0001258,2026-01-13,713.0,28973.43,0.722,3,2,0,0
CRHIST0003840,CUST0001259,2025-12-24,667.0,4510.14,0.3698,5,3,0,0
CRHIST0003841,CUST0001259,2026-02-04,651.0,271.67,0.0472,5,2,0,0
CRHIST0003842,CUST0001259,2026-02-10,632.0,4398.36,0.357,5,4,0,0
CRHIST0003843,CUST0001260,2021-08-16,,3997.48,0.2992,7,3,0,0
CRHIST0003844,CUST0001260,2021-11-24,667.0,7880.23,0.5975,2,1,0,0
CRHIST0003845,CUST0001260,2022-06-01,863.0,2523.28,0.2948,2,6,0,0
CRHIST0003846,CUST0001261,2021-07-06,670.0,8431.53,0.467,2,0,0,0
CRHIST0003847,CUST0001261,2021-10-03,665.0,6570.44,0.3375,5,4,0,0
CRHIST0003848,CUST0001261,2022-10-31,665.0,7365.05,0.5143,6,1,0,0
CRHIST0003849,CUST0001262,2019-06-12,666.0,3752.84,0.1677,2,3,0,0
CRHIST0003850,CUST0001262,2020-04-19,663.0,3550.34,0.2151,6,2,0,0
CRHIST0003851,CUST0001262,2020-04-24,659.0,1102.39,0.0817,2,1,0,0
CRHIST0003852,CUST0001262,2022-02-09,654.0,5281.72,0.32,2,3,0,0
CRHIST0003853,CUST0001263,2021-04-05,699.0,2658.39,0.2251,0,3,0,0
CRHIST0003854,CUST0001263,2021-11-11,712.0,3839.64,0.3674,3,2,0,0
CRHIST0003855,CUST0001263,2022-08-02,710.0,12936.99,0.5661,9,2,0,0
CRHIST0003856,CUST0001264,2022-11-24,605.0,1678.31,0.2814,4,0,0,0
CRHIST0003857,CUST0001264,2023-01-10,588.0,2574.63,0.5147,5,1,0,1
CRHIST0003858,CUST0001264,2023-06-14,567.0,5715.38,0.5639,2,2,0,1
CRHIST0003859,CUST0001264,2024-05-12,561.0,1315.55,0.2985,5,6,0,1
CRHIST0003860,CUST0001265,2024-03-18,663.0,2247.12,0.1039,2,2,0,0
CRHIST0003861,CUST0001265,2024-08-22,684.0,3538.84,0.2876,3,1,0,0
CRHIST0003862,CUST0001266,2025-12-12,713.0,8792.54,0.7694,3,5,0,0
CRHIST0003863,CUST0001266,2025-12-18,715.0,3552.68,0.3051,2,1,0,0
CRHIST0003864,CUST0001266,2025-12-19,703.0,5032.87,0.2439,4,2,0,0
CRHIST0003865,CUST0001266,2026-03-13,715.0,5875.3,0.3103,7,1,0,0
CRHIST0003866,CUST0001267,2023-11-01,728.0,8882.61,0.4446,1,4,0,0
CRHIST0003867,CUST0001267,2023-12-30,719.0,5384.43,0.3626,2,3,0,0
CRHIST0003868,CUST0001267,2024-01-21,710.0,1666.64,0.1689,4,2,0,0
CRHIST0003869,CUST0001267,2024-10-02,722.0,8294.82,0.3461,4,3,0,0
CRHIST0003870,CUST0001267,2025-08-17,720.0,1542.19,0.1206,4,1,0,0
CRHIST0003871,CUST0001268,2026-06-08,718.0,8021.06,0.3439,3,6,0,0
CRHIST0003872,CUST0001268,2026-06-12,706.0,15550.56,0.4764,2,1,0,0
CRHIST0003873,CUST0001269,2023-07-25,573.0,2194.4,0.553,4,1,0,2
CRHIST0003874,CUST0001269,2023-11-16,589.0,1601.11,0.5209,2,2,0,2
CRHIST0003875,CUST0001270,2025-10-07,666.0,5703.2,0.3739,7,5,0,0
CRHIST0003876,CUST0001270,2025-10-19,642.0,3327.53,0.1166,6,1,0,0
CRHIST0003877,CUST0001270,2025-11-13,652.0,9070.16,0.7021,1,3,0,0
CRHIST0003878,CUST0001270,2025-12-04,654.0,11371.12,0.4218,4,1,0,0
CRHIST0003879,CUST0001271,2025-06-05,590.0,3076.72,0.2882,6,1,0,0
CRHIST0003880,CUST0001272,2022-10-11,731.0,3294.97,0.1944,1,2,0,0
CRHIST0003881,CUST0001273,2025-09-15,704.0,31383.0,0.4572,4,1,0,0
CRHIST0003882,CUST0001273,2025-11-15,722.0,1979.19,0.0415,3,2,0,0
CRHIST0003883,CUST0001273,2026-01-15,730.0,40284.96,0.5326,6,1,0,0
CRHIST0003884,CUST0001274,2025-11-29,667.0,3029.7,0.4578,4,6,0,0
CRHIST0003885,CUST0001275,2021-09-30,659.0,9536.51,0.4137,6,3,0,0
CRHIST0003886,CUST0001275,2021-11-10,682.0,6595.53,0.2654,1,1,0,0
CRHIST0003887,CUST0001276,2020-09-26,564.0,2105.08,0.5108,4,2,0,0
CRHIST0003888,CUST0001276,2021-11-07,585.0,1930.2,0.5587,8,3,0,0
CRHIST0003889,CUST0001276,2023-08-30,599.0,2672.82,0.677,6,2,0,0
CRHIST0003890,CUST0001276,2024-05-16,595.0,1284.37,0.2876,8,3,0,0
CRHIST0003891,CUST0001277,2020-07-08,711.0,7909.26,0.2407,5,4,1,0
CRHIST0003892,CUST0001277,2020-08-20,716.0,6494.64,0.1673,2,2,1,2
CRHIST0003893,CUST0001278,2026-02-23,681.0,5252.22,0.3643,6,2,0,0
CRHIST0003894,CUST0001278,2026-03-07,687.0,875.21,0.07,2,1,1,1
CRHIST0003895,CUST0001278,2026-03-10,685.0,7876.4,0.3712,4,4,1,1
CRHIST0003896,CUST0001279,2022-09-25,711.0,11827.73,0.3604,3,2,0,0
CRHIST0003897,CUST0001279,2023-11-08,721.0,6561.16,0.2648,3,1,0,0
CRHIST0003898,CUST0001279,2024-07-08,-16.0,12732.37,0.3503,5,2,0,0
CRHIST0003899,CUST0001279,2024-09-02,711.0,3219.06,0.1659,4,2,0,0
CRHIST0003900,CUST0001279,2025-02-22,726.0,19881.86,0.8148,3,1,0,0
CRHIST0003901,CUST0001280,2023-07-04,705.0,3739.29,0.1203,4,3,0,0
CRHIST0003902,CUST0001280,2023-08-16,702.0,20642.6,0.6874,3,2,0,0
CRHIST0003903,CUST0001280,2024-02-07,690.0,16944.68,0.5403,4,0,0,0
CRHIST0003904,CUST0001280,2024-07-05,705.0,6733.59,0.3128,1,4,0,0
CRHIST0003905,CUST0001280,2024-07-16,704.0,9300.8,0.4885,2,1,0,1
CRHIST0003906,CUST0001280,2025-07-08,708.0,14320.3,0.4678,5,2,0,1
CRHIST0003907,CUST0001281,2021-05-13,636.0,6279.24,0.3143,3,2,0,0
CRHIST0003908,CUST0001281,2021-06-18,656.0,8518.31,0.4764,2,1,0,1
CRHIST0003909,CUST0001281,2021-08-24,642.0,11894.41,0.5796,3,2,0,1
CRHIST0003910,CUST0001281,2021-09-08,642.0,3644.06,0.2241,3,1,0,1
CRHIST0003911,CUST0001282,2022-06-27,685.0,2811.57,0.1725,7,1,0,0
CRHIST0003912,CUST0001282,2022-11-24,700.0,945.83,0.1006,4,4,0,0
CRHIST0003913,CUST0001282,2023-07-12,702.0,9909.0,0.524,5,1,0,0
CRHIST0003914,CUST0001283,2022-06-19,759.0,3274.2,0.1693,5,2,0,0
CRHIST0003915,CUST0001283,2022-07-09,752.0,14766.81,0.4335,5,1,0,0
CRHIST0003916,CUST0001284,2023-11-09,659.0,7236.66,0.6426,4,2,0,0
CRHIST0003917,CUST0001284,2024-09-21,667.0,2595.79,0.2304,6,4,0,2
CRHIST0003918,CUST0001284,2024-10-23,694.0,2245.44,0.266,3,3,0,2
CRHIST0003919,CUST0001284,2024-12-28,699.0,3780.87,0.491,2,1,0,2
CRHIST0003920,CUST9065914,2025-04-29,683.0,6709.44,0.6078,7,0,0,2
CRHIST0003921,CUST0001284,2025-05-12,661.0,6280.47,0.4508,6,0,0,2
CRHIST0003922,CUST0001285,2021-06-30,624.0,908.62,0.1246,5,1,0,0
CRHIST0003923,CUST0001286,2025-09-25,817.0,1418.82,0.0385,3,0,0,0
CRHIST0003924,CUST0001286,2025-11-07,798.0,3985.09,0.0869,2,2,0,0
CRHIST0003925,CUST0001287,2022-06-03,684.0,648.97,0.1046,1,3,0,0
CRHIST0003926,CUST0001287,2022-07-11,868.0,3461.39,0.2403,4,4,0,0
CRHIST0003927,CUST0001287,2022-11-30,659.0,3818.99,0.2218,5,4,0,0
CRHIST0003928,CUST0001288,2021-06-24,704.0,6970.09,0.4526,3,3,0,0
CRHIST0003929,CUST0001288,2022-10-13,688.0,8092.23,0.282,6,3,0,0
CRHIST0003930,CUST0001289,2019-02-21,765.0,6355.55,0.3904,2,1,0,0
CRHIST0003931,CUST0001290,2020-01-13,669.0,4888.15,0.1133,4,3,0,0
CRHIST0003932,CUST0001290,2020-02-20,677.0,30990.52,0.5356,3,3,0,1
CRHIST0003933,CUST0001290,2021-09-23,676.0,17374.71,0.3009,5,2,0,1
CRHIST0003934,CUST0001291,2021-03-27,650.0,3614.17,0.4586,7,3,0,1
CRHIST0003935,CUST0001291,2021-04-22,653.0,3454.8,0.4162,5,0,0,1
CRHIST0003936,CUST0001292,2025-01-08,791.0,20706.69,0.5254,2,1,0,0
CRHIST0003937,CUST0001292,2025-01-13,787.0,1337.04,0.0465,2,6,0,0
CRHIST0003938,CUST0001292,2025-02-17,779.0,4820.49,0.1859,1,0,0,0
CRHIST0003939,CUST0001292,2025-03-04,798.0,20001.07,0.6768,2,2,0,0
CRHIST0003940,CUST0001292,2025-03-27,815.0,17087.87,0.3653,3,0,0,0
CRHIST0003941,CUST0001293,2025-11-28,622.0,1195.84,0.2847,8,2,0,0
CRHIST0003942,CUST0001294,2026-04-17,692.0,3022.51,0.6821,3,1,0,0
CRHIST0003943,CUST0001294,2026-04-22,712.0,3773.03,0.4511,7,3,0,0
CRHIST0003944,CUST0001294,2026-04-23,719.0,2110.68,0.3077,3,2,0,0
CRHIST0003945,CUST0001294,2026-04-27,712.0,978.85,0.1336,2,2,0,0
CRHIST0003946,CUST0001294,2026-05-07,699.0,1238.02,0.289,2,2,0,0
CRHIST0003947,CUST0001295,2022-07-12,728.0,18499.65,0.6171,2,3,0,0
CRHIST0003948,CUST0001295,2022-07-29,728.0,5509.42,0.1823,3,1,0,0
CRHIST0003949,CUST0001295,2023-07-16,749.0,17822.2,0.6872,2,2,0,0
CRHIST0003950,CUST0001296,2024-01-31,646.0,602.74,0.2405,5,2,0,0
CRHIST0003951,CUST0001296,2024-05-16,652.0,464.53,0.1925,2,2,0,0
CRHIST0003952,CUST0001297,2021-05-26,650.0,1274.6,0.1887,4,2,1,0
CRHIST0003953,CUST0001297,2022-01-04,648.0,1766.39,0.5174,5,2,1,0
CRHIST0003954,CUST0001298,2020-11-06,688.0,4565.69,0.3124,2,1,0,0
CRHIST0003955,CUST0001298,2021-07-28,679.0,10078.21,0.5873,4,2,0,0
CRHIST0003956,CUST0001299,2023-02-27,639.0,2108.69,0.1969,1,2,0,0
CRHIST0003957,CUST0001299,2023-10-06,882.0,8511.82,0.488,4,1,0,0
CRHIST0003958,CUST0001300,2023-12-09,680.0,4384.2,0.2144,4,1,0,0
CRHIST0003959,CUST0001300,2024-05-04,670.0,11030.54,0.4509,4,0,0,1
CRHIST0003960,CUST0001300,2024-05-25,677.0,2074.1,0.092,5,1,0,1
CRHIST0003961,CUST0001301,2024-11-09,480.0,1287.57,0.6416,10,2,1,0
CRHIST0003962,CUST0001301,2025-02-09,487.0,252.53,0.1451,6,1,1,1
CRHIST0003963,CUST0001301,2025-03-28,482.0,1226.65,0.6856,8,2,1,1
CRHIST0003964,CUST0001302,2020-04-06,703.0,7042.57,0.2325,5,5,0,0
CRHIST0003965,CUST0001302,2020-07-23,715.0,14413.9,0.6056,6,1,0,0
CRHIST0003966,CUST0001302,2021-02-07,711.0,11046.68,0.6992,6,2,0,0
CRHIST0003967,CUST0001303,2024-10-05,659.0,24163.46,0.5613,6,3,0,0
CRHIST0003968,CUST0001303,2024-12-11,643.0,3912.83,0.1931,6,1,0,0
CRHIST0003969,CUST0001303,2025-01-14,633.0,6938.73,0.3418,3,1,0,0
CRHIST0003970,CUST0001303,2025-03-13,658.0,14968.77,0.5669,4,1,0,0
CRHIST0003971,CUST0001303,2025-03-16,651.0,14036.5,0.6423,5,0,0,0
CRHIST0003972,CUST0001304,2021-08-29,724.0,10456.62,0.3236,6,3,0,0
CRHIST0003973,CUST0001304,2022-05-21,705.0,4662.88,0.0885,8,1,0,0
CRHIST0003974,CUST0001304,2022-08-07,689.0,,0.2287,4,2,0,0
CRHIST0003975,CUST0001305,2021-02-19,460.0,523.18,0.5212,4,1,0,0
CRHIST0003976,CUST0001305,2021-07-16,456.0,489.47,0.2823,3,2,0,0
CRHIST0003977,CUST0001305,2021-08-20,462.0,403.65,0.5427,10,4,0,1
CRHIST0003978,CUST0001305,2021-12-03,468.0,313.1,0.2793,5,1,0,1
CRHIST0003979,CUST0001306,2019-12-19,721.0,8607.8,0.4292,2,2,0,0
CRHIST0003980,CUST0001306,2020-02-23,726.0,3745.64,0.1759,3,3,0,0
CRHIST0003981,CUST0001307,2020-12-06,708.0,7127.14,0.0943,3,2,0,0
CRHIST0003982,CUST0001308,2023-06-17,747.0,17746.35,0.723,1,1,0,0
CRHIST0003983,CUST0001308,2023-07-15,755.0,5987.99,0.1835,4,1,0,0
CRHIST0003984,CUST0001309,2020-07-24,565.0,2482.8,0.2981,6,1,0,0
CRHIST0003985,CUST0001309,2020-08-07,551.0,2996.76,0.4308,2,1,0,1
CRHIST0003986,CUST0001309,2021-08-29,539.0,3881.4,0.4785,2,2,0,1
CRHIST0003987,CUST0001309,2022-02-12,539.0,15372.48,0.8091,2,3,0,1
CRHIST0003988,CUST0001310,2023-12-24,726.0,9853.73,0.5309,4,1,0,0
CRHIST0003989,CUST0001310,2024-02-03,710.0,2293.97,0.1043,5,4,0,0
CRHIST0003990,CUST0001310,2024-04-21,692.0,4319.48,0.4813,1,1,0,0
CRHIST0003991,CUST0001311,2023-06-27,684.0,579.39,0.043,2,2,0,0
CRHIST0003992,CUST0001311,2024-02-23,688.0,20396.13,0.6501,7,1,0,0
CRHIST0003993,CUST0001312,2020-07-24,685.0,11453.29,0.697,1,3,0,0
CRHIST0003994,CUST0001313,2025-11-24,671.0,4660.33,0.8723,4,1,0,0
CRHIST0003995,CUST0001314,2021-12-03,712.0,10014.11,0.5816,1,0,0,0
CRHIST0003996,CUST0001314,2022-05-29,721.0,17175.89,0.3941,1,2,0,0
CRHIST0003997,CUST0001314,2023-03-25,690.0,19429.12,0.4818,6,2,0,2
CRHIST0003998,CUST0001315,2024-10-24,639.0,4259.5,0.6078,3,1,0,0
CRHIST0003999,CUST0001315,2024-11-16,614.0,4835.08,0.3841,1,1,0,0
CRHIST0004000,CUST0001315,2024-11-25,610.0,1863.54,0.1825,3,2,0,0
CRHIST0004001,CUST0001316,2023-12-24,531.0,279.63,0.2099,6,1,0,0
CRHIST0004002,CUST0001316,2024-08-06,533.0,1939.93,0.8279,3,0,0,0
CRHIST0004003,CUST0001316,2024-09-21,517.0,692.47,0.2673,7,3,0,0
CRHIST0004004,CUST0001316,2025-02-14,511.0,1579.37,0.6183,5,0,0,0
CRHIST0004005,CUST0001316,2025-05-11,492.0,1840.18,0.7052,2,0,0,2
CRHIST0004006,CUST0001317,2024-10-22,749.0,21972.14,0.5746,3,2,0,0
CRHIST0004007,CUST0001317,2024-12-22,731.0,14448.98,0.2616,2,2,0,0
CRHIST0004008,CUST0001317,2025-02-17,699.0,14349.68,0.6247,3,1,0,2
CRHIST0004009,CUST0001317,2025-03-05,690.0,37796.52,0.745,3,4,0,2
CRHIST0004010,CUST0001317,2025-04-03,693.0,8890.0,0.2118,2,4,0,2
CRHIST0004011,CUST0001318,2021-05-09,649.0,6456.78,0.6802,5,1,0,0
CRHIST0004012,CUST0001318,2021-11-01,657.0,3792.2,0.3471,3,1,0,0
CRHIST0004013,CUST0001318,2022-04-22,659.0,2353.85,0.2765,0,3,0,0
CRHIST0004014,CUST0001318,2023-03-15,639.0,8272.66,0.3908,7,6,0,0
CRHIST0004015,CUST0001319,2020-06-09,656.0,5744.54,0.2965,6,4,0,2
CRHIST0004016,CUST0001320,2020-10-22,758.0,3504.07,0.1757,4,0,0,0
CRHIST0004017,CUST0001321,2021-08-01,,3202.02,0.2249,1,2,0,0
CRHIST0004018,CUST0001321,2021-08-02,690.0,18259.29,0.7533,4,3,0,0
CRHIST0004019,CUST0001321,2023-10-11,687.0,5635.46,0.5765,4,1,0,0
CRHIST0004020,CUST0001321,2024-05-26,677.0,10954.54,0.5099,3,2,0,0
CRHIST0004021,CUST0001322,2023-10-05,524.0,577.42,0.444,3,1,0,0
CRHIST0004022,CUST0001322,2024-01-16,515.0,1602.02,0.5123,6,3,0,1
CRHIST0004023,CUST0001323,2024-01-26,668.0,12930.24,0.5554,2,2,0,0
CRHIST0004024,CUST0001323,2024-02-08,663.0,18743.44,0.689,6,2,0,0
CRHIST0004025,CUST0001324,2024-11-24,648.0,3906.12,0.4186,3,6,0,0
CRHIST0004026,CUST0001324,2025-02-02,660.0,10256.15,0.4246,4,2,0,0
CRHIST0004027,CUST0001325,2026-05-29,618.0,4117.33,0.5721,4,1,0,0
CRHIST0004028,CUST0001325,2026-06-07,621.0,2202.25,0.4878,7,4,0,0
CRHIST0004029,CUST0001325,2026-06-20,629.0,1760.96,0.2191,5,2,0,0
CRHIST0004030,CUST0001325,2026-06-29,637.0,1051.45,0.1829,7,1,0,0
CRHIST0004031,CUST0001325,2026-07-05,634.0,1222.19,0.2487,6,2,0,0
CRHIST0004032,CUST0001326,2025-08-30,715.0,7126.21,0.4458,7,1,0,1
CRHIST0004033,CUST0001326,2025-10-04,730.0,3351.19,0.4138,1,2,0,1
CRHIST0004034,CUST0001326,2025-12-17,741.0,7380.67,0.5037,2,1,0,1
CRHIST0004035,CUST0001327,2021-09-27,732.0,4581.61,0.2252,6,0,0,0
CRHIST0004036,CUST0001327,2021-12-03,708.0,13992.67,0.3977,2,4,0,0
CRHIST0004037,CUST0001328,2023-03-28,663.0,2645.76,0.2554,4,1,0,0
CRHIST0004038,CUST0001328,2023-10-18,671.0,3971.19,0.3281,2,2,0,0
CRHIST0004039,CUST0001329,2026-04-23,723.0,22314.66,0.3783,3,0,0,0
CRHIST0004040,CUST0001329,2026-04-26,726.0,10291.4,0.2586,2,4,0,0
CRHIST0004041,CUST0001329,2026-04-29,746.0,5587.98,0.1755,1,2,1,0
CRHIST0004042,CUST0001330,2024-08-06,654.0,6892.28,0.4732,2,1,0,0
CRHIST0004043,CUST0001330,2025-08-30,661.0,7172.44,0.3929,2,3,0,0
CRHIST0004044,CUST0001330,2025-12-01,658.0,15984.23,0.797,2,2,0,0
CRHIST0004045,CUST0001331,2023-06-15,588.0,850.82,0.5869,3,2,0,0
CRHIST0004046,CUST0001331,2023-11-16,581.0,856.04,0.6864,4,2,0,0
CRHIST0004047,CUST0001332,2025-05-22,640.0,5777.56,0.4241,5,2,0,0
CRHIST0004048,CUST0001332,2025-06-28,618.0,1323.23,0.1143,4,4,0,0
CRHIST0004049,CUST0001332,2025-06-28,624.0,3952.12,0.2693,5,2,0,0
CRHIST0004050,CUST0001332,2025-07-25,627.0,9452.55,0.4184,6,2,0,0
CRHIST0004051,CUST0001333,2020-06-20,722.0,7842.28,0.2022,6,1,0,0
CRHIST0004052,CUST0001334,2024-03-09,716.0,1423.68,0.074,4,3,0,0
CRHIST0004053,CUST0001334,2025-03-02,716.0,14941.29,0.3455,2,3,0,0
CRHIST0004054,CUST0001335,2026-04-12,751.0,7025.3,0.1802,1,5,0,0
CRHIST0004055,CUST0001335,2026-04-14,759.0,371.82,0.017,7,3,0,0
CRHIST0004056,CUST0001335,2026-05-20,746.0,2988.25,0.0542,4,1,0,0
CRHIST0004057,CUST0001335,2026-05-20,759.0,22802.45,0.637,2,1,0,0
CRHIST0004058,CUST0001335,2026-05-29,761.0,13438.1,0.2737,1,1,0,0
CRHIST0004059,CUST0001336,2023-06-18,686.0,12809.52,0.4016,3,2,0,0
CRHIST0004060,CUST0001336,2023-09-20,682.0,2597.57,0.1007,3,2,0,0
CRHIST0004061,CUST0001336,2023-10-24,675.0,11481.89,0.3444,4,1,0,0
CRHIST0004062,CUST0001337,2023-12-02,677.0,4480.84,0.1333,3,0,0,0
CRHIST0004063,CUST0001337,2025-02-05,680.0,14133.96,0.4614,2,2,0,0
CRHIST0004064,CUST0001338,2019-06-23,756.0,3795.55,0.1211,2,2,0,0
CRHIST0004065,CUST0001338,2019-08-05,764.0,,0.4577,2,3,0,0
CRHIST0004066,CUST0001338,2021-08-09,757.0,2803.2,0.177,4,1,0,0
CRHIST0004067,CUST0001338,2022-04-09,755.0,6971.81,0.4487,3,1,0,0
CRHIST0004068,CUST0001339,2023-11-17,527.0,1020.99,0.6055,4,2,0,0
CRHIST0004069,CUST0001339,2024-02-25,502.0,348.7,0.3735,7,5,0,0
CRHIST0004070,CUST0001339,2024-06-02,486.0,478.57,0.3445,4,3,0,0
CRHIST0004071,CUST0001340,2021-09-11,571.0,2967.72,0.6797,3,1,0,0
CRHIST0004072,CUST0001340,2022-03-23,564.0,1750.75,0.5794,7,2,0,0
CRHIST0004073,CUST0001341,2026-08-09,692.0,18357.45,0.394,1,0,0,0
CRHIST0004074,CUST0001342,2021-12-25,647.0,3282.73,0.1611,4,1,0,0
CRHIST0004075,CUST0001342,2022-02-08,673.0,,0.215,5,1,0,0
CRHIST0004076,CUST0001342,2022-02-28,684.0,6566.44,0.3185,2,2,0,0
CRHIST0004077,CUST0001342,2022-03-28,680.0,,0.7207,3,3,0,0
CRHIST0004078,CUST0001342,2022-07-30,677.0,9017.49,0.3674,4,2,0,0
CRHIST0004079,CUST0001342,2023-08-20,683.0,6393.89,0.2933,3,4,0,0
CRHIST0004080,CUST0001342,2024-02-01,657.0,6216.0,0.2265,4,1,0,0
CRHIST0004081,CUST0001343,2021-11-15,704.0,12031.38,0.1829,5,1,0,0
CRHIST0004082,CUST0001343,2023-04-07,713.0,8193.43,0.1506,1,3,0,0
CRHIST0004083,CUST0001343,2023-06-25,736.0,2131.23,0.0255,2,1,0,0
CRHIST0004084,CUST0001343,2024-05-25,731.0,13287.3,0.2816,5,4,0,0
CRHIST0004085,CUST0001343,2024-12-14,738.0,15227.8,0.2733,3,5,0,0
CRHIST0004086,CUST0001343,2025-04-10,721.0,8407.79,0.2106,4,2,0,0
CRHIST0004087,CUST0001343,2025-08-26,722.0,13565.8,0.2926,4,0,0,0
CRHIST0004088,CUST0001344,2022-07-10,692.0,5755.95,0.2223,2,5,0,0
CRHIST0004089,CUST0001345,2024-06-01,660.0,5344.25,0.1247,5,1,0,0
CRHIST0004090,CUST0001345,2024-06-08,675.0,7184.49,0.2452,4,3,0,0
CRHIST0004091,CUST0001345,2024-06-21,690.0,7342.65,0.2235,5,0,0,0
CRHIST0004092,CUST0001345,2025-07-25,-38.0,7244.36,0.2185,5,1,0,0
CRHIST0004093,CUST0001345,2025-08-16,680.0,8514.87,0.4397,0,0,0,1
CRHIST0004094,CUST0001346,2026-04-19,646.0,1244.14,0.384,7,5,0,0
CRHIST0004095,CUST0001346,2026-04-19,867.0,1134.18,0.3063,2,3,0,0
CRHIST0004096,CUST0001346,2026-06-11,640.0,971.93,0.31,1,4,0,0
CRHIST0004097,CUST0001347,2021-09-03,680.0,3911.45,0.6776,5,2,0,0
CRHIST0004098,CUST0001348,2020-12-13,683.0,16316.4,0.8035,2,3,0,0
CRHIST0004099,CUST0001349,2024-12-03,713.0,14498.09,0.4084,5,5,0,0
CRHIST0004100,CUST0001349,2025-01-07,735.0,8251.91,0.315,3,0,0,0
CRHIST0004101,CUST0001349,2025-03-25,731.0,7513.7,0.523,3,1,0,0
CRHIST0004102,CUST0001350,2023-07-02,668.0,7289.43,0.2839,2,3,0,0
CRHIST0004103,CUST0001350,2023-07-13,652.0,11280.39,0.5692,3,4,0,0
CRHIST0004104,CUST0001350,2024-11-15,673.0,6641.06,0.333,5,2,0,0
CRHIST0004105,CUST0001350,2025-02-24,656.0,9650.29,0.3351,7,1,0,0
CRHIST0004106,CUST0001351,2022-08-28,728.0,2542.78,0.1154,2,3,0,0
CRHIST0004107,CUST0001351,2022-11-27,723.0,,0.4188,3,2,0,0
CRHIST0004108,CUST0001351,2022-12-17,707.0,10130.88,0.3895,4,1,0,0
CRHIST0004109,CUST0001351,2022-12-22,716.0,1038.1,0.055,3,2,0,0
CRHIST0004110,CUST0001351,2024-01-25,695.0,6967.88,0.2549,4,2,0,0
CRHIST0004111,CUST0001351,2024-09-22,,7383.89,0.6059,6,7,0,0
CRHIST0004112,CUST0001352,2026-08-02,617.0,1230.86,0.2623,3,0,0,0
CRHIST0004113,CUST0001352,2026-08-02,611.0,4853.85,0.4457,5,3,0,0
CRHIST0004114,CUST0001352,2026-08-08,637.0,2478.6,0.4289,2,2,0,0
CRHIST0004115,CUST0001352,2026-08-10,624.0,6389.6,0.6351,6,0,0,0
CRHIST0004116,CUST0001353,2022-11-25,705.0,4848.3,0.2548,4,2,0,0
CRHIST0004117,CUST0001354,2023-10-29,646.0,2000.04,0.124,1,3,0,0
CRHIST0004118,CUST0001355,2026-07-04,484.0,778.99,0.66,8,2,0,0
CRHIST0004119,CUST0001355,2026-07-20,480.0,1378.52,0.667,6,6,0,0
CRHIST0004120,CUST0001356,2021-02-23,726.0,4268.79,0.4863,5,1,0,0
CRHIST0004121,CUST0001356,2022-03-08,740.0,7473.31,0.5847,2,1,0,0
CRHIST0004122,CUST0001356,2022-04-21,743.0,5084.59,0.4035,1,1,0,0
CRHIST0004123,CUST0001357,2025-12-01,739.0,501.91,0.027,4,0,0,0
CRHIST0004124,CUST0001357,2025-12-13,741.0,1075.43,0.0648,0,4,0,0
CRHIST0004125,CUST0001358,2026-05-08,660.0,3032.7,0.1811,2,2,0,0
CRHIST0004126,CUST0001358,2026-05-27,663.0,4640.03,0.4903,1,1,0,0
CRHIST0004127,CUST0001358,2026-06-21,664.0,3242.98,0.2601,8,2,0,0
CRHIST0004128,CUST0001358,2026-07-07,664.0,586.55,0.0532,3,6,0,0
CRHIST0004129,CUST0001359,2023-07-31,836.0,22383.75,0.5417,4,1,0,0
CRHIST0004130,CUST0001359,2024-01-20,846.0,15549.89,0.3732,1,0,0,0
CRHIST0004131,CUST0001359,2024-06-11,837.0,242.58,0.0057,5,1,0,0
CRHIST0004132,CUST0001359,2024-11-28,836.0,5632.54,0.2403,3,3,0,0
CRHIST0004133,CUST0001359,2025-05-11,835.0,2710.04,0.101,1,0,0,0
CRHIST0004134,CUST0001360,2022-08-12,736.0,5101.19,0.248,2,4,0,0
CRHIST0004135,CUST0001360,2023-04-08,736.0,2696.84,0.1064,3,1,0,0
CRHIST0004136,CUST0001361,2020-09-13,,2701.69,0.1653,3,6,0,0
CRHIST0004137,CUST0001361,2020-12-08,682.0,17739.43,0.8068,4,1,0,0
CRHIST0004138,CUST0001362,2019-06-24,507.0,237.7,0.3392,2,1,0,0
CRHIST0004139,CUST0001362,2019-10-14,522.0,161.99,0.2004,10,4,0,0
CRHIST0004140,CUST0001362,2022-09-20,528.0,417.73,0.5239,7,3,0,0
CRHIST0004141,CUST9188394,2026-07-17,645.0,2757.2,0.6178,3,1,0,0
CRHIST0004142,CUST0001363,2026-07-21,631.0,1349.97,0.2235,3,0,0,0
CRHIST0004143,CUST0001364,2022-06-12,692.0,7500.12,0.347,4,4,0,0
CRHIST0004144,CUST0001364,2022-08-01,698.0,5982.2,0.6715,0,4,0,0
CRHIST0004145,CUST0001365,2024-12-09,692.0,13387.8,0.3085,7,4,0,0
CRHIST0004146,CUST0001366,2021-07-08,701.0,13017.54,0.3801,4,1,0,0
CRHIST0004147,CUST0001366,2021-09-22,696.0,13662.5,0.4655,0,1,0,0
CRHIST0004148,CUST0001366,2022-02-10,703.0,8758.62,0.2876,2,2,0,0
CRHIST0004149,CUST0001367,2022-08-26,668.0,,0.3968,6,2,0,0
CRHIST0004150,CUST0001368,2025-08-02,680.0,11668.57,0.4376,4,3,0,0
CRHIST0004151,CUST0001368,2025-10-15,671.0,11073.57,0.6364,6,0,0,0
CRHIST0004152,CUST0001368,2025-11-20,653.0,7991.43,0.4646,1,2,0,0
CRHIST0004153,CUST0001368,2026-01-22,640.0,16516.61,0.4004,3,6,0,0
CRHIST0004154,CUST0001368,2026-03-05,632.0,17816.04,0.7081,7,2,0,0
CRHIST0004155,CUST0001368,2026-04-19,633.0,14742.09,0.7562,5,2,0,0
CRHIST0004156,CUST0001369,2024-08-14,728.0,11977.12,0.5473,3,3,0,0
CRHIST0004157,CUST0001369,2024-10-28,730.0,13553.95,0.4521,2,0,0,0
CRHIST0004158,CUST0001369,2025-01-30,732.0,19291.77,0.5943,6,2,0,0
CRHIST0004159,CUST0001369,2025-02-26,737.0,11947.48,0.4781,0,1,0,0
CRHIST0004160,CUST0001369,2025-03-23,718.0,9611.83,0.3233,1,1,0,0
CRHIST0004161,CUST0001370,2020-11-22,683.0,6405.98,0.539,7,5,0,0
CRHIST0004162,CUST0001371,2019-01-31,597.0,3941.97,0.9211,3,1,0,0
CRHIST0004163,CUST0001371,2020-02-14,613.0,1419.59,0.2871,3,5,0,0
CRHIST0004164,CUST0001372,2025-06-23,761.0,6620.61,0.3524,4,2,0,0
CRHIST0004165,CUST0001372,2025-07-13,767.0,4343.05,0.2799,3,3,0,0
CRHIST0004166,CUST0001372,2025-09-25,765.0,7534.46,0.5693,3,1,0,0
CRHIST0004167,CUST0001372,2025-11-07,752.0,8713.75,0.3975,1,1,0,0
CRHIST0004168,CUST0001372,2025-12-25,753.0,3461.38,0.351,3,1,0,0
CRHIST0004169,CUST0001373,2019-12-15,675.0,1590.4,0.3028,3,0,0,0
CRHIST0004170,CUST0001374,2019-11-05,774.0,5126.78,0.2848,2,1,0,0
CRHIST0004171,CUST0001374,2020-01-08,776.0,342.84,0.0222,1,4,0,0
CRHIST0004172,CUST0001375,2024-04-23,619.0,11669.33,0.4407,5,2,0,0
CRHIST0004173,CUST0001375,2024-05-13,621.0,,0.6347,3,4,0,0
CRHIST0004174,CUST0001376,2026-02-13,660.0,23596.45,0.5893,5,3,0,0
CRHIST0004175,CUST0001376,2026-02-27,665.0,,0.1261,5,2,0,0
CRHIST0004176,CUST0001376,2026-02-28,677.0,8682.94,0.3861,6,2,0,0
CRHIST0004177,CUST0001377,2023-12-07,722.0,6699.18,0.1606,7,1,0,0
CRHIST0004178,CUST0001377,2024-02-22,744.0,7602.11,0.3154,2,5,0,0
CRHIST0004179,CUST0001377,2024-07-19,759.0,7190.17,0.2536,5,1,0,0
CRHIST0004180,CUST0001377,2024-09-14,772.0,18557.21,0.4388,1,0,0,0
CRHIST0004181,CUST0001377,2024-11-02,765.0,11962.68,0.4062,1,1,0,0
CRHIST0004182,CUST0001378,2019-09-06,706.0,5517.05,0.2679,0,1,0,0
CRHIST0004183,CUST0001378,2020-11-02,697.0,5884.54,0.3677,3,4,0,0
CRHIST0004184,CUST0001378,2021-03-16,696.0,5935.88,0.2943,4,1,0,0
CRHIST0004185,CUST0001379,2026-01-05,725.0,793.61,0.0252,6,2,0,0
CRHIST0004186,CUST0001379,2026-01-07,730.0,4772.65,0.1245,2,2,0,0
CRHIST0004187,CUST0001380,2026-03-21,688.0,2361.82,0.2099,7,3,0,0
CRHIST0004188,CUST0001381,2025-04-07,839.0,0.0,0.0,1,1,0,0
CRHIST0004189,CUST0001381,2025-04-22,850.0,1804.22,0.0879,1,4,0,0
CRHIST0004190,CUST0001382,2020-02-08,603.0,4093.59,0.6509,1,4,0,0
CRHIST0004191,CUST0001382,2020-05-27,584.0,3603.87,0.2408,4,3,0,0
CRHIST0004192,CUST0001382,2021-06-12,574.0,4831.15,0.3331,4,2,0,0
CRHIST0004193,CUST0001383,2019-03-03,508.0,438.96,0.2682,10,3,0,0
CRHIST0004194,CUST0001383,2019-09-15,498.0,446.21,0.4127,5,0,0,0
CRHIST0004195,CUST0001383,2020-08-27,485.0,910.52,0.6351,6,2,0,0
CRHIST0004196,CUST0001384,2025-12-17,699.0,3394.01,0.1727,4,3,0,0
CRHIST0004197,CUST0001384,2026-01-14,699.0,15178.75,0.6174,5,2,0,0
CRHIST0004198,CUST0001385,2025-07-14,791.0,34745.33,0.7032,2,2,0,0
CRHIST0004199,CUST0001385,2025-12-07,797.0,24150.19,0.7026,2,4,0,2
CRHIST0004200,CUST0001385,2025-12-27,802.0,1552.23,0.0594,2,1,0,2
CRHIST0004201,CUST0001385,2026-01-26,802.0,26861.15,0.5082,4,0,0,2
CRHIST0004202,CUST0001386,2025-07-28,697.0,7771.14,0.3467,4,4,0,0
CRHIST0004203,CUST0001386,2025-07-28,685.0,4493.5,0.1787,0,2,0,0
CRHIST0004204,CUST0001386,2025-07-29,686.0,16551.0,0.3628,4,1,0,2
CRHIST0004205,CUST0001387,2023-08-02,675.0,172.45,0.0132,2,2,0,0
CRHIST0004206,CUST0001387,2023-09-16,695.0,12515.36,0.7554,5,1,0,0
CRHIST0004207,CUST0001387,2024-03-03,696.0,4066.17,0.2208,5,0,0,0
CRHIST0004208,CUST0001387,2024-07-30,696.0,5104.19,0.4096,3,4,0,0
CRHIST0004209,CUST0001388,2023-12-20,677.0,0.0,0.0,3,2,0,0
CRHIST0004210,CUST0001388,2024-05-26,674.0,14232.68,0.402,4,3,0,0
CRHIST0004211,CUST0001388,2024-08-02,675.0,20068.77,0.5113,4,1,0,0
CRHIST0004212,CUST0001388,2024-10-18,670.0,13761.23,0.7756,6,2,0,0
CRHIST0004213,CUST0001389,2020-12-19,690.0,7612.41,0.7485,2,3,0,0
CRHIST0004214,CUST0001389,2022-05-02,704.0,6615.26,0.346,6,1,0,0
CRHIST0004215,CUST0001389,2022-10-03,728.0,,0.3276,2,0,0,0
CRHIST0004216,CUST0001390,2019-04-22,652.0,2200.83,0.2114,3,4,0,0
CRHIST0004217,CUST0001390,2021-03-02,640.0,6958.49,0.3636,4,6,0,0
CRHIST0004218,CUST0001390,2021-04-06,643.0,5018.68,0.7211,6,3,0,0
CRHIST0004219,CUST0001390,2021-07-08,635.0,1325.47,0.1049,1,1,0,0
CRHIST0004220,CUST0001391,2021-08-08,678.0,3134.08,0.3431,4,3,0,0
CRHIST0004221,CUST0001391,2022-11-03,716.0,1552.65,0.1728,2,3,0,0
CRHIST0004222,CUST0001391,2023-02-05,713.0,3135.87,0.3822,3,0,0,0
CRHIST0004223,CUST0001392,2023-11-27,757.0,3752.71,0.2923,2,3,0,0
CRHIST0004224,CUST0001392,2024-04-28,757.0,11132.28,0.4532,4,1,0,0
CRHIST0004225,CUST0001392,2024-09-05,762.0,5337.08,0.2831,3,1,0,0
CRHIST0004226,CUST0001392,2024-11-13,789.0,49.28,0.002,2,1,0,2
CRHIST0004227,CUST0001392,2025-03-13,804.0,0.0,0.0,3,3,0,2
CRHIST0004228,CUST0001393,2022-04-19,652.0,3320.52,0.2524,5,1,0,0
CRHIST0004229,CUST0001394,2023-10-23,701.0,466.99,0.0324,6,0,0,0
CRHIST0004230,CUST0001394,2024-09-17,706.0,5726.45,0.4113,3,3,0,0
CRHIST0004231,CUST0001394,2024-12-10,701.0,799.94,0.1133,2,4,0,0
CRHIST0004232,CUST0001395,2023-03-10,687.0,5929.8,0.3335,7,1,0,0
CRHIST0004233,CUST0001395,2023-09-17,684.0,6918.37,0.2964,3,2,0,0
CRHIST0004234,CUST0001395,2024-08-15,701.0,1794.07,0.0938,2,1,0,0
CRHIST0004235,CUST0001396,2023-07-25,681.0,556.85,0.0237,5,3,0,0
CRHIST0004236,CUST0001396,2023-09-18,,6704.78,0.3445,5,4,0,0
CRHIST0004237,CUST0001397,2026-04-29,619.0,675.27,0.052,8,4,0,0
CRHIST0004238,CUST0001398,2023-12-07,500.0,621.58,0.3448,7,0,0,0
CRHIST0004239,CUST0001398,2024-05-16,495.0,736.99,0.3365,1,3,0,1
CRHIST0004240,CUST0001398,2024-10-06,491.0,1258.41,0.5733,5,0,0,1
CRHIST0004241,CUST0001398,2024-11-24,495.0,1843.98,0.8736,12,1,0,1
CRHIST0004242,CUST0001398,2025-07-01,486.0,486.83,0.3997,3,3,0,2
CRHIST0004243,CUST0001398,2025-10-02,483.0,1219.27,0.8953,7,4,0,2
CRHIST0004244,CUST0001398,2025-10-06,464.0,652.91,0.4059,7,4,0,3
CRHIST0004245,CUST0001398,2026-05-12,490.0,925.84,0.4193,3,5,0,3
CRHIST0004246,CUST0001399,2026-04-22,733.0,5182.84,0.2096,2,0,0,0
CRHIST0004247,CUST0001399,2026-05-29,732.0,11602.19,0.4768,3,4,0,0
CRHIST0004248,CUST0001399,2026-05-31,748.0,54.7,0.0046,1,0,0,0
CRHIST0004249,CUST0001400,2026-06-23,629.0,2165.65,0.4387,5,0,0,0
CRHIST0004250,CUST0001400,2026-06-26,621.0,4032.85,0.4614,0,3,0,0
CRHIST0004251,CUST0001400,2026-06-28,612.0,1308.17,0.1165,6,2,0,0
CRHIST0004252,CUST0001400,2026-07-06,606.0,1134.61,0.2462,8,1,0,0
CRHIST0004253,CUST0001400,2026-07-14,583.0,2408.54,0.3364,7,0,0,0
CRHIST0004254,CUST0001400,2026-07-14,598.0,1834.93,0.1938,5,0,0,0
CRHIST0004255,CUST0001401,2023-10-22,676.0,16325.55,0.4072,3,1,0,0
CRHIST0004256,CUST0001401,2023-12-12,673.0,16115.49,0.5425,2,2,0,0
CRHIST0004257,CUST0001402,2026-08-13,662.0,9629.59,0.5822,5,2,0,0
CRHIST0004258,CUST0001402,2026-08-16,632.0,2473.79,0.2895,5,0,0,0
CRHIST0004259,CUST0001402,2026-08-16,624.0,3259.44,0.2401,4,4,0,0
CRHIST0004260,CUST0001402,2026-08-17,607.0,8603.76,0.5414,4,2,0,0
CRHIST0004261,CUST0001403,2021-06-17,796.0,6757.26,0.3263,2,1,0,0
CRHIST0004262,CUST0001404,2023-08-13,726.0,5530.54,0.3972,5,1,0,0
CRHIST0004263,CUST0001404,2023-11-18,727.0,,0.0786,2,3,0,0
CRHIST0004264,CUST0001404,2024-01-21,744.0,1636.29,0.1871,1,0,0,0
CRHIST0004265,CUST0001404,2024-02-07,,6560.33,0.6255,1,2,0,0
CRHIST0004266,CUST0001404,2024-11-30,724.0,310.87,0.023,8,3,0,0
CRHIST0004267,CUST0001405,2021-01-08,656.0,1880.12,0.1068,1,2,0,0
CRHIST0004268,CUST0001406,2021-09-20,669.0,17144.73,0.4809,4,1,0,0
CRHIST0004269,CUST0001406,2022-09-30,686.0,12505.15,0.6042,6,2,0,0
CRHIST0004270,CUST0001406,2023-05-11,696.0,7787.18,0.4976,2,1,0,0
CRHIST0004271,CUST0001407,2020-04-24,,10765.34,0.4212,1,6,0,1
CRHIST0004272,CUST0001407,2020-08-27,770.0,2412.21,0.132,2,5,0,1
CRHIST0004273,CUST0001408,2021-02-18,642.0,816.94,0.6551,6,1,0,0
CRHIST0004274,CUST0001408,2021-07-30,646.0,209.68,0.1224,5,1,0,0
CRHIST0004275,CUST0001409,2022-11-12,723.0,1357.29,0.0887,2,1,0,0
CRHIST0004276,CUST0001409,2022-12-06,714.0,3893.52,0.3284,1,1,0,0
CRHIST0004277,CUST0001409,2023-01-25,724.0,11114.8,0.5081,2,1,0,0
CRHIST0004278,CUST0001409,2023-02-02,726.0,2849.8,0.1454,4,1,0,0
CRHIST0004279,CUST0001410,2024-07-07,724.0,2890.29,0.0685,5,2,0,0
CRHIST0004280,CUST0001411,2026-07-18,515.0,622.84,0.4384,4,2,1,0
CRHIST0004281,CUST0001411,2026-07-22,509.0,1117.71,0.685,4,3,2,0
CRHIST0004282,CUST0001411,2026-07-28,514.0,1068.03,0.6217,6,3,2,0
CRHIST0004283,CUST0001411,2026-07-31,508.0,1214.32,0.6585,7,2,2,0
CRHIST0004284,CUST0001411,2026-08-01,491.0,185.71,0.2488,4,2,2,0
CRHIST0004285,CUST0001411,2026-08-08,510.0,187.98,0.1572,8,2,2,0
CRHIST0004286,CUST0001412,2026-07-06,668.0,7437.4,0.2601,2,4,0,0
CRHIST0004287,CUST0001412,2026-07-15,666.0,16369.33,0.4398,4,2,0,0
CRHIST0004288,CUST0001412,2026-07-30,668.0,3950.86,0.2272,5,7,0,0
CRHIST0004289,CUST0001413,2020-09-23,637.0,8249.88,0.4694,4,1,0,1
CRHIST0004290,CUST0001413,2022-09-04,,8963.08,0.4639,4,0,0,1
CRHIST0004291,CUST0001414,2022-11-18,721.0,10071.81,0.3824,3,1,0,0
CRHIST0004292,CUST0001414,2022-11-19,722.0,3724.44,0.2206,3,1,0,0
CRHIST0004293,CUST0001415,2022-08-31,638.0,4875.43,0.2963,9,5,0,0
CRHIST0004294,CUST0001415,2023-06-28,637.0,11334.62,0.5178,5,2,0,0
CRHIST0004295,CUST0001415,2024-10-16,622.0,31172.55,0.8182,3,3,0,0
CRHIST0004296,CUST0001416,2020-03-02,643.0,3625.46,0.3363,3,1,0,0
CRHIST0004297,CUST0001417,2019-06-15,699.0,10762.89,0.4162,3,1,0,0
CRHIST0004298,CUST0001417,2019-07-19,698.0,6646.86,0.175,3,2,0,0
CRHIST0004299,CUST0001418,2022-01-11,730.0,7750.92,0.7857,2,2,0,0
CRHIST0004300,CUST0001418,2022-04-17,709.0,2573.17,0.1855,1,0,0,0
CRHIST0004301,CUST0001418,2023-12-15,722.0,0.0,0.0,0,1,0,0
CRHIST0004302,CUST0001418,2024-11-29,712.0,10708.36,0.4909,1,1,0,0
CRHIST0004303,CUST0001419,2025-09-16,628.0,1975.17,0.2547,8,1,0,0
CRHIST0004304,CUST0001419,2025-10-22,638.0,6448.47,0.5157,3,3,0,0
CRHIST0004305,CUST0001419,2025-12-15,629.0,3176.55,0.3841,6,0,0,0
CRHIST0004306,CUST0001420,2022-05-18,679.0,18095.25,0.577,2,1,0,0
CRHIST0004307,CUST0001420,2023-02-04,680.0,20618.45,0.6763,5,5,0,0
CRHIST0004308,CUST0001420,2024-02-18,699.0,4205.69,0.1788,2,4,0,0
CRHIST0004309,CUST0001420,2024-03-12,676.0,15467.14,0.7055,6,1,0,0
CRHIST0004310,CUST0001421,2022-09-07,665.0,,0.4231,3,2,0,0
CRHIST0004311,CUST0001421,2023-07-31,680.0,1118.28,0.0924,3,2,0,0
CRHIST0004312,CUST0001422,2026-08-15,705.0,14927.19,0.4832,6,3,0,0
CRHIST0004313,CUST0001423,2021-12-07,689.0,6948.78,0.2964,7,1,0,0
CRHIST0004314,CUST0001424,2024-04-20,635.0,5936.49,0.719,7,0,0,0
CRHIST0004315,CUST0001424,2024-05-10,650.0,5007.74,0.5724,7,0,0,0
CRHIST0004316,CUST0001424,2024-08-29,643.0,4221.58,0.4408,3,5,0,0
CRHIST0004317,CUST0001424,2024-10-23,630.0,3656.73,0.4348,6,0,0,0
CRHIST0004318,CUST0001425,2026-07-04,680.0,1386.23,0.0851,3,4,0,0
CRHIST0004319,CUST0001425,2026-07-07,663.0,5594.64,0.3284,2,5,0,1
CRHIST0004320,CUST0001426,2020-01-10,701.0,2160.16,0.1072,5,2,0,0
CRHIST0004321,CUST0001426,2022-02-22,714.0,6321.12,0.3824,1,2,0,0
CRHIST0004322,CUST0001426,2022-07-19,727.0,813.95,0.031,1,1,0,0
CRHIST0004323,CUST0001427,2023-05-22,703.0,96.51,0.0085,5,3,0,0
CRHIST0004324,CUST0001427,2023-05-22,719.0,3981.47,0.5023,0,1,0,0
CRHIST0004325,CUST0001427,2023-09-11,-5.0,7302.06,0.383,6,1,0,0
CRHIST0004326,CUST0001427,2023-12-19,705.0,1039.18,0.1219,3,3,0,0
CRHIST0004327,CUST0001427,2024-04-26,731.0,4138.23,0.5592,6,2,0,0
CRHIST0004328,CUST0001428,2021-08-31,531.0,1590.21,0.6521,9,2,0,0
CRHIST0004329,CUST0001428,2022-05-15,537.0,959.6,0.4373,4,2,0,0
CRHIST0004330,CUST0001429,2021-11-04,597.0,2261.65,0.5599,3,3,0,0
CRHIST0004331,CUST0001429,2022-01-01,587.0,576.42,0.128,8,1,0,1
CRHIST0004332,CUST0001430,2019-06-04,689.0,5949.76,0.3885,1,2,0,0
CRHIST0004333,CUST0001430,2020-10-01,677.0,6836.75,0.3278,1,1,0,0
CRHIST0004334,CUST0001431,2024-02-28,705.0,8534.37,0.318,6,2,0,0
CRHIST0004335,CUST0001431,2024-04-14,706.0,17552.72,0.5194,5,2,0,0
CRHIST0004336,CUST0001431,2024-05-14,693.0,8176.74,0.3752,6,0,0,0
CRHIST0004337,CUST0001431,2024-08-10,693.0,6643.69,0.4308,9,3,0,0
CRHIST0004338,CUST0001431,2024-10-27,718.0,6698.14,0.4982,3,3,0,0
CRHIST0004339,CUST0001432,2024-02-01,719.0,17728.88,0.6875,4,4,0,0
CRHIST0004340,CUST0001432,2024-03-27,728.0,492.08,0.0339,2,1,0,0
CRHIST0004341,CUST0001432,2024-12-28,743.0,7474.88,0.3573,8,3,0,0
CRHIST0004342,CUST0001433,2023-06-24,590.0,595.49,0.0896,6,1,0,0
CRHIST0004343,CUST0001433,2023-10-24,614.0,5136.13,0.3474,4,2,0,0
CRHIST0004344,CUST0001433,2024-04-08,618.0,2506.61,0.1693,5,2,0,0
CRHIST0004345,CUST0001433,2025-01-01,651.0,935.67,0.1046,3,4,0,0
CRHIST0004346,CUST0001433,2025-07-17,652.0,7158.67,0.6593,1,1,0,0
CRHIST0004347,CUST0001434,2024-02-29,746.0,9327.53,0.502,2,1,0,0
CRHIST0004348,CUST0001434,2024-12-01,753.0,796.2,0.0834,1,1,0,0
CRHIST0004349,CUST0001434,2025-01-15,747.0,7565.83,0.3901,3,1,0,0
CRHIST0004350,CUST0001434,2025-02-25,762.0,0.0,0.0,4,2,0,0
CRHIST0004351,CUST0001435,2024-07-09,678.0,2732.01,0.2406,2,4,0,2
CRHIST0004352,CUST0001435,2024-08-13,668.0,6685.48,0.5137,7,1,0,2
CRHIST0004353,CUST0001435,2024-09-13,668.0,2510.92,0.4631,5,2,0,2
CRHIST0004354,CUST0001435,2025-02-14,668.0,4373.78,0.7711,8,2,0,2
CRHIST0004355,CUST0001436,2021-01-26,607.0,5738.0,0.4343,3,3,0,0
CRHIST0004356,CUST0001436,2021-09-04,623.0,5863.83,0.6598,5,3,0,1
CRHIST0004357,CUST0001437,2020-10-08,705.0,5076.23,0.1888,1,0,0,0
CRHIST0004358,CUST0001438,2023-02-03,596.0,1027.16,0.4346,8,3,0,0
CRHIST0004359,CUST0001439,2023-06-07,655.0,1634.31,0.1562,4,2,0,0
CRHIST0004360,CUST0001439,2023-08-11,663.0,2869.0,0.3791,4,3,0,0
CRHIST0004361,CUST0001439,2023-08-13,675.0,3935.43,0.2657,4,0,0,0
CRHIST0004362,CUST0001439,2023-08-23,672.0,9317.96,0.8156,4,4,0,0
CRHIST0004363,CUST0001440,2025-12-03,757.0,8248.94,0.3235,8,4,0,0
CRHIST0004364,CUST0001440,2026-02-10,769.0,11848.91,0.5507,0,4,0,0
CRHIST0004365,CUST0001440,2026-03-19,775.0,5482.69,0.3747,3,2,0,0
CRHIST0004366,CUST0001440,2026-04-08,766.0,6284.25,0.3213,4,1,0,0
CRHIST0004367,CUST0001441,2026-07-01,692.0,4563.56,0.3804,1,2,0,0
CRHIST0004368,CUST0001441,2026-07-10,658.0,5867.41,0.3052,3,1,0,0
CRHIST0004369,CUST0001442,2025-11-30,657.0,7826.43,0.5234,4,0,0,0
CRHIST0004370,CUST0001442,2025-12-19,660.0,21728.42,0.7014,5,1,0,0
CRHIST0004371,CUST0001442,2025-12-22,682.0,5127.1,0.2058,1,1,0,0
CRHIST0004372,CUST0001443,2021-07-19,587.0,10625.52,0.5168,7,2,0,0
CRHIST0004373,CUST0001443,2022-05-22,585.0,2058.18,0.1632,8,0,0,0
CRHIST0004374,CUST0001444,2023-07-07,632.0,1121.29,0.1849,3,3,0,0
CRHIST0004375,CUST0001444,2023-08-21,620.0,3879.08,0.6374,3,1,0,1
CRHIST0004376,CUST0001444,2023-09-11,606.0,1390.38,0.4357,4,5,0,1
CRHIST0004377,CUST0001444,2023-10-07,610.0,294.63,0.0987,9,2,0,3
CRHIST0004378,CUST0001445,2020-10-27,683.0,1739.76,0.4142,4,1,0,0
CRHIST0004379,CUST0001445,2020-12-29,688.0,738.64,0.131,6,1,0,0
CRHIST0004380,CUST0001445,2021-07-24,689.0,5055.41,0.7088,5,5,0,0
CRHIST0004381,CUST0001445,2022-10-24,695.0,472.42,0.0879,4,2,0,0
CRHIST0004382,CUST0001446,2022-11-27,653.0,7907.7,0.6264,4,4,0,0
CRHIST0004383,CUST0001446,2022-12-24,658.0,14960.8,0.599,9,1,0,0
CRHIST0004384,CUST0001446,2023-03-07,667.0,7396.58,0.5523,4,2,0,0
CRHIST0004385,CUST0001446,2023-04-05,658.0,3686.73,0.2742,1,3,0,0
CRHIST0004386,CUST0001447,2019-10-10,683.0,132.6,0.0049,1,4,0,0
CRHIST0004387,CUST0001447,2020-09-23,688.0,9598.93,0.3379,6,2,0,0
CRHIST0004388,CUST0001447,2020-11-06,678.0,6937.35,0.3974,2,3,0,0
CRHIST0004389,CUST0001447,2020-12-15,679.0,10257.18,0.3109,1,3,0,0
CRHIST0004390,CUST0001447,2021-02-22,-29.0,11028.12,0.586,1,2,0,0
CRHIST0004391,CUST0001447,2021-08-09,684.0,22520.84,0.7303,4,7,0,0
CRHIST0004392,CUST0001448,2026-08-05,624.0,1058.8,0.2768,3,1,0,1
CRHIST0004393,CUST0001448,2026-08-05,630.0,2129.88,0.4005,2,0,0,1
CRHIST0004394,CUST0001448,2026-08-10,627.0,4912.57,0.887,4,3,0,1
CRHIST0004395,CUST0001448,2026-08-14,642.0,2933.84,0.339,7,3,0,1
CRHIST0004396,CUST0001448,2026-08-16,649.0,1838.02,0.4908,3,3,0,1
CRHIST0004397,CUST0001448,2026-08-18,648.0,4968.12,0.6948,4,2,0,3
CRHIST0004398,CUST0001449,2022-07-07,687.0,15138.26,0.6332,2,1,0,0
CRHIST0004399,CUST0001450,2024-07-16,664.0,4056.7,0.209,5,3,0,0
CRHIST0004400,CUST0001450,2024-12-13,668.0,7607.76,0.4674,2,0,0,0
CRHIST0004401,CUST0001450,2025-03-29,656.0,1189.9,0.0922,4,2,0,0
CRHIST0004402,CUST0001450,2025-06-19,651.0,3436.23,0.2789,2,0,0,0
CRHIST0004403,CUST0001450,2026-01-22,,460.54,0.0365,2,2,0,0
CRHIST0004404,CUST0001451,2021-06-16,,3615.47,0.1722,7,1,0,0
CRHIST0004405,CUST0001451,2023-03-11,674.0,3358.05,0.1738,2,0,0,0
CRHIST0004406,CUST0001451,2023-04-15,672.0,3704.34,0.4107,0,1,0,0
CRHIST0004407,CUST0001451,2023-06-20,667.0,16713.98,0.6957,3,0,0,2
CRHIST0004408,CUST0001452,2026-05-14,714.0,4671.61,0.2246,2,5,0,0
CRHIST0004409,CUST0001452,2026-05-31,701.0,4694.61,0.161,2,0,0,0
CRHIST0004410,CUST0001453,2023-01-15,645.0,849.63,0.0915,3,2,0,0
CRHIST0004411,CUST0001453,2023-02-01,677.0,3933.09,0.5334,5,5,0,0
CRHIST0004412,CUST0001453,2023-12-23,657.0,1642.02,0.1374,4,0,0,0
CRHIST0004413,CUST0001453,2024-02-17,666.0,2988.92,0.3387,2,1,0,0
CRHIST0004414,CUST0001454,2020-06-29,732.0,21767.26,0.4051,3,5,0,0
CRHIST0004415,CUST0001454,2020-11-23,745.0,13767.16,0.5196,1,2,0,0
CRHIST0004416,CUST0001454,2022-06-26,714.0,11631.73,0.2729,4,0,0,0
CRHIST0004417,CUST0001454,2023-08-02,712.0,2192.8,0.0777,2,7,0,0
CRHIST0004418,CUST0001454,2023-08-25,698.0,8826.97,0.2159,2,0,0,0
CRHIST0004419,CUST0001454,2024-03-16,691.0,5303.47,0.0963,6,1,0,0
CRHIST0004420,CUST0001454,2024-06-02,691.0,5093.63,0.1605,3,2,0,0
CRHIST0004421,CUST0001454,2026-06-07,687.0,6536.27,0.2395,2,1,0,0
CRHIST0004422,CUST0001455,2022-03-12,511.0,1096.95,0.812,3,1,0,0
CRHIST0004423,CUST0001456,2021-02-04,660.0,7730.78,0.2054,4,2,0,0
CRHIST0004424,CUST0001456,2022-01-25,666.0,8170.17,0.1886,1,1,0,0
CRHIST0004425,CUST0001457,2019-12-02,712.0,0.0,0.0,3,1,0,0
CRHIST0004426,CUST0001458,2020-08-30,716.0,13936.53,0.5473,5,2,0,0
CRHIST0004427,CUST0001458,2020-11-15,717.0,13908.95,0.3537,3,0,0,0
CRHIST0004428,CUST0001458,2021-07-15,694.0,11677.94,0.5063,3,3,0,0
CRHIST0004429,CUST0001458,2021-11-05,688.0,24882.52,0.8544,1,1,0,0
CRHIST0004430,CUST0001459,2024-07-08,661.0,23308.62,0.5343,3,0,0,0
CRHIST0004431,CUST0001459,2024-07-19,671.0,13468.42,0.4376,4,3,0,0
CRHIST0004432,CUST0001459,2025-04-29,674.0,26016.76,0.4705,1,0,0,1
CRHIST0004433,CUST0001460,2025-09-05,537.0,715.29,0.5601,4,4,0,0
CRHIST0004434,CUST0001460,2025-09-21,512.0,511.26,0.3459,7,1,0,0
CRHIST0004435,CUST0001460,2025-10-25,494.0,961.77,0.7845,6,2,0,0
CRHIST0004436,CUST0001461,2024-02-17,609.0,5093.73,0.7551,5,7,0,0
CRHIST0004437,CUST0001462,2024-05-16,686.0,27645.82,0.4788,4,1,0,0
CRHIST0004438,CUST0001463,2019-07-29,711.0,7663.44,0.6583,7,1,0,0
CRHIST0004439,CUST0001464,2020-08-18,767.0,8176.32,0.4105,1,4,0,0
CRHIST0004440,CUST0001464,2020-10-16,772.0,3392.93,0.0867,3,1,0,0
CRHIST0004441,CUST0001464,2022-03-27,768.0,12475.61,0.4021,2,3,0,0
CRHIST0004442,CUST0001465,2020-03-16,548.0,1137.77,0.4851,6,0,0,0
CRHIST0004443,CUST0001466,2026-06-16,697.0,41126.33,0.7382,3,2,0,1
CRHIST0004444,CUST0001466,2026-06-19,708.0,1059.88,0.0522,4,2,0,1
CRHIST0004445,CUST0001466,2026-06-20,,4183.51,0.0885,4,1,0,1
CRHIST0004446,CUST0001466,2026-06-22,707.0,16522.53,0.6032,4,2,0,1
CRHIST0004447,CUST0001466,2026-06-22,726.0,,0.3656,4,2,0,1
CRHIST0004448,CUST0001467,2024-10-26,609.0,2693.94,0.5721,1,1,0,0
CRHIST0004449,CUST0001467,2025-01-08,619.0,1876.02,0.4273,5,2,0,0
CRHIST0004450,CUST0001467,2025-03-04,597.0,2164.14,0.4188,1,4,0,0
CRHIST0004451,CUST0001468,2026-04-28,716.0,18259.38,0.3983,9,3,0,0
CRHIST0004452,CUST0001468,2026-05-23,735.0,4615.51,0.1246,2,3,0,0
CRHIST0004453,CUST0001469,2026-03-04,739.0,609.14,0.0294,3,1,0,0
CRHIST0004454,CUST0001469,2026-04-15,732.0,1339.07,0.1705,4,1,0,0
CRHIST0004455,CUST0001469,2026-04-27,713.0,8447.98,0.3946,2,1,0,0
CRHIST0004456,CUST0001469,2026-05-15,721.0,3671.59,0.1766,4,1,0,0
CRHIST0004457,CUST0001470,2020-10-08,618.0,5700.43,0.5082,6,0,0,0
CRHIST0004458,CUST0001470,2020-12-10,622.0,4263.04,0.5568,4,1,0,0
CRHIST0004459,CUST0001470,2021-06-19,614.0,2054.72,0.1989,5,0,0,0
CRHIST0004460,CUST0001470,2021-06-22,620.0,3657.14,0.3506,2,5,0,0
CRHIST0004461,CUST0001470,2022-04-14,634.0,8269.1,0.5492,4,3,0,0
CRHIST0004462,CUST0001471,2023-01-20,733.0,6801.14,0.3616,5,1,0,0
CRHIST0004463,CUST0001471,2023-06-13,733.0,1100.66,0.0576,4,2,0,0
CRHIST0004464,CUST0001471,2023-12-17,724.0,818.17,0.0255,5,1,0,0
CRHIST0004465,CUST0001471,2023-12-25,728.0,406.84,0.0125,4,0,0,0
CRHIST0004466,CUST0001471,2024-06-17,707.0,5021.79,0.3317,3,2,0,0
CRHIST0004467,CUST0001472,2024-03-28,659.0,3742.76,0.146,5,3,0,0
CRHIST0004468,CUST0001472,2024-08-15,639.0,5366.91,0.3398,6,3,0,0
CRHIST0004469,CUST0001472,2025-01-07,637.0,11172.19,0.5898,4,0,0,0
CRHIST0004470,CUST0001473,2024-12-16,609.0,14560.69,0.6959,4,3,0,0
CRHIST0004471,CUST0001473,2025-05-06,617.0,5204.11,0.5579,5,0,0,0
CRHIST0004472,CUST0001473,2025-08-02,644.0,6240.07,0.3471,9,4,0,0
CRHIST0004473,CUST0001473,2025-09-21,646.0,5399.03,0.3075,8,4,0,0
CRHIST0004474,CUST0001473,2025-10-02,631.0,5850.08,0.4694,3,3,0,0
CRHIST0004475,CUST0001473,2025-11-08,625.0,7724.63,0.4033,3,3,0,0
CRHIST0004476,CUST0001474,2024-04-12,634.0,23872.2,0.3846,3,3,0,0
CRHIST0004477,CUST0001474,2024-05-02,634.0,22032.7,0.3735,1,1,0,0
CRHIST0004478,CUST0001474,2024-06-02,642.0,31525.84,0.5785,4,1,0,0
CRHIST0004479,CUST9654312,2023-01-10,676.0,5565.04,0.5346,6,3,0,0
CRHIST0004480,CUST0001475,2023-08-09,686.0,2904.96,0.3668,3,1,0,0
CRHIST0004481,CUST0001475,2024-04-22,684.0,2884.76,0.3323,3,3,0,0
CRHIST0004482,CUST0001476,2020-03-23,648.0,4484.47,0.416,1,4,0,0
CRHIST0004483,CUST0001477,2026-03-09,683.0,11024.66,0.7189,2,6,0,0
CRHIST0004484,CUST0001477,2026-03-16,,1939.16,0.2843,3,3,0,0
CRHIST0004485,CUST0001477,2026-03-18,,5317.35,0.339,5,6,0,0
CRHIST0004486,CUST0001477,2026-04-03,693.0,14370.37,0.7932,6,0,0,0
CRHIST0004487,CUST0001477,2026-04-29,672.0,10759.37,0.6247,5,1,0,0
CRHIST0004488,CUST0001477,2026-05-27,684.0,3559.01,0.2899,4,3,0,1
CRHIST0004489,CUST0001477,2026-06-13,683.0,3040.59,0.1851,2,2,0,3
CRHIST0004490,CUST0001478,2024-05-06,687.0,1341.87,0.1786,4,2,0,0
CRHIST0004491,CUST0001478,2024-11-05,711.0,1259.4,0.098,3,3,0,0
CRHIST0004492,CUST9211696,2025-08-30,677.0,4573.23,0.5614,3,2,0,0
CRHIST0004493,CUST0001479,2025-12-08,664.0,5203.87,0.5835,4,2,0,0
CRHIST0004494,CUST0001480,2021-08-10,640.0,6227.96,0.4249,2,2,0,0
CRHIST0004495,CUST0001480,2022-03-15,863.0,6850.93,0.6679,3,1,0,0
CRHIST0004496,CUST0001480,2022-07-09,623.0,3235.29,0.3422,3,1,0,1
CRHIST0004497,CUST0001480,2023-04-07,611.0,3171.68,0.3281,3,1,0,1
CRHIST0004498,CUST0001481,2020-05-29,643.0,5162.39,0.4609,4,2,0,1
CRHIST0004499,CUST0001482,2025-11-28,619.0,1347.58,0.243,2,1,0,0
CRHIST0004500,CUST0001482,2025-12-26,613.0,3145.04,0.4312,4,1,0,0
CRHIST0004501,CUST0001482,2026-01-20,641.0,4565.92,0.6651,5,6,0,0
CRHIST0004502,CUST0001483,2025-05-23,719.0,0.0,0.0,6,4,0,0
CRHIST0004503,CUST0001483,2025-12-28,,17184.97,0.2695,0,2,0,0
CRHIST0004504,CUST0001483,2025-12-30,719.0,910.39,0.012,5,0,0,0
CRHIST0004505,CUST0001483,2026-03-24,718.0,34425.5,0.4753,5,3,0,0
CRHIST0004506,CUST0001483,2026-04-03,712.0,16151.47,0.2765,5,1,0,0
CRHIST0004507,CUST0001484,2025-07-17,702.0,6223.02,0.2486,2,5,0,0
CRHIST0004508,CUST0001484,2025-07-26,711.0,4837.18,0.2238,6,1,0,0
CRHIST0004509,CUST0001484,2025-12-08,707.0,12393.11,0.376,5,1,0,0
CRHIST0004510,CUST0001485,2022-11-05,773.0,11266.52,0.2899,1,1,0,0
CRHIST0004511,CUST0001485,2023-03-18,,15179.93,0.2234,4,3,0,0
CRHIST0004512,CUST0001485,2023-09-22,776.0,7967.05,0.2441,3,3,0,0
CRHIST0004513,CUST0001486,2025-12-16,683.0,3258.6,0.2529,6,1,0,0
CRHIST0004514,CUST0001487,2021-05-17,721.0,3412.7,0.2052,2,1,0,0
CRHIST0004515,CUST0001487,2021-08-26,703.0,7485.6,0.3924,2,3,0,0
CRHIST0004516,CUST0001487,2022-02-24,680.0,4432.12,0.3014,5,0,0,0
CRHIST0004517,CUST0001487,2022-10-18,650.0,,0.5692,4,1,0,0
CRHIST0004518,CUST0001487,2022-11-14,653.0,15244.26,0.8304,4,2,0,0
CRHIST0004519,CUST0001487,2023-04-12,638.0,7473.69,0.4627,1,3,0,0
CRHIST0004520,CUST0001488,2024-10-24,709.0,6933.33,0.5177,2,2,0,0
CRHIST0004521,CUST0001489,2023-01-17,708.0,206.25,0.0103,10,1,0,0
CRHIST0004522,CUST0001490,2020-04-25,688.0,12274.85,0.4407,0,2,0,1
CRHIST0004523,CUST0001491,2024-08-22,685.0,8096.34,0.3833,2,0,0,0
CRHIST0004524,CUST0001491,2024-12-09,681.0,11591.67,0.4343,1,1,0,0
CRHIST0004525,CUST0001491,2025-05-21,669.0,5737.32,0.2908,10,3,0,0
CRHIST0004526,CUST0001491,2025-06-04,665.0,3829.44,0.4121,2,1,0,0
CRHIST0004527,CUST0001491,2025-10-08,656.0,3832.44,0.3908,3,1,0,0
CRHIST0004528,CUST0001491,2025-11-07,674.0,,0.1863,2,4,0,0
CRHIST0004529,CUST0001492,2022-04-29,666.0,9321.42,0.6672,7,1,0,0
CRHIST0004530,CUST0001492,2022-05-14,662.0,3431.08,0.2911,1,4,0,0
CRHIST0004531,CUST0001492,2022-08-20,,2808.75,0.2506,6,1,0,0
CRHIST0004532,CUST0001492,2023-02-08,661.0,8944.2,0.7454,7,3,0,0
CRHIST0004533,CUST0001492,2023-08-16,670.0,2016.45,0.3944,3,3,0,0
CRHIST0004534,CUST0001492,2024-06-02,649.0,3972.94,0.6372,3,1,0,0
CRHIST0004535,CUST0001493,2020-06-20,577.0,257.38,0.1188,3,2,0,0
CRHIST0004536,CUST0001493,2020-07-22,578.0,1944.7,0.5636,4,1,0,0
CRHIST0004537,CUST0001493,2021-11-26,872.0,1323.25,0.5388,1,1,0,0
CRHIST0004538,CUST0001493,2022-12-19,620.0,,0.7845,3,0,0,0
CRHIST0004539,CUST0001494,2024-07-13,699.0,6457.72,0.3769,3,3,0,0
CRHIST0004540,CUST0001495,2025-01-06,632.0,2426.6,0.3225,2,2,0,0
CRHIST0004541,CUST0001495,2025-08-03,655.0,2621.85,0.4351,4,1,0,0
CRHIST0004542,CUST0001495,2025-09-08,663.0,744.65,0.0533,2,1,0,0
CRHIST0004543,CUST0001495,2026-01-19,675.0,,0.1923,4,1,0,0
CRHIST0004544,CUST0001496,2021-12-01,596.0,5785.94,0.4053,3,1,0,0
CRHIST0004545,CUST0001496,2022-07-13,602.0,1785.82,0.1787,5,2,0,0
CRHIST0004546,CUST0001496,2022-08-28,598.0,3835.12,0.3926,4,1,0,2
CRHIST0004547,CUST0001497,2026-05-24,722.0,4919.28,0.1768,4,2,0,0
CRHIST0004548,CUST0001498,2024-06-29,696.0,5743.02,0.4722,5,0,0,0
CRHIST0004549,CUST0001498,2024-07-14,705.0,5176.8,0.5378,1,0,0,0
CRHIST0004550,CUST0001498,2025-04-01,687.0,2079.29,0.1327,4,0,0,0
CRHIST0004551,CUST0001498,2025-06-16,687.0,5081.22,0.5837,3,2,0,0
CRHIST0004552,CUST0001498,2025-06-25,683.0,781.09,0.0455,5,1,0,0
CRHIST0004553,CUST0001499,2020-08-18,561.0,1208.98,0.6042,4,3,0,0
CRHIST0004554,CUST0001499,2021-09-30,548.0,1514.79,0.4368,6,1,0,0
CRHIST0004555,CUST0001499,2022-03-09,533.0,2591.61,0.7008,5,2,0,1
CRHIST0004556,CUST0001500,2021-09-10,723.0,10237.04,0.3865,3,2,0,0
CRHIST0004557,CUST0001500,2021-11-23,725.0,4222.58,0.3116,1,0,0,0
CRHIST0004558,CUST0001500,2022-07-30,730.0,14523.08,0.5659,5,1,0,0
CRHIST0004559,CUST0001501,2026-06-16,681.0,5877.31,0.3874,1,1,0,0
CRHIST0004560,CUST0001501,2026-06-17,674.0,4828.39,0.628,3,4,0,0
CRHIST0004561,CUST0001501,2026-06-21,690.0,5940.83,0.3857,1,1,0,0
CRHIST0004562,CUST0001501,2026-06-29,669.0,6388.37,0.7563,3,4,0,0
CRHIST0004563,CUST0001502,2021-02-14,785.0,6297.85,0.2112,1,1,0,0
CRHIST0004564,CUST0001503,2026-04-22,711.0,28837.99,0.7134,5,1,0,0
CRHIST0004565,CUST0001504,2023-02-17,818.0,11978.95,0.3072,0,1,0,0
CRHIST0004566,CUST0001504,2023-03-17,803.0,2210.35,0.1206,2,0,0,0
CRHIST0004567,CUST0001504,2023-08-04,782.0,12876.82,0.6388,5,0,0,0
CRHIST0004568,CUST0001504,2023-12-03,776.0,9330.41,0.418,3,2,0,0
CRHIST0004569,CUST0001505,2024-08-14,685.0,1767.19,0.0694,1,3,0,0
CRHIST0004570,CUST0001505,2024-09-18,678.0,13547.8,0.5139,6,2,0,0
CRHIST0004571,CUST0001506,2024-05-16,646.0,1004.75,0.183,1,5,0,0
CRHIST0004572,CUST0001506,2024-05-20,635.0,77.78,0.0166,8,0,0,0
CRHIST0004573,CUST0001506,2024-05-27,645.0,5359.26,0.5818,3,0,0,0
CRHIST0004574,CUST0001506,2025-02-05,648.0,3908.64,0.8806,2,1,0,0
CRHIST0004575,CUST0001506,2025-09-07,635.0,3746.14,0.5237,8,3,0,0
CRHIST0004576,CUST0001506,2025-10-17,621.0,5715.61,0.6128,5,2,0,0
CRHIST0004577,CUST0001506,2025-10-28,623.0,3910.47,0.5732,4,1,0,0
CRHIST0004578,CUST0001507,2023-02-12,707.0,5538.46,0.4295,5,0,0,0
CRHIST0004579,CUST0001507,2023-05-25,710.0,19033.88,0.6937,5,4,0,0
CRHIST0004580,CUST0001508,2024-02-10,707.0,3486.03,0.456,1,1,0,0
CRHIST0004581,CUST0001509,2023-11-09,634.0,15407.85,0.5103,0,3,0,0
CRHIST0004582,CUST0001509,2023-12-31,634.0,12447.53,0.4677,5,2,0,2
CRHIST0004583,CUST0001509,2024-01-09,641.0,14255.87,0.4741,3,2,0,2
CRHIST0004584,CUST0001509,2024-06-17,645.0,22577.79,0.617,5,3,0,2
CRHIST0004585,CUST0001509,2024-11-28,665.0,18775.97,0.5389,5,1,0,2
CRHIST0004586,CUST0001509,2025-10-28,672.0,,0.3639,3,0,0,2
CRHIST0004587,CUST0001510,2024-10-08,594.0,910.82,0.1838,1,3,0,0
CRHIST0004588,CUST0001511,2024-09-11,670.0,4956.2,0.5075,9,1,0,0
CRHIST0004589,CUST0001511,2024-10-10,667.0,3685.75,0.3872,4,4,0,0
CRHIST0004590,CUST0001512,2022-08-03,736.0,4719.63,0.2807,2,1,0,0
CRHIST0004591,CUST0001512,2022-09-19,748.0,1748.74,0.087,4,2,0,0
CRHIST0004592,CUST0001512,2023-09-26,747.0,,0.5969,3,0,0,0
CRHIST0004593,CUST0001512,2025-01-03,757.0,,0.3512,2,3,0,0
CRHIST0004594,CUST0001513,2022-09-27,730.0,10353.21,0.4447,6,3,0,0
CRHIST0004595,CUST0001513,2023-10-30,737.0,1276.67,0.0795,4,3,0,0
CRHIST0004596,CUST0001513,2024-05-08,731.0,5162.17,0.2381,3,0,0,0
CRHIST0004597,CUST0001513,2024-10-12,707.0,8682.01,0.4907,3,3,0,0
CRHIST0004598,CUST0001513,2025-01-18,713.0,10722.25,0.5528,3,1,0,0
CRHIST0004599,CUST0001514,2024-12-25,500.0,2062.26,0.4996,8,4,0,0
CRHIST0004600,CUST0001514,2025-01-26,489.0,3357.54,0.657,11,3,0,0
CRHIST0004601,CUST0001514,2025-06-29,477.0,3719.57,0.757,1,3,0,0
CRHIST0004602,CUST0001514,2025-07-19,502.0,2183.09,0.3924,7,2,0,0
CRHIST0004603,CUST0001515,2025-04-22,690.0,1302.49,0.1952,4,5,0,0
CRHIST0004604,CUST0001515,2025-07-15,691.0,1666.34,0.2144,3,2,0,0
CRHIST0004605,CUST0001515,2025-08-08,675.0,69.71,0.0095,5,1,0,0
CRHIST0004606,CUST0001516,2024-04-21,672.0,3518.91,0.1886,7,2,0,0
CRHIST0004607,CUST0001517,2022-07-12,712.0,59.09,0.0036,6,2,0,0
CRHIST0004608,CUST0001517,2022-09-24,718.0,2946.83,0.2041,2,3,0,1
CRHIST0004609,CUST0001517,2024-01-29,722.0,3762.73,0.3294,6,2,0,1
CRHIST0004610,CUST0001518,2023-08-24,512.0,545.77,0.3106,9,2,0,0
CRHIST0004611,CUST0001519,2023-06-25,758.0,14879.98,0.4387,2,3,0,0
CRHIST0004612,CUST0001520,2023-03-22,681.0,4319.51,0.2547,3,1,0,0
CRHIST0004613,CUST0001521,2020-05-26,759.0,6147.67,0.1464,5,2,0,0
CRHIST0004614,CUST0001521,2021-06-24,757.0,24556.4,0.5444,2,2,0,0
CRHIST0004615,CUST0001521,2021-06-30,766.0,17565.69,0.4993,1,3,0,0
CRHIST0004616,CUST0001522,2023-04-06,658.0,8464.32,0.4798,4,3,0,0
CRHIST0004617,CUST0001523,2022-09-09,638.0,1750.64,0.2655,2,5,0,0
CRHIST0004618,CUST0001523,2022-09-23,633.0,268.08,0.0674,3,1,0,0
CRHIST0004619,CUST0001523,2022-12-04,637.0,3905.76,0.5175,1,2,0,0
CRHIST0004620,CUST0001524,2019-08-04,725.0,10625.2,0.4507,1,1,0,0
CRHIST0004621,CUST0001524,2020-10-20,735.0,6815.46,0.3386,3,2,0,1
CRHIST0004622,CUST0001524,2020-11-29,733.0,15942.85,0.7196,0,4,0,1
CRHIST0004623,CUST0001524,2021-02-18,747.0,2514.93,0.1507,4,2,0,1
CRHIST0004624,CUST0001525,2026-05-07,605.0,2043.43,0.3744,5,3,0,1
CRHIST0004625,CUST0001525,2026-05-13,589.0,2950.45,0.3228,4,3,0,1
CRHIST0004626,CUST0001525,2026-06-13,605.0,12171.07,0.8008,4,2,0,1
CRHIST0004627,CUST0001526,2024-03-10,724.0,1139.23,0.0566,2,4,0,0
CRHIST0004628,CUST0001526,2024-08-17,719.0,4523.3,0.4404,5,1,0,0
CRHIST0004629,CUST0001527,2021-01-27,685.0,10449.81,0.6859,6,5,0,0
CRHIST0004630,CUST0001527,2021-02-13,684.0,5536.1,0.3801,5,3,0,0
CRHIST0004631,CUST0001528,2021-01-03,743.0,32042.71,0.5862,4,3,0,0
CRHIST0004632,CUST0001528,2021-03-06,752.0,23131.4,0.5519,7,4,0,0
CRHIST0004633,CUST0001528,2021-05-25,743.0,29271.55,0.4148,1,4,0,0
CRHIST0004634,CUST0001529,2023-11-19,654.0,2385.98,0.2607,2,3,0,0
CRHIST0004635,CUST0001529,2023-12-08,672.0,2770.68,0.2887,0,0,0,0
CRHIST0004636,CUST0001530,2025-08-05,509.0,643.09,0.3823,5,2,0,0
CRHIST0004637,CUST0001530,2025-08-15,522.0,1445.09,0.6464,4,1,0,0
CRHIST0004638,CUST0001530,2025-08-24,537.0,1192.43,0.6878,5,3,0,0
CRHIST0004639,CUST0001531,2023-03-19,683.0,7359.51,0.2325,4,1,0,0
CRHIST0004640,CUST0001531,2023-08-18,694.0,5031.69,0.3502,4,1,0,0
CRHIST0004641,CUST0001531,2023-09-15,677.0,11796.41,0.5014,3,4,0,0
CRHIST0004642,CUST0001531,2024-06-09,695.0,4208.36,0.2488,4,3,0,0
CRHIST0004643,CUST0001532,2025-03-23,623.0,511.44,0.0818,7,4,0,0
CRHIST0004644,CUST0001532,2025-05-19,638.0,1700.73,0.4159,2,2,0,0
CRHIST0004645,CUST0001532,2025-08-03,641.0,3652.27,0.6351,3,1,0,2
CRHIST0004646,CUST0001532,2025-08-27,622.0,2194.88,0.4362,3,2,0,2
CRHIST0004647,CUST0001532,2025-09-12,639.0,286.79,0.0494,2,1,0,2
CRHIST0004648,CUST0001533,2021-02-14,703.0,1405.76,0.1442,2,1,0,0
CRHIST0004649,CUST0001533,2021-04-09,682.0,4749.29,0.4613,4,0,0,0
CRHIST0004650,CUST0001533,2021-05-22,685.0,1270.47,0.1892,3,4,0,0
CRHIST0004651,CUST0001534,2023-10-10,709.0,23424.04,0.7048,3,1,0,0
CRHIST0004652,CUST0001534,2023-10-29,683.0,255.74,0.01,4,1,0,0
CRHIST0004653,CUST0001534,2025-05-18,677.0,10888.42,0.3873,3,2,0,2
CRHIST0004654,CUST0001535,2025-08-15,692.0,4481.45,0.2049,1,3,0,0
CRHIST0004655,CUST0001535,2025-10-19,685.0,2473.08,0.2005,6,0,0,0
CRHIST0004656,CUST0001535,2025-10-27,699.0,8104.56,0.2891,5,4,0,0
CRHIST0004657,CUST0001536,2025-07-17,535.0,1194.84,0.5824,5,4,0,0
CRHIST0004658,CUST0001536,2025-07-24,541.0,1112.04,0.3982,3,3,0,0
CRHIST0004659,CUST0001536,2025-09-24,544.0,1618.66,0.3328,7,1,0,0
CRHIST0004660,CUST0001537,2022-09-16,688.0,7691.34,0.2508,2,0,0,0
CRHIST0004661,CUST0001537,2022-10-21,698.0,12198.57,0.4441,6,1,0,0
CRHIST0004662,CUST0001538,2024-08-06,,12710.75,0.3384,4,2,0,0
CRHIST0004663,CUST0001538,2024-10-11,739.0,8220.77,0.2695,4,2,0,0
CRHIST0004664,CUST0001538,2024-11-26,741.0,24604.89,0.5393,3,3,0,0
CRHIST0004665,CUST0001538,2025-03-11,750.0,24694.47,0.4516,5,2,0,0
CRHIST0004666,CUST0001538,2025-07-13,765.0,36.33,0.001,8,5,0,0
CRHIST0004667,CUST0001539,2021-01-31,683.0,1884.02,0.2337,5,0,0,0
CRHIST0004668,CUST0001539,2021-10-26,682.0,4563.27,0.4783,3,0,0,0
CRHIST0004669,CUST0001539,2022-06-13,669.0,5659.32,0.4236,3,1,0,0
CRHIST0004670,CUST0001540,2020-05-27,729.0,4971.58,0.3788,4,0,0,1
CRHIST0004671,CUST0001540,2020-08-05,733.0,724.78,0.0457,4,1,0,1
CRHIST0004672,CUST0001540,2020-11-07,740.0,14791.68,0.7107,5,1,0,1
CRHIST0004673,CUST0001541,2025-12-15,703.0,3582.68,0.4541,5,1,0,0
CRHIST0004674,CUST0001541,2026-01-21,,6024.88,0.5091,4,2,0,0
CRHIST0004675,CUST0001541,2026-03-10,681.0,76.97,0.0105,0,1,0,0
CRHIST0004676,CUST0001541,2026-03-12,678.0,2584.31,0.1656,5,0,0,0
CRHIST0004677,CUST0001541,2026-03-15,666.0,608.59,0.0405,0,8,0,0
CRHIST0004678,CUST0001542,2024-09-17,744.0,16098.73,0.336,8,2,0,0
CRHIST0004679,CUST0001543,2021-02-02,567.0,2718.64,0.5652,5,2,0,0
CRHIST0004680,CUST0001543,2021-03-12,576.0,2107.77,0.448,8,5,0,0
CRHIST0004681,CUST0001543,2022-09-13,586.0,2634.09,0.5732,4,5,0,0
CRHIST0004682,CUST0001544,2026-08-13,648.0,13681.56,0.3094,4,1,0,0
CRHIST0004683,CUST0001544,2026-08-13,667.0,20038.66,0.6791,3,3,0,0
CRHIST0004684,CUST0001545,2026-08-05,743.0,13329.81,0.411,2,3,0,0
CRHIST0004685,CUST0001545,2026-08-06,764.0,15633.43,0.3987,5,4,0,0
CRHIST0004686,CUST0001545,2026-08-07,759.0,13569.31,0.3056,4,1,0,0
CRHIST0004687,CUST0001545,2026-08-11,775.0,4935.88,0.1771,3,2,0,0
CRHIST0004688,CUST0001545,2026-08-13,760.0,7523.44,0.2463,5,2,0,2
CRHIST0004689,CUST0001546,2019-06-03,685.0,5683.36,0.4285,5,1,0,0
CRHIST0004690,CUST0001546,2019-07-26,689.0,3338.87,0.2012,6,2,0,0
CRHIST0004691,CUST0001547,2019-09-14,487.0,540.07,0.6519,6,0,0,0
CRHIST0004692,CUST0001548,2020-12-22,721.0,9656.5,0.3464,4,3,0,0
CRHIST0004693,CUST0001548,2021-04-23,719.0,22398.18,0.5054,0,1,0,0
CRHIST0004694,CUST0001549,2025-01-28,779.0,277.62,0.0104,5,6,0,0
CRHIST0004695,CUST0001549,2025-03-08,782.0,10365.93,0.4709,1,1,0,0
CRHIST0004696,CUST0001549,2025-03-14,764.0,12343.56,0.3457,3,1,0,0
CRHIST0004697,CUST0001549,2025-03-26,766.0,10950.35,0.462,1,0,0,0
CRHIST0004698,CUST0001550,2023-08-04,516.0,1337.29,0.6377,4,2,0,0
CRHIST0004699,CUST0001550,2024-01-04,527.0,663.49,0.5822,5,3,0,0
CRHIST0004700,CUST0001550,2024-07-07,531.0,525.44,0.3135,9,1,0,0
CRHIST0004701,CUST0001550,2024-12-07,526.0,413.49,0.4822,5,0,0,0
CRHIST0004702,CUST0001550,2025-07-04,521.0,711.39,0.5984,10,0,0,0
CRHIST0004703,CUST0001550,2025-09-10,527.0,934.05,0.6544,1,1,1,0
CRHIST0004704,CUST0001550,2025-11-07,532.0,426.92,0.392,4,3,1,0
CRHIST0004705,CUST0001550,2026-01-10,545.0,404.52,0.2099,6,1,1,0
CRHIST0004706,CUST0001551,2023-09-25,741.0,22880.39,0.7807,6,2,0,0
CRHIST0004707,CUST0001551,2024-12-08,763.0,5752.78,0.3629,3,4,0,0
CRHIST0004708,CUST0001551,2025-02-04,753.0,2154.76,0.1145,4,1,0,0
CRHIST0004709,CUST0001551,2025-07-09,749.0,2176.73,0.1846,1,1,0,0
CRHIST0004710,CUST0001552,2022-05-21,748.0,,0.45,3,3,0,0
CRHIST0004711,CUST0001552,2022-05-21,757.0,3133.7,0.2051,4,1,0,0
CRHIST0004712,CUST0001552,2022-09-13,761.0,2876.24,0.1915,1,5,0,0
CRHIST0004713,CUST0001552,2022-11-12,766.0,10166.12,0.4096,0,0,0,0
CRHIST0004714,CUST0001553,2023-01-17,731.0,4347.82,0.3989,3,3,0,0
CRHIST0004715,CUST0001554,2024-11-21,703.0,14460.64,0.4974,3,1,0,0
CRHIST0004716,CUST0001555,2020-04-10,627.0,10586.41,0.8663,7,1,0,0
CRHIST0004717,CUST0001555,2021-02-02,645.0,964.0,0.1469,3,1,0,0
CRHIST0004718,CUST0001555,2021-02-03,619.0,2985.18,0.2575,3,1,0,1
CRHIST0004719,CUST0001555,2022-03-29,612.0,3897.03,0.2683,1,2,0,2
CRHIST0004720,CUST0001556,2023-08-31,728.0,4076.46,0.1957,1,2,0,0
CRHIST0004721,CUST0001557,2020-11-15,528.0,567.73,0.507,11,3,0,2
CRHIST0004722,CUST0001557,2022-06-29,852.0,304.72,0.442,3,1,0,2
CRHIST0004723,CUST0001557,2023-07-17,519.0,145.9,0.1434,5,4,1,4
CRHIST0004724,CUST0001557,2023-08-24,520.0,632.76,0.5772,5,1,1,4
CRHIST0004725,CUST0001557,2024-05-05,505.0,335.4,0.2149,7,4,1,4
CRHIST0004726,CUST0001558,2025-01-31,669.0,1856.42,0.1587,4,3,0,0
CRHIST0004727,CUST0001558,2025-02-08,665.0,3417.86,0.227,2,3,0,0
CRHIST0004728,CUST0001558,2025-06-12,660.0,5780.94,0.7017,5,3,0,0
CRHIST0004729,CUST0001558,2025-08-20,654.0,3486.13,0.3578,2,1,0,0
CRHIST0004730,CUST0001558,2025-10-07,651.0,5782.75,0.7576,3,1,0,0
CRHIST0004731,CUST0001558,2025-12-19,686.0,133.3,0.0134,4,2,0,0
CRHIST0004732,CUST0001558,2026-02-10,680.0,1167.69,0.0726,3,1,0,0
CRHIST0004733,CUST0001559,2021-09-04,537.0,352.05,0.3525,6,2,0,0
CRHIST0004734,CUST0001560,2019-11-01,712.0,4606.47,0.3528,2,2,0,0
CRHIST0004735,CUST0001560,2020-03-29,705.0,2484.74,0.2097,3,0,0,0
CRHIST0004736,CUST0001561,2022-08-16,636.0,2441.56,0.2775,2,6,0,0
CRHIST0004737,CUST0001561,2022-09-23,643.0,2932.42,0.2115,2,2,0,0
CRHIST0004738,CUST0001561,2022-09-29,649.0,5946.49,0.3419,6,2,0,0
CRHIST0004739,CUST0001562,2023-03-21,722.0,3750.32,0.4323,6,5,0,0
CRHIST0004740,CUST0001563,2023-03-19,743.0,914.48,0.0693,5,1,0,0
CRHIST0004741,CUST0001563,2023-05-09,743.0,3986.61,0.4915,0,2,0,0
CRHIST0004742,CUST0001563,2023-05-17,733.0,4806.32,0.3056,2,0,0,0
CRHIST0004743,CUST0001563,2024-01-02,737.0,6977.33,0.3197,5,4,0,0
CRHIST0004744,CUST0001564,2025-11-10,637.0,6701.03,0.3738,4,2,0,0
CRHIST0004745,CUST0001565,2024-05-24,656.0,991.51,0.1778,4,3,0,0
CRHIST0004746,CUST0001565,2024-07-26,655.0,1864.95,0.5203,7,1,0,0
CRHIST0004747,CUST0001565,2025-02-03,671.0,3691.57,0.7921,5,1,0,0
CRHIST0004748,CUST0001566,2022-05-26,724.0,2986.27,0.1431,2,1,0,0
CRHIST0004749,CUST0001566,2022-07-19,721.0,10885.59,0.5008,5,0,0,0
CRHIST0004750,CUST0001566,2022-09-09,741.0,0.0,0.0,1,1,0,0
CRHIST0004751,CUST0001567,2024-08-17,651.0,8720.08,0.3078,5,3,0,0
CRHIST0004752,CUST0001567,2024-10-21,649.0,3213.18,0.1714,0,2,0,0
CRHIST0004753,CUST0001567,2025-04-19,652.0,5391.61,0.2133,1,1,0,0
CRHIST0004754,CUST0001567,2025-07-02,633.0,5631.07,0.411,3,3,0,0
CRHIST0004755,CUST0001568,2023-07-22,671.0,4582.38,0.3729,1,2,0,0
CRHIST0004756,CUST0001569,2020-10-07,702.0,8872.9,0.3914,3,2,0,0
CRHIST0004757,CUST0001569,2020-10-21,691.0,10046.38,0.2257,4,4,0,0
CRHIST0004758,CUST0001569,2020-12-28,703.0,22303.35,0.6439,3,3,0,0
CRHIST0004759,CUST0001569,2021-10-24,694.0,2974.97,0.1452,2,2,0,0
CRHIST0004760,CUST0001570,2019-05-23,660.0,11827.99,0.439,7,1,0,0
CRHIST0004761,CUST0001570,2020-02-13,650.0,9161.74,0.5206,4,0,0,0
CRHIST0004762,CUST0001571,2021-11-17,725.0,997.97,0.0836,6,2,1,0
CRHIST0004763,CUST0001571,2022-05-19,735.0,10849.67,0.6564,5,4,1,0
CRHIST0004764,CUST0001571,2022-09-22,737.0,15173.58,0.5183,2,3,1,0
CRHIST0004765,CUST0001571,2023-06-12,751.0,965.72,0.0454,4,3,1,0
CRHIST0004766,CUST0001572,2021-08-04,741.0,11083.44,0.3177,2,2,0,0
CRHIST0004767,CUST0001572,2021-11-14,745.0,12095.35,0.4877,4,1,0,0
CRHIST0004768,CUST0001572,2022-10-06,748.0,6066.74,0.3544,4,2,0,0
CRHIST0004769,CUST0001573,2025-07-28,649.0,5291.12,0.181,3,3,0,0
CRHIST0004770,CUST0001573,2025-08-28,648.0,17234.95,0.8133,5,4,0,0
CRHIST0004771,CUST0001573,2025-09-05,640.0,5260.74,0.1617,2,2,0,0
CRHIST0004772,CUST0001573,2025-10-29,623.0,8794.98,0.4674,3,3,0,0
CRHIST0004773,CUST0001573,2025-12-22,622.0,12724.18,0.6573,6,0,0,0
CRHIST0004774,CUST0001574,2023-05-14,627.0,1299.71,0.1525,3,4,0,0
CRHIST0004775,CUST0001575,2023-03-03,600.0,667.13,0.0864,6,4,0,0
CRHIST0004776,CUST0001575,2023-05-23,604.0,2755.03,0.6521,5,3,0,0
CRHIST0004777,CUST0001576,2022-09-28,709.0,17833.89,0.7794,2,2,0,0
CRHIST0004778,CUST0001576,2022-10-01,716.0,17046.76,0.5594,1,4,0,0
CRHIST0004779,CUST0001576,2023-10-17,727.0,5693.98,0.4296,4,2,0,0
CRHIST0004780,CUST0001576,2024-01-27,731.0,1328.28,0.1,2,2,0,0
CRHIST0004781,CUST0001576,2025-02-24,739.0,8195.85,0.2219,6,1,0,0
CRHIST0004782,CUST0001577,2021-09-09,665.0,2278.03,0.2849,4,2,0,0
CRHIST0004783,CUST0001577,2022-03-06,664.0,3177.57,0.5644,6,0,0,0
CRHIST0004784,CUST0001577,2023-01-17,663.0,3824.33,0.2881,2,4,0,0
CRHIST0004785,CUST0001578,2024-07-09,663.0,4249.38,0.7623,5,3,0,0
CRHIST0004786,CUST0001578,2024-08-31,665.0,2892.02,0.7286,8,4,0,0
CRHIST0004787,CUST0001579,2020-05-29,731.0,6606.8,0.2304,4,1,0,0
CRHIST0004788,CUST0001579,2021-02-24,730.0,6316.44,0.1429,2,3,0,0
CRHIST0004789,CUST0001579,2022-08-13,730.0,9939.07,0.2454,6,0,0,0
CRHIST0004790,CUST0001580,2023-10-19,733.0,5045.06,0.3993,4,4,0,0
CRHIST0004791,CUST0001581,2026-03-08,708.0,21254.12,0.6471,1,1,0,0
CRHIST0004792,CUST0001581,2026-03-11,710.0,11857.12,0.4285,5,1,0,0
CRHIST0004793,CUST0001581,2026-03-21,693.0,6153.74,0.2437,9,3,0,0
CRHIST0004794,CUST0001581,2026-04-30,684.0,4424.36,0.2248,2,1,0,0
CRHIST0004795,CUST0001582,2025-10-20,688.0,4660.33,0.3333,3,4,0,0
CRHIST0004796,CUST0001582,2025-11-07,686.0,2424.02,0.1029,4,4,0,0
CRHIST0004797,CUST0001583,2022-03-20,696.0,28414.59,0.8031,4,3,0,0
CRHIST0004798,CUST0001583,2023-05-18,686.0,1717.92,0.1206,3,2,0,0
CRHIST0004799,CUST0001583,2023-12-27,687.0,17320.89,0.6396,9,3,0,0
CRHIST0004800,CUST0001584,2025-09-07,689.0,1862.43,0.1576,6,4,0,0
CRHIST0004801,CUST0001585,2020-11-25,706.0,6580.31,0.4389,2,5,0,0
CRHIST0004802,CUST0001585,2021-06-01,714.0,16704.09,0.6165,6,1,0,0
CRHIST0004803,CUST0001585,2021-07-03,745.0,5496.65,0.3465,0,1,0,0
CRHIST0004804,CUST0001586,2022-10-21,693.0,23003.42,0.804,2,3,0,0
CRHIST0004805,CUST0001586,2023-03-06,698.0,1511.48,0.0829,6,1,0,0
CRHIST0004806,CUST0001587,2021-09-19,691.0,1917.95,0.1582,6,1,0,0
CRHIST0004807,CUST0001587,2022-02-28,695.0,7091.15,0.2801,8,1,0,0
CRHIST0004808,CUST0001587,2022-04-15,697.0,17164.34,0.5726,2,1,0,0
CRHIST0004809,CUST0001587,2022-12-07,711.0,2509.53,0.0974,4,0,0,0
CRHIST0004810,CUST0001587,2023-11-24,718.0,4842.43,0.3236,3,2,0,0
CRHIST0004811,CUST0001587,2024-04-20,725.0,10234.64,0.3956,2,2,0,0
CRHIST0004812,CUST0001588,2019-05-30,556.0,3671.52,0.8766,3,1,0,0
CRHIST0004813,CUST0001589,2021-03-03,679.0,1930.31,0.0901,2,1,0,0
CRHIST0004814,CUST0001590,2025-07-28,679.0,5563.47,0.2522,1,3,0,0
CRHIST0004815,CUST0001591,2025-01-30,691.0,0.0,0.0,5,3,0,2
CRHIST0004816,CUST0001591,2025-06-08,692.0,7439.77,0.5064,4,1,0,2
CRHIST0004817,CUST0001591,2025-06-21,684.0,1630.85,0.0773,5,3,0,2
CRHIST0004818,CUST0001591,2025-08-24,697.0,2835.41,0.194,3,1,0,2
CRHIST0004819,CUST0001592,2022-07-06,548.0,,0.4659,8,6,0,1
CRHIST0004820,CUST0001592,2022-10-26,538.0,1495.58,0.4061,5,1,0,1
CRHIST0004821,CUST0001592,2023-01-15,527.0,557.67,0.3843,5,0,0,1
CRHIST0004822,CUST0001592,2023-12-10,524.0,858.94,0.3573,4,2,0,1
CRHIST0004823,CUST0001592,2024-05-04,548.0,1715.79,0.4416,6,3,0,1
CRHIST0004824,CUST0001592,2024-12-16,552.0,580.25,0.186,5,1,0,1
CRHIST0004825,CUST0001593,2021-11-13,635.0,2437.02,0.2103,4,3,0,0
CRHIST0004826,CUST0001594,2022-09-18,668.0,7675.38,0.2704,5,2,0,0
CRHIST0004827,CUST0001595,2019-12-03,717.0,17442.66,0.4446,1,0,0,0
CRHIST0004828,CUST0001596,2021-09-13,657.0,5650.87,0.3487,5,4,0,0
CRHIST0004829,CUST0001596,2021-12-24,676.0,6118.8,0.3193,2,2,0,0
CRHIST0004830,CUST0001596,2022-02-26,683.0,569.32,0.0561,3,3,0,0
CRHIST0004831,CUST0001596,2022-04-13,714.0,9045.75,0.3792,6,2,0,0
CRHIST0004832,CUST0001597,2026-08-08,566.0,1137.32,0.6922,8,2,0,0
CRHIST0004833,CUST0001597,2026-08-08,568.0,1549.13,0.6958,3,2,0,0
CRHIST0004834,CUST0001597,2026-08-11,,827.17,0.6138,4,2,0,0
CRHIST0004835,CUST0001598,2024-04-28,555.0,1497.98,0.5297,8,4,0,2
CRHIST0004836,CUST0001598,2024-08-07,566.0,1559.07,0.3853,4,4,0,2
CRHIST0004837,CUST0001598,2024-08-18,558.0,636.05,0.1334,3,1,0,2
CRHIST0004838,CUST0001598,2024-09-07,552.0,4069.4,0.7022,6,0,0,4
CRHIST0004839,CUST0001598,2024-09-11,549.0,3313.41,0.5891,7,0,0,5
CRHIST0004840,CUST0001598,2025-06-20,542.0,2164.2,0.4618,3,2,0,5
CRHIST0004841,CUST0001598,2025-07-08,553.0,2884.69,0.8277,3,3,0,5
CRHIST0004842,CUST0001599,2024-03-27,586.0,2885.3,0.6557,6,3,1,0
CRHIST0004843,CUST0001599,2024-06-06,584.0,2280.47,0.472,7,0,1,0
CRHIST0004844,CUST0001599,2024-09-09,607.0,492.31,0.2492,5,2,1,0
CRHIST0004845,CUST0001599,2024-10-21,619.0,2130.42,0.4793,4,2,1,0
CRHIST0004846,CUST0001600,2022-07-08,742.0,20205.25,0.326,3,1,0,0
CRHIST0004847,CUST0001601,2025-08-09,702.0,5158.87,0.3399,4,1,0,0
CRHIST0004848,CUST0001601,2025-10-26,697.0,7946.7,0.2961,2,1,0,0
CRHIST0004849,CUST0001601,2025-11-17,685.0,7639.36,0.5791,7,3,0,0
CRHIST0004850,CUST0001601,2025-11-18,687.0,7132.31,0.3444,6,0,0,0
CRHIST0004851,CUST0001601,2025-12-01,710.0,9809.81,0.4043,1,5,0,2
CRHIST0004852,CUST0001602,2020-12-02,692.0,9956.69,0.3362,2,1,0,2
CRHIST0004853,CUST0001602,2020-12-04,682.0,3529.43,0.225,1,3,0,2
CRHIST0004854,CUST0001603,2026-06-21,520.0,4384.08,0.5406,4,1,0,2
CRHIST0004855,CUST0001603,2026-06-23,516.0,4857.85,0.743,4,3,0,2
CRHIST0004856,CUST0001604,2023-04-25,656.0,1525.61,0.0861,2,3,0,0
CRHIST0004857,CUST0001604,2023-05-02,650.0,4432.87,0.3628,3,3,0,0
CRHIST0004858,CUST0001604,2023-10-22,,7139.69,0.3445,3,4,0,1
CRHIST0004859,CUST0001604,2023-11-30,643.0,5151.49,0.4853,6,0,0,1
CRHIST0004860,CUST0001604,2024-04-15,623.0,5568.85,0.2649,3,4,0,1
CRHIST0004861,CUST0001605,2021-07-17,759.0,29655.05,0.4252,1,2,0,0
CRHIST0004862,CUST0001606,2024-10-04,704.0,8638.58,0.3984,3,0,0,0
CRHIST0004863,CUST0001606,2024-10-15,712.0,5825.5,0.2047,3,1,0,0
CRHIST0004864,CUST0001606,2024-11-30,698.0,7169.36,0.3435,3,4,0,0
CRHIST0004865,CUST0001607,2022-08-01,613.0,5158.08,0.6479,3,1,0,1
CRHIST0004866,CUST0001608,2021-12-25,530.0,,0.5868,5,0,0,0
CRHIST0004867,CUST0001608,2022-05-09,496.0,1421.6,0.5034,9,2,0,0
CRHIST0004868,CUST0001608,2023-01-23,481.0,716.14,0.3063,10,3,1,0
CRHIST0004869,CUST0001608,2023-01-23,477.0,1302.37,0.4921,6,2,1,0
CRHIST0004870,CUST0001609,2024-10-28,726.0,2307.96,0.0872,2,2,0,2
CRHIST0004871,CUST0001609,2024-12-02,737.0,10138.35,0.6046,3,1,0,2
CRHIST0004872,CUST0001610,2024-09-20,702.0,1333.96,0.0589,3,2,0,0
CRHIST0004873,CUST0001611,2023-10-25,703.0,4431.91,0.185,7,3,0,0
CRHIST0004874,CUST0001612,2022-07-25,646.0,7574.09,0.3031,6,2,0,0
CRHIST0004875,CUST0001613,2021-07-17,623.0,2690.25,0.1266,6,0,0,0
CRHIST0004876,CUST0001613,2021-07-23,616.0,5221.26,0.4778,7,1,0,0
CRHIST0004877,CUST0001613,2021-12-11,640.0,2469.57,0.145,2,2,0,0
CRHIST0004878,CUST0001613,2022-11-22,666.0,2444.37,0.228,9,1,0,0
CRHIST0004879,CUST0001613,2023-01-31,678.0,2632.92,0.2666,2,4,0,0
CRHIST0004880,CUST0001613,2023-09-05,669.0,9155.46,0.6763,3,2,0,0
CRHIST0004881,CUST0001614,2022-04-19,684.0,3801.67,0.2818,1,1,0,0
CRHIST0004882,CUST0001614,2022-11-04,699.0,13234.19,0.6852,6,2,0,1
CRHIST0004883,CUST0001615,2025-10-29,717.0,8435.46,0.4543,4,0,0,0
CRHIST0004884,CUST0001615,2025-11-10,717.0,4289.41,0.2447,5,1,0,0
CRHIST0004885,CUST0001615,2025-11-15,720.0,6434.45,0.3259,2,1,0,0
CRHIST0004886,CUST0001615,2025-12-16,705.0,5743.9,0.4483,2,1,0,0
CRHIST0004887,CUST0001616,2022-01-06,705.0,1856.77,0.101,6,2,0,0
CRHIST0004888,CUST0001616,2022-05-04,698.0,7512.89,0.1839,2,2,0,0
CRHIST0004889,CUST0001617,2026-05-31,724.0,3888.4,0.4237,1,0,0,0
CRHIST0004890,CUST0001618,2022-06-23,647.0,1139.93,0.3846,1,1,0,2
CRHIST0004891,CUST0001618,2022-06-30,664.0,1084.08,0.2643,5,1,0,2
CRHIST0004892,CUST0001618,2023-02-19,661.0,2182.95,0.5761,5,0,0,2
CRHIST0004893,CUST0001618,2023-02-23,667.0,902.57,0.172,4,4,0,2
CRHIST0004894,CUST0001619,2020-05-06,546.0,342.14,0.1807,2,2,0,0
CRHIST0004895,CUST0001619,2020-07-29,537.0,1052.82,0.3381,5,4,0,0
CRHIST0004896,CUST0001619,2021-12-26,532.0,1020.4,0.4736,5,2,0,0
CRHIST0004897,CUST0001620,2021-09-05,713.0,3120.94,0.2567,1,2,0,0
CRHIST0004898,CUST0001620,2022-08-28,724.0,3958.1,0.5973,3,1,0,0
CRHIST0004899,CUST0001620,2023-08-29,729.0,7571.09,0.489,4,3,0,0
CRHIST0004900,CUST0001620,2023-09-17,721.0,2676.11,0.1611,4,1,0,0
CRHIST0004901,CUST0001621,2021-09-11,729.0,703.64,0.0398,4,3,0,0
CRHIST0004902,CUST0001621,2022-01-18,711.0,1559.81,0.0695,4,3,0,0
CRHIST0004903,CUST0001621,2022-03-22,707.0,10944.66,0.34,1,3,0,0
CRHIST0004904,CUST0001621,2022-05-27,712.0,974.14,0.0416,6,0,0,0
CRHIST0004905,CUST0001621,2022-12-26,713.0,1529.35,0.0768,3,1,0,0
CRHIST0004906,CUST0001621,2025-05-25,717.0,9450.31,0.578,4,0,0,0
CRHIST0004907,CUST0001622,2025-12-18,695.0,775.13,0.0225,4,0,0,0
CRHIST0004908,CUST0001622,2026-02-22,718.0,2127.76,0.0823,1,4,0,0
CRHIST0004909,CUST0001622,2026-03-15,862.0,9374.2,0.396,2,3,0,0
CRHIST0004910,CUST0001622,2026-03-23,749.0,15206.29,0.5171,5,1,0,0
CRHIST0004911,CUST0001623,2021-08-27,685.0,0.0,0.0,4,2,0,0
CRHIST0004912,CUST0001624,2021-02-11,726.0,11069.64,0.4474,4,2,0,0
CRHIST0004913,CUST0001624,2021-07-12,722.0,2734.73,0.2211,1,0,0,0
CRHIST0004914,CUST0001624,2021-12-12,724.0,6742.26,0.296,2,4,0,0
CRHIST0004915,CUST0001624,2022-06-23,712.0,16494.57,0.7041,1,2,0,0
CRHIST0004916,CUST0001625,2024-01-27,708.0,,0.3573,2,3,0,0
CRHIST0004917,CUST0001625,2024-05-22,705.0,6959.98,0.277,2,2,1,0
CRHIST0004918,CUST0001625,2024-06-16,699.0,2165.62,0.0927,8,2,1,0
CRHIST0004919,CUST0001625,2024-07-26,708.0,5170.21,0.2895,3,4,1,0
CRHIST0004920,CUST0001626,2026-05-01,728.0,2409.92,0.0844,5,3,0,0
CRHIST0004921,CUST0001626,2026-05-06,728.0,7166.16,0.5519,7,0,0,0
CRHIST0004922,CUST0001627,2026-08-07,574.0,2142.12,0.7103,1,2,0,0
CRHIST0004923,CUST0001627,2026-08-08,579.0,1345.5,0.7473,3,3,0,0
CRHIST0004924,CUST0001627,2026-08-09,570.0,2816.09,0.8939,9,4,0,0
CRHIST0004925,CUST0001628,2020-09-12,638.0,4360.29,0.229,3,1,0,0
CRHIST0004926,CUST0001628,2021-01-05,637.0,4559.11,0.3551,4,0,0,0
CRHIST0004927,CUST0001628,2023-01-30,636.0,8235.92,0.6085,4,2,0,0
CRHIST0004928,CUST0001629,2025-03-31,716.0,4210.63,0.1309,5,3,0,0
CRHIST0004929,CUST0001629,2025-06-08,736.0,9969.12,0.2964,6,2,0,0
CRHIST0004930,CUST0001629,2025-07-10,720.0,7884.76,0.2703,2,0,0,0
CRHIST0004931,CUST0001630,2022-06-23,766.0,10195.77,0.3938,6,1,0,0
CRHIST0004932,CUST0001630,2022-10-07,780.0,10675.6,0.5242,3,0,0,0
CRHIST0004933,CUST9449977,2023-01-20,807.0,6576.52,0.3223,1,1,0,0
CRHIST0004934,CUST0001631,2025-07-15,672.0,3179.88,0.317,7,4,0,0
CRHIST0004935,CUST0001631,2025-07-31,667.0,5251.19,0.3949,4,1,0,0
CRHIST0004936,CUST0001631,2025-11-29,656.0,3362.61,0.3308,2,4,0,0
CRHIST0004937,CUST0001632,2023-10-08,727.0,5528.69,0.206,2,0,0,0
CRHIST0004938,CUST0001632,2024-03-20,717.0,11789.14,0.4947,4,4,0,0
CRHIST0004939,CUST0001632,2024-04-09,718.0,154.45,0.0066,4,1,0,0
CRHIST0004940,CUST0001632,2024-09-18,696.0,2571.54,0.0695,3,2,0,0
CRHIST0004941,CUST0001633,2024-12-24,699.0,2693.89,0.353,5,1,0,0
CRHIST0004942,CUST0001634,2025-10-02,695.0,23681.42,0.6831,5,4,0,0
CRHIST0004943,CUST0001635,2025-12-07,641.0,2828.72,0.09,2,1,0,0
CRHIST0004944,CUST0001635,2026-02-10,636.0,15147.62,0.6101,5,1,0,0
CRHIST0004945,CUST0001635,2026-03-15,633.0,9304.27,0.458,4,3,0,0
CRHIST0004946,CUST0001635,2026-04-24,625.0,1610.04,0.1233,2,2,0,0
CRHIST0004947,CUST0001635,2026-06-29,642.0,13762.4,0.4551,3,0,0,0
CRHIST0004948,CUST0001636,2020-09-19,673.0,7131.14,0.3694,6,3,0,0
CRHIST0004949,CUST0001636,2021-05-03,671.0,4974.87,0.5924,6,3,1,0
CRHIST0004950,CUST0001637,2025-04-09,521.0,1619.96,0.5157,5,1,0,0
CRHIST0004951,CUST0001637,2025-05-29,528.0,1700.7,0.356,3,2,0,0
CRHIST0004952,CUST0001637,2025-06-21,539.0,1019.32,0.2997,5,0,0,0
CRHIST0004953,CUST0001637,2025-06-21,549.0,743.77,0.2295,7,0,0,0
CRHIST0004954,CUST0001637,2026-02-07,552.0,1415.31,0.3443,5,5,0,0
CRHIST0004955,CUST0001637,2026-02-14,563.0,938.14,0.458,5,2,0,0
CRHIST0004956,CUST0001637,2026-02-20,557.0,1833.68,0.5362,7,2,0,0
CRHIST0004957,CUST0001638,2020-02-19,626.0,848.14,0.1481,6,1,0,0
CRHIST0004958,CUST0001638,2020-08-18,640.0,2663.82,0.7226,2,1,0,2
CRHIST0004959,CUST0001638,2021-01-13,646.0,253.48,0.0654,4,2,0,2
CRHIST0004960,CUST0001638,2021-05-04,675.0,1171.24,0.2909,6,2,0,2
CRHIST0004961,CUST0001638,2021-12-14,670.0,296.53,0.0982,6,2,0,2
CRHIST0004962,CUST0001638,2021-12-19,685.0,1386.95,0.2385,1,4,0,4
CRHIST0004963,CUST0001639,2026-03-26,694.0,588.33,0.0721,2,0,0,0
CRHIST0004964,CUST0001639,2026-04-05,685.0,7113.87,0.5131,4,3,0,0
CRHIST0004965,CUST0001639,2026-04-19,687.0,1501.93,0.1841,1,1,0,0
CRHIST0004966,CUST0001640,2023-11-13,702.0,2115.89,0.0714,1,0,0,0
CRHIST0004967,CUST0001641,2021-02-24,662.0,2032.74,0.1877,4,0,0,0
CRHIST0004968,CUST0001641,2021-05-09,657.0,8923.45,0.3555,1,0,0,0
CRHIST0004969,CUST0001642,2021-05-19,619.0,607.15,0.2285,3,1,0,0
CRHIST0004970,CUST0001642,2022-06-10,597.0,3205.55,0.7159,3,1,0,0
CRHIST0004971,CUST0001642,2022-11-21,593.0,1456.2,0.3347,7,3,0,0
CRHIST0004972,CUST0001642,2023-08-17,590.0,363.01,0.1568,3,4,0,0
CRHIST0004973,CUST0001642,2024-06-04,574.0,1733.5,0.9158,1,3,0,0
CRHIST0004974,CUST0001643,2025-11-27,608.0,1533.14,0.4887,3,1,0,0
CRHIST0004975,CUST0001644,2024-02-27,720.0,9157.13,0.4701,0,5,0,0
CRHIST0004976,CUST0001644,2024-03-19,689.0,10771.94,0.384,4,2,0,0
CRHIST0004977,CUST0001644,2025-01-06,679.0,6888.87,0.4398,2,4,0,0
CRHIST0004978,CUST0001645,2021-11-27,,1951.91,0.4643,2,1,0,0
CRHIST0004979,CUST0001646,2025-04-13,609.0,1958.96,0.1296,5,1,0,0
CRHIST0004980,CUST0001646,2025-05-19,586.0,11441.32,0.6687,3,2,0,0
CRHIST0004981,CUST0001646,2025-07-13,586.0,8146.02,0.7231,2,2,0,0
CRHIST0004982,CUST0001647,2024-09-15,773.0,1596.29,0.1273,2,2,0,0
CRHIST0004983,CUST0001647,2024-10-07,798.0,1273.58,0.126,0,1,0,0
CRHIST0004984,CUST0001647,2024-10-24,783.0,6064.29,0.5919,3,0,0,0
CRHIST0004985,CUST0001647,2024-10-31,791.0,0.0,0.0,3,0,0,0
CRHIST0004986,CUST0001647,2025-02-08,789.0,4302.95,0.3502,1,5,0,0
CRHIST0004987,CUST0001648,2019-11-21,649.0,9759.36,0.3771,8,2,0,0
CRHIST0004988,CUST0001648,2020-05-26,627.0,4098.18,0.2876,4,2,0,0
CRHIST0004989,CUST0001648,2020-07-06,,11763.34,0.7449,3,2,0,0
CRHIST0004990,CUST0001649,2021-10-27,710.0,8142.45,0.4584,2,1,0,0
CRHIST0004991,CUST0001649,2022-05-22,721.0,8468.55,0.2654,2,1,0,0
CRHIST0004992,CUST0001649,2023-04-28,725.0,9601.67,0.3449,4,2,0,2
CRHIST0004993,CUST0001649,2023-07-11,712.0,6656.6,0.3744,2,2,0,2
CRHIST0004994,CUST0001649,2023-10-09,714.0,9519.99,0.3581,3,0,0,2
CRHIST0004995,CUST0001650,2025-08-09,576.0,1838.6,0.722,3,1,0,0
CRHIST0004996,CUST0001650,2025-09-10,570.0,494.29,0.2304,2,4,0,0
CRHIST0004997,CUST0001650,2025-11-05,553.0,1417.5,0.6048,4,2,0,0
CRHIST0004998,CUST0001650,2025-11-11,536.0,1720.66,0.6472,4,5,0,0
CRHIST0004999,CUST0001650,2026-02-27,515.0,3510.09,0.9358,2,0,0,2
CRHIST0005000,CUST0001650,2026-03-12,514.0,951.93,0.5399,5,1,0,2
CRHIST0005001,CUST0001650,2026-03-23,488.0,1045.97,0.3073,6,0,0,2
CRHIST0005002,CUST0001650,2026-06-22,507.0,1230.98,0.3682,3,2,0,2
CRHIST0005003,CUST0001651,2021-09-12,695.0,6064.71,0.4272,2,1,0,0
CRHIST0005004,CUST0001651,2021-10-04,705.0,5841.6,0.2251,8,3,0,0
CRHIST0005005,CUST0001651,2021-10-27,702.0,8347.24,0.5382,5,0,0,0
CRHIST0005006,CUST0001652,2020-07-19,732.0,16973.37,0.6025,4,2,0,0
CRHIST0005007,CUST0001653,2024-01-07,676.0,389.87,0.0419,2,1,0,0
CRHIST0005008,CUST0001653,2024-08-23,662.0,4037.59,0.3495,0,1,0,0
CRHIST0005009,CUST0001653,2024-10-23,665.0,8192.93,0.6106,3,5,0,0
CRHIST0005010,CUST0001654,2026-02-12,701.0,3847.68,0.3074,3,3,0,0
CRHIST0005011,CUST0001654,2026-03-28,721.0,1473.77,0.0882,3,1,0,0
CRHIST0005012,CUST0001655,2023-06-27,673.0,8158.68,0.5358,6,2,0,0
CRHIST0005013,CUST0001655,2023-09-26,656.0,5466.45,0.5396,7,1,0,0
CRHIST0005014,CUST0001655,2024-09-16,663.0,10794.76,0.5112,5,0,0,0
CRHIST0005015,CUST0001655,2024-12-09,668.0,2735.23,0.155,4,4,0,0
CRHIST0005016,CUST0001655,2025-12-09,658.0,5958.42,0.3604,1,6,0,0
CRHIST0005017,CUST0001655,2025-12-13,664.0,3991.89,0.2119,9,1,0,0
CRHIST0005018,CUST0001655,2026-02-23,669.0,3547.86,0.3052,2,2,0,0
CRHIST0005019,CUST0001656,2026-06-23,516.0,404.66,0.1579,5,4,0,0
CRHIST0005020,CUST0001657,2020-04-14,693.0,3533.54,0.3159,5,0,0,0
CRHIST0005021,CUST0001657,2021-02-26,715.0,15185.31,0.818,4,2,0,0
CRHIST0005022,CUST0001657,2022-09-17,723.0,11357.95,0.6021,5,2,0,0
CRHIST0005023,CUST0001657,2024-06-20,709.0,4357.85,0.3556,3,0,0,0
CRHIST0005024,CUST0001657,2024-07-06,713.0,14109.89,0.6435,3,2,0,0
CRHIST0005025,CUST0001658,2024-10-22,681.0,10880.13,0.4695,4,2,0,0
CRHIST0005026,CUST0001658,2024-10-29,685.0,6795.07,0.6301,2,1,0,0
CRHIST0005027,CUST0001658,2025-09-17,691.0,6123.75,0.33,3,2,0,2
CRHIST0005028,CUST0001658,2025-11-11,691.0,4124.54,0.2204,7,1,0,2
CRHIST0005029,CUST0001658,2025-11-16,707.0,5879.43,0.5261,4,2,0,2
CRHIST0005030,CUST0001659,2024-04-09,681.0,5216.04,0.192,2,6,0,0
CRHIST0005031,CUST0001659,2024-05-22,678.0,9353.83,0.7985,5,3,0,0
CRHIST0005032,CUST0001659,2024-10-02,680.0,5164.38,0.1688,6,2,0,0
CRHIST0005033,CUST0001659,2025-01-23,684.0,1893.98,0.1476,7,5,0,0
CRHIST0005034,CUST0001660,2026-07-19,694.0,3625.98,0.1318,8,4,0,0
CRHIST0005035,CUST0001660,2026-07-26,693.0,9160.22,0.3598,1,2,0,0
CRHIST0005036,CUST0001660,2026-07-27,702.0,7938.14,0.4991,3,2,0,0
CRHIST0005037,CUST0001661,2022-12-29,682.0,1998.61,0.2928,2,2,0,0
CRHIST0005038,CUST0001661,2023-02-26,684.0,3570.42,0.4583,3,0,0,0
CRHIST0005039,CUST0001661,2023-11-21,692.0,1309.67,0.1755,8,4,0,0
CRHIST0005040,CUST9541944,2025-05-29,602.0,2710.88,0.3468,3,2,0,0
CRHIST0005041,CUST0001662,2025-11-06,615.0,3623.14,0.4344,3,5,0,0
CRHIST0005042,CUST0001662,2025-12-03,608.0,7346.22,0.5304,3,2,0,0
CRHIST0005043,CUST0001662,2026-02-14,626.0,4703.77,0.4873,2,6,0,0
CRHIST0005044,CUST0001663,2020-03-03,689.0,16733.89,0.7649,3,2,0,0
CRHIST0005045,CUST0001663,2021-03-26,696.0,4700.58,0.1578,1,2,0,0
CRHIST0005046,CUST9167175,2022-07-16,683.0,496.19,0.0155,4,3,0,0
CRHIST0005047,CUST0001663,2023-06-17,682.0,6445.2,0.1866,5,0,0,0
CRHIST0005048,CUST0001663,2023-07-20,700.0,6510.31,0.3033,2,1,0,0
CRHIST0005049,CUST0001664,2020-04-19,637.0,2103.2,0.1364,4,2,0,0
CRHIST0005050,CUST0001664,2022-06-16,632.0,15498.06,0.4976,7,2,0,0
CRHIST0005051,CUST0001665,2024-07-18,,1661.83,0.202,4,2,0,2
CRHIST0005052,CUST0001665,2024-10-11,644.0,2419.71,0.4526,5,2,0,2
CRHIST0005053,CUST0001665,2024-10-20,647.0,4688.9,0.6103,3,0,0,4
CRHIST0005054,CUST0001665,2024-12-06,637.0,1492.87,0.2009,4,0,0,4
CRHIST0005055,CUST0001666,2019-07-05,461.0,744.24,0.5076,4,0,0,1
CRHIST0005056,CUST0001666,2020-05-11,435.0,269.3,0.4579,10,3,0,1
CRHIST0005057,CUST0001666,2021-02-15,410.0,696.1,0.6413,6,3,0,1
CRHIST0005058,CUST0001667,2025-10-17,695.0,7957.45,0.5955,4,1,0,0
CRHIST0005059,CUST0001667,2025-10-28,701.0,,0.0871,5,1,0,0
CRHIST0005060,CUST0001667,2025-11-01,681.0,8711.73,0.5838,4,1,0,0
CRHIST0005061,CUST0001668,2020-02-21,684.0,2993.71,0.414,6,0,0,0
CRHIST0005062,CUST0001668,2020-06-21,678.0,1441.02,0.1868,8,4,0,0
CRHIST0005063,CUST0001668,2021-05-13,677.0,1039.79,0.2293,1,2,0,0
CRHIST0005064,CUST0001668,2022-01-02,690.0,277.63,0.0506,3,2,0,0
CRHIST0005065,CUST0001668,2022-07-30,-43.0,1519.81,0.1816,3,0,0,0
CRHIST0005066,CUST0001669,2024-11-14,775.0,14858.25,0.5291,3,2,0,0
CRHIST0005067,CUST0001669,2024-11-26,771.0,7439.83,0.2787,10,1,0,0
CRHIST0005068,CUST0001669,2025-01-19,,11677.79,0.3999,1,1,0,0
CRHIST0005069,CUST0001669,2025-02-20,764.0,12444.81,0.596,1,3,0,0
CRHIST0005070,CUST0001669,2025-08-20,750.0,4499.49,0.1539,2,1,0,0
CRHIST0005071,CUST0001669,2025-12-19,748.0,871.33,0.0493,2,3,0,0
CRHIST0005072,CUST0001669,2026-03-03,738.0,11501.36,0.6226,5,2,0,0
CRHIST0005073,CUST0001669,2026-05-12,734.0,2628.32,0.1814,2,2,0,0
CRHIST0005074,CUST0001670,2022-10-19,673.0,4176.34,0.402,4,3,0,0
CRHIST0005075,CUST0001670,2022-11-08,678.0,10706.86,0.5665,2,1,0,0
CRHIST0005076,CUST0001671,2024-09-03,787.0,6132.83,0.3712,1,5,0,0
CRHIST0005077,CUST0001671,2024-10-15,797.0,,0.1362,0,2,0,0
CRHIST0005078,CUST0001671,2025-01-10,780.0,13121.87,0.6998,3,2,0,0
CRHIST0005079,CUST0001671,2025-01-12,790.0,12217.12,0.5266,5,1,0,0
CRHIST0005080,CUST0001672,2024-03-07,672.0,1573.05,0.2745,6,3,0,0
CRHIST0005081,CUST0001672,2024-03-21,658.0,474.68,0.0289,4,1,0,0
CRHIST0005082,CUST0001672,2024-05-30,,5203.62,0.3706,0,2,0,0
CRHIST0005083,CUST0001673,2024-01-09,559.0,3075.69,0.5218,5,3,0,0
CRHIST0005084,CUST0001673,2024-01-19,560.0,2286.65,0.7619,10,1,0,0
CRHIST0005085,CUST0001673,2024-02-01,876.0,4057.74,0.6882,3,0,0,0
CRHIST0005086,CUST0001673,2024-08-04,539.0,1207.11,0.3823,3,1,0,2
CRHIST0005087,CUST0001674,2024-07-28,766.0,9701.24,0.48,1,2,0,0
CRHIST0005088,CUST0001674,2024-09-01,749.0,4084.59,0.2962,1,2,0,0
CRHIST0005089,CUST0001674,2024-10-26,744.0,23335.69,0.7507,3,2,0,0
CRHIST0005090,CUST0001674,2025-05-24,734.0,18325.56,0.6223,2,3,0,0
CRHIST0005091,CUST0001675,2023-09-07,681.0,5377.72,0.1201,3,0,0,0
CRHIST0005092,CUST0001675,2024-02-03,685.0,1005.68,0.0352,1,3,0,0
CRHIST0005093,CUST0001675,2024-12-14,685.0,17972.1,0.6515,3,4,0,0
CRHIST0005094,CUST0001675,2025-01-20,682.0,,0.6182,4,3,0,0
CRHIST0005095,CUST0001676,2024-10-11,692.0,,0.2129,4,2,0,0
CRHIST0005096,CUST0001676,2024-12-15,675.0,8806.09,0.3655,1,2,0,0
CRHIST0005097,CUST0001676,2025-03-20,684.0,11063.74,0.3572,3,2,0,0
CRHIST0005098,CUST0001677,2024-06-08,642.0,4537.16,0.808,3,0,0,1
CRHIST0005099,CUST0001678,2022-10-10,695.0,19235.06,0.6735,5,2,0,0
CRHIST0005100,CUST0001678,2022-10-16,705.0,13144.85,0.3564,5,2,0,0
CRHIST0005101,CUST0001678,2022-12-07,706.0,0.0,0.0,3,2,0,0
CRHIST0005102,CUST0001679,2021-10-19,750.0,7290.97,0.3586,8,3,0,0
CRHIST0005103,CUST0001680,2020-10-12,604.0,2820.38,0.5663,3,3,0,0
CRHIST0005104,CUST0001680,2021-04-26,605.0,3467.53,0.6974,4,4,0,0
CRHIST0005105,CUST0001680,2021-12-08,588.0,2810.64,0.5036,4,1,0,0
CRHIST0005106,CUST0001681,2025-02-07,594.0,478.24,0.2863,7,2,0,0
CRHIST0005107,CUST0001681,2025-04-08,584.0,,0.6628,3,4,0,0
CRHIST0005108,CUST0001682,2021-01-16,687.0,646.0,0.0977,3,0,0,0
CRHIST0005109,CUST0001682,2021-06-03,695.0,1485.44,0.1862,5,1,0,1
CRHIST0005110,CUST0001682,2021-10-24,680.0,1344.5,0.1398,3,4,0,1
CRHIST0005111,CUST0001682,2022-10-20,683.0,6281.58,0.4664,6,2,0,1
CRHIST0005112,CUST0001683,2022-10-23,,2433.56,0.176,4,2,0,0
CRHIST0005113,CUST0001683,2022-12-07,603.0,5111.77,0.5424,2,1,0,0
CRHIST0005114,CUST0001683,2023-03-23,594.0,3019.28,0.3431,3,2,0,0
CRHIST0005115,CUST0001683,2023-10-01,595.0,5599.8,0.4941,3,3,0,0
CRHIST0005116,CUST0001684,2026-08-07,553.0,905.23,0.6448,4,5,0,0
CRHIST0005117,CUST0001684,2026-08-10,,697.76,0.6164,5,4,0,0
CRHIST0005118,CUST0001684,2026-08-13,529.0,196.02,0.3053,7,5,0,0
CRHIST0005119,CUST0001684,2026-08-17,520.0,399.33,0.2935,4,9,0,0
CRHIST0005120,CUST0001684,2026-08-17,537.0,560.8,0.4682,11,1,0,0
CRHIST0005121,CUST0001684,2026-08-21,536.0,956.55,0.5759,0,1,0,0
CRHIST0005122,CUST0001684,2026-08-21,528.0,522.24,0.6723,4,2,0,0
CRHIST0005123,CUST0001684,2026-08-21,525.0,1057.34,0.6272,1,1,0,0
CRHIST0005124,CUST0001684,2026-08-22,529.0,312.59,0.4639,8,1,0,0
CRHIST0005125,CUST0001685,2025-02-06,655.0,876.35,0.1074,5,3,0,0
CRHIST0005126,CUST0001685,2025-05-19,651.0,,0.8193,4,0,0,0
CRHIST0005127,CUST0001685,2025-05-22,635.0,12342.97,0.6492,4,3,0,0
CRHIST0005128,CUST0001686,2022-02-17,731.0,975.19,0.038,2,3,0,0
CRHIST0005129,CUST0001686,2022-06-23,734.0,2181.27,0.1009,6,2,0,0
CRHIST0005130,CUST0001686,2022-07-05,729.0,19993.61,0.6598,1,3,0,0
CRHIST0005131,CUST0001687,2022-09-09,683.0,18280.62,0.5219,3,3,0,0
CRHIST0005132,CUST0001688,2022-03-07,653.0,1735.47,0.2386,1,2,1,0
CRHIST0005133,CUST0001688,2023-09-16,653.0,2853.34,0.4274,4,0,1,0
CRHIST0005134,CUST0001689,2023-10-17,605.0,2514.34,0.2381,4,2,0,0
CRHIST0005135,CUST0001689,2024-01-07,591.0,5521.91,0.6564,4,2,0,0
CRHIST0005136,CUST0001689,2024-10-05,886.0,7167.71,0.656,2,3,0,0
CRHIST0005137,CUST0001689,2025-03-08,601.0,4890.49,0.6186,2,3,0,0
CRHIST0005138,CUST0001690,2020-10-23,705.0,5719.11,0.4675,4,3,0,0
CRHIST0005139,CUST0001690,2020-12-16,684.0,2687.49,0.1181,2,1,0,0
CRHIST0005140,CUST0001690,2021-08-27,677.0,7393.47,0.3951,3,3,0,0
CRHIST0005141,CUST0001691,2026-04-15,673.0,1755.98,0.2805,1,2,0,2
CRHIST0005142,CUST0001691,2026-04-19,672.0,2737.09,0.3655,0,2,0,2
CRHIST0005143,CUST0001692,2026-07-25,656.0,6894.76,0.5926,6,2,0,0
CRHIST0005144,CUST0001692,2026-07-25,655.0,2297.55,0.2646,6,4,0,0
CRHIST0005145,CUST0001693,2021-10-09,687.0,3678.09,0.3218,1,4,0,0
CRHIST0005146,CUST0001693,2023-10-15,676.0,4743.95,0.2275,1,0,0,0
CRHIST0005147,CUST0001693,2024-03-22,673.0,6474.82,0.3249,4,2,0,0
CRHIST0005148,CUST0001694,2021-08-22,656.0,7292.17,0.4056,3,1,0,0
CRHIST0005149,CUST0001695,2023-08-08,756.0,5448.91,0.2806,5,2,0,0
CRHIST0005150,CUST0001695,2023-09-21,774.0,4887.51,0.1826,2,3,0,0
CRHIST0005151,CUST0001696,2024-05-20,728.0,5813.69,0.4193,6,1,0,0
CRHIST0005152,CUST0001697,2023-12-27,628.0,746.93,0.2528,3,0,0,0
CRHIST0005153,CUST0001697,2024-01-29,636.0,2799.64,0.6078,4,2,0,0
CRHIST0005154,CUST0001698,2019-06-02,710.0,5209.58,0.2807,0,1,0,0
CRHIST0005155,CUST0001698,2020-05-22,708.0,5459.45,0.236,1,2,0,0
CRHIST0005156,CUST0001698,2020-12-13,700.0,6325.99,0.4203,2,2,0,1
CRHIST0005157,CUST0001699,2024-06-11,561.0,1541.92,0.3182,8,3,0,0
CRHIST0005158,CUST0001699,2025-06-08,538.0,890.34,0.1844,2,3,0,0
CRHIST0005159,CUST0001700,2020-08-05,509.0,500.39,0.4659,6,1,0,0
CRHIST0005160,CUST0001700,2021-04-01,494.0,628.36,0.4874,4,1,0,2
CRHIST0005161,CUST0001700,2022-02-10,495.0,562.72,0.517,3,2,0,2
CRHIST0005162,CUST0001701,2021-11-06,651.0,6896.19,0.5019,5,2,0,0
CRHIST0005163,CUST0001702,2024-12-14,650.0,6274.04,0.2276,3,1,0,0
CRHIST0005164,CUST0001702,2025-01-14,663.0,8969.67,0.4105,6,4,0,0
CRHIST0005165,CUST0001703,2025-10-26,539.0,878.64,0.7633,5,3,0,0
CRHIST0005166,CUST0001703,2025-12-12,535.0,695.18,0.3818,7,4,0,0
CRHIST0005167,CUST0001704,2024-03-11,669.0,15991.97,0.5881,3,0,0,0
CRHIST0005168,CUST0001705,2021-01-24,710.0,57.09,0.0022,2,1,0,0
CRHIST0005169,CUST0001705,2022-05-22,680.0,426.99,0.0259,2,2,0,0
CRHIST0005170,CUST0001705,2022-07-26,689.0,6235.29,0.316,4,3,0,0
CRHIST0005171,CUST0001705,2022-08-22,682.0,3484.87,0.1979,1,0,0,0
CRHIST0005172,CUST0001705,2024-07-21,682.0,2163.82,0.1953,6,2,0,1
CRHIST0005173,CUST0001706,2024-05-29,759.0,14067.58,0.5742,2,2,0,0
CRHIST0005174,CUST0001706,2024-10-16,739.0,6267.32,0.3543,5,2,0,0
CRHIST0005175,CUST0001706,2025-06-06,747.0,9504.26,0.2789,0,2,0,0
CRHIST0005176,CUST0001706,2025-08-18,761.0,3300.63,0.1151,1,1,0,0
CRHIST0005177,CUST0001706,2025-11-06,750.0,5326.42,0.2557,2,3,0,0
CRHIST0005178,CUST0001707,2020-05-26,614.0,10679.3,0.6993,3,0,0,0
CRHIST0005179,CUST0001707,2021-11-13,615.0,2493.79,0.1378,6,2,0,0
CRHIST0005180,CUST0001707,2023-03-29,618.0,4888.21,0.3151,3,1,0,0
CRHIST0005181,CUST0001708,2020-12-21,642.0,2431.14,0.2274,3,5,0,0
CRHIST0005182,CUST0001708,2021-03-31,645.0,,0.4365,3,4,0,0
CRHIST0005183,CUST0001708,2022-01-19,641.0,5811.56,0.4739,6,1,0,0
CRHIST0005184,CUST0001709,2021-04-04,700.0,3107.37,0.3899,5,3,0,0
CRHIST0005185,CUST0001709,2022-07-16,693.0,4133.78,0.5121,0,1,0,0
CRHIST0005186,CUST0001709,2023-06-14,681.0,5319.8,0.325,7,1,0,2
CRHIST0005187,CUST0001709,2023-07-17,681.0,3867.98,0.4315,1,1,0,2
CRHIST0005188,CUST0001709,2024-03-31,678.0,4365.83,0.4369,2,0,0,2
CRHIST0005189,CUST0001709,2024-04-16,688.0,4343.99,0.3088,7,3,0,2
CRHIST0005190,CUST0001710,2026-07-13,678.0,2605.22,0.3404,7,3,0,0
CRHIST0005191,CUST0001710,2026-07-18,695.0,3594.88,0.3194,3,2,0,0
CRHIST0005192,CUST0001710,2026-07-30,688.0,7011.94,0.3469,6,2,1,0
CRHIST0005193,CUST0001711,2021-12-10,699.0,5191.33,0.4161,6,4,0,0
CRHIST0005194,CUST0001711,2023-01-25,680.0,6800.11,0.6452,4,1,0,0
CRHIST0005195,CUST0001711,2023-03-19,676.0,2814.78,0.1181,6,1,0,0
CRHIST0005196,CUST0001712,2023-07-01,593.0,7150.89,0.6276,4,1,0,0
CRHIST0005197,CUST0001713,2025-01-25,705.0,9696.99,0.6177,6,0,0,0
CRHIST0005198,CUST0001713,2025-06-07,702.0,5781.44,0.3115,4,3,0,0
CRHIST0005199,CUST0001713,2025-07-28,692.0,4473.82,0.3604,3,0,0,0
CRHIST0005200,CUST0001713,2025-08-30,692.0,11706.76,0.8957,3,3,0,1
CRHIST0005201,CUST0001714,2026-06-03,682.0,2158.06,0.243,3,2,0,2
CRHIST0005202,CUST0001714,2026-06-13,676.0,667.23,0.113,2,7,0,2
CRHIST0005203,CUST0001715,2026-08-12,628.0,2705.32,0.5782,6,1,0,0
CRHIST0005204,CUST0001715,2026-08-12,634.0,1587.79,0.1533,1,3,0,0
CRHIST0005205,CUST0001715,2026-08-14,644.0,3779.34,0.3955,5,3,0,0
CRHIST0005206,CUST0001716,2020-08-19,619.0,2813.88,0.5784,2,2,0,0
CRHIST0005207,CUST0001716,2021-07-22,616.0,1767.12,0.2968,5,5,0,0
CRHIST0005208,CUST0001717,2022-04-07,633.0,7128.16,0.8038,4,3,0,2
CRHIST0005209,CUST0001718,2022-03-05,722.0,2253.6,0.2722,1,1,0,0
CRHIST0005210,CUST0001718,2022-05-07,721.0,935.28,0.1019,7,2,0,0
CRHIST0005211,CUST0001718,2022-12-16,744.0,1771.67,0.1593,3,1,0,0
CRHIST0005212,CUST0001718,2024-01-04,744.0,9849.86,0.483,0,0,0,0
CRHIST0005213,CUST0001718,2024-03-26,739.0,5671.44,0.3581,4,2,0,2
CRHIST0005214,CUST0001719,2025-04-28,532.0,2184.5,0.65,5,3,0,0
CRHIST0005215,CUST0001719,2025-05-27,539.0,1484.09,0.5136,3,0,0,0
CRHIST0005216,CUST0001719,2025-09-16,546.0,548.94,0.2336,5,4,0,0
CRHIST0005217,CUST0001719,2025-10-31,557.0,983.44,0.7673,2,1,0,0
CRHIST0005218,CUST0001719,2026-01-30,573.0,1206.5,0.4034,5,1,0,0
CRHIST0005219,CUST0001720,2022-02-27,741.0,12892.77,0.698,3,4,0,0
CRHIST0005220,CUST0001721,2021-02-05,754.0,655.49,0.0157,3,2,0,0
CRHIST0005221,CUST0001721,2022-08-16,763.0,6817.65,0.1463,1,2,0,0
CRHIST0005222,CUST0001721,2023-08-28,775.0,13981.42,0.4493,4,3,0,0
CRHIST0005223,CUST0001722,2025-01-21,680.0,3323.23,0.1099,3,1,0,0
CRHIST0005224,CUST0001722,2025-03-11,678.0,6241.09,0.2851,4,4,0,0
CRHIST0005225,CUST0001723,2022-10-21,626.0,6186.21,0.2131,8,3,0,0
CRHIST0005226,CUST0001724,2024-09-24,535.0,388.2,0.3054,3,2,0,0
CRHIST0005227,CUST0001724,2024-12-12,537.0,768.95,0.4262,8,2,0,0
CRHIST0005228,CUST0001724,2025-01-09,542.0,1170.1,0.7616,8,1,0,0
CRHIST0005229,CUST0001724,2025-06-11,530.0,1268.24,0.8967,5,4,0,0
CRHIST0005230,CUST0001724,2025-10-21,531.0,1347.42,0.9006,5,3,0,0
CRHIST0005231,CUST0001725,2022-07-17,518.0,575.83,0.2552,4,1,0,0
CRHIST0005232,CUST0001725,2022-12-13,501.0,919.16,0.3344,2,1,0,0
CRHIST0005233,CUST0001725,2023-01-16,504.0,1414.19,0.4539,7,2,0,0
CRHIST0005234,CUST0001726,2022-10-23,674.0,3455.73,0.1501,5,2,0,0
CRHIST0005235,CUST0001726,2022-11-03,676.0,4560.48,0.3791,10,0,0,0
CRHIST0005236,CUST0001727,2020-10-23,711.0,5341.62,0.1085,2,1,0,0
CRHIST0005237,CUST0001727,2021-03-11,720.0,6208.67,0.1149,3,1,0,0
CRHIST0005238,CUST0001727,2022-08-27,713.0,3409.65,0.15,4,3,0,0
CRHIST0005239,CUST0001728,2020-04-16,636.0,7554.45,0.5936,5,2,0,0
CRHIST0005240,CUST0001728,2021-05-23,667.0,973.11,0.0725,5,0,0,0
CRHIST0005241,CUST0001728,2022-01-08,678.0,11083.31,0.6004,3,0,0,0
CRHIST0005242,CUST0001728,2024-06-22,677.0,1670.46,0.2465,3,0,0,0
CRHIST0005243,CUST0001728,2025-11-19,672.0,11555.32,0.6758,1,2,0,0
CRHIST0005244,CUST0001728,2025-12-08,673.0,5692.54,0.3741,1,4,0,0
CRHIST0005245,CUST0001729,2019-08-16,694.0,7450.61,0.4064,4,2,0,0
CRHIST0005246,CUST0001729,2019-10-17,699.0,,0.709,2,0,0,0
CRHIST0005247,CUST0001730,2020-11-10,729.0,5898.5,0.2552,6,3,0,0
CRHIST0005248,CUST0001731,2021-10-04,653.0,7438.84,0.2939,3,0,0,0
CRHIST0005249,CUST0001732,2019-10-08,660.0,2382.06,0.2159,4,2,0,0
CRHIST0005250,CUST0001732,2020-07-10,666.0,3168.79,0.2827,0,0,0,0
CRHIST0005251,CUST0001732,2020-11-12,654.0,7201.95,0.7438,2,2,0,0
CRHIST0005252,CUST0001732,2020-12-10,632.0,3271.53,0.2136,2,1,0,0
CRHIST0005253,CUST0001733,2020-07-05,772.0,1682.16,0.0997,1,2,0,0
CRHIST0005254,CUST0001733,2021-08-11,764.0,6599.39,0.4233,1,1,0,0
CRHIST0005255,CUST0001734,2025-06-30,667.0,2381.73,0.3712,4,2,0,0
CRHIST0005256,CUST0001734,2025-10-21,632.0,3397.4,0.3003,1,1,0,0
CRHIST0005257,CUST0001734,2025-10-27,619.0,2250.19,0.4626,0,2,0,0
CRHIST0005258,CUST0001735,2025-08-27,698.0,24903.39,0.7174,7,2,0,0
CRHIST0005259,CUST0001735,2025-10-09,690.0,7423.09,0.5386,2,1,0,0
CRHIST0005260,CUST0001735,2025-10-11,693.0,4238.11,0.1968,0,1,0,0
CRHIST0005261,CUST0001735,2026-02-07,706.0,11948.82,0.3351,4,3,0,0
CRHIST0005262,CUST0001735,2026-02-14,716.0,14563.85,0.3977,3,4,0,0
CRHIST0005263,CUST0001735,2026-03-08,720.0,29262.0,0.8143,5,2,0,0
CRHIST0005264,CUST0001736,2021-11-25,642.0,10728.39,0.6395,5,0,0,1
CRHIST0005265,CUST0001736,2022-06-05,627.0,7536.31,0.4489,2,0,0,1
CRHIST0005266,CUST0001736,2023-04-28,614.0,4354.71,0.4305,6,4,0,1
CRHIST0005267,CUST9434434,2026-04-03,737.0,10853.17,0.4202,6,3,0,0
CRHIST0005268,CUST0001737,2026-04-07,762.0,6831.79,0.3685,3,3,0,0
CRHIST0005269,CUST0001738,2020-07-21,771.0,0.0,0.0,5,2,0,0
CRHIST0005270,CUST0001739,2020-01-13,725.0,8125.22,0.4054,4,6,0,0
CRHIST0005271,CUST0001740,2022-02-09,574.0,536.08,0.4734,11,5,0,0
CRHIST0005272,CUST0001740,2022-05-03,573.0,715.31,0.4811,9,4,0,0
CRHIST0005273,CUST0001741,2021-05-18,663.0,3966.68,0.6,3,3,0,0
CRHIST0005274,CUST0001741,2021-11-11,664.0,2080.92,0.2399,3,2,0,0
CRHIST0005275,CUST0001742,2019-11-22,658.0,2004.11,0.1109,6,2,0,0
CRHIST0005276,CUST0001742,2020-02-25,671.0,9881.12,0.5948,8,3,0,0
CRHIST0005277,CUST0001742,2020-03-31,677.0,20653.76,0.5497,5,2,0,0
CRHIST0005278,CUST0001743,2025-10-02,691.0,19138.34,0.7025,2,5,0,0
CRHIST0005279,CUST0001743,2025-11-10,695.0,16387.87,0.5429,8,1,0,0
CRHIST0005280,CUST0001743,2025-12-18,676.0,11206.57,0.6616,5,1,0,0
CRHIST0005281,CUST0001743,2026-01-29,684.0,12924.16,0.452,3,1,0,0
CRHIST0005282,CUST0001743,2026-02-11,867.0,11965.81,0.5551,5,0,0,0
CRHIST0005283,CUST0001744,2026-07-03,732.0,2577.12,0.1653,3,2,0,0
CRHIST0005284,CUST0001744,2026-07-10,725.0,1887.99,0.0911,3,2,0,0
CRHIST0005285,CUST0001744,2026-07-13,717.0,2317.43,0.1614,1,2,0,0
CRHIST0005286,CUST0001744,2026-07-14,708.0,16671.61,0.5699,4,0,0,0
CRHIST0005287,CUST0001744,2026-07-17,704.0,17233.95,0.6811,5,2,0,0
CRHIST0005288,CUST0001745,2022-05-26,729.0,16068.73,0.3783,1,1,0,0
CRHIST0005289,CUST0001745,2022-05-31,720.0,3406.67,0.1669,6,3,0,0
CRHIST0005290,CUST0001745,2023-03-21,727.0,5037.77,0.1667,0,1,0,0
CRHIST0005291,CUST0001745,2023-09-10,725.0,620.41,0.0222,2,0,0,0
CRHIST0005292,CUST0001745,2025-03-25,722.0,5498.59,0.1045,5,1,0,0
CRHIST0005293,CUST0001746,2021-08-20,692.0,13239.85,0.7223,5,2,0,0
CRHIST0005294,CUST0001746,2022-01-07,682.0,6121.92,0.4379,1,4,0,0
CRHIST0005295,CUST0001747,2024-11-25,553.0,885.08,0.5284,1,2,1,0
CRHIST0005296,CUST0001747,2025-01-01,578.0,578.48,0.3926,4,3,1,0
CRHIST0005297,CUST0001747,2025-01-15,590.0,581.21,0.3737,6,4,1,0
CRHIST0005298,CUST0001748,2026-03-16,650.0,2607.0,0.2002,1,2,0,0
CRHIST0005299,CUST0001748,2026-03-30,649.0,3654.78,0.3318,9,2,0,0
CRHIST0005300,CUST0001748,2026-04-09,635.0,6622.86,0.4474,4,4,0,2
CRHIST0005301,CUST0001748,2026-05-15,645.0,9739.99,0.7691,2,0,0,2
CRHIST0005302,CUST0001748,2026-06-02,634.0,11104.78,0.5823,4,2,0,2
CRHIST0005303,CUST0001748,2026-06-04,630.0,8030.65,0.4922,3,3,0,2
CRHIST0005304,CUST0001749,2021-09-27,557.0,644.11,0.3891,5,2,0,0
CRHIST0005305,CUST0001749,2021-12-12,559.0,1840.16,0.7191,6,2,0,1
CRHIST0005306,CUST0001749,2021-12-28,573.0,362.18,0.1005,3,0,0,3
CRHIST0005307,CUST0001749,2022-10-11,592.0,403.69,0.1272,4,0,0,3
CRHIST0005308,CUST0001750,2024-03-25,725.0,11053.68,0.5391,6,0,0,0
CRHIST0005309,CUST0001750,2024-04-17,725.0,5592.88,0.2985,5,2,0,0
CRHIST0005310,CUST0001750,2024-08-23,732.0,2402.97,0.1636,3,2,0,0
CRHIST0005311,CUST0001751,2019-07-19,660.0,20842.94,0.5856,6,2,0,0
CRHIST0005312,CUST0001751,2019-08-28,637.0,13546.9,0.3575,7,0,0,2
CRHIST0005313,CUST0001751,2019-11-27,632.0,20275.87,0.4386,9,4,0,2
CRHIST0005314,CUST0001751,2020-05-21,629.0,7457.42,0.2498,5,1,0,2
CRHIST0005315,CUST0001752,2023-09-11,703.0,7378.54,0.2959,5,2,0,0
CRHIST0005316,CUST0001752,2024-01-09,723.0,5386.64,0.1413,1,3,0,0
CRHIST0005317,CUST0001752,2024-09-16,710.0,9871.59,0.2448,3,1,0,0
CRHIST0005318,CUST0001753,2026-07-28,687.0,9467.76,0.6082,2,2,0,0
CRHIST0005319,CUST0001753,2026-07-30,674.0,21083.47,0.7884,3,7,0,0
CRHIST0005320,CUST0001753,2026-07-30,681.0,2434.96,0.1215,4,4,0,0
CRHIST0005321,CUST0001753,2026-08-05,668.0,12875.86,0.435,4,0,0,0
CRHIST0005322,CUST0001753,2026-08-05,673.0,16710.25,0.8347,5,1,0,0
CRHIST0005323,CUST0001753,2026-08-06,664.0,3111.49,0.1201,2,0,0,0
CRHIST0005324,CUST0001753,2026-08-11,657.0,7998.69,0.2649,2,3,0,0
CRHIST0005325,CUST0001754,2023-04-02,612.0,2833.01,0.594,4,1,0,0
CRHIST0005326,CUST0001754,2023-09-15,610.0,3922.52,0.734,5,3,0,2
CRHIST0005327,CUST0001755,2024-05-11,717.0,1596.19,0.1432,1,2,0,0
CRHIST0005328,CUST0001755,2024-08-28,720.0,5977.1,0.3431,2,3,0,0
CRHIST0005329,CUST0001755,2025-02-08,720.0,3605.66,0.2043,5,2,0,0
CRHIST0005330,CUST0001755,2025-02-18,715.0,6761.32,0.5655,2,4,0,0
CRHIST0005331,CUST0001755,2025-04-13,711.0,2566.88,0.2195,3,5,0,0
CRHIST0005332,CUST0001755,2025-07-28,717.0,2040.91,0.2341,4,3,0,1
CRHIST0005333,CUST0001756,2024-07-18,661.0,2201.25,0.1779,7,2,0,0
CRHIST0005334,CUST0001757,2023-11-25,771.0,4708.34,0.3363,4,3,0,0
CRHIST0005335,CUST0001757,2024-11-21,767.0,2244.61,0.1125,3,2,0,2
CRHIST0005336,CUST0001757,2025-04-03,760.0,2808.07,0.3561,0,2,0,2
CRHIST0005337,CUST0001757,2025-06-13,737.0,7029.4,0.3999,1,2,0,2
CRHIST0005338,CUST0001757,2025-06-20,726.0,,0.3515,2,2,0,2
CRHIST0005339,CUST0001758,2024-04-07,668.0,3676.32,0.2837,4,4,0,0
CRHIST0005340,CUST0001758,2024-08-16,671.0,8948.81,0.5116,6,2,0,0
CRHIST0005341,CUST0001758,2024-10-29,679.0,3906.93,0.3862,2,1,0,0
CRHIST0005342,CUST0001758,2024-12-03,690.0,2051.02,0.1426,5,3,0,0
CRHIST0005343,CUST0001759,2026-02-12,747.0,2298.54,0.1227,2,4,0,0
CRHIST0005344,CUST0001760,2019-07-31,730.0,5739.8,0.2502,0,5,0,0
CRHIST0005345,CUST0001760,2020-05-04,712.0,2152.83,0.0928,6,2,0,0
CRHIST0005346,CUST0001760,2020-05-04,718.0,4894.37,0.3174,4,1,0,0
CRHIST0005347,CUST0001760,2020-07-14,704.0,2969.61,0.3433,0,3,0,0
CRHIST0005348,CUST0001761,2025-11-21,721.0,10875.51,0.4914,3,1,0,0
CRHIST0005349,CUST0001761,2025-11-23,730.0,21955.51,0.7244,6,3,0,0
CRHIST0005350,CUST0001762,2025-12-28,676.0,3512.57,0.5887,3,2,0,0
CRHIST0005351,CUST0001763,2026-02-06,721.0,9519.54,0.734,3,1,0,0
CRHIST0005352,CUST0001763,2026-03-07,707.0,3266.34,0.1904,3,2,0,0
CRHIST0005353,CUST0001763,2026-05-12,731.0,3408.98,0.3326,0,2,0,0
CRHIST0005354,CUST0001763,2026-05-24,737.0,1804.53,0.2322,1,1,0,0
CRHIST0005355,CUST0001763,2026-06-20,745.0,7387.98,0.4276,2,0,0,0
CRHIST0005356,CUST0001764,2022-10-01,743.0,10906.19,0.5695,0,0,0,0
CRHIST0005357,CUST0001765,2023-10-31,678.0,4948.81,0.3512,3,0,0,0
CRHIST0005358,CUST0001766,2021-12-10,699.0,9391.18,0.371,3,4,0,0
CRHIST0005359,CUST0001767,2025-07-28,591.0,843.1,0.1419,1,5,0,0
CRHIST0005360,CUST0001768,2022-07-18,698.0,,0.5449,3,1,0,0
CRHIST0005361,CUST0001768,2022-09-08,699.0,1188.4,0.235,2,3,0,0
CRHIST0005362,CUST0001768,2023-02-03,709.0,3395.95,0.3204,3,2,0,0
CRHIST0005363,CUST0001768,2023-06-01,695.0,558.24,0.0994,3,1,0,0
CRHIST0005364,CUST0001769,2021-07-07,631.0,7921.28,0.3589,4,2,0,0
CRHIST0005365,CUST0001769,2022-03-07,655.0,2046.71,0.0675,7,0,0,0
CRHIST0005366,CUST0001769,2022-04-12,643.0,16257.62,0.5989,1,2,0,0
CRHIST0005367,CUST0001769,2023-02-13,617.0,15847.16,0.5625,2,2,0,0
CRHIST0005368,CUST0001770,2024-04-21,759.0,5778.8,0.1954,4,1,0,0
CRHIST0005369,CUST0001770,2024-05-02,747.0,4793.66,0.174,10,1,0,0
CRHIST0005370,CUST0001770,2024-07-14,762.0,11172.8,0.523,3,0,0,0
CRHIST0005371,CUST0001771,2019-09-11,759.0,4433.78,0.2068,5,0,0,0
CRHIST0005372,CUST0001772,2021-12-31,671.0,2412.71,0.184,3,4,0,0
CRHIST0005373,CUST0001773,2021-12-09,621.0,1668.32,0.4431,6,1,0,0
CRHIST0005374,CUST0001773,2022-01-04,643.0,2035.52,0.5315,3,0,0,0
CRHIST0005375,CUST0001773,2022-03-21,635.0,948.8,0.3738,9,0,0,0
CRHIST0005376,CUST0001773,2023-06-09,643.0,977.82,0.1442,4,2,0,0
CRHIST0005377,CUST0001773,2023-06-30,665.0,1825.48,0.3991,2,1,0,0
CRHIST0005378,CUST0001773,2023-11-12,656.0,820.05,0.1648,2,2,0,0
CRHIST0005379,CUST0001773,2024-04-16,663.0,1187.2,0.3579,2,5,0,0
CRHIST0005380,CUST0001774,2022-12-11,734.0,0.0,0.0,5,2,0,0
CRHIST0005381,CUST0001775,2022-10-13,726.0,0.0,0.0,3,1,0,0
CRHIST0005382,CUST0001776,2021-05-18,683.0,3899.95,0.2643,6,0,0,0
CRHIST0005383,CUST0001777,2025-11-15,,7580.51,0.3793,6,2,0,0
CRHIST0005384,CUST0001777,2026-01-10,676.0,413.61,0.0321,2,3,0,0
CRHIST0005385,CUST0001777,2026-02-09,672.0,6218.12,0.4719,1,2,0,0
CRHIST0005386,CUST0001777,2026-03-22,689.0,915.22,0.0841,4,4,0,0
CRHIST0005387,CUST0001778,2023-06-11,686.0,4042.65,0.5628,3,2,0,0
CRHIST0005388,CUST0001779,2022-04-25,707.0,7735.66,0.4211,4,2,0,0
CRHIST0005389,CUST0001779,2022-08-04,728.0,18723.41,0.6406,1,2,0,0
CRHIST0005390,CUST0001779,2022-10-13,729.0,807.05,0.0399,3,2,0,0
CRHIST0005391,CUST0001780,2020-08-03,762.0,0.0,0.0,3,1,0,0
CRHIST0005392,CUST0001780,2020-10-28,753.0,3688.43,0.1665,4,2,0,0
CRHIST0005393,CUST0001780,2021-03-08,739.0,5754.21,0.2614,1,1,0,1
CRHIST0005394,CUST0001781,2026-08-14,692.0,2094.47,0.2881,4,1,0,1
CRHIST0005395,CUST0001781,2026-08-15,679.0,4340.43,0.4154,5,0,0,1
CRHIST0005396,CUST0001781,2026-08-16,703.0,8249.35,0.4112,2,4,0,1
CRHIST0005397,CUST0001782,2025-07-18,624.0,10161.94,0.6607,3,2,0,0
CRHIST0005398,CUST0001782,2025-09-14,640.0,1485.85,0.1891,3,0,0,0
CRHIST0005399,CUST0001782,2025-12-11,643.0,1416.96,0.1579,8,1,0,0
CRHIST0005400,CUST0001782,2025-12-13,638.0,3291.7,0.1846,6,2,0,0
CRHIST0005401,CUST0001783,2022-09-26,721.0,3202.52,0.186,4,1,0,0
CRHIST0005402,CUST0001783,2023-03-08,716.0,10626.19,0.3528,8,2,0,0
CRHIST0005403,CUST0001783,2023-04-04,698.0,3070.33,0.0987,2,1,0,0
CRHIST0005404,CUST0001783,2023-05-08,685.0,1186.81,0.0654,3,3,0,0
CRHIST0005405,CUST0001784,2022-03-08,686.0,8218.35,0.4122,5,4,0,2
CRHIST0005406,CUST0001784,2022-05-02,708.0,1422.56,0.1418,4,4,0,2
CRHIST0005407,CUST0001784,2022-08-09,678.0,10645.64,0.39,2,5,0,2
CRHIST0005408,CUST0001785,2022-09-06,678.0,1822.56,0.146,4,6,0,0
CRHIST0005409,CUST0001786,2026-05-16,488.0,216.04,0.448,5,2,1,0
CRHIST0005410,CUST0001786,2026-05-16,488.0,344.39,0.6327,7,3,1,0
CRHIST0005411,CUST0001786,2026-06-08,508.0,126.76,0.1534,3,3,1,0
CRHIST0005412,CUST0001786,2026-06-21,486.0,262.17,0.4653,7,1,1,0
CRHIST0005413,CUST0001786,2026-07-14,486.0,419.57,0.7146,7,0,1,1
CRHIST0005414,CUST0001786,2026-07-25,473.0,,0.2962,1,1,1,2
CRHIST0005415,CUST0001786,2026-08-05,478.0,433.14,0.473,6,3,1,3
CRHIST0005416,CUST0001787,2020-09-24,704.0,14740.71,0.5864,4,2,0,1
CRHIST0005417,CUST0001787,2022-03-30,701.0,6318.43,0.4484,7,1,0,1
CRHIST0005418,CUST0001788,2024-04-13,775.0,1786.04,0.0745,5,3,0,0
CRHIST0005419,CUST9599372,2026-01-18,655.0,11585.28,0.3907,4,0,0,0
CRHIST0005420,CUST0001789,2026-03-15,664.0,8629.5,0.2694,2,0,0,0
CRHIST0005421,CUST0001789,2026-04-10,646.0,4942.29,0.2305,3,0,0,0
CRHIST0005422,CUST0001790,2024-12-28,662.0,5057.05,0.5765,4,1,0,0
CRHIST0005423,CUST0001790,2025-01-29,674.0,1876.08,0.0984,3,0,0,0
CRHIST0005424,CUST0001790,2025-05-13,660.0,13268.29,0.627,4,0,0,0
CRHIST0005425,CUST0001791,2025-10-04,881.0,1664.53,0.1393,4,0,0,0
CRHIST0005426,CUST0001791,2025-10-30,628.0,4976.36,0.3668,3,1,0,0
CRHIST0005427,CUST0001791,2025-11-18,597.0,4968.21,0.3845,5,3,0,0
CRHIST0005428,CUST0001791,2025-12-30,588.0,4209.93,0.4431,1,1,0,0
CRHIST0005429,CUST0001791,2026-01-18,584.0,1477.71,0.3026,5,2,0,0
CRHIST0005430,CUST0001792,2026-04-03,634.0,5376.09,0.5343,6,2,0,0
CRHIST0005431,CUST0001792,2026-04-05,641.0,9450.18,0.4928,3,1,0,0
CRHIST0005432,CUST0001792,2026-04-26,637.0,4000.47,0.1853,1,2,0,0
CRHIST0005433,CUST0001792,2026-04-28,639.0,9327.61,0.4875,3,2,0,0
CRHIST0005434,CUST0001793,2019-06-20,736.0,4904.81,0.1217,8,3,0,2
CRHIST0005435,CUST0001793,2019-07-03,751.0,1825.79,0.0538,7,2,0,2
CRHIST0005436,CUST0001793,2020-04-08,744.0,11408.82,0.3698,5,4,0,2
CRHIST0005437,CUST0001793,2021-01-27,731.0,12627.3,0.7703,2,1,0,2
CRHIST0005438,CUST0001793,2021-03-25,736.0,8308.57,0.3752,4,2,0,2
CRHIST0005439,CUST0001793,2022-05-10,723.0,9652.28,0.3328,3,4,0,2
CRHIST0005440,CUST0001794,2021-04-17,735.0,7394.06,0.5102,3,5,0,0
CRHIST0005441,CUST0001794,2021-10-18,,,0.2066,4,2,0,0
CRHIST0005442,CUST0001794,2021-12-22,732.0,0.0,0.0,2,4,0,0
CRHIST0005443,CUST0001794,2023-06-09,744.0,3382.71,0.3529,3,2,0,0
CRHIST0005444,CUST0001794,2024-08-20,746.0,4076.18,0.4189,2,0,0,0
CRHIST0005445,CUST0001795,2020-06-19,634.0,12884.33,0.4288,8,1,1,0
CRHIST0005446,CUST0001795,2021-12-09,648.0,4633.68,0.279,5,2,1,0
CRHIST0005447,CUST0001796,2023-05-31,582.0,847.22,0.3379,0,2,0,0
CRHIST0005448,CUST0001797,2022-04-10,739.0,17373.53,0.2807,4,1,0,0
CRHIST0005449,CUST0001797,2023-04-27,737.0,27741.18,0.6175,5,2,0,0
CRHIST0005450,CUST0001797,2023-05-02,744.0,9513.7,0.1947,4,0,0,0
CRHIST0005451,CUST0001797,2024-12-23,737.0,11881.08,0.1947,1,2,0,0
CRHIST0005452,CUST0001797,2025-03-19,738.0,3593.76,0.0889,1,2,0,0
CRHIST0005453,CUST0001798,2020-04-20,687.0,7097.9,0.7393,2,0,0,0
CRHIST0005454,CUST0001799,2023-08-28,516.0,657.87,0.5614,10,3,0,0
CRHIST0005455,CUST0001799,2024-10-21,513.0,450.08,0.5557,8,0,0,0
CRHIST0005456,CUST0001799,2024-11-14,528.0,1171.6,0.608,1,2,0,0
CRHIST0005457,CUST0001800,2020-02-01,700.0,4578.48,0.3292,3,2,0,0
CRHIST0005458,CUST0001800,2022-10-14,685.0,5116.37,0.2728,5,0,0,0
CRHIST0005459,CUST0001800,2023-11-07,667.0,9316.98,0.3043,1,1,0,0
CRHIST0005460,CUST0001800,2023-11-08,680.0,10966.5,0.3742,3,1,0,0
CRHIST0005461,CUST0001801,2022-07-04,687.0,345.71,0.051,3,3,0,0
CRHIST0005462,CUST0001801,2023-08-15,696.0,3878.87,0.5814,5,2,0,0
CRHIST0005463,CUST0001801,2023-12-23,692.0,3703.92,0.3732,4,2,0,0
CRHIST0005464,CUST0001802,2021-10-20,682.0,3972.15,0.3456,5,4,0,0
CRHIST0005465,CUST0001802,2022-05-13,685.0,3778.85,0.339,1,1,0,0
CRHIST0005466,CUST0001802,2023-07-22,700.0,5538.73,0.4786,2,2,0,0
CRHIST0005467,CUST0001802,2023-09-05,705.0,7725.84,0.4664,2,4,0,0
CRHIST0005468,CUST0001802,2024-07-28,712.0,4574.97,0.2724,5,5,0,0
CRHIST0005469,CUST0001802,2024-11-19,710.0,1981.85,0.2466,5,3,0,0
CRHIST0005470,CUST0001802,2025-05-02,703.0,6888.17,0.347,1,0,0,0
CRHIST0005471,CUST0001802,2025-11-04,710.0,906.92,0.0441,3,1,0,0
CRHIST0005472,CUST0001802,2026-03-18,707.0,2393.88,0.2066,6,1,0,0
CRHIST0005473,CUST0001803,2025-11-17,738.0,1698.63,0.081,0,1,0,0
CRHIST0005474,CUST0001803,2025-12-13,737.0,8903.54,0.3764,2,0,0,0
CRHIST0005475,CUST0001803,2026-01-08,743.0,2557.88,0.0716,3,2,0,0
CRHIST0005476,CUST0001803,2026-01-10,753.0,9469.77,0.3657,1,5,0,0
CRHIST0005477,CUST0001804,2024-04-12,533.0,1151.16,0.2677,2,3,0,0
CRHIST0005478,CUST0001804,2024-07-02,536.0,2331.23,0.6793,4,4,0,0
CRHIST0005479,CUST0001805,2023-11-15,744.0,7456.93,0.2498,2,2,0,0
CRHIST0005480,CUST0001805,2024-07-05,,,0.2959,1,2,0,0
CRHIST0005481,CUST0001806,2025-06-02,699.0,6449.14,0.6721,2,5,0,0
CRHIST0005482,CUST0001807,2020-12-23,713.0,7439.33,0.4464,4,3,0,0
CRHIST0005483,CUST0001807,2021-02-04,725.0,2582.92,0.0674,2,1,0,0
CRHIST0005484,CUST0001807,2021-03-21,718.0,7978.52,0.2235,2,4,0,0
CRHIST0005485,CUST0001807,2021-04-24,714.0,32.35,0.0011,3,1,0,0
CRHIST0005486,CUST0001808,2021-04-28,682.0,11819.06,0.2925,3,1,1,0
CRHIST0005487,CUST0001809,2024-11-09,614.0,5923.17,0.6049,2,6,0,0
CRHIST0005488,CUST0001809,2024-11-13,607.0,5331.07,0.4691,3,2,0,0
CRHIST0005489,CUST0001809,2025-02-27,609.0,2427.71,0.3123,3,1,0,0
CRHIST0005490,CUST0001809,2025-05-17,598.0,2609.76,0.1648,4,3,0,2
CRHIST0005491,CUST0001810,2024-09-25,662.0,420.12,0.0634,5,0,0,0
CRHIST0005492,CUST0001811,2019-10-18,744.0,9487.73,0.5944,4,1,0,0
CRHIST0005493,CUST0001811,2020-12-26,748.0,2419.07,0.1142,6,3,0,0
CRHIST0005494,CUST0001811,2020-12-27,752.0,3248.73,0.2468,3,1,0,0
CRHIST0005495,CUST0001812,2020-10-10,695.0,24670.33,0.5605,1,2,0,0
CRHIST0005496,CUST0001813,2020-10-30,751.0,3138.5,0.12,4,1,0,0
CRHIST0005497,CUST0001813,2021-11-10,749.0,3969.6,0.2131,3,1,0,0
CRHIST0005498,CUST0001814,2019-05-06,764.0,3873.79,0.3186,3,1,0,0
CRHIST0005499,CUST0001814,2019-05-22,745.0,5477.58,0.5905,1,3,0,0
CRHIST0005500,CUST0001814,2020-11-10,752.0,7331.33,0.5494,5,1,0,0
CRHIST0005501,CUST0001814,2022-03-12,737.0,3692.95,0.216,0,3,0,0
CRHIST0005502,CUST0001815,2024-05-31,727.0,10142.96,0.5539,2,0,0,0
CRHIST0005503,CUST0001815,2024-08-11,888.0,4420.25,0.2657,6,3,0,1
CRHIST0005504,CUST0001815,2025-02-09,679.0,5056.61,0.4406,8,1,0,1
CRHIST0005505,CUST0001815,2025-07-26,685.0,1235.06,0.0586,5,2,0,2
CRHIST0005506,CUST0001816,2020-02-28,726.0,7536.37,0.3721,4,4,0,0
CRHIST0005507,CUST0001816,2020-10-07,710.0,6310.44,0.5135,6,0,0,0
CRHIST0005508,CUST0001816,2020-10-19,709.0,4350.19,0.3886,6,2,0,0
CRHIST0005509,CUST0001817,2025-07-18,539.0,289.21,0.3402,8,5,0,0
CRHIST0005510,CUST0001817,2025-08-28,543.0,207.15,0.1266,1,0,0,0
CRHIST0005511,CUST0001817,2025-11-14,565.0,370.63,0.1952,6,4,0,0
CRHIST0005512,CUST0001818,2023-08-10,709.0,,0.5092,8,3,0,0
CRHIST0005513,CUST0001818,2023-08-21,701.0,14163.78,0.639,3,2,0,0
CRHIST0005514,CUST0001818,2023-12-02,705.0,9828.46,0.3164,2,2,0,0
CRHIST0005515,CUST0001818,2023-12-18,697.0,18623.76,0.5614,3,1,0,0
CRHIST0005516,CUST0001819,2025-01-02,708.0,11407.75,0.506,7,2,0,0
CRHIST0005517,CUST0001820,2023-01-02,697.0,2922.17,0.3255,0,3,0,0
CRHIST0005518,CUST0001821,2026-06-06,701.0,3184.85,0.151,2,2,0,0
CRHIST0005519,CUST0001821,2026-06-17,693.0,12546.61,0.3259,1,0,0,0
CRHIST0005520,CUST0001821,2026-07-07,,9076.54,0.3973,4,3,0,0
CRHIST0005521,CUST0001821,2026-07-17,684.0,9564.93,0.4931,4,2,0,0
CRHIST0005522,CUST0001821,2026-07-21,678.0,16739.97,0.6883,3,2,0,0
CRHIST0005523,CUST0001821,2026-07-22,687.0,9002.42,0.2932,4,3,0,2
CRHIST0005524,CUST0001822,2021-04-17,693.0,1575.88,0.0874,1,5,0,0
CRHIST0005525,CUST0001823,2023-06-01,665.0,2850.64,0.3272,1,0,0,0
CRHIST0005526,CUST0001823,2023-09-30,679.0,9049.36,0.7206,3,3,0,0
CRHIST0005527,CUST0001824,2019-03-21,716.0,64462.54,0.7591,3,4,0,0
CRHIST0005528,CUST0001825,2025-08-13,602.0,1410.62,0.5777,2,2,0,0
CRHIST0005529,CUST0001825,2025-08-21,609.0,720.1,0.2315,2,1,0,0
CRHIST0005530,CUST0001826,2023-08-06,678.0,537.35,0.0257,2,0,0,0
CRHIST0005531,CUST0001826,2023-08-09,666.0,5667.1,0.3332,5,2,0,0
CRHIST0005532,CUST0001826,2024-01-03,672.0,9589.95,0.4782,2,2,0,0
CRHIST0005533,CUST0001827,2023-02-11,658.0,10391.88,0.6827,6,2,0,0
CRHIST0005534,CUST0001827,2023-04-21,660.0,4763.75,0.3588,3,2,0,0
CRHIST0005535,CUST0001827,2023-05-11,666.0,15022.13,0.4877,4,0,0,0
CRHIST0005536,CUST0001828,2025-05-22,532.0,731.62,0.2646,4,2,0,0
CRHIST0005537,CUST0001828,2025-08-23,533.0,2521.65,0.5046,5,2,0,0
CRHIST0005538,CUST0001829,2026-07-27,742.0,1806.93,0.0571,3,2,0,0
CRHIST0005539,CUST0001829,2026-07-28,748.0,3912.21,0.1543,2,0,0,0
CRHIST0005540,CUST0001830,2020-03-30,599.0,1558.14,0.2871,4,1,0,0
CRHIST0005541,CUST0001830,2020-12-12,598.0,2930.69,0.5311,8,1,0,1
CRHIST0005542,CUST0001830,2021-12-03,598.0,1544.34,0.3215,6,1,0,1
CRHIST0005543,CUST0001831,2025-07-24,,5696.65,0.2772,4,5,0,0
CRHIST0005544,CUST0001831,2025-11-07,681.0,19720.08,0.7392,5,0,0,0
CRHIST0005545,CUST0001831,2025-11-14,666.0,12396.23,0.5512,4,4,0,0
CRHIST0005546,CUST0001832,2024-09-27,699.0,50191.5,0.8572,6,0,0,2
CRHIST0005547,CUST0001833,2021-12-04,699.0,3381.81,0.3085,4,2,0,0
CRHIST0005548,CUST0001833,2022-02-28,713.0,1456.48,0.2115,0,2,0,0
CRHIST0005549,CUST0001833,2023-04-08,716.0,3595.83,0.4201,2,0,0,0
CRHIST0005550,CUST0001833,2023-05-10,740.0,2659.41,0.1443,5,0,0,0
CRHIST0005551,CUST0001833,2023-06-01,742.0,2497.65,0.233,2,3,0,0
CRHIST0005552,CUST0001833,2023-12-29,742.0,4359.63,0.2808,4,1,0,0
CRHIST0005553,CUST0001833,2024-10-27,738.0,5197.05,0.5133,1,4,0,0
CRHIST0005554,CUST0001834,2024-08-22,691.0,7995.2,0.4224,5,1,0,0
CRHIST0005555,CUST0001834,2024-09-18,678.0,3865.55,0.1561,3,4,0,0
CRHIST0005556,CUST0001835,2025-04-27,504.0,3047.85,0.8236,2,2,0,0
CRHIST0005557,CUST0001835,2025-04-28,506.0,1464.22,0.4885,2,3,0,0
CRHIST0005558,CUST0001835,2025-10-05,518.0,524.26,0.2872,10,1,0,0
CRHIST0005559,CUST0001835,2025-12-12,,1098.69,0.2843,8,3,0,2
CRHIST0005560,CUST0001835,2026-01-11,469.0,1660.99,0.8754,5,2,0,2
CRHIST0005561,CUST0001836,2022-09-03,731.0,0.0,0.0,4,1,0,0
CRHIST0005562,CUST0001836,2022-11-19,732.0,2904.85,0.133,1,2,0,0
CRHIST0005563,CUST0001836,2023-04-11,732.0,0.0,0.0,5,4,0,0
CRHIST0005564,CUST0001836,2023-04-26,723.0,22079.43,0.4622,4,2,0,0
CRHIST0005565,CUST0001836,2023-08-03,723.0,6701.81,0.2591,5,3,0,0
CRHIST0005566,CUST0001836,2024-04-21,709.0,8305.75,0.1902,5,4,0,0
CRHIST0005567,CUST0001836,2024-10-24,708.0,11831.55,0.4913,1,1,0,0
CRHIST0005568,CUST0001837,2024-11-21,592.0,1926.22,0.3195,3,0,0,0
CRHIST0005569,CUST0001837,2024-12-29,582.0,1162.04,0.2051,2,1,0,0
CRHIST0005570,CUST0001837,2025-01-31,570.0,1346.65,0.3174,3,5,0,1
CRHIST0005571,CUST0001838,2020-03-20,476.0,179.56,0.5726,5,3,0,0
CRHIST0005572,CUST0001838,2020-10-27,468.0,294.03,0.6737,9,3,0,0
CRHIST0005573,CUST0001839,2026-01-30,728.0,7400.45,0.7928,0,1,0,0
CRHIST0005574,CUST0001839,2026-02-04,719.0,3187.82,0.431,5,2,0,0
CRHIST0005575,CUST0001839,2026-03-11,737.0,4166.55,0.346,4,4,0,0
CRHIST0005576,CUST0001839,2026-03-21,737.0,2181.06,0.1779,2,0,0,0
CRHIST0005577,CUST0001839,2026-05-17,761.0,1620.53,0.1634,3,2,0,0
CRHIST0005578,CUST0001840,2026-02-16,658.0,1611.37,0.1396,1,0,0,2
CRHIST0005579,CUST0001840,2026-02-18,666.0,3461.33,0.1503,5,1,0,2
CRHIST0005580,CUST0001840,2026-03-09,659.0,2849.72,0.3017,4,3,0,2
CRHIST0005581,CUST0001840,2026-03-10,676.0,11357.93,0.5366,4,1,0,2
CRHIST0005582,CUST0001841,2020-12-31,711.0,100.19,0.0232,8,2,0,0
CRHIST0005583,CUST0001841,2021-02-06,699.0,1755.79,0.4132,3,1,0,0
CRHIST0005584,CUST0001841,2022-04-13,-40.0,3903.28,0.3174,2,3,0,1
CRHIST0005585,CUST0001841,2024-05-10,696.0,3740.1,0.3415,1,2,0,1
CRHIST0005586,CUST0001841,2024-06-08,694.0,0.0,0.0,3,5,0,1
CRHIST0005587,CUST0001841,2024-10-09,700.0,1492.81,0.1981,4,4,0,1
CRHIST0005588,CUST0001841,2026-02-11,703.0,627.48,0.1118,3,1,0,1
CRHIST0005589,CUST0001841,2026-02-15,698.0,780.9,0.0699,6,1,0,1
CRHIST0005590,CUST0001842,2022-11-03,690.0,797.19,0.0349,5,2,0,0
CRHIST0005591,CUST0001842,2023-05-12,677.0,9893.25,0.8458,3,0,0,1
CRHIST0005592,CUST0001843,2021-12-29,640.0,2361.17,0.4828,2,5,0,0
CRHIST0005593,CUST0001843,2022-09-02,626.0,7596.47,0.759,1,1,1,0
CRHIST0005594,CUST0001843,2023-02-27,609.0,2434.78,0.3974,6,1,1,2
CRHIST0005595,CUST0001843,2023-05-05,601.0,4989.28,0.4939,6,2,1,2
CRHIST0005596,CUST0001844,2022-02-13,677.0,13014.92,0.3545,3,2,0,0
CRHIST0005597,CUST0001844,2023-05-13,677.0,15345.95,0.5738,3,2,0,0
CRHIST0005598,CUST0001845,2021-03-18,659.0,31760.24,0.6975,1,0,0,1
CRHIST0005599,CUST0001845,2023-06-12,,10778.29,0.3319,1,2,0,3
CRHIST0005600,CUST0001846,2025-09-02,766.0,3420.05,0.1816,2,0,0,0
CRHIST0005601,CUST0001846,2025-10-09,761.0,2380.37,0.1534,3,0,0,0
CRHIST0005602,CUST0001846,2025-10-12,755.0,2896.91,0.1615,3,4,0,0
CRHIST0005603,CUST0001847,2024-05-12,761.0,5113.74,0.1208,2,4,0,0
CRHIST0005604,CUST0001847,2024-09-04,766.0,7715.08,0.2681,2,1,0,0
CRHIST0005605,CUST0001847,2024-10-13,762.0,4769.93,0.161,2,1,0,0
CRHIST0005606,CUST0001847,2024-11-11,742.0,8721.13,0.2151,1,0,0,0
CRHIST0005607,CUST0001848,2025-08-08,633.0,3968.32,0.3974,6,1,0,0
CRHIST0005608,CUST0001848,2025-09-19,642.0,4080.25,0.3445,0,3,0,0
CRHIST0005609,CUST0001849,2025-01-26,719.0,4218.68,0.6172,5,2,0,0
CRHIST0005610,CUST0001850,2024-08-16,645.0,17084.66,0.7317,7,6,0,0
CRHIST0005611,CUST0001850,2024-09-29,642.0,5562.38,0.1868,2,2,0,0
CRHIST0005612,CUST0001850,2024-11-03,639.0,9801.78,0.3072,5,1,0,0
CRHIST0005613,CUST0001850,2024-12-10,650.0,3788.93,0.2591,4,0,0,0
CRHIST0005614,CUST0001850,2025-01-26,651.0,20839.61,0.68,2,0,0,2
CRHIST0005615,CUST0001851,2020-08-10,667.0,1293.9,0.6012,4,4,0,0
CRHIST0005616,CUST0001851,2021-07-09,675.0,1724.26,0.7047,5,1,0,0
CRHIST0005617,CUST0001851,2021-08-19,683.0,121.53,0.0622,5,1,0,0
CRHIST0005618,CUST0001851,2022-05-02,685.0,804.46,0.3415,5,1,0,0
CRHIST0005619,CUST0001852,2025-05-24,731.0,17177.5,0.5139,7,1,0,0
CRHIST0005620,CUST0001852,2025-07-10,735.0,2000.13,0.0714,4,1,0,2
CRHIST0005621,CUST9840065,2025-07-25,721.0,9589.62,0.2212,5,4,0,2
CRHIST0005622,CUST0001852,2025-10-04,712.0,9212.27,0.2193,2,1,0,2
CRHIST0005623,CUST0001852,2025-10-30,709.0,2938.88,0.1493,5,3,0,2
CRHIST0005624,CUST0001852,2025-11-10,724.0,3860.83,0.0805,3,2,0,2
CRHIST0005625,CUST0001852,2025-11-13,717.0,27065.55,0.5882,2,5,0,2
CRHIST0005626,CUST0001853,2025-01-08,539.0,877.46,0.406,7,2,0,0
CRHIST0005627,CUST0001853,2025-03-27,534.0,2912.26,0.9764,7,1,0,0
CRHIST0005628,CUST0001854,2021-10-01,690.0,3903.39,0.4611,5,4,0,0
CRHIST0005629,CUST0001854,2021-10-21,681.0,5000.01,0.4164,7,3,0,0
CRHIST0005630,CUST0001854,2021-11-07,663.0,7500.34,0.5331,6,3,0,0
CRHIST0005631,CUST0001854,2021-11-07,677.0,673.6,0.0561,4,3,0,0
CRHIST0005632,CUST0001854,2021-11-21,673.0,4923.43,0.3512,3,2,0,0
CRHIST0005633,CUST0001854,2021-12-08,691.0,8355.93,0.517,3,0,0,0
CRHIST0005634,CUST0001855,2021-09-24,618.0,6038.76,0.7021,3,4,0,0
CRHIST0005635,CUST0001855,2022-07-10,621.0,5088.58,0.3078,3,2,0,0
CRHIST0005636,CUST0001856,2025-07-31,668.0,19439.42,0.6244,7,1,0,0
CRHIST0005637,CUST0001856,2025-12-17,675.0,,0.849,4,2,0,0
CRHIST0005638,CUST0001856,2026-01-12,684.0,17166.62,0.6369,3,4,0,0
CRHIST0005639,CUST0001857,2022-05-02,667.0,2779.85,0.2582,2,1,0,0
CRHIST0005640,CUST0001857,2022-05-20,664.0,6530.68,0.4177,2,2,0,0
CRHIST0005641,CUST0001857,2022-05-28,686.0,8036.82,0.333,3,2,0,0
CRHIST0005642,CUST0001858,2022-12-18,711.0,2937.68,0.1122,0,1,0,0
CRHIST0005643,CUST0001858,2023-04-29,709.0,6617.52,0.3186,5,3,0,0
CRHIST0005644,CUST0001858,2023-05-11,704.0,18900.34,0.7395,5,2,0,0
CRHIST0005645,CUST0001858,2023-07-12,693.0,18524.78,0.6482,4,1,0,0
CRHIST0005646,CUST0001859,2022-03-17,659.0,2344.06,0.0842,5,0,0,0
CRHIST0005647,CUST0001860,2025-09-30,689.0,13440.44,0.2961,2,3,0,0
CRHIST0005648,CUST0001860,2025-10-12,709.0,17749.99,0.313,0,1,0,0
CRHIST0005649,CUST0001860,2025-10-19,709.0,5686.47,0.1261,2,2,0,0
CRHIST0005650,CUST0001861,2022-03-31,801.0,1209.36,0.0397,3,2,0,0
CRHIST0005651,CUST0001861,2022-09-08,797.0,7992.43,0.4667,3,3,0,0
CRHIST0005652,CUST0001862,2022-01-25,655.0,2752.59,0.2225,2,1,0,0
CRHIST0005653,CUST0001862,2022-08-04,659.0,,0.2532,0,3,0,0
CRHIST0005654,CUST0001863,2022-10-05,643.0,8450.31,0.4993,4,2,0,0
CRHIST0005655,CUST0001863,2023-08-09,653.0,2774.65,0.1236,4,2,0,0
CRHIST0005656,CUST0001863,2023-11-11,660.0,3767.58,0.4075,2,4,0,0
CRHIST0005657,CUST0001863,2025-03-17,661.0,10507.5,0.5084,6,3,0,0
CRHIST0005658,CUST0001864,2019-08-10,532.0,1125.41,0.7756,4,1,0,0
CRHIST0005659,CUST0001864,2020-04-14,531.0,391.99,0.2955,5,1,0,0
CRHIST0005660,CUST0001865,2019-09-23,656.0,1018.5,0.2402,3,2,0,0
CRHIST0005661,CUST0001865,2020-02-18,650.0,1382.19,0.2516,2,2,0,0
CRHIST0005662,CUST0001866,2022-09-17,634.0,1701.89,0.111,3,2,0,0
CRHIST0005663,CUST0001867,2019-12-15,753.0,14009.11,0.518,5,4,0,0
CRHIST0005664,CUST0001867,2020-05-09,762.0,10845.06,0.4256,3,2,0,0
CRHIST0005665,CUST0001867,2020-09-19,743.0,4053.16,0.194,2,3,0,0
CRHIST0005666,CUST0001867,2021-05-25,738.0,19366.74,0.7985,3,1,0,0
CRHIST0005667,CUST0001867,2021-08-14,739.0,8479.2,0.2089,3,4,0,0
CRHIST0005668,CUST0001868,2024-10-14,719.0,3935.12,0.083,3,4,0,0
CRHIST0005669,CUST0001868,2024-10-29,723.0,12876.53,0.2234,3,5,0,0
CRHIST0005670,CUST0001868,2024-11-24,714.0,3673.24,0.0971,5,1,0,0
CRHIST0005671,CUST0001868,2024-12-26,718.0,12848.17,0.2432,3,1,0,0
CRHIST0005672,CUST0001869,2022-08-01,717.0,383.5,0.0341,4,3,0,0
CRHIST0005673,CUST0001869,2023-01-18,718.0,1146.11,0.0437,3,2,0,0
CRHIST0005674,CUST0001869,2023-11-16,730.0,3852.05,0.297,8,3,0,0
CRHIST0005675,CUST0001869,2024-06-24,744.0,17814.67,0.5606,3,1,0,0
CRHIST0005676,CUST0001869,2025-03-08,761.0,4593.51,0.3043,4,2,0,0
CRHIST0005677,CUST0001869,2025-05-13,786.0,6671.98,0.4068,4,2,0,0
CRHIST0005678,CUST0001869,2025-07-09,769.0,19234.65,0.5847,4,4,0,0
CRHIST0005679,CUST0001870,2023-02-19,666.0,7478.46,0.4624,3,5,0,0
CRHIST0005680,CUST0001871,2022-12-22,578.0,919.17,0.6982,3,1,0,0
CRHIST0005681,CUST0001871,2023-11-21,582.0,569.85,0.3922,9,1,0,0
CRHIST0005682,CUST0001871,2023-12-27,592.0,374.41,0.2111,7,1,0,0
CRHIST0005683,CUST0001872,2025-04-13,738.0,1777.81,0.1635,4,2,0,0
CRHIST0005684,CUST0001872,2025-06-13,732.0,2692.74,0.2907,2,0,0,0
CRHIST0005685,CUST0001872,2025-08-05,715.0,11204.62,0.5155,3,1,0,0
CRHIST0005686,CUST0001872,2025-10-05,688.0,11055.37,0.5431,3,2,0,0
CRHIST0005687,CUST0001872,2025-10-13,884.0,4669.59,0.3329,0,1,0,0
CRHIST0005688,CUST0001873,2022-07-20,725.0,15797.7,0.48,4,3,0,0
CRHIST0005689,CUST0001873,2022-09-15,729.0,15210.29,0.4994,2,1,0,0
CRHIST0005690,CUST0001874,2021-04-21,590.0,3108.98,0.6131,9,1,0,0
CRHIST0005691,CUST0001874,2021-12-06,582.0,,0.2716,6,1,0,0
CRHIST0005692,CUST0001875,2023-02-23,644.0,7672.18,0.3711,10,1,0,2
CRHIST0005693,CUST0001875,2023-04-08,639.0,5058.28,0.3832,4,2,0,2
CRHIST0005694,CUST0001875,2023-06-25,626.0,9983.35,0.7622,4,3,0,2
CRHIST0005695,CUST0001875,2023-08-31,618.0,4070.37,0.1515,3,4,0,2
CRHIST0005696,CUST0001875,2024-05-10,629.0,17524.74,0.6682,8,1,0,4
CRHIST0005697,CUST0001875,2024-05-26,605.0,3950.26,0.2699,2,1,0,5
CRHIST0005698,CUST0001876,2020-12-26,753.0,18698.29,0.6451,7,1,0,0
CRHIST0005699,CUST0001876,2021-09-13,775.0,9361.34,0.388,5,2,0,0
CRHIST0005700,CUST0001876,2022-04-19,783.0,3838.62,0.1537,2,6,0,0
CRHIST0005701,CUST0001876,2023-05-18,796.0,7263.47,0.3285,5,2,0,0
CRHIST0005702,CUST0001877,2024-01-16,649.0,17576.42,0.8545,3,4,0,0
CRHIST0005703,CUST0001877,2024-03-13,652.0,3255.58,0.2389,3,2,0,0
CRHIST0005704,CUST0001877,2024-03-20,643.0,11784.59,0.6803,5,1,0,2
CRHIST0005705,CUST0001877,2024-08-02,633.0,6364.22,0.6013,3,3,0,2
CRHIST0005706,CUST0001878,2023-06-06,680.0,15883.58,0.4683,2,3,0,0
CRHIST0005707,CUST0001878,2024-01-27,650.0,9098.4,0.2756,4,0,0,0
CRHIST0005708,CUST0001878,2024-03-01,650.0,14121.59,0.6489,5,4,0,0
CRHIST0005709,CUST0001879,2022-11-02,598.0,991.84,0.083,6,5,0,0
CRHIST0005710,CUST0001879,2023-02-05,614.0,564.57,0.0673,0,1,0,0
CRHIST0005711,CUST0001880,2023-06-15,643.0,5142.4,0.503,10,3,0,0
CRHIST0005712,CUST0001880,2023-09-06,626.0,1329.84,0.2628,2,1,0,0
CRHIST0005713,CUST0001880,2023-09-10,624.0,3385.46,0.4151,5,1,0,0
CRHIST0005714,CUST0001880,2024-06-29,627.0,566.75,0.1299,3,0,0,0
CRHIST0005715,CUST0001881,2023-09-07,654.0,12118.02,0.8492,5,4,0,0
CRHIST0005716,CUST0001881,2023-09-29,644.0,6329.94,0.6726,6,1,0,0
CRHIST0005717,CUST0001881,2024-02-24,638.0,7989.59,0.6477,7,3,0,0
CRHIST0005718,CUST0001881,2024-12-30,645.0,7911.26,0.7392,3,1,0,0
CRHIST0005719,CUST0001881,2025-01-03,628.0,12176.15,0.765,8,2,0,0
CRHIST0005720,CUST0001881,2025-07-26,625.0,8247.29,0.6731,1,2,0,0
CRHIST0005721,CUST0001882,2024-04-08,740.0,20488.58,0.7035,2,1,0,0
CRHIST0005722,CUST0001882,2024-05-15,739.0,17965.42,0.538,3,1,0,0
CRHIST0005723,CUST0001883,2025-10-03,618.0,2539.36,0.6959,5,4,0,0
CRHIST0005724,CUST0001884,2026-05-24,746.0,3627.16,0.1824,1,1,0,0
CRHIST0005725,CUST0001884,2026-05-24,749.0,4377.96,0.3842,3,2,0,0
CRHIST0005726,CUST0001884,2026-06-01,714.0,4221.66,0.2434,3,0,0,0
CRHIST0005727,CUST0001884,2026-06-16,720.0,298.59,0.0116,1,1,0,0
CRHIST0005728,CUST0001884,2026-07-01,747.0,10753.04,0.3824,2,1,0,0
CRHIST0005729,CUST0001884,2026-07-12,736.0,7412.22,0.4276,2,3,0,0
CRHIST0005730,CUST0001885,2019-09-25,651.0,11240.15,0.6591,2,3,0,0
CRHIST0005731,CUST0001885,2020-04-20,631.0,4586.33,0.3464,9,1,0,0
CRHIST0005732,CUST0001886,2024-03-17,697.0,4792.49,0.1908,3,0,0,0
CRHIST0005733,CUST0001886,2024-12-21,702.0,11507.67,0.3767,2,2,0,0
CRHIST0005734,CUST0001887,2019-10-27,564.0,739.77,0.3347,6,3,0,2
CRHIST0005735,CUST0001887,2019-11-09,558.0,1580.12,0.714,5,1,0,2
CRHIST0005736,CUST0001887,2020-06-10,543.0,1580.46,0.4848,4,0,0,4
CRHIST0005737,CUST0001887,2022-01-04,536.0,730.62,0.3728,5,2,0,4
CRHIST0005738,CUST0001888,2022-04-15,694.0,18760.76,0.3788,2,3,0,0
CRHIST0005739,CUST0001889,2025-02-08,715.0,6561.21,0.3294,6,1,0,0
CRHIST0005740,CUST0001889,2025-03-02,708.0,8216.0,0.4837,4,2,0,0
CRHIST0005741,CUST0001889,2025-05-20,680.0,9195.26,0.4373,3,2,1,0
CRHIST0005742,CUST0001890,2023-12-11,735.0,9626.33,0.3937,4,0,0,0
CRHIST0005743,CUST0001890,2023-12-18,724.0,17365.53,0.5965,1,4,0,0
CRHIST0005744,CUST0001890,2024-07-07,721.0,16696.63,0.6022,4,1,0,0
CRHIST0005745,CUST0001890,2024-07-13,697.0,7528.97,0.3758,4,1,0,0
CRHIST0005746,CUST0001891,2025-03-28,709.0,7954.12,0.5205,3,2,0,0
CRHIST0005747,CUST0001891,2025-04-25,697.0,15331.99,0.582,9,2,0,2
CRHIST0005748,CUST0001891,2025-10-02,693.0,6483.59,0.3004,9,3,0,2
CRHIST0005749,CUST0001892,2025-12-25,562.0,744.02,0.1644,4,4,0,0
CRHIST0005750,CUST0001892,2026-02-03,572.0,1212.95,0.4713,6,1,0,0
CRHIST0005751,CUST0001892,2026-03-01,582.0,641.77,0.2462,2,0,0,0
CRHIST0005752,CUST0001892,2026-03-02,580.0,1509.32,0.3309,2,2,0,2
CRHIST0005753,CUST0001893,2026-06-16,696.0,27712.91,0.4805,5,2,0,0
CRHIST0005754,CUST0001893,2026-06-29,686.0,7366.41,0.2333,3,0,0,0
CRHIST0005755,CUST0001893,2026-07-14,689.0,,0.3881,7,1,0,0
CRHIST0005756,CUST0001893,2026-07-17,683.0,8559.9,0.2732,7,0,0,0
CRHIST0005757,CUST0001894,2024-07-23,676.0,20149.26,0.569,2,2,0,0
CRHIST0005758,CUST0001894,2024-10-21,661.0,12980.39,0.5309,1,3,0,0
CRHIST0005759,CUST0001894,2024-10-22,670.0,16786.76,0.686,4,2,0,0
CRHIST0005760,CUST0001895,2024-07-23,590.0,4750.87,0.3975,2,1,0,1
CRHIST0005761,CUST0001895,2025-01-27,581.0,,0.6246,4,2,1,1
CRHIST0005762,CUST0001896,2025-02-27,697.0,8604.89,0.2745,3,5,0,0
CRHIST0005763,CUST0001897,2021-05-06,626.0,,0.1078,5,2,0,0
CRHIST0005764,CUST0001897,2021-08-05,632.0,629.11,0.2854,3,5,0,1
CRHIST0005765,CUST0001898,2021-06-27,692.0,11937.48,0.3788,3,1,0,0
CRHIST0005766,CUST0001898,2021-08-10,696.0,19700.04,0.5951,5,5,0,0
CRHIST0005767,CUST0001899,2021-08-26,732.0,1748.72,0.0622,5,1,0,0
CRHIST0005768,CUST0001899,2023-01-06,730.0,7943.71,0.4092,3,3,0,0
CRHIST0005769,CUST0001899,2023-05-20,720.0,22692.05,0.5282,4,2,0,0
CRHIST0005770,CUST0001899,2024-03-13,721.0,10628.95,0.2305,2,3,0,0
CRHIST0005771,CUST0001899,2024-03-20,698.0,8198.24,0.2315,5,5,0,0
CRHIST0005772,CUST0001899,2024-04-26,698.0,16056.7,0.6221,5,5,0,0
CRHIST0005773,CUST0001900,2024-09-13,738.0,793.47,0.0743,1,2,0,0
CRHIST0005774,CUST0001900,2024-09-17,728.0,0.0,0.0,5,2,0,0
CRHIST0005775,CUST0001900,2024-12-02,725.0,2045.19,0.3975,3,2,0,0
CRHIST0005776,CUST0001900,2024-12-05,715.0,926.56,0.1957,2,2,0,0
CRHIST0005777,CUST0001900,2025-02-26,725.0,5086.15,0.4538,5,3,0,0
CRHIST0005778,CUST0001900,2025-03-09,718.0,3419.12,0.4779,5,3,0,0
CRHIST0005779,CUST0001900,2025-03-13,728.0,4746.53,0.4595,3,3,0,0
CRHIST0005780,CUST0001900,2025-03-26,717.0,4491.05,0.5637,2,3,0,0
CRHIST0005781,CUST0001901,2023-05-22,631.0,4088.75,0.4421,10,3,0,0
CRHIST0005782,CUST0001902,2021-01-09,571.0,417.92,0.1954,11,1,0,0
CRHIST0005783,CUST0001902,2021-09-01,582.0,1431.03,0.6565,7,4,0,0
CRHIST0005784,CUST0001902,2022-09-25,586.0,301.95,0.2396,4,3,0,0
CRHIST0005785,CUST0001902,2022-10-12,568.0,668.15,0.6188,5,3,0,1
CRHIST0005786,CUST0001902,2023-01-15,563.0,717.98,0.2769,5,4,0,1
CRHIST0005787,CUST0001903,2025-05-11,534.0,457.68,0.2481,4,2,0,0
CRHIST0005788,CUST0001903,2025-05-16,540.0,416.21,0.4302,8,0,0,0
CRHIST0005789,CUST0001904,2024-12-07,638.0,9277.67,0.4269,1,2,0,0
CRHIST0005790,CUST0001904,2024-12-13,645.0,1661.15,0.1708,6,2,0,0
CRHIST0005791,CUST0001904,2025-06-23,637.0,2077.01,0.1498,4,3,0,0
CRHIST0005792,CUST0001904,2025-08-31,637.0,14823.7,0.753,4,1,0,0
CRHIST0005793,CUST0001905,2023-09-15,700.0,22470.08,0.763,2,3,1,0
CRHIST0005794,CUST0001906,2025-11-07,664.0,30574.13,0.7907,6,2,0,0
CRHIST0005795,CUST0001906,2025-12-08,668.0,9109.05,0.3823,4,1,0,0
CRHIST0005796,CUST0001906,2026-01-29,647.0,11363.21,0.269,2,3,0,0
CRHIST0005797,CUST0001907,2025-04-10,675.0,8172.92,0.6876,3,0,0,0
CRHIST0005798,CUST0001907,2025-05-12,676.0,5584.8,0.5218,2,1,0,0
CRHIST0005799,CUST0001908,2025-12-02,762.0,15607.38,0.4284,3,5,0,0
CRHIST0005800,CUST0001909,2021-07-24,698.0,4962.27,0.1827,1,3,0,0
CRHIST0005801,CUST0001909,2021-08-23,720.0,34290.21,0.6289,1,2,0,0
CRHIST0005802,CUST0001909,2022-06-30,737.0,15398.76,0.6024,2,1,1,0
CRHIST0005803,CUST0001909,2022-10-23,725.0,21309.61,0.5718,1,3,1,0
CRHIST0005804,CUST0001909,2023-01-08,724.0,16270.74,0.5841,3,0,1,1
CRHIST0005805,CUST0001909,2023-12-24,732.0,25665.78,0.4679,6,0,1,1
CRHIST0005806,CUST0001910,2021-12-22,736.0,1060.48,0.0906,4,2,0,0
CRHIST0005807,CUST0001911,2021-08-19,593.0,1725.35,0.2476,9,2,0,0
CRHIST0005808,CUST0001911,2022-07-25,577.0,4804.8,0.6985,5,1,0,1
CRHIST0005809,CUST0001911,2023-03-04,,1008.15,0.1408,3,1,0,1
CRHIST0005810,CUST0001912,2025-05-15,690.0,488.26,0.0492,8,0,0,0
CRHIST0005811,CUST0001912,2025-07-24,695.0,3263.19,0.2834,2,1,0,0
CRHIST0005812,CUST0001912,2025-08-11,686.0,6800.25,0.6258,8,1,0,0
CRHIST0005813,CUST0001913,2026-02-20,681.0,7896.92,0.2725,5,0,0,0
CRHIST0005814,CUST0001913,2026-03-23,685.0,7449.08,0.5261,4,4,0,1
CRHIST0005815,CUST0001914,2019-12-27,692.0,1790.66,0.1332,8,1,0,2
CRHIST0005816,CUST0001915,2025-07-23,572.0,5207.17,0.9096,12,3,0,0
CRHIST0005817,CUST0001915,2025-07-25,575.0,4084.44,0.4452,3,2,0,0
CRHIST0005818,CUST0001916,2022-11-26,,10610.39,0.5411,4,1,0,0
CRHIST0005819,CUST0001916,2023-05-09,631.0,12013.56,0.6403,5,2,0,1
CRHIST0005820,CUST0001917,2025-04-03,696.0,3003.32,0.1416,2,1,0,0
CRHIST0005821,CUST0001917,2025-04-08,708.0,4262.28,0.5268,2,1,0,2
CRHIST0005822,CUST0001918,2024-03-25,604.0,1178.72,0.6282,5,1,0,0
CRHIST0005823,CUST0001918,2025-08-08,633.0,695.64,0.5893,0,2,0,0
CRHIST0005824,CUST0001918,2025-08-31,621.0,247.52,0.1537,5,1,0,0
CRHIST0005825,CUST0001918,2025-12-13,631.0,511.16,0.2032,8,1,0,0
CRHIST0005826,CUST0001918,2026-03-01,632.0,541.86,0.2115,6,2,0,0
CRHIST0005827,CUST0001919,2019-10-12,677.0,5913.72,0.3886,2,0,0,0
CRHIST0005828,CUST0001919,2019-10-14,684.0,21411.42,0.753,0,1,0,0
CRHIST0005829,CUST0001919,2020-07-20,682.0,10644.99,0.5111,7,1,0,0
CRHIST0005830,CUST0001919,2022-11-06,681.0,8650.46,0.293,3,4,0,0
CRHIST0005831,CUST0001919,2023-01-31,688.0,1868.14,0.1033,2,1,0,0
CRHIST0005832,CUST0001919,2023-07-27,683.0,10951.15,0.2907,0,0,0,0
CRHIST0005833,CUST0001919,2024-08-07,678.0,14824.27,0.7001,2,4,0,0
CRHIST0005834,CUST0001920,2023-04-02,728.0,2890.4,0.3912,2,1,0,0
CRHIST0005835,CUST0001921,2020-08-09,681.0,5571.96,0.3438,5,1,0,0
CRHIST0005836,CUST0001921,2020-09-21,706.0,13702.37,0.4623,2,3,0,0
CRHIST0005837,CUST0001921,2022-01-28,717.0,4112.6,0.2064,2,0,0,2
CRHIST0005838,CUST0001921,2023-03-02,714.0,4709.35,0.3745,1,0,0,2
CRHIST0005839,CUST0001922,2022-05-30,649.0,7999.12,0.7227,4,1,0,0
CRHIST0005840,CUST0001922,2022-07-15,650.0,14678.88,0.7844,1,1,0,0
CRHIST0005841,CUST0001922,2023-06-03,646.0,721.68,0.0504,7,3,0,0
CRHIST0005842,CUST0001923,2025-05-29,698.0,4946.96,0.5807,2,1,0,0
CRHIST0005843,CUST0001923,2025-06-20,700.0,3636.66,0.7129,3,4,0,0
CRHIST0005844,CUST0001923,2025-07-10,713.0,3586.34,0.3986,3,3,0,2
CRHIST0005845,CUST0001923,2025-11-07,731.0,857.04,0.1348,7,2,0,2
CRHIST0005846,CUST0001924,2024-06-08,636.0,7735.88,0.5647,4,4,0,0
CRHIST0005847,CUST0001924,2024-07-05,610.0,7945.43,0.4207,4,1,0,0
CRHIST0005848,CUST0001924,2024-08-18,582.0,4264.23,0.1256,3,0,0,1
CRHIST0005849,CUST0001925,2024-07-11,665.0,21718.71,0.6736,5,0,0,0
CRHIST0005850,CUST0001925,2024-09-06,656.0,7320.37,0.4318,2,2,0,2
CRHIST0005851,CUST0001925,2024-09-27,647.0,9167.85,0.4138,3,3,0,2
CRHIST0005852,CUST0001926,2024-02-01,708.0,2320.53,0.299,1,1,0,0
CRHIST0005853,CUST0001926,2024-09-03,697.0,4036.47,0.4032,3,1,0,2
CRHIST0005854,CUST0001927,2020-06-05,617.0,933.99,0.1679,7,3,0,0
CRHIST0005855,CUST0001928,2023-06-18,684.0,7358.35,0.6644,3,3,0,0
CRHIST0005856,CUST0001928,2023-12-22,694.0,7141.66,0.563,2,3,0,0
CRHIST0005857,CUST0001928,2024-01-10,690.0,10924.96,0.6112,5,1,0,0
CRHIST0005858,CUST0001929,2022-11-03,683.0,2383.42,0.237,4,1,0,0
CRHIST0005859,CUST0001929,2023-01-31,661.0,3451.01,0.2076,5,0,0,0
CRHIST0005860,CUST0001930,2023-02-26,796.0,6973.19,0.313,2,1,0,0
CRHIST0005861,CUST0001930,2023-11-03,770.0,695.28,0.035,3,3,0,0
CRHIST0005862,CUST0001931,2022-08-01,676.0,566.71,0.0379,4,4,0,0
CRHIST0005863,CUST9540425,2023-03-09,694.0,9359.76,0.4523,2,2,0,0
CRHIST0005864,CUST0001932,2024-06-07,673.0,8748.48,0.6691,7,4,0,0
CRHIST0005865,CUST0001932,2024-06-14,678.0,5675.12,0.7697,2,0,0,2
CRHIST0005866,CUST0001933,2023-09-08,734.0,8543.91,0.2823,3,2,0,0
CRHIST0005867,CUST0001933,2024-02-17,-10.0,8700.56,0.235,3,2,0,0
CRHIST0005868,CUST0001933,2024-05-24,741.0,23152.34,0.595,1,4,0,0
CRHIST0005869,CUST0001933,2024-06-25,759.0,20315.0,0.528,6,2,0,0
CRHIST0005870,CUST0001934,2022-03-08,586.0,4261.67,0.4634,3,0,0,1
CRHIST0005871,CUST0001934,2022-05-07,594.0,4451.33,0.5712,5,4,0,1
CRHIST0005872,CUST0001934,2022-06-15,574.0,1920.75,0.2399,4,0,0,1
CRHIST0005873,CUST0001934,2023-01-08,575.0,3500.71,0.526,3,3,0,1
CRHIST0005874,CUST0001935,2019-09-16,687.0,22176.76,0.3814,2,3,0,0
CRHIST0005875,CUST0001935,2020-03-27,684.0,12063.85,0.1972,2,3,0,2
CRHIST0005876,CUST0001936,2020-01-21,606.0,16099.72,0.6716,6,1,0,0
CRHIST0005877,CUST0001936,2021-01-05,593.0,13363.68,0.6091,4,3,0,0
CRHIST0005878,CUST0001936,2021-04-26,607.0,16392.59,0.5469,4,2,0,0
CRHIST0005879,CUST0001937,2022-09-08,685.0,3735.96,0.2047,3,2,0,0
CRHIST0005880,CUST0001937,2022-11-03,669.0,19091.31,0.4823,1,5,0,0
CRHIST0005881,CUST0001937,2023-01-23,655.0,24594.26,0.6128,2,4,0,0
CRHIST0005882,CUST0001937,2023-03-23,649.0,7304.63,0.2595,4,2,0,0
CRHIST0005883,CUST0001938,2023-03-04,736.0,1167.94,0.0265,4,3,0,0
CRHIST0005884,CUST0001939,2026-08-16,743.0,2745.66,0.1748,4,5,0,0
CRHIST0005885,CUST0001939,2026-08-16,743.0,1785.91,0.0522,2,1,0,0
CRHIST0005886,CUST0001939,2026-08-17,754.0,34.88,0.0011,3,3,1,0
CRHIST0005887,CUST0001939,2026-08-17,776.0,3450.37,0.1069,0,4,1,0
CRHIST0005888,CUST0001940,2024-09-24,735.0,3562.55,0.2574,3,2,0,0
CRHIST0005889,CUST0001940,2025-02-22,724.0,4517.34,0.331,4,5,0,0
CRHIST0005890,CUST0001940,2025-05-21,734.0,0.0,0.0,4,0,0,0
CRHIST0005891,CUST0001940,2025-08-10,730.0,5046.94,0.2368,2,1,0,0
CRHIST0005892,CUST0001940,2025-08-26,750.0,8560.64,0.3083,1,1,0,0
CRHIST0005893,CUST0001941,2022-11-20,821.0,2399.06,0.0857,4,2,0,0
CRHIST0005894,CUST0001941,2023-02-07,830.0,7469.7,0.3208,5,0,0,0
CRHIST0005895,CUST0001942,2021-05-29,665.0,10871.69,0.5887,2,1,0,0
CRHIST0005896,CUST0001943,2020-11-08,632.0,918.03,0.1685,2,0,0,0
CRHIST0005897,CUST0001944,2020-11-25,603.0,3592.27,0.1742,6,0,0,0
CRHIST0005898,CUST0001944,2021-08-20,617.0,7287.13,0.583,1,2,0,0
CRHIST0005899,CUST0001944,2022-05-17,615.0,5596.73,0.3381,4,1,0,0
CRHIST0005900,CUST0001944,2024-11-05,604.0,4468.99,0.483,6,3,0,0
CRHIST0005901,CUST0001945,2020-04-08,665.0,2071.73,0.1795,7,3,0,0
CRHIST0005902,CUST0001945,2020-08-15,662.0,,0.2446,3,2,0,0
CRHIST0005903,CUST0001945,2022-05-21,662.0,3768.35,0.2019,6,0,0,0
CRHIST0005904,CUST0001945,2022-11-18,685.0,8824.31,0.4935,4,2,0,0
CRHIST0005905,CUST0001946,2026-01-21,703.0,3004.2,0.2346,1,1,0,0
CRHIST0005906,CUST0001946,2026-02-02,696.0,2660.94,0.2512,5,2,0,0
CRHIST0005907,CUST0001946,2026-03-03,670.0,5703.74,0.7004,6,2,0,0
CRHIST0005908,CUST0001947,2019-09-04,742.0,1167.65,0.0851,6,1,0,0
CRHIST0005909,CUST0001947,2021-01-23,749.0,3003.83,0.445,3,3,0,0
CRHIST0005910,CUST0001947,2021-07-31,759.0,5372.55,0.4163,4,1,0,0
CRHIST0005911,CUST0001947,2021-11-04,766.0,1162.07,0.093,3,1,0,0
CRHIST0005912,CUST0001948,2025-09-07,712.0,3953.11,0.2718,3,3,0,2
CRHIST0005913,CUST0001948,2025-10-04,707.0,7221.49,0.5078,3,2,0,2
CRHIST0005914,CUST0001949,2023-07-09,645.0,3477.52,0.2658,0,1,0,1
CRHIST0005915,CUST0001949,2023-09-17,621.0,1344.38,0.1354,4,0,0,1
CRHIST0005916,CUST0001949,2024-06-15,610.0,11233.14,0.6458,6,1,0,3
CRHIST0005917,CUST0001949,2025-05-19,615.0,9187.45,0.5323,3,2,0,3
CRHIST0005918,CUST0001949,2025-11-02,607.0,10407.67,0.4942,3,0,0,3
CRHIST0005919,CUST0001950,2024-05-24,644.0,4559.59,0.5477,5,2,0,0
CRHIST0005920,CUST0001950,2024-09-20,637.0,2763.35,0.4446,2,8,0,0
CRHIST0005921,CUST0001950,2024-10-04,644.0,8256.26,0.6402,7,3,0,0
CRHIST0005922,CUST0001951,2026-05-01,498.0,546.28,0.5838,1,2,1,0
CRHIST0005923,CUST0001951,2026-05-22,488.0,356.75,0.2584,2,2,1,0
CRHIST0005924,CUST0001952,2025-01-25,724.0,19712.78,0.3467,3,0,0,0
CRHIST0005925,CUST0001952,2025-01-26,719.0,9859.77,0.1882,5,2,0,0
CRHIST0005926,CUST0001952,2025-02-02,711.0,7997.35,0.359,3,4,0,0
CRHIST0005927,CUST0001952,2025-02-27,,3018.15,0.1309,6,2,0,0
CRHIST0005928,CUST0001953,2020-02-25,629.0,1153.79,0.3344,3,2,0,0
CRHIST0005929,CUST0001953,2020-04-21,634.0,368.11,0.1303,8,1,0,0
CRHIST0005930,CUST0001953,2020-11-22,649.0,494.3,0.1834,4,1,0,0
CRHIST0005931,CUST0001953,2021-03-19,657.0,934.89,0.3505,6,4,0,0
CRHIST0005932,CUST0001953,2021-08-11,643.0,2589.62,0.73,7,1,0,0
CRHIST0005933,CUST0001954,2026-05-29,668.0,3429.48,0.3774,3,2,0,0
CRHIST0005934,CUST0001954,2026-06-02,657.0,6594.36,0.5363,6,1,0,0
CRHIST0005935,CUST0001954,2026-06-20,671.0,4582.18,0.1906,3,0,0,0
CRHIST0005936,CUST0001955,2020-08-01,636.0,8608.25,0.6334,3,2,0,0
CRHIST0005937,CUST0001955,2021-04-20,651.0,2569.26,0.2978,3,3,0,0
CRHIST0005938,CUST0001956,2023-05-27,550.0,582.4,0.4319,5,0,0,0
CRHIST0005939,CUST0001957,2024-01-01,727.0,31703.04,0.4533,6,1,0,0
CRHIST0005940,CUST0001958,2020-12-14,662.0,2823.39,0.3851,3,0,0,0
CRHIST0005941,CUST0001959,2023-12-04,526.0,1670.41,0.2118,3,2,0,0
CRHIST0005942,CUST0001959,2024-05-17,542.0,2498.12,0.778,7,2,0,0
CRHIST0005943,CUST0001960,2023-11-22,690.0,18502.05,0.2748,6,4,0,0
CRHIST0005944,CUST0001960,2024-08-25,700.0,18803.16,0.3952,2,3,0,0
CRHIST0005945,CUST0001960,2025-01-20,715.0,29771.65,0.4128,4,3,0,0
CRHIST0005946,CUST0001961,2026-06-29,735.0,22114.35,0.3438,6,1,0,0
CRHIST0005947,CUST0001962,2025-12-29,590.0,3794.53,0.5326,1,4,0,2
CRHIST0005948,CUST0001962,2026-01-22,586.0,2664.63,0.4764,7,5,0,2
CRHIST0005949,CUST0001963,2022-10-17,618.0,1468.82,0.2187,3,2,0,0
CRHIST0005950,CUST0001963,2022-11-09,646.0,2175.62,0.2874,4,3,0,0
CRHIST0005951,CUST0001963,2023-04-03,644.0,800.25,0.1007,1,2,0,0
CRHIST0005952,CUST0001963,2023-05-13,661.0,2087.77,0.2418,6,1,0,0
CRHIST0005953,CUST0001963,2023-10-17,665.0,1128.61,0.2078,3,1,0,0
CRHIST0005954,CUST0001963,2024-06-19,674.0,9058.84,0.7365,2,2,0,0
CRHIST0005955,CUST0001964,2024-07-26,799.0,60292.69,0.7346,2,6,0,0
CRHIST0005956,CUST0001964,2024-08-01,819.0,35463.15,0.4323,5,3,0,0
CRHIST0005957,CUST0001965,2025-07-06,641.0,2081.04,0.1473,1,2,0,0
CRHIST0005958,CUST0001965,2025-07-09,642.0,3100.95,0.2519,6,1,0,0
CRHIST0005959,CUST0001965,2025-07-13,638.0,2416.63,0.2482,3,4,0,0
CRHIST0005960,CUST0001965,2025-09-01,623.0,8439.95,0.6707,7,1,0,0
CRHIST0005961,CUST0001965,2025-09-27,631.0,4452.79,0.5398,1,0,0,0
CRHIST0005962,CUST0001966,2019-12-29,758.0,29510.91,0.5166,3,2,0,0
CRHIST0005963,CUST0001966,2021-03-01,772.0,6497.23,0.1649,6,2,0,0
CRHIST0005964,CUST0001966,2021-11-28,784.0,26226.36,0.493,2,0,0,0
CRHIST0005965,CUST0001967,2024-05-18,673.0,3682.22,0.597,1,1,0,0
CRHIST0005966,CUST0001968,2026-02-01,689.0,6577.54,0.4015,1,4,0,0
CRHIST0005967,CUST0001968,2026-03-08,701.0,7894.48,0.2512,3,2,0,0
CRHIST0005968,CUST0001969,2019-12-20,749.0,0.0,0.0,4,4,0,0
CRHIST0005969,CUST0001969,2020-02-20,734.0,0.0,0.0,3,3,0,0
CRHIST0005970,CUST0001970,2024-11-19,584.0,1115.1,0.6323,3,2,0,0
CRHIST0005971,CUST0001970,2024-12-10,565.0,721.05,0.1973,5,3,0,2
CRHIST0005972,CUST0001970,2025-03-11,567.0,1332.52,0.4168,6,2,0,2
CRHIST0005973,CUST0001971,2019-06-26,669.0,4462.04,0.2552,2,2,0,0
CRHIST0005974,CUST0001972,2022-03-05,678.0,2483.69,0.1454,5,5,0,0
CRHIST0005975,CUST0001972,2022-08-05,685.0,6746.76,0.2353,4,4,0,0
CRHIST0005976,CUST0001972,2023-04-15,669.0,3501.05,0.3058,6,0,0,0
CRHIST0005977,CUST0001973,2025-04-23,,7282.28,0.4511,2,2,0,2
CRHIST0005978,CUST0001973,2025-08-14,734.0,12171.31,0.4634,2,2,0,2
CRHIST0005979,CUST0001973,2025-08-18,723.0,8305.32,0.2662,7,2,0,2
CRHIST0005980,CUST0001973,2025-09-08,695.0,7370.27,0.2747,3,1,0,2
CRHIST0005981,CUST0001973,2025-11-29,708.0,4548.76,0.3063,2,3,0,2
CRHIST0005982,CUST0001974,2026-07-26,742.0,11425.55,0.4885,2,2,0,0
CRHIST0005983,CUST0001974,2026-08-04,751.0,9370.9,0.3824,4,2,0,0
CRHIST0005984,CUST0001975,2024-08-03,681.0,2589.17,0.4147,3,4,0,0
CRHIST0005985,CUST0001975,2024-11-05,686.0,1710.47,0.3909,4,0,0,0
CRHIST0005986,CUST0001975,2024-11-13,694.0,2901.82,0.3966,1,0,0,0
CRHIST0005987,CUST0001975,2024-12-08,684.0,981.63,0.2394,10,2,0,1
CRHIST0005988,CUST0001976,2024-09-11,766.0,6187.89,0.2067,2,4,0,0
CRHIST0005989,CUST0001976,2024-11-03,745.0,8446.92,0.3682,5,3,0,0
CRHIST0005990,CUST0001976,2024-11-05,735.0,17955.77,0.583,2,2,0,0
CRHIST0005991,CUST0001976,2026-01-12,729.0,6792.78,0.3474,4,5,0,0
CRHIST0005992,CUST0001976,2026-01-20,755.0,19632.98,0.6303,2,1,0,0
CRHIST0005993,CUST0001977,2021-08-12,611.0,5036.51,0.3785,6,3,0,1
CRHIST0005994,CUST0001977,2021-11-26,615.0,438.59,0.083,4,2,0,1
CRHIST0005995,CUST0001977,2021-12-10,634.0,1705.87,0.3011,5,1,0,1
CRHIST0005996,CUST0001978,2025-05-02,526.0,683.02,0.5781,4,0,0,0
CRHIST0005997,CUST0001978,2025-05-08,535.0,915.05,0.486,10,3,0,0
CRHIST0005998,CUST0001978,2025-06-29,512.0,1033.01,0.6364,3,1,0,0
CRHIST0005999,CUST0001979,2024-06-10,523.0,1125.5,0.3644,5,4,0,0
CRHIST0006000,CUST0001979,2024-06-26,544.0,2115.28,0.6889,7,2,0,2
CRHIST0006001,CUST0001979,2024-08-07,541.0,1511.22,0.7312,8,2,0,2
CRHIST0006002,CUST0001979,2025-06-14,522.0,485.67,0.1471,4,1,0,2
CRHIST0006003,CUST0001979,2025-08-05,519.0,1896.62,0.7676,4,3,0,2
CRHIST0006004,CUST0001979,2025-09-06,,476.01,0.3535,5,1,0,2
CRHIST0006005,CUST0001980,2026-03-24,688.0,4479.32,0.1631,4,3,0,0
CRHIST0006006,CUST0001981,2024-01-07,653.0,3534.79,0.1649,7,0,0,0
CRHIST0006007,CUST0001981,2024-09-14,629.0,5720.62,0.3621,2,2,0,0
CRHIST0006008,CUST0001981,2025-04-04,624.0,,0.408,6,2,0,0
CRHIST0006009,CUST0001981,2025-07-17,605.0,14532.61,0.7095,4,0,0,0
CRHIST0006010,CUST0001981,2025-07-27,606.0,7464.49,0.6695,2,6,0,0
CRHIST0006011,CUST0001981,2025-09-11,596.0,20831.66,0.9243,8,5,0,0
CRHIST0006012,CUST0001982,2019-07-02,704.0,3758.14,0.1578,6,3,0,0
CRHIST0006013,CUST0001982,2019-09-19,694.0,3737.43,0.1784,6,3,0,0
CRHIST0006014,CUST0001982,2021-11-03,678.0,832.29,0.0543,4,0,0,0
CRHIST0006015,CUST0001982,2023-09-09,694.0,7826.03,0.6029,4,4,0,0
CRHIST0006016,CUST0001982,2024-02-18,712.0,14791.25,0.6806,4,0,0,0
CRHIST0006017,CUST0001983,2022-12-18,542.0,534.49,0.4002,4,1,0,0
CRHIST0006018,CUST0001984,2025-02-14,644.0,2598.87,0.1517,9,2,0,0
CRHIST0006019,CUST0001984,2025-02-27,638.0,3543.8,0.2899,10,2,0,0
CRHIST0006020,CUST0001984,2025-03-02,631.0,10259.12,0.8143,6,1,0,1
CRHIST0006021,CUST0001985,2025-04-01,650.0,2368.08,0.2584,5,1,0,0
CRHIST0006022,CUST0001985,2025-04-28,651.0,1494.98,0.1019,5,4,0,0
CRHIST0006023,CUST0001985,2025-05-25,634.0,7443.46,0.4552,1,2,0,0
CRHIST0006024,CUST0001985,2025-06-19,616.0,3512.22,0.489,3,2,0,0
CRHIST0006025,CUST0001986,2022-09-25,707.0,4916.37,0.1315,5,1,0,0
CRHIST0006026,CUST0001986,2022-11-12,710.0,9241.37,0.2897,1,3,0,0
CRHIST0006027,CUST0001987,2020-05-03,683.0,2140.98,0.2128,5,2,0,0
CRHIST0006028,CUST0001987,2020-09-22,706.0,5666.54,0.4387,0,2,0,0
CRHIST0006029,CUST0001987,2020-10-05,,2772.7,0.318,0,3,0,0
CRHIST0006030,CUST0001987,2021-05-15,668.0,4376.69,0.584,2,4,0,0
CRHIST0006031,CUST0001988,2025-08-27,531.0,1168.3,0.3883,4,0,0,0
CRHIST0006032,CUST0001988,2025-08-30,507.0,781.25,0.3505,4,2,0,0
CRHIST0006033,CUST0001989,2025-04-20,695.0,11888.64,0.6406,4,0,0,0
CRHIST0006034,CUST0001989,2025-08-25,668.0,6422.69,0.2888,6,2,0,1
CRHIST0006035,CUST0001989,2026-03-02,643.0,8406.56,0.6413,8,2,0,1
CRHIST0006036,CUST0001989,2026-03-09,650.0,5987.9,0.3756,4,2,0,1
CRHIST0006037,CUST0001990,2025-11-08,634.0,2669.28,0.167,2,0,0,0
CRHIST0006038,CUST0001990,2025-12-24,629.0,3124.01,0.3402,2,2,0,0
CRHIST0006039,CUST0001990,2026-02-25,634.0,8753.73,0.5732,2,3,0,0
CRHIST0006040,CUST0001991,2024-02-22,685.0,,0.3527,6,0,0,0
CRHIST0006041,CUST0001991,2024-05-02,669.0,2970.37,0.3613,3,3,0,0
CRHIST0006042,CUST0001992,2025-06-26,701.0,9489.04,0.5512,5,0,0,0
CRHIST0006043,CUST0001992,2025-06-26,695.0,10850.43,0.4314,7,4,0,0
CRHIST0006044,CUST0001992,2025-07-27,693.0,5859.75,0.2574,6,2,0,0
CRHIST0006045,CUST0001992,2025-09-05,711.0,11556.32,0.8001,4,2,0,2
CRHIST0006046,CUST0001992,2025-09-15,694.0,962.4,0.0327,4,1,0,2
CRHIST0006047,CUST0001992,2025-10-14,673.0,6960.45,0.393,6,0,0,2
CRHIST0006048,CUST0001993,2022-11-26,685.0,0.0,0.0,4,1,0,0
CRHIST0006049,CUST0001993,2023-09-10,663.0,2305.95,0.1698,4,2,0,0
CRHIST0006050,CUST0001994,2024-12-26,720.0,14389.58,0.2958,5,2,0,0
CRHIST0006051,CUST0001995,2022-12-28,724.0,7476.76,0.3997,6,1,0,0
CRHIST0006052,CUST0001995,2023-10-11,744.0,3440.19,0.2027,1,2,0,0
CRHIST0006053,CUST0001995,2024-07-25,761.0,2534.34,0.1661,3,1,0,0
CRHIST0006054,CUST0001996,2025-04-10,561.0,999.94,0.275,5,1,0,0
CRHIST0006055,CUST0001996,2025-05-16,561.0,983.98,0.5458,3,3,0,0
CRHIST0006056,CUST0001996,2025-08-30,551.0,691.84,0.2942,5,2,0,0
CRHIST0006057,CUST0001996,2025-11-17,552.0,1189.08,0.4683,5,2,0,2
CRHIST0006058,CUST0001996,2026-02-24,557.0,1420.51,0.367,5,5,0,2
CRHIST0006059,CUST0001996,2026-05-22,523.0,1039.15,0.6904,4,1,0,2
CRHIST0006060,CUST0001997,2020-06-28,662.0,6925.07,0.3421,4,2,0,0
CRHIST0006061,CUST0001998,2022-04-01,653.0,4410.88,0.683,5,0,0,0
CRHIST0006062,CUST0001998,2022-05-02,683.0,159.32,0.0104,5,3,0,0
CRHIST0006063,CUST0001999,2022-01-21,745.0,0.0,0.0,1,3,0,0
CRHIST0006064,CUST0001999,2023-12-23,744.0,5003.32,0.1571,7,1,0,0
CRHIST0006065,CUST0001999,2024-02-17,735.0,28049.97,0.754,4,4,0,0
CRHIST0006066,CUST0001999,2024-05-06,754.0,13425.93,0.3386,1,2,0,0
CRHIST0006067,CUST0002000,2022-03-18,718.0,9823.06,0.3683,2,2,0,0
CRHIST0006068,CUST0002000,2022-04-23,724.0,9122.03,0.2964,4,2,0,0
CRHIST0006069,CUST0002000,2023-08-09,722.0,19130.82,0.6269,5,5,0,0
