customer_id,first_name,last_name,date_of_birth,gender,country,city,employment_status,employment_length_years,annual_income,monthly_income,created_at
CUST0000001,Felix,Novak,1980-08-23,Female,Poland,Wroclaw,Employed,5.1,25549.54,2129.13,2026-08-14
CUST0000002,Felix,Muller,1999-08-24,Female,Poland,Krakow,Employed,9.0,35384.77,2948.73,2024-06-19
CUST0000003,Maria,Andersson,1973-08-23,Male,Poland,Gdansk,Employed,7.0,66954.56,5579.55,2019-05-18
CUST0000004,Emma,Novak,1971-08-24,Female,Germany,Munich,Student,0.1,8120.57,676.71,2024-11-01
CUST0000005,Marco,Garcia,2008-08-23,Female,United Kingdom,,Employed,0.0,55690.57,4640.88,2025-09-25
CUST0000006,Marco,Lopez,2002-08-24,Non-binary,Netherlands,Amsterdam,EMPLOYED,2.6,21745.56,1812.13,2023-05-08
CUST0000007,Emma,Rossi,1982-08-24,Female,United Kingdom,London,Employed,6.8,66865.69,5572.14,2025-05-14
CUST0000008,Julia,Jansen,1988-08-23,Female,France,Paris,Retired,4.3,18737.03,1561.42,2025-10-10
CUST0000009,Lucas,Smith,1984-08-23,Male,Germany,Munich,Unemployed,1.2,6542.73,545.23,2026-05-16
CUST0000010,Sofia,Andersson,1996-08-23,Female,Spain,Barcelona,Unemployed,0.9,7305.93,608.83,2026-04-20
CUST0000011,Felix,Moreau,1972-08-23,Female,Italy,Turin,Retired,3.5,34821.09,2901.76,2020-06-25
CUST0000012,Felix,Dubois,1895-12-27,Male,Poland,Wroclaw,Self-employed,8.0,45882.31,3823.53,2019-04-07
CUST0000013,Marco,Dubois,1983-08-24,Female,Netherlands,Amsterdam,Student,0.1,20821.99,1735.17,2023-12-26
CUST0000014,Piotr,Novak,1968-08-23,Female,Germany,Hamburg,Employed,24.7,29808.07,2484.01,2024-03-11
CUST0000015,Julia,Lopez,1977-08-23,Female,Spain,Madrid,Unemployed,0.3,3556.48,296.37,2023-05-08
CUST0000016,Marco,Moreau,1996-08-23,Male,Netherlands,Utrecht,Retired,12.0,25351.62,2112.63,2020-10-24
CUST0000017,Felix,Novak,1979-08-24,Female,United Kingdom,Birmingham,Retired,8.0,23993.09,1999.42,2026-04-03
CUST0000018,Emma,Andersson,1997-08-23,Male,Poland,Krakow,Employed,6.6,90359.68,7529.97,2022-02-14
CUST0000019,Anna,Novak,1972-08-23,Female,France,Paris,Unemployed,0.5,5933.23,494.44,2024-09-02
CUST0000020,Maria,Lopez,1985-08-23,Female,Poland,Warsaw,Employed,13.8,59624.52,4968.71,2023-10-07
CUST0000021,Jan,Kowalski,1987-08-24,Male,Spain,Barcelona,Employed,16.3,45950.6,3829.22,2025-11-06
CUST0000022,Emma,Silva,1994-08-24,Male,Poland,Warsaw,Employed,4.5,76026.56,6335.55,2024-06-12
CUST0000023,Marco,Kowalski,1967-08-24,Male,United Kingdom,Birmingham,Employed,2.9,57297.57,4774.8,2023-11-08
CUST0000024,Diego,Silva,1986-08-24,Female,Italy,Rome,Self-employed,4.4,52068.77,4339.06,2025-06-04
CUST0000025,Elena,Dubois,1990-08-24,Male,Poland,Poznan,Employed,9.1,91356.12,7613.01,2019-06-01
CUST0000026,Maria,Rossi,1989-08-23,Male,Germany,Hamburg,Employed,4.6,51934.02,4327.84,2024-05-24
CUST0000027,Felix,Moreau,1977-08-23,Female,United Kingdom,London,Employed,17.7,59887.87,4990.66,2023-06-26
CUST0000028,Tomasz,Andersson,1979-08-24,Female,Germany,Frankfurt,SELF-EMPLOYED,3.6,20135.21,1677.93,2024-12-11
CUST0000029,Sofia,Jansen,1978-08-24,Male,Poland,Warsaw,Self-employed,1.6,56956.4,4746.37,2020-09-18
CUST0000030,Emma,Moreau,1978-08-24,Female,Poland,Gdansk,SELF-EMPLOYED,7.8,84246.16,7020.51,2023-08-01
CUST0000031,Lucas,Nowak,1954-08-24,Male,Germany,Hamburg,Employed,13.6,48371.42,4030.95,2021-03-04
CUST0000032,Maria,Andersson,1990-08-24,Male,United Kingdom,Manchester,Unemployed,1.0,13042.73,1086.89,2019-11-23
CUST0000033,Diego,Muller,1991-08-24,Female,France,Marseille,Self-employed,2.0,87401.98,7283.5,2023-05-26
CUST0000034,Anna,Garcia,1995-08-24,Female,Poland,,Employed,7.3,57518.44,4793.2,2019-03-01
CUST0000035,Jan,Muller,1975-08-24,Female,Germany,Munich,Employed,8.0,105773.65,8814.47,2019-09-18
CUST0000036,Sofia,Jansen,1968-08-23,Female,Germany,Berlin,Employed,8.7,42243.97,3520.33,2023-01-19
CUST0000037,Maria,Silva,1986-08-24,Female,Poland,Gdansk,Employed,7.4,,5639.67,2025-11-14
CUST0000038,Anna,Novak,1996-08-23,Male,United Kingdom,Manchester,Employed,12.0,37141.81,3095.15,2024-06-21
CUST0000039,Emma,Smith,1996-08-23,Female,Poland,Gdansk,Employed,2.4,20632.97,1719.41,2019-02-13
CUST0000040,Emma,Lopez,1975-08-24,Male,France,Paris,Employed,0.1,,4368.53,2019-11-01
CUST0000041,Maria,Dubois,1974-08-24,Female,Netherlands,Utrecht,Employed,0.9,56584.27,4715.36,2022-04-19
CUST0000042,Nina,Muller,1976-08-23,Female,France,Marseille,Employed,1.9,46702.67,3891.89,2022-04-14
CUST0000043,Elena,Kowalski,1993-08-23,Female,France,Paris,Unemployed,0.7,2935.83,244.65,2019-04-22
CUST0000044,Hugo,Nowak,1981-08-23,Male,Poland,Wroclaw,Employed,5.0,26887.93,2240.66,2020-12-16
CUST0000045,Julia,Smith,1982-08-24,Female,Poland,Poznan,Employed,18.6,64689.17,5390.76,2019-12-21
CUST0000046,Felix,Dubois,1981-08-23,Female,Poland,Krakow,Self-employed,2.2,19096.61,1591.38,2023-05-03
CUST0000047,Marco,Fischer,1972-08-23,Male,Spain,Madrid,Employed,18.4,63557.9,5296.49,2024-01-13
CUST0000048,Emma,Nowak,1981-08-23,Male,Spain,Madrid,Employed,3.0,34037.81,2836.48,2021-12-26
CUST0000049,Anna,Garcia,1974-08-24,Female,Poland,Wroclaw,Employed,5.5,28682.16,2390.18,2023-05-16
CUST0000050,Hugo,Lopez,1983-08-24,Male,Poland,Warsaw,Employed,1.2,43690.32,3640.86,2020-07-16
CUST0000051,Jan,Kowalski,1980-08-23,Female,Poland,Krakow,Employed,16.7,73690.04,6140.84,2025-07-06
CUST0000052,Laura,Dubois,1975-08-24,Female,France,Marseille,Employed,6.1,60667.48,5055.62,2019-01-13
CUST0000053,Nina,Muller,2004-08-23,Male,United Kingdom,London,Employed,4.0,34483.13,2873.59,2022-11-09
CUST0000054,Piotr,Jansen,1988-08-23,Female,United Kingdom,,,14.1,58009.95,4834.16,2021-06-17
CUST0000055,Tomasz,Lopez,1991-08-24,Female,Italy,Milan,Student,0.2,11127.65,927.3,2022-06-13
CUST0000056,Sofia,Garcia,1993-08-23,Male,Poland,Warsaw,Employed,3.4,72040.53,6003.38,2022-12-12
CUST0000057,Emma,Dubois,1988-08-23,Female,United Kingdom,London,Employed,12.4,32969.25,2747.44,2023-12-10
CUST0000058,Julia,Smith,1963-08-24,Male,France,Paris,Employed,6.7,52592.7,4382.72,2026-02-08
CUST0000059,Piotr,Fischer,1996-08-23,Male,Poland,Warsaw,Self-employed,3.3,17318.8,1443.23,2023-04-17
CUST0000060,Nina,Lopez,1970-08-24,Male,Italy,,Self-employed,7.1,33998.73,2833.23,2020-09-27
CUST0000061,Emma,Nowak,2008-08-23,Male,Poland,Warsaw,Self-employed,0.0,110685.52,9223.79,2023-01-03
CUST0000062,Lucas,Smith,1989-08-23,Male,United Kingdom,Manchester,Employed,8.8,91669.65,7639.14,2022-12-01
CUST0000063,Diego,Novak,1982-08-24,Non-binary,United Kingdom,Birmingham,Employed,10.1,30936.86,2578.07,2025-08-12
CUST0000064,Piotr,Kowalski,1976-08-23,Female,Italy,Milan,Unemployed,0.9,3784.79,315.4,2023-05-02
CUST0000065,Lucas,Fischer,1974-08-24,Female,France,Lyon,Employed,15.2,89839.22,7486.6,2025-08-21
CUST0000066,Felix,Garcia,1973-08-23,Male,Poland,Krakow,Student,0.4,24208.0,2017.33,2023-12-19
CUST0000067,Emma,Jansen,1989-08-23,Male,Spain,Valencia,Employed,8.2,102521.33,8543.44,2023-05-17
CUST0000068,Jan,Lopez,1990-08-24,Female,Spain,Madrid,Employed,2.8,44947.26,3745.6,2021-07-06
CUST0000069,Sofia,Silva,1972-08-23,Male,France,Paris,Employed,10.5,45923.76,3826.98,2020-12-16
CUST0000070,Felix,Lopez,1987-08-24,Female,Spain,Valencia,Employed,4.8,77632.35,6469.36,2019-10-05
CUST0000071,Nina,Silva,2002-08-24,Male,Poland,Warsaw,Retired,6.0,36869.64,3072.47,2023-03-12
CUST0000072,Nina,Muller,2000-08-23,Female,France,Paris,Employed,8.0,47941.78,3995.15,2026-01-17
CUST0000073,Sofia,Andersson,1997-08-23,Female,Italy,Rome,Employed,1.6,18151.64,1512.64,2019-02-05
CUST0000074,Diego,Silva,1977-08-23,Female,Poland,Warsaw,Employed,1.1,46555.6,3879.63,2026-04-15
CUST0000075,Emma,Rossi,1982-08-24,Female,Germany,Berlin,Retired,4.4,18191.35,1515.95,2025-07-28
CUST0000076,Nina,Nowak,1974-08-24,Female,Netherlands,Rotterdam,Employed,23.0,70182.03,5848.5,2022-05-08
CUST0000077,Elena,Andersson,1990-08-24,Female,Spain,Barcelona,Student,1.1,16375.71,1364.64,2021-05-25
CUST0000078,Piotr,Silva,1982-08-24,Female,Italy,Rome,Retired,8.6,11920.31,993.36,2023-06-10
CUST0000079,Felix,Novak,1975-08-24,Female,Germany,Frankfurt,Employed,13.3,74210.47,6184.21,2025-07-17
CUST0000080,Laura,Nowak,1988-08-23,Female,Netherlands,Amsterdam,Retired,6.4,18945.87,1578.82,2019-03-23
CUST0000081,Hugo,Jansen,1978-08-24,Female,Poland,Poznan,Retired,7.1,27976.86,2331.41,2022-06-09
CUST0000082,Nina,Fischer,1993-08-23,Female,France,Marseille,Employed,5.5,34983.54,2915.3,2019-05-12
CUST0000083,Maria,Moreau,1989-08-23,Female,Germany,Hamburg,Employed,14.4,49029.17,4085.76,2023-12-04
CUST0000084,Hugo,Lopez,1989-08-23,Female,Spain,Barcelona,Employed,18.8,85950.65,7162.55,2019-08-03
CUST0000085,Piotr,Muller,2001-08-23,Female,Italy,Rome,Self-employed,6.9,55535.37,4627.95,2021-06-03
CUST0000086,Sofia,Muller,1977-08-23,Female,United Kingdom,London,Employed,7.0,50081.93,4173.49,2024-08-25
CUST0000087,Jan,Silva,1991-08-24,Male,United Kingdom,Birmingham,Self-employed,5.8,28774.54,2397.88,2024-10-01
CUST0000088,Maria,Smith,1984-08-23,Non-binary,Germany,Munich,Employed,19.1,30081.92,2506.83,2020-09-26
CUST0000089,Felix,Garcia,1977-08-23,Male,France,Paris,Employed,12.1,90489.16,7540.76,2022-12-03
CUST0000090,Marco,Nowak,1978-08-24,Male,France,Marseille,Employed,2.7,45056.46,3754.7,2020-05-30
CUST0000091,Emma,Muller,1975-08-24,Male,Poland,Poznan,Self-employed,22.6,21001.07,1750.09,2023-07-11
CUST0000092,Lucas,Rossi,1985-08-23,Female,France,Paris,Employed,0.4,76210.93,6350.91,2019-01-24
CUST0000093,Hugo,Novak,1990-08-24,Male,Italy,Rome,Self-employed,17.8,33983.92,2831.99,2025-03-22
CUST0000094,Tomasz,Kowalski,1985-08-23,Male,United Kingdom,London,Employed,13.6,30344.72,2528.73,2019-03-05
CUST0000095,Julia,Nowak,2008-08-23,Male,Spain,Madrid,Employed,0.0,45621.84,3801.82,2023-08-27
CUST0000096,Diego,Garcia,2004-08-23,Male,Germany,,Employed,4.0,61837.55,5153.13,2022-02-06
CUST0000097,Lucas,Moreau,2003-08-24,Female,France,Paris,Retired,5.0,23092.66,1924.39,2020-09-16
CUST0000098,Nina,Lopez,1998-08-24,Male,Poland,Poznan,Full-time,2.8,47570.62,3964.22,2023-02-21
CUST0000099,Elena,Smith,1978-08-24,Male,Germany,Berlin,Self-employed,21.4,33131.21,2760.93,2020-01-31
CUST0000100,Laura,Kowalski,1997-08-23,Female,Germany,Frankfurt,Employed,6.7,31161.69,2596.81,2023-06-06
CUST0000101,Anna,Kowalski,1989-08-23,Male,Poland,Poznan,Self-employed,2.8,84981.13,7081.76,2023-12-06
CUST0000102,Sofia,Moreau,1966-08-24,Female,Poland,Krakow,Employed,20.5,21137.85,1761.49,2022-07-02
CUST0000103,Tomasz,Smith,1989-08-23,Non-binary,United Kingdom,Manchester,Employed,9.4,99565.24,8297.1,2021-10-07
CUST0000104,Lucas,Nowak,1974-08-24,Male,Germany,Berlin,Employed,9.8,58490.68,4874.22,2022-07-07
CUST0000105,Sofia,Fischer,1997-08-23,Female,Germany,Berlin,Employed,11.0,86974.72,7247.89,2026-04-25
CUST0000106,Marco,Jansen,1987-08-24,Male,Poland,Wroclaw,Employed,10.8,78554.97,6546.25,2024-10-04
CUST0000107,Jan,Rossi,1997-08-23,Female,France,Paris,Employed,3.9,64080.2,5340.02,2019-01-17
CUST0000108,Piotr,Smith,1989-08-23,Male,Germany,Hamburg,Employed,10.8,46469.49,3872.46,2021-03-19
CUST0000109,Nina,Garcia,1972-08-23,Male,Germany,,Student,1.4,10223.84,851.99,2019-03-11
CUST0000110,Anna,Lopez,2008-08-23,Male,France,Paris,Employed,0.0,58962.59,4913.55,2020-10-25
CUST0000111,Diego,Fischer,1978-08-24,Male,Poland,Wroclaw,Retired,8.4,15067.82,1255.65,2024-12-14
CUST0000112,Marco,Muller,1981-08-23,Female,Italy,Milan,Employed,13.1,99084.07,8257.01,2025-07-14
CUST0000113,Nina,Novak,1992-08-23,Female,Poland,Poznan,Employed,4.1,51740.84,4311.74,2022-06-30
CUST0000114,Sofia,Muller,2004-08-23,Female,Germany,Berlin,Employed,4.0,110956.27,9246.36,2024-04-09
CUST0000115,Diego,Smith,1983-08-24,Female,Poland,Wroclaw,Employed,5.8,27053.71,2254.48,2021-11-01
CUST0000116,Tomasz,Novak,1991-08-24,Female,France,Marseille,Employed,14.7,28034.87,2336.24,2022-08-24
CUST0000117,Diego,Kowalski,1981-08-23,Female,Poland,Krakow,Retired,6.8,36578.56,3048.21,2025-05-04
CUST0000118,Anna,Novak,1984-08-23,Female,Italy,Turin,Self-employed,22.4,104286.07,8690.51,2021-02-08
CUST0000119,Nina,Garcia,1962-08-24,Female,Germany,Hamburg,Employed,4.6,76032.89,6336.07,2021-06-08
CUST0000120,Sofia,Andersson,1987-08-24,Male,United Kingdom,Manchester,Employed,4.3,35496.36,2958.03,2020-01-17
CUST0000121,Marco,Smith,1998-08-24,Female,Poland,Gdansk,Employed,10.0,124550.68,10379.22,2020-09-01
CUST0000122,Anna,Kowalski,1981-08-23,Male,Poland,Gdansk,Employed,10.1,92675.42,7722.95,2019-04-15
CUST0000123,Felix,Novak,1981-08-23,Female,Germany,Berlin,Employed,17.1,109490.65,9124.22,2025-03-28
CUST0000124,Laura,Garcia,1965-08-23,Female,France,Marseille,Employed,2.1,71054.47,5921.21,2025-07-08
CUST0000125,Felix,Lopez,1972-08-23,Male,Germany,Berlin,Employed,6.7,34778.06,,2022-03-23
CUST0000126,Tomasz,Fischer,1979-08-24,Female,Netherlands,Amsterdam,Employed,8.4,25917.94,2159.83,2023-07-16
CUST0000127,Maria,Muller,1964-08-23,Female,United Kingdom,London,Self-employed,8.0,24561.68,2046.81,2020-11-25
CUST0000128,Marco,Silva,2001-08-23,Male,Netherlands,Rotterdam,Employed,5.9,95254.27,,2019-05-09
CUST0000129,Lucas,Dubois,1993-08-23,Female,Poland,Gdansk,Employed,7.9,27589.0,2299.08,2022-12-11
CUST0000130,Maria,Silva,1997-08-23,Female,Spain,Barcelona,Retired,8.2,27497.33,2291.44,2020-03-18
CUST0000131,Elena,Jansen,1989-08-23,Male,France,Lyon,Student,0.3,6288.15,524.01,2025-06-27
CUST0000132,Felix,Rossi,2003-08-24,Female,France,Paris,Employed,5.0,98066.24,8172.19,2021-02-19
CUST0000133,Tomasz,Andersson,1975-08-24,Male,Netherlands,Rotterdam,Employed,20.7,76306.7,6358.89,2024-08-22
CUST0000134,Tomasz,Garcia,1987-08-24,Female,United Kingdom,Manchester,Unemployed,1.3,9758.03,,2021-01-04
CUST0000135,Hugo,Moreau,2005-08-23,Male,Italy,Milan,Employed,3.0,47881.71,3990.14,2019-12-20
CUST0000136,Laura,Lopez,1998-08-24,Male,United Kingdom,London,Employed,6.3,61433.55,5119.46,2023-03-12
CUST0000137,Jan,Muller,1980-08-23,Male,Poland,Krakow,Employed,8.4,63261.76,5271.81,2020-05-27
CUST0000138,Julia,Novak,1972-08-23,Male,United Kingdom,Birmingham,Employed,9.0,48055.97,4004.66,2022-01-20
CUST0000139,Nina,Lopez,1956-08-23,Female,Germany,Hamburg,Student,0.5,6368.91,530.74,2021-03-30
CUST0000140,Nina,Nowak,1943-08-24,Male,Italy,Milan,Self-employed,13.8,83553.97,6962.83,2025-09-30
CUST0000141,Tomasz,Novak,1978-08-24,Female,Spain,Madrid,Student,0.6,11819.18,984.93,2022-11-05
CUST0000142,Elena,Lopez,1998-08-24,Male,Poland,Poznan,Self-employed,10.0,75562.84,6296.9,2024-07-02
CUST0000143,Tomasz,Garcia,2008-08-23,Male,Poland,Wroclaw,Employed,0.0,87355.82,7279.65,2023-07-03
CUST0000144,Emma,Silva,1980-08-23,Female,Poland,Krakow,Self-employed,14.0,23828.88,1985.74,2025-12-18
CUST0000145,Lucas,Fischer,1995-08-24,Male,Germany,Hamburg,self employed,11.3,47429.26,3952.44,2022-05-12
CUST0000146,Hugo,Rossi,1990-08-24,Female,Poland,Warsaw,Employed,2.1,87915.13,7326.26,2025-08-06
CUST0000147,Elena,Garcia,1993-08-23,Male,United Kingdom,Manchester,Employed,15.0,58929.38,4910.78,2025-11-13
CUST0000148,Piotr,Dubois,1986-08-24,Male,France,Marseille,Employed,3.6,38650.92,3220.91,2026-01-17
CUST0000149,Sofia,Rossi,1969-08-23,Female,Spain,Barcelona,Employed,4.6,86892.79,7241.07,2024-04-27
CUST0000150,Laura,Novak,1896-09-10,Male,Poland,Warsaw,Employed,4.9,21532.49,1794.37,2026-06-30
CUST0000151,Nina,Dubois,1986-08-24,Male,France,Paris,Employed,1.4,58647.14,4887.26,2024-09-12
CUST0000152,Emma,Dubois,1998-08-24,Female,Poland,Warsaw,Employed,7.9,70658.42,5888.2,2021-05-20
CUST0000153,Laura,Lopez,2007-08-24,Male,Italy,Milan,Employed,1.0,34234.83,2852.9,2020-03-14
CUST0000154,Anna,Silva,1991-08-24,Female,Poland,Krakow,Employed,17.0,84537.45,7044.79,2020-08-08
CUST0000155,Sofia,Lopez,1985-08-23,Male,Poland,Warsaw,employed,5.9,50271.79,4189.32,2023-05-22
CUST0000156,Felix,Andersson,1959-08-24,Female,Poland,Poznan,Employed,6.8,40763.81,3396.98,2020-04-06
CUST0000157,Tomasz,Moreau,1982-08-24,Male,Spain,Madrid,Student,1.3,9793.35,816.11,2020-10-25
CUST0000158,Diego,Muller,2034-07-17,Male,Poland,Krakow,Employed,6.1,76322.42,6360.2,2023-10-21
CUST0000159,Piotr,Lopez,1991-08-24,Female,France,Marseille,Employed,15.5,35139.08,2928.26,2021-07-18
CUST0000160,Sofia,Lopez,2001-08-23,Female,Spain,Madrid,Employed,6.5,-73643.58,6136.96,2024-03-16
CUST0000161,Felix,Kowalski,1998-08-24,Male,Spain,Madrid,,3.1,28353.15,2362.76,2026-08-17
CUST0000162,Felix,Rossi,1994-08-24,Male,Poland,Krakow,Self-employed,8.1,60708.4,5059.03,2019-09-03
CUST0000163,Elena,Dubois,1954-08-24,Female,Poland,Wroclaw,Employed,1.7,21231.22,1769.27,2023-11-26
CUST0000164,Marco,Dubois,1995-08-24,Female,Germany,Berlin,Employed,8.0,58449.2,4870.77,2025-04-12
CUST0000165,Nina,Novak,1972-08-23,Female,Poland,Gdansk,Self-employed,9.2,54640.56,4553.38,2020-01-27
CUST0000166,Lucas,Andersson,1997-08-23,Non-binary,United Kingdom,London,Retired,3.6,28797.38,2399.78,2024-12-27
CUST0000167,Diego,Muller,1971-08-24,Female,Germany,Frankfurt,Employed,8.9,53243.48,4436.96,2022-11-18
CUST0000168,Diego,Silva,1979-08-24,Male,Germany,Hamburg,Employed,5.5,40369.3,3364.11,2023-10-22
CUST0000169,Emma,Lopez,1986-08-24,Female,Poland,Warsaw,Employed,3.5,58512.76,4876.06,2019-05-24
CUST0000170,Sofia,Smith,1985-08-23,Male,France,Paris,Employed,1.5,47118.71,3926.56,2022-05-01
CUST0000171,Felix,Moreau,1993-08-23,Female,Poland,Warsaw,Self-employed,1.9,15083.97,1257.0,2021-10-21
CUST0000172,Lucas,Andersson,1978-08-24,Female,United Kingdom,London,Student,1.4,6797.9,566.49,2020-03-05
CUST0000173,Emma,Moreau,1990-08-24,Male,Poland,,Student,0.6,13732.11,1144.34,2024-10-31
CUST0000174,Laura,Moreau,2001-08-23,Male,Netherlands,Rotterdam,Unemployed,0.6,6299.04,524.92,2022-11-13
CUST0000175,Elena,Kowalski,2002-08-24,Female,United Kingdom,London,Employed,5.9,79162.15,6596.85,2025-09-18
CUST0000176,Maria,Fischer,1982-08-24,Female,Poland,Poznan,Student,0.4,9212.88,767.74,2020-03-20
CUST0000177,Felix,Muller,1962-08-24,Female,Poland,Krakow,Employed,3.5,62857.22,5238.1,2024-08-03
CUST0000178,Emma,Fischer,1982-08-24,Female,Poland,Krakow,Employed,7.2,62231.34,5185.94,2023-08-17
CUST0000179,Anna,Fischer,1986-08-24,Female,Poland,Krakow,Self-employed,4.5,51210.67,4267.56,2023-12-24
CUST0000180,Sofia,Garcia,1980-08-23,Male,Poland,Krakow,Employed,13.9,61801.86,5150.16,2021-05-15
CUST0000181,Lucas,Kowalski,1966-08-24,Female,Italy,Turin,Unemployed,0.1,6526.65,543.89,2024-04-13
CUST0000182,Laura,Dubois,1981-08-23,Male,France,Paris,Student,0.6,13773.02,1147.75,2020-11-21
CUST0000183,Tomasz,Rossi,1990-08-24,Female,Poland,Krakow,Unemployed,0.0,10527.87,877.32,2024-10-30
CUST0000184,Maria,Jansen,1969-08-23,Female,France,Marseille,Unemployed,0.5,3896.23,324.69,2022-05-16
CUST0000185,Lucas,Nowak,1978-08-24,Male,Poland,Poznan,Employed,6.0,41727.48,3477.29,2022-09-01
CUST0000186,Piotr,Kowalski,1962-08-24,Female,Netherlands,Amsterdam,Employed,3.0,43554.03,3629.5,2023-06-10
CUST0000187,Sofia,Smith,1981-08-23,Male,Poland,Gdansk,Unemployed,1.3,4567.84,380.65,2019-08-24
CUST0000188,Hugo,Novak,2001-08-23,Female,United Kingdom,London,Employed,1.8,54233.11,4519.43,2021-10-23
CUST0000189,Nina,Rossi,2003-08-24,Male,Spain,Madrid,Retired,5.0,15996.35,1333.03,2020-07-21
CUST0000190,Maria,Rossi,1961-08-23,Male,Poland,Wroclaw,Employed,14.0,50877.37,4239.78,2026-05-15
CUST0000191,Tomasz,Muller,1960-08-23,Male,Poland,Poznan,Employed,8.5,83062.32,6921.86,2022-03-23
CUST0000192,Emma,Garcia,1987-08-24,Female,Germany,Berlin,Employed,1.6,50720.16,4226.68,2019-01-17
CUST0000193,Marco,Rossi,1989-08-23,Female,Italy,Turin,Self-employed,6.9,72744.86,6062.07,2019-03-14
CUST0000194,Hugo,Garcia,1964-08-23,Female,France,Paris,Unemployed,0.9,4251.48,354.29,2025-12-24
CUST0000195,Piotr,Rossi,1999-08-24,Male,United Kingdom,Birmingham,Student,0.4,5548.24,462.35,2020-03-13
CUST0000196,Nina,Garcia,1997-08-23,Female,Spain,Madrid,Employed,8.5,60988.6,5082.38,2019-01-02
CUST0000197,Emma,Andersson,1975-08-24,Female,Spain,Barcelona,Employed,5.3,28042.38,2336.87,2020-08-15
CUST0000198,Jan,Rossi,1990-08-24,Female,Germany,Hamburg,Employed,9.9,78394.86,6532.9,2020-08-28
CUST0000199,Nina,Novak,1984-08-23,Female,France,Paris,Employed,3.4,38882.45,3240.2,2019-08-12
CUST0000200,Diego,Silva,1986-08-24,Female,United Kingdom,Manchester,Employed,0.1,31009.26,2584.1,2026-08-14
CUST0000201,Tomasz,Silva,1979-08-24,Female,Poland,Poznan,Employed,2.3,98036.38,8169.7,2019-06-15
CUST0000202,Hugo,Silva,1964-08-23,Female,Italy,Milan,Employed,4.6,67301.02,5608.42,2024-07-26
CUST0000203,Maria,Moreau,1983-08-24,Male,Poland,Krakow,Employed,6.4,76985.46,6415.46,2025-05-26
CUST0000204,Marco,Garcia,1975-08-24,Female,Poland,Poznan,Self-employed,4.8,131667.83,10972.32,2023-12-06
CUST0000205,Marco,Lopez,2008-08-23,Female,Spain,Valencia,Unemployed,0.5,4979.03,414.92,2020-01-05
CUST0000206,Nina,Muller,1985-08-23,Male,Poland,Krakow,Employed,14.1,66287.05,5523.92,2024-07-20
CUST0000207,Marco,Nowak,1996-08-23,Male,Poland,Poznan,Employed,2.7,47404.62,3950.38,2021-07-09
CUST0000208,Hugo,Fischer,2001-08-23,Female,Poland,Gdansk,Self-employed,7.0,31174.7,2597.89,2022-02-14
CUST0000209,Sofia,Moreau,1996-08-23,Male,France,Marseille,Unemployed,1.3,12697.6,1058.13,2020-12-03
CUST0000210,Tomasz,Nowak,1989-08-23,Male,Italy,Turin,Unemployed,1.2,2382.37,198.53,2024-12-30
CUST0000211,Piotr,Silva,1971-08-24,Male,Poland,Poznan,Employed,8.3,46224.15,3852.01,2023-06-08
CUST0000212,Julia,Jansen,2003-08-24,Male,Poland,Gdansk,Employed,5.0,69910.61,5825.88,2020-03-08
CUST0000213,Jan,Garcia,1984-08-23,Male,Germany,Munich,Retired,2.6,27377.71,2281.48,2022-02-12
CUST0000214,Hugo,Jansen,1991-08-24,Female,Netherlands,Utrecht,Employed,17.0,90365.52,7530.46,2025-01-26
CUST0000215,Anna,Andersson,1989-08-23,Female,Poland,,Employed,2.9,47997.61,3999.8,2026-03-03
CUST0000216,Felix,Silva,1970-08-24,Male,Netherlands,Rotterdam,Student,0.2,14864.24,1238.69,2026-03-09
CUST0000217,Diego,Jansen,1976-08-23,Non-binary,Italy,Turin,Employed,2.0,116917.86,9743.16,2020-01-12
CUST0000218,Tomasz,Moreau,1965-08-23,Female,Poland,Krakow,Self-employed,25.3,37880.61,3156.72,2025-07-23
CUST0000219,Elena,Garcia,1986-08-24,Female,Spain,Valencia,Retired,9.3,36038.54,3003.21,2023-05-01
CUST0000220,Nina,Silva,1994-08-24,Male,United Kingdom,Manchester,Employed,9.4,48335.58,4027.96,2024-08-27
CUST0000221,Maria,Rossi,1987-08-24,Female,France,Paris,Self-employed,3.2,40544.4,3378.7,2021-12-13
CUST0000222,Hugo,Lopez,1981-08-23,Male,Germany,Berlin,Employed,0.5,26861.79,2238.48,2023-12-25
CUST0000223,Emma,Garcia,1982-08-24,Male,Spain,Barcelona,Retired,5.0,37560.49,3130.04,2020-12-22
CUST0000224,Diego,Moreau,1999-08-24,Male,Spain,Barcelona,,4.2,32189.42,2682.45,2022-12-26
CUST0000225,Diego,Silva,1983-08-24,Male,Spain,Barcelona,Retired,1.0,29008.81,2417.4,2020-09-22
CUST0000226,Felix,Garcia,1981-08-23,Male,Netherlands,Amsterdam,Employed,5.2,24504.45,2042.04,2022-01-08
CUST0000227,Lucas,Novak,1949-08-23,Male,Germany,Munich,,7.0,58184.06,4848.67,2022-02-13
CUST0000228,Piotr,Garcia,1958-08-24,Male,Spain,Madrid,Retired,9.8,14345.65,1195.47,2025-08-14
CUST0000229,Maria,Garcia,1996-08-23,Male,Italy,Rome,Self-employed,0.6,48216.73,4018.06,2023-10-21
CUST0000230,Maria,Rossi,1988-08-23,Male,Poland,Gdansk,Employed,2.1,24121.85,2010.15,2023-12-14
CUST0000231,Felix,Andersson,2004-08-23,Female,Poland,Warsaw,Employed,3.3,41673.58,3472.8,2021-03-03
CUST0000232,Tomasz,Dubois,1992-08-23,Male,Germany,Hamburg,Retired,14.6,27360.61,2280.05,2022-04-29
CUST0000233,Marco,Jansen,1980-08-23,Female,Italy,Rome,Employed,14.4,49813.42,4151.12,2022-08-13
CUST0000234,Lucas,Jansen,1967-08-24,Male,Poland,Wroclaw,Employed,8.9,69627.02,5802.25,2024-12-31
CUST0000235,Maria,Muller,1994-08-24,Male,United Kingdom,Birmingham,Retired,5.2,18064.45,1505.37,2020-06-02
CUST0000236,Tomasz,Garcia,1993-08-23,Female,Poland,Krakow,Retired,15.0,43231.72,3602.64,2019-06-01
CUST0000237,Emma,Rossi,2008-08-23,Female,Germany,Berlin,Student,1.4,11723.85,976.99,2022-11-11
CUST0000238,Nina,Garcia,1986-08-24,Female,France,Lyon,Employed,14.6,54351.01,4529.25,2025-03-21
CUST0000239,Anna,Moreau,1999-08-24,Male,Poland,Krakow,Employed,9.0,74559.28,6213.27,2024-08-10
CUST0000240,Elena,Dubois,1991-08-24,Female,Italy,Turin,Employed,1.2,49500.59,4125.05,2025-03-14
CUST0000241,Anna,Dubois,1996-08-23,Female,Poland,Gdansk,Employed,0.5,48514.73,4042.89,2022-01-03
CUST0000242,Emma,Andersson,1985-08-23,Male,Italy,Milan,Retired,4.7,37323.22,3110.27,2020-09-30
CUST0000243,Marco,Fischer,2008-08-23,Male,Poland,Poznan,Employed,0.0,37661.74,3138.48,2024-01-18
CUST0000244,Hugo,Andersson,2005-08-23,Female,Netherlands,Rotterdam,Employed,3.0,89859.47,7488.29,2019-04-16
CUST0000245,Laura,Jansen,1954-08-24,Female,France,,Employed,17.2,29567.9,2463.99,2025-11-06
CUST0000246,Piotr,Lopez,2002-08-24,Male,Poland,Wroclaw,Employed,6.0,57744.05,4812.0,2024-06-16
CUST0000247,Lucas,Moreau,1999-08-24,Male,Poland,Gdansk,Retired,9.0,18756.61,1563.05,2022-11-08
CUST0000248,Julia,Muller,1958-08-24,Male,Poland,Krakow,Self-employed,4.8,69849.73,5820.81,2020-07-12
CUST0000249,Lucas,Muller,1943-08-24,Female,France,Paris,Employed,2.8,45719.41,3809.95,2020-11-30
CUST0000250,Anna,Dubois,2000-08-23,Female,Spain,Valencia,EMPLOYED,2.4,68255.26,5687.94,2026-08-13
CUST0000251,Maria,Fischer,1989-08-23,Female,Germany,Hamburg,,9.9,52292.52,4357.71,2019-02-10
CUST0000252,Julia,Lopez,1979-08-24,Male,Germany,Frankfurt,Employed,1.3,48800.84,4066.74,2019-01-26
CUST0000253,Sofia,Andersson,1960-08-23,Female,France,Lyon,Retired,1.4,23947.51,1995.63,2021-08-28
CUST0000254,Julia,Andersson,1998-08-24,Female,France,Lyon,Self-employed,3.9,22500.78,1875.06,2020-10-03
CUST0000255,Maria,Garcia,1987-08-24,Male,United Kingdom,Manchester,Employed,7.9,46304.87,3858.74,2024-03-05
CUST0000256,Hugo,Silva,1973-08-23,Male,Germany,Munich,Unemployed,1.2,3148.32,262.36,2019-04-28
CUST0000257,Piotr,Muller,1978-08-24,Male,United Kingdom,Birmingham,Employed,14.4,98583.07,8215.26,2025-01-02
CUST0000258,Laura,Jansen,1989-08-23,Female,Netherlands,Rotterdam,Employed,16.4,55928.49,4660.71,2024-12-25
CUST0000259,Diego,Muller,1986-08-24,Female,Germany,Frankfurt,Employed,0.2,109996.94,9166.41,2020-10-02
CUST0000260,Marco,Nowak,2003-08-24,Female,Poland,Wroclaw,Employed,5.0,56505.33,4708.78,2023-06-05
CUST0000261,Maria,Lopez,1987-08-24,Female,Poland,Krakow,full time,4.2,50475.2,4206.27,2024-02-20
CUST0000262,Anna,Moreau,1988-08-23,Male,France,Marseille,Retired,12.9,29558.3,2463.19,2025-06-27
CUST0000263,Marco,Andersson,1981-08-23,Female,Poland,Wroclaw,Retired,9.6,36053.28,3004.44,2024-08-08
CUST0000264,Jan,Silva,1992-08-23,Male,Netherlands,Utrecht,Employed,7.6,48589.83,4049.15,2026-05-12
CUST0000265,Elena,Garcia,1977-08-23,Male,United Kingdom,Manchester,Self-employed,6.0,61737.18,5144.77,2019-11-20
CUST0000266,Felix,Silva,1970-08-24,Non-binary,France,Lyon,Employed,1.4,61687.89,5140.66,2023-09-01
CUST0000267,Felix,Novak,1982-08-24,Female,Spain,Valencia,Emp.,26.0,44988.07,3749.01,2024-11-28
CUST0000268,Elena,Jansen,1979-08-24,Female,Poland,Krakow,Employed,2.1,52101.58,4341.8,2020-10-09
CUST0000269,Tomasz,Garcia,1983-08-24,Female,Spain,Valencia,Employed,20.6,57797.19,4816.43,2020-09-02
CUST0000270,Marco,Dubois,1984-08-23,Female,Poland,Wroclaw,Employed,11.0,61078.81,5089.9,2019-09-16
CUST0000271,Lucas,Fischer,1994-08-24,Female,France,Paris,Retired,4.4,13938.39,1161.53,2026-07-16
CUST0000272,Sofia,Garcia,1980-08-23,Female,Netherlands,Amsterdam,Retired,3.8,11495.8,957.98,2025-08-16
CUST0000273,Diego,Lopez,1985-08-23,Male,Spain,Valencia,Employed,1.3,56324.52,4693.71,2019-12-04
CUST0000274,Emma,Novak,1955-08-24,Male,Italy,Milan,Unemployed,0.7,2850.83,237.57,2020-11-15
CUST0000275,Emma,Moreau,1962-08-24,Male,Germany,Munich,Employed,1.3,57567.32,4797.28,2022-07-03
CUST0000276,Hugo,Jansen,1979-08-24,Female,Spain,Valencia,Self-employed,15.0,31944.0,2662.0,2025-10-31
CUST0000277,Marco,Garcia,1995-08-24,Female,France,Lyon,Employed,8.2,54047.98,4504.0,2025-04-25
CUST0000278,Marco,Kowalski,2000-08-23,Female,France,Lyon,Employed,6.5,98803.41,8233.62,2025-09-19
CUST0000279,Piotr,Jansen,1967-08-24,Female,Poland,Poznan,Self-employed,7.2,43948.63,3662.39,2025-05-02
CUST0000280,Jan,Dubois,1980-08-23,Female,Poland,Warsaw,Employed,8.5,62194.09,5182.84,2023-10-20
CUST0000281,Anna,Nowak,1977-08-23,Non-binary,France,Paris,Employed,5.1,150725.05,12560.42,2021-03-23
CUST0000282,Emma,Lopez,2008-08-23,Female,Poland,Poznan,Employed,0.0,49015.6,,2023-08-14
CUST0000283,Felix,Lopez,1971-08-24,Female,Spain,Madrid,Employed,22.1,86165.18,7180.43,2022-10-12
CUST0000284,Sofia,Dubois,1978-08-24,Male,Italy,Turin,Employed,13.9,40302.4,3358.53,2026-04-09
CUST0000285,Laura,Andersson,2000-08-23,Male,Netherlands,Amsterdam,Employed,8.0,93362.85,7780.24,2022-06-06
CUST0000286,Marco,Dubois,1991-08-24,Male,Poland,Krakow,Self-employed,4.4,142583.93,11881.99,2024-10-12
CUST0000287,Sofia,Smith,1980-08-23,Female,Netherlands,Utrecht,Employed,0.8,35994.64,2999.55,2020-04-29
CUST0000288,Maria,Silva,1983-08-24,Male,Poland,Poznan,Employed,9.8,63825.97,5318.83,2024-03-23
CUST0000289,Tomasz,Dubois,1988-08-23,Female,Germany,Frankfurt,Employed,7.2,46047.23,3837.27,2022-06-21
CUST0000290,Laura,Fischer,1985-08-23,Female,Italy,Milan,Self-employed,5.5,19131.68,1594.31,2022-05-02
CUST0000291,Marco,Muller,1988-08-23,Male,Poland,Warsaw,Unemployed,1.2,13126.32,1093.86,2024-10-09
CUST0000292,Julia,Andersson,1982-08-24,Male,Poland,Gdansk,,2.2,59311.65,4942.64,2022-09-13
CUST0000293,Lucas,Lopez,1963-08-24,Female,Poland,Krakow,Employed,2.9,44753.7,3729.48,2019-06-14
CUST0000294,Sofia,Fischer,2008-08-23,Male,France,Paris,Employed,0.0,34457.09,2871.42,2021-12-22
CUST0000295,Hugo,Kowalski,1987-08-24,Female,Spain,Valencia,Employed,0.5,43039.56,3586.63,2026-05-14
CUST0000296,Julia,Nowak,1982-08-24,Female,Poland,Warsaw,Employed,12.6,103268.89,8605.74,2026-03-28
CUST0000297,Jan,Silva,1980-08-23,Female,Poland,Wroclaw,Employed,17.8,68804.91,5733.74,2023-09-12
CUST0000298,Lucas,Moreau,1989-08-23,Male,France,Lyon,Unemployed,0.6,4305.19,358.77,2023-11-18
CUST0000299,Emma,Fischer,2008-08-23,Female,Poland,Poznan,Employed,0.0,27935.1,2327.92,2021-01-04
CUST0000300,Nina,Moreau,1979-08-24,Male,United Kingdom,London,Self-employed,2.9,38613.27,3217.77,2024-12-19
CUST0000301,Sofia,Muller,1960-08-23,Female,Netherlands,Amsterdam,Employed,3.3,78549.49,6545.79,2023-08-02
CUST0000302,Felix,Jansen,2005-08-23,Male,Spain,Barcelona,Employed,3.0,33998.75,2833.23,2019-04-14
CUST0000303,Tomasz,Novak,1972-08-23,Male,Italy,Milan,Unemployed,0.5,5038.34,419.86,2026-04-05
CUST0000304,Maria,Silva,1989-08-23,Female,France,Marseille,Self-employed,3.1,20260.47,1688.37,2025-07-08
CUST0000305,Emma,Novak,1985-08-23,Female,Spain,Barcelona,Employed,7.2,70311.68,5859.31,2019-08-16
CUST0000306,Elena,Muller,1999-08-24,Female,Poland,Warsaw,Unemployed,0.5,2481.09,206.76,2022-03-12
CUST0000307,Sofia,Smith,1989-08-23,Male,Poland,Gdansk,Employed,7.7,65216.32,5434.69,2024-09-04
CUST0000308,Hugo,Smith,1966-08-24,Female,United Kingdom,Manchester,Employed,13.9,70824.29,5902.02,2024-08-20
CUST0000309,Nina,Lopez,1976-08-23,Male,Poland,Gdansk,Self-employed,7.6,53485.32,4457.11,2020-04-12
CUST0000310,Hugo,Muller,1960-08-23,Female,Italy,Turin,Self-employed,9.3,,8101.37,2019-04-22
CUST0000311,Jan,Rossi,1968-08-23,Male,United Kingdom,London,Employed,1.2,105791.38,8815.95,2026-07-13
CUST0000312,Marco,Kowalski,1978-08-24,Female,Netherlands,Rotterdam,Student,1.2,16575.7,1381.31,2025-11-01
CUST0000313,Marco,Muller,1960-08-23,Male,Poland,,Self-employed,1.2,50849.33,4237.44,2024-08-24
CUST0000314,Marco,Lopez,1978-08-24,Non-binary,Germany,Munich,Employed,4.2,35315.21,2942.93,2024-01-17
CUST0000315,Elena,Fischer,1972-08-23,Female,Spain,Madrid,Employed,2.3,63464.09,5288.67,2024-04-01
CUST0000316,Anna,Garcia,1988-08-23,Male,Poland,Wroclaw,Employed,0.8,82121.22,6843.44,2022-07-01
CUST0000317,Julia,Andersson,1983-08-24,Female,France,Lyon,Employed,7.3,39309.1,3275.76,2024-03-26
CUST0000318,Felix,Silva,1994-08-24,Female,United Kingdom,London,Self-employed,10.0,45883.58,3823.63,2021-04-27
CUST0000319,Elena,Moreau,1970-08-24,Male,Netherlands,Amsterdam,Employed,18.1,41444.12,3453.68,2019-08-22
CUST0000320,Tomasz,Rossi,2000-08-23,Male,Spain,Madrid,Unemployed,0.6,5224.87,435.41,2021-05-18
CUST0000321,Felix,Lopez,1973-08-23,Male,Poland,Gdansk,Employed,3.1,43864.77,3655.4,2021-03-31
CUST0000322,Emma,Dubois,1987-08-24,Female,Germany,Hamburg,Self-employed,4.3,111299.55,9274.96,2021-04-27
CUST0000323,Tomasz,Novak,1968-08-23,Female,France,Lyon,Unemployed,1.1,9769.71,814.14,2022-08-08
CUST0000324,Julia,Dubois,1973-08-23,Female,Poland,Krakow,Unemployed,0.5,6930.09,577.51,2020-01-01
CUST0000325,Anna,Andersson,1959-08-24,Male,Germany,Berlin,Unemployed,0.5,,473.56,2022-02-12
CUST0000326,Anna,Rossi,1974-08-24,Female,Poland,Krakow,Retired,9.6,26657.57,2221.46,2022-07-19
CUST0000327,Elena,Fischer,2006-08-24,Female,Poland,Gdansk,Employed,2.0,56114.35,4676.2,2020-06-09
CUST0000328,Maria,Silva,1985-08-23,Female,France,Paris,Self-employed,9.4,61027.82,5085.65,2022-06-20
CUST0000329,Marco,Rossi,2000-08-23,Female,Poland,Warsaw,Student,0.6,14760.02,1230.0,2024-02-27
CUST0000330,Tomasz,Lopez,1991-08-24,Female,France,Marseille,Employed,2.1,27101.35,2258.45,2022-02-24
CUST0000331,Tomasz,Andersson,1963-08-24,Female,Poland,Wroclaw,Employed,11.0,67164.84,5597.07,2019-01-07
CUST0000332,Julia,Smith,1975-08-24,Male,United Kingdom,London,Student,1.2,,727.44,2024-05-17
CUST0000333,Felix,Nowak,1994-08-24,Male,Poland,Wroclaw,Employed,14.0,30286.64,2523.89,2023-06-04
CUST0000334,Nina,Lopez,1998-08-24,Female,Italy,Turin,Employed,3.3,85359.11,7113.26,2022-03-18
CUST0000335,Felix,Novak,1984-08-23,Male,Poland,Krakow,Employed,15.1,68553.48,5712.79,2019-03-05
CUST0000336,Laura,Andersson,2001-08-23,Male,France,Lyon,Employed,3.9,111383.42,9281.95,2019-09-06
CUST0000337,Felix,Fischer,1993-08-23,Female,Poland,Poznan,Employed,10.1,69986.97,5832.25,2019-08-10
CUST0000338,Tomasz,Silva,1980-08-23,Female,Poland,Wroclaw,Employed,2.1,43119.88,3593.32,2025-07-07
CUST0000339,Julia,Garcia,1968-08-23,Female,Germany,Frankfurt,Retired,6.8,10568.16,880.68,2021-05-12
CUST0000340,Diego,Garcia,1975-08-24,Female,Italy,Rome,Employed,1.0,34664.18,2888.68,2022-04-02
CUST0000341,Diego,Nowak,2008-08-23,Male,Italy,Rome,Employed,0.0,53065.94,4422.16,2024-04-28
CUST0000342,Jan,Kowalski,1980-08-23,Non-binary,Poland,Warsaw,Retired,2.1,25902.43,2158.54,2024-01-05
CUST0000343,Elena,Novak,1983-08-24,Female,Poland,Poznan,Unemployed,0.9,,213.34,2019-06-29
CUST0000344,Hugo,Fischer,1978-08-24,Male,United Kingdom,Manchester,Employed,4.6,49574.13,4131.18,2026-02-10
CUST0000345,Elena,Muller,1961-08-23,Female,France,Lyon,Employed,5.4,83260.3,6938.36,2021-01-10
CUST0000346,Hugo,Silva,2008-08-23,Male,Poland,Poznan,Self-employed,0.0,76660.03,6388.34,2024-11-13
CUST0000347,Elena,Nowak,1992-08-23,Male,Spain,Barcelona,Retired,9.0,32185.12,2682.09,2025-05-13
CUST0000348,Sofia,Dubois,1976-08-23,Female,France,Paris,Employed,7.3,34870.44,2905.87,2023-02-13
CUST0000349,Piotr,Fischer,2006-08-24,Female,United Kingdom,Manchester,Employed,2.0,114409.31,9534.11,2020-03-28
CUST0000350,Piotr,Fischer,1963-08-24,Male,Germany,Munich,Self-employed,8.8,77938.57,6494.88,2023-03-03
CUST0000351,Sofia,Lopez,1979-08-24,Non-binary,Germany,Munich,Self-employed,9.2,7577.0,631.42,2020-11-14
CUST0000352,Piotr,Rossi,1972-08-23,Female,Poland,Wroclaw,Employed,2.4,83958.6,6996.55,2025-06-30
CUST0000353,Lucas,Lopez,1992-08-23,Female,Spain,Valencia,Retired,13.3,41911.1,3492.59,2024-10-08
CUST0000354,Piotr,Novak,1973-08-23,Female,Poland,Krakow,Unemployed,1.2,5069.87,422.49,2025-04-19
CUST0000355,Maria,Rossi,1969-08-23,Male,Spain,Madrid,Self-employed,7.6,46066.14,3838.84,2025-05-02
CUST0000356,Julia,Rossi,1981-08-23,Male,Spain,Barcelona,Self-employed,11.8,24964.52,2080.38,2020-05-13
CUST0000357,Nina,Nowak,1981-08-23,Male,Spain,Madrid,Self-employed,6.3,27902.09,2325.17,2019-03-26
CUST0000358,Maria,Moreau,1980-08-23,Male,Poland,Warsaw,Employed,18.7,52308.05,4359.0,2023-10-16
CUST0000359,Julia,Muller,1996-08-23,Male,Poland,Wroclaw,Employed,7.1,109385.53,9115.46,2023-09-11
CUST0000360,Laura,Garcia,1986-08-24,Male,Germany,Hamburg,Self-employed,6.2,124623.52,10385.29,2025-08-14
CUST0000361,Hugo,Dubois,1986-08-24,Female,France,Lyon,Employed,8.8,37585.88,3132.16,2023-11-17
CUST0000362,Jan,Nowak,1979-08-24,Male,Italy,Rome,Employed,21.4,62794.68,5232.89,2025-02-21
CUST0000363,Hugo,Fischer,1970-08-24,Female,Germany,Frankfurt,Employed,4.0,29203.95,2433.66,2021-08-31
CUST0000364,Anna,Andersson,1999-08-24,Female,Italy,Milan,Self-employed,8.4,38232.91,3186.08,2019-12-15
CUST0000365,Piotr,Muller,1986-08-24,Male,Poland,Warsaw,Self-employed,4.3,160602.6,13383.55,2019-04-17
CUST0000366,Marco,Muller,1963-08-24,Male,Germany,Munich,Employed,6.2,110709.98,9225.83,2022-05-01
CUST0000367,Diego,Kowalski,1994-08-24,Male,Poland,Krakow,Employed,3.1,24774.82,2064.57,2019-01-06
CUST0000368,Piotr,Lopez,1996-08-23,Female,Spain,Barcelona,Employed,9.1,28597.24,2383.1,2022-12-18
CUST0000369,Nina,Smith,1981-08-23,Male,Poland,Wroclaw,Student,0.3,8310.61,692.55,2022-01-24
CUST0000370,Felix,Andersson,1972-08-23,Female,Poland,Wroclaw,Retired,11.6,21539.87,1794.99,2020-12-21
CUST0000371,Felix,Muller,1984-08-23,Female,Spain,Barcelona,Employed,14.0,41915.25,3492.94,2023-07-10
CUST0000372,Sofia,Garcia,1965-08-23,Female,France,Marseille,Employed,15.5,96609.52,8050.79,2024-03-12
CUST0000373,Jan,Jansen,1972-08-23,Male,Poland,Gdansk,Self-employed,4.5,-18834.34,1569.53,2019-04-21
CUST0000374,Piotr,Muller,1972-08-23,Female,Poland,Wroclaw,Employed,8.8,77989.72,6499.14,2022-08-23
CUST0000375,Nina,Silva,1976-08-23,Male,France,Marseille,Student,1.1,22190.85,1849.24,2026-03-09
CUST0000376,Piotr,Moreau,1951-08-24,Female,Poland,Gdansk,Employed,3.0,52040.44,4336.7,2021-04-10
CUST0000377,Laura,Rossi,1987-08-24,Female,Poland,Gdansk,Employed,7.2,78939.05,6578.25,2024-12-21
CUST0000378,Marco,Silva,2008-08-23,Male,France,Paris,Employed,0.0,-45728.75,3810.73,2021-07-29
CUST0000379,Nina,Moreau,1962-08-24,Female,Poland,Wroclaw,Employed,21.2,68782.04,5731.84,2021-01-28
CUST0000380,Tomasz,Moreau,1990-08-24,Male,France,Lyon,Employed,16.1,111520.41,9293.37,2025-07-20
CUST0000381,Tomasz,Kowalski,1982-08-24,Male,Germany,Berlin,Unemployed,1.0,6569.99,547.5,2021-09-22
CUST0000382,Nina,Nowak,1966-08-24,Female,Poland,Warsaw,Employed,9.9,47561.41,3963.45,2025-08-16
CUST0000383,Felix,Lopez,2006-08-24,Male,Poland,Poznan,Employed,2.0,35485.61,2957.13,2024-01-03
CUST0000384,Marco,Moreau,2002-08-24,Male,Poland,Wroclaw,Self-employed,6.0,23583.45,1965.29,2025-03-18
CUST0000385,Julia,Rossi,2006-08-24,Male,Poland,Gdansk,Unemployed,0.1,3480.78,290.06,2025-03-25
CUST0000386,Laura,Jansen,1995-08-24,Male,Poland,Poznan,Employed,3.8,60706.63,5058.89,2025-12-27
CUST0000387,Diego,Silva,1978-08-24,Male,Italy,Rome,Employed,14.5,75002.46,6250.21,2023-03-30
CUST0000388,Lucas,Andersson,1977-08-23,Male,Spain,Valencia,Employed,4.8,52692.47,4391.04,2026-04-13
CUST0000389,Marco,Novak,1895-07-10,Female,Germany,Munich,Employed,4.0,76084.3,6340.36,2019-06-16
CUST0000390,Diego,Dubois,2004-08-23,Male,France,Lyon,Unemployed,1.4,8722.03,726.84,2022-10-05
CUST0000391,Felix,Moreau,2008-08-23,Male,France,Marseille,Employed,0.0,44109.37,3675.78,2022-01-12
CUST0000392,Tomasz,Kowalski,1983-08-24,Male,Spain,Barcelona,Employed,10.1,55756.23,4646.35,2019-09-28
CUST0000393,Jan,Kowalski,2029-08-13,Male,Poland,Warsaw,Freelance,7.2,79179.43,6598.29,2025-09-05
CUST0000394,Sofia,Lopez,1978-08-24,Female,Poland,Warsaw,Employed,11.4,62582.12,5215.18,2025-02-12
CUST0000395,Lucas,Muller,1974-08-24,Male,Poland,Wroclaw,Employed,9.3,59193.92,4932.83,2024-09-22
CUST0000396,Hugo,Lopez,1982-08-24,Non-binary,Poland,Warsaw,Employed,26.0,113419.88,9451.66,2023-11-05
CUST0000397,Laura,Rossi,1973-08-23,Female,Poland,Warsaw,Retired,7.8,27373.49,2281.12,2023-08-09
CUST0000398,Diego,Dubois,1981-08-23,Female,Italy,Turin,Self-employed,4.8,37775.27,3147.94,2021-11-28
CUST0000399,Anna,Kowalski,1977-08-23,Male,Italy,Rome,Employed,6.6,59759.49,4979.96,2024-03-23
CUST0000400,Lucas,Lopez,1994-08-24,Female,Poland,Warsaw,Self-employed,9.2,60005.49,5000.46,2026-06-17
CUST0000401,Hugo,Dubois,1987-08-24,Male,Germany,Hamburg,Employed,20.4,50697.86,4224.82,2020-12-02
CUST0000402,Felix,Muller,1981-08-23,Female,Germany,Berlin,Employed,10.5,66207.83,5517.32,2021-08-03
CUST0000403,Maria,Smith,1973-08-23,Female,Germany,Munich,Employed,3.4,75819.32,6318.28,2019-11-02
CUST0000404,Elena,Muller,1990-08-24,Male,France,Marseille,Employed,18.0,78405.52,6533.79,2025-12-10
CUST0000405,Anna,Fischer,1977-08-23,Male,Poland,Poznan,Employed,13.6,73745.02,6145.42,2023-01-20
CUST0000406,Piotr,Nowak,1988-08-23,Male,Italy,Turin,Retired,3.2,31111.61,2592.63,2023-07-14
CUST0000407,Diego,Smith,1986-08-24,Male,Netherlands,Rotterdam,Employed,2.4,26199.4,2183.28,2021-01-14
CUST0000408,Nina,Dubois,1972-08-23,Male,United Kingdom,Manchester,Unemployed,0.3,9791.77,815.98,2019-04-13
CUST0000409,Felix,Kowalski,2008-08-23,Male,United Kingdom,London,Self-employed,0.0,41832.06,3486.0,2025-02-25
CUST0000410,Tomasz,Kowalski,2002-08-24,Male,France,Lyon,Employed,6.0,17860.91,,2025-07-30
CUST0000411,Tomasz,Jansen,2005-08-23,Male,Poland,Warsaw,Employed,3.0,84467.84,7038.99,2021-08-10
CUST0000412,Julia,Dubois,2008-08-23,Male,Poland,Gdansk,Employed,0.0,57715.23,4809.6,2024-10-29
CUST0000413,Julia,Nowak,1993-08-23,Female,France,Paris,Employed,2.5,48756.14,4063.01,2023-05-17
CUST0000414,Julia,Nowak,1974-08-24,Female,Poland,Krakow,Employed,10.7,71126.94,5927.24,2023-11-30
CUST0000415,Sofia,Fischer,1988-08-23,Male,Spain,Barcelona,Student,0.2,7798.55,649.88,2020-04-27
CUST0000416,Diego,Novak,1981-08-23,Male,Germany,Munich,Retired,2.8,16349.0,1362.42,2023-09-13
CUST0000417,Marco,Silva,1969-08-23,Male,Germany,Munich,Employed,7.2,115607.09,9633.92,2020-03-26
CUST0000418,Tomasz,Fischer,1965-08-23,Female,Poland,Krakow,Employed,8.3,94124.57,7843.71,2020-09-03
CUST0000419,Laura,Kowalski,1985-08-23,Male,Netherlands,Amsterdam,Employed,9.0,78375.5,6531.29,2021-09-23
CUST0000420,Julia,Andersson,1965-08-23,Female,Poland,Gdansk,Student,0.7,13176.26,1098.02,2020-08-22
CUST0000421,Tomasz,Novak,1983-08-24,Male,Poland,Wroclaw,Employed,6.2,35125.6,2927.13,2025-12-14
CUST0000422,Anna,Muller,1996-08-23,Male,Poland,Gdansk,Employed,12.0,39121.71,3260.14,2019-03-23
CUST0000423,Marco,Jansen,1992-08-23,Male,United Kingdom,Birmingham,Self-employed,2.6,42083.5,3506.96,2025-11-29
CUST0000424,Lucas,Novak,2005-08-23,Male,Netherlands,Rotterdam,Employed,3.0,18146.36,1512.2,2020-03-06
CUST0000425,Emma,Silva,1996-08-23,Female,Poland,Gdansk,Employed,0.9,63195.71,,2025-08-27
CUST0000426,Elena,Garcia,1989-08-23,Female,Italy,Rome,Self-employed,5.0,38772.03,3231.0,2021-07-28
CUST0000427,Elena,Andersson,1973-08-23,Male,Poland,Gdansk,Employed,7.6,82275.63,6856.3,2026-01-16
CUST0000428,Hugo,Novak,1960-08-23,Male,United Kingdom,Manchester,Employed,12.0,88624.16,7385.35,2023-02-19
CUST0000429,Marco,Kowalski,2003-08-24,Male,Poland,Poznan,Employed,1.0,64381.87,5365.16,2022-09-29
CUST0000430,Anna,Jansen,1890-11-22,Female,Germany,Berlin,Employed,7.5,48366.8,4030.57,2020-01-01
CUST0000431,Nina,Jansen,1999-08-24,Female,United Kingdom,London,Student,0.8,7496.97,624.75,2022-04-25
CUST0000432,Elena,Dubois,1977-08-23,Female,France,Marseille,Employed,9.5,41469.53,3455.79,2023-04-07
CUST0000433,Lucas,Kowalski,1986-08-24,Female,Poland,Wroclaw,Self-employed,2.2,51681.23,4306.77,2026-07-09
CUST0000434,Diego,Nowak,2008-08-23,Female,Spain,Madrid,Employed,0.0,33938.42,2828.2,2021-01-05
CUST0000435,Elena,Novak,1971-08-24,Male,Netherlands,Rotterdam,Self-employed,9.7,74911.44,6242.62,2019-08-20
CUST0000436,Julia,Fischer,1992-08-23,Male,Germany,Berlin,Student,0.8,3576.02,298.0,2020-12-10
CUST0000437,Piotr,Dubois,1991-08-24,Female,United Kingdom,Manchester,Employed,8.1,48445.97,4037.16,2020-11-09
CUST0000438,Anna,Lopez,1999-08-24,Female,Spain,Valencia,Student,0.6,4901.48,408.46,2026-04-01
CUST0000439,Nina,Moreau,1993-08-23,Female,Poland,Poznan,Self-employed,6.3,136610.25,11384.19,2020-02-24
CUST0000440,Julia,Andersson,1978-08-24,Male,Italy,Milan,Self-employed,1.9,40199.36,3349.95,2026-08-03
CUST0000441,Maria,Silva,1987-08-24,Female,Poland,Krakow,Employed,3.6,32979.33,2748.28,2019-11-12
CUST0000442,Anna,Lopez,1979-08-24,Male,Spain,Valencia,Self-employed,24.0,41809.31,3484.11,2025-03-16
CUST0000443,Felix,Silva,1979-08-24,Male,Poland,Warsaw,Employed,4.7,105070.41,8755.87,2022-03-04
CUST0000444,Marco,Lopez,1966-08-24,Female,Poland,Warsaw,Retired,5.2,34782.65,2898.55,2019-06-01
CUST0000445,Marco,Lopez,1989-08-23,Male,France,Paris,Retired,5.2,27792.52,2316.04,2023-09-11
CUST0000446,Laura,Muller,2005-08-23,Male,France,Marseille,Employed,3.0,28610.21,2384.18,2024-07-28
CUST0000447,Marco,Andersson,1969-08-23,Female,Italy,Milan,Retired,5.4,20465.49,1705.46,2025-05-31
CUST0000448,Elena,Novak,1989-08-23,Female,Netherlands,Amsterdam,Retired,6.4,26831.39,2235.95,2020-05-13
CUST0000449,Laura,Fischer,1968-08-23,Male,Poland,Warsaw,Employed,7.5,47501.41,3958.45,2023-09-21
CUST0000450,Marco,Rossi,1979-08-24,Male,Poland,Warsaw,Employed,12.8,24009.16,,2023-05-09
CUST0000451,Sofia,Moreau,1986-08-24,Male,Germany,Frankfurt,Employed,6.4,57846.3,4820.53,2022-05-20
CUST0000452,Diego,Smith,1979-08-24,Male,Germany,Munich,Employed,7.0,51308.61,4275.72,2025-11-01
CUST0000453,Tomasz,Dubois,1957-08-23,Female,Germany,Berlin,Employed,4.1,43014.22,3584.52,2022-03-27
CUST0000454,Elena,Muller,1955-08-24,Male,Italy,Rome,Student,0.9,11124.44,927.04,2021-11-27
CUST0000455,Marco,Rossi,1983-08-24,Male,Spain,Barcelona,Employed,10.1,35717.86,,2023-01-07
CUST0000456,Anna,Lopez,1982-08-24,Female,Poland,Wroclaw,Self-employed,10.6,35438.98,2953.25,2026-02-07
CUST0000457,Elena,Novak,1969-08-23,Male,Germany,Frankfurt,Self-employed,21.6,140378.67,11698.22,2025-08-19
CUST0000458,Piotr,Novak,1996-08-23,Male,France,Paris,Self-employed,3.3,72809.09,6067.42,2024-06-01
CUST0000459,Diego,Moreau,1979-08-24,Male,Germany,Berlin,Employed,6.6,51220.93,4268.41,2019-08-14
CUST0000460,Hugo,Garcia,1984-08-23,Female,Poland,Warsaw,Employed,5.5,-40288.59,3357.38,2021-04-20
CUST0000461,Piotr,Andersson,1980-08-23,Female,Germany,Munich,Self-employed,19.0,15583.99,1298.67,2019-02-12
CUST0000462,Nina,Dubois,1996-08-23,Male,Germany,Hamburg,Employed,10.9,50258.27,4188.19,2019-09-23
CUST0000463,Jan,Fischer,2006-08-24,Male,Poland,Poznan,Employed,1.4,110744.36,9228.7,2025-05-11
CUST0000464,Emma,Dubois,2008-08-23,Male,Spain,Madrid,Self-employed,0.0,12725.83,1060.49,2025-03-27
CUST0000465,Marco,Fischer,2000-08-23,Male,Poland,Poznan,Employed,4.9,54128.06,4510.67,2019-10-14
CUST0000466,Laura,Novak,1990-08-24,Female,France,Lyon,Employed,1.6,61000.29,5083.36,2022-07-03
CUST0000467,Julia,Novak,1988-08-23,Female,France,Paris,Employed,7.0,42257.61,3521.47,2021-02-18
CUST0000468,Tomasz,Moreau,1957-08-23,Female,Italy,Turin,Employed,4.2,35977.01,2998.08,2019-07-23
CUST0000469,Lucas,Fischer,1969-08-23,Female,Poland,Wroclaw,Unemployed,0.5,4508.62,375.72,2021-12-01
CUST0000470,Hugo,Rossi,1997-08-23,Female,Poland,Warsaw,,8.2,51437.63,4286.47,2019-10-16
CUST0000471,Maria,Jansen,1979-08-24,Male,Poland,Krakow,Retired,4.8,23954.84,1996.24,2024-08-17
CUST0000472,Hugo,Smith,1990-08-24,Female,Germany,Frankfurt,Retired,2.8,32417.39,2701.45,2026-05-24
CUST0000473,Anna,Kowalski,1988-08-23,Female,Poland,,Employed,6.2,145912.02,12159.34,2022-03-26
CUST0000474,Jan,Silva,1981-08-23,Male,Spain,Madrid,Employed,17.9,50156.49,4179.71,2020-11-09
CUST0000475,Hugo,Smith,1975-08-24,Female,Poland,Poznan,Employed,5.5,58941.51,4911.79,2022-10-27
CUST0000476,Maria,Dubois,1989-08-23,Female,Poland,Krakow,Retired,6.3,22488.14,1874.01,2026-05-23
CUST0000477,Nina,Nowak,1969-08-23,Male,Germany,Munich,Self-employed,14.0,29908.81,,2020-03-21
CUST0000478,Maria,Jansen,2000-08-23,Female,Spain,Madrid,Employed,8.0,36606.82,3050.57,2024-03-17
CUST0000479,Maria,Silva,1984-08-23,Male,Italy,Turin,Employed,11.7,16854.76,1404.56,2019-09-18
CUST0000480,Elena,Nowak,1948-08-23,Male,United Kingdom,Birmingham,Employed,8.6,37411.31,3117.61,2021-04-19
CUST0000481,Maria,Silva,1981-08-23,Female,France,Paris,Employed,8.3,141292.75,11774.4,2022-05-12
CUST0000482,Elena,Muller,1964-08-23,Male,United Kingdom,Manchester,Employed,1.3,62438.44,5203.2,2021-12-07
CUST0000483,Marco,Muller,1983-08-24,Male,United Kingdom,Birmingham,Employed,2.4,97915.58,8159.63,2020-05-13
CUST0000484,Nina,Dubois,1976-08-23,Male,Poland,Wroclaw,Unemployed,1.2,9051.19,754.27,2024-12-10
CUST0000485,Felix,Dubois,1985-08-23,Male,France,Paris,Employed,3.0,-42722.11,3560.18,2024-02-23
CUST0000486,Jan,Moreau,1986-08-24,Male,Spain,Valencia,Employed,6.2,18943.97,1578.66,2022-05-01
CUST0000487,Marco,Kowalski,1995-08-24,Male,Poland,Krakow,Self-employed,2.2,53411.1,4450.92,2022-03-15
CUST0000488,Tomasz,Rossi,1978-08-24,Male,United Kingdom,Manchester,Student,0.9,12893.85,1074.49,2019-07-28
CUST0000489,Diego,Novak,1996-08-23,Female,Germany,Munich,Employed,3.3,31124.97,2593.75,2024-01-19
CUST0000490,Maria,Garcia,1975-08-24,Male,France,Marseille,Retired,2.8,26713.01,2226.08,2020-10-03
CUST0000491,Maria,Lopez,1969-08-23,Male,Poland,Wroclaw,Employed,1.7,57674.12,4806.18,2021-04-20
CUST0000492,Marco,Novak,1979-08-24,Male,United Kingdom,Birmingham,Retired,10.5,21339.78,1778.31,2025-07-30
CUST0000493,Piotr,Lopez,1988-08-23,Female,Italy,Turin,Employed,6.2,,4693.82,2023-11-29
CUST0000494,Sofia,Lopez,1978-08-24,Female,Poland,Gdansk,Self-employed,13.7,50063.9,4171.99,2024-04-28
CUST0000495,Maria,Nowak,1988-08-23,Male,Germany,Frankfurt,Employed,4.1,49749.72,4145.81,2021-01-09
CUST0000496,Diego,Smith,1971-08-24,Male,Poland,Gdansk,Student,0.5,11098.6,924.88,2022-10-31
CUST0000497,Nina,Novak,2008-08-23,Female,Poland,Gdansk,Retired,0.0,17284.48,1440.37,2019-02-08
CUST0000498,Maria,Kowalski,1989-08-23,Female,Netherlands,Utrecht,Full-time,15.7,44448.31,3704.03,2020-11-16
CUST0000499,Julia,Smith,2008-08-23,Female,Germany,Hamburg,Employed,0.0,71227.69,5935.64,2025-02-12
CUST0000500,Laura,Andersson,2005-08-23,Male,Germany,Berlin,Employed,3.0,40052.62,3337.72,2022-08-18
CUST0000501,Laura,Fischer,1965-08-23,Female,Poland,Warsaw,Employed,8.5,59267.68,4938.97,2023-11-09
CUST0000502,Felix,Dubois,1971-08-24,Male,Netherlands,Utrecht,Self-employed,17.4,73824.1,6152.01,2025-01-12
CUST0000503,Laura,Moreau,1994-08-24,Female,Poland,Krakow,Self-employed,3.1,41394.73,3449.56,2026-03-01
CUST0000504,Laura,Andersson,2005-08-23,Female,United Kingdom,Birmingham,Employed,1.2,52729.1,4394.09,2019-08-16
CUST0000505,Anna,Kowalski,2008-08-23,Female,Poland,Gdansk,Employed,0.0,41117.34,3426.44,2023-06-11
CUST0000506,Jan,Garcia,1992-08-23,Male,Poland,Poznan,Retired,11.5,28415.78,2367.98,2026-08-10
CUST0000507,Tomasz,Lopez,1950-08-24,Male,United Kingdom,Birmingham,Employed,6.5,35305.24,2942.1,2020-07-12
CUST0000508,Elena,Kowalski,1978-08-24,Male,Poland,Krakow,Self-employed,9.2,121874.96,10156.25,2025-07-29
CUST0000509,Emma,Nowak,1992-08-23,Male,United Kingdom,Manchester,Employed,2.5,41116.73,3426.39,2023-06-09
CUST0000510,Laura,Rossi,1977-08-23,Female,Poland,Gdansk,Employed,5.3,111026.11,9252.18,2021-06-07
CUST0000511,Piotr,Lopez,2006-08-24,Male,Spain,Valencia,Employed,2.0,78118.88,6509.91,2024-12-27
CUST0000512,Lucas,Andersson,1988-08-23,Female,Spain,Madrid,Employed,1.5,74787.66,6232.3,2025-08-28
CUST0000513,Nina,Muller,1983-08-24,Female,United Kingdom,Birmingham,,6.7,79311.72,6609.31,2020-02-03
CUST0000514,Laura,Dubois,1985-08-23,Female,Poland,Wroclaw,Employed,4.9,36187.86,3015.66,2024-03-19
CUST0000515,Jan,Lopez,1973-08-23,Female,United Kingdom,Birmingham,,34.5,56792.76,4732.73,2026-02-28
CUST0000516,Elena,Garcia,1979-08-24,Male,Netherlands,Rotterdam,Self-employed,6.3,100708.3,8392.36,2024-02-05
CUST0000517,Elena,Silva,1975-08-24,Male,Poland,Poznan,Employed,18.1,30992.12,2582.68,2023-03-09
CUST0000518,Lucas,Smith,1994-08-24,Male,Poland,Warsaw,Employed,9.1,82998.56,6916.55,2020-01-26
CUST0000519,Marco,Novak,1971-08-24,Male,Spain,Barcelona,Self-employed,5.7,16286.04,1357.17,2022-06-11
CUST0000520,Julia,Novak,1961-08-23,Male,Poland,Poznan,Self-employed,16.3,49519.51,4126.63,2025-12-05
CUST0000521,Nina,Fischer,1998-08-24,Female,United Kingdom,Birmingham,Employed,2.2,71733.99,5977.83,2025-02-10
CUST0000522,Lucas,Nowak,1996-08-23,Female,Spain,Madrid,Employed,4.4,53085.57,4423.8,2022-06-11
CUST0000523,Anna,Smith,1965-08-23,Female,Poland,Warsaw,Unemployed,1.5,5733.3,477.78,2021-05-12
CUST0000524,Jan,Andersson,1987-08-24,Male,France,Marseille,Employed,0.5,41287.58,3440.63,2025-02-21
CUST0000525,Nina,Dubois,1964-08-23,Non-binary,France,Lyon,Self-employed,6.2,52258.34,4354.86,2026-05-26
CUST0000526,Nina,Andersson,1990-08-24,Female,Poland,Gdansk,Employed,6.1,27537.7,2294.81,2021-04-16
CUST0000527,Nina,Silva,1964-08-23,Male,Italy,Rome,Self-employed,7.7,71676.69,5973.06,2025-03-14
CUST0000528,Maria,Dubois,1982-08-24,Male,Poland,Krakow,Employed,5.3,72758.99,6063.25,2021-05-10
CUST0000529,Maria,Nowak,1980-08-23,Male,Germany,Berlin,Self-employed,11.7,16485.0,1373.75,2025-04-29
CUST0000530,Emma,Lopez,1962-08-24,Male,Italy,Turin,Employed,3.3,81601.28,6800.11,2026-05-18
CUST0000531,Piotr,Fischer,1989-08-23,Male,Poland,Gdansk,Employed,12.8,40708.15,3392.35,2024-01-27
CUST0000532,Emma,Moreau,1997-08-23,Male,Spain,Madrid,Employed,2.4,35681.26,2973.44,2022-10-19
CUST0000533,Julia,Rossi,1990-08-24,Male,Poland,Krakow,Self-employed,8.2,41108.26,3425.69,2021-05-27
CUST0000534,Sofia,Rossi,1978-08-24,Female,Germany,Frankfurt,Employed,15.0,92963.69,7746.97,2019-06-17
CUST0000535,Jan,Rossi,2006-08-24,Male,Poland,Warsaw,Employed,2.0,37390.65,3115.89,2019-05-27
CUST0000536,Emma,Kowalski,1975-08-24,Female,United Kingdom,Birmingham,Self-employed,3.7,60539.37,5044.95,2025-05-23
CUST0000537,Hugo,Muller,1992-08-23,Male,Spain,Valencia,Employed,13.2,114708.29,9559.02,2024-01-22
CUST0000538,Tomasz,Rossi,1968-08-23,Female,Italy,Rome,Employed,7.3,49198.23,4099.85,2020-09-26
CUST0000539,Marco,Lopez,2008-08-23,Female,Netherlands,,Unemployed,0.6,11343.76,945.31,2023-03-22
CUST0000540,Sofia,Muller,1995-08-24,Female,United Kingdom,Birmingham,Unemployed,1.1,18568.79,1547.4,2025-09-20
CUST0000541,Tomasz,Jansen,2008-08-23,Female,Spain,Madrid,Retired,0.0,17534.76,1461.23,2023-12-15
CUST0000542,Maria,Jansen,1996-08-23,Female,France,Lyon,Employed,12.0,45703.45,3808.62,2026-01-03
CUST0000543,Diego,Dubois,1981-08-23,Female,Italy,Rome,Employed,8.0,52831.49,4402.62,2019-11-25
CUST0000544,Diego,Moreau,1987-08-24,Female,United Kingdom,Manchester,Unemployed,1.2,3327.34,277.28,2019-07-23
CUST0000545,Anna,Nowak,1988-08-23,Female,Italy,Milan,Employed,19.3,48680.9,4056.74,2024-02-05
CUST0000546,Felix,Moreau,1986-08-24,Male,Poland,Poznan,Self-employed,12.3,68911.39,5742.62,2023-06-15
CUST0000547,Anna,Novak,1981-08-23,Male,Germany,Frankfurt,Employed,5.1,80959.77,6746.65,2024-04-06
CUST0000548,Lucas,Rossi,1998-08-24,Male,United Kingdom,Manchester,Retired,5.7,33571.97,2797.66,2026-07-04
CUST0000549,Laura,Novak,1974-08-24,Female,Poland,Poznan,Self-employed,14.6,111488.84,,2019-11-01
CUST0000550,Marco,Smith,1975-08-24,Female,Poland,Poznan,Employed,7.9,,6261.18,2026-02-13
CUST0000551,Piotr,Lopez,1979-08-24,Male,Netherlands,Utrecht,Employed,7.0,81114.71,6759.56,2019-06-19
CUST0000552,Anna,Kowalski,1976-08-23,Female,Germany,Berlin,Employed,5.0,54461.25,4538.44,2023-01-07
CUST0000553,Hugo,Kowalski,1980-08-23,Female,Poland,Krakow,Employed,14.2,45255.0,3771.25,2025-05-12
CUST0000554,Anna,Jansen,1956-08-23,Male,Poland,Krakow,Self-employed,3.2,76183.1,6348.59,2024-03-15
CUST0000555,Lucas,Lopez,1985-08-23,Male,Germany,Hamburg,Employed,4.4,49921.59,4160.13,2020-09-13
CUST0000556,Emma,Kowalski,1988-08-23,Female,United Kingdom,Birmingham,Employed,14.1,45801.34,3816.78,2023-08-15
CUST0000557,Felix,Novak,1995-08-24,Male,Netherlands,Amsterdam,Employed,13.0,100422.79,8368.57,2025-11-24
CUST0000558,Elena,Lopez,1998-08-24,Female,Netherlands,Amsterdam,Self-employed,10.0,47580.49,3965.04,2020-07-21
CUST0000559,Diego,Smith,2001-08-23,Male,United Kingdom,Manchester,Employed,6.2,77657.64,6471.47,2026-03-03
CUST0000560,Hugo,Moreau,1996-08-23,Female,United Kingdom,Manchester,Employed,5.1,48545.59,4045.47,2023-12-29
CUST0000561,Julia,Novak,1985-08-23,Female,Poland,Krakow,Retired,5.5,31151.92,2595.99,2019-08-31
CUST0000562,Marco,Muller,1979-08-24,Male,Italy,Rome,Employed,1.4,32982.74,2748.56,2021-07-19
CUST0000563,Maria,Fischer,1983-08-24,Female,Poland,Gdansk,,0.7,92326.32,7693.86,2025-08-04
CUST0000564,Felix,Andersson,1995-08-24,Male,Poland,Gdansk,Student,1.4,16185.28,1348.77,2021-08-01
CUST0000565,Emma,Kowalski,1971-08-24,Female,Netherlands,Utrecht,Employed,4.8,53276.32,4439.69,2026-03-29
CUST0000566,Emma,Jansen,1974-08-24,Male,Italy,Milan,Retired,3.4,18985.94,1582.16,2022-03-19
CUST0000567,Maria,Andersson,1986-08-24,Male,Poland,Krakow,Self-employed,7.0,74668.18,6222.35,2021-08-15
CUST0000568,Sofia,Fischer,1993-08-23,Male,United Kingdom,Manchester,Self-employed,8.1,42677.11,3556.43,2025-07-08
CUST0000569,Laura,Novak,1976-08-23,Male,Germany,Berlin,Employed,5.8,48082.15,4006.85,2025-01-02
CUST0000570,Emma,Smith,1981-08-23,Female,Poland,Krakow,Employed,6.0,97546.0,8128.83,2020-10-27
CUST0000571,Tomasz,Rossi,2004-08-23,Male,Poland,Wroclaw,Employed,4.0,40295.64,3357.97,2024-12-21
CUST0000572,Piotr,Muller,1985-08-23,Female,Poland,Wroclaw,Employed,10.9,46558.54,3879.88,2020-12-01
CUST0000573,Jan,Nowak,1980-08-23,Male,France,Paris,Employed,4.1,45352.44,3779.37,2025-11-06
CUST0000574,Elena,Silva,1997-08-23,Male,Germany,Frankfurt,Employed,2.8,28384.89,2365.41,2019-01-21
CUST0000575,Emma,Lopez,1981-08-23,Male,France,Paris,Self-employed,4.6,51781.81,4315.15,2024-01-24
CUST0000576,Marco,Nowak,2004-08-23,Male,Poland,Wroclaw,Employed,4.0,56998.82,4749.9,2020-03-08
CUST0000577,Sofia,Andersson,1965-08-23,Male,Netherlands,Rotterdam,Self-employed,11.3,83960.22,6996.68,2024-03-05
CUST0000578,Laura,Silva,1967-08-24,Female,United Kingdom,Manchester,Retired,21.9,31037.57,2586.46,2026-06-26
CUST0000579,Tomasz,Muller,1988-08-23,Male,Italy,Turin,Self-employed,7.0,46752.87,3896.07,2024-02-08
CUST0000580,Emma,Muller,1979-08-24,Male,Poland,Poznan,Unemployed,0.8,9234.48,769.54,2022-04-26
CUST0000581,Elena,Garcia,2008-08-23,Female,United Kingdom,Birmingham,Self-employed,0.0,56937.59,4744.8,2025-04-18
CUST0000582,Elena,Andersson,2000-08-23,Male,Italy,Milan,Employed,3.3,35998.72,2999.89,2020-06-29
CUST0000583,Piotr,Rossi,1988-08-23,Female,Poland,Krakow,Employed,9.0,41168.59,3430.72,2023-02-25
CUST0000584,Laura,Fischer,1999-08-24,Female,Poland,Wroclaw,Retired,9.0,19982.09,1665.17,2026-05-21
CUST0000585,Felix,Dubois,1974-08-24,Female,Poland,Wroclaw,Self-employed,7.5,90362.91,7530.24,2021-09-21
CUST0000586,Lucas,Nowak,1956-08-23,Female,Poland,Krakow,Unemployed,0.4,12347.85,,2019-03-17
CUST0000587,Anna,Nowak,2000-08-23,Male,Germany,Munich,Student,0.4,10988.47,915.71,2022-05-18
CUST0000588,Maria,Dubois,1996-08-23,Male,Poland,Warsaw,Employed,12.0,39991.49,3332.62,2022-09-14
CUST0000589,Laura,Dubois,1981-08-23,Male,Poland,Wroclaw,Employed,3.4,38786.27,3232.19,2025-03-17
CUST0000590,Elena,Novak,1961-08-23,Male,United Kingdom,Birmingham,Self-employed,10.6,79068.89,6589.07,2025-02-25
CUST0000591,Maria,Smith,2001-08-23,Female,Poland,Wroclaw,Employed,6.8,36040.55,3003.38,2021-08-07
CUST0000592,Julia,Muller,1981-08-23,Female,Poland,,Employed,7.9,57458.66,4788.22,2024-11-28
CUST0000593,Lucas,Muller,1959-08-24,Female,United Kingdom,Birmingham,Unemployed,0.0,3517.97,293.16,2020-02-04
CUST0000594,Sofia,Jansen,2007-08-24,Male,Poland,Gdansk,Employed,1.0,45413.17,3784.43,2020-06-12
CUST0000595,Laura,Rossi,2002-08-24,Female,Poland,Warsaw,Employed,5.9,51867.35,4322.28,2023-08-15
CUST0000596,Elena,Andersson,1990-08-24,Male,Poland,Gdansk,Self-employed,1.0,101328.68,8444.06,2024-05-30
CUST0000597,Piotr,Moreau,1991-08-24,Male,Poland,Krakow,Employed,12.6,145251.04,12104.25,2025-03-04
CUST0000598,Anna,Rossi,1973-08-23,Male,Germany,Munich,Retired,2.0,13962.11,1163.51,2023-10-05
CUST0000599,Marco,Jansen,1981-08-23,Male,Poland,Wroclaw,Employed,4.8,47122.42,3926.87,2019-12-23
CUST0000600,Marco,Fischer,2008-08-23,Female,Poland,Krakow,Retired,0.0,19472.92,1622.74,2024-03-01
CUST0000601,Hugo,Muller,1977-08-23,Male,Netherlands,Utrecht,Employed,2.4,63370.32,5280.86,2022-04-13
CUST0000602,Julia,Jansen,1992-08-23,Male,Italy,Milan,Employed,5.9,68744.79,,2021-01-13
CUST0000603,Anna,Rossi,1966-08-24,Male,Poland,Gdansk,Employed,11.6,52172.32,4347.69,2021-08-05
CUST0000604,Marco,Silva,1993-08-23,Male,Poland,Gdansk,Employed,4.7,56380.63,4698.39,2025-03-14
CUST0000605,Hugo,Novak,1993-08-23,Male,Germany,Munich,Employed,6.0,51324.24,4277.02,2020-05-10
CUST0000606,Lucas,Nowak,1976-08-23,Non-binary,Italy,Turin,Retired,2.9,24264.89,2022.07,2023-04-11
CUST0000607,Tomasz,Muller,1973-08-23,Female,Spain,Barcelona,Unemployed,0.0,4372.97,364.41,2019-08-20
CUST0000608,Sofia,Kowalski,1978-08-24,Male,Poland,Wroclaw,Employed,2.1,53359.82,4446.65,2024-07-18
CUST0000609,Marco,Kowalski,2008-08-23,Male,Poland,Poznan,Self-employed,0.0,204415.34,17034.61,2020-02-23
CUST0000610,Maria,Kowalski,1976-08-23,Female,Germany,Hamburg,Retired,1.6,29265.82,2438.82,2026-03-09
CUST0000611,Jan,Andersson,1998-08-24,Male,Italy,Turin,Unemployed,0.7,4376.41,364.7,2025-09-29
CUST0000612,Anna,Moreau,1981-08-23,Female,Italy,Turin,Employed,6.8,40070.95,3339.25,2025-07-17
CUST0000613,Tomasz,Dubois,2004-08-23,Male,Poland,Poznan,Employed,4.0,40562.86,3380.24,2021-08-31
CUST0000614,Maria,Moreau,1978-08-24,Female,France,Marseille,Retired,8.7,27489.21,2290.77,2024-12-25
CUST0000615,Tomasz,Novak,1995-08-24,Female,Poland,Warsaw,Employed,6.0,51242.91,4270.24,2020-01-11
CUST0000616,Felix,Fischer,2002-08-24,Male,United Kingdom,Birmingham,Employed,1.0,21177.77,1764.81,2021-03-19
CUST0000617,Hugo,Novak,1974-08-24,Female,Italy,Milan,Self-employed,2.4,72768.42,6064.04,2020-01-06
CUST0000618,Tomasz,Muller,1981-08-23,Female,Germany,Munich,Employed,6.6,,7992.94,2019-06-01
CUST0000619,Jan,Jansen,1993-08-23,Female,Poland,Poznan,Unemployed,1.4,5655.52,471.29,2021-10-22
CUST0000620,Lucas,Jansen,1964-08-23,Male,France,Paris,Employed,12.2,133469.66,11122.47,2023-05-24
CUST0000621,Elena,Silva,1990-08-24,Male,Germany,Frankfurt,Self-employed,18.0,39343.74,3278.64,2025-08-05
CUST0000622,Emma,Fischer,1984-08-23,Male,Spain,Barcelona,Student,1.0,6169.13,514.09,2019-04-07
CUST0000623,Diego,Nowak,1980-08-23,Female,Poland,Krakow,Student,0.1,12126.28,1010.52,2022-02-10
CUST0000624,Hugo,Andersson,1993-08-23,Male,Italy,Rome,Retired,10.8,36535.94,3044.66,2024-06-17
CUST0000625,Sofia,Fischer,1977-08-23,Female,Poland,Wroclaw,Retired,18.7,20207.92,1683.99,2020-07-16
CUST0000626,Maria,Nowak,1991-08-24,Male,Poland,Gdansk,Employed,15.4,59500.36,4958.36,2024-08-19
CUST0000627,Anna,Dubois,1990-08-24,Female,Poland,Warsaw,Student,1.1,9904.29,825.36,2023-05-12
CUST0000628,Sofia,Moreau,1965-08-23,Female,Poland,Wroclaw,Retired,10.1,,1930.0,2023-04-22
CUST0000629,Marco,Kowalski,1999-08-24,Female,Poland,Gdansk,Employed,8.7,-69000.91,5750.08,2019-12-15
CUST0000630,Laura,Muller,2008-08-23,Male,United Kingdom,Manchester,Employed,0.0,75584.05,6298.67,2020-04-14
CUST0000631,Tomasz,Fischer,1961-08-23,Male,Poland,Wroclaw,Employed,9.6,30159.71,2513.31,2025-09-16
CUST0000632,Lucas,Muller,1948-08-23,Female,Poland,Krakow,Employed,7.5,76202.82,6350.24,2025-09-11
CUST0000633,Hugo,Andersson,1990-08-24,Male,Poland,Warsaw,Self-employed,7.2,67280.71,5606.73,2022-06-17
CUST0000634,Nina,Moreau,2008-08-23,Male,Poland,Poznan,Employed,0.0,40128.88,3344.07,2023-07-23
CUST0000635,Hugo,Smith,1988-08-23,Female,Italy,Turin,Employed,8.2,135926.78,11327.23,2023-02-22
CUST0000636,Elena,Smith,1988-08-23,Male,Netherlands,Rotterdam,Employed,7.0,47455.42,3954.62,2022-12-09
CUST0000637,Marco,Smith,1987-08-24,Male,Poland,Wroclaw,Employed,5.8,74367.42,6197.28,2024-06-12
CUST0000638,Diego,Dubois,2000-08-23,Female,Spain,Madrid,Retired,5.4,44978.05,3748.17,2023-05-05
CUST0000639,Emma,Dubois,1976-08-23,Male,United Kingdom,Birmingham,Employed,2.3,45558.95,3796.58,2019-12-16
CUST0000640,Maria,Jansen,1977-08-23,Female,Netherlands,Utrecht,Employed,6.4,128489.52,10707.46,2019-08-20
CUST0000641,Maria,Moreau,2005-08-23,Male,Poland,Gdansk,Employed,3.0,39867.95,3322.33,2025-07-02
CUST0000642,Jan,Lopez,1974-08-24,Female,Poland,Krakow,Retired,4.2,,1060.15,2024-08-30
CUST0000643,Felix,Moreau,1955-08-24,Male,Germany,Hamburg,Retired,0.6,20611.56,1717.63,2020-07-09
CUST0000644,Maria,Nowak,1982-08-24,Female,Italy,Milan,Employed,9.3,85581.1,7131.76,2019-06-19
CUST0000645,Diego,Rossi,1989-08-23,Male,United Kingdom,London,Employed,7.7,67261.31,5605.11,2020-09-05
CUST0000646,Nina,Novak,1986-08-24,Male,Germany,Berlin,Employed,19.1,67748.65,,2023-06-04
CUST0000647,Lucas,Jansen,1975-08-24,Female,Poland,Krakow,Employed,3.8,54854.26,4571.19,2023-06-19
CUST0000648,Elena,Rossi,2008-08-23,Male,United Kingdom,Manchester,Self-employed,0.0,61031.76,,2020-04-17
CUST0000649,Elena,Rossi,1982-08-24,Non-binary,Italy,Rome,Employed,5.5,38267.33,3188.94,2020-05-07
CUST0000650,Elena,Nowak,1989-08-23,Male,Germany,Hamburg,Employed,4.9,16994.58,1416.22,2020-08-03
CUST0000651,Lucas,Rossi,1958-08-24,Female,United Kingdom,Manchester,Employed,1.3,76352.59,6362.72,2022-05-22
CUST0000652,Sofia,Dubois,1986-08-24,Male,Germany,Frankfurt,EMPLOYED,7.0,41827.22,3485.6,2020-10-13
CUST0000653,Anna,Dubois,1961-08-23,Female,Germany,Munich,Employed,4.5,81977.92,6831.49,2022-06-28
CUST0000654,Diego,Jansen,1999-08-24,Female,France,Paris,,9.0,60648.31,5054.03,2019-02-09
CUST0000655,Diego,Garcia,1976-08-23,Male,Spain,Madrid,Employed,7.1,85106.35,,2026-02-27
CUST0000656,Julia,Muller,1980-08-23,Male,Netherlands,Utrecht,Employed,3.4,69507.22,5792.27,2025-10-26
CUST0000657,Jan,Moreau,1996-08-23,Male,Germany,Munich,Employed,6.5,18156.05,1513.0,2021-08-03
CUST0000658,Diego,Dubois,1982-08-24,Female,Poland,Poznan,Student,0.5,6783.09,565.26,2025-02-24
CUST0000659,Sofia,Garcia,1967-08-24,Male,Germany,Frankfurt,Employed,10.0,68358.6,5696.55,2023-02-04
CUST0000660,Julia,Silva,1989-08-23,Male,Poland,Krakow,Employed,6.7,44332.07,3694.34,2019-03-29
CUST0000661,Laura,Jansen,2008-08-23,Female,Poland,Poznan,Employed,0.0,78296.72,6524.73,2021-03-06
CUST0000662,Maria,Silva,1984-08-23,Male,Poland,Krakow,Self-employed,2.2,68525.5,5710.46,2019-06-09
CUST0000663,Jan,Garcia,1997-08-23,Female,Germany,Munich,Retired,4.5,17236.82,1436.4,2024-05-31
CUST0000664,Jan,Novak,1989-08-23,Female,Poland,Krakow,Unemployed,1.3,4996.19,416.35,2024-12-26
CUST0000665,Felix,Muller,1985-08-23,Male,Poland,Poznan,Employed,5.0,64605.42,5383.78,2023-09-20
CUST0000666,Felix,Fischer,2008-08-23,Male,Spain,Valencia,Unemployed,1.0,5433.88,452.82,2019-01-20
CUST0000667,Emma,Dubois,2007-08-24,Female,Poland,Krakow,Employed,1.0,62452.0,5204.33,2020-10-21
CUST0000668,Emma,Dubois,1977-08-23,Female,France,Paris,Retired,9.8,24610.05,2050.84,2022-08-02
CUST0000669,Emma,Dubois,1991-08-24,Female,Italy,Turin,Unemployed,0.6,9570.02,797.5,2020-02-09
CUST0000670,Marco,Dubois,2008-08-23,Male,France,Lyon,Employed,0.0,42813.74,3567.81,2019-10-27
CUST0000671,Julia,Andersson,1973-08-23,Female,Poland,Wroclaw,Employed,7.2,35073.03,2922.75,2021-04-30
CUST0000672,Marco,Smith,1980-08-23,Male,Poland,Poznan,Employed,4.7,41901.32,3491.78,2023-07-11
CUST0000673,Tomasz,Nowak,1994-08-24,Non-binary,France,Paris,Employed,4.4,23530.7,1960.89,2019-09-05
CUST0000674,Emma,Jansen,2002-08-24,Female,France,Marseille,Retired,3.4,21315.45,1776.29,2026-08-20
CUST0000675,Laura,Garcia,1972-08-23,Male,Poland,Krakow,Employed,10.2,,3440.02,2022-07-06
CUST0000676,Felix,Nowak,1979-08-24,Male,Germany,Hamburg,Self-employed,0.7,119749.09,9979.09,2020-04-25
CUST0000677,Piotr,Fischer,1951-08-24,Male,France,Lyon,Student,0.5,11455.52,954.63,2019-02-26
CUST0000678,Jan,Rossi,1978-08-24,Female,Poland,Poznan,Employed,11.5,28936.64,2411.39,2026-04-26
CUST0000679,Julia,Silva,1979-08-24,Female,France,Lyon,Employed,13.7,29836.82,2486.4,2023-07-19
CUST0000680,Jan,Muller,1986-08-24,Female,Poland,Warsaw,Employed,0.5,,4221.55,2025-08-14
CUST0000681,Piotr,Rossi,1973-08-23,Male,Poland,Warsaw,Unemployed,1.5,2146.74,178.9,2024-12-09
CUST0000682,Nina,Dubois,1975-08-24,Male,Spain,Valencia,Employed,3.5,62171.89,5180.99,2026-07-16
CUST0000683,Emma,Nowak,1966-08-24,Female,Poland,Wroclaw,Employed,4.5,49494.65,4124.55,2025-10-21
CUST0000684,Julia,Lopez,1991-08-24,Female,France,Paris,Employed,15.6,45000.55,,2024-11-09
CUST0000685,Nina,Rossi,1990-08-24,Male,Germany,Berlin,Retired,3.6,30697.32,2558.11,2025-07-05
CUST0000686,Maria,Silva,1991-08-24,Female,Poland,Warsaw,Employed,11.5,35950.54,2995.88,2025-07-21
CUST0000687,Lucas,Jansen,1973-08-23,Female,Italy,Turin,Employed,7.4,45122.0,3760.17,2020-12-12
CUST0000688,Anna,Smith,1963-08-24,Male,Poland,Gdansk,Student,1.3,9486.08,790.51,2023-07-19
CUST0000689,Lucas,Silva,1990-08-24,Female,Poland,Krakow,Employed,3.9,35308.58,2942.38,2026-07-16
CUST0000690,Piotr,Jansen,1990-08-24,Female,Italy,Rome,Employed,8.0,50489.89,4207.49,2025-08-19
CUST0000691,Elena,Nowak,1980-08-23,Female,Spain,Barcelona,Employed,6.2,26904.99,2242.08,2019-10-21
CUST0000692,Sofia,Andersson,1987-08-24,Female,United Kingdom,London,Employed,1.2,65214.57,5434.55,2019-11-08
CUST0000693,Piotr,Nowak,1971-08-24,Male,Poland,Wroclaw,Employed,2.9,38924.95,3243.75,2020-07-12
CUST0000694,Anna,Smith,2008-08-23,Male,Poland,Poznan,Self-employed,0.0,15059.21,1254.93,2024-09-02
CUST0000695,Maria,Dubois,1996-08-23,Male,United Kingdom,Birmingham,Self-employed,2.2,123028.82,10252.4,2022-01-04
CUST0000696,Piotr,Smith,1995-08-24,Female,Poland,Krakow,Employed,12.6,63300.96,5275.08,2023-10-23
CUST0000697,Piotr,Nowak,2008-08-23,Male,Poland,Warsaw,Employed,0.0,69674.49,5806.21,2020-01-26
CUST0000698,Hugo,Andersson,1997-08-23,Female,Spain,Madrid,Employed,5.3,58006.21,4833.85,2019-06-17
CUST0000699,Elena,Dubois,1997-08-23,Male,Poland,Krakow,,10.4,165401.09,13783.42,2024-11-23
CUST0000700,Diego,Kowalski,1987-08-24,Female,Poland,Poznan,Unemployed,1.0,3546.88,295.57,2021-03-25
CUST0000701,Felix,Kowalski,1968-08-23,Male,Poland,Warsaw,Unemployed,1.4,8794.47,732.87,2019-05-01
CUST0000702,Elena,Jansen,1987-08-24,Female,Germany,Frankfurt,Self-employed,9.1,71022.95,5918.58,2020-08-26
CUST0000703,Lucas,Andersson,1998-08-24,Female,France,Lyon,Retired,10.0,28869.81,2405.82,2021-06-21
CUST0000704,Emma,Jansen,1985-08-23,Male,Italy,Turin,,1.5,8253.81,687.82,2022-02-05
CUST0000705,Laura,Novak,1969-08-23,Female,Poland,Wroclaw,Employed,4.7,70299.4,5858.28,2025-11-09
CUST0000706,Marco,Novak,1998-08-24,Female,Poland,Warsaw,Retired,1.5,15424.8,1285.4,2020-07-08
CUST0000707,Tomasz,Moreau,1997-08-23,Male,France,Paris,Retired,6.9,20882.69,1740.22,2023-08-15
CUST0000708,Felix,Lopez,1976-08-23,Male,Germany,Hamburg,Employed,1.0,20351.67,1695.97,2021-02-06
CUST0000709,Piotr,Moreau,1987-08-24,Female,Germany,Hamburg,Employed,15.8,45190.89,3765.91,2022-10-24
CUST0000710,Nina,Fischer,1975-08-24,Male,Netherlands,Utrecht,Employed,5.8,80710.89,6725.91,2021-04-06
CUST0000711,Elena,Smith,1984-08-23,Male,France,Marseille,Employed,2.9,61170.49,5097.54,2021-08-19
CUST0000712,Julia,Jansen,1974-08-24,Male,Germany,Berlin,Self-employed,3.9,68704.11,5725.34,2023-08-03
CUST0000713,Marco,Silva,1998-08-24,Male,Netherlands,Amsterdam,Employed,7.3,111945.71,9328.81,2023-07-06
CUST0000714,Sofia,Muller,1984-08-23,Male,Poland,Krakow,Employed,4.5,102622.55,8551.88,2020-01-12
CUST0000715,Maria,Andersson,1987-08-24,Male,Netherlands,Amsterdam,Employed,6.4,57920.14,4826.68,2020-03-13
CUST0000716,Marco,Silva,2001-08-23,Male,France,Paris,Retired,2.5,24598.99,2049.92,2020-11-04
CUST0000717,Hugo,Jansen,2006-08-24,Male,France,Paris,Employed,2.0,44043.27,3670.27,2025-11-16
CUST0000718,Julia,Fischer,1974-08-24,Female,Netherlands,Rotterdam,Self-employed,4.0,39997.39,3333.12,2021-06-04
CUST0000719,Piotr,Andersson,1989-08-23,Female,France,Paris,Employed,0.7,32318.26,2693.19,2023-06-03
CUST0000720,Julia,Lopez,1998-08-24,Female,Germany,Berlin,Employed,4.8,41192.04,3432.67,2022-06-08
CUST0000721,Nina,Lopez,1985-08-23,Male,Poland,Warsaw,Employed,3.5,41851.96,3487.66,2021-09-16
CUST0000722,Anna,Fischer,1968-08-23,Female,United Kingdom,Birmingham,Employed,13.2,42352.28,3529.36,2019-04-17
CUST0000723,Anna,Rossi,2008-08-23,Male,France,Lyon,Self-employed,0.0,45185.36,3765.45,2022-05-17
CUST0000724,Felix,Muller,2005-08-23,Male,Poland,Gdansk,Self-employed,3.0,72958.46,6079.87,2026-08-22
CUST0000725,Hugo,Rossi,1997-08-23,Non-binary,United Kingdom,London,Employed,7.4,35053.98,2921.17,2026-03-12
CUST0000726,Tomasz,Andersson,1964-08-23,Female,United Kingdom,London,Employed,9.8,62386.79,5198.9,2021-04-18
CUST0000727,Elena,Moreau,1980-08-23,Male,Germany,Munich,Self-employed,16.5,79137.96,6594.83,2023-01-29
CUST0000728,Tomasz,Moreau,1973-08-23,Male,Poland,Poznan,Self-employed,3.2,74189.49,6182.46,2021-03-13
CUST0000729,Julia,Andersson,2000-08-23,Female,Germany,Berlin,Employed,8.0,105715.41,8809.62,2026-01-17
CUST0000730,Piotr,Andersson,2000-08-23,Male,Poland,Krakow,Unemployed,1.4,3398.94,283.24,2023-03-30
CUST0000731,Nina,Lopez,1978-08-24,Female,Poland,Wroclaw,Employed,3.4,73449.91,6120.83,2026-01-13
CUST0000732,Nina,Andersson,1983-08-24,Male,Germany,Berlin,Employed,3.1,-43220.45,3601.7,2025-07-13
CUST0000733,Sofia,Nowak,1976-08-23,Male,Poland,Krakow,Self-employed,8.7,73509.8,6125.82,2021-07-03
CUST0000734,Hugo,Jansen,1987-08-24,Female,Poland,Poznan,Self-employed,6.3,85773.58,7147.8,2022-06-29
CUST0000735,Hugo,Dubois,1980-08-23,Female,United Kingdom,Manchester,Unemployed,0.6,8211.84,684.32,2023-05-10
CUST0000736,Jan,Silva,1982-08-24,Female,Poland,Wroclaw,Employed,4.9,77086.68,6423.89,2020-11-26
CUST0000737,Maria,Silva,1973-08-23,Female,Netherlands,Rotterdam,,6.8,59298.39,4941.53,2025-05-11
CUST0000738,Tomasz,Rossi,1973-08-23,Male,Italy,Turin,Self-employed,5.8,79389.37,6615.78,2023-04-30
CUST0000739,Tomasz,Rossi,2007-08-24,Female,France,Lyon,Employed,1.0,47658.24,3971.52,2020-08-02
CUST0000740,Laura,Nowak,2008-08-23,Female,Netherlands,Rotterdam,Employed,0.0,45965.42,3830.45,2022-09-10
CUST0000741,Marco,Rossi,1970-08-24,Male,Italy,Turin,Self-employed,7.2,24788.06,2065.67,2025-04-13
CUST0000742,Diego,Fischer,1967-08-24,Male,Poland,Warsaw,Employed,16.3,51327.62,4277.3,2022-03-27
CUST0000743,Lucas,Andersson,1998-08-24,Male,Spain,Madrid,Employed,10.0,69405.0,5783.75,2024-06-06
CUST0000744,Piotr,Lopez,2008-08-23,Male,Poland,,Employed,0.0,50899.98,4241.66,2026-07-10
CUST0000745,Jan,Moreau,1983-08-24,Female,United Kingdom,London,Retired,2.9,31990.04,2665.84,2021-07-24
CUST0000746,Elena,Fischer,1971-08-24,Male,Germany,Berlin,Employed,21.6,42418.52,3534.88,2026-08-13
CUST0000747,Hugo,Muller,1959-08-24,Female,Poland,Warsaw,,8.6,37615.81,3134.65,2022-03-03
CUST0000748,Lucas,Rossi,1977-08-23,Male,Poland,Gdansk,Employed,20.2,65496.86,5458.07,2023-04-19
CUST0000749,Piotr,Kowalski,1989-08-23,Non-binary,Netherlands,Rotterdam,Employed,8.8,62525.57,5210.46,2024-11-28
CUST0000750,Jan,Nowak,1997-08-23,Male,Poland,Poznan,Employed,0.4,42253.08,,2019-07-09
CUST0000751,Maria,Garcia,1984-08-23,Male,Poland,Warsaw,Employed,21.5,35804.74,2983.73,2024-05-13
CUST0000752,Jan,Garcia,1988-08-23,Male,Poland,Krakow,Employed,11.6,90591.21,7549.27,2023-05-03
CUST0000753,Julia,Kowalski,1998-08-24,Female,Germany,Hamburg,Employed,6.6,79148.69,6595.72,2024-01-05
CUST0000754,Piotr,Fischer,1955-08-24,Male,Italy,Milan,Employed,1.2,21082.25,1756.85,2026-04-14
CUST0000755,Maria,Jansen,1959-08-24,Male,Spain,Valencia,Employed,12.5,94784.78,7898.73,2022-09-17
CUST0000756,Sofia,Andersson,1968-08-23,Non-binary,Germany,Hamburg,Employed,8.7,47791.74,3982.64,2026-01-29
CUST0000757,Hugo,Andersson,1997-08-23,Male,Poland,Wroclaw,Employed,11.0,57705.68,4808.81,2023-05-05
CUST0000758,Lucas,Lopez,1972-08-23,Female,Poland,Poznan,Self-employed,18.9,91904.44,7658.7,2020-08-24
CUST0000759,Maria,Muller,1975-08-24,Male,Germany,Munich,Self-employed,19.8,180439.82,15036.65,2023-12-28
CUST0000760,Hugo,Rossi,1978-08-24,Female,Spain,Madrid,Employed,7.7,83382.14,6948.51,2020-06-15
CUST0000761,Lucas,Rossi,1967-08-24,Female,United Kingdom,Birmingham,Retired,7.4,60399.36,5033.28,2025-11-16
CUST0000762,Maria,Jansen,1975-08-24,Female,Germany,Berlin,Self-employed,8.8,48119.92,4009.99,2020-03-01
CUST0000763,Hugo,Jansen,1974-08-24,Male,France,Paris,Employed,3.8,99739.63,8311.64,2022-10-24
CUST0000764,Felix,Fischer,1975-08-24,Female,Germany,Berlin,Employed,6.8,78115.79,6509.65,2025-04-08
CUST0000765,Julia,Jansen,1979-08-24,Female,France,Paris,Unemployed,1.1,12584.63,1048.72,2019-01-26
CUST0000766,Maria,Garcia,2008-08-23,Female,France,Lyon,Employed,0.0,53113.64,4426.14,2022-09-30
CUST0000767,Sofia,Jansen,1983-08-24,Male,United Kingdom,London,Employed,17.1,31541.05,2628.42,2022-11-15
CUST0000768,Tomasz,Lopez,1992-08-23,Male,France,Lyon,Self-employed,10.6,131904.0,10992.0,2021-08-02
CUST0000769,Felix,Silva,2002-08-24,Female,Netherlands,Utrecht,Employed,3.3,21171.39,1764.28,2024-02-23
CUST0000770,Elena,Silva,1960-08-23,Female,Germany,Berlin,,1.1,-6723.87,560.32,2021-06-26
CUST0000771,Elena,Muller,1960-08-23,Male,Poland,Gdansk,Employed,12.5,78086.0,6507.17,2021-11-11
CUST0000772,Diego,Kowalski,1965-08-23,Female,Poland,Wroclaw,Employed,8.4,91424.33,7618.69,2021-02-08
CUST0000773,Tomasz,Muller,1980-08-23,Male,France,Lyon,,9.9,37466.64,3122.22,2023-10-10
CUST0000774,Laura,Kowalski,1965-08-23,Female,France,Lyon,Employed,1.8,43629.49,3635.79,2025-10-01
CUST0000775,Hugo,Smith,2028-08-14,Male,France,Paris,Retired,5.8,32473.12,2706.09,2020-05-11
CUST0000776,Hugo,Moreau,1981-08-23,Female,United Kingdom,London,Unemployed,1.1,5904.62,,2022-02-18
CUST0000777,Laura,Smith,1999-08-24,Male,Poland,Wroclaw,Retired,1.7,17124.94,1427.08,2020-09-22
CUST0000778,Maria,Andersson,1978-08-24,Female,United Kingdom,Birmingham,Employed,1.7,,3219.09,2020-11-12
CUST0000779,Elena,Fischer,1983-08-24,Male,United Kingdom,Manchester,Employed,12.5,42255.99,3521.33,2026-06-06
CUST0000780,Anna,Novak,2002-08-24,Non-binary,Germany,Hamburg,Employed,6.0,79914.2,6659.52,2024-06-07
CUST0000781,Emma,Andersson,1985-08-23,Male,Germany,Hamburg,Employed,1.8,53557.6,4463.13,2026-03-22
CUST0000782,Emma,Novak,1985-08-23,Female,Poland,Krakow,Retired,5.4,24478.63,2039.89,2023-11-10
CUST0000783,Felix,Garcia,1959-08-24,Female,Germany,Berlin,Employed,8.4,47257.15,3938.1,2024-02-05
CUST0000784,Jan,Dubois,1971-08-24,Male,Spain,Barcelona,Employed,7.7,157833.21,13152.77,2024-06-21
CUST0000785,Lucas,Dubois,1984-08-23,Male,Italy,,Employed,8.9,28617.09,2384.76,2023-12-29
CUST0000786,Marco,Fischer,1981-08-23,Female,France,Paris,Unemployed,0.2,3453.47,287.79,2025-04-14
CUST0000787,Jan,Dubois,1983-08-24,Female,Poland,Gdansk,Employed,8.0,65253.83,5437.82,2021-06-29
CUST0000788,Piotr,Lopez,1987-08-24,Female,United Kingdom,Birmingham,Self-employed,10.6,27417.2,2284.77,2019-10-10
CUST0000789,Emma,Muller,1999-08-24,Male,Spain,Madrid,Self-employed,9.0,48110.21,4009.18,2022-09-26
CUST0000790,Elena,Muller,1986-08-24,Male,Poland,Wroclaw,Retired,5.2,26898.99,2241.58,2019-01-06
CUST0000791,Emma,Novak,1994-08-24,Male,Spain,Valencia,Employed,11.3,,2865.61,2019-05-13
CUST0000792,Elena,Novak,2002-08-24,Male,Poland,Wroclaw,Employed,2.9,46231.67,3852.64,2019-05-22
CUST0000793,Hugo,Andersson,1977-08-23,Female,Poland,Poznan,Employed,3.9,,4423.72,2019-08-05
CUST0000794,Diego,Rossi,1979-08-24,Female,Poland,Gdansk,Retired,12.5,22512.04,1876.0,2024-05-28
CUST0000795,Diego,Kowalski,2008-08-23,Female,Poland,Poznan,Student,0.1,8242.4,686.87,2023-07-28
CUST0000796,Hugo,Rossi,1986-08-24,Male,Italy,Turin,Employed,5.5,72202.31,6016.86,2026-02-23
CUST0000797,Hugo,Smith,1970-08-24,Female,Germany,Frankfurt,Employed,3.8,44647.59,3720.63,2021-03-20
CUST0000798,Maria,Dubois,1969-08-23,Female,Poland,Gdansk,Employed,4.3,42913.39,,2021-07-13
CUST0000799,Hugo,Moreau,1970-08-24,Female,Germany,Frankfurt,Self-employed,10.3,32718.59,2726.55,2022-09-30
CUST0000800,Anna,Moreau,1983-08-24,Female,Germany,Berlin,Employed,8.9,46490.37,3874.2,2024-12-21
CUST0000801,Hugo,Novak,1996-08-23,Male,Poland,Warsaw,Employed,3.6,31594.66,2632.89,2026-02-12
CUST0000802,Laura,Kowalski,1999-08-24,Female,Poland,Warsaw,Unemployed,0.9,9795.71,816.31,2024-07-29
CUST0000803,Nina,Nowak,1979-08-24,Female,United Kingdom,London,Employed,5.4,65980.79,5498.4,2022-11-17
CUST0000804,Laura,Smith,1979-08-24,Male,Poland,Poznan,FT,3.0,55640.99,4636.75,2026-06-24
CUST0000805,Marco,Silva,1966-08-24,Female,Spain,Barcelona,Employed,4.7,60334.3,5027.86,2020-05-21
CUST0000806,Marco,Andersson,2028-03-15,Female,Poland,Wroclaw,Employed,7.1,49928.19,4160.68,2022-08-07
CUST0000807,Tomasz,Rossi,1986-08-24,Female,United Kingdom,London,Self-employed,10.8,122206.58,10183.88,2020-11-20
CUST0000808,Lucas,Nowak,2001-08-23,Male,Spain,Valencia,Employed,7.0,47363.45,3946.95,2020-04-08
CUST0000809,Marco,Rossi,1988-08-23,Female,Poland,Krakow,Employed,6.2,83521.75,6960.15,2022-01-12
CUST0000810,Lucas,Fischer,1981-08-23,Male,Poland,Poznan,Employed,7.8,79476.29,6623.02,2024-11-07
CUST0000811,Julia,Lopez,1987-08-24,Male,Netherlands,Amsterdam,Employed,5.8,92000.83,7666.74,2021-06-12
CUST0000812,Piotr,Lopez,1992-08-23,Male,Germany,Munich,Self-employed,3.7,135545.07,11295.42,2025-04-05
CUST0000813,Laura,Silva,1980-08-23,Female,United Kingdom,London,Employed,6.4,59723.53,4976.96,2023-09-03
CUST0000814,Marco,Nowak,1991-08-24,Male,Poland,Krakow,Employed,1.1,85649.2,7137.43,2024-05-29
CUST0000815,Sofia,Lopez,1993-08-23,Female,Poland,Gdansk,Employed,15.0,46349.4,3862.45,2020-11-10
CUST0000816,Emma,Muller,1980-08-23,Female,France,Lyon,Employed,7.6,47469.8,3955.82,2025-08-07
CUST0000817,Jan,Garcia,1990-08-24,Male,Italy,Milan,Employed,9.2,86587.39,7215.62,2020-07-23
CUST0000818,Tomasz,Lopez,1981-08-23,Female,Poland,Krakow,Employed,3.8,71003.83,5916.99,2021-11-02
CUST0000819,Hugo,Jansen,1980-08-23,Female,Spain,Madrid,Retired,7.6,,2537.01,2024-12-27
CUST0000820,Felix,Muller,2000-08-23,Female,United Kingdom,Birmingham,Employed,8.0,45886.59,3823.88,2024-04-12
CUST0000821,Sofia,Jansen,1991-08-24,Female,Poland,Gdansk,Employed,5.6,32663.58,2721.96,2021-04-16
CUST0000822,Julia,Nowak,1964-08-23,Female,Poland,Poznan,Employed,5.8,46614.72,3884.56,2021-01-06
CUST0000823,Julia,Rossi,2000-08-23,Male,Poland,Poznan,Unemployed,1.4,15694.92,1307.91,2022-04-24
CUST0000824,Hugo,Lopez,2008-08-23,Male,Germany,Munich,Employed,0.0,36001.34,3000.11,2022-05-31
CUST0000825,Tomasz,Rossi,2008-08-23,Female,United Kingdom,London,Retired,0.0,10838.14,903.18,2019-06-16
CUST0000826,Nina,Moreau,1984-08-23,Male,Germany,Hamburg,Employed,4.2,103196.45,8599.7,2020-11-08
CUST0000827,Diego,Jansen,1984-08-23,Female,Poland,Gdansk,Unemployed,1.0,,310.19,2020-03-07
CUST0000828,Jan,Andersson,1986-08-24,Female,United Kingdom,Manchester,Self-employed,9.5,46198.13,3849.84,2020-03-07
CUST0000829,Marco,Andersson,1967-08-24,Female,France,Paris,,10.9,73249.89,6104.16,2021-09-14
CUST0000830,Laura,Jansen,2008-08-23,Female,France,Marseille,Employed,0.0,34796.39,2899.7,2019-04-11
CUST0000831,Julia,Kowalski,1978-08-24,Female,France,Marseille,Employed,7.5,33268.98,2772.42,2024-03-06
CUST0000832,Lucas,Moreau,1962-08-24,Female,Poland,Krakow,Unemployed,1.4,6216.77,518.06,2024-02-19
CUST0000833,Maria,Smith,2000-08-23,Female,United Kingdom,London,Retired,3.3,30087.91,2507.33,2020-09-07
CUST0000834,Tomasz,Andersson,1989-08-23,Male,Germany,Hamburg,Emp.,19.0,41192.77,3432.73,2025-09-10
CUST0000835,Hugo,Jansen,1995-08-24,Female,Germany,Munich,Employed,2.8,39021.38,3251.78,2023-07-17
CUST0000836,Anna,Andersson,1997-08-23,Female,Poland,Poznan,Employed,10.5,49453.47,4121.12,2021-05-28
CUST0000837,Tomasz,Rossi,1989-08-23,Female,France,Marseille,Employed,3.0,78954.31,6579.53,2020-06-25
CUST0000838,Elena,Fischer,1964-08-23,Male,France,Paris,Self-employed,3.4,99612.46,8301.04,2022-04-13
CUST0000839,Tomasz,Garcia,1958-08-24,Female,Poland,Warsaw,Employed,32.4,38381.88,3198.49,2026-05-05
CUST0000840,Felix,Andersson,1989-08-23,Male,Italy,Milan,Employed,6.2,133347.78,11112.32,2019-01-10
CUST0000841,Marco,Silva,1957-08-23,Female,Italy,Milan,Retired,1.9,20700.13,1725.01,2019-02-26
CUST0000842,Anna,Jansen,1984-08-23,Female,Poland,Gdansk,Self-employed,10.8,145784.05,12148.67,2022-02-27
CUST0000843,Laura,Kowalski,1959-08-24,Male,United Kingdom,Manchester,Unemployed,0.0,10928.18,910.68,2026-01-11
CUST0000844,Piotr,Dubois,1985-08-23,Female,Germany,Berlin,Employed,11.5,36012.62,3001.05,2021-02-24
CUST0000845,Anna,Kowalski,1982-08-24,Female,Netherlands,Utrecht,Retired,5.8,24435.51,2036.29,2024-09-18
CUST0000846,Maria,Jansen,1979-08-24,Female,Poland,Poznan,Employed,5.9,28126.89,2343.91,2023-05-23
CUST0000847,Elena,Andersson,1941-08-23,Non-binary,Poland,Poznan,Employed,4.4,101834.46,8486.2,2020-07-10
CUST0000848,Nina,Jansen,1972-08-23,Male,Germany,Frankfurt,Employed,2.5,85697.27,7141.44,2025-12-12
CUST0000849,Sofia,Novak,1994-08-24,Male,Poland,Poznan,Retired,8.4,43454.52,3621.21,2020-04-01
CUST0000850,Tomasz,Dubois,1970-08-24,Non-binary,United Kingdom,Birmingham,Employed,5.6,46950.92,3912.58,2022-11-14
CUST0000851,Marco,Rossi,1989-08-23,Female,Germany,Frankfurt,Unemployed,1.4,6482.52,540.21,2024-01-25
CUST0000852,Maria,Smith,1991-08-24,Male,Poland,Wroclaw,Self-employed,6.3,46822.33,3901.86,2024-03-01
CUST0000853,Felix,Garcia,1971-08-24,Female,France,Paris,Unemployed,1.2,2322.57,193.55,2025-07-14
CUST0000854,Diego,Fischer,1984-08-23,Male,Italy,Milan,Self-employed,8.1,52925.62,4410.47,2024-05-24
CUST0000855,Marco,Fischer,1980-08-23,Female,Spain,Valencia,Retired,7.5,16590.72,1382.56,2024-01-10
CUST0000856,Marco,Dubois,1984-08-23,Female,Germany,Frankfurt,Employed,5.0,59154.39,4929.53,2020-03-01
CUST0000857,Diego,Fischer,1979-08-24,Male,Poland,Poznan,Full-time,6.5,60638.79,5053.23,2021-05-06
CUST0000858,Lucas,Kowalski,1978-08-24,Female,Poland,Wroclaw,Self-employed,7.0,77569.25,6464.1,2021-08-25
CUST0000859,Emma,Muller,2008-08-23,Non-binary,Italy,Milan,Employed,0.0,50836.79,4236.4,2021-11-02
CUST0000860,Emma,Garcia,1975-08-24,Female,United Kingdom,London,Employed,6.4,29627.86,2468.99,2019-11-13
CUST0000861,Lucas,Dubois,1998-08-24,Male,France,,Self-employed,4.5,27194.91,2266.24,2019-09-23
CUST0000862,Julia,Garcia,2004-08-23,Male,Italy,Rome,Employed,4.0,17601.7,1466.81,2022-05-16
CUST0000863,Anna,Jansen,1985-08-23,Female,Poland,Gdansk,Unemployed,0.3,7680.12,640.01,2024-07-12
CUST0000864,Lucas,Fischer,1983-08-24,Male,United Kingdom,Birmingham,Employed,3.1,34707.13,2892.26,2025-10-14
CUST0000865,Lucas,Smith,1994-08-24,Male,Poland,Krakow,Retired,5.7,27908.75,,2026-03-10
CUST0000866,Sofia,Smith,1972-08-23,Male,Poland,Wroclaw,Employed,5.6,108687.2,9057.27,2022-09-05
CUST0000867,Marco,Kowalski,2003-08-24,Female,Germany,Munich,Self-employed,5.0,50755.3,4229.61,2025-11-13
CUST0000868,Emma,Garcia,1990-08-24,Male,Germany,Berlin,Retired,2.4,32448.13,2704.01,2022-06-28
CUST0000869,Marco,Fischer,1992-08-23,Male,Netherlands,Rotterdam,Employed,5.4,110284.91,9190.41,2022-08-15
CUST0000870,Elena,Fischer,1985-08-23,Female,Poland,Krakow,Employed,4.3,44850.32,3737.53,2020-08-07
CUST0000871,Julia,Nowak,1980-08-23,Female,Spain,Valencia,Employed,8.1,34700.1,2891.68,2023-10-20
CUST0000872,Julia,Kowalski,1998-08-24,Female,Spain,Valencia,Employed,10.0,59342.28,4945.19,2021-05-16
CUST0000873,Sofia,Fischer,1974-08-24,Male,United Kingdom,London,Employed,8.5,62624.28,5218.69,2022-09-16
CUST0000874,Elena,Muller,1983-08-24,Female,Netherlands,Rotterdam,Employed,7.2,66223.1,5518.59,2026-02-28
CUST0000875,Anna,Silva,2008-08-23,Male,Germany,Frankfurt,Retired,0.0,25474.34,2122.86,2023-03-07
CUST0000876,Julia,Fischer,2008-08-23,Non-binary,Germany,Frankfurt,Employed,0.0,16607.41,1383.95,2021-04-26
CUST0000877,Maria,Fischer,1984-08-23,Female,Poland,Poznan,Employed,6.5,192564.93,16047.08,2024-02-16
CUST0000878,Nina,Jansen,1987-08-24,Female,Poland,,Employed,12.2,-86656.6,7221.38,2024-08-04
CUST0000879,Emma,Dubois,1985-08-23,Male,Italy,Rome,Employed,5.2,46469.28,3872.44,2023-08-22
CUST0000880,Sofia,Novak,1984-08-23,Female,Germany,Frankfurt,Employed,2.4,36348.65,3029.05,2019-04-28
CUST0000881,Anna,Andersson,1981-08-23,Male,Poland,Poznan,Student,0.6,18356.62,1529.72,2020-09-23
CUST0000882,Nina,Fischer,1971-08-24,Male,Poland,Gdansk,Self-employed,3.7,187880.48,15656.71,2019-12-25
CUST0000883,Emma,Jansen,2000-08-23,Male,Germany,Frankfurt,Employed,8.0,78478.95,6539.91,2026-04-23
CUST0000884,Sofia,Lopez,2000-08-23,Female,United Kingdom,London,Unemployed,1.1,3540.81,295.07,2021-05-19
CUST0000885,Diego,Novak,1999-08-24,Male,Poland,Warsaw,Employed,7.2,63357.47,5279.79,2022-08-17
CUST0000886,Anna,Kowalski,1980-08-23,Male,Spain,,Employed,3.8,51790.09,4315.84,2025-11-22
CUST0000887,Lucas,Rossi,1967-08-24,Female,United Kingdom,Manchester,Self-employed,12.1,36447.57,3037.3,2026-07-31
CUST0000888,Maria,Fischer,1990-08-24,Male,Spain,Madrid,Employed,7.0,62262.56,5188.55,2020-09-04
CUST0000889,Maria,Nowak,2008-08-23,Male,Poland,Krakow,Employed,0.0,45780.52,3815.04,2025-07-28
CUST0000890,Anna,Andersson,2008-08-23,Male,United Kingdom,Birmingham,Retired,0.0,13641.09,1136.76,2024-07-22
CUST0000891,Maria,Rossi,1996-08-23,Female,Poland,Krakow,Employed,5.4,59893.96,4991.16,2023-09-11
CUST0000892,Felix,Muller,1992-08-23,Female,Germany,Munich,Employed,9.1,71048.88,5920.74,2020-04-12
CUST0000893,Lucas,Jansen,1990-08-24,Female,United Kingdom,Manchester,Employed,2.2,56664.94,4722.08,2024-04-14
CUST0000894,Felix,Lopez,1983-08-24,Female,United Kingdom,Manchester,Unemployed,1.2,3018.59,251.55,2023-09-08
CUST0000895,Sofia,Moreau,1988-08-23,Female,Poland,Krakow,Self-employed,5.4,82619.19,,2022-05-31
CUST0000896,Nina,Dubois,1969-08-23,Non-binary,Italy,Turin,Retired,12.3,43236.99,3603.08,2023-06-28
CUST0000897,Jan,Kowalski,1993-08-23,Female,Poland,Wroclaw,Employed,14.5,62102.91,5175.24,2020-08-11
CUST0000898,Jan,Moreau,1996-08-23,Male,France,Paris,Unemployed,0.6,2333.76,194.48,2023-10-04
CUST0000899,Anna,Moreau,1977-08-23,Female,Netherlands,Amsterdam,Employed,24.8,103391.61,8615.97,2020-03-03
CUST0000900,Elena,Silva,2005-08-23,Female,France,Marseille,Employed,3.0,25279.02,,2021-03-10
CUST0000901,Laura,Silva,1979-08-24,Female,Spain,Madrid,Employed,12.0,38452.32,3204.36,2022-10-14
CUST0000902,Hugo,Jansen,1983-08-24,Female,France,Paris,Unemployed,0.7,11628.5,969.04,2020-03-28
CUST0000903,Elena,Kowalski,1986-08-24,Male,Spain,Barcelona,Employed,0.6,48829.69,4069.14,2025-12-26
CUST0000904,Marco,Muller,1962-08-24,Male,United Kingdom,Manchester,Self-employed,13.2,71601.88,5966.82,2025-10-11
CUST0000905,Hugo,Muller,1993-08-23,Male,United Kingdom,London,Employed,3.3,36493.12,3041.09,2022-08-17
CUST0000906,Julia,Moreau,1955-08-24,Female,Poland,Wroclaw,Employed,36.0,48773.59,4064.47,2023-05-10
CUST0000907,Julia,Kowalski,1987-08-24,Male,Spain,Madrid,Student,0.3,18005.26,1500.44,2021-03-25
CUST0000908,Laura,Jansen,2002-08-24,Female,Poland,Krakow,Unemployed,1.1,3832.85,319.4,2020-08-15
CUST0000909,Lucas,Dubois,1897-03-08,Male,Netherlands,Amsterdam,Employed,7.6,88703.83,7391.99,2026-05-08
CUST0000910,Anna,Kowalski,1999-08-24,Male,Poland,Wroclaw,Self-employed,1.9,41224.65,3435.39,2022-02-28
CUST0000911,Jan,Moreau,1995-08-24,Female,Poland,Poznan,Employed,7.6,48515.52,4042.96,2026-04-17
CUST0000912,Julia,Kowalski,1978-08-24,Female,Italy,Turin,Self-employed,3.6,53844.78,4487.06,2019-07-07
CUST0000913,Tomasz,Fischer,1976-08-23,Female,Poland,Warsaw,Employed,6.2,23643.45,1970.29,2019-10-25
CUST0000914,Hugo,Novak,1993-08-23,Female,Germany,Munich,Employed,6.3,42712.54,3559.38,2022-08-20
CUST0000915,Tomasz,Fischer,1970-08-24,Male,United Kingdom,London,Employed,3.7,51005.86,4250.49,2024-12-23
CUST0000916,Piotr,Muller,1968-08-23,Male,Poland,,Employed,5.0,51247.19,4270.6,2022-03-29
CUST0000917,Marco,Moreau,1964-08-23,Male,Poland,Wroclaw,Employed,3.4,62688.09,5224.01,2025-06-03
CUST0000918,Lucas,Silva,1977-08-23,Female,Germany,Frankfurt,Employed,1.2,59285.98,4940.5,2020-01-06
CUST0000919,Felix,Dubois,1965-08-23,Male,Poland,Gdansk,Student,0.3,-9917.41,826.45,2025-07-19
CUST0000920,Julia,Andersson,2008-08-23,Female,Poland,Poznan,Employed,0.0,45281.3,3773.44,2022-05-26
CUST0000921,Laura,Rossi,1988-08-23,Male,Poland,Warsaw,Employed,3.6,30129.1,2510.76,2021-03-07
CUST0000922,Hugo,Garcia,1996-08-23,Female,Germany,Berlin,Employed,12.0,44667.73,3722.31,2023-11-22
CUST0000923,Marco,Rossi,1982-08-24,Female,Poland,Gdansk,Self-employed,24.7,168710.97,14059.25,2024-12-14
CUST0000924,Felix,Jansen,1992-08-23,Male,Poland,Gdansk,Employed,4.7,38689.33,3224.11,2026-02-06
CUST0000925,Laura,Silva,1986-08-24,Female,United Kingdom,London,Employed,5.6,44967.75,3747.31,2019-09-02
CUST0000926,Diego,Garcia,1958-08-24,Female,United Kingdom,London,Self-employed,4.7,67520.39,5626.7,2024-05-17
CUST0000927,Hugo,Garcia,1986-08-24,Male,Poland,Poznan,Employed,2.5,65771.35,5480.95,2021-05-28
CUST0000928,Tomasz,Lopez,1978-08-24,Female,Poland,Wroclaw,Student,0.7,9326.26,777.19,2022-11-04
CUST0000929,Anna,Jansen,1987-08-24,Male,Italy,Turin,Employed,5.1,59779.71,4981.64,2022-07-13
CUST0000930,Tomasz,Moreau,1983-08-24,Male,France,Lyon,Self-employed,7.1,76450.03,6370.84,2024-11-20
CUST0000931,Maria,Rossi,1984-08-23,Male,Germany,Frankfurt,Employed,7.3,72801.89,6066.82,2022-01-17
CUST0000932,Tomasz,Rossi,1978-08-24,Male,Germany,Frankfurt,Self-employed,2.3,130316.03,10859.67,2021-02-20
CUST0000933,Hugo,Garcia,1968-08-23,Male,Poland,Warsaw,Retired,10.1,24539.86,2044.99,2022-09-23
CUST0000934,Julia,Jansen,1961-08-23,Male,Spain,Madrid,Employed,5.5,43095.86,3591.32,2024-02-11
CUST0000935,Sofia,Novak,1980-08-23,Male,Italy,Turin,Employed,2.8,92974.73,7747.89,2025-06-21
CUST0000936,Anna,Jansen,1976-08-23,Male,Italy,Rome,Employed,5.5,67177.2,5598.1,2019-01-15
CUST0000937,Laura,Rossi,2000-08-23,Female,Poland,Krakow,Employed,7.5,54090.59,4507.55,2023-05-07
CUST0000938,Hugo,Lopez,1985-08-23,Female,Poland,Poznan,Student,0.8,4431.2,369.27,2019-07-22
CUST0000939,Lucas,Silva,1971-08-24,Male,Poland,Krakow,,16.3,71923.96,5993.66,2023-09-28
CUST0000940,Hugo,Dubois,2033-12-27,Female,Poland,Warsaw,Employed,4.4,37729.46,3144.12,2023-10-10
CUST0000941,Nina,Kowalski,1981-08-23,Female,Poland,Warsaw,Retired,5.8,21111.01,1759.25,2025-07-16
CUST0000942,Julia,Jansen,1972-08-23,Female,United Kingdom,Manchester,Unemployed,0.6,7250.54,604.21,2020-06-21
CUST0000943,Anna,Silva,1977-08-23,Male,Poland,Poznan,Unemployed,0.3,,689.54,2025-01-28
CUST0000944,Diego,Lopez,1967-08-24,Female,Italy,Turin,Employed,4.6,20707.53,1725.63,2024-04-07
CUST0000945,Lucas,Garcia,1980-08-23,Male,Poland,Gdansk,Employed,5.7,39323.54,3276.96,2024-02-01
CUST0000946,Laura,Muller,1989-08-23,Male,Poland,Poznan,Employed,13.5,74572.04,6214.34,2023-11-14
CUST0000947,Elena,Lopez,1979-08-24,Male,Italy,Turin,Employed,2.3,50786.53,4232.21,2023-03-16
CUST0000948,Marco,Jansen,2008-08-23,Female,United Kingdom,London,Employed,0.0,45319.19,3776.6,2019-06-27
CUST0000949,Tomasz,Kowalski,1979-08-24,Male,Germany,Munich,Employed,9.1,36678.95,3056.58,2025-03-21
CUST0000950,Anna,Nowak,2008-08-23,Male,France,Paris,Employed,0.0,21110.15,1759.18,2022-01-01
CUST0000951,Elena,Smith,2008-08-23,Female,Poland,Warsaw,Employed,0.0,87324.95,7277.08,2019-10-19
CUST0000952,Anna,Silva,1978-08-24,Male,Poland,Gdansk,Employed,12.7,49572.91,4131.08,2023-09-09
CUST0000953,Julia,Garcia,1977-08-23,Female,Germany,Berlin,,6.8,42801.91,3566.83,2026-03-30
CUST0000954,Marco,Dubois,2000-08-23,Male,Germany,Munich,Employed,2.7,37179.28,3098.27,2024-06-15
CUST0000955,Anna,Novak,1994-08-24,Female,France,Lyon,Employed,4.1,84629.44,7052.45,2020-11-18
CUST0000956,Lucas,Lopez,1965-08-23,Male,Poland,Warsaw,Self-employed,3.5,38588.22,3215.68,2025-03-29
CUST0000957,Elena,Smith,1991-08-24,Male,United Kingdom,Birmingham,Self-employed,0.9,22991.57,1915.96,2025-06-22
CUST0000958,Maria,Dubois,1953-08-23,Female,Spain,Madrid,Employed,13.5,78885.78,6573.82,2021-07-11
CUST0000959,Sofia,Dubois,1984-08-23,Male,Poland,Warsaw,Employed,6.2,33957.66,2829.8,2022-12-31
CUST0000960,Piotr,Nowak,1978-08-24,Female,Poland,Krakow,Employed,3.2,,6732.19,2025-05-25
CUST0000961,Jan,Kowalski,1961-08-23,Male,Germany,Berlin,Employed,24.1,54195.24,4516.27,2020-03-15
CUST0000962,Piotr,Fischer,1982-08-24,Male,Spain,Valencia,Employed,26.0,44571.51,3714.29,2021-09-16
CUST0000963,Tomasz,Kowalski,1998-08-24,Female,United Kingdom,London,Student,1.3,21538.1,1794.84,2022-06-28
CUST0000964,Nina,Fischer,1986-08-24,Female,United Kingdom,London,Employed,5.6,44807.34,3733.94,2019-01-20
CUST0000965,Hugo,Garcia,1984-08-23,Male,Germany,Munich,Employed,5.3,36374.19,3031.18,2020-04-11
CUST0000966,Nina,Andersson,2003-08-24,Female,Poland,Warsaw,Self-employed,3.0,146298.21,12191.52,2023-08-31
CUST0000967,Hugo,Lopez,1988-08-23,Male,France,Paris,Employed,13.3,31227.58,2602.3,2021-01-06
CUST0000968,Emma,Novak,1994-08-24,Male,Poland,Wroclaw,Employed,0.9,67096.76,5591.4,2020-11-05
CUST0000969,Elena,Novak,1971-08-24,Male,United Kingdom,London,Employed,20.1,52500.7,4375.06,2021-04-07
CUST0000970,Maria,Garcia,1984-08-23,Female,Poland,Warsaw,Retired,7.0,23035.66,1919.64,2019-12-14
CUST0000971,Hugo,Silva,1988-08-23,Male,Poland,Krakow,Employed,20.0,74645.52,6220.46,2023-11-14
CUST0000972,Jan,Silva,1985-08-23,Male,France,Paris,Self-employed,6.6,52421.4,4368.45,2020-12-22
CUST0000973,Nina,Dubois,1981-08-23,Female,Germany,Munich,Unemployed,0.1,6565.05,547.09,2023-12-26
CUST0000974,Jan,Kowalski,1975-08-24,Female,France,Marseille,Employed,14.0,61735.48,5144.62,2025-05-01
CUST0000975,Piotr,Moreau,1998-08-24,Female,Germany,Munich,Self-employed,10.0,88483.25,7373.6,2022-08-29
CUST0000976,Emma,Muller,1999-08-24,Female,Italy,Turin,Employed,9.0,65875.46,5489.62,2025-12-27
CUST0000977,Hugo,Lopez,1969-08-23,Male,Spain,Valencia,Employed,1.4,20610.27,1717.52,2020-07-02
CUST0000978,Anna,Lopez,1990-08-24,Female,Italy,Rome,Employed,16.8,38956.85,3246.4,2026-05-10
CUST0000979,Sofia,Kowalski,2004-08-23,Male,United Kingdom,Manchester,Student,0.6,15201.25,1266.77,2021-06-18
CUST0000980,Marco,Novak,1978-08-24,Female,United Kingdom,Manchester,Employed,6.1,64686.08,5390.51,2021-04-25
CUST0000981,Hugo,Silva,1978-08-24,Female,France,Lyon,Employed,5.0,29505.08,2458.76,2026-06-28
CUST0000982,Felix,Garcia,2005-08-23,Female,Germany,Berlin,Retired,3.0,21625.25,1802.1,2022-06-27
CUST0000983,Tomasz,Fischer,1981-08-23,Male,Poland,Wroclaw,Employed,5.6,59286.2,4940.52,2024-09-18
CUST0000984,Julia,Nowak,1974-08-24,Male,France,Paris,Ret.,2.9,,1356.86,2025-02-19
CUST0000985,Marco,Garcia,1979-08-24,Female,Poland,Gdansk,Self-employed,16.9,32050.0,2670.83,2022-06-05
CUST0000986,Diego,Lopez,1975-08-24,Male,Poland,Wroclaw,Employed,11.1,29736.21,2478.02,2021-06-06
CUST0000987,Jan,Novak,2004-08-23,Female,Italy,Rome,Self-employed,4.0,,5020.44,2022-10-04
CUST0000988,Maria,Nowak,1979-08-24,Female,Poland,Wroclaw,Self-employed,5.0,23160.46,1930.04,2021-12-11
CUST0000989,Piotr,Muller,1988-08-23,Female,France,Marseille,Employed,4.3,50410.96,4200.91,2022-03-09
CUST0000990,Sofia,Garcia,1991-08-24,Non-binary,France,Marseille,Student,0.2,13133.92,1094.49,2020-10-24
CUST0000991,Lucas,Kowalski,1972-08-23,Male,Poland,Krakow,Retired,8.2,27511.32,2292.61,2025-12-30
CUST0000992,Felix,Muller,1963-08-24,Male,Italy,Turin,Retired,14.7,22335.38,1861.28,2023-05-18
CUST0000993,Laura,Silva,1959-08-24,Female,Poland,Warsaw,Self-employed,4.4,48967.31,4080.61,2025-02-02
CUST0000994,Emma,Kowalski,1966-08-24,Female,Italy,Rome,Employed,4.0,98161.85,8180.15,2024-01-16
CUST0000995,Piotr,Rossi,1986-08-24,Male,Spain,Madrid,Employed,10.8,73632.73,6136.06,2021-09-12
CUST0000996,Laura,Rossi,1979-08-24,Female,Poland,Gdansk,Employed,12.4,24798.51,2066.54,2021-06-08
CUST0000997,Sofia,Lopez,1973-08-23,Male,Poland,Poznan,Employed,29.5,82256.18,6854.68,2026-07-06
CUST0000998,Felix,Lopez,1982-08-24,Male,Poland,Wroclaw,Self-employed,1.3,29917.05,2493.09,2019-03-09
CUST0000999,Lucas,Fischer,1982-08-24,Female,Germany,Hamburg,Self-employed,17.5,29887.95,2490.66,2021-04-03
CUST0001000,Julia,Rossi,1972-08-23,Male,Poland,Krakow,Employed,7.5,110925.82,9243.82,2024-08-17
CUST0001001,Elena,Jansen,1985-08-23,Male,Netherlands,Amsterdam,Employed,4.6,162539.51,13544.96,2023-03-05
CUST0001002,Sofia,Jansen,1994-08-24,Female,Poland,Gdansk,Self-employed,9.4,40426.01,3368.83,2023-09-19
CUST0001003,Lucas,Moreau,1990-08-24,Male,Spain,Valencia,Employed,9.2,63991.08,5332.59,2019-03-02
CUST0001004,Julia,Novak,1975-08-24,Male,Poland,Warsaw,Student,1.0,2914.82,242.9,2020-09-03
CUST0001005,Sofia,Moreau,1898-11-02,Female,Netherlands,Amsterdam,Self-employed,1.4,10276.52,856.38,2023-08-02
CUST0001006,Anna,Jansen,1979-08-24,Male,Poland,Wroclaw,Employed,17.6,31825.36,2652.11,2021-05-28
CUST0001007,Sofia,Moreau,1975-08-24,Female,Germany,Berlin,Employed,3.8,59803.34,4983.61,2022-08-06
CUST0001008,Jan,Novak,1989-08-23,Male,France,Marseille,SELF-EMPLOYED,3.3,21871.69,1822.64,2026-04-27
CUST0001009,Laura,Novak,1973-08-23,Male,Poland,Gdansk,Employed,4.1,97681.96,8140.16,2023-11-18
CUST0001010,Anna,Andersson,1979-08-24,Male,Spain,Madrid,Unemployed,0.1,7070.09,589.17,2023-10-27
CUST0001011,Marco,Rossi,2001-08-23,Male,Poland,Krakow,Employed,5.2,46680.06,3890.0,2020-07-02
CUST0001012,Elena,Silva,1964-08-23,Male,France,Marseille,Employed,4.1,,6453.24,2023-07-22
CUST0001013,Tomasz,Rossi,1991-08-24,Female,France,Lyon,Employed,9.0,36772.32,3064.36,2026-05-05
CUST0001014,Laura,Andersson,2007-08-24,Female,France,Paris,Freelance,1.0,75579.27,6298.27,2023-11-22
CUST0001015,Laura,Garcia,1999-08-24,Female,Poland,Warsaw,Student,1.4,9314.65,776.22,2025-01-01
CUST0001016,Sofia,Fischer,1998-08-24,Male,Poland,Gdansk,RETIRED,1.4,30777.0,2564.75,2026-04-19
CUST0001017,Laura,Jansen,1983-08-24,Female,Poland,Gdansk,Employed,11.8,62748.25,5229.02,2025-11-22
CUST0001018,Piotr,Andersson,2033-04-20,Female,Poland,Warsaw,Unemployed,0.1,7406.33,617.19,2021-08-07
CUST0001019,Laura,Garcia,1989-08-23,Male,Poland,,Employed,1.0,17039.39,1419.95,2021-04-05
CUST0001020,Laura,Fischer,1975-08-24,Female,Netherlands,Amsterdam,Employed,19.3,38418.2,3201.52,2021-02-23
CUST0001021,Elena,Fischer,1979-08-24,Female,France,Paris,Retired,0.9,,2418.78,2024-11-21
CUST0001022,Elena,Muller,1980-08-23,Female,United Kingdom,Manchester,Employed,3.5,49552.45,4129.37,2021-11-18
CUST0001023,Anna,Rossi,1978-08-24,Female,Germany,Munich,Student,0.8,-8513.29,709.44,2025-04-16
CUST0001024,Sofia,Andersson,1975-08-24,Male,Poland,Gdansk,Employed,4.3,42978.17,3581.51,2025-02-15
CUST0001025,Julia,Moreau,2008-08-23,Female,France,Marseille,Employed,0.0,27797.38,2316.45,2024-02-03
CUST0001026,Marco,Novak,1989-08-23,Female,Poland,Warsaw,Employed,2.3,39808.68,3317.39,2019-12-04
CUST0001027,Tomasz,Smith,2008-08-23,Male,Poland,Wroclaw,Retired,0.0,42395.33,3532.94,2024-06-11
CUST0001028,Diego,Rossi,1983-08-24,Male,Germany,Frankfurt,Employed,13.2,62404.79,5200.4,2020-07-31
CUST0001029,Sofia,Moreau,1984-08-23,Male,France,Lyon,Unemployed,0.5,6505.84,542.15,2023-03-24
CUST0001030,Elena,Moreau,1969-08-23,Male,Netherlands,Amsterdam,Employed,8.5,50227.64,4185.64,2020-09-29
CUST0001031,Elena,Moreau,1967-08-24,Male,Poland,Warsaw,Self-employed,5.3,59399.68,4949.97,2019-06-23
CUST0001032,Elena,Rossi,1981-08-23,Female,Germany,Munich,Employed,7.3,52839.2,4403.27,2023-11-13
CUST0001033,Jan,Smith,1991-08-24,Male,Poland,Wroclaw,Employed,9.0,71151.09,5929.26,2022-06-14
CUST0001034,Sofia,Garcia,1977-08-23,Male,Poland,Krakow,Self-employed,11.1,24870.98,2072.58,2023-11-27
CUST0001035,Jan,Lopez,1991-08-24,Female,United Kingdom,London,Self-employed,3.9,66755.66,5562.97,2022-10-02
CUST0001036,Jan,Moreau,1984-08-23,Female,Poland,Warsaw,Employed,3.5,43011.78,3584.32,2021-11-04
CUST0001037,Anna,Muller,1970-08-24,Female,France,Lyon,Employed,0.6,85459.09,7121.59,2019-02-13
CUST0001038,Lucas,Garcia,1992-08-23,Male,Germany,Frankfurt,Employed,16.0,36749.59,3062.47,2021-02-10
CUST0001039,Jan,Jansen,1973-08-23,Male,Poland,Wroclaw,Retired,22.1,26743.83,2228.65,2025-09-25
CUST0001040,Sofia,Dubois,1975-08-24,Male,Netherlands,Rotterdam,Self-employed,6.4,27054.66,2254.55,2024-10-08
CUST0001041,Felix,Smith,1997-08-23,Female,Germany,Frankfurt,Unemployed,1.1,3993.27,332.77,2022-07-19
CUST0001042,Elena,Dubois,1970-08-24,Female,Spain,Valencia,Self-employed,18.4,85186.04,7098.84,2019-03-30
CUST0001043,Elena,Andersson,1974-08-24,Female,Germany,Hamburg,Unemployed,1.0,3798.38,316.53,2026-07-14
CUST0001044,Anna,Moreau,1983-08-24,Male,Netherlands,Rotterdam,Employed,3.2,111325.77,9277.15,2024-08-25
CUST0001045,Laura,Moreau,1995-08-24,Male,Poland,Poznan,Employed,13.0,86564.94,7213.74,2019-03-03
CUST0001046,Laura,Smith,1996-08-23,Male,Germany,Hamburg,Self-employed,5.2,43912.11,3659.34,2020-08-10
CUST0001047,Maria,Fischer,1992-08-23,Male,Spain,Barcelona,Employed,2.8,42491.2,3540.93,2020-04-19
CUST0001048,Elena,Andersson,1976-08-23,Male,Poland,Poznan,Employed,9.4,46503.51,3875.29,2025-11-26
CUST0001049,Emma,Muller,1997-08-23,Male,Germany,Frankfurt,Self-employed,3.9,37848.49,3154.04,2026-04-19
CUST0001050,Felix,Fischer,1978-08-24,Female,Netherlands,Utrecht,Retired,17.0,21198.28,1766.52,2022-03-01
CUST0001051,Jan,Rossi,2001-08-23,Female,France,Paris,Self-employed,7.0,,3781.89,2020-05-11
CUST0001052,Laura,Silva,1987-08-24,Female,United Kingdom,Birmingham,Employed,4.0,54448.25,4537.35,2023-11-29
CUST0001053,Maria,Novak,1982-08-24,Female,United Kingdom,London,Student,1.5,12852.28,1071.02,2021-01-31
CUST0001054,Felix,Lopez,1950-08-24,Female,Spain,Barcelona,Employed,9.0,67277.14,5606.43,2019-12-04
CUST0001055,Tomasz,Lopez,2003-08-24,Female,Italy,Turin,Employed,5.0,79814.2,6651.18,2020-12-24
CUST0001056,Jan,Fischer,1963-08-24,Male,France,Lyon,Student,1.4,7283.5,606.96,2020-12-10
CUST0001057,Piotr,Jansen,1982-08-24,Female,Poland,Krakow,Unemployed,0.2,5674.7,472.89,2019-05-30
CUST0001058,Marco,Dubois,1978-08-24,Male,Poland,Poznan,Retired,18.5,17002.95,1416.91,2024-05-10
CUST0001059,Anna,Smith,1982-08-24,Male,France,Lyon,Unemployed,0.3,5614.57,467.88,2021-09-10
CUST0001060,Anna,Lopez,1978-08-24,Male,Spain,Barcelona,Self-employed,3.6,246096.35,20508.03,2023-03-18
CUST0001061,Elena,Muller,1986-08-24,Male,Germany,Berlin,Employed,2.6,-28045.28,2337.11,2023-03-18
CUST0001062,Felix,Jansen,1964-08-23,Female,Poland,Poznan,Employed,11.0,64025.85,5335.49,2024-11-21
CUST0001063,Julia,Andersson,1990-08-24,Male,Poland,Warsaw,Retired,10.3,57040.28,4753.36,2024-10-30
CUST0001064,Elena,Kowalski,1968-08-23,Female,France,Lyon,Retired,4.9,31741.63,2645.14,2023-04-23
CUST0001065,Laura,Silva,1993-08-23,Male,Spain,Valencia,Employed,5.8,20876.94,1739.74,2025-05-29
CUST0001066,Anna,Garcia,1985-08-23,Female,Poland,Poznan,Employed,3.8,46248.57,3854.05,2023-05-10
CUST0001067,Hugo,Garcia,1999-08-24,Female,France,Lyon,Employed,2.7,90784.28,7565.36,2019-03-15
CUST0001068,Anna,Silva,1978-08-24,Male,Spain,Valencia,Employed,4.1,27549.57,2295.8,2025-07-25
CUST0001069,Diego,Kowalski,1964-08-23,Male,Netherlands,,Retired,0.4,18910.15,1575.85,2024-11-19
CUST0001070,Marco,Muller,1985-08-23,Female,Poland,Gdansk,Employed,14.9,28174.38,2347.87,2022-04-01
CUST0001071,Maria,Smith,1987-08-24,Male,Netherlands,Rotterdam,Employed,2.0,53717.43,4476.45,2021-12-15
CUST0001072,Sofia,Silva,2000-08-23,Female,France,Marseille,Retired,6.5,46230.18,3852.52,2025-11-04
CUST0001073,Laura,Nowak,1987-08-24,Male,Spain,Valencia,Employed,0.7,86565.11,7213.76,2022-04-04
CUST0001074,Diego,Dubois,2006-08-24,Female,Poland,Poznan,Employed,2.0,56129.96,4677.5,2021-11-05
CUST0001075,Tomasz,Rossi,1997-08-23,Female,France,Lyon,Employed,11.0,23941.7,1995.14,2024-08-07
CUST0001076,Maria,Jansen,1981-08-23,Female,United Kingdom,Birmingham,Employed,7.0,25328.89,2110.74,2021-07-06
CUST0001077,Elena,Rossi,1966-08-24,Female,Poland,Krakow,Employed,6.2,53112.29,4426.02,2022-02-02
CUST0001078,Nina,Kowalski,1945-08-23,Female,Germany,Berlin,Employed,3.8,30362.7,2530.22,2024-12-16
CUST0001079,Emma,Jansen,1992-08-23,Female,France,Lyon,Employed,14.6,58258.32,4854.86,2020-09-15
CUST0001080,Julia,Fischer,1964-08-23,Female,France,Lyon,Employed,1.6,52952.34,4412.7,2019-02-02
CUST0001081,Felix,Silva,1981-08-23,Female,Poland,Poznan,Employed,4.6,40873.27,3406.11,2021-07-29
CUST0001082,Emma,Dubois,1986-08-24,Male,Germany,Munich,Employed,3.4,106360.32,8863.36,2020-04-25
CUST0001083,Anna,Smith,1978-08-24,Female,Poland,Wroclaw,Retired,3.3,,3321.02,2021-10-07
CUST0001084,Maria,Nowak,1983-08-24,Male,Italy,Rome,Employed,14.4,70367.26,5863.94,2019-07-20
CUST0001085,Tomasz,Garcia,1982-08-24,Male,Netherlands,Amsterdam,Employed,5.9,84554.33,7046.19,2023-07-05
CUST0001086,Felix,Smith,1990-08-24,Female,Poland,Gdansk,Retired,3.8,15524.24,1293.69,2022-12-01
CUST0001087,Hugo,Silva,2004-08-23,Male,Poland,Gdansk,Employed,4.0,73483.88,6123.66,2021-01-30
CUST0001088,Tomasz,Smith,2006-08-24,Female,Poland,Gdansk,Employed,2.0,45969.25,3830.77,2023-10-21
CUST0001089,Marco,Lopez,1975-08-24,Female,Germany,Munich,Retired,12.1,20667.42,1722.28,2020-02-08
CUST0001090,Lucas,Silva,1988-08-23,Male,Italy,Milan,Employed,9.0,48216.96,4018.08,2019-01-29
CUST0001091,Anna,Kowalski,1992-08-23,Male,France,Marseille,EMPLOYED,6.1,44943.78,3745.32,2022-08-24
CUST0001092,Marco,Jansen,1984-08-23,Male,Poland,Krakow,Self-employed,6.5,29265.7,2438.81,2020-03-26
CUST0001093,Tomasz,Silva,1973-08-23,Female,Poland,Poznan,Self-employed,8.8,56727.94,4727.33,2025-07-18
CUST0001094,Elena,Kowalski,1981-08-23,Male,Poland,Poznan,Employed,3.0,-65813.35,5484.45,2021-04-24
CUST0001095,Elena,Dubois,1993-08-23,Female,Italy,Milan,Employed,7.8,39375.95,3281.33,2022-04-12
CUST0001096,Diego,Moreau,1967-08-24,Female,United Kingdom,Manchester,Employed,18.3,117186.7,9765.56,2021-04-01
CUST0001097,Anna,Rossi,1962-08-24,Female,France,Paris,Unemployed,1.5,7711.97,642.66,2022-04-26
CUST0001098,Nina,Smith,1977-08-23,Non-binary,Poland,Gdansk,Employed,5.0,36845.23,3070.44,2019-09-29
CUST0001099,Piotr,Garcia,1970-08-24,Female,Netherlands,Utrecht,Employed,4.9,55098.25,4591.52,2026-02-21
CUST0001100,Tomasz,Nowak,1967-08-24,Male,Poland,Gdansk,Employed,8.5,47302.68,3941.89,2020-04-27
CUST0001101,Felix,Rossi,1968-08-23,Male,Spain,Valencia,Retired,7.4,24609.44,2050.79,2022-01-09
CUST0001102,Elena,Novak,1894-01-19,Male,Italy,Milan,Employed,10.4,43851.45,3654.29,2025-06-23
CUST0001103,Laura,Lopez,1976-08-23,Male,Germany,Frankfurt,Employed,4.0,124313.6,,2022-04-06
CUST0001104,Sofia,Andersson,1977-08-23,Male,Italy,Rome,Employed,5.7,42192.1,3516.01,2024-05-10
CUST0001105,Julia,Fischer,1999-08-24,Female,Poland,Gdansk,Self-employed,9.0,81510.34,6792.53,2019-07-10
CUST0001106,Hugo,Andersson,1974-08-24,Female,United Kingdom,London,Employed,12.3,47428.43,3952.37,2021-04-06
CUST0001107,Julia,Andersson,2003-08-24,Male,Poland,Wroclaw,Retired,5.0,17327.84,1443.99,2024-10-23
CUST0001108,Emma,Dubois,1995-08-24,Female,Germany,Berlin,Employed,10.8,40238.39,3353.2,2021-01-05
CUST0001109,Emma,Kowalski,1966-08-24,Female,Poland,,Employed,11.1,54255.19,4521.27,2022-03-02
CUST0001110,Tomasz,Dubois,1972-08-23,Female,Poland,Krakow,Employed,7.7,49542.54,4128.54,2019-08-12
CUST0001111,Anna,Moreau,1963-08-24,Female,Poland,Wroclaw,Employed,1.9,30567.47,2547.29,2022-11-10
CUST0001112,Felix,Jansen,1988-08-23,Female,Poland,Warsaw,Employed,2.1,41007.22,3417.27,2021-09-01
CUST0001113,Jan,Novak,2000-08-23,Female,France,Marseille,Unemployed,0.7,11074.47,922.87,2025-07-31
CUST0001114,Felix,Kowalski,1987-08-24,Male,Germany,Berlin,Employed,7.1,66410.96,5534.25,2022-01-16
CUST0001115,Anna,Muller,1983-08-24,Female,Poland,Gdansk,Self-employed,3.3,24867.49,2072.29,2025-04-29
CUST0001116,Julia,Rossi,1983-08-24,Non-binary,Netherlands,Amsterdam,Employed,3.4,76399.05,6366.59,2025-11-30
CUST0001117,Emma,Dubois,1968-08-23,Male,Netherlands,Rotterdam,Employed,6.1,51443.96,4287.0,2025-06-01
CUST0001118,Tomasz,Lopez,1989-08-23,Female,Poland,Warsaw,Employed,19.0,58552.99,4879.42,2024-09-06
CUST0001119,Emma,Smith,1979-08-24,Male,Germany,Frankfurt,Employed,2.8,42402.12,3533.51,2023-06-19
CUST0001120,Elena,Andersson,1998-08-24,Male,United Kingdom,,Employed,4.8,40733.84,3394.49,2022-08-31
CUST0001121,Anna,Andersson,1978-08-24,Male,United Kingdom,London,Retired,12.1,26009.77,2167.48,2019-08-16
CUST0001122,Felix,Dubois,1984-08-23,Female,Germany,Berlin,Retired,10.6,34055.46,2837.96,2020-01-12
CUST0001123,Hugo,Lopez,1994-08-24,Female,Spain,Barcelona,Unemployed,0.2,7263.82,605.32,2021-11-27
CUST0001124,Nina,Garcia,1987-08-24,Female,Poland,Gdansk,Retired,1.1,15004.53,1250.38,2024-01-07
CUST0001125,Maria,Kowalski,1987-08-24,Male,Poland,Warsaw,Employed,5.4,34383.36,2865.28,2019-01-14
CUST0001126,Jan,Novak,1988-08-23,Non-binary,United Kingdom,London,Employed,20.0,29956.0,2496.33,2026-02-27
CUST0001127,Emma,Andersson,1959-08-24,Male,United Kingdom,Manchester,Employed,3.3,36915.84,3076.32,2026-08-04
CUST0001128,Marco,Garcia,1985-08-23,Male,Spain,Madrid,Retired,3.2,27442.77,2286.9,2019-08-06
CUST0001129,Nina,Moreau,1987-08-24,Non-binary,Poland,Krakow,Employed,17.7,82588.63,6882.39,2019-09-27
CUST0001130,Elena,Muller,2008-08-23,Male,Poland,Warsaw,Employed,0.0,40162.99,3346.92,2025-06-28
CUST0001131,Emma,Garcia,1997-08-23,Female,Poland,Wroclaw,Self-employed,1.2,16156.52,1346.38,2020-07-12
CUST0001132,Nina,Muller,1988-08-23,Male,Poland,Poznan,Employed,2.5,42545.15,3545.43,2020-05-18
CUST0001133,Anna,Muller,1994-08-24,Female,Poland,Wroclaw,Self-employed,4.1,31694.1,2641.18,2020-06-06
CUST0001134,Hugo,Novak,1965-08-23,Female,France,Paris,Employed,7.9,44421.87,3701.82,2024-05-12
CUST0001135,Jan,Andersson,1986-08-24,Male,France,Lyon,Self-employed,5.6,77851.39,6487.62,2020-01-06
CUST0001136,Laura,Silva,1966-08-24,Male,United Kingdom,Manchester,Retired,3.1,37246.48,3103.87,2020-05-28
CUST0001137,Emma,Moreau,1983-08-24,Female,Germany,Berlin,Employed,5.7,85576.69,7131.39,2022-01-15
CUST0001138,Emma,Kowalski,1983-08-24,Male,Poland,Warsaw,Employed,3.3,33573.85,2797.82,2023-08-03
CUST0001139,Sofia,Silva,1985-08-23,Female,United Kingdom,London,Employed,21.7,64708.01,5392.33,2026-07-28
CUST0001140,Emma,Nowak,1984-08-23,Female,Poland,,Employed,2.3,47712.09,3976.01,2020-10-25
CUST0001141,Diego,Lopez,1960-08-23,Female,Italy,Turin,Employed,4.5,51611.64,4300.97,2020-12-12
CUST0001142,Nina,Silva,2008-08-23,Male,Poland,Warsaw,Employed,0.0,-53187.75,4432.31,2023-02-21
CUST0001143,Marco,Novak,2008-08-23,Male,France,Paris,Employed,0.0,49166.39,4097.2,2022-03-12
CUST0001144,Sofia,Jansen,1992-08-23,Female,Italy,Milan,Employed,2.6,68712.97,5726.08,2023-08-04
CUST0001145,Julia,Dubois,1984-08-23,Female,France,Paris,Employed,16.8,55379.3,4614.94,2020-11-19
CUST0001146,Laura,Andersson,1974-08-24,Female,France,Marseille,Retired,26.6,33130.44,2760.87,2023-09-24
CUST0001147,Maria,Fischer,1977-08-23,Female,United Kingdom,Birmingham,Employed,8.6,108455.54,9037.96,2026-01-28
CUST0001148,Hugo,Muller,1989-08-23,Male,Poland,Krakow,Employed,8.1,52866.46,4405.54,2024-03-22
CUST0001149,Felix,Moreau,1970-08-24,Male,United Kingdom,London,Employed,1.5,23822.57,1985.21,2024-08-15
CUST0001150,Diego,Novak,1891-10-21,Male,Italy,Rome,Employed,16.5,73113.46,6092.79,2019-07-12
CUST0001151,Julia,Nowak,1981-08-23,Female,Netherlands,Rotterdam,Retired,3.3,24144.47,2012.04,2025-11-25
CUST0001152,Marco,Lopez,1971-08-24,Male,Germany,Frankfurt,Employed,1.3,57328.5,4777.38,2024-05-18
CUST0001153,Marco,Muller,1980-08-23,Female,Poland,Krakow,Self-employed,9.8,39561.27,3296.77,2023-10-18
CUST0001154,Hugo,Silva,1992-08-23,Female,Spain,Madrid,Self-employed,13.7,44028.49,3669.04,2020-03-07
CUST0001155,Lucas,Nowak,1974-08-24,Male,France,,Unemployed,0.2,3848.84,320.74,2023-03-27
CUST0001156,Jan,Muller,1982-08-24,Male,Poland,Warsaw,Self-employed,4.6,85083.76,7090.31,2024-03-05
CUST0001157,Laura,Andersson,1984-08-23,Male,Poland,Warsaw,Unemployed,0.4,1815.06,151.26,2023-10-08
CUST0001158,Maria,Andersson,1963-08-24,Male,Poland,Wroclaw,Employed,7.6,52358.82,4363.23,2019-12-13
CUST0001159,Felix,Andersson,2008-08-23,Male,Germany,Hamburg,full time,0.0,43042.2,3586.85,2019-04-25
CUST0001160,Emma,Rossi,2004-08-23,Male,Poland,Warsaw,Self-employed,4.0,27709.08,2309.09,2022-09-01
CUST0001161,Marco,Fischer,2001-08-23,Female,Poland,Krakow,Employed,7.0,21130.55,1760.88,2024-06-26
CUST0001162,Anna,Kowalski,1989-08-23,Female,Poland,Gdansk,Employed,3.1,21846.83,1820.57,2021-12-16
CUST0001163,Maria,Fischer,1988-08-23,Female,Netherlands,Utrecht,Employed,16.8,-111994.75,9332.9,2024-04-04
CUST0001164,Felix,Rossi,2005-08-23,Female,Poland,Poznan,Employed,3.0,38661.67,3221.81,2026-05-25
CUST0001165,Julia,Silva,1998-08-24,Female,Poland,Wroclaw,Employed,10.0,79207.56,6600.63,2025-10-20
CUST0001166,Elena,Moreau,1996-08-23,Female,Germany,Hamburg,Employed,3.2,25265.14,2105.43,2023-10-28
CUST0001167,Felix,Garcia,1950-08-24,Male,Poland,Krakow,Employed,9.8,33954.14,2829.51,2024-07-26
CUST0001168,Anna,Dubois,1959-08-24,Male,Netherlands,Amsterdam,Employed,11.7,71298.6,5941.55,2019-09-04
CUST0001169,Emma,Fischer,1990-08-24,Male,Italy,Milan,Employed,7.5,49425.73,4118.81,2019-08-26
CUST0001170,Diego,Moreau,1989-08-23,Female,Germany,Hamburg,Self-employed,2.6,43581.78,3631.82,2024-05-11
CUST0001171,Lucas,Garcia,2000-08-23,Male,Germany,Hamburg,Employed,6.9,64311.91,5359.33,2025-02-15
CUST0001172,Julia,Jansen,2008-08-23,Female,Germany,Hamburg,Self-employed,0.0,16821.63,1401.8,2020-06-26
CUST0001173,Tomasz,Rossi,1986-08-24,Female,Poland,Poznan,Employed,14.1,54455.31,4537.94,2023-07-13
CUST0001174,Hugo,Jansen,1998-08-24,Female,Poland,Warsaw,Employed,1.6,44694.58,3724.55,2021-03-10
CUST0001175,Felix,Dubois,1985-08-23,Female,Poland,Poznan,Self-employed,7.3,59476.92,4956.41,2019-10-31
CUST0001176,Elena,Kowalski,2006-08-24,Female,Poland,Gdansk,Unemployed,0.6,3954.39,329.53,2021-11-22
CUST0001177,Laura,Moreau,1995-08-24,Male,France,Lyon,Self-employed,11.0,57986.03,4832.17,2022-06-04
CUST0001178,Tomasz,Silva,1982-08-24,Male,Poland,Wroclaw,Self-employed,13.1,85358.78,7113.23,2024-12-07
CUST0001179,Marco,Smith,1979-08-24,Male,Poland,Krakow,Self-employed,2.9,21995.4,1832.95,2025-08-11
CUST0001180,Jan,Nowak,1978-08-24,Female,Germany,Frankfurt,Self-employed,2.4,40676.56,3389.71,2026-03-21
CUST0001181,Hugo,Kowalski,2002-08-24,Male,Germany,Munich,Self-employed,4.0,20386.59,1698.88,2019-10-19
CUST0001182,Anna,Smith,1972-08-23,Male,Poland,Krakow,Self-employed,5.8,40571.81,3380.98,2026-01-25
CUST0001183,Hugo,Andersson,1995-08-24,Female,Poland,Wroclaw,Employed,3.5,37336.97,3111.41,2022-12-17
CUST0001184,Lucas,Garcia,1975-08-24,Male,Poland,Warsaw,Employed,11.7,32471.62,,2020-04-21
CUST0001185,Nina,Novak,1984-08-23,Female,Poland,,Employed,14.1,98715.37,8226.28,2023-12-14
CUST0001186,Felix,Dubois,2003-08-24,Female,Spain,Valencia,Employed,5.0,97344.96,8112.08,2019-06-18
CUST0001187,Julia,Kowalski,1988-08-23,Female,Italy,Rome,Unemployed,0.3,2872.79,239.4,2022-07-13
CUST0001188,Tomasz,Jansen,1979-08-24,Male,Germany,Frankfurt,Employed,5.6,32767.39,2730.62,2025-05-03
CUST0001189,Lucas,Muller,1975-08-24,Female,Germany,Berlin,Employed,7.1,32332.75,2694.4,2026-06-05
CUST0001190,Marco,Kowalski,1986-08-24,Female,United Kingdom,Manchester,Unemployed,0.7,-4043.18,,2021-03-15
CUST0001191,Jan,Nowak,1963-08-24,Female,United Kingdom,Manchester,,6.2,44048.45,3670.7,2020-05-02
CUST0001192,Anna,Garcia,1970-08-24,Male,Poland,Warsaw,Unemployed,0.1,6862.08,571.84,2023-06-16
CUST0001193,Hugo,Jansen,1988-08-23,Female,Poland,Poznan,Employed,3.5,57316.31,4776.36,2020-03-15
CUST0001194,Elena,Lopez,1973-08-23,Female,Germany,Frankfurt,Employed,22.9,53365.2,4447.1,2026-06-26
CUST0001195,Anna,Garcia,1957-08-23,Female,France,Lyon,Employed,7.3,63526.55,5293.88,2021-07-04
CUST0001196,Marco,Kowalski,1957-08-23,Male,Poland,Krakow,Employed,5.2,49462.24,4121.85,2020-06-04
CUST0001197,Tomasz,Muller,2001-08-23,Male,Poland,Poznan,Employed,3.4,47299.07,3941.59,2020-10-27
CUST0001198,Hugo,Rossi,1997-08-23,Male,Poland,Krakow,Employed,3.6,137011.0,,2021-11-12
CUST0001199,Hugo,Muller,1963-08-24,Female,Poland,Poznan,Employed,6.6,41039.25,3419.94,2024-09-02
CUST0001200,Hugo,Rossi,1999-08-24,Female,Germany,Hamburg,Employed,7.2,102463.31,8538.61,2025-08-20
CUST0001201,Jan,Lopez,2003-08-24,Male,United Kingdom,London,Unemployed,1.0,6347.9,528.99,2024-08-18
CUST0001202,Sofia,Dubois,1991-08-24,Female,France,Paris,Employed,2.0,89898.94,7491.58,2023-12-21
CUST0001203,Lucas,Silva,1978-08-24,Male,Poland,Warsaw,Employed,6.6,63233.46,5269.46,2021-01-24
CUST0001204,Jan,Andersson,1985-08-23,Male,Poland,Warsaw,Employed,3.7,22165.96,1847.16,2026-03-03
CUST0001205,Marco,Nowak,1993-08-23,Female,Spain,Madrid,Retired,1.2,19223.76,1601.98,2026-08-24
CUST0001206,Emma,Garcia,1993-08-23,Male,Germany,Berlin,Unemployed,0.5,16755.8,1396.32,2023-10-31
CUST0001207,Felix,Dubois,1994-08-24,Male,Poland,Gdansk,Student,1.5,8135.67,677.97,2024-12-27
CUST0001208,Marco,Smith,1996-08-23,Female,Poland,Gdansk,Retired,4.9,33672.65,2806.05,2021-04-27
CUST0001209,Felix,Kowalski,1952-08-23,Female,Spain,Madrid,Employed,6.0,51548.03,4295.67,2022-06-03
CUST0001210,Hugo,Andersson,1980-08-23,Female,Spain,Madrid,Self-employed,15.4,136054.96,11337.91,2025-02-26
CUST0001211,Hugo,Rossi,1972-08-23,Male,Italy,Turin,Employed,1.3,39171.34,3264.28,2022-03-30
CUST0001212,Diego,Rossi,1991-08-24,Female,France,Lyon,Retired,11.0,17645.69,1470.47,2024-10-21
CUST0001213,Diego,Silva,1987-08-24,Female,Germany,Hamburg,Employed,12.2,54312.36,4526.03,2025-07-29
CUST0001214,Piotr,Lopez,1994-08-24,Male,Germany,Frankfurt,Employed,14.0,35015.23,2917.94,2026-02-20
CUST0001215,Emma,Moreau,2008-08-23,Female,Poland,Poznan,Retired,0.0,26128.61,2177.38,2021-03-25
CUST0001216,Julia,Lopez,2003-08-24,Female,United Kingdom,Birmingham,Unemployed,0.7,7880.8,656.73,2022-08-22
CUST0001217,Felix,Dubois,2008-08-23,Male,France,Lyon,Student,1.3,12426.7,1035.56,2021-12-13
CUST0001218,Anna,Nowak,2008-08-23,Female,Poland,Wroclaw,Employed,0.0,65945.55,5495.46,2022-11-05
CUST0001219,Lucas,Garcia,2001-08-23,Female,Italy,Rome,Employed,1.0,73320.85,6110.07,2024-09-05
CUST0001220,Piotr,Rossi,1965-08-23,Female,Germany,Hamburg,Employed,2.0,80030.98,6669.25,2021-06-23
CUST0001221,Piotr,Rossi,1985-08-23,Female,Poland,Gdansk,Employed,7.8,44070.62,3672.55,2020-10-12
CUST0001222,Nina,Muller,1966-08-24,Female,Poland,Krakow,Employed,12.1,34482.9,2873.58,2021-01-20
CUST0001223,Piotr,Muller,1978-08-24,Male,Italy,,full time,9.9,61148.66,5095.72,2024-11-09
CUST0001224,Nina,Muller,1973-08-23,Male,Italy,Milan,Unemployed,0.9,17300.95,1441.75,2026-08-15
CUST0001225,Felix,Andersson,1997-08-23,Female,Germany,Frankfurt,Employed,11.0,111398.32,9283.19,2019-10-16
CUST0001226,Nina,Smith,1977-08-23,Male,Netherlands,Utrecht,Self-employed,5.0,38358.01,3196.5,2026-06-22
CUST0001227,Maria,Kowalski,1974-08-24,Male,Italy,Milan,Retired,3.6,25087.04,2090.59,2019-03-31
CUST0001228,Maria,Jansen,1992-08-23,Male,Spain,Valencia,Employed,4.3,51544.52,4295.38,2023-01-19
CUST0001229,Emma,Fischer,1976-08-23,Male,Italy,Rome,Employed,7.9,62627.25,5218.94,2020-01-09
CUST0001230,Julia,Dubois,1976-08-23,Male,Germany,Munich,Employed,6.0,46099.5,3841.62,2026-04-21
CUST0001231,Nina,Rossi,1992-08-23,Male,Spain,Barcelona,Employed,12.5,43707.8,3642.32,2024-10-29
CUST0001232,Emma,Garcia,2000-08-23,Female,France,,Self-employed,3.7,19204.54,1600.38,2021-09-21
CUST0001233,Maria,Dubois,2001-08-23,Male,United Kingdom,Birmingham,Employed,7.0,67716.88,,2024-04-01
CUST0001234,Felix,Garcia,1983-08-24,Female,Poland,Gdansk,Employed,11.3,51096.3,4258.03,2025-07-02
CUST0001235,Elena,Moreau,1979-08-24,Female,United Kingdom,,Student,1.1,6180.35,515.03,2020-08-30
CUST0001236,Laura,Lopez,1995-08-24,Male,Netherlands,,Self-employed,2.4,29620.23,2468.35,2023-11-09
CUST0001237,Hugo,Rossi,1984-08-23,Female,Poland,Gdansk,Retired,4.2,37083.04,3090.25,2021-04-16
CUST0001238,Elena,Moreau,1976-08-23,Female,Netherlands,Utrecht,Employed,5.7,60106.34,5008.86,2024-06-25
CUST0001239,Lucas,Fischer,1975-08-24,Female,Germany,Frankfurt,,1.7,19904.56,1658.71,2023-05-05
CUST0001240,Maria,Nowak,1962-08-24,Female,Poland,Krakow,Employed,8.3,64334.04,5361.17,2024-06-28
CUST0001241,Tomasz,Smith,1966-08-24,Male,Poland,Poznan,Employed,8.2,60097.56,5008.13,2023-11-14
CUST0001242,Lucas,Andersson,1998-08-24,Male,Spain,Valencia,Retired,7.7,21715.49,1809.62,2023-11-11
CUST0001243,Nina,Dubois,1960-08-23,Female,France,Marseille,Retired,5.4,16378.89,1364.91,2019-08-25
CUST0001244,Nina,Smith,1991-08-24,Female,Poland,Gdansk,Employed,14.8,69652.71,5804.39,2025-07-08
CUST0001245,Lucas,Smith,1969-08-23,Female,France,Marseille,Employed,4.3,34989.21,2915.77,2020-04-24
CUST0001246,Marco,Andersson,1983-08-24,Female,Poland,Wroclaw,Employed,13.8,37210.13,3100.84,2021-12-30
CUST0001247,Emma,Rossi,1990-08-24,Male,Germany,Berlin,Self-employed,4.2,16455.93,1371.33,2022-11-28
CUST0001248,Laura,Silva,2008-08-23,Male,Italy,Rome,Retired,0.0,27969.18,2330.76,2025-06-29
CUST0001249,Laura,Garcia,1986-08-24,Male,United Kingdom,Birmingham,Employed,6.2,50071.59,4172.63,2023-10-24
CUST0001250,Julia,Moreau,2006-08-24,Female,Spain,Valencia,Employed,2.0,48579.8,4048.32,2020-05-27
CUST0001251,Julia,Nowak,1970-08-24,Male,France,Paris,Self-employed,8.8,21088.99,1757.42,2021-03-10
CUST0001252,Felix,Kowalski,1963-08-24,Male,Netherlands,Rotterdam,Self-employed,0.7,70089.96,5840.83,2020-07-12
CUST0001253,Sofia,Kowalski,1995-08-24,Male,Poland,Krakow,Employed,5.0,40472.21,3372.68,2023-07-09
CUST0001254,Maria,Rossi,1980-08-23,Female,Poland,Krakow,Employed,21.9,63735.56,5311.3,2024-06-26
CUST0001255,Nina,Silva,1994-08-24,Female,Poland,Poznan,Student,0.2,6767.97,564.0,2024-06-03
CUST0001256,Elena,Lopez,1993-08-23,Male,France,Lyon,Employed,12.2,78867.18,6572.26,2024-09-26
CUST0001257,Tomasz,Smith,1973-08-23,Female,France,Lyon,FT,35.0,94848.18,7904.02,2024-05-14
CUST0001258,Emma,Muller,1985-08-23,Female,United Kingdom,Manchester,Employed,23.0,104237.56,8686.46,2025-11-25
CUST0001259,Marco,Dubois,1960-08-23,Non-binary,Poland,Poznan,,2.6,28350.71,2362.56,2025-12-07
CUST0001260,Lucas,Nowak,1991-08-24,Male,Poland,Poznan,Retired,11.5,23070.91,1922.58,2021-02-06
CUST0001261,Anna,Smith,1970-08-24,Female,United Kingdom,London,Employed,12.0,32985.57,2748.8,2021-04-30
CUST0001262,Julia,Novak,1983-08-24,Female,Netherlands,Amsterdam,Employed,10.2,46837.15,3903.1,2019-06-06
CUST0001263,Sofia,Kowalski,1973-08-23,Female,Poland,Krakow,Employed,2.3,50788.04,4232.34,2021-01-16
CUST0001264,Sofia,Novak,1990-08-24,Male,Poland,Wroclaw,Self-employed,7.6,18912.61,1576.05,2022-11-18
CUST0001265,Julia,Garcia,1985-08-23,Female,Poland,Gdansk,Employed,7.6,46726.71,3893.89,2024-01-14
CUST0001266,Felix,Andersson,1986-08-24,Male,Germany,Frankfurt,Employed,2.0,38818.43,3234.87,2025-09-10
CUST0001267,Piotr,Fischer,1996-08-23,Male,Poland,Poznan,Employed,5.2,44435.49,3702.96,2023-07-17
CUST0001268,Elena,Novak,1975-08-24,Male,Poland,Warsaw,Employed,7.9,63448.43,5287.37,2026-06-06
CUST0001269,Julia,Andersson,1975-08-24,Male,United Kingdom,London,Student,0.3,9943.15,828.6,2023-03-25
CUST0001270,Felix,Andersson,1976-08-23,Female,Poland,Wroclaw,Self-employed,10.8,61082.94,5090.24,2025-07-23
CUST0001271,Emma,Muller,1962-08-24,Female,Germany,Hamburg,Retired,5.1,18654.18,1554.52,2025-03-07
CUST0001272,Felix,Nowak,1964-08-23,Male,Poland,Poznan,Employed,7.0,29383.06,2448.59,2022-09-30
CUST0001273,Laura,Dubois,1989-08-23,Female,Italy,Rome,Employed,12.7,144744.52,12062.04,2025-09-02
CUST0001274,Laura,Silva,1979-08-24,Female,Germany,Frankfurt,,0.2,17609.97,1467.5,2025-08-08
CUST0001275,Tomasz,Silva,1993-08-23,Female,Poland,Wroclaw,Employed,2.2,49490.45,4124.2,2021-05-22
CUST0001276,Lucas,Novak,1984-08-23,Female,Poland,Wroclaw,Unemployed,0.4,8926.98,743.92,2020-08-20
CUST0001277,Julia,Rossi,1992-08-23,Female,United Kingdom,London,Employed,4.4,77914.84,6492.9,2019-12-06
CUST0001278,Diego,Moreau,1961-08-23,Male,Italy,Turin,Employed,8.8,40933.14,3411.1,2026-01-16
CUST0001279,Nina,Smith,1979-08-24,Male,Poland,Wroclaw,Employed,2.0,,5193.06,2022-05-20
CUST0001280,Anna,Garcia,1987-08-24,Male,Poland,Krakow,Employed,15.0,57569.98,4797.5,2023-05-03
CUST0001281,Hugo,Novak,1967-08-24,Male,Poland,Krakow,Employed,3.4,71129.01,5927.42,2021-02-02
CUST0001282,Diego,Nowak,2008-08-23,Female,France,Lyon,Employed,0.0,44157.79,3679.82,2021-12-23
CUST0001283,Hugo,Dubois,2008-08-23,Male,Netherlands,Amsterdam,Employed,0.0,92098.41,7674.87,2022-01-29
CUST0001284,Lucas,Novak,1973-08-23,Male,Germany,Frankfurt,Employed,1.7,26085.89,2173.82,2023-06-13
CUST0001285,Marco,Novak,1983-08-24,Female,Poland,Gdansk,Retired,5.5,19360.0,1613.33,2020-05-04
CUST0001286,Laura,Garcia,1980-08-23,Male,Spain,Valencia,Employed,7.7,77024.03,6418.67,2024-12-29
CUST0001287,Laura,Muller,2003-08-24,Female,Spain,Barcelona,Retired,5.0,30411.81,2534.32,2021-12-27
CUST0001288,Marco,Kowalski,1984-08-23,Female,Poland,Wroclaw,Employed,7.5,54238.12,4519.84,2020-11-01
CUST0001289,Emma,Nowak,1956-08-23,Female,Poland,Wroclaw,Employed,2.6,32110.13,2675.84,2019-02-10
CUST0001290,Marco,Fischer,1972-08-23,Female,Germany,Munich,Employed,11.5,121501.07,10125.09,2019-10-12
CUST0001291,Anna,Novak,1982-08-24,Female,Spain,Barcelona,Retired,16.7,19038.32,1586.53,2021-01-21
CUST0001292,Anna,Jansen,1990-08-24,Male,United Kingdom,Manchester,Employed,3.2,,8973.23,2024-08-09
CUST0001293,Jan,Jansen,1990-08-24,Male,United Kingdom,Birmingham,Retired,12.6,18949.31,1579.11,2025-07-15
CUST0001294,Emma,Rossi,2008-08-23,Female,Spain,,Employed,0.0,20089.06,1674.09,2026-04-14
CUST0001295,Julia,Muller,1980-08-23,Male,Poland,Warsaw,Self-employed,11.7,51113.15,4259.43,2021-04-11
CUST0001296,Emma,Kowalski,1972-08-23,Female,Poland,Gdansk,Unemployed,0.4,10945.08,912.09,2023-11-15
CUST0001297,Felix,Andersson,2006-08-24,Male,Poland,Gdansk,Student,0.6,13564.3,1130.36,2021-01-19
CUST0001298,Piotr,Kowalski,1993-08-23,Female,Italy,Turin,Employed,8.8,56249.19,4687.43,2020-02-03
CUST0001299,Emma,Nowak,2000-08-23,Female,France,Lyon,Retired,8.0,35471.92,2955.99,2023-02-25
CUST0001300,Piotr,Fischer,1998-08-24,Male,Poland,Wroclaw,Employed,4.0,67141.34,5595.11,2023-12-02
CUST0001301,Sofia,Silva,1983-08-24,Male,Poland,Warsaw,Unemployed,0.8,4964.59,413.72,2024-10-25
CUST0001302,Tomasz,Smith,2008-08-23,Male,United Kingdom,London,Employed,0.0,57784.3,4815.36,2019-11-22
CUST0001303,Sofia,Garcia,1975-08-24,Male,Spain,Valencia,Employed,5.0,95250.82,7937.57,2024-09-17
CUST0001304,Marco,Muller,1973-08-23,Male,United Kingdom,Manchester,Employed,6.9,88866.07,7405.51,2021-04-27
CUST0001305,Laura,Smith,1988-08-23,Female,Poland,Wroclaw,Unemployed,1.1,3359.26,279.94,2021-02-16
CUST0001306,Diego,Dubois,2008-08-23,Female,Italy,Rome,Employed,0.0,53655.27,4471.27,2019-03-30
CUST0001307,Piotr,Jansen,1998-08-24,Female,Spain,Barcelona,Employed,1.1,126282.88,10523.57,2020-07-24
CUST0001308,Jan,Muller,1967-08-24,Female,United Kingdom,Birmingham,Employed,9.1,77615.82,6467.98,2022-09-23
CUST0001309,Piotr,Garcia,2008-08-23,Female,United Kingdom,Manchester,Self-employed,0.0,31854.2,2654.52,2020-06-12
CUST0001310,Tomasz,Nowak,1989-08-23,Male,Italy,Milan,Employed,3.8,42987.21,3582.27,2021-06-16
CUST0001311,Felix,Dubois,2001-08-23,Female,Netherlands,Utrecht,Self-employed,6.4,55505.13,4625.43,2023-01-20
CUST0001312,Maria,Garcia,1973-08-23,Male,France,Paris,Employed,13.0,43010.0,3584.17,2019-09-30
CUST0001313,Anna,Garcia,1993-08-23,Female,Germany,Munich,Self-employed,6.2,25980.24,2165.02,2025-09-10
CUST0001314,Julia,Jansen,1978-08-24,Male,Germany,Hamburg,Self-employed,2.6,79748.59,6645.72,2021-05-13
CUST0001315,Felix,Smith,1976-08-23,Male,Spain,Barcelona,Self-employed,28.7,34297.17,2858.1,2024-10-21
CUST0001316,Julia,Muller,1958-08-24,Female,United Kingdom,Birmingham,Unemployed,0.6,4715.3,392.94,2023-12-14
CUST0001317,Elena,Andersson,1987-08-24,Female,Poland,Warsaw,Employed,15.4,93376.4,7781.37,2024-09-29
CUST0001318,Laura,Rossi,1979-08-24,Male,Poland,Warsaw,Employed,11.8,38463.19,3205.27,2021-03-18
CUST0001319,Anna,Rossi,2005-08-23,Male,Italy,Milan,Self-employed,3.0,36056.34,3004.7,2020-04-25
CUST0001320,Emma,Smith,1967-08-24,Female,Italy,Milan,Employed,20.0,48493.63,4041.14,2020-02-04
CUST0001321,Nina,Nowak,1995-08-24,Female,Netherlands,Utrecht,Employed,4.1,45184.88,3765.41,2020-10-02
CUST0001322,Julia,Dubois,1992-08-23,Male,Germany,Munich,Unemployed,0.4,5984.8,498.73,2023-03-02
CUST0001323,Piotr,Silva,1984-08-23,Male,Spain,Barcelona,Employed,8.2,60303.29,5025.27,2023-10-10
CUST0001324,Maria,Nowak,2006-08-24,Female,Spain,Madrid,Employed,2.0,45139.2,3761.6,2024-10-04
CUST0001325,Laura,Jansen,1981-08-23,Female,Poland,Wroclaw,Student,1.5,15639.74,1303.31,2026-05-15
CUST0001326,Lucas,Kowalski,1970-08-24,Male,Poland,,Employed,6.8,29484.39,2457.03,2025-05-07
CUST0001327,Tomasz,Silva,1980-08-23,Female,Netherlands,Rotterdam,Employed,7.8,84300.01,7025.0,2021-09-24
CUST0001328,Marco,Kowalski,2006-08-24,Male,Poland,Poznan,Employed,2.0,41312.13,3442.68,2022-08-11
CUST0001329,Marco,Muller,1986-08-24,Female,France,Lyon,Employed,22.0,134544.55,11212.05,2026-04-21
CUST0001330,Laura,Rossi,1974-08-24,Male,United Kingdom,London,Self-employed,14.6,37131.36,3094.28,2024-06-09
CUST0001331,Anna,Silva,2008-08-23,Female,United Kingdom,London,Unemployed,0.7,4276.98,356.42,2022-03-09
CUST0001332,Emma,Novak,1999-08-24,Female,Poland,Warsaw,Employed,4.2,56827.41,4735.62,2025-05-16
CUST0001333,Marco,Smith,1972-08-23,Male,United Kingdom,Manchester,Employed,7.1,87533.44,7294.45,2020-01-16
CUST0001334,Nina,Nowak,1980-08-23,Female,Poland,Gdansk,Employed,17.5,73510.7,6125.89,2024-02-23
CUST0001335,Hugo,Dubois,1978-08-24,Male,Spain,Valencia,Employed,18.7,98983.56,8248.63,2026-04-03
CUST0001336,Emma,Fischer,1958-08-24,Female,Poland,Krakow,Self-employed,6.5,75023.03,6251.92,2023-01-12
CUST0001337,Sofia,Nowak,1977-08-23,Male,United Kingdom,London,Employed,4.1,63492.72,5291.06,2023-09-09
CUST0001338,Piotr,Novak,1975-08-24,Male,Spain,Barcelona,full time,5.8,56056.06,4671.34,2019-06-17
CUST0001339,Piotr,Dubois,1946-08-24,Male,Poland,Warsaw,Unemployed,0.5,3476.82,289.74,2023-08-17
CUST0001340,Sofia,Kowalski,1987-08-24,Female,Poland,Poznan,Unemployed,1.1,7629.03,635.75,2021-03-21
CUST0001341,Nina,Andersson,1995-08-24,Male,Spain,Barcelona,Employed,13.0,85847.89,7153.99,2026-08-09
CUST0001342,Anna,Kowalski,1978-08-24,Male,Poland,Gdansk,Self-employed,5.1,67376.29,5614.69,2021-06-12
CUST0001343,Anna,Dubois,1978-08-24,Male,Poland,Poznan,Employed,3.2,140725.05,11727.09,2021-05-26
CUST0001344,Julia,Muller,1991-08-24,Female,Germany,Hamburg,Employed,5.7,45300.63,3775.05,2022-01-08
CUST0001345,Piotr,Silva,1998-08-24,Female,Netherlands,Rotterdam,Employed,8.5,72722.46,6060.21,2024-04-30
CUST0001346,Diego,Kowalski,1952-08-23,Female,France,Marseille,Self-employed,15.8,9480.63,790.05,2026-04-09
CUST0001347,Nina,Nowak,1979-08-24,Male,Germany,Hamburg,Retired,3.0,23323.71,1943.64,2021-08-25
CUST0001348,Nina,Jansen,1994-08-24,Male,Netherlands,Rotterdam,Employed,8.5,,4330.45,2020-08-06
CUST0001349,Lucas,Lopez,1971-08-24,Female,Germany,Munich,Employed,8.7,64532.4,5377.7,2024-11-05
CUST0001350,Lucas,Kowalski,1986-08-24,Male,Germany,Munich,Self-employed,9.9,58341.93,4861.83,2023-02-21
CUST0001351,Emma,Smith,1988-08-23,Male,Germany,Frankfurt,Employed,5.1,51349.22,4279.1,2022-06-24
CUST0001352,Piotr,Fischer,1976-08-23,Female,Poland,Krakow,Employed,9.8,21294.3,1774.52,2026-07-31
CUST0001353,Tomasz,Rossi,2002-08-24,Female,Poland,Warsaw,Employed,6.0,46776.99,3898.08,2022-10-16
CUST0001354,Diego,Smith,1979-08-24,Male,United Kingdom,Manchester,Retired,5.0,35207.17,2933.93,2023-09-25
CUST0001355,Sofia,Fischer,1957-08-23,Male,Poland,Krakow,Unemployed,0.1,3454.89,287.91,2026-07-04
CUST0001356,Anna,Novak,1977-08-23,Female,United Kingdom,Manchester,Retired,6.0,22433.34,1869.44,2020-08-06
CUST0001357,Tomasz,Rossi,1989-08-23,Male,Poland,Warsaw,Employed,3.6,75669.96,6305.83,2025-11-26
CUST0001358,Emma,Novak,1991-08-24,Male,Germany,Berlin,Employed,2.1,35537.79,2961.48,2026-05-05
CUST0001359,Nina,Andersson,1990-08-24,Male,Poland,Krakow,Employed,4.1,73565.8,6130.48,2022-08-07
CUST0001360,Diego,Jansen,1988-08-23,Male,France,Lyon,Employed,4.3,54077.49,4506.46,2021-07-28
CUST0001361,Felix,Smith,1989-08-23,Male,United Kingdom,London,Employed,2.1,45220.82,3768.4,2020-03-29
CUST0001362,Emma,Moreau,1971-08-24,Male,Germany,Munich,Unemployed,0.2,2586.58,215.55,2019-05-14
CUST0001363,Elena,Moreau,2008-08-23,Female,Poland,Krakow,Self-employed,0.0,14478.68,1206.56,2026-07-11
CUST0001364,Jan,Lopez,1972-08-23,Male,Poland,Warsaw,Self-employed,5.9,38173.0,3181.08,2022-04-19
CUST0001365,Marco,Andersson,1989-08-23,Female,Spain,Madrid,Employed,6.5,74785.07,6232.09,2024-02-09
CUST0001366,Sofia,Dubois,1979-08-24,Male,Poland,Krakow,Employed,4.6,66833.71,5569.48,2020-11-03
CUST0001367,Elena,Nowak,2000-08-23,Female,Spain,Madrid,Employed,6.3,60881.29,5073.44,2021-06-23
CUST0001368,Tomasz,Nowak,1965-08-23,Male,Poland,Poznan,Employed,9.8,80750.93,6729.24,2025-04-06
CUST0001369,Marco,Lopez,1967-08-24,Female,Poland,Warsaw,Employed,8.5,56717.47,4726.46,2024-01-08
CUST0001370,Maria,Dubois,2031-08-26,Female,United Kingdom,Manchester,Employed,6.2,25548.92,2129.08,2020-09-06
CUST0001371,Nina,Nowak,2005-08-23,Female,Germany,,Student,1.4,9419.54,784.96,2019-01-16
CUST0001372,Laura,Garcia,1972-08-23,Male,Poland,Gdansk,Employed,11.4,45620.05,3801.67,2025-04-08
CUST0001373,Diego,Kowalski,1978-08-24,Male,Netherlands,Rotterdam,Employed,4.7,23553.65,1962.8,2019-08-12
CUST0001374,Lucas,Jansen,2006-08-24,Female,Poland,Wroclaw,FT,2.0,64527.85,5377.32,2019-04-12
CUST0001375,Maria,Silva,1984-08-23,Male,Germany,Frankfurt,Self-employed,7.4,45048.49,3754.04,2021-04-18
CUST0001376,Marco,Dubois,1979-08-24,Male,Germany,Frankfurt,Emp.,1.3,70846.9,5903.91,2026-02-08
CUST0001377,Tomasz,Novak,1976-08-23,Female,Germany,Berlin,Employed,8.3,77203.97,6433.66,2023-12-06
CUST0001378,Piotr,Smith,1982-08-24,Male,Spain,Valencia,Employed,8.7,64074.24,5339.52,2019-04-28
CUST0001379,Jan,Lopez,1980-08-23,Female,Poland,Wroclaw,Employed,4.1,75031.75,6252.65,2026-01-05
CUST0001380,Diego,Novak,1963-08-24,Female,Netherlands,Amsterdam,Employed,4.5,25868.98,2155.75,2026-03-06
CUST0001381,Julia,Nowak,1967-08-24,Male,United Kingdom,Manchester,Employed,12.6,51660.55,4305.05,2024-04-30
CUST0001382,Emma,Garcia,2008-08-23,Female,Netherlands,Utrecht,Employed,0.0,26494.48,2207.87,2019-07-25
CUST0001383,Julia,Novak,1988-08-23,Male,Spain,Madrid,Unemployed,0.3,3246.6,270.55,2019-02-09
CUST0001384,Hugo,Jansen,1986-08-24,Male,Netherlands,Amsterdam,Employed,4.1,42986.42,3582.2,2025-09-03
CUST0001385,Anna,Novak,2008-08-23,Male,France,Marseille,Employed,0.0,94634.94,7886.24,2025-04-16
CUST0001386,Lucas,Rossi,1983-08-24,Male,Germany,Hamburg,employed,6.0,80529.98,6710.83,2025-05-10
CUST0001387,Sofia,Kowalski,1967-08-24,Male,Germany,Berlin,Self-employed,8.3,38766.62,3230.55,2022-09-21
CUST0001388,Jan,Novak,1999-08-24,Non-binary,United Kingdom,Birmingham,Employed,7.5,68147.98,5679.0,2023-07-19
CUST0001389,Anna,Novak,1979-08-24,Female,Germany,Munich,Employed,7.6,47854.78,3987.9,2020-04-28
CUST0001390,Lucas,Silva,1997-08-23,Female,United Kingdom,London,Employed,0.9,31907.81,2658.98,2019-04-11
CUST0001391,Julia,Dubois,1993-08-23,Male,Poland,Krakow,Student,1.5,19291.26,1607.6,2020-09-09
CUST0001392,Julia,Kowalski,1963-08-24,Female,Spain,Barcelona,Employed,4.2,54103.27,4508.61,2023-10-01
CUST0001393,Nina,Novak,1992-08-23,Female,Poland,Warsaw,Retired,4.1,24974.16,2081.18,2022-01-27
CUST0001394,Lucas,Andersson,1978-08-24,Female,Netherlands,Rotterdam,Retired,10.4,27985.84,2332.15,2023-09-22
CUST0001395,Tomasz,Andersson,2008-08-23,Male,Poland,Krakow,Employed,0.0,76530.16,6377.51,2022-05-15
CUST0001396,Diego,Muller,1958-08-24,Female,Poland,Warsaw,Employed,0.9,57530.01,4794.17,2023-04-06
CUST0001397,Laura,Novak,1976-08-23,Female,Spain,Valencia,Employed,4.1,25671.79,2139.32,2026-04-11
CUST0001398,Elena,Novak,1987-08-24,Female,Spain,Madrid,Student,1.1,3809.79,317.48,2023-10-30
CUST0001399,Piotr,Moreau,1976-08-23,Female,United Kingdom,Birmingham,Employed,6.9,53616.73,4468.06,2026-04-18
CUST0001400,Nina,Jansen,2004-08-23,Male,Netherlands,Amsterdam,Employed,3.4,22221.0,1851.75,2026-05-27
CUST0001401,Hugo,Novak,1967-08-24,Female,Poland,Krakow,Employed,5.4,70919.87,5909.99,2023-09-22
CUST0001402,Tomasz,Dubois,1989-08-23,Male,Spain,Madrid,Retired,4.8,40873.73,3406.14,2026-08-12
CUST0001403,Anna,Andersson,1987-08-24,Male,Germany,Munich,Employed,15.3,41367.89,3447.32,2020-11-26
CUST0001404,Julia,Andersson,1991-08-24,Female,France,Lyon,Employed,3.5,29722.12,,2022-12-24
CUST0001405,Diego,Novak,1992-08-23,Male,Germany,Berlin,Employed,9.9,74375.94,6198.0,2019-07-28
CUST0001406,Laura,Fischer,1974-08-24,Male,Poland,Wroclaw,Employed,6.2,64476.04,5373.0,2019-09-14
CUST0001407,Anna,Kowalski,1980-08-23,Male,France,Marseille,Retired,12.8,42757.96,3563.16,2020-01-05
CUST0001408,Sofia,Novak,1975-08-24,Female,Spain,Barcelona,Unemployed,1.3,5342.96,445.25,2020-01-10
CUST0001409,Tomasz,Fischer,1984-08-23,Female,Poland,Warsaw,Employed,6.1,56149.65,4679.14,2022-02-19
CUST0001410,Nina,Jansen,1977-08-23,Non-binary,Netherlands,Utrecht,Employed,1.3,122074.87,10172.91,2024-07-04
CUST0001411,Lucas,Jansen,1990-08-24,Male,France,Paris,Unemployed,1.5,3531.22,294.27,2026-07-16
CUST0001412,Diego,Novak,1953-08-23,Male,Poland,Warsaw,Employed,1.9,63861.88,5321.82,2026-07-05
CUST0001413,Nina,Smith,2006-08-24,Male,United Kingdom,Manchester,Employed,2.0,37342.11,3111.84,2020-05-14
CUST0001414,Sofia,Dubois,1966-08-24,Female,Poland,Krakow,Employed,4.0,62083.94,5173.66,2022-05-02
CUST0001415,Piotr,Fischer,1965-08-23,Male,Poland,Warsaw,Self-employed,7.7,67112.77,5592.73,2022-04-19
CUST0001416,Elena,Fischer,1996-08-23,Female,United Kingdom,Birmingham,Student,0.8,24936.0,2078.0,2019-10-01
CUST0001417,Tomasz,Muller,1953-08-23,Male,Poland,Wroclaw,Self-employed,1.2,72721.77,6060.15,2019-04-21
CUST0001418,Diego,Fischer,1970-08-24,Female,Poland,Gdansk,Employed,6.6,45375.03,3781.25,2021-09-13
CUST0001419,Elena,Rossi,1970-08-24,Female,United Kingdom,Manchester,Self-employed,3.5,28171.51,2347.63,2025-07-20
CUST0001420,Emma,Nowak,1984-08-23,Male,Poland,Wroclaw,Employed,6.7,87190.09,7265.84,2021-12-11
CUST0001421,Anna,Moreau,1987-08-24,Male,Spain,Valencia,Retired,4.6,37587.07,3132.26,2021-12-06
CUST0001422,Elena,Garcia,1987-08-24,Male,Spain,Madrid,Employed,10.7,59791.59,,2026-08-15
CUST0001423,Tomasz,Muller,1979-08-24,Female,Poland,Krakow,Employed,2.6,57768.09,4814.01,2021-11-20
CUST0001424,Jan,Garcia,1964-08-23,Female,France,Marseille,employed,3.7,27159.81,2263.32,2024-04-01
CUST0001425,Julia,Smith,1981-08-23,Male,Poland,Krakow,Employed,5.8,52109.59,4342.47,2026-07-03
CUST0001426,Anna,Muller,1997-08-23,Female,United Kingdom,Birmingham,FT,5.0,49222.93,4101.91,2019-11-26
CUST0001427,Sofia,Muller,1972-08-23,Female,Poland,Krakow,Employed,5.8,33029.85,2752.49,2022-11-27
CUST0001428,Marco,Dubois,1971-08-24,Male,Netherlands,Rotterdam,Unemployed,0.4,5313.77,442.81,2021-07-30
CUST0001429,Lucas,Garcia,1975-08-24,Female,Poland,Gdansk,Unemployed,0.2,8364.54,697.04,2019-11-28
CUST0001430,Tomasz,Muller,1974-08-24,Male,United Kingdom,London,Employed,4.3,45616.59,3801.38,2019-05-16
CUST0001431,Diego,Moreau,1988-08-23,Female,Poland,Gdansk,Employed,2.8,59253.94,4937.83,2023-12-15
CUST0001432,Marco,Silva,2033-06-08,Male,Poland,Warsaw,Employed,5.9,50739.22,4228.27,2023-12-29
CUST0001433,Hugo,Kowalski,1996-08-23,Male,Germany,Munich,Employed,6.6,28276.54,2356.38,2023-04-19
CUST0001434,Felix,Nowak,2007-08-24,Male,France,Lyon,Employed,1.0,43224.19,3602.02,2024-02-22
CUST0001435,Hugo,Fischer,1981-08-23,Male,Netherlands,Rotterdam,Retired,13.4,21839.46,1819.96,2024-06-30
CUST0001436,Sofia,Garcia,1985-08-23,Female,Poland,Gdansk,Student,1.3,,2228.02,2019-06-10
CUST0001437,Laura,Muller,1990-08-24,Male,Poland,Gdansk,Employed,18.0,46532.22,3877.68,2019-04-06
CUST0001438,Sofia,Andersson,2008-08-23,Male,Germany,Hamburg,Unemployed,0.5,8270.46,689.2,2021-07-26
CUST0001439,Lucas,Fischer,2001-08-23,Male,Germany,Hamburg,Self-employed,2.8,27327.94,2277.33,2023-05-07
CUST0001440,Laura,Dubois,1968-08-23,Male,Italy,Rome,Employed,24.9,62476.98,5206.42,2025-11-26
CUST0001441,Sofia,Novak,1993-08-23,Male,Italy,Turin,Self-employed,4.4,45894.34,3824.53,2026-06-29
CUST0001442,Anna,Dubois,1979-08-24,Male,Italy,Milan,Employed,7.2,53338.09,4444.84,2025-04-28
CUST0001443,Diego,Nowak,2003-08-24,Male,Poland,Warsaw,Employed,5.0,42398.53,3533.21,2021-03-24
CUST0001444,Hugo,Fischer,1964-08-23,Female,Germany,Frankfurt,Student,1.3,11455.26,954.6,2023-05-23
CUST0001445,Jan,Moreau,1986-08-24,Male,Spain,Barcelona,Self-employed,5.8,17454.84,1454.57,2019-11-21
CUST0001446,Emma,Lopez,1980-08-23,Male,Poland,Wroclaw,Employed,8.0,42900.5,3575.04,2022-09-15
CUST0001447,Sofia,Nowak,1951-08-24,Female,United Kingdom,Manchester,Employed,13.1,55842.58,4653.55,2019-10-03
CUST0001448,Felix,Jansen,1963-08-24,Male,Poland,Gdansk,Retired,6.4,18078.06,1506.5,2026-08-05
CUST0001449,Felix,Silva,1988-08-23,Male,Poland,Krakow,Employed,1.2,72790.09,6065.84,2022-06-13
CUST0001450,Hugo,Nowak,1992-08-23,Female,Italy,Milan,Retired,16.0,36333.89,3027.82,2024-07-10
CUST0001451,Lucas,Lopez,1989-08-23,Male,Poland,Warsaw,,6.5,41384.01,3448.67,2019-10-18
CUST0001452,Anna,Nowak,1977-08-23,Male,Netherlands,Rotterdam,Employed,8.3,58437.92,4869.83,2026-04-14
CUST0001453,Piotr,Garcia,1985-08-23,Male,Poland,Warsaw,Self-employed,1.7,33565.0,2797.08,2023-01-03
CUST0001454,Jan,Lopez,1990-08-24,Female,Poland,Wroclaw,Self-employed,16.2,125594.16,10466.18,2019-07-19
CUST0001455,Nina,Jansen,1963-08-24,Male,Poland,Gdansk,Unemployed,0.2,4179.97,348.33,2021-10-26
CUST0001456,Jan,Andersson,1986-08-24,Female,Poland,Wroclaw,Employed,3.5,90313.92,7526.16,2020-08-15
CUST0001457,Laura,Smith,1952-08-23,Male,France,Marseille,Employed,13.8,87918.79,7326.57,2019-07-12
CUST0001458,Felix,Novak,1983-08-24,Female,Poland,Gdansk,Employed,1.9,91709.82,7642.48,2019-03-28
CUST0001459,Sofia,Nowak,1959-08-24,Male,United Kingdom,London,Employed,8.4,92451.35,7704.28,2024-06-12
CUST0001460,Laura,Andersson,1979-08-24,Male,Italy,Milan,Unemployed,0.2,2934.65,244.55,2025-08-21
CUST0001461,Elena,Kowalski,1971-08-24,Male,Germany,Hamburg,Self-employed,9.1,18442.57,1536.88,2024-01-18
CUST0001462,Emma,Muller,1994-08-24,Male,Poland,Krakow,Employed,10.8,102534.2,8544.52,2024-04-22
CUST0001463,Lucas,Jansen,1996-08-23,Male,Germany,Frankfurt,Employed,4.3,30845.23,2570.44,2019-04-15
CUST0001464,Piotr,Smith,1978-08-24,Male,Spain,Barcelona,Employed,15.5,72763.93,6063.66,2020-05-11
CUST0001465,Emma,Muller,1970-08-24,Female,France,Paris,Unemployed,0.2,4380.51,365.04,2019-04-06
CUST0001466,Diego,Fischer,1983-08-24,Male,Poland,Wroclaw,Employed,21.7,96083.46,8006.96,2026-06-13
CUST0001467,Laura,Rossi,2002-08-24,Male,France,Paris,Unemployed,0.6,8656.81,721.4,2024-08-22
CUST0001468,Piotr,Moreau,2003-08-24,Non-binary,Germany,Munich,Employed,5.0,90702.29,7558.52,2026-04-23
CUST0001469,Julia,Kowalski,2029-03-08,Male,Poland,Wroclaw,Employed,4.0,36115.42,3009.62,2025-12-02
CUST0001470,Hugo,Garcia,2008-08-23,Male,Poland,Poznan,Retired,0.0,36054.81,3004.57,2020-09-19
CUST0001471,Jan,Rossi,1982-08-24,Male,Netherlands,Amsterdam,Employed,13.8,71993.31,5999.44,2022-11-29
CUST0001472,Nina,Silva,1968-08-23,Male,Poland,Krakow,Employed,3.9,51472.36,4289.36,2023-12-13
CUST0001473,Piotr,Dubois,1984-08-23,Female,Poland,Warsaw,Self-employed,7.7,38852.24,3237.69,2024-09-02
CUST0001474,Sofia,Muller,2008-08-23,Male,Poland,Krakow,Employed,0.0,104268.19,,2024-02-10
CUST0001475,Emma,Jansen,1987-08-24,Male,France,Lyon,,15.3,27798.67,2316.56,2022-06-19
CUST0001476,Julia,Lopez,1986-08-24,Male,Germany,Hamburg,Retired,3.0,31891.69,2657.64,2019-01-12
CUST0001477,Elena,Nowak,1955-08-24,Male,Poland,Krakow,Self-employed,6.6,32641.36,2720.11,2026-03-07
CUST0001478,Piotr,Garcia,2004-08-23,Female,Germany,Berlin,Employed,4.0,27875.81,2322.98,2024-04-07
CUST0001479,Sofia,Smith,1989-08-23,Female,United Kingdom,Manchester,Employed,16.6,40515.25,3376.27,2025-05-24
CUST0001480,Emma,Novak,1960-08-23,Male,Poland,Poznan,Retired,15.0,35826.99,2985.58,2020-09-10
CUST0001481,Diego,Nowak,1978-08-24,Female,Italy,Rome,Employed,9.9,24658.84,2054.9,2019-10-25
CUST0001482,Felix,Garcia,1976-08-23,Female,Poland,Wroclaw,Student,1.2,13808.5,1150.71,2025-11-22
CUST0001483,Lucas,Garcia,1982-08-24,Female,Poland,Warsaw,Self-employed,6.5,176454.21,14704.52,2025-02-28
CUST0001484,Hugo,Silva,1979-08-24,Male,Netherlands,Rotterdam,Employed,8.1,55137.3,4594.78,2025-05-30
CUST0001485,Elena,Nowak,1973-08-23,Female,Spain,Barcelona,Employed,5.4,130922.61,10910.22,2022-05-14
CUST0001486,Diego,Andersson,1995-08-24,Female,Poland,,Self-employed,11.6,35403.25,2950.27,2025-12-03
CUST0001487,Laura,Dubois,1972-08-23,Female,Italy,Turin,Employed,9.6,51637.32,4303.11,2020-09-18
CUST0001488,Julia,Rossi,2003-08-24,Female,France,Marseille,Employed,5.0,52584.7,4382.06,2024-10-16
CUST0001489,Felix,Moreau,1979-08-24,Female,Poland,Krakow,Self-employed,13.2,37291.72,3107.64,2022-10-12
CUST0001490,Piotr,Fischer,1981-08-23,Male,Spain,Valencia,Employed,3.9,62838.0,5236.5,2020-04-05
CUST0001491,Marco,Fischer,1993-08-23,Male,Spain,Barcelona,Employed,0.6,45986.19,3832.18,2024-06-26
CUST0001492,Hugo,Moreau,1984-08-23,Female,Poland,Krakow,Self-employed,3.7,23878.95,1989.91,2021-10-04
CUST0001493,Anna,Garcia,1993-08-23,Male,France,Marseille,,1.1,9892.31,824.36,2020-03-19
CUST0001494,Julia,Fischer,1999-08-24,Female,Germany,Munich,Employed,5.4,58999.23,4916.6,2024-06-03
CUST0001495,Diego,Muller,1989-08-23,Female,Poland,Warsaw,Retired,5.2,26599.09,2216.59,2024-11-25
CUST0001496,Maria,Rossi,1999-08-24,Male,Netherlands,Utrecht,Retired,3.5,26570.09,2214.17,2021-06-22
CUST0001497,Nina,Jansen,1979-08-24,Male,France,Lyon,Employed,8.9,61632.53,5136.04,2026-05-24
CUST0001498,Emma,Novak,2000-08-23,Male,France,Lyon,Employed,1.2,34055.64,2837.97,2024-06-06
CUST0001499,Diego,Silva,1974-08-24,Female,France,Paris,Unemployed,0.2,7299.8,608.32,2019-03-04
CUST0001500,Laura,Jansen,2001-08-23,Female,France,Lyon,Employed,7.0,49370.84,4114.24,2021-07-27
CUST0001501,Maria,Dubois,1992-08-23,Female,Poland,Warsaw,Retired,13.3,28142.79,2345.23,2026-06-14
CUST0001502,Hugo,Silva,1993-08-23,Female,Netherlands,Rotterdam,Employed,15.0,75382.47,6281.87,2020-05-11
CUST0001503,Anna,Smith,1965-08-23,Non-binary,United Kingdom,Manchester,Employed,0.5,71249.69,5937.47,2026-04-17
CUST0001504,Piotr,Smith,1979-08-24,Female,United Kingdom,Birmingham,Employed,9.6,90761.84,7563.49,2022-12-18
CUST0001505,Elena,Silva,1987-08-24,Male,Germany,Frankfurt,Employed,11.0,61340.74,5111.73,2024-02-29
CUST0001506,Elena,Silva,1977-08-23,Male,Poland,Warsaw,Retired,3.7,18888.48,1574.04,2024-03-31
CUST0001507,Anna,Rossi,2008-08-23,Male,Poland,Warsaw,Employed,0.0,55736.26,4644.69,2022-11-30
CUST0001508,Emma,Nowak,1985-08-23,Female,Germany,Hamburg,Retired,4.5,19726.29,1643.86,2022-12-15
CUST0001509,Jan,Rossi,1956-08-23,Male,Poland,Gdansk,Employed,10.1,72421.09,6035.09,2023-05-04
CUST0001510,Sofia,Dubois,1982-08-24,Female,United Kingdom,London,Unemployed,0.9,11722.49,976.87,2023-11-28
CUST0001511,Felix,Muller,1983-08-24,Male,Italy,Milan,Retired,2.4,19225.72,1602.14,2024-08-22
CUST0001512,Piotr,Muller,1976-08-23,Male,Poland,Wroclaw,Employed,9.0,40754.86,3396.24,2022-05-08
CUST0001513,Laura,Lopez,1971-08-24,Male,Poland,Krakow,Employed,16.3,42741.77,3561.81,2022-05-01
CUST0001514,Nina,Garcia,2008-08-23,Male,United Kingdom,Manchester,Unemployed,0.4,15592.85,1299.4,2024-12-13
CUST0001515,Elena,Novak,1893-11-04,Male,Poland,Krakow,Retired,0.0,13712.68,1142.72,2024-10-15
CUST0001516,Marco,Nowak,1981-08-23,Male,Netherlands,Rotterdam,Employed,2.8,46824.24,3902.02,2023-12-21
CUST0001517,Hugo,Lopez,1994-08-24,Male,Germany,Frankfurt,Employed,3.3,29025.09,2418.76,2022-07-11
CUST0001518,Lucas,Muller,1966-08-24,Male,Poland,Krakow,Unemployed,1.2,4654.86,387.9,2023-05-24
CUST0001519,Jan,Dubois,1988-08-23,Female,Poland,Warsaw,Employed,20.0,68334.92,5694.58,2023-05-14
CUST0001520,Piotr,Novak,2008-08-23,Male,Netherlands,Utrecht,Self-employed,0.0,45273.49,3772.79,2022-04-30
CUST0001521,Hugo,Muller,2002-08-24,Male,Poland,Krakow,Employed,5.3,78528.27,6544.02,2020-05-13
CUST0001522,Laura,Jansen,2008-08-23,Male,United Kingdom,Birmingham,Employed,0.0,35622.69,2968.56,2023-02-05
CUST0001523,Julia,Novak,1987-08-24,Female,Poland,Poznan,Unemployed,0.3,13631.25,1135.94,2022-05-21
CUST0001524,Nina,Kowalski,1987-08-24,Male,Poland,Wroclaw,Employed,11.7,64367.59,5363.97,2019-05-23
CUST0001525,Hugo,Kowalski,1990-08-24,Female,Italy,Rome,Retired,4.2,26290.21,2190.85,2026-04-22
CUST0001526,Marco,Fischer,1969-08-23,Male,Poland,Gdansk,Employed,2.4,37738.56,3144.88,2024-02-06
CUST0001527,Sofia,Garcia,1967-08-24,Female,Poland,Poznan,Employed,8.8,34075.56,2839.63,2019-11-14
CUST0001528,Felix,Moreau,1986-08-24,Female,France,Lyon,Employed,8.9,123939.87,10328.32,2020-07-24
CUST0001529,Felix,Moreau,2008-08-23,Female,Italy,Turin,Employed,0.0,31508.68,2625.72,2023-05-15
CUST0001530,Anna,Moreau,1975-08-24,Female,Poland,Poznan,Unemployed,1.0,5250.94,437.58,2025-07-30
CUST0001531,Nina,Lopez,1976-08-23,Female,Poland,Poznan,Self-employed,8.5,58198.0,4849.83,2022-09-17
CUST0001532,Maria,Fischer,1980-08-23,Male,Netherlands,Amsterdam,Unemployed,0.6,10576.75,881.4,2025-03-18
CUST0001533,Diego,Dubois,1970-08-24,Female,United Kingdom,Manchester,Employed,7.0,30010.45,2500.87,2019-12-24
CUST0001534,Tomasz,Lopez,2000-08-23,Male,Italy,Rome,Employed,8.0,,4727.69,2023-01-14
CUST0001535,Hugo,Rossi,1956-08-23,Female,Spain,Madrid,Employed,8.2,58136.36,4844.7,2025-04-29
CUST0001536,Hugo,Silva,1997-08-23,Male,United Kingdom,Manchester,Unemployed,0.8,8930.23,744.19,2025-06-24
CUST0001537,Tomasz,Kowalski,1974-08-24,Male,Germany,Berlin,Employed,3.6,65812.23,5484.35,2020-11-01
CUST0001538,Sofia,Lopez,2008-08-23,Female,Poland,Warsaw,Employed,0.0,111242.98,9270.25,2024-02-17
CUST0001539,Nina,Silva,1997-08-23,Male,United Kingdom,Birmingham,Employed,11.0,,3203.55,2019-04-21
CUST0001540,Julia,Lopez,1963-08-24,Male,United Kingdom,Manchester,Employed,10.5,41600.11,3466.68,2020-01-30
CUST0001541,Julia,Rossi,1988-08-23,Male,Netherlands,Rotterdam,Self-employed,16.8,29552.62,2462.72,2025-11-19
CUST0001542,Marco,Rossi,1972-08-23,Female,France,Paris,Employed,5.2,99245.09,8270.42,2024-08-30
CUST0001543,Anna,Jansen,1981-08-23,Female,Poland,Poznan,,0.8,8901.26,741.77,2020-08-01
CUST0001544,Julia,Moreau,1985-08-23,Male,Germany,Hamburg,Employed,8.7,77405.25,6450.44,2026-08-13
CUST0001545,Marco,Jansen,1965-08-23,Female,France,Lyon,Employed,12.2,75365.38,6280.45,2026-08-04
CUST0001546,Laura,Fischer,1987-08-24,Male,Germany,Berlin,Employed,5.2,39415.11,3284.59,2019-04-25
CUST0001547,Marco,Garcia,2008-08-23,Female,Spain,Madrid,Unemployed,0.3,2028.65,169.05,2019-03-13
CUST0001548,Felix,Novak,1995-08-24,Male,France,Paris,Employed,13.0,87033.38,7252.78,2020-11-15
CUST0001549,Laura,Novak,1976-08-23,Female,Poland,Warsaw,Employed,6.4,71562.64,5963.55,2025-01-26
CUST0001550,Lucas,Moreau,1978-08-24,Female,France,Marseille,Unemployed,0.2,3533.65,294.47,2023-07-28
CUST0001551,Hugo,Kowalski,2006-08-24,Non-binary,United Kingdom,Manchester,Employed,2.0,53016.82,4418.07,2022-12-02
CUST0001552,Laura,Dubois,1994-08-24,Male,Italy,Milan,Employed,11.1,41712.12,3476.01,2022-03-05
CUST0001553,Tomasz,Nowak,1992-08-23,Male,Germany,Frankfurt,Employed,1.9,51153.7,4262.81,2022-09-01
CUST0001554,Tomasz,Dubois,1989-08-23,Male,France,Marseille,Employed,6.5,102160.01,8513.33,2023-11-16
CUST0001555,Elena,Novak,2003-08-24,Female,Germany,Munich,,5.0,24844.67,2070.39,2019-06-28
CUST0001556,Marco,Silva,1993-08-23,Female,France,Lyon,Self-employed,9.9,94041.2,7836.77,2023-06-26
CUST0001557,Emma,Novak,1994-08-24,Female,Poland,Wroclaw,Unemployed,0.2,3071.14,255.93,2020-09-08
CUST0001558,Sofia,Novak,1973-08-23,Male,Italy,Rome,Retired,2.9,32243.9,2686.99,2025-01-09
CUST0001559,Tomasz,Lopez,1973-08-23,Female,Italy,Turin,Unemployed,1.0,2274.1,189.51,2020-06-29
CUST0001560,Felix,Moreau,1986-08-24,Male,France,Lyon,Employed,11.7,33864.97,2822.08,2019-07-18
CUST0001561,Tomasz,Silva,1989-08-23,Female,France,Lyon,Employed,3.1,35368.25,2947.35,2022-04-29
CUST0001562,Piotr,Moreau,1982-08-24,Female,Poland,Wroclaw,Employed,8.7,40082.73,3340.23,2022-05-15
CUST0001563,Elena,Kowalski,1995-08-24,Female,France,Marseille,Retired,6.4,39699.57,3308.3,2022-12-19
CUST0001564,Nina,Novak,2000-08-23,Female,Germany,Berlin,Retired,8.0,41203.28,3433.61,2025-07-30
CUST0001565,Lucas,Jansen,1997-08-23,Female,United Kingdom,Manchester,Unemployed,1.3,9858.15,821.51,2024-05-08
CUST0001566,Maria,Lopez,1993-08-23,Male,Poland,Gdansk,Employed,9.6,44270.71,3689.23,2021-10-10
CUST0001567,Emma,Jansen,2000-08-23,Female,United Kingdom,Birmingham,Employed,8.0,51498.5,4291.54,2024-07-22
CUST0001568,Nina,Muller,1982-08-24,Male,Poland,Poznan,Retired,6.0,41795.37,3482.95,2022-11-08
CUST0001569,Tomasz,Novak,1974-08-24,Male,United Kingdom,London,Employed,12.4,80696.45,6724.7,2020-09-16
CUST0001570,Maria,Lopez,2006-08-24,Male,United Kingdom,Birmingham,Employed,2.0,59429.91,4952.49,2019-03-02
CUST0001571,Maria,Kowalski,1984-08-23,Male,Poland,Poznan,Employed,8.7,,4460.54,2019-01-12
CUST0001572,Felix,Kowalski,1987-08-24,Female,Germany,Munich,Employed,11.5,60123.01,5010.25,2020-09-18
CUST0001573,Lucas,Andersson,1979-08-24,Female,Spain,Barcelona,Self-employed,2.4,54958.06,4579.84,2025-04-06
CUST0001574,Laura,Jansen,1984-08-23,Female,France,Lyon,Retired,6.1,19536.56,1628.05,2022-07-18
CUST0001575,Marco,Jansen,2004-08-23,Male,Poland,,Unemployed,1.0,18907.04,1575.59,2022-06-15
CUST0001576,Jan,Nowak,2002-08-24,Male,Germany,Munich,Employed,4.5,65189.22,5432.44,2022-01-19
CUST0001577,Emma,Silva,1984-08-23,Female,Poland,Poznan,Employed,6.2,25154.54,2096.21,2020-12-15
CUST0001578,Hugo,Jansen,1970-08-24,Female,United Kingdom,Birmingham,,23.4,17447.38,1453.95,2024-06-19
CUST0001579,Marco,Fischer,2008-08-23,Male,France,Paris,Employed,0.0,75283.91,6273.66,2019-02-05
CUST0001580,Tomasz,Dubois,1979-08-24,Male,Poland,,Employed,6.7,36196.36,3016.36,2023-09-05
CUST0001581,Lucas,Rossi,1967-08-24,Male,France,Marseille,Self-employed,3.1,80715.14,6726.26,2026-03-01
CUST0001582,Marco,Nowak,1986-08-24,Male,United Kingdom,London,Employed,5.8,,3512.75,2025-09-24
CUST0001583,Sofia,Jansen,1976-08-23,Male,Spain,Madrid,Employed,9.7,60749.75,5062.48,2021-10-28
CUST0001584,Sofia,Andersson,1994-08-24,Male,Poland,Warsaw,Retired,10.8,36832.13,3069.34,2025-07-15
CUST0001585,Sofia,Garcia,1986-08-24,Female,Poland,Krakow,Employed,5.2,48921.83,4076.82,2020-10-25
CUST0001586,Hugo,Novak,2007-08-24,Female,Germany,Hamburg,Employed,1.0,59481.31,4956.78,2020-11-04
CUST0001587,Marco,Lopez,2008-08-23,Male,Poland,Krakow,employed,0.0,50946.13,4245.51,2021-08-17
CUST0001588,Hugo,Muller,1971-08-24,Male,Germany,Frankfurt,Student,1.1,8193.82,682.82,2019-02-19
CUST0001589,Sofia,Silva,1998-08-24,Female,Poland,Gdansk,Self-employed,0.8,36647.4,3053.95,2021-01-11
CUST0001590,Marco,Andersson,1990-08-24,Male,Poland,Gdansk,Freelance,15.7,60981.03,5081.75,2025-07-14
CUST0001591,Elena,Kowalski,2003-08-24,Female,United Kingdom,Birmingham,Employed,1.1,42975.12,3581.26,2024-10-30
CUST0001592,Elena,Muller,2004-08-23,Male,Poland,Poznan,Student,1.5,6730.69,560.89,2021-07-08
CUST0001593,Emma,Dubois,1986-08-24,Female,United Kingdom,Manchester,Retired,1.7,39593.21,3299.43,2021-05-22
CUST0001594,Sofia,Nowak,1994-08-24,Male,Poland,Gdansk,Employed,2.1,93136.11,7761.34,2021-08-27
CUST0001595,Hugo,Rossi,1979-08-24,Male,France,Paris,Employed,2.6,66304.4,5525.37,2019-11-29
CUST0001596,Jan,Muller,1978-08-24,Female,Germany,Hamburg,Self-employed,4.6,40981.6,3415.13,2020-03-18
CUST0001597,Lucas,Moreau,1980-08-23,Female,Spain,Madrid,N/A,1.5,5285.29,440.44,2026-08-04
CUST0001598,Tomasz,Silva,1981-08-23,Male,Spain,Barcelona,Unemployed,1.4,9732.28,811.02,2024-04-19
CUST0001599,Laura,Rossi,1962-08-24,Female,Germany,Munich,Student,1.5,8913.86,742.82,2024-03-07
CUST0001600,Jan,Novak,1999-08-24,Female,United Kingdom,Manchester,Self-employed,8.2,125582.97,10465.25,2021-02-21
CUST0001601,Anna,Kowalski,1985-08-23,Male,Poland,Poznan,Employed,7.2,58417.55,4868.13,2025-07-18
CUST0001602,Sofia,Silva,1968-08-23,Female,France,Paris,Employed,13.9,73127.9,6093.99,2020-05-08
CUST0001603,Jan,Andersson,1966-08-24,Female,Poland,Poznan,Unemployed,1.0,13711.76,1142.65,2026-05-29
CUST0001604,Julia,Fischer,2004-08-23,Female,Germany,Berlin,Employed,4.0,37121.02,3093.42,2022-11-06
CUST0001605,Elena,Garcia,1988-08-23,Male,Poland,Warsaw,Employed,11.4,133294.68,11107.89,2021-07-12
CUST0001606,Sofia,Silva,1965-08-23,Female,Italy,Milan,Self-employed,4.7,50813.55,4234.46,2024-09-26
CUST0001607,Lucas,Novak,1977-08-23,Female,Germany,Hamburg,Employed,6.8,32465.6,2705.47,2022-03-11
CUST0001608,Piotr,Fischer,1981-08-23,Female,France,Paris,Unemployed,1.3,6815.9,567.99,2021-01-22
CUST0001609,Anna,Muller,1987-08-24,Female,Germany,Munich,Employed,13.0,56880.32,4740.03,2024-03-24
CUST0001610,Hugo,Lopez,1989-08-23,Female,Poland,Gdansk,Employed,6.1,45155.58,3762.96,2024-07-09
CUST0001611,Sofia,Garcia,1980-08-23,Female,Poland,Krakow,Employed,6.7,44692.15,3724.35,2023-08-12
CUST0001612,Julia,Dubois,1988-08-23,Female,Italy,Turin,Self-employed,9.5,49556.18,4129.68,2022-07-14
CUST0001613,Laura,Muller,1985-08-23,Female,Spain,Valencia,Self-employed,6.2,35479.64,2956.64,2021-07-07
CUST0001614,Diego,Muller,1983-08-24,Male,Poland,Krakow,Employed,3.8,41169.96,3430.83,2022-02-01
CUST0001615,Maria,Garcia,1993-08-23,Female,Spain,Barcelona,,11.4,38669.07,3222.42,2025-09-08
CUST0001616,Tomasz,Nowak,1977-08-23,Female,Germany,Hamburg,Employed,7.7,85155.94,7096.33,2021-10-01
CUST0001617,Elena,Novak,1943-08-24,Male,Poland,Wroclaw,Self-employed,5.0,33787.01,2815.58,2026-05-25
CUST0001618,Lucas,Silva,2008-08-23,Male,France,Lyon,Student,0.8,11979.05,998.25,2020-02-11
CUST0001619,Anna,Dubois,1979-08-24,Male,Poland,Krakow,N/A,0.6,5952.55,496.05,2020-03-30
CUST0001620,Sofia,Jansen,1995-08-24,Female,Poland,Warsaw,Employed,9.8,31776.16,2648.01,2021-07-18
CUST0001621,Nina,Silva,1976-08-23,Female,United Kingdom,London,Self-employed,3.7,54462.57,4538.55,2019-01-09
CUST0001622,Nina,Muller,1983-08-24,Female,Poland,Krakow,Employed,1.6,73712.41,6142.7,2025-09-21
CUST0001623,Marco,Rossi,1973-08-23,Female,Italy,Turin,Employed,3.3,65108.43,5425.7,2021-08-08
CUST0001624,Piotr,Moreau,1968-08-23,Female,United Kingdom,London,Employed,8.6,44421.69,3701.81,2019-10-13
CUST0001625,Sofia,Kowalski,1981-08-23,Male,Spain,Madrid,Employed,3.6,62194.29,5182.86,2023-09-24
CUST0001626,Piotr,Lopez,1968-08-23,Female,France,Paris,Employed,8.7,48828.05,4069.0,2026-04-30
CUST0001627,Hugo,Lopez,2008-08-23,Male,Italy,Milan,Unemployed,0.7,5278.31,439.86,2026-08-07
CUST0001628,Diego,Garcia,1962-08-24,Female,Germany,Berlin,Employed,6.7,32253.59,,2019-10-28
CUST0001629,Anna,Rossi,1979-08-24,Female,France,Paris,Self-employed,7.2,82180.69,6848.39,2025-01-23
CUST0001630,Hugo,Muller,1969-08-23,Male,France,Paris,Retired,11.0,45925.07,3827.09,2021-10-08
CUST0001631,Nina,Jansen,2001-08-23,Male,Italy,Rome,Employed,7.0,32488.22,2707.35,2025-05-24
CUST0001632,Tomasz,Muller,1996-08-23,Female,Poland,,Employed,6.9,67573.11,5631.09,2023-08-21
CUST0001633,Diego,Fischer,1982-08-24,Male,France,Marseille,Self-employed,3.0,29703.31,2475.28,2024-08-05
CUST0001634,Anna,Dubois,1984-08-23,Female,Spain,Valencia,Employed,14.9,71064.83,5922.07,2025-05-29
CUST0001635,Hugo,Lopez,1980-08-23,Female,Germany,Munich,Employed,4.9,55739.17,4644.93,2025-11-05
CUST0001636,Maria,Fischer,1969-08-23,Male,Italy,Rome,Employed,0.5,40925.43,3410.45,2020-02-06
CUST0001637,Elena,Dubois,2008-08-23,Female,Germany,Berlin,Unemployed,1.4,8176.95,681.41,2024-07-14
CUST0001638,Lucas,Silva,1970-08-24,Female,Poland,Krakow,,1.4,9842.84,820.24,2020-01-30
CUST0001639,Jan,Kowalski,1984-08-23,Female,France,Lyon,Retired,5.1,29890.62,2490.88,2026-03-21
CUST0001640,Hugo,Kowalski,1987-08-24,Female,Germany,Hamburg,Self-employed,1.7,49689.62,,2023-10-22
CUST0001641,Hugo,Jansen,2005-08-23,Female,Poland,Krakow,Employed,1.4,44930.76,3744.23,2020-06-22
CUST0001642,Lucas,Smith,1977-08-23,Female,Poland,Krakow,Unemployed,1.0,7812.32,651.03,2021-03-28
CUST0001643,Sofia,Dubois,2008-08-23,Male,Poland,Krakow,Retired,0.0,11931.8,994.32,2025-11-06
CUST0001644,Anna,Nowak,1975-08-24,Male,Spain,Barcelona,Employed,12.9,47266.46,3938.87,2023-12-06
CUST0001645,Elena,Fischer,2005-08-23,Female,Italy,Turin,Student,1.4,11257.89,938.16,2020-10-02
CUST0001646,Maria,Dubois,1983-08-24,Female,France,Paris,Retired,4.7,28558.26,2379.86,2025-04-10
CUST0001647,Diego,Smith,1986-08-24,Male,Poland,Wroclaw,Employed,21.8,27654.99,2304.58,2024-06-29
CUST0001648,Tomasz,Dubois,1968-08-23,Female,France,Lyon,Employed,0.6,49546.39,4128.87,2019-08-03
CUST0001649,Laura,Smith,1987-08-24,Male,Italy,Turin,Employed,6.7,63782.77,5315.23,2021-03-02
CUST0001650,Hugo,Andersson,1994-08-24,Male,Spain,Barcelona,Unemployed,1.4,7696.51,641.38,2025-06-16
CUST0001651,Diego,Novak,1991-08-24,Female,Poland,Wroclaw,Employed,15.9,57234.35,4769.53,2021-09-06
CUST0001652,Anna,Jansen,1966-08-24,Female,Poland,Poznan,Employed,1.6,102526.06,8543.84,2019-04-15
CUST0001653,Felix,Muller,1976-08-23,Female,Italy,Milan,Employed,8.9,34279.41,2856.62,2023-08-14
CUST0001654,Anna,Moreau,1989-08-23,Female,Italy,Milan,Retired,8.0,-31482.1,2623.51,2025-11-15
CUST0001655,Felix,Garcia,1987-08-24,Female,Poland,Krakow,Retired,1.1,37608.12,3134.01,2023-04-04
CUST0001656,Sofia,Kowalski,2006-08-24,Male,Spain,Barcelona,Unemployed,1.0,5891.72,490.98,2026-06-17
CUST0001657,Diego,Kowalski,1979-08-24,Female,Poland,Warsaw,Employed,4.3,37926.07,3160.51,2019-11-15
CUST0001658,Jan,Novak,2008-08-23,Male,Poland,Krakow,Employed,0.0,50757.99,4229.83,2024-02-08
CUST0001659,Lucas,Dubois,1973-08-23,Male,Spain,Madrid,Self-employed,4.1,52802.28,4400.19,2023-12-20
CUST0001660,Julia,Kowalski,1982-08-24,Female,France,Paris,Employed,9.0,57960.44,4830.04,2026-07-12
CUST0001661,Felix,Fischer,1951-08-24,Female,Germany,Munich,Employed,6.2,,1911.6,2022-12-26
CUST0001662,Jan,Rossi,1999-08-24,Female,Italy,Milan,Student,0.7,24471.32,2039.28,2025-04-14
CUST0001663,Anna,Lopez,1985-08-23,Male,Spain,Valencia,Employed,10.1,68071.12,5672.59,2020-02-11
CUST0001664,Laura,Moreau,1959-08-24,Female,Poland,Warsaw,Self-employed,5.7,60041.35,5003.45,2019-05-04
CUST0001665,Anna,Kowalski,1967-08-24,Male,France,Marseille,Self-employed,5.0,15573.64,1297.8,2024-06-24
CUST0001666,Nina,Andersson,1994-08-24,Male,Spain,Madrid,Unemployed,1.3,2530.84,210.9,2019-01-11
CUST0001667,Anna,Silva,1981-08-23,Male,France,,Employed,4.4,55620.6,4635.05,2025-09-09
CUST0001668,Felix,Muller,1984-08-23,Non-binary,Netherlands,Utrecht,Employed,5.8,20851.72,1737.64,2019-02-28
CUST0001669,Julia,Rossi,1980-08-23,Male,United Kingdom,Birmingham,Employed,18.1,53976.28,4498.02,2024-04-07
CUST0001670,Felix,Smith,1994-08-24,Male,Poland,Warsaw,Employed,6.7,36469.07,3039.09,2022-06-16
CUST0001671,Maria,Muller,1985-08-23,Male,Poland,Gdansk,Employed,11.3,44161.98,3680.17,2023-12-08
CUST0001672,Sofia,Novak,2006-08-24,Male,Spain,Madrid,Employed,2.0,27910.45,2325.87,2023-10-08
CUST0001673,Lucas,Garcia,1982-08-24,Male,Netherlands,Utrecht,Unemployed,0.4,9869.96,822.5,2022-05-25
CUST0001674,Anna,Lopez,1978-08-24,Male,Poland,Poznan,Employed,5.9,60541.27,5045.11,2022-09-06
CUST0001675,Jan,Fischer,1987-08-24,Female,Poland,Wroclaw,Employed,5.1,105730.05,8810.84,2022-11-06
CUST0001676,Marco,Silva,2007-08-24,Male,Spain,Barcelona,Employed,1.0,54188.1,4515.68,2024-03-06
CUST0001677,Hugo,Nowak,1970-08-24,Male,Poland,Warsaw,Employed,2.8,19923.0,1660.25,2024-06-06
CUST0001678,Hugo,Kowalski,1979-08-24,Male,Poland,Gdansk,Employed,22.7,64940.59,5411.72,2022-06-09
CUST0001679,Jan,Muller,1994-08-24,Female,Italy,Turin,Employed,6.1,46930.35,3910.86,2021-09-11
CUST0001680,Anna,Smith,1988-08-23,Male,Spain,Valencia,Student,0.9,9547.9,795.66,2019-04-29
CUST0001681,Laura,Novak,2005-08-23,Male,Italy,Turin,Student,1.2,4326.41,360.53,2024-12-16
CUST0001682,Marco,Muller,1998-08-24,Male,United Kingdom,Birmingham,Self-employed,8.3,26717.56,2226.46,2020-09-23
CUST0001683,Nina,Andersson,1992-08-23,Female,Poland,Gdansk,Employed,5.0,31739.63,2644.97,2022-04-27
CUST0001684,Sofia,Kowalski,1967-08-24,Male,Italy,Milan,Unemployed,1.1,2992.64,249.39,2026-08-04
CUST0001685,Marco,Garcia,1993-08-23,Male,Poland,Poznan,Retired,2.6,40613.14,3384.43,2024-12-31
CUST0001686,Piotr,Silva,1975-08-24,Male,Poland,Krakow,Employed,9.4,60920.13,5076.68,2021-08-23
CUST0001687,Sofia,Fischer,1992-08-23,Male,Italy,Turin,Employed,9.7,76193.9,6349.49,2022-08-19
CUST0001688,Hugo,Novak,1981-08-23,Male,United Kingdom,Manchester,Self-employed,6.8,19779.6,1648.3,2021-06-26
CUST0001689,Lucas,Jansen,1986-08-24,Male,Italy,Milan,Student,0.1,20499.07,1708.26,2023-10-15
CUST0001690,Laura,Kowalski,1972-08-23,Female,Poland,Poznan,Employed,9.7,39766.03,3313.84,2020-03-02
CUST0001691,Jan,Rossi,1991-08-24,Male,Netherlands,Amsterdam,Employed,2.5,24668.47,2055.71,2026-04-14
CUST0001692,Julia,Novak,2006-08-24,Female,France,Lyon,Employed,2.0,21033.18,1752.76,2026-07-20
CUST0001693,Lucas,Nowak,2003-08-24,Male,United Kingdom,Manchester,,5.0,38107.21,3175.6,2021-04-13
CUST0001694,Elena,Andersson,1991-08-24,Male,Italy,Rome,Self-employed,3.9,47765.14,3980.43,2020-10-05
CUST0001695,Emma,Andersson,2001-08-23,Female,Germany,Frankfurt,Employed,5.6,47483.28,3956.94,2023-02-15
CUST0001696,Jan,Novak,1978-08-24,Female,United Kingdom,London,Retired,15.5,38111.87,3175.99,2023-12-12
CUST0001697,Hugo,Garcia,1991-08-24,Female,United Kingdom,Birmingham,Unemployed,1.4,8553.36,712.78,2023-12-03
CUST0001698,Maria,Garcia,1951-08-24,Male,Spain,Madrid,Employed,11.9,43246.4,3603.87,2019-04-28
CUST0001699,Elena,Muller,2008-08-23,Male,Italy,Rome,unemployed,0.7,9155.82,762.98,2024-06-08
CUST0001700,Emma,Dubois,1981-08-23,Female,United Kingdom,London,Unemployed,1.4,3249.25,270.77,2019-07-05
CUST0001701,Nina,Jansen,2000-08-23,Male,Poland,Warsaw,Employed,3.7,-37358.28,3113.19,2021-08-13
CUST0001702,Laura,Nowak,1991-08-24,Female,Poland,Warsaw,Employed,3.6,63123.05,5260.25,2024-06-24
CUST0001703,Lucas,Jansen,1982-08-24,Male,Netherlands,Utrecht,Unemployed,1.0,4338.03,361.5,2025-10-13
CUST0001704,Tomasz,Garcia,2008-08-23,Female,Netherlands,Utrecht,Employed,0.0,58299.18,4858.27,2023-11-10
CUST0001705,Maria,Jansen,1981-08-23,Female,Netherlands,Rotterdam,Employed,5.8,,4602.06,2020-03-22
CUST0001706,Jan,Rossi,1957-08-23,Female,Poland,Warsaw,,9.7,74195.62,6182.97,2024-03-14
CUST0001707,Nina,Lopez,1990-08-24,Male,Germany,Frankfurt,Employed,5.5,38439.77,3203.31,2019-04-14
CUST0001708,Felix,Rossi,1980-08-23,Female,Spain,Barcelona,Self-employed,6.1,26582.2,2215.18,2020-10-07
CUST0001709,Diego,Moreau,1970-08-24,Male,Spain,Barcelona,Employed,12.3,34038.42,2836.54,2019-12-12
CUST0001710,Sofia,Muller,1986-08-24,Female,Poland,Gdansk,Self-employed,16.8,38068.94,3172.41,2026-07-13
CUST0001711,Marco,Nowak,1992-08-23,Female,France,Lyon,Employed,16.0,44711.95,3726.0,2021-10-25
CUST0001712,Marco,Muller,2008-08-23,Female,Poland,Krakow,Unemployed,0.4,19347.49,1612.29,2023-04-09
CUST0001713,Hugo,Dubois,1975-08-24,Female,Germany,Frankfurt,Employed,4.7,39204.16,3267.01,2025-01-17
CUST0001714,Tomasz,Moreau,1986-08-24,Male,Poland,Wroclaw,Retired,3.2,20166.14,1680.51,2026-05-31
CUST0001715,Nina,Muller,1998-08-24,Female,Poland,Poznan,Retired,4.7,17527.86,1460.66,2026-08-12
CUST0001716,Felix,Novak,1982-08-24,Non-binary,Poland,Poznan,Employed,9.8,22267.98,1855.66,2020-04-03
CUST0001717,Emma,Andersson,1992-08-23,Female,Italy,Turin,Self-employed,5.1,,1813.42,2022-01-05
CUST0001718,Laura,Rossi,1991-08-24,Female,Spain,Madrid,Employed,3.9,39659.12,3304.93,2022-02-05
CUST0001719,Julia,Rossi,1976-08-23,Female,Netherlands,Amsterdam,Unemployed,0.5,5772.08,481.01,2025-02-01
CUST0001720,Felix,Lopez,2003-08-24,Female,Germany,Munich,Self-employed,5.0,36355.62,3029.64,2021-07-26
CUST0001721,Marco,Novak,1969-08-23,Male,Germany,Hamburg,Employed,9.3,83443.06,6953.59,2020-10-07
CUST0001722,Piotr,Garcia,2004-08-23,Male,Germany,Frankfurt,Employed,4.0,69880.05,5823.34,2024-10-09
CUST0001723,Emma,Moreau,1993-08-23,Female,France,Paris,Employed,1.0,60444.68,5037.06,2022-10-14
CUST0001724,Tomasz,Dubois,1957-08-23,Male,Germany,Hamburg,Unemployed,1.5,3112.82,259.4,2024-09-18
CUST0001725,Felix,Nowak,1968-08-23,Male,Spain,Valencia,Unemployed,1.4,9451.24,787.6,2021-11-27
CUST0001726,Diego,Fischer,1983-08-24,Male,Spain,Valencia,Employed,1.7,51590.51,4299.21,2022-09-20
CUST0001727,Anna,Moreau,1997-08-23,Male,Italy,Turin,Employed,4.5,92181.11,7681.76,2019-01-26
CUST0001728,Julia,Smith,1991-08-24,Male,Poland,Gdansk,Employed,3.3,31766.04,2647.17,2019-02-15
CUST0001729,Maria,Andersson,1983-08-24,Male,France,Lyon,Employed,15.6,37000.79,3083.4,2019-01-01
CUST0001730,Marco,Garcia,1983-08-24,Male,Poland,Krakow,Employed,8.2,83280.65,6940.05,2020-05-04
CUST0001731,Felix,Fischer,1985-08-23,Male,Poland,Wroclaw,Employed,4.2,50599.26,,2021-08-28
CUST0001732,Felix,Dubois,1984-08-23,Male,United Kingdom,Birmingham,Retired,1.6,29394.68,2449.56,2019-05-21
CUST0001733,Maria,Garcia,1987-08-24,Female,France,Paris,employed,8.9,39431.54,3285.96,2020-03-24
CUST0001734,Maria,Jansen,2004-08-23,Male,United Kingdom,Manchester,Self-employed,4.0,22538.29,1878.19,2025-06-23
CUST0001735,Hugo,Garcia,1991-08-24,Male,Poland,Wroclaw,Employed,9.8,66453.32,5537.78,2025-07-14
CUST0001736,Emma,Silva,1971-08-24,Female,Netherlands,Rotterdam,Employed,8.2,43200.67,3600.06,2021-03-20
CUST0001737,Emma,Novak,2003-08-24,Male,Netherlands,Rotterdam,Self-employed,3.3,76078.84,6339.9,2026-03-28
CUST0001738,Diego,Dubois,1987-08-24,Male,Germany,Hamburg,Employed,10.7,37378.44,3114.87,2019-11-26
CUST0001739,Elena,Novak,1995-08-24,Female,Italy,Rome,Employed,2.1,34074.04,2839.5,2019-03-29
CUST0001740,Elena,Smith,1982-08-24,Male,Poland,Poznan,Student,1.2,4946.48,412.21,2021-09-16
CUST0001741,Nina,Lopez,1989-08-23,Male,United Kingdom,Birmingham,Retired,5.7,19223.69,1601.97,2021-01-09
CUST0001742,Felix,Garcia,1963-08-24,Male,Italy,Turin,Self-employed,6.4,65378.67,5448.22,2019-08-04
CUST0001743,Hugo,Andersson,1977-08-23,Female,Spain,Valencia,Employed,2.0,56039.36,4669.95,2025-06-24
CUST0001744,Elena,Jansen,2002-08-24,Female,Spain,Barcelona,Employed,6.0,55473.89,4622.82,2026-06-26
CUST0001745,Julia,Lopez,1975-08-24,Male,Germany,Berlin,Employed,3.3,93756.58,7813.05,2021-01-25
CUST0001746,Anna,Garcia,1995-08-24,Female,Spain,Barcelona,Retired,1.2,40702.13,3391.84,2021-05-29
CUST0001747,Diego,Muller,1992-08-23,Female,United Kingdom,London,Unemployed,0.2,3930.58,327.55,2024-06-29
CUST0001748,Elena,Moreau,1980-08-23,Female,Poland,Krakow,Employed,22.5,50992.83,4249.4,2026-02-19
CUST0001749,Sofia,Moreau,1991-08-24,Female,Poland,Poznan,Student,1.2,6885.77,573.81,2021-03-12
CUST0001750,Emma,Novak,1972-08-23,Male,Spain,Barcelona,,12.4,47422.27,3951.86,2024-03-21
CUST0001751,Tomasz,Smith,1995-08-24,Male,United Kingdom,Manchester,Employed,6.7,93756.23,7813.02,2019-03-06
CUST0001752,Laura,Dubois,1993-08-23,Male,France,Marseille,Employed,2.1,74140.0,6178.33,2023-05-01
CUST0001753,Laura,Andersson,1993-08-23,Male,Italy,Rome,Employed,5.7,53919.54,4493.3,2026-07-20
CUST0001754,Emma,Novak,1992-08-23,Female,United Kingdom,Birmingham,Retired,16.0,15331.02,1277.58,2022-08-21
CUST0001755,Diego,Garcia,1969-08-23,Female,Germany,Hamburg,Retired,16.2,34008.37,2834.03,2023-11-27
CUST0001756,Diego,Kowalski,1975-08-24,Female,Germany,Munich,Employed,32.4,29901.16,2491.76,2024-04-03
CUST0001757,Felix,Nowak,1960-08-23,Female,France,Lyon,Employed,11.0,37886.01,3157.17,2023-11-01
CUST0001758,Tomasz,Rossi,1952-08-23,Female,Spain,Barcelona,Employed,4.4,32186.29,2682.19,2024-03-31
CUST0001759,Jan,Andersson,1998-08-24,Female,France,Lyon,Employed,10.0,53614.57,4467.88,2025-10-12
CUST0001760,Diego,Smith,1983-08-24,Female,France,Lyon,Emp.,3.7,40206.54,3350.54,2019-01-30
CUST0001761,Jan,Silva,2000-08-23,Female,United Kingdom,London,Employed,6.1,99846.39,8320.53,2025-10-06
CUST0001762,Piotr,Smith,1995-08-24,Male,United Kingdom,London,Employed,3.7,25726.7,2143.89,2025-12-10
CUST0001763,Sofia,Garcia,1993-08-23,Male,Spain,Barcelona,Employed,11.0,32713.84,2726.15,2025-11-29
CUST0001764,Maria,Novak,1999-08-24,Male,Poland,Krakow,,9.0,57981.43,4831.79,2021-10-24
CUST0001765,Hugo,Novak,1999-08-24,Male,Spain,Barcelona,Retired,4.0,27913.54,2326.13,2023-06-17
CUST0001766,Lucas,Lopez,1986-08-24,Male,France,Marseille,Employed,14.2,68236.89,5686.41,2021-09-13
CUST0001767,Piotr,Fischer,2001-08-23,Female,Poland,Warsaw,Employed,7.0,17326.94,1443.91,2025-06-04
CUST0001768,Anna,Dubois,1972-08-23,Male,United Kingdom,London,Employed,4.4,24176.67,2014.72,2022-02-09
CUST0001769,Piotr,Andersson,1997-08-23,Female,United Kingdom,London,Self-employed,9.0,54081.34,4506.78,2021-05-24
CUST0001770,Hugo,Rossi,1945-08-23,Female,France,Marseille,Employed,18.1,50746.82,4228.9,2024-03-28
CUST0001771,Nina,Moreau,1990-08-24,Female,Spain,Valencia,Employed,8.4,91964.0,7663.67,2019-05-18
CUST0001772,Sofia,Silva,1983-08-24,Female,Poland,Krakow,Self-employed,5.2,38903.86,3241.99,2021-11-16
CUST0001773,Jan,Fischer,2002-08-24,Female,Poland,Wroclaw,Self-employed,6.0,12685.19,1057.1,2020-07-30
CUST0001774,Julia,Garcia,1960-08-23,Male,Germany,Hamburg,Employed,4.4,110732.8,9227.73,2021-11-10
CUST0001775,Nina,Kowalski,1968-08-23,Male,Germany,Frankfurt,Employed,14.5,46178.61,3848.22,2022-06-07
CUST0001776,Jan,Nowak,1980-08-23,Male,United Kingdom,Manchester,Retired,13.3,25293.68,2107.81,2019-06-27
CUST0001777,Nina,Jansen,2003-08-24,Male,Italy,Rome,Employed,3.6,46288.63,3857.39,2025-08-12
CUST0001778,Maria,Lopez,1981-08-23,Male,United Kingdom,Birmingham,Employed,4.2,35193.43,2932.79,2022-03-09
CUST0001779,Sofia,Silva,2000-08-23,Female,Poland,Poznan,Employed,1.7,63688.55,5307.38,2021-09-29
CUST0001780,Tomasz,Fischer,1894-01-26,Male,Germany,Hamburg,Employed,9.9,100241.68,8353.47,2020-02-22
CUST0001781,Anna,Smith,1973-08-23,Male,Poland,Warsaw,Self-employed,2.4,34210.91,2850.91,2026-08-13
CUST0001782,Sofia,Lopez,1983-08-24,Female,United Kingdom,Birmingham,Self-employed,24.6,32918.58,2743.22,2025-07-17
CUST0001783,Maria,Lopez,2008-08-23,Female,Poland,Warsaw,Employed,0.0,81347.47,6778.96,2022-09-07
CUST0001784,Piotr,Garcia,1998-08-24,Male,France,Marseille,Employed,1.0,47893.08,3991.09,2021-07-23
CUST0001785,Nina,Moreau,1974-08-24,Male,Spain,Valencia,Employed,2.4,34561.29,2880.11,2022-07-29
CUST0001786,Piotr,Kowalski,1967-08-24,Female,United Kingdom,Manchester,Unemployed,0.3,2092.72,174.39,2026-05-07
CUST0001787,Anna,Silva,1968-08-23,Male,Poland,Poznan,Employed,6.2,51151.8,4262.65,2020-09-10
CUST0001788,Piotr,Smith,2006-08-24,Female,Poland,Warsaw,Employed,2.0,87438.36,7286.53,2024-03-26
CUST0001789,Jan,Rossi,1980-08-23,Female,United Kingdom,Birmingham,Self-employed,6.0,56017.25,4668.1,2025-11-28
CUST0001790,Tomasz,Lopez,1970-08-24,Female,France,Paris,Employed,4.0,42190.9,3515.91,2024-10-12
CUST0001791,Felix,Andersson,2007-08-24,Female,Poland,Krakow,Employed,1.0,22616.31,1884.69,2025-08-27
CUST0001792,Maria,Nowak,1984-08-23,Male,Italy,Turin,Employed,2.5,42295.88,3524.66,2026-04-01
CUST0001793,Hugo,Nowak,1980-08-23,Female,France,Marseille,Self-employed,7.4,72302.75,6025.23,2019-06-17
CUST0001794,Marco,Nowak,1988-08-23,Male,Germany,Munich,Employed,7.6,45936.53,3828.04,2020-10-29
CUST0001795,Jan,Rossi,2008-08-23,Female,Poland,Wroclaw,Self-employed,0.0,55571.68,4630.97,2020-02-08
CUST0001796,Hugo,Kowalski,1989-08-23,Male,Germany,Hamburg,Unemployed,0.8,8049.43,670.79,2023-05-04
CUST0001797,Piotr,Garcia,1989-08-23,Male,Poland,Krakow,Self-employed,5.9,108306.21,9025.52,2022-02-11
CUST0001798,Julia,Novak,1986-08-24,Male,Poland,Wroclaw,Employed,10.9,24772.01,2064.33,2019-04-24
CUST0001799,Julia,Moreau,1992-08-23,Male,France,Marseille,Unemployed,1.3,3671.26,305.94,2023-04-07
CUST0001800,Tomasz,Fischer,1990-08-24,Male,Germany,Munich,Employed,15.0,60850.41,5070.87,2019-10-09
CUST0001801,Maria,Smith,1985-08-23,Male,Italy,Turin,Retired,7.4,18646.4,1553.87,2022-02-11
CUST0001802,Sofia,Andersson,1978-08-24,Male,Netherlands,Utrecht,Self-employed,14.3,35549.09,2962.42,2021-10-20
CUST0001803,Hugo,Lopez,1988-08-23,Male,Poland,Gdansk,Employed,4.1,61800.09,5150.01,2025-10-31
CUST0001804,Elena,Kowalski,1990-08-24,Female,Poland,Poznan,Unemployed,1.1,7238.06,603.17,2024-03-21
CUST0001805,Anna,Moreau,1983-08-24,Female,Spain,Valencia,Employed,10.9,116258.32,9688.19,2023-10-10
CUST0001806,Emma,Novak,2008-08-23,Female,Netherlands,Utrecht,Employed,0.0,27429.05,2285.75,2025-05-11
CUST0001807,Elena,Dubois,1977-08-23,Female,Italy,Turin,Employed,0.6,65627.98,5469.0,2020-05-19
CUST0001808,Sofia,Smith,1984-08-23,Female,Poland,Poznan,Employed,3.5,74565.18,6213.76,2020-12-17
CUST0001809,Lucas,Smith,1983-08-24,Female,Poland,Gdansk,Self-employed,8.3,32787.36,2732.28,2024-10-02
CUST0001810,Elena,Muller,1971-08-24,Male,Poland,Gdansk,Retired,6.0,12362.91,1030.24,2024-09-23
CUST0001811,Felix,Garcia,2008-08-23,Female,Spain,Valencia,Employed,0.0,59706.55,4975.55,2019-03-01
CUST0001812,Laura,Rossi,2008-08-23,Male,France,Lyon,Self-employed,0.0,88347.98,7362.33,2020-09-18
CUST0001813,Hugo,Kowalski,1980-08-23,Female,France,Marseille,Self-employed,7.2,53743.85,4478.65,2020-09-26
CUST0001814,Tomasz,Jansen,1984-08-23,Male,France,Marseille,Self-employed,1.3,-38823.65,3235.3,2019-01-17
CUST0001815,Sofia,Smith,1982-08-24,Female,Poland,Krakow,full time,14.1,35882.49,2990.21,2024-01-22
CUST0001816,Elena,Rossi,1990-08-24,Female,France,Paris,Employed,16.3,35692.29,2974.36,2019-06-01
CUST0001817,Anna,Muller,1975-08-24,Female,Poland,Gdansk,Unemployed,0.6,3860.37,321.7,2025-06-07
CUST0001818,Anna,Lopez,1971-08-24,Male,United Kingdom,Manchester,Employed,22.0,60000.04,5000.0,2023-06-24
CUST0001819,Tomasz,Andersson,1977-08-23,Female,United Kingdom,Manchester,Employed,6.1,52893.87,4407.82,2024-10-28
CUST0001820,Diego,Smith,1988-08-23,Male,United Kingdom,Birmingham,Employed,3.9,39428.84,3285.74,2022-10-20
CUST0001821,Diego,Novak,2008-08-23,Female,Poland,Warsaw,Employed,0.0,82573.48,6881.12,2026-06-02
CUST0001822,Laura,Dubois,1973-08-23,Male,Spain,Barcelona,Employed,21.1,48677.01,4056.42,2021-01-25
CUST0001823,Emma,Garcia,1967-08-24,Female,United Kingdom,London,Employed,2.6,22231.59,1852.63,2023-04-08
CUST0001824,Marco,Andersson,1975-08-24,Male,Poland,Krakow,Self-employed,7.3,160350.12,13362.51,2019-01-19
CUST0001825,Emma,Novak,1996-08-23,Female,Poland,Gdansk,Student,0.3,10340.74,861.73,2025-05-15
CUST0001826,Sofia,Andersson,1975-08-24,Female,United Kingdom,Manchester,Employed,10.9,48451.15,4037.6,2023-05-06
CUST0001827,Emma,Jansen,1972-08-23,Female,Poland,Warsaw,Employed,6.9,62780.18,5231.68,2020-05-06
CUST0001828,Jan,Kowalski,1962-08-24,Female,Poland,Krakow,Unemployed,0.2,8870.4,739.2,2025-04-02
CUST0001829,Marco,Silva,1996-08-23,Female,Poland,Krakow,Employed,12.0,62063.21,5171.93,2026-07-25
CUST0001830,Felix,Silva,1987-08-24,Non-binary,Poland,Gdansk,Student,1.4,11242.65,936.89,2019-07-11
CUST0001831,Hugo,Dubois,1974-08-24,Female,Germany,Munich,Employed,8.6,59983.87,4998.66,2025-06-20
CUST0001832,Maria,Garcia,1983-08-24,Female,France,Lyon,Employed,12.5,101135.32,8427.94,2024-08-18
CUST0001833,Sofia,Lopez,2000-08-23,Male,Poland,Krakow,Employed,5.1,31586.54,2632.21,2021-09-16
CUST0001834,Sofia,Dubois,1978-08-24,Female,United Kingdom,London,Employed,14.4,45960.14,3830.01,2023-11-08
CUST0001835,Sofia,Garcia,1976-08-23,Female,Poland,Poznan,Unemployed,1.0,6703.53,558.63,2025-01-02
CUST0001836,Hugo,Andersson,1983-08-24,Male,Poland,Wroclaw,Employed,3.0,94602.37,7883.53,2022-08-31
CUST0001837,Elena,Smith,1981-08-23,Male,Poland,Wroclaw,Retired,2.9,20504.44,1708.7,2024-02-05
CUST0001838,Hugo,Jansen,1988-08-23,Male,Spain,Barcelona,Unemployed,0.2,1447.29,120.61,2019-05-16
CUST0001839,Lucas,Andersson,1963-08-24,Female,Netherlands,Utrecht,Retired,18.4,23738.38,1978.2,2026-01-28
CUST0001840,Maria,Dubois,1997-08-23,Male,Germany,Berlin,Retired,11.0,39311.68,3275.97,2026-01-23
CUST0001841,Maria,Muller,1992-08-23,Female,Poland,Gdansk,FT,0.7,21155.28,1762.94,2020-08-10
CUST0001842,Diego,Muller,1984-08-23,Non-binary,Poland,Wroclaw,Employed,13.1,53077.42,4423.12,2022-08-26
CUST0001843,Laura,Lopez,1972-08-23,Male,Poland,Krakow,,2.8,18758.92,1563.24,2020-10-28
CUST0001844,Julia,Jansen,2005-08-23,Male,Italy,Milan,Employed,3.0,82839.64,6903.3,2022-01-21
CUST0001845,Tomasz,Dubois,2002-08-24,Female,Poland,Gdansk,Employed,2.0,81523.43,6793.62,2021-02-07
CUST0001846,Diego,Rossi,2008-08-23,Female,Netherlands,Amsterdam,Employed,0.0,63335.75,5277.98,2025-08-03
CUST0001847,Diego,Novak,1984-08-23,Male,France,Lyon,Employed,13.2,72462.67,6038.56,2024-04-24
CUST0001848,Jan,Moreau,2000-08-23,Male,France,Lyon,Retired,4.9,29499.13,2458.26,2025-06-19
CUST0001849,Emma,Novak,1989-08-23,Male,Italy,Turin,Employed,4.6,32425.48,2702.12,2025-01-23
CUST0001850,Anna,Jansen,1975-08-24,Male,Poland,Wroclaw,Self-employed,3.5,67801.8,5650.15,2024-07-24
CUST0001851,Emma,Smith,1993-08-23,Male,Spain,Valencia,Student,0.2,4377.61,364.8,2020-04-10
CUST0001852,Laura,Moreau,1981-08-23,Female,Poland,Poznan,Employed,13.6,97071.59,8089.3,2025-05-05
CUST0001853,Piotr,Fischer,1988-08-23,Female,Italy,Turin,Unemployed,1.4,7506.5,625.54,2024-12-27
CUST0001854,Maria,Dubois,1975-08-24,Female,France,Lyon,Employed,5.9,30707.29,2558.94,2019-12-14
CUST0001855,Lucas,Lopez,1977-08-23,Female,Poland,Poznan,Employed,2.6,30505.14,2542.09,2019-09-03
CUST0001856,Julia,Fischer,1994-08-24,Female,Spain,Madrid,Employed,7.1,60503.48,5041.96,2024-10-26
CUST0001857,Hugo,Fischer,1986-08-24,Male,Poland,Gdansk,Employed,4.6,40817.39,3401.45,2021-12-25
CUST0001858,Anna,Kowalski,1969-08-23,Male,Poland,Gdansk,Employed,9.3,57222.08,4768.51,2021-07-05
CUST0001859,Piotr,Nowak,1978-08-24,Male,Spain,,Employed,10.2,63386.44,5282.2,2022-01-12
CUST0001860,Nina,Rossi,2004-08-23,Female,Germany,Hamburg,Employed,4.0,105343.64,8778.64,2025-08-19
CUST0001861,Laura,Novak,1975-08-24,Male,Italy,Turin,Employed,27.3,69109.13,5759.09,2021-10-12
CUST0001862,Elena,Nowak,1999-08-24,Male,United Kingdom,London,Self-employed,3.8,41268.71,3439.06,2021-10-31
CUST0001863,Diego,Nowak,1964-08-23,Male,United Kingdom,Birmingham,Employed,11.0,41090.49,3424.21,2022-01-20
CUST0001864,Diego,Kowalski,1970-08-24,Male,Poland,Gdansk,Unemployed,0.2,,427.2,2019-06-01
CUST0001865,Julia,Muller,1980-08-23,Male,Poland,Gdansk,Retired,10.0,16794.98,1399.58,2019-04-15
CUST0001866,Felix,Moreau,1982-08-24,Male,Netherlands,Amsterdam,Self-employed,9.7,31606.97,2633.91,2022-03-03
CUST0001867,Emma,Novak,1987-08-24,Female,Poland,Poznan,Employed,9.5,69831.16,5819.26,2019-02-16
CUST0001868,Elena,Novak,1975-08-24,Male,France,Marseille,Self-employed,11.7,119049.84,9920.82,2024-10-14
CUST0001869,Emma,Rossi,1989-08-23,Female,Poland,Warsaw,self employed,7.5,55341.95,4611.83,2022-03-31
CUST0001870,Lucas,Silva,1981-08-23,Female,Poland,Poznan,Retired,4.9,29784.2,2482.02,2022-10-31
CUST0001871,Laura,Novak,1972-08-23,Female,France,Lyon,Student,1.0,6258.49,521.54,2021-07-27
CUST0001872,Emma,Jansen,1992-08-23,Male,Spain,Valencia,Employed,16.0,39263.06,3271.92,2024-11-02
CUST0001873,Maria,Fischer,1993-08-23,Male,Spain,Madrid,Employed,4.1,73325.48,6110.46,2022-04-09
CUST0001874,Elena,Jansen,2001-08-23,Male,Italy,Turin,Unemployed,1.3,13248.32,1104.03,2019-04-09
CUST0001875,Lucas,Rossi,1999-08-24,Female,Poland,Wroclaw,Employed,3.5,51046.97,4253.91,2022-09-25
CUST0001876,Elena,Silva,2008-08-23,Female,Germany,Munich,Employed,0.0,56793.93,4732.83,2020-05-09
CUST0001877,Emma,Lopez,1974-08-24,Male,Poland,Krakow,Self-employed,6.3,48603.4,4050.28,2023-07-20
CUST0001878,Felix,Fischer,1959-08-24,Female,Spain,Valencia,Self-employed,10.5,77175.92,6431.33,2023-04-24
CUST0001879,Tomasz,Smith,1964-08-23,Male,Poland,Gdansk,Employed,3.0,23403.49,1950.29,2022-08-18
CUST0001880,Nina,Silva,2007-08-24,Female,France,Paris,Employed,1.0,18837.29,1569.77,2021-12-12
CUST0001881,Nina,Lopez,1974-08-24,Male,Poland,Gdansk,Employed,9.1,27874.09,2322.84,2023-07-23
CUST0001882,Piotr,Novak,1964-08-23,Male,Spain,Barcelona,Employed,13.7,113615.28,9467.94,2024-03-14
CUST0001883,Diego,Jansen,1990-08-24,Male,Spain,Madrid,Retired,8.5,11898.81,,2025-09-19
CUST0001884,Felix,Garcia,1983-08-24,Female,Italy,Milan,Retired,5.9,52917.42,4409.78,2026-05-12
CUST0001885,Laura,Moreau,2008-08-23,Male,Poland,Gdansk,Employed,0.0,29635.59,2469.63,2019-08-21
CUST0001886,Felix,Lopez,1980-08-23,Male,Netherlands,Amsterdam,Employed,8.2,70638.99,5886.58,2024-01-17
CUST0001887,Diego,Kowalski,1999-08-24,Male,Poland,Warsaw,Unemployed,1.5,7568.63,630.72,2019-08-25
CUST0001888,Laura,Kowalski,1981-08-23,Male,Poland,Warsaw,Self-employed,4.4,83244.25,6937.02,2022-03-11
CUST0001889,Lucas,Nowak,2006-08-24,Female,Poland,Wroclaw,Employed,2.0,37389.97,3115.83,2024-09-01
CUST0001890,Diego,Dubois,1976-08-23,Male,Poland,Warsaw,Employed,22.7,52076.3,4339.69,2023-02-23
CUST0001891,Maria,Muller,1970-08-24,Female,France,Marseille,Employed,7.3,50545.65,4212.14,2025-03-06
CUST0001892,Julia,Moreau,1995-08-24,Female,Poland,Warsaw,Unemployed,0.4,9130.66,760.89,2025-12-24
CUST0001893,Diego,Moreau,2000-08-23,Male,Germany,Berlin,Employed,8.0,103394.21,8616.18,2026-06-13
CUST0001894,Felix,Muller,2008-08-23,Male,United Kingdom,London,Employed,0.0,61356.02,5113.0,2024-02-23
CUST0001895,Sofia,Fischer,1988-08-23,Female,Spain,Valencia,Retired,6.6,24351.5,2029.29,2024-02-24
CUST0001896,Jan,Nowak,1992-08-23,Female,United Kingdom,Birmingham,Self-employed,13.5,73018.34,6084.86,2025-02-21
CUST0001897,Marco,Fischer,2006-08-24,Female,France,Paris,Retired,2.0,9205.32,767.11,2020-10-12
CUST0001898,Diego,Dubois,1978-08-24,Female,Poland,Wroclaw,Employed,8.0,60939.16,5078.26,2021-04-22
CUST0001899,Julia,Kowalski,1990-08-24,Male,Spain,Valencia,Employed,8.5,89782.88,7481.91,2021-08-11
CUST0001900,Anna,Dubois,1999-08-24,Female,Poland,Poznan,Retired,5.3,19658.01,,2024-09-09
CUST0001901,Jan,Fischer,1992-08-23,Male,Poland,Warsaw,Retired,2.5,18106.39,1508.87,2021-09-07
CUST0001902,Marco,Lopez,1969-08-23,Female,Poland,Gdansk,Student,0.8,4326.68,360.56,2020-01-25
CUST0001903,Marco,Nowak,1976-08-23,Female,United Kingdom,Birmingham,Unemployed,0.1,4063.16,338.6,2025-02-08
CUST0001904,Maria,Fischer,1986-08-24,Male,Germany,,Employed,2.6,37747.76,3145.65,2024-09-25
CUST0001905,Lucas,Rossi,1975-08-24,Female,United Kingdom,Manchester,Employed,5.7,79466.84,6622.24,2023-07-18
CUST0001906,Lucas,Smith,2000-08-23,Female,Poland,Krakow,Employed,5.2,73732.32,6144.36,2025-09-28
CUST0001907,Piotr,Nowak,1984-08-23,Male,Germany,Frankfurt,Retired,11.1,21195.27,1766.27,2025-01-20
CUST0001908,Piotr,Lopez,1982-08-24,Male,Germany,Frankfurt,Employed,13.1,78890.51,6574.21,2025-11-19
CUST0001909,Laura,Fischer,1991-08-24,Male,Poland,Wroclaw,Self-employed,17.0,93527.02,7793.92,2020-12-26
CUST0001910,Felix,Silva,1978-08-24,Female,Germany,Hamburg,Retired,1.4,,1785.01,2019-11-22
CUST0001911,Felix,Novak,1995-08-24,Male,United Kingdom,Manchester,Student,1.3,12441.0,1036.75,2021-08-11
CUST0001912,Julia,Moreau,1977-08-23,Non-binary,France,Marseille,Retired,9.2,20783.28,1731.94,2025-05-06
CUST0001913,Anna,Muller,1976-08-23,Male,Poland,Warsaw,Employed,8.3,48707.3,4058.94,2026-01-26
CUST0001914,Elena,Garcia,2008-08-23,Female,United Kingdom,Birmingham,Employed,0.0,39946.01,3328.83,2019-11-04
CUST0001915,Felix,Kowalski,1967-08-24,Female,Poland,Wroclaw,Student,0.8,16393.46,1366.12,2025-07-17
CUST0001916,Sofia,Smith,2008-08-23,Female,Poland,Wroclaw,Employed,0.0,33310.58,2775.88,2022-08-29
CUST0001917,Emma,Smith,1993-08-23,Female,Poland,Warsaw,Employed,8.5,37105.47,3092.12,2025-04-03
CUST0001918,Anna,Kowalski,1970-08-24,Male,Germany,Hamburg,Student,1.4,4954.07,412.84,2024-03-21
CUST0001919,Nina,Andersson,1988-08-23,Female,Poland,Warsaw,Self-employed,8.6,65533.21,5461.1,2019-06-17
CUST0001920,Nina,Kowalski,2005-08-23,Female,United Kingdom,Birmingham,Employed,3.0,33636.58,2803.05,2022-09-14
CUST0001921,Anna,Fischer,1999-08-24,Female,Poland,Poznan,Employed,8.0,60475.49,5039.62,2019-09-06
CUST0001922,Hugo,Andersson,1970-08-24,Male,Spain,Barcelona,Employed,3.3,45049.73,3754.14,2021-08-07
CUST0001923,Emma,Fischer,2008-08-23,Female,Poland,Gdansk,Retired,0.0,18034.92,1502.91,2024-10-16
CUST0001924,Julia,Nowak,1968-08-23,Female,United Kingdom,Birmingham,Employed,6.1,61044.37,5087.03,2024-03-24
CUST0001925,Piotr,Moreau,1985-08-23,Female,Spain,Madrid,Employed,5.4,62097.39,5174.78,2024-05-22
CUST0001926,Diego,Jansen,2001-08-23,Male,Germany,Berlin,Employed,7.0,32909.52,2742.46,2024-01-20
CUST0001927,Emma,Moreau,1992-08-23,Female,Poland,Krakow,Retired,6.0,16958.75,1413.23,2019-02-11
CUST0001928,Diego,Andersson,1998-08-24,Male,France,Paris,Retired,2.9,32926.16,2743.85,2023-06-17
CUST0001929,Maria,Andersson,1972-08-23,Female,Netherlands,Rotterdam,Employed,6.9,32466.92,2705.58,2022-09-16
CUST0001930,Tomasz,Kowalski,1974-08-24,Female,Netherlands,Rotterdam,Employed,8.5,47311.04,3942.59,2023-01-15
CUST0001931,Sofia,Andersson,2008-08-23,Female,Poland,Wroclaw,Employed,0.0,34662.22,2888.52,2020-08-17
CUST0001932,Felix,Smith,1990-08-24,Female,Spain,Madrid,Employed,2.7,34058.17,2838.18,2024-05-25
CUST0001933,Julia,Fischer,1996-08-23,Female,Poland,Gdansk,Employed,12.0,109586.94,9132.25,2023-08-24
CUST0001934,Hugo,Andersson,1966-08-24,Male,Poland,Gdansk,Employed,1.2,25511.28,2125.94,2022-01-30
CUST0001935,Jan,Nowak,2003-08-24,Male,United Kingdom,Manchester,Employed,5.0,117881.31,9823.44,2019-06-07
CUST0001936,Laura,Moreau,1962-08-24,Female,France,Paris,Employed,2.7,55654.95,4637.91,2019-07-12
CUST0001937,Jan,Kowalski,1984-08-23,Female,France,Lyon,Employed,14.0,82801.76,6900.15,2021-09-29
CUST0001938,Marco,Rossi,2000-08-23,Male,Spain,Valencia,Employed,8.0,74653.83,6221.15,2023-02-10
CUST0001939,Piotr,Garcia,1993-08-23,Female,Poland,Poznan,Employed,8.5,,5623.74,2026-08-16
CUST0001940,Anna,Lopez,1995-08-24,Female,United Kingdom,London,Self-employed,5.7,68222.61,5685.22,2024-07-13
CUST0001941,Tomasz,Muller,2002-08-24,Female,Germany,Frankfurt,Employed,6.0,102251.89,8520.99,2022-09-17
CUST0001942,Piotr,Fischer,1983-08-24,Female,Poland,Gdansk,Employed,5.6,32171.28,2680.94,2021-04-15
CUST0001943,Julia,Garcia,2001-08-23,Female,Germany,Hamburg,Student,0.6,14895.16,1241.26,2020-04-15
CUST0001944,Nina,Andersson,2008-08-23,Non-binary,Netherlands,Rotterdam,Employed,0.0,-44948.71,3745.73,2020-01-29
CUST0001945,Maria,Nowak,1989-08-23,Non-binary,Germany,Hamburg,Retired,7.0,39099.51,3258.29,2019-07-20
CUST0001946,Hugo,Dubois,2008-08-23,Male,Poland,Warsaw,Employed,0.0,33548.94,2795.75,2025-12-21
CUST0001947,Sofia,Silva,1995-08-24,Female,United Kingdom,Manchester,Self-employed,9.9,30737.97,2561.5,2019-02-14
CUST0001948,Marco,Andersson,2028-07-31,Female,Netherlands,Amsterdam,Employed,6.6,25097.32,2091.44,2025-08-09
CUST0001949,Tomasz,Moreau,1996-08-23,Female,Italy,Rome,Employed,1.4,36869.43,3072.45,2023-06-18
CUST0001950,Laura,Fischer,1956-08-23,Female,France,Lyon,Retired,7.8,23666.5,1972.21,2023-09-24
CUST0001951,Laura,Jansen,1983-08-24,Female,Germany,Hamburg,Unemployed,0.4,3900.93,325.08,2026-05-01
CUST0001952,Piotr,Rossi,1981-08-23,Female,France,Marseille,Employed,4.2,109816.74,,2025-01-05
CUST0001953,Tomasz,Garcia,2008-08-23,Female,Spain,Barcelona,Unemployed,0.5,5945.53,495.46,2020-02-15
CUST0001954,Sofia,Lopez,1993-08-23,Female,Italy,Turin,Employed,1.1,45118.17,3759.85,2026-05-29
CUST0001955,Sofia,Silva,1981-08-23,Female,Spain,Valencia,Retired,6.7,25450.41,2120.87,2020-05-06
CUST0001956,Felix,Moreau,1998-08-24,Male,Germany,Munich,Unemployed,0.1,4925.47,410.46,2023-05-09
CUST0001957,Jan,Smith,1971-08-24,Female,Poland,Gdansk,Employed,10.0,121460.34,10121.7,2023-11-25
CUST0001958,Emma,Smith,2001-08-23,Male,France,Lyon,Retired,7.0,17313.68,1442.81,2020-11-12
CUST0001959,Lucas,Fischer,1988-08-23,Female,Poland,Wroclaw,Student,1.4,14534.38,1211.2,2023-10-27
CUST0001960,Piotr,Novak,1992-08-23,Male,Poland,Warsaw,Self-employed,4.7,152829.27,12735.77,2023-11-20
CUST0001961,Nina,Muller,1982-08-24,Female,Germany,Berlin,Employed,16.8,134631.48,11219.29,2026-06-29
CUST0001962,Lucas,Jansen,1993-08-23,Male,United Kingdom,Manchester,Unemployed,1.4,12699.56,1058.3,2025-12-29
CUST0001963,Hugo,Muller,1988-08-23,Female,Italy,Rome,,8.8,21957.61,1829.8,2022-01-21
CUST0001964,Emma,Novak,1987-08-24,Female,Spain,Barcelona,Employed,19.4,201636.14,16803.01,2024-04-11
CUST0001965,Elena,Kowalski,1994-08-24,Male,Italy,Rome,Retired,3.3,25415.98,2118.0,2025-04-11
CUST0001966,Hugo,Fischer,1977-08-23,Female,Spain,Madrid,Employed,6.3,113590.88,9465.91,2019-03-15
CUST0001967,Marco,Lopez,1981-08-23,Female,United Kingdom,Manchester,Retired,0.6,26167.63,2180.64,2024-03-27
CUST0001968,Felix,Kowalski,1985-08-23,Male,Poland,Poznan,Self-employed,2.5,56398.95,,2026-01-05
CUST0001969,Diego,Silva,1990-08-24,Female,United Kingdom,Birmingham,Employed,2.3,132205.28,11017.11,2019-12-02
CUST0001970,Tomasz,Nowak,1973-08-23,Male,Poland,Gdansk,Student,0.1,6479.79,539.98,2024-10-06
CUST0001971,Anna,Dubois,1987-08-24,Male,Poland,Gdansk,Employed,2.7,56509.76,4709.15,2019-06-18
CUST0001972,Tomasz,Rossi,1988-08-23,Female,Poland,Warsaw,Employed,3.9,54891.45,4574.29,2022-01-27
CUST0001973,Hugo,Jansen,1983-08-24,Female,Spain,Barcelona,Employed,4.3,56663.75,4721.98,2025-04-07
CUST0001974,Marco,Moreau,1960-08-23,Female,Spain,Madrid,Employed,2.0,48961.28,4080.11,2026-07-21
CUST0001975,Maria,Smith,2003-08-24,Male,Netherlands,Amsterdam,Self-employed,5.0,19817.28,1651.44,2024-07-25
CUST0001976,Tomasz,Dubois,1973-08-23,Female,Netherlands,Amsterdam,Employed,8.3,55356.52,4613.04,2024-07-08
CUST0001977,Nina,Nowak,2008-08-23,Female,Italy,Milan,Retired,0.0,22226.03,1852.17,2020-12-24
CUST0001978,Marco,Moreau,1981-08-23,Female,Poland,Warsaw,Stu.,0.1,3343.22,278.6,2025-04-24
CUST0001979,Lucas,Rossi,1962-08-24,Male,Italy,Milan,Unemployed,0.9,5564.43,463.7,2024-01-15
CUST0001980,Anna,Smith,1977-08-23,Male,Spain,Madrid,Employed,4.3,68663.58,5721.96,2026-03-19
CUST0001981,Hugo,Nowak,1982-08-24,Male,Italy,Milan,Self-employed,9.5,46230.2,3852.52,2023-08-11
CUST0001982,Diego,Rossi,1992-08-23,Male,Poland,Poznan,Employed,4.3,41167.89,3430.66,2019-04-21
CUST0001983,Nina,Jansen,1984-08-23,Male,Poland,Warsaw,Unemployed,0.8,3083.53,256.96,2022-11-28
CUST0001984,Emma,Moreau,1988-08-23,Female,Netherlands,Amsterdam,,7.0,28796.6,2399.72,2024-12-02
CUST0001985,Anna,Rossi,1995-08-24,Male,Poland,Gdansk,Retired,13.0,31152.6,2596.05,2025-01-09
CUST0001986,Lucas,Jansen,1988-08-23,Male,Germany,Hamburg,Employed,12.9,63133.6,5261.13,2021-12-15
CUST0001987,Felix,Moreau,1981-08-23,Female,Germany,Munich,Employed,4.0,37316.8,3109.73,2020-04-22
CUST0001988,Jan,Dubois,1995-08-24,Male,Poland,Gdansk,Student,1.0,5320.39,443.37,2025-08-24
CUST0001989,Piotr,Rossi,1995-08-24,Male,Poland,Krakow,Employed,3.5,38787.87,3232.32,2025-04-18
CUST0001990,Diego,Kowalski,2003-08-24,Female,Netherlands,Utrecht,Retired,5.0,28075.35,2339.61,2025-09-20
CUST0001991,Tomasz,Moreau,1979-08-24,Female,Italy,Rome,Retired,3.4,17159.29,1429.94,2024-02-17
CUST0001992,Maria,Nowak,1976-08-23,Female,Italy,Milan,Employed,18.7,53660.32,4471.69,2025-05-03
CUST0001993,Anna,Garcia,1981-08-23,Male,Poland,Warsaw,Employed,9.4,44913.64,3742.8,2022-01-30
CUST0001994,Emma,Nowak,1970-08-24,Female,Poland,Warsaw,Employed,6.4,81406.43,,2024-12-16
CUST0001995,Tomasz,Andersson,1983-08-24,Male,Germany,Munich,Retired,3.9,37859.4,3154.95,2022-09-25
CUST0001996,Diego,Dubois,1979-08-24,Female,Germany,Berlin,,0.2,6696.56,,2025-01-27
CUST0001997,Elena,Andersson,1980-08-23,Male,Poland,Wroclaw,Employed,2.5,45872.33,3822.69,2020-02-13
CUST0001998,Lucas,Silva,1985-08-23,Female,Spain,Madrid,Self-employed,1.6,31538.06,2628.17,2021-04-08
CUST0001999,Emma,Kowalski,1991-08-24,Male,Netherlands,Amsterdam,Employed,9.5,85570.81,7130.9,2020-08-21
CUST0002000,Elena,Rossi,1953-08-23,Female,France,Marseille,Employed,6.3,55635.58,,2022-02-09
CUST0000194,Hugo,Garcia,1964-08-23,Female,France,Paris,Unemployed,0.9,4251.48,354.29,2025-12-24
CUST0000253,Sofia,Andersson,1960-08-23,Female,France,Lyon,Retired,1.4,23947.51,1995.63,2021-08-28
CUST0000330,Tomasz,Lopez,1991-08-24,Female,France,Marseille,Employed,2.1,27101.35,2258.45,2022-02-24
CUST0000354,Piotr,Novak,1973-08-23,Female,Poland,Krakow,Unemployed,1.2,5069.87,422.49,2025-04-19
CUST0000372,Sofia,Garcia,1965-08-23,Female,France,Marseille,Employed,15.5,96609.52,8050.79,2024-03-12
CUST0000407,Diego,Smith,1986-08-24,Male,Netherlands,Rotterdam,Employed,2.4,26199.4,2183.28,2021-01-14
CUST0000476,Maria,Dubois,1989-08-23,Female,Poland,Krakow,Retired,6.3,22488.14,1874.01,2026-05-23
CUST0000630,Laura,Muller,2008-08-23,Male,United Kingdom,Manchester,Employed,0.0,75584.05,6298.67,2020-04-14
CUST0000757,Hugo,Andersson,1997-08-23,Male,Poland,Wroclaw,Employed,11.0,57705.68,4808.81,2023-05-05
CUST0000783,Felix,Garcia,1959-08-24,Female,Germany,Berlin,Employed,8.4,47257.15,3938.1,2024-02-05
CUST0000909,Lucas,Dubois,1983-08-24,Male,Netherlands,Amsterdam,Employed,7.6,88703.83,7391.99,2026-05-08
CUST0000949,Tomasz,Kowalski,1979-08-24,Male,Germany,Munich,Employed,9.1,36678.95,3056.58,2025-03-21
CUST0001053,Maria,Novak,1982-08-24,Female,United Kingdom,London,Student,1.5,12852.28,1071.02,2021-01-31
CUST0001061,Elena,Muller,1986-08-24,Male,Germany,Berlin,Employed,2.6,28045.28,2337.11,2023-03-18
CUST0001293,Jan,Jansen,1990-08-24,Male,United Kingdom,Birmingham,Retired,12.6,18949.31,1579.11,2025-07-15
CUST0001363,Elena,Moreau,2008-08-23,Female,Poland,Krakow,Self-employed,0.0,14478.68,1206.56,2026-07-11
CUST0001461,Elena,Kowalski,1971-08-24,Male,Germany,Hamburg,Self-employed,9.1,18442.57,1536.88,2024-01-18
CUST0001469,Julia,Kowalski,2004-08-23,Male,Poland,Wroclaw,Employed,4.0,36115.42,3009.62,2025-12-02
CUST0001505,Elena,Silva,1987-08-24,Male,Germany,Frankfurt,Employed,11.0,61340.74,5111.73,2024-02-29
CUST0001719,Julia,Rossi,1976-08-23,Female,Netherlands,Amsterdam,Unemployed,0.5,5772.08,481.01,2025-02-01
