issue_id,entity,record_id,issue_type,issue_description,severity,injected_at
1,customers,CUST0000037,missing_annual_income,annual_income was set to NULL (simulated missing operational data),medium,2026-08-24
2,customers,CUST0000040,missing_annual_income,annual_income was set to NULL (simulated missing operational data),medium,2026-08-24
3,customers,CUST0000310,missing_annual_income,annual_income was set to NULL (simulated missing operational data),medium,2026-08-24
4,customers,CUST0000325,missing_annual_income,annual_income was set to NULL (simulated missing operational data),medium,2026-08-24
5,customers,CUST0000332,missing_annual_income,annual_income was set to NULL (simulated missing operational data),medium,2026-08-24
6,customers,CUST0000343,missing_annual_income,annual_income was set to NULL (simulated missing operational data),medium,2026-08-24
7,customers,CUST0000493,missing_annual_income,annual_income was set to NULL (simulated missing operational data),medium,2026-08-24
8,customers,CUST0000550,missing_annual_income,annual_income was set to NULL (simulated missing operational data),medium,2026-08-24
9,customers,CUST0000618,missing_annual_income,annual_income was set to NULL (simulated missing operational data),medium,2026-08-24
10,customers,CUST0000628,missing_annual_income,annual_income was set to NULL (simulated missing operational data),medium,2026-08-24
11,customers,CUST0000642,missing_annual_income,annual_income was set to NULL (simulated missing operational data),medium,2026-08-24
12,customers,CUST0000675,missing_annual_income,annual_income was set to NULL (simulated missing operational data),medium,2026-08-24
13,customers,CUST0000680,missing_annual_income,annual_income was set to NULL (simulated missing operational data),medium,2026-08-24
14,customers,CUST0000778,missing_annual_income,annual_income was set to NULL (simulated missing operational data),medium,2026-08-24
15,customers,CUST0000791,missing_annual_income,annual_income was set to NULL (simulated missing operational data),medium,2026-08-24
16,customers,CUST0000793,missing_annual_income,annual_income was set to NULL (simulated missing operational data),medium,2026-08-24
17,customers,CUST0000819,missing_annual_income,annual_income was set to NULL (simulated missing operational data),medium,2026-08-24
18,customers,CUST0000827,missing_annual_income,annual_income was set to NULL (simulated missing operational data),medium,2026-08-24
19,customers,CUST0000943,missing_annual_income,annual_income was set to NULL (simulated missing operational data),medium,2026-08-24
20,customers,CUST0000960,missing_annual_income,annual_income was set to NULL (simulated missing operational data),medium,2026-08-24
21,customers,CUST0000984,missing_annual_income,annual_income was set to NULL (simulated missing operational data),medium,2026-08-24
22,customers,CUST0000987,missing_annual_income,annual_income was set to NULL (simulated missing operational data),medium,2026-08-24
23,customers,CUST0001012,missing_annual_income,annual_income was set to NULL (simulated missing operational data),medium,2026-08-24
24,customers,CUST0001021,missing_annual_income,annual_income was set to NULL (simulated missing operational data),medium,2026-08-24
25,customers,CUST0001051,missing_annual_income,annual_income was set to NULL (simulated missing operational data),medium,2026-08-24
26,customers,CUST0001083,missing_annual_income,annual_income was set to NULL (simulated missing operational data),medium,2026-08-24
27,customers,CUST0001279,missing_annual_income,annual_income was set to NULL (simulated missing operational data),medium,2026-08-24
28,customers,CUST0001292,missing_annual_income,annual_income was set to NULL (simulated missing operational data),medium,2026-08-24
29,customers,CUST0001348,missing_annual_income,annual_income was set to NULL (simulated missing operational data),medium,2026-08-24
30,customers,CUST0001436,missing_annual_income,annual_income was set to NULL (simulated missing operational data),medium,2026-08-24
31,customers,CUST0001534,missing_annual_income,annual_income was set to NULL (simulated missing operational data),medium,2026-08-24
32,customers,CUST0001539,missing_annual_income,annual_income was set to NULL (simulated missing operational data),medium,2026-08-24
33,customers,CUST0001571,missing_annual_income,annual_income was set to NULL (simulated missing operational data),medium,2026-08-24
34,customers,CUST0001582,missing_annual_income,annual_income was set to NULL (simulated missing operational data),medium,2026-08-24
35,customers,CUST0001661,missing_annual_income,annual_income was set to NULL (simulated missing operational data),medium,2026-08-24
36,customers,CUST0001705,missing_annual_income,annual_income was set to NULL (simulated missing operational data),medium,2026-08-24
37,customers,CUST0001717,missing_annual_income,annual_income was set to NULL (simulated missing operational data),medium,2026-08-24
38,customers,CUST0001864,missing_annual_income,annual_income was set to NULL (simulated missing operational data),medium,2026-08-24
39,customers,CUST0001910,missing_annual_income,annual_income was set to NULL (simulated missing operational data),medium,2026-08-24
40,customers,CUST0001939,missing_annual_income,annual_income was set to NULL (simulated missing operational data),medium,2026-08-24
41,customers,CUST0000054,missing_employment_status,employment_status was set to NULL (simulated missing operational data),medium,2026-08-24
42,customers,CUST0000161,missing_employment_status,employment_status was set to NULL (simulated missing operational data),medium,2026-08-24
43,customers,CUST0000224,missing_employment_status,employment_status was set to NULL (simulated missing operational data),medium,2026-08-24
44,customers,CUST0000227,missing_employment_status,employment_status was set to NULL (simulated missing operational data),medium,2026-08-24
45,customers,CUST0000251,missing_employment_status,employment_status was set to NULL (simulated missing operational data),medium,2026-08-24
46,customers,CUST0000292,missing_employment_status,employment_status was set to NULL (simulated missing operational data),medium,2026-08-24
47,customers,CUST0000470,missing_employment_status,employment_status was set to NULL (simulated missing operational data),medium,2026-08-24
48,customers,CUST0000513,missing_employment_status,employment_status was set to NULL (simulated missing operational data),medium,2026-08-24
49,customers,CUST0000515,missing_employment_status,employment_status was set to NULL (simulated missing operational data),medium,2026-08-24
50,customers,CUST0000563,missing_employment_status,employment_status was set to NULL (simulated missing operational data),medium,2026-08-24
51,customers,CUST0000654,missing_employment_status,employment_status was set to NULL (simulated missing operational data),medium,2026-08-24
52,customers,CUST0000699,missing_employment_status,employment_status was set to NULL (simulated missing operational data),medium,2026-08-24
53,customers,CUST0000704,missing_employment_status,employment_status was set to NULL (simulated missing operational data),medium,2026-08-24
54,customers,CUST0000737,missing_employment_status,employment_status was set to NULL (simulated missing operational data),medium,2026-08-24
55,customers,CUST0000747,missing_employment_status,employment_status was set to NULL (simulated missing operational data),medium,2026-08-24
56,customers,CUST0000770,missing_employment_status,employment_status was set to NULL (simulated missing operational data),medium,2026-08-24
57,customers,CUST0000773,missing_employment_status,employment_status was set to NULL (simulated missing operational data),medium,2026-08-24
58,customers,CUST0000829,missing_employment_status,employment_status was set to NULL (simulated missing operational data),medium,2026-08-24
59,customers,CUST0000939,missing_employment_status,employment_status was set to NULL (simulated missing operational data),medium,2026-08-24
60,customers,CUST0000953,missing_employment_status,employment_status was set to NULL (simulated missing operational data),medium,2026-08-24
61,customers,CUST0001191,missing_employment_status,employment_status was set to NULL (simulated missing operational data),medium,2026-08-24
62,customers,CUST0001239,missing_employment_status,employment_status was set to NULL (simulated missing operational data),medium,2026-08-24
63,customers,CUST0001259,missing_employment_status,employment_status was set to NULL (simulated missing operational data),medium,2026-08-24
64,customers,CUST0001274,missing_employment_status,employment_status was set to NULL (simulated missing operational data),medium,2026-08-24
65,customers,CUST0001451,missing_employment_status,employment_status was set to NULL (simulated missing operational data),medium,2026-08-24
66,customers,CUST0001475,missing_employment_status,employment_status was set to NULL (simulated missing operational data),medium,2026-08-24
67,customers,CUST0001493,missing_employment_status,employment_status was set to NULL (simulated missing operational data),medium,2026-08-24
68,customers,CUST0001543,missing_employment_status,employment_status was set to NULL (simulated missing operational data),medium,2026-08-24
69,customers,CUST0001555,missing_employment_status,employment_status was set to NULL (simulated missing operational data),medium,2026-08-24
70,customers,CUST0001578,missing_employment_status,employment_status was set to NULL (simulated missing operational data),medium,2026-08-24
71,customers,CUST0001615,missing_employment_status,employment_status was set to NULL (simulated missing operational data),medium,2026-08-24
72,customers,CUST0001638,missing_employment_status,employment_status was set to NULL (simulated missing operational data),medium,2026-08-24
73,customers,CUST0001693,missing_employment_status,employment_status was set to NULL (simulated missing operational data),medium,2026-08-24
74,customers,CUST0001706,missing_employment_status,employment_status was set to NULL (simulated missing operational data),medium,2026-08-24
75,customers,CUST0001750,missing_employment_status,employment_status was set to NULL (simulated missing operational data),medium,2026-08-24
76,customers,CUST0001764,missing_employment_status,employment_status was set to NULL (simulated missing operational data),medium,2026-08-24
77,customers,CUST0001843,missing_employment_status,employment_status was set to NULL (simulated missing operational data),medium,2026-08-24
78,customers,CUST0001963,missing_employment_status,employment_status was set to NULL (simulated missing operational data),medium,2026-08-24
79,customers,CUST0001984,missing_employment_status,employment_status was set to NULL (simulated missing operational data),medium,2026-08-24
80,customers,CUST0001996,missing_employment_status,employment_status was set to NULL (simulated missing operational data),medium,2026-08-24
81,customers,CUST0000125,missing_monthly_income,monthly_income was set to NULL (simulated missing operational data),medium,2026-08-24
82,customers,CUST0000128,missing_monthly_income,monthly_income was set to NULL (simulated missing operational data),medium,2026-08-24
83,customers,CUST0000134,missing_monthly_income,monthly_income was set to NULL (simulated missing operational data),medium,2026-08-24
84,customers,CUST0000282,missing_monthly_income,monthly_income was set to NULL (simulated missing operational data),medium,2026-08-24
85,customers,CUST0000410,missing_monthly_income,monthly_income was set to NULL (simulated missing operational data),medium,2026-08-24
86,customers,CUST0000425,missing_monthly_income,monthly_income was set to NULL (simulated missing operational data),medium,2026-08-24
87,customers,CUST0000450,missing_monthly_income,monthly_income was set to NULL (simulated missing operational data),medium,2026-08-24
88,customers,CUST0000455,missing_monthly_income,monthly_income was set to NULL (simulated missing operational data),medium,2026-08-24
89,customers,CUST0000477,missing_monthly_income,monthly_income was set to NULL (simulated missing operational data),medium,2026-08-24
90,customers,CUST0000549,missing_monthly_income,monthly_income was set to NULL (simulated missing operational data),medium,2026-08-24
91,customers,CUST0000586,missing_monthly_income,monthly_income was set to NULL (simulated missing operational data),medium,2026-08-24
92,customers,CUST0000602,missing_monthly_income,monthly_income was set to NULL (simulated missing operational data),medium,2026-08-24
93,customers,CUST0000646,missing_monthly_income,monthly_income was set to NULL (simulated missing operational data),medium,2026-08-24
94,customers,CUST0000648,missing_monthly_income,monthly_income was set to NULL (simulated missing operational data),medium,2026-08-24
95,customers,CUST0000655,missing_monthly_income,monthly_income was set to NULL (simulated missing operational data),medium,2026-08-24
96,customers,CUST0000684,missing_monthly_income,monthly_income was set to NULL (simulated missing operational data),medium,2026-08-24
97,customers,CUST0000750,missing_monthly_income,monthly_income was set to NULL (simulated missing operational data),medium,2026-08-24
98,customers,CUST0000776,missing_monthly_income,monthly_income was set to NULL (simulated missing operational data),medium,2026-08-24
99,customers,CUST0000798,missing_monthly_income,monthly_income was set to NULL (simulated missing operational data),medium,2026-08-24
100,customers,CUST0000865,missing_monthly_income,monthly_income was set to NULL (simulated missing operational data),medium,2026-08-24
101,customers,CUST0000895,missing_monthly_income,monthly_income was set to NULL (simulated missing operational data),medium,2026-08-24
102,customers,CUST0000900,missing_monthly_income,monthly_income was set to NULL (simulated missing operational data),medium,2026-08-24
103,customers,CUST0001103,missing_monthly_income,monthly_income was set to NULL (simulated missing operational data),medium,2026-08-24
104,customers,CUST0001184,missing_monthly_income,monthly_income was set to NULL (simulated missing operational data),medium,2026-08-24
105,customers,CUST0001190,missing_monthly_income,monthly_income was set to NULL (simulated missing operational data),medium,2026-08-24
106,customers,CUST0001198,missing_monthly_income,monthly_income was set to NULL (simulated missing operational data),medium,2026-08-24
107,customers,CUST0001233,missing_monthly_income,monthly_income was set to NULL (simulated missing operational data),medium,2026-08-24
108,customers,CUST0001404,missing_monthly_income,monthly_income was set to NULL (simulated missing operational data),medium,2026-08-24
109,customers,CUST0001422,missing_monthly_income,monthly_income was set to NULL (simulated missing operational data),medium,2026-08-24
110,customers,CUST0001474,missing_monthly_income,monthly_income was set to NULL (simulated missing operational data),medium,2026-08-24
111,customers,CUST0001628,missing_monthly_income,monthly_income was set to NULL (simulated missing operational data),medium,2026-08-24
112,customers,CUST0001640,missing_monthly_income,monthly_income was set to NULL (simulated missing operational data),medium,2026-08-24
113,customers,CUST0001731,missing_monthly_income,monthly_income was set to NULL (simulated missing operational data),medium,2026-08-24
114,customers,CUST0001883,missing_monthly_income,monthly_income was set to NULL (simulated missing operational data),medium,2026-08-24
115,customers,CUST0001900,missing_monthly_income,monthly_income was set to NULL (simulated missing operational data),medium,2026-08-24
116,customers,CUST0001952,missing_monthly_income,monthly_income was set to NULL (simulated missing operational data),medium,2026-08-24
117,customers,CUST0001968,missing_monthly_income,monthly_income was set to NULL (simulated missing operational data),medium,2026-08-24
118,customers,CUST0001994,missing_monthly_income,monthly_income was set to NULL (simulated missing operational data),medium,2026-08-24
119,customers,CUST0001996,missing_monthly_income,monthly_income was set to NULL (simulated missing operational data),medium,2026-08-24
120,customers,CUST0002000,missing_monthly_income,monthly_income was set to NULL (simulated missing operational data),medium,2026-08-24
121,customers,CUST0000005,missing_city,city was set to NULL (simulated missing operational data),medium,2026-08-24
122,customers,CUST0000034,missing_city,city was set to NULL (simulated missing operational data),medium,2026-08-24
123,customers,CUST0000054,missing_city,city was set to NULL (simulated missing operational data),medium,2026-08-24
124,customers,CUST0000060,missing_city,city was set to NULL (simulated missing operational data),medium,2026-08-24
125,customers,CUST0000096,missing_city,city was set to NULL (simulated missing operational data),medium,2026-08-24
126,customers,CUST0000109,missing_city,city was set to NULL (simulated missing operational data),medium,2026-08-24
127,customers,CUST0000173,missing_city,city was set to NULL (simulated missing operational data),medium,2026-08-24
128,customers,CUST0000215,missing_city,city was set to NULL (simulated missing operational data),medium,2026-08-24
129,customers,CUST0000245,missing_city,city was set to NULL (simulated missing operational data),medium,2026-08-24
130,customers,CUST0000313,missing_city,city was set to NULL (simulated missing operational data),medium,2026-08-24
131,customers,CUST0000473,missing_city,city was set to NULL (simulated missing operational data),medium,2026-08-24
132,customers,CUST0000539,missing_city,city was set to NULL (simulated missing operational data),medium,2026-08-24
133,customers,CUST0000592,missing_city,city was set to NULL (simulated missing operational data),medium,2026-08-24
134,customers,CUST0000744,missing_city,city was set to NULL (simulated missing operational data),medium,2026-08-24
135,customers,CUST0000785,missing_city,city was set to NULL (simulated missing operational data),medium,2026-08-24
136,customers,CUST0000861,missing_city,city was set to NULL (simulated missing operational data),medium,2026-08-24
137,customers,CUST0000878,missing_city,city was set to NULL (simulated missing operational data),medium,2026-08-24
138,customers,CUST0000886,missing_city,city was set to NULL (simulated missing operational data),medium,2026-08-24
139,customers,CUST0000916,missing_city,city was set to NULL (simulated missing operational data),medium,2026-08-24
140,customers,CUST0001019,missing_city,city was set to NULL (simulated missing operational data),medium,2026-08-24
141,customers,CUST0001069,missing_city,city was set to NULL (simulated missing operational data),medium,2026-08-24
142,customers,CUST0001109,missing_city,city was set to NULL (simulated missing operational data),medium,2026-08-24
143,customers,CUST0001120,missing_city,city was set to NULL (simulated missing operational data),medium,2026-08-24
144,customers,CUST0001140,missing_city,city was set to NULL (simulated missing operational data),medium,2026-08-24
145,customers,CUST0001155,missing_city,city was set to NULL (simulated missing operational data),medium,2026-08-24
146,customers,CUST0001185,missing_city,city was set to NULL (simulated missing operational data),medium,2026-08-24
147,customers,CUST0001223,missing_city,city was set to NULL (simulated missing operational data),medium,2026-08-24
148,customers,CUST0001232,missing_city,city was set to NULL (simulated missing operational data),medium,2026-08-24
149,customers,CUST0001235,missing_city,city was set to NULL (simulated missing operational data),medium,2026-08-24
150,customers,CUST0001236,missing_city,city was set to NULL (simulated missing operational data),medium,2026-08-24
151,customers,CUST0001294,missing_city,city was set to NULL (simulated missing operational data),medium,2026-08-24
152,customers,CUST0001326,missing_city,city was set to NULL (simulated missing operational data),medium,2026-08-24
153,customers,CUST0001371,missing_city,city was set to NULL (simulated missing operational data),medium,2026-08-24
154,customers,CUST0001486,missing_city,city was set to NULL (simulated missing operational data),medium,2026-08-24
155,customers,CUST0001575,missing_city,city was set to NULL (simulated missing operational data),medium,2026-08-24
156,customers,CUST0001580,missing_city,city was set to NULL (simulated missing operational data),medium,2026-08-24
157,customers,CUST0001632,missing_city,city was set to NULL (simulated missing operational data),medium,2026-08-24
158,customers,CUST0001667,missing_city,city was set to NULL (simulated missing operational data),medium,2026-08-24
159,customers,CUST0001859,missing_city,city was set to NULL (simulated missing operational data),medium,2026-08-24
160,customers,CUST0001904,missing_city,city was set to NULL (simulated missing operational data),medium,2026-08-24
161,applications,APP0000022,missing_requested_amount,requested_amount was set to NULL (simulated missing operational data),medium,2026-08-24
162,applications,APP0000032,missing_requested_amount,requested_amount was set to NULL (simulated missing operational data),medium,2026-08-24
163,applications,APP0000100,missing_requested_amount,requested_amount was set to NULL (simulated missing operational data),medium,2026-08-24
164,applications,APP0000133,missing_requested_amount,requested_amount was set to NULL (simulated missing operational data),medium,2026-08-24
165,applications,APP0000233,missing_requested_amount,requested_amount was set to NULL (simulated missing operational data),medium,2026-08-24
166,applications,APP0000255,missing_requested_amount,requested_amount was set to NULL (simulated missing operational data),medium,2026-08-24
167,applications,APP0000258,missing_requested_amount,requested_amount was set to NULL (simulated missing operational data),medium,2026-08-24
168,applications,APP0000454,missing_requested_amount,requested_amount was set to NULL (simulated missing operational data),medium,2026-08-24
169,applications,APP0000619,missing_requested_amount,requested_amount was set to NULL (simulated missing operational data),medium,2026-08-24
170,applications,APP0000816,missing_requested_amount,requested_amount was set to NULL (simulated missing operational data),medium,2026-08-24
171,applications,APP0000908,missing_requested_amount,requested_amount was set to NULL (simulated missing operational data),medium,2026-08-24
172,applications,APP0000946,missing_requested_amount,requested_amount was set to NULL (simulated missing operational data),medium,2026-08-24
173,applications,APP0000979,missing_requested_amount,requested_amount was set to NULL (simulated missing operational data),medium,2026-08-24
174,applications,APP0000989,missing_requested_amount,requested_amount was set to NULL (simulated missing operational data),medium,2026-08-24
175,applications,APP0001018,missing_requested_amount,requested_amount was set to NULL (simulated missing operational data),medium,2026-08-24
176,applications,APP0001027,missing_requested_amount,requested_amount was set to NULL (simulated missing operational data),medium,2026-08-24
177,applications,APP0001031,missing_requested_amount,requested_amount was set to NULL (simulated missing operational data),medium,2026-08-24
178,applications,APP0001068,missing_requested_amount,requested_amount was set to NULL (simulated missing operational data),medium,2026-08-24
179,applications,APP0001117,missing_requested_amount,requested_amount was set to NULL (simulated missing operational data),medium,2026-08-24
180,applications,APP0001132,missing_requested_amount,requested_amount was set to NULL (simulated missing operational data),medium,2026-08-24
181,applications,APP0001145,missing_requested_amount,requested_amount was set to NULL (simulated missing operational data),medium,2026-08-24
182,applications,APP0001160,missing_requested_amount,requested_amount was set to NULL (simulated missing operational data),medium,2026-08-24
183,applications,APP0001169,missing_requested_amount,requested_amount was set to NULL (simulated missing operational data),medium,2026-08-24
184,applications,APP0001202,missing_requested_amount,requested_amount was set to NULL (simulated missing operational data),medium,2026-08-24
185,applications,APP0001216,missing_requested_amount,requested_amount was set to NULL (simulated missing operational data),medium,2026-08-24
186,applications,APP0001234,missing_requested_amount,requested_amount was set to NULL (simulated missing operational data),medium,2026-08-24
187,applications,APP0001253,missing_requested_amount,requested_amount was set to NULL (simulated missing operational data),medium,2026-08-24
188,applications,APP0001257,missing_requested_amount,requested_amount was set to NULL (simulated missing operational data),medium,2026-08-24
189,applications,APP0001274,missing_requested_amount,requested_amount was set to NULL (simulated missing operational data),medium,2026-08-24
190,applications,APP0001386,missing_requested_amount,requested_amount was set to NULL (simulated missing operational data),medium,2026-08-24
191,applications,APP0001395,missing_requested_amount,requested_amount was set to NULL (simulated missing operational data),medium,2026-08-24
192,applications,APP0001429,missing_requested_amount,requested_amount was set to NULL (simulated missing operational data),medium,2026-08-24
193,applications,APP0001595,missing_requested_amount,requested_amount was set to NULL (simulated missing operational data),medium,2026-08-24
194,applications,APP0001602,missing_requested_amount,requested_amount was set to NULL (simulated missing operational data),medium,2026-08-24
195,applications,APP0001714,missing_requested_amount,requested_amount was set to NULL (simulated missing operational data),medium,2026-08-24
196,applications,APP0001722,missing_requested_amount,requested_amount was set to NULL (simulated missing operational data),medium,2026-08-24
197,applications,APP0001796,missing_requested_amount,requested_amount was set to NULL (simulated missing operational data),medium,2026-08-24
198,applications,APP0001804,missing_requested_amount,requested_amount was set to NULL (simulated missing operational data),medium,2026-08-24
199,applications,APP0001939,missing_requested_amount,requested_amount was set to NULL (simulated missing operational data),medium,2026-08-24
200,applications,APP0001950,missing_requested_amount,requested_amount was set to NULL (simulated missing operational data),medium,2026-08-24
201,applications,APP0001983,missing_requested_amount,requested_amount was set to NULL (simulated missing operational data),medium,2026-08-24
202,applications,APP0002027,missing_requested_amount,requested_amount was set to NULL (simulated missing operational data),medium,2026-08-24
203,applications,APP0002094,missing_requested_amount,requested_amount was set to NULL (simulated missing operational data),medium,2026-08-24
204,applications,APP0002102,missing_requested_amount,requested_amount was set to NULL (simulated missing operational data),medium,2026-08-24
205,applications,APP0002128,missing_requested_amount,requested_amount was set to NULL (simulated missing operational data),medium,2026-08-24
206,applications,APP0002165,missing_requested_amount,requested_amount was set to NULL (simulated missing operational data),medium,2026-08-24
207,applications,APP0002191,missing_requested_amount,requested_amount was set to NULL (simulated missing operational data),medium,2026-08-24
208,applications,APP0002198,missing_requested_amount,requested_amount was set to NULL (simulated missing operational data),medium,2026-08-24
209,applications,APP0002245,missing_requested_amount,requested_amount was set to NULL (simulated missing operational data),medium,2026-08-24
210,applications,APP0002273,missing_requested_amount,requested_amount was set to NULL (simulated missing operational data),medium,2026-08-24
211,applications,APP0002463,missing_requested_amount,requested_amount was set to NULL (simulated missing operational data),medium,2026-08-24
212,applications,APP0002525,missing_requested_amount,requested_amount was set to NULL (simulated missing operational data),medium,2026-08-24
213,applications,APP0002539,missing_requested_amount,requested_amount was set to NULL (simulated missing operational data),medium,2026-08-24
214,applications,APP0002659,missing_requested_amount,requested_amount was set to NULL (simulated missing operational data),medium,2026-08-24
215,applications,APP0002843,missing_requested_amount,requested_amount was set to NULL (simulated missing operational data),medium,2026-08-24
216,applications,APP0002851,missing_requested_amount,requested_amount was set to NULL (simulated missing operational data),medium,2026-08-24
217,applications,APP0002879,missing_requested_amount,requested_amount was set to NULL (simulated missing operational data),medium,2026-08-24
218,applications,APP0002888,missing_requested_amount,requested_amount was set to NULL (simulated missing operational data),medium,2026-08-24
219,applications,APP0002911,missing_requested_amount,requested_amount was set to NULL (simulated missing operational data),medium,2026-08-24
220,applications,APP0002993,missing_requested_amount,requested_amount was set to NULL (simulated missing operational data),medium,2026-08-24
221,applications,APP0000040,missing_loan_purpose,loan_purpose was set to NULL (simulated missing operational data),medium,2026-08-24
222,applications,APP0000054,missing_loan_purpose,loan_purpose was set to NULL (simulated missing operational data),medium,2026-08-24
223,applications,APP0000188,missing_loan_purpose,loan_purpose was set to NULL (simulated missing operational data),medium,2026-08-24
224,applications,APP0000241,missing_loan_purpose,loan_purpose was set to NULL (simulated missing operational data),medium,2026-08-24
225,applications,APP0000330,missing_loan_purpose,loan_purpose was set to NULL (simulated missing operational data),medium,2026-08-24
226,applications,APP0000349,missing_loan_purpose,loan_purpose was set to NULL (simulated missing operational data),medium,2026-08-24
227,applications,APP0000397,missing_loan_purpose,loan_purpose was set to NULL (simulated missing operational data),medium,2026-08-24
228,applications,APP0000437,missing_loan_purpose,loan_purpose was set to NULL (simulated missing operational data),medium,2026-08-24
229,applications,APP0000452,missing_loan_purpose,loan_purpose was set to NULL (simulated missing operational data),medium,2026-08-24
230,applications,APP0000498,missing_loan_purpose,loan_purpose was set to NULL (simulated missing operational data),medium,2026-08-24
231,applications,APP0000616,missing_loan_purpose,loan_purpose was set to NULL (simulated missing operational data),medium,2026-08-24
232,applications,APP0000640,missing_loan_purpose,loan_purpose was set to NULL (simulated missing operational data),medium,2026-08-24
233,applications,APP0000702,missing_loan_purpose,loan_purpose was set to NULL (simulated missing operational data),medium,2026-08-24
234,applications,APP0000739,missing_loan_purpose,loan_purpose was set to NULL (simulated missing operational data),medium,2026-08-24
235,applications,APP0000822,missing_loan_purpose,loan_purpose was set to NULL (simulated missing operational data),medium,2026-08-24
236,applications,APP0000936,missing_loan_purpose,loan_purpose was set to NULL (simulated missing operational data),medium,2026-08-24
237,applications,APP0000982,missing_loan_purpose,loan_purpose was set to NULL (simulated missing operational data),medium,2026-08-24
238,applications,APP0000986,missing_loan_purpose,loan_purpose was set to NULL (simulated missing operational data),medium,2026-08-24
239,applications,APP0000988,missing_loan_purpose,loan_purpose was set to NULL (simulated missing operational data),medium,2026-08-24
240,applications,APP0001008,missing_loan_purpose,loan_purpose was set to NULL (simulated missing operational data),medium,2026-08-24
241,applications,APP0001031,missing_loan_purpose,loan_purpose was set to NULL (simulated missing operational data),medium,2026-08-24
242,applications,APP0001045,missing_loan_purpose,loan_purpose was set to NULL (simulated missing operational data),medium,2026-08-24
243,applications,APP0001113,missing_loan_purpose,loan_purpose was set to NULL (simulated missing operational data),medium,2026-08-24
244,applications,APP0001120,missing_loan_purpose,loan_purpose was set to NULL (simulated missing operational data),medium,2026-08-24
245,applications,APP0001167,missing_loan_purpose,loan_purpose was set to NULL (simulated missing operational data),medium,2026-08-24
246,applications,APP0001209,missing_loan_purpose,loan_purpose was set to NULL (simulated missing operational data),medium,2026-08-24
247,applications,APP0001296,missing_loan_purpose,loan_purpose was set to NULL (simulated missing operational data),medium,2026-08-24
248,applications,APP0001326,missing_loan_purpose,loan_purpose was set to NULL (simulated missing operational data),medium,2026-08-24
249,applications,APP0001337,missing_loan_purpose,loan_purpose was set to NULL (simulated missing operational data),medium,2026-08-24
250,applications,APP0001409,missing_loan_purpose,loan_purpose was set to NULL (simulated missing operational data),medium,2026-08-24
251,applications,APP0001531,missing_loan_purpose,loan_purpose was set to NULL (simulated missing operational data),medium,2026-08-24
252,applications,APP0001551,missing_loan_purpose,loan_purpose was set to NULL (simulated missing operational data),medium,2026-08-24
253,applications,APP0001574,missing_loan_purpose,loan_purpose was set to NULL (simulated missing operational data),medium,2026-08-24
254,applications,APP0001603,missing_loan_purpose,loan_purpose was set to NULL (simulated missing operational data),medium,2026-08-24
255,applications,APP0001636,missing_loan_purpose,loan_purpose was set to NULL (simulated missing operational data),medium,2026-08-24
256,applications,APP0001645,missing_loan_purpose,loan_purpose was set to NULL (simulated missing operational data),medium,2026-08-24
257,applications,APP0001692,missing_loan_purpose,loan_purpose was set to NULL (simulated missing operational data),medium,2026-08-24
258,applications,APP0001702,missing_loan_purpose,loan_purpose was set to NULL (simulated missing operational data),medium,2026-08-24
259,applications,APP0001715,missing_loan_purpose,loan_purpose was set to NULL (simulated missing operational data),medium,2026-08-24
260,applications,APP0001744,missing_loan_purpose,loan_purpose was set to NULL (simulated missing operational data),medium,2026-08-24
261,applications,APP0001828,missing_loan_purpose,loan_purpose was set to NULL (simulated missing operational data),medium,2026-08-24
262,applications,APP0001886,missing_loan_purpose,loan_purpose was set to NULL (simulated missing operational data),medium,2026-08-24
263,applications,APP0001909,missing_loan_purpose,loan_purpose was set to NULL (simulated missing operational data),medium,2026-08-24
264,applications,APP0001914,missing_loan_purpose,loan_purpose was set to NULL (simulated missing operational data),medium,2026-08-24
265,applications,APP0001975,missing_loan_purpose,loan_purpose was set to NULL (simulated missing operational data),medium,2026-08-24
266,applications,APP0002033,missing_loan_purpose,loan_purpose was set to NULL (simulated missing operational data),medium,2026-08-24
267,applications,APP0002197,missing_loan_purpose,loan_purpose was set to NULL (simulated missing operational data),medium,2026-08-24
268,applications,APP0002231,missing_loan_purpose,loan_purpose was set to NULL (simulated missing operational data),medium,2026-08-24
269,applications,APP0002263,missing_loan_purpose,loan_purpose was set to NULL (simulated missing operational data),medium,2026-08-24
270,applications,APP0002276,missing_loan_purpose,loan_purpose was set to NULL (simulated missing operational data),medium,2026-08-24
271,applications,APP0002376,missing_loan_purpose,loan_purpose was set to NULL (simulated missing operational data),medium,2026-08-24
272,applications,APP0002464,missing_loan_purpose,loan_purpose was set to NULL (simulated missing operational data),medium,2026-08-24
273,applications,APP0002620,missing_loan_purpose,loan_purpose was set to NULL (simulated missing operational data),medium,2026-08-24
274,applications,APP0002778,missing_loan_purpose,loan_purpose was set to NULL (simulated missing operational data),medium,2026-08-24
275,applications,APP0002781,missing_loan_purpose,loan_purpose was set to NULL (simulated missing operational data),medium,2026-08-24
276,applications,APP0002783,missing_loan_purpose,loan_purpose was set to NULL (simulated missing operational data),medium,2026-08-24
277,applications,APP0002787,missing_loan_purpose,loan_purpose was set to NULL (simulated missing operational data),medium,2026-08-24
278,applications,APP0002915,missing_loan_purpose,loan_purpose was set to NULL (simulated missing operational data),medium,2026-08-24
279,applications,APP0002933,missing_loan_purpose,loan_purpose was set to NULL (simulated missing operational data),medium,2026-08-24
280,applications,APP0002956,missing_loan_purpose,loan_purpose was set to NULL (simulated missing operational data),medium,2026-08-24
281,loans,LOAN0000047,missing_loan_amount,loan_amount was set to NULL (simulated missing operational data),medium,2026-08-24
282,loans,LOAN0000179,missing_loan_amount,loan_amount was set to NULL (simulated missing operational data),medium,2026-08-24
283,loans,LOAN0000252,missing_loan_amount,loan_amount was set to NULL (simulated missing operational data),medium,2026-08-24
284,loans,LOAN0000334,missing_loan_amount,loan_amount was set to NULL (simulated missing operational data),medium,2026-08-24
285,loans,LOAN0000344,missing_loan_amount,loan_amount was set to NULL (simulated missing operational data),medium,2026-08-24
286,loans,LOAN0000360,missing_loan_amount,loan_amount was set to NULL (simulated missing operational data),medium,2026-08-24
287,loans,LOAN0000438,missing_loan_amount,loan_amount was set to NULL (simulated missing operational data),medium,2026-08-24
288,loans,LOAN0000448,missing_loan_amount,loan_amount was set to NULL (simulated missing operational data),medium,2026-08-24
289,loans,LOAN0000666,missing_loan_amount,loan_amount was set to NULL (simulated missing operational data),medium,2026-08-24
290,loans,LOAN0000720,missing_loan_amount,loan_amount was set to NULL (simulated missing operational data),medium,2026-08-24
291,loans,LOAN0000755,missing_loan_amount,loan_amount was set to NULL (simulated missing operational data),medium,2026-08-24
292,loans,LOAN0000779,missing_loan_amount,loan_amount was set to NULL (simulated missing operational data),medium,2026-08-24
293,loans,LOAN0000789,missing_loan_amount,loan_amount was set to NULL (simulated missing operational data),medium,2026-08-24
294,loans,LOAN0000793,missing_loan_amount,loan_amount was set to NULL (simulated missing operational data),medium,2026-08-24
295,loans,LOAN0000844,missing_loan_amount,loan_amount was set to NULL (simulated missing operational data),medium,2026-08-24
296,loans,LOAN0000847,missing_loan_amount,loan_amount was set to NULL (simulated missing operational data),medium,2026-08-24
297,loans,LOAN0000869,missing_loan_amount,loan_amount was set to NULL (simulated missing operational data),medium,2026-08-24
298,loans,LOAN0000883,missing_loan_amount,loan_amount was set to NULL (simulated missing operational data),medium,2026-08-24
299,loans,LOAN0001002,missing_loan_amount,loan_amount was set to NULL (simulated missing operational data),medium,2026-08-24
300,loans,LOAN0001095,missing_loan_amount,loan_amount was set to NULL (simulated missing operational data),medium,2026-08-24
301,loans,LOAN0001105,missing_loan_amount,loan_amount was set to NULL (simulated missing operational data),medium,2026-08-24
302,loans,LOAN0001138,missing_loan_amount,loan_amount was set to NULL (simulated missing operational data),medium,2026-08-24
303,loans,LOAN0001150,missing_loan_amount,loan_amount was set to NULL (simulated missing operational data),medium,2026-08-24
304,loans,LOAN0001159,missing_loan_amount,loan_amount was set to NULL (simulated missing operational data),medium,2026-08-24
305,loans,LOAN0000008,missing_interest_rate,interest_rate was set to NULL (simulated missing operational data),medium,2026-08-24
306,loans,LOAN0000042,missing_interest_rate,interest_rate was set to NULL (simulated missing operational data),medium,2026-08-24
307,loans,LOAN0000092,missing_interest_rate,interest_rate was set to NULL (simulated missing operational data),medium,2026-08-24
308,loans,LOAN0000099,missing_interest_rate,interest_rate was set to NULL (simulated missing operational data),medium,2026-08-24
309,loans,LOAN0000114,missing_interest_rate,interest_rate was set to NULL (simulated missing operational data),medium,2026-08-24
310,loans,LOAN0000173,missing_interest_rate,interest_rate was set to NULL (simulated missing operational data),medium,2026-08-24
311,loans,LOAN0000199,missing_interest_rate,interest_rate was set to NULL (simulated missing operational data),medium,2026-08-24
312,loans,LOAN0000284,missing_interest_rate,interest_rate was set to NULL (simulated missing operational data),medium,2026-08-24
313,loans,LOAN0000377,missing_interest_rate,interest_rate was set to NULL (simulated missing operational data),medium,2026-08-24
314,loans,LOAN0000396,missing_interest_rate,interest_rate was set to NULL (simulated missing operational data),medium,2026-08-24
315,loans,LOAN0000405,missing_interest_rate,interest_rate was set to NULL (simulated missing operational data),medium,2026-08-24
316,loans,LOAN0000425,missing_interest_rate,interest_rate was set to NULL (simulated missing operational data),medium,2026-08-24
317,loans,LOAN0000452,missing_interest_rate,interest_rate was set to NULL (simulated missing operational data),medium,2026-08-24
318,loans,LOAN0000541,missing_interest_rate,interest_rate was set to NULL (simulated missing operational data),medium,2026-08-24
319,loans,LOAN0000554,missing_interest_rate,interest_rate was set to NULL (simulated missing operational data),medium,2026-08-24
320,loans,LOAN0000712,missing_interest_rate,interest_rate was set to NULL (simulated missing operational data),medium,2026-08-24
321,loans,LOAN0000874,missing_interest_rate,interest_rate was set to NULL (simulated missing operational data),medium,2026-08-24
322,loans,LOAN0001003,missing_interest_rate,interest_rate was set to NULL (simulated missing operational data),medium,2026-08-24
323,loans,LOAN0001027,missing_interest_rate,interest_rate was set to NULL (simulated missing operational data),medium,2026-08-24
324,loans,LOAN0001041,missing_interest_rate,interest_rate was set to NULL (simulated missing operational data),medium,2026-08-24
325,loans,LOAN0001054,missing_interest_rate,interest_rate was set to NULL (simulated missing operational data),medium,2026-08-24
326,loans,LOAN0001087,missing_interest_rate,interest_rate was set to NULL (simulated missing operational data),medium,2026-08-24
327,loans,LOAN0001128,missing_interest_rate,interest_rate was set to NULL (simulated missing operational data),medium,2026-08-24
328,loans,LOAN0001156,missing_interest_rate,interest_rate was set to NULL (simulated missing operational data),medium,2026-08-24
329,payments,PAY0000077,missing_payment_date,payment_date was set to NULL (simulated missing operational data),medium,2026-08-24
330,payments,PAY0000092,missing_payment_date,payment_date was set to NULL (simulated missing operational data),medium,2026-08-24
331,payments,PAY0000155,missing_payment_date,payment_date was set to NULL (simulated missing operational data),medium,2026-08-24
332,payments,PAY0000350,missing_payment_date,payment_date was set to NULL (simulated missing operational data),medium,2026-08-24
333,payments,PAY0000387,missing_payment_date,payment_date was set to NULL (simulated missing operational data),medium,2026-08-24
334,payments,PAY0000614,missing_payment_date,payment_date was set to NULL (simulated missing operational data),medium,2026-08-24
335,payments,PAY0000622,missing_payment_date,payment_date was set to NULL (simulated missing operational data),medium,2026-08-24
336,payments,PAY0000660,missing_payment_date,payment_date was set to NULL (simulated missing operational data),medium,2026-08-24
337,payments,PAY0000678,missing_payment_date,payment_date was set to NULL (simulated missing operational data),medium,2026-08-24
338,payments,PAY0000693,missing_payment_date,payment_date was set to NULL (simulated missing operational data),medium,2026-08-24
339,payments,PAY0000728,missing_payment_date,payment_date was set to NULL (simulated missing operational data),medium,2026-08-24
340,payments,PAY0000735,missing_payment_date,payment_date was set to NULL (simulated missing operational data),medium,2026-08-24
341,payments,PAY0000767,missing_payment_date,payment_date was set to NULL (simulated missing operational data),medium,2026-08-24
342,payments,PAY0000769,missing_payment_date,payment_date was set to NULL (simulated missing operational data),medium,2026-08-24
343,payments,PAY0000935,missing_payment_date,payment_date was set to NULL (simulated missing operational data),medium,2026-08-24
344,payments,PAY0000948,missing_payment_date,payment_date was set to NULL (simulated missing operational data),medium,2026-08-24
345,payments,PAY0001134,missing_payment_date,payment_date was set to NULL (simulated missing operational data),medium,2026-08-24
346,payments,PAY0001158,missing_payment_date,payment_date was set to NULL (simulated missing operational data),medium,2026-08-24
347,payments,PAY0001192,missing_payment_date,payment_date was set to NULL (simulated missing operational data),medium,2026-08-24
348,payments,PAY0001235,missing_payment_date,payment_date was set to NULL (simulated missing operational data),medium,2026-08-24
349,payments,PAY0001246,missing_payment_date,payment_date was set to NULL (simulated missing operational data),medium,2026-08-24
350,payments,PAY0001250,missing_payment_date,payment_date was set to NULL (simulated missing operational data),medium,2026-08-24
351,payments,PAY0001261,missing_payment_date,payment_date was set to NULL (simulated missing operational data),medium,2026-08-24
352,payments,PAY0001308,missing_payment_date,payment_date was set to NULL (simulated missing operational data),medium,2026-08-24
353,payments,PAY0001323,missing_payment_date,payment_date was set to NULL (simulated missing operational data),medium,2026-08-24
354,payments,PAY0001361,missing_payment_date,payment_date was set to NULL (simulated missing operational data),medium,2026-08-24
355,payments,PAY0001403,missing_payment_date,payment_date was set to NULL (simulated missing operational data),medium,2026-08-24
356,payments,PAY0001456,missing_payment_date,payment_date was set to NULL (simulated missing operational data),medium,2026-08-24
357,payments,PAY0001463,missing_payment_date,payment_date was set to NULL (simulated missing operational data),medium,2026-08-24
358,payments,PAY0001470,missing_payment_date,payment_date was set to NULL (simulated missing operational data),medium,2026-08-24
359,payments,PAY0001504,missing_payment_date,payment_date was set to NULL (simulated missing operational data),medium,2026-08-24
360,payments,PAY0001615,missing_payment_date,payment_date was set to NULL (simulated missing operational data),medium,2026-08-24
361,payments,PAY0001660,missing_payment_date,payment_date was set to NULL (simulated missing operational data),medium,2026-08-24
362,payments,PAY0001684,missing_payment_date,payment_date was set to NULL (simulated missing operational data),medium,2026-08-24
363,payments,PAY0001703,missing_payment_date,payment_date was set to NULL (simulated missing operational data),medium,2026-08-24
364,payments,PAY0001709,missing_payment_date,payment_date was set to NULL (simulated missing operational data),medium,2026-08-24
365,payments,PAY0001803,missing_payment_date,payment_date was set to NULL (simulated missing operational data),medium,2026-08-24
366,payments,PAY0001839,missing_payment_date,payment_date was set to NULL (simulated missing operational data),medium,2026-08-24
367,payments,PAY0001854,missing_payment_date,payment_date was set to NULL (simulated missing operational data),medium,2026-08-24
368,payments,PAY0001863,missing_payment_date,payment_date was set to NULL (simulated missing operational data),medium,2026-08-24
369,payments,PAY0001942,missing_payment_date,payment_date was set to NULL (simulated missing operational data),medium,2026-08-24
370,payments,PAY0001965,missing_payment_date,payment_date was set to NULL (simulated missing operational data),medium,2026-08-24
371,payments,PAY0002015,missing_payment_date,payment_date was set to NULL (simulated missing operational data),medium,2026-08-24
372,payments,PAY0002226,missing_payment_date,payment_date was set to NULL (simulated missing operational data),medium,2026-08-24
373,payments,PAY0002256,missing_payment_date,payment_date was set to NULL (simulated missing operational data),medium,2026-08-24
374,payments,PAY0002258,missing_payment_date,payment_date was set to NULL (simulated missing operational data),medium,2026-08-24
375,payments,PAY0002524,missing_payment_date,payment_date was set to NULL (simulated missing operational data),medium,2026-08-24
376,payments,PAY0002623,missing_payment_date,payment_date was set to NULL (simulated missing operational data),medium,2026-08-24
377,payments,PAY0002642,missing_payment_date,payment_date was set to NULL (simulated missing operational data),medium,2026-08-24
378,payments,PAY0002657,missing_payment_date,payment_date was set to NULL (simulated missing operational data),medium,2026-08-24
379,payments,PAY0002889,missing_payment_date,payment_date was set to NULL (simulated missing operational data),medium,2026-08-24
380,payments,PAY0002953,missing_payment_date,payment_date was set to NULL (simulated missing operational data),medium,2026-08-24
381,payments,PAY0003022,missing_payment_date,payment_date was set to NULL (simulated missing operational data),medium,2026-08-24
382,payments,PAY0003026,missing_payment_date,payment_date was set to NULL (simulated missing operational data),medium,2026-08-24
383,payments,PAY0003053,missing_payment_date,payment_date was set to NULL (simulated missing operational data),medium,2026-08-24
384,payments,PAY0003054,missing_payment_date,payment_date was set to NULL (simulated missing operational data),medium,2026-08-24
385,payments,PAY0003133,missing_payment_date,payment_date was set to NULL (simulated missing operational data),medium,2026-08-24
386,payments,PAY0003279,missing_payment_date,payment_date was set to NULL (simulated missing operational data),medium,2026-08-24
387,payments,PAY0003342,missing_payment_date,payment_date was set to NULL (simulated missing operational data),medium,2026-08-24
388,payments,PAY0003383,missing_payment_date,payment_date was set to NULL (simulated missing operational data),medium,2026-08-24
389,payments,PAY0003399,missing_payment_date,payment_date was set to NULL (simulated missing operational data),medium,2026-08-24
390,payments,PAY0003489,missing_payment_date,payment_date was set to NULL (simulated missing operational data),medium,2026-08-24
391,payments,PAY0003520,missing_payment_date,payment_date was set to NULL (simulated missing operational data),medium,2026-08-24
392,payments,PAY0003574,missing_payment_date,payment_date was set to NULL (simulated missing operational data),medium,2026-08-24
393,payments,PAY0003576,missing_payment_date,payment_date was set to NULL (simulated missing operational data),medium,2026-08-24
394,payments,PAY0003588,missing_payment_date,payment_date was set to NULL (simulated missing operational data),medium,2026-08-24
395,payments,PAY0003643,missing_payment_date,payment_date was set to NULL (simulated missing operational data),medium,2026-08-24
396,payments,PAY0003651,missing_payment_date,payment_date was set to NULL (simulated missing operational data),medium,2026-08-24
397,payments,PAY0003687,missing_payment_date,payment_date was set to NULL (simulated missing operational data),medium,2026-08-24
398,payments,PAY0003810,missing_payment_date,payment_date was set to NULL (simulated missing operational data),medium,2026-08-24
399,payments,PAY0004115,missing_payment_date,payment_date was set to NULL (simulated missing operational data),medium,2026-08-24
400,payments,PAY0004150,missing_payment_date,payment_date was set to NULL (simulated missing operational data),medium,2026-08-24
401,payments,PAY0004205,missing_payment_date,payment_date was set to NULL (simulated missing operational data),medium,2026-08-24
402,payments,PAY0004214,missing_payment_date,payment_date was set to NULL (simulated missing operational data),medium,2026-08-24
403,payments,PAY0004236,missing_payment_date,payment_date was set to NULL (simulated missing operational data),medium,2026-08-24
404,payments,PAY0004270,missing_payment_date,payment_date was set to NULL (simulated missing operational data),medium,2026-08-24
405,payments,PAY0004311,missing_payment_date,payment_date was set to NULL (simulated missing operational data),medium,2026-08-24
406,payments,PAY0004327,missing_payment_date,payment_date was set to NULL (simulated missing operational data),medium,2026-08-24
407,payments,PAY0004376,missing_payment_date,payment_date was set to NULL (simulated missing operational data),medium,2026-08-24
408,payments,PAY0004433,missing_payment_date,payment_date was set to NULL (simulated missing operational data),medium,2026-08-24
409,payments,PAY0004488,missing_payment_date,payment_date was set to NULL (simulated missing operational data),medium,2026-08-24
410,payments,PAY0004505,missing_payment_date,payment_date was set to NULL (simulated missing operational data),medium,2026-08-24
411,payments,PAY0004541,missing_payment_date,payment_date was set to NULL (simulated missing operational data),medium,2026-08-24
412,payments,PAY0004557,missing_payment_date,payment_date was set to NULL (simulated missing operational data),medium,2026-08-24
413,payments,PAY0004579,missing_payment_date,payment_date was set to NULL (simulated missing operational data),medium,2026-08-24
414,payments,PAY0004612,missing_payment_date,payment_date was set to NULL (simulated missing operational data),medium,2026-08-24
415,payments,PAY0004692,missing_payment_date,payment_date was set to NULL (simulated missing operational data),medium,2026-08-24
416,payments,PAY0004727,missing_payment_date,payment_date was set to NULL (simulated missing operational data),medium,2026-08-24
417,payments,PAY0004738,missing_payment_date,payment_date was set to NULL (simulated missing operational data),medium,2026-08-24
418,payments,PAY0004906,missing_payment_date,payment_date was set to NULL (simulated missing operational data),medium,2026-08-24
419,payments,PAY0004917,missing_payment_date,payment_date was set to NULL (simulated missing operational data),medium,2026-08-24
420,payments,PAY0004934,missing_payment_date,payment_date was set to NULL (simulated missing operational data),medium,2026-08-24
421,payments,PAY0005034,missing_payment_date,payment_date was set to NULL (simulated missing operational data),medium,2026-08-24
422,payments,PAY0005149,missing_payment_date,payment_date was set to NULL (simulated missing operational data),medium,2026-08-24
423,payments,PAY0005303,missing_payment_date,payment_date was set to NULL (simulated missing operational data),medium,2026-08-24
424,payments,PAY0005334,missing_payment_date,payment_date was set to NULL (simulated missing operational data),medium,2026-08-24
425,payments,PAY0005335,missing_payment_date,payment_date was set to NULL (simulated missing operational data),medium,2026-08-24
426,payments,PAY0005400,missing_payment_date,payment_date was set to NULL (simulated missing operational data),medium,2026-08-24
427,payments,PAY0005460,missing_payment_date,payment_date was set to NULL (simulated missing operational data),medium,2026-08-24
428,payments,PAY0005488,missing_payment_date,payment_date was set to NULL (simulated missing operational data),medium,2026-08-24
429,payments,PAY0005621,missing_payment_date,payment_date was set to NULL (simulated missing operational data),medium,2026-08-24
430,payments,PAY0005632,missing_payment_date,payment_date was set to NULL (simulated missing operational data),medium,2026-08-24
431,payments,PAY0005663,missing_payment_date,payment_date was set to NULL (simulated missing operational data),medium,2026-08-24
432,payments,PAY0005728,missing_payment_date,payment_date was set to NULL (simulated missing operational data),medium,2026-08-24
433,payments,PAY0005731,missing_payment_date,payment_date was set to NULL (simulated missing operational data),medium,2026-08-24
434,payments,PAY0005768,missing_payment_date,payment_date was set to NULL (simulated missing operational data),medium,2026-08-24
435,payments,PAY0005808,missing_payment_date,payment_date was set to NULL (simulated missing operational data),medium,2026-08-24
436,payments,PAY0005958,missing_payment_date,payment_date was set to NULL (simulated missing operational data),medium,2026-08-24
437,payments,PAY0005962,missing_payment_date,payment_date was set to NULL (simulated missing operational data),medium,2026-08-24
438,payments,PAY0005984,missing_payment_date,payment_date was set to NULL (simulated missing operational data),medium,2026-08-24
439,payments,PAY0006085,missing_payment_date,payment_date was set to NULL (simulated missing operational data),medium,2026-08-24
440,payments,PAY0006109,missing_payment_date,payment_date was set to NULL (simulated missing operational data),medium,2026-08-24
441,payments,PAY0006140,missing_payment_date,payment_date was set to NULL (simulated missing operational data),medium,2026-08-24
442,payments,PAY0006154,missing_payment_date,payment_date was set to NULL (simulated missing operational data),medium,2026-08-24
443,payments,PAY0006175,missing_payment_date,payment_date was set to NULL (simulated missing operational data),medium,2026-08-24
444,payments,PAY0006220,missing_payment_date,payment_date was set to NULL (simulated missing operational data),medium,2026-08-24
445,payments,PAY0006303,missing_payment_date,payment_date was set to NULL (simulated missing operational data),medium,2026-08-24
446,payments,PAY0006342,missing_payment_date,payment_date was set to NULL (simulated missing operational data),medium,2026-08-24
447,payments,PAY0006363,missing_payment_date,payment_date was set to NULL (simulated missing operational data),medium,2026-08-24
448,payments,PAY0006426,missing_payment_date,payment_date was set to NULL (simulated missing operational data),medium,2026-08-24
449,payments,PAY0006532,missing_payment_date,payment_date was set to NULL (simulated missing operational data),medium,2026-08-24
450,payments,PAY0006550,missing_payment_date,payment_date was set to NULL (simulated missing operational data),medium,2026-08-24
451,payments,PAY0006660,missing_payment_date,payment_date was set to NULL (simulated missing operational data),medium,2026-08-24
452,payments,PAY0006742,missing_payment_date,payment_date was set to NULL (simulated missing operational data),medium,2026-08-24
453,payments,PAY0006867,missing_payment_date,payment_date was set to NULL (simulated missing operational data),medium,2026-08-24
454,payments,PAY0006893,missing_payment_date,payment_date was set to NULL (simulated missing operational data),medium,2026-08-24
455,payments,PAY0006918,missing_payment_date,payment_date was set to NULL (simulated missing operational data),medium,2026-08-24
456,payments,PAY0006953,missing_payment_date,payment_date was set to NULL (simulated missing operational data),medium,2026-08-24
457,payments,PAY0006958,missing_payment_date,payment_date was set to NULL (simulated missing operational data),medium,2026-08-24
458,payments,PAY0006997,missing_payment_date,payment_date was set to NULL (simulated missing operational data),medium,2026-08-24
459,payments,PAY0007058,missing_payment_date,payment_date was set to NULL (simulated missing operational data),medium,2026-08-24
460,payments,PAY0007069,missing_payment_date,payment_date was set to NULL (simulated missing operational data),medium,2026-08-24
461,payments,PAY0007098,missing_payment_date,payment_date was set to NULL (simulated missing operational data),medium,2026-08-24
462,payments,PAY0007141,missing_payment_date,payment_date was set to NULL (simulated missing operational data),medium,2026-08-24
463,payments,PAY0007217,missing_payment_date,payment_date was set to NULL (simulated missing operational data),medium,2026-08-24
464,payments,PAY0007234,missing_payment_date,payment_date was set to NULL (simulated missing operational data),medium,2026-08-24
465,payments,PAY0007334,missing_payment_date,payment_date was set to NULL (simulated missing operational data),medium,2026-08-24
466,payments,PAY0007344,missing_payment_date,payment_date was set to NULL (simulated missing operational data),medium,2026-08-24
467,payments,PAY0007415,missing_payment_date,payment_date was set to NULL (simulated missing operational data),medium,2026-08-24
468,payments,PAY0007472,missing_payment_date,payment_date was set to NULL (simulated missing operational data),medium,2026-08-24
469,payments,PAY0007538,missing_payment_date,payment_date was set to NULL (simulated missing operational data),medium,2026-08-24
470,payments,PAY0007602,missing_payment_date,payment_date was set to NULL (simulated missing operational data),medium,2026-08-24
471,payments,PAY0007624,missing_payment_date,payment_date was set to NULL (simulated missing operational data),medium,2026-08-24
472,payments,PAY0007716,missing_payment_date,payment_date was set to NULL (simulated missing operational data),medium,2026-08-24
473,payments,PAY0007967,missing_payment_date,payment_date was set to NULL (simulated missing operational data),medium,2026-08-24
474,payments,PAY0008015,missing_payment_date,payment_date was set to NULL (simulated missing operational data),medium,2026-08-24
475,payments,PAY0008089,missing_payment_date,payment_date was set to NULL (simulated missing operational data),medium,2026-08-24
476,payments,PAY0008115,missing_payment_date,payment_date was set to NULL (simulated missing operational data),medium,2026-08-24
477,payments,PAY0008117,missing_payment_date,payment_date was set to NULL (simulated missing operational data),medium,2026-08-24
478,payments,PAY0008140,missing_payment_date,payment_date was set to NULL (simulated missing operational data),medium,2026-08-24
479,payments,PAY0008192,missing_payment_date,payment_date was set to NULL (simulated missing operational data),medium,2026-08-24
480,payments,PAY0008228,missing_payment_date,payment_date was set to NULL (simulated missing operational data),medium,2026-08-24
481,payments,PAY0008230,missing_payment_date,payment_date was set to NULL (simulated missing operational data),medium,2026-08-24
482,payments,PAY0008252,missing_payment_date,payment_date was set to NULL (simulated missing operational data),medium,2026-08-24
483,payments,PAY0008419,missing_payment_date,payment_date was set to NULL (simulated missing operational data),medium,2026-08-24
484,payments,PAY0008517,missing_payment_date,payment_date was set to NULL (simulated missing operational data),medium,2026-08-24
485,payments,PAY0008541,missing_payment_date,payment_date was set to NULL (simulated missing operational data),medium,2026-08-24
486,payments,PAY0008584,missing_payment_date,payment_date was set to NULL (simulated missing operational data),medium,2026-08-24
487,payments,PAY0008592,missing_payment_date,payment_date was set to NULL (simulated missing operational data),medium,2026-08-24
488,payments,PAY0008627,missing_payment_date,payment_date was set to NULL (simulated missing operational data),medium,2026-08-24
489,payments,PAY0008692,missing_payment_date,payment_date was set to NULL (simulated missing operational data),medium,2026-08-24
490,payments,PAY0008855,missing_payment_date,payment_date was set to NULL (simulated missing operational data),medium,2026-08-24
491,payments,PAY0008867,missing_payment_date,payment_date was set to NULL (simulated missing operational data),medium,2026-08-24
492,payments,PAY0008880,missing_payment_date,payment_date was set to NULL (simulated missing operational data),medium,2026-08-24
493,payments,PAY0008916,missing_payment_date,payment_date was set to NULL (simulated missing operational data),medium,2026-08-24
494,payments,PAY0008993,missing_payment_date,payment_date was set to NULL (simulated missing operational data),medium,2026-08-24
495,payments,PAY0009086,missing_payment_date,payment_date was set to NULL (simulated missing operational data),medium,2026-08-24
496,payments,PAY0009223,missing_payment_date,payment_date was set to NULL (simulated missing operational data),medium,2026-08-24
497,payments,PAY0009267,missing_payment_date,payment_date was set to NULL (simulated missing operational data),medium,2026-08-24
498,payments,PAY0009283,missing_payment_date,payment_date was set to NULL (simulated missing operational data),medium,2026-08-24
499,payments,PAY0009293,missing_payment_date,payment_date was set to NULL (simulated missing operational data),medium,2026-08-24
500,payments,PAY0009387,missing_payment_date,payment_date was set to NULL (simulated missing operational data),medium,2026-08-24
501,payments,PAY0009408,missing_payment_date,payment_date was set to NULL (simulated missing operational data),medium,2026-08-24
502,payments,PAY0009412,missing_payment_date,payment_date was set to NULL (simulated missing operational data),medium,2026-08-24
503,payments,PAY0009428,missing_payment_date,payment_date was set to NULL (simulated missing operational data),medium,2026-08-24
504,payments,PAY0009551,missing_payment_date,payment_date was set to NULL (simulated missing operational data),medium,2026-08-24
505,payments,PAY0009580,missing_payment_date,payment_date was set to NULL (simulated missing operational data),medium,2026-08-24
506,payments,PAY0009614,missing_payment_date,payment_date was set to NULL (simulated missing operational data),medium,2026-08-24
507,payments,PAY0009622,missing_payment_date,payment_date was set to NULL (simulated missing operational data),medium,2026-08-24
508,payments,PAY0009712,missing_payment_date,payment_date was set to NULL (simulated missing operational data),medium,2026-08-24
509,payments,PAY0009730,missing_payment_date,payment_date was set to NULL (simulated missing operational data),medium,2026-08-24
510,payments,PAY0009737,missing_payment_date,payment_date was set to NULL (simulated missing operational data),medium,2026-08-24
511,payments,PAY0009827,missing_payment_date,payment_date was set to NULL (simulated missing operational data),medium,2026-08-24
512,payments,PAY0009857,missing_payment_date,payment_date was set to NULL (simulated missing operational data),medium,2026-08-24
513,payments,PAY0009863,missing_payment_date,payment_date was set to NULL (simulated missing operational data),medium,2026-08-24
514,payments,PAY0009933,missing_payment_date,payment_date was set to NULL (simulated missing operational data),medium,2026-08-24
515,payments,PAY0010046,missing_payment_date,payment_date was set to NULL (simulated missing operational data),medium,2026-08-24
516,payments,PAY0010056,missing_payment_date,payment_date was set to NULL (simulated missing operational data),medium,2026-08-24
517,payments,PAY0010059,missing_payment_date,payment_date was set to NULL (simulated missing operational data),medium,2026-08-24
518,payments,PAY0010095,missing_payment_date,payment_date was set to NULL (simulated missing operational data),medium,2026-08-24
519,payments,PAY0010096,missing_payment_date,payment_date was set to NULL (simulated missing operational data),medium,2026-08-24
520,payments,PAY0010149,missing_payment_date,payment_date was set to NULL (simulated missing operational data),medium,2026-08-24
521,payments,PAY0010152,missing_payment_date,payment_date was set to NULL (simulated missing operational data),medium,2026-08-24
522,payments,PAY0010171,missing_payment_date,payment_date was set to NULL (simulated missing operational data),medium,2026-08-24
523,payments,PAY0010198,missing_payment_date,payment_date was set to NULL (simulated missing operational data),medium,2026-08-24
524,payments,PAY0010380,missing_payment_date,payment_date was set to NULL (simulated missing operational data),medium,2026-08-24
525,payments,PAY0010398,missing_payment_date,payment_date was set to NULL (simulated missing operational data),medium,2026-08-24
526,payments,PAY0010421,missing_payment_date,payment_date was set to NULL (simulated missing operational data),medium,2026-08-24
527,payments,PAY0010452,missing_payment_date,payment_date was set to NULL (simulated missing operational data),medium,2026-08-24
528,payments,PAY0010464,missing_payment_date,payment_date was set to NULL (simulated missing operational data),medium,2026-08-24
529,payments,PAY0010491,missing_payment_date,payment_date was set to NULL (simulated missing operational data),medium,2026-08-24
530,payments,PAY0010507,missing_payment_date,payment_date was set to NULL (simulated missing operational data),medium,2026-08-24
531,payments,PAY0010547,missing_payment_date,payment_date was set to NULL (simulated missing operational data),medium,2026-08-24
532,payments,PAY0010560,missing_payment_date,payment_date was set to NULL (simulated missing operational data),medium,2026-08-24
533,payments,PAY0010575,missing_payment_date,payment_date was set to NULL (simulated missing operational data),medium,2026-08-24
534,payments,PAY0010580,missing_payment_date,payment_date was set to NULL (simulated missing operational data),medium,2026-08-24
535,payments,PAY0010642,missing_payment_date,payment_date was set to NULL (simulated missing operational data),medium,2026-08-24
536,payments,PAY0010716,missing_payment_date,payment_date was set to NULL (simulated missing operational data),medium,2026-08-24
537,payments,PAY0010788,missing_payment_date,payment_date was set to NULL (simulated missing operational data),medium,2026-08-24
538,payments,PAY0010867,missing_payment_date,payment_date was set to NULL (simulated missing operational data),medium,2026-08-24
539,payments,PAY0011026,missing_payment_date,payment_date was set to NULL (simulated missing operational data),medium,2026-08-24
540,payments,PAY0011031,missing_payment_date,payment_date was set to NULL (simulated missing operational data),medium,2026-08-24
541,payments,PAY0011047,missing_payment_date,payment_date was set to NULL (simulated missing operational data),medium,2026-08-24
542,payments,PAY0011076,missing_payment_date,payment_date was set to NULL (simulated missing operational data),medium,2026-08-24
543,payments,PAY0011163,missing_payment_date,payment_date was set to NULL (simulated missing operational data),medium,2026-08-24
544,payments,PAY0011195,missing_payment_date,payment_date was set to NULL (simulated missing operational data),medium,2026-08-24
545,payments,PAY0011204,missing_payment_date,payment_date was set to NULL (simulated missing operational data),medium,2026-08-24
546,payments,PAY0011262,missing_payment_date,payment_date was set to NULL (simulated missing operational data),medium,2026-08-24
547,payments,PAY0011331,missing_payment_date,payment_date was set to NULL (simulated missing operational data),medium,2026-08-24
548,payments,PAY0011355,missing_payment_date,payment_date was set to NULL (simulated missing operational data),medium,2026-08-24
549,payments,PAY0011474,missing_payment_date,payment_date was set to NULL (simulated missing operational data),medium,2026-08-24
550,payments,PAY0011557,missing_payment_date,payment_date was set to NULL (simulated missing operational data),medium,2026-08-24
551,payments,PAY0011576,missing_payment_date,payment_date was set to NULL (simulated missing operational data),medium,2026-08-24
552,payments,PAY0011595,missing_payment_date,payment_date was set to NULL (simulated missing operational data),medium,2026-08-24
553,payments,PAY0011610,missing_payment_date,payment_date was set to NULL (simulated missing operational data),medium,2026-08-24
554,payments,PAY0011664,missing_payment_date,payment_date was set to NULL (simulated missing operational data),medium,2026-08-24
555,payments,PAY0011746,missing_payment_date,payment_date was set to NULL (simulated missing operational data),medium,2026-08-24
556,payments,PAY0011754,missing_payment_date,payment_date was set to NULL (simulated missing operational data),medium,2026-08-24
557,payments,PAY0011764,missing_payment_date,payment_date was set to NULL (simulated missing operational data),medium,2026-08-24
558,payments,PAY0011781,missing_payment_date,payment_date was set to NULL (simulated missing operational data),medium,2026-08-24
559,payments,PAY0011787,missing_payment_date,payment_date was set to NULL (simulated missing operational data),medium,2026-08-24
560,payments,PAY0011789,missing_payment_date,payment_date was set to NULL (simulated missing operational data),medium,2026-08-24
561,payments,PAY0011793,missing_payment_date,payment_date was set to NULL (simulated missing operational data),medium,2026-08-24
562,payments,PAY0011888,missing_payment_date,payment_date was set to NULL (simulated missing operational data),medium,2026-08-24
563,payments,PAY0011983,missing_payment_date,payment_date was set to NULL (simulated missing operational data),medium,2026-08-24
564,payments,PAY0011991,missing_payment_date,payment_date was set to NULL (simulated missing operational data),medium,2026-08-24
565,payments,PAY0012186,missing_payment_date,payment_date was set to NULL (simulated missing operational data),medium,2026-08-24
566,payments,PAY0012203,missing_payment_date,payment_date was set to NULL (simulated missing operational data),medium,2026-08-24
567,payments,PAY0012204,missing_payment_date,payment_date was set to NULL (simulated missing operational data),medium,2026-08-24
568,payments,PAY0012235,missing_payment_date,payment_date was set to NULL (simulated missing operational data),medium,2026-08-24
569,payments,PAY0012260,missing_payment_date,payment_date was set to NULL (simulated missing operational data),medium,2026-08-24
570,payments,PAY0012348,missing_payment_date,payment_date was set to NULL (simulated missing operational data),medium,2026-08-24
571,payments,PAY0012366,missing_payment_date,payment_date was set to NULL (simulated missing operational data),medium,2026-08-24
572,payments,PAY0012377,missing_payment_date,payment_date was set to NULL (simulated missing operational data),medium,2026-08-24
573,payments,PAY0012479,missing_payment_date,payment_date was set to NULL (simulated missing operational data),medium,2026-08-24
574,payments,PAY0012708,missing_payment_date,payment_date was set to NULL (simulated missing operational data),medium,2026-08-24
575,payments,PAY0012748,missing_payment_date,payment_date was set to NULL (simulated missing operational data),medium,2026-08-24
576,payments,PAY0012779,missing_payment_date,payment_date was set to NULL (simulated missing operational data),medium,2026-08-24
577,payments,PAY0012816,missing_payment_date,payment_date was set to NULL (simulated missing operational data),medium,2026-08-24
578,payments,PAY0012882,missing_payment_date,payment_date was set to NULL (simulated missing operational data),medium,2026-08-24
579,payments,PAY0012908,missing_payment_date,payment_date was set to NULL (simulated missing operational data),medium,2026-08-24
580,payments,PAY0012931,missing_payment_date,payment_date was set to NULL (simulated missing operational data),medium,2026-08-24
581,payments,PAY0012954,missing_payment_date,payment_date was set to NULL (simulated missing operational data),medium,2026-08-24
582,payments,PAY0013038,missing_payment_date,payment_date was set to NULL (simulated missing operational data),medium,2026-08-24
583,payments,PAY0013052,missing_payment_date,payment_date was set to NULL (simulated missing operational data),medium,2026-08-24
584,payments,PAY0013065,missing_payment_date,payment_date was set to NULL (simulated missing operational data),medium,2026-08-24
585,payments,PAY0013132,missing_payment_date,payment_date was set to NULL (simulated missing operational data),medium,2026-08-24
586,payments,PAY0013222,missing_payment_date,payment_date was set to NULL (simulated missing operational data),medium,2026-08-24
587,payments,PAY0013273,missing_payment_date,payment_date was set to NULL (simulated missing operational data),medium,2026-08-24
588,payments,PAY0013290,missing_payment_date,payment_date was set to NULL (simulated missing operational data),medium,2026-08-24
589,payments,PAY0013420,missing_payment_date,payment_date was set to NULL (simulated missing operational data),medium,2026-08-24
590,payments,PAY0013430,missing_payment_date,payment_date was set to NULL (simulated missing operational data),medium,2026-08-24
591,payments,PAY0013434,missing_payment_date,payment_date was set to NULL (simulated missing operational data),medium,2026-08-24
592,payments,PAY0013516,missing_payment_date,payment_date was set to NULL (simulated missing operational data),medium,2026-08-24
593,payments,PAY0013526,missing_payment_date,payment_date was set to NULL (simulated missing operational data),medium,2026-08-24
594,payments,PAY0013539,missing_payment_date,payment_date was set to NULL (simulated missing operational data),medium,2026-08-24
595,payments,PAY0013600,missing_payment_date,payment_date was set to NULL (simulated missing operational data),medium,2026-08-24
596,payments,PAY0013607,missing_payment_date,payment_date was set to NULL (simulated missing operational data),medium,2026-08-24
597,payments,PAY0013616,missing_payment_date,payment_date was set to NULL (simulated missing operational data),medium,2026-08-24
598,payments,PAY0013654,missing_payment_date,payment_date was set to NULL (simulated missing operational data),medium,2026-08-24
599,payments,PAY0013671,missing_payment_date,payment_date was set to NULL (simulated missing operational data),medium,2026-08-24
600,payments,PAY0013744,missing_payment_date,payment_date was set to NULL (simulated missing operational data),medium,2026-08-24
601,payments,PAY0013827,missing_payment_date,payment_date was set to NULL (simulated missing operational data),medium,2026-08-24
602,payments,PAY0013844,missing_payment_date,payment_date was set to NULL (simulated missing operational data),medium,2026-08-24
603,payments,PAY0013846,missing_payment_date,payment_date was set to NULL (simulated missing operational data),medium,2026-08-24
604,payments,PAY0013881,missing_payment_date,payment_date was set to NULL (simulated missing operational data),medium,2026-08-24
605,payments,PAY0013886,missing_payment_date,payment_date was set to NULL (simulated missing operational data),medium,2026-08-24
606,payments,PAY0013953,missing_payment_date,payment_date was set to NULL (simulated missing operational data),medium,2026-08-24
607,payments,PAY0014014,missing_payment_date,payment_date was set to NULL (simulated missing operational data),medium,2026-08-24
608,payments,PAY0014025,missing_payment_date,payment_date was set to NULL (simulated missing operational data),medium,2026-08-24
609,payments,PAY0014046,missing_payment_date,payment_date was set to NULL (simulated missing operational data),medium,2026-08-24
610,payments,PAY0014117,missing_payment_date,payment_date was set to NULL (simulated missing operational data),medium,2026-08-24
611,payments,PAY0014135,missing_payment_date,payment_date was set to NULL (simulated missing operational data),medium,2026-08-24
612,payments,PAY0014156,missing_payment_date,payment_date was set to NULL (simulated missing operational data),medium,2026-08-24
613,payments,PAY0014220,missing_payment_date,payment_date was set to NULL (simulated missing operational data),medium,2026-08-24
614,payments,PAY0014255,missing_payment_date,payment_date was set to NULL (simulated missing operational data),medium,2026-08-24
615,payments,PAY0014280,missing_payment_date,payment_date was set to NULL (simulated missing operational data),medium,2026-08-24
616,payments,PAY0014313,missing_payment_date,payment_date was set to NULL (simulated missing operational data),medium,2026-08-24
617,payments,PAY0014320,missing_payment_date,payment_date was set to NULL (simulated missing operational data),medium,2026-08-24
618,payments,PAY0014352,missing_payment_date,payment_date was set to NULL (simulated missing operational data),medium,2026-08-24
619,payments,PAY0014400,missing_payment_date,payment_date was set to NULL (simulated missing operational data),medium,2026-08-24
620,payments,PAY0014460,missing_payment_date,payment_date was set to NULL (simulated missing operational data),medium,2026-08-24
621,payments,PAY0014513,missing_payment_date,payment_date was set to NULL (simulated missing operational data),medium,2026-08-24
622,payments,PAY0014556,missing_payment_date,payment_date was set to NULL (simulated missing operational data),medium,2026-08-24
623,payments,PAY0014606,missing_payment_date,payment_date was set to NULL (simulated missing operational data),medium,2026-08-24
624,payments,PAY0014717,missing_payment_date,payment_date was set to NULL (simulated missing operational data),medium,2026-08-24
625,payments,PAY0014776,missing_payment_date,payment_date was set to NULL (simulated missing operational data),medium,2026-08-24
626,payments,PAY0014779,missing_payment_date,payment_date was set to NULL (simulated missing operational data),medium,2026-08-24
627,payments,PAY0014780,missing_payment_date,payment_date was set to NULL (simulated missing operational data),medium,2026-08-24
628,payments,PAY0014817,missing_payment_date,payment_date was set to NULL (simulated missing operational data),medium,2026-08-24
629,payments,PAY0014869,missing_payment_date,payment_date was set to NULL (simulated missing operational data),medium,2026-08-24
630,payments,PAY0014889,missing_payment_date,payment_date was set to NULL (simulated missing operational data),medium,2026-08-24
631,payments,PAY0014930,missing_payment_date,payment_date was set to NULL (simulated missing operational data),medium,2026-08-24
632,payments,PAY0014962,missing_payment_date,payment_date was set to NULL (simulated missing operational data),medium,2026-08-24
633,payments,PAY0015263,missing_payment_date,payment_date was set to NULL (simulated missing operational data),medium,2026-08-24
634,payments,PAY0015343,missing_payment_date,payment_date was set to NULL (simulated missing operational data),medium,2026-08-24
635,payments,PAY0015345,missing_payment_date,payment_date was set to NULL (simulated missing operational data),medium,2026-08-24
636,payments,PAY0015406,missing_payment_date,payment_date was set to NULL (simulated missing operational data),medium,2026-08-24
637,payments,PAY0015441,missing_payment_date,payment_date was set to NULL (simulated missing operational data),medium,2026-08-24
638,payments,PAY0015544,missing_payment_date,payment_date was set to NULL (simulated missing operational data),medium,2026-08-24
639,payments,PAY0015643,missing_payment_date,payment_date was set to NULL (simulated missing operational data),medium,2026-08-24
640,payments,PAY0015681,missing_payment_date,payment_date was set to NULL (simulated missing operational data),medium,2026-08-24
641,payments,PAY0015691,missing_payment_date,payment_date was set to NULL (simulated missing operational data),medium,2026-08-24
642,payments,PAY0015724,missing_payment_date,payment_date was set to NULL (simulated missing operational data),medium,2026-08-24
643,payments,PAY0015738,missing_payment_date,payment_date was set to NULL (simulated missing operational data),medium,2026-08-24
644,payments,PAY0015778,missing_payment_date,payment_date was set to NULL (simulated missing operational data),medium,2026-08-24
645,payments,PAY0015783,missing_payment_date,payment_date was set to NULL (simulated missing operational data),medium,2026-08-24
646,payments,PAY0015851,missing_payment_date,payment_date was set to NULL (simulated missing operational data),medium,2026-08-24
647,payments,PAY0015888,missing_payment_date,payment_date was set to NULL (simulated missing operational data),medium,2026-08-24
648,payments,PAY0015908,missing_payment_date,payment_date was set to NULL (simulated missing operational data),medium,2026-08-24
649,payments,PAY0016057,missing_payment_date,payment_date was set to NULL (simulated missing operational data),medium,2026-08-24
650,payments,PAY0016100,missing_payment_date,payment_date was set to NULL (simulated missing operational data),medium,2026-08-24
651,payments,PAY0016117,missing_payment_date,payment_date was set to NULL (simulated missing operational data),medium,2026-08-24
652,payments,PAY0016121,missing_payment_date,payment_date was set to NULL (simulated missing operational data),medium,2026-08-24
653,payments,PAY0016192,missing_payment_date,payment_date was set to NULL (simulated missing operational data),medium,2026-08-24
654,payments,PAY0016245,missing_payment_date,payment_date was set to NULL (simulated missing operational data),medium,2026-08-24
655,payments,PAY0016299,missing_payment_date,payment_date was set to NULL (simulated missing operational data),medium,2026-08-24
656,payments,PAY0016353,missing_payment_date,payment_date was set to NULL (simulated missing operational data),medium,2026-08-24
657,payments,PAY0016374,missing_payment_date,payment_date was set to NULL (simulated missing operational data),medium,2026-08-24
658,payments,PAY0016393,missing_payment_date,payment_date was set to NULL (simulated missing operational data),medium,2026-08-24
659,payments,PAY0016398,missing_payment_date,payment_date was set to NULL (simulated missing operational data),medium,2026-08-24
660,payments,PAY0016413,missing_payment_date,payment_date was set to NULL (simulated missing operational data),medium,2026-08-24
661,payments,PAY0016481,missing_payment_date,payment_date was set to NULL (simulated missing operational data),medium,2026-08-24
662,payments,PAY0016540,missing_payment_date,payment_date was set to NULL (simulated missing operational data),medium,2026-08-24
663,payments,PAY0016560,missing_payment_date,payment_date was set to NULL (simulated missing operational data),medium,2026-08-24
664,payments,PAY0016576,missing_payment_date,payment_date was set to NULL (simulated missing operational data),medium,2026-08-24
665,payments,PAY0016580,missing_payment_date,payment_date was set to NULL (simulated missing operational data),medium,2026-08-24
666,payments,PAY0016647,missing_payment_date,payment_date was set to NULL (simulated missing operational data),medium,2026-08-24
667,payments,PAY0016670,missing_payment_date,payment_date was set to NULL (simulated missing operational data),medium,2026-08-24
668,payments,PAY0016776,missing_payment_date,payment_date was set to NULL (simulated missing operational data),medium,2026-08-24
669,payments,PAY0016984,missing_payment_date,payment_date was set to NULL (simulated missing operational data),medium,2026-08-24
670,payments,PAY0017020,missing_payment_date,payment_date was set to NULL (simulated missing operational data),medium,2026-08-24
671,payments,PAY0017104,missing_payment_date,payment_date was set to NULL (simulated missing operational data),medium,2026-08-24
672,payments,PAY0017118,missing_payment_date,payment_date was set to NULL (simulated missing operational data),medium,2026-08-24
673,payments,PAY0017147,missing_payment_date,payment_date was set to NULL (simulated missing operational data),medium,2026-08-24
674,payments,PAY0017191,missing_payment_date,payment_date was set to NULL (simulated missing operational data),medium,2026-08-24
675,payments,PAY0017195,missing_payment_date,payment_date was set to NULL (simulated missing operational data),medium,2026-08-24
676,payments,PAY0017209,missing_payment_date,payment_date was set to NULL (simulated missing operational data),medium,2026-08-24
677,payments,PAY0017235,missing_payment_date,payment_date was set to NULL (simulated missing operational data),medium,2026-08-24
678,payments,PAY0017238,missing_payment_date,payment_date was set to NULL (simulated missing operational data),medium,2026-08-24
679,payments,PAY0017286,missing_payment_date,payment_date was set to NULL (simulated missing operational data),medium,2026-08-24
680,payments,PAY0017300,missing_payment_date,payment_date was set to NULL (simulated missing operational data),medium,2026-08-24
681,payments,PAY0017367,missing_payment_date,payment_date was set to NULL (simulated missing operational data),medium,2026-08-24
682,payments,PAY0017372,missing_payment_date,payment_date was set to NULL (simulated missing operational data),medium,2026-08-24
683,payments,PAY0017413,missing_payment_date,payment_date was set to NULL (simulated missing operational data),medium,2026-08-24
684,payments,PAY0017435,missing_payment_date,payment_date was set to NULL (simulated missing operational data),medium,2026-08-24
685,payments,PAY0017485,missing_payment_date,payment_date was set to NULL (simulated missing operational data),medium,2026-08-24
686,payments,PAY0017553,missing_payment_date,payment_date was set to NULL (simulated missing operational data),medium,2026-08-24
687,payments,PAY0017613,missing_payment_date,payment_date was set to NULL (simulated missing operational data),medium,2026-08-24
688,payments,PAY0017652,missing_payment_date,payment_date was set to NULL (simulated missing operational data),medium,2026-08-24
689,payments,PAY0017706,missing_payment_date,payment_date was set to NULL (simulated missing operational data),medium,2026-08-24
690,payments,PAY0017715,missing_payment_date,payment_date was set to NULL (simulated missing operational data),medium,2026-08-24
691,payments,PAY0017726,missing_payment_date,payment_date was set to NULL (simulated missing operational data),medium,2026-08-24
692,payments,PAY0017729,missing_payment_date,payment_date was set to NULL (simulated missing operational data),medium,2026-08-24
693,payments,PAY0017747,missing_payment_date,payment_date was set to NULL (simulated missing operational data),medium,2026-08-24
694,payments,PAY0017769,missing_payment_date,payment_date was set to NULL (simulated missing operational data),medium,2026-08-24
695,payments,PAY0017846,missing_payment_date,payment_date was set to NULL (simulated missing operational data),medium,2026-08-24
696,payments,PAY0017940,missing_payment_date,payment_date was set to NULL (simulated missing operational data),medium,2026-08-24
697,payments,PAY0018009,missing_payment_date,payment_date was set to NULL (simulated missing operational data),medium,2026-08-24
698,payments,PAY0018014,missing_payment_date,payment_date was set to NULL (simulated missing operational data),medium,2026-08-24
699,payments,PAY0018123,missing_payment_date,payment_date was set to NULL (simulated missing operational data),medium,2026-08-24
700,payments,PAY0018162,missing_payment_date,payment_date was set to NULL (simulated missing operational data),medium,2026-08-24
701,payments,PAY0018180,missing_payment_date,payment_date was set to NULL (simulated missing operational data),medium,2026-08-24
702,payments,PAY0018205,missing_payment_date,payment_date was set to NULL (simulated missing operational data),medium,2026-08-24
703,payments,PAY0018242,missing_payment_date,payment_date was set to NULL (simulated missing operational data),medium,2026-08-24
704,payments,PAY0018291,missing_payment_date,payment_date was set to NULL (simulated missing operational data),medium,2026-08-24
705,payments,PAY0018534,missing_payment_date,payment_date was set to NULL (simulated missing operational data),medium,2026-08-24
706,payments,PAY0018714,missing_payment_date,payment_date was set to NULL (simulated missing operational data),medium,2026-08-24
707,payments,PAY0018744,missing_payment_date,payment_date was set to NULL (simulated missing operational data),medium,2026-08-24
708,payments,PAY0018816,missing_payment_date,payment_date was set to NULL (simulated missing operational data),medium,2026-08-24
709,payments,PAY0018857,missing_payment_date,payment_date was set to NULL (simulated missing operational data),medium,2026-08-24
710,payments,PAY0018903,missing_payment_date,payment_date was set to NULL (simulated missing operational data),medium,2026-08-24
711,payments,PAY0018909,missing_payment_date,payment_date was set to NULL (simulated missing operational data),medium,2026-08-24
712,payments,PAY0018930,missing_payment_date,payment_date was set to NULL (simulated missing operational data),medium,2026-08-24
713,payments,PAY0019115,missing_payment_date,payment_date was set to NULL (simulated missing operational data),medium,2026-08-24
714,payments,PAY0019145,missing_payment_date,payment_date was set to NULL (simulated missing operational data),medium,2026-08-24
715,payments,PAY0019176,missing_payment_date,payment_date was set to NULL (simulated missing operational data),medium,2026-08-24
716,payments,PAY0019202,missing_payment_date,payment_date was set to NULL (simulated missing operational data),medium,2026-08-24
717,payments,PAY0019222,missing_payment_date,payment_date was set to NULL (simulated missing operational data),medium,2026-08-24
718,payments,PAY0019237,missing_payment_date,payment_date was set to NULL (simulated missing operational data),medium,2026-08-24
719,payments,PAY0019281,missing_payment_date,payment_date was set to NULL (simulated missing operational data),medium,2026-08-24
720,payments,PAY0019296,missing_payment_date,payment_date was set to NULL (simulated missing operational data),medium,2026-08-24
721,payments,PAY0019415,missing_payment_date,payment_date was set to NULL (simulated missing operational data),medium,2026-08-24
722,payments,PAY0019543,missing_payment_date,payment_date was set to NULL (simulated missing operational data),medium,2026-08-24
723,payments,PAY0019652,missing_payment_date,payment_date was set to NULL (simulated missing operational data),medium,2026-08-24
724,payments,PAY0019667,missing_payment_date,payment_date was set to NULL (simulated missing operational data),medium,2026-08-24
725,payments,PAY0019699,missing_payment_date,payment_date was set to NULL (simulated missing operational data),medium,2026-08-24
726,payments,PAY0019723,missing_payment_date,payment_date was set to NULL (simulated missing operational data),medium,2026-08-24
727,payments,PAY0019945,missing_payment_date,payment_date was set to NULL (simulated missing operational data),medium,2026-08-24
728,payments,PAY0019998,missing_payment_date,payment_date was set to NULL (simulated missing operational data),medium,2026-08-24
729,payments,PAY0000035,missing_amount_paid,amount_paid was set to NULL (simulated missing operational data),medium,2026-08-24
730,payments,PAY0000054,missing_amount_paid,amount_paid was set to NULL (simulated missing operational data),medium,2026-08-24
731,payments,PAY0000057,missing_amount_paid,amount_paid was set to NULL (simulated missing operational data),medium,2026-08-24
732,payments,PAY0000096,missing_amount_paid,amount_paid was set to NULL (simulated missing operational data),medium,2026-08-24
733,payments,PAY0000155,missing_amount_paid,amount_paid was set to NULL (simulated missing operational data),medium,2026-08-24
734,payments,PAY0000281,missing_amount_paid,amount_paid was set to NULL (simulated missing operational data),medium,2026-08-24
735,payments,PAY0000291,missing_amount_paid,amount_paid was set to NULL (simulated missing operational data),medium,2026-08-24
736,payments,PAY0000321,missing_amount_paid,amount_paid was set to NULL (simulated missing operational data),medium,2026-08-24
737,payments,PAY0000336,missing_amount_paid,amount_paid was set to NULL (simulated missing operational data),medium,2026-08-24
738,payments,PAY0000360,missing_amount_paid,amount_paid was set to NULL (simulated missing operational data),medium,2026-08-24
739,payments,PAY0000369,missing_amount_paid,amount_paid was set to NULL (simulated missing operational data),medium,2026-08-24
740,payments,PAY0000413,missing_amount_paid,amount_paid was set to NULL (simulated missing operational data),medium,2026-08-24
741,payments,PAY0000463,missing_amount_paid,amount_paid was set to NULL (simulated missing operational data),medium,2026-08-24
742,payments,PAY0000474,missing_amount_paid,amount_paid was set to NULL (simulated missing operational data),medium,2026-08-24
743,payments,PAY0000476,missing_amount_paid,amount_paid was set to NULL (simulated missing operational data),medium,2026-08-24
744,payments,PAY0000536,missing_amount_paid,amount_paid was set to NULL (simulated missing operational data),medium,2026-08-24
745,payments,PAY0000562,missing_amount_paid,amount_paid was set to NULL (simulated missing operational data),medium,2026-08-24
746,payments,PAY0000616,missing_amount_paid,amount_paid was set to NULL (simulated missing operational data),medium,2026-08-24
747,payments,PAY0000618,missing_amount_paid,amount_paid was set to NULL (simulated missing operational data),medium,2026-08-24
748,payments,PAY0000652,missing_amount_paid,amount_paid was set to NULL (simulated missing operational data),medium,2026-08-24
749,payments,PAY0000664,missing_amount_paid,amount_paid was set to NULL (simulated missing operational data),medium,2026-08-24
750,payments,PAY0000668,missing_amount_paid,amount_paid was set to NULL (simulated missing operational data),medium,2026-08-24
751,payments,PAY0000711,missing_amount_paid,amount_paid was set to NULL (simulated missing operational data),medium,2026-08-24
752,payments,PAY0000787,missing_amount_paid,amount_paid was set to NULL (simulated missing operational data),medium,2026-08-24
753,payments,PAY0000852,missing_amount_paid,amount_paid was set to NULL (simulated missing operational data),medium,2026-08-24
754,payments,PAY0000873,missing_amount_paid,amount_paid was set to NULL (simulated missing operational data),medium,2026-08-24
755,payments,PAY0000941,missing_amount_paid,amount_paid was set to NULL (simulated missing operational data),medium,2026-08-24
756,payments,PAY0001047,missing_amount_paid,amount_paid was set to NULL (simulated missing operational data),medium,2026-08-24
757,payments,PAY0001075,missing_amount_paid,amount_paid was set to NULL (simulated missing operational data),medium,2026-08-24
758,payments,PAY0001111,missing_amount_paid,amount_paid was set to NULL (simulated missing operational data),medium,2026-08-24
759,payments,PAY0001266,missing_amount_paid,amount_paid was set to NULL (simulated missing operational data),medium,2026-08-24
760,payments,PAY0001379,missing_amount_paid,amount_paid was set to NULL (simulated missing operational data),medium,2026-08-24
761,payments,PAY0001433,missing_amount_paid,amount_paid was set to NULL (simulated missing operational data),medium,2026-08-24
762,payments,PAY0001565,missing_amount_paid,amount_paid was set to NULL (simulated missing operational data),medium,2026-08-24
763,payments,PAY0001589,missing_amount_paid,amount_paid was set to NULL (simulated missing operational data),medium,2026-08-24
764,payments,PAY0001666,missing_amount_paid,amount_paid was set to NULL (simulated missing operational data),medium,2026-08-24
765,payments,PAY0001696,missing_amount_paid,amount_paid was set to NULL (simulated missing operational data),medium,2026-08-24
766,payments,PAY0001713,missing_amount_paid,amount_paid was set to NULL (simulated missing operational data),medium,2026-08-24
767,payments,PAY0001824,missing_amount_paid,amount_paid was set to NULL (simulated missing operational data),medium,2026-08-24
768,payments,PAY0001871,missing_amount_paid,amount_paid was set to NULL (simulated missing operational data),medium,2026-08-24
769,payments,PAY0001934,missing_amount_paid,amount_paid was set to NULL (simulated missing operational data),medium,2026-08-24
770,payments,PAY0001939,missing_amount_paid,amount_paid was set to NULL (simulated missing operational data),medium,2026-08-24
771,payments,PAY0001987,missing_amount_paid,amount_paid was set to NULL (simulated missing operational data),medium,2026-08-24
772,payments,PAY0002010,missing_amount_paid,amount_paid was set to NULL (simulated missing operational data),medium,2026-08-24
773,payments,PAY0002065,missing_amount_paid,amount_paid was set to NULL (simulated missing operational data),medium,2026-08-24
774,payments,PAY0002148,missing_amount_paid,amount_paid was set to NULL (simulated missing operational data),medium,2026-08-24
775,payments,PAY0002154,missing_amount_paid,amount_paid was set to NULL (simulated missing operational data),medium,2026-08-24
776,payments,PAY0002161,missing_amount_paid,amount_paid was set to NULL (simulated missing operational data),medium,2026-08-24
777,payments,PAY0002168,missing_amount_paid,amount_paid was set to NULL (simulated missing operational data),medium,2026-08-24
778,payments,PAY0002412,missing_amount_paid,amount_paid was set to NULL (simulated missing operational data),medium,2026-08-24
779,payments,PAY0002416,missing_amount_paid,amount_paid was set to NULL (simulated missing operational data),medium,2026-08-24
780,payments,PAY0002425,missing_amount_paid,amount_paid was set to NULL (simulated missing operational data),medium,2026-08-24
781,payments,PAY0002441,missing_amount_paid,amount_paid was set to NULL (simulated missing operational data),medium,2026-08-24
782,payments,PAY0002675,missing_amount_paid,amount_paid was set to NULL (simulated missing operational data),medium,2026-08-24
783,payments,PAY0002695,missing_amount_paid,amount_paid was set to NULL (simulated missing operational data),medium,2026-08-24
784,payments,PAY0002862,missing_amount_paid,amount_paid was set to NULL (simulated missing operational data),medium,2026-08-24
785,payments,PAY0002871,missing_amount_paid,amount_paid was set to NULL (simulated missing operational data),medium,2026-08-24
786,payments,PAY0002908,missing_amount_paid,amount_paid was set to NULL (simulated missing operational data),medium,2026-08-24
787,payments,PAY0003022,missing_amount_paid,amount_paid was set to NULL (simulated missing operational data),medium,2026-08-24
788,payments,PAY0003051,missing_amount_paid,amount_paid was set to NULL (simulated missing operational data),medium,2026-08-24
789,payments,PAY0003121,missing_amount_paid,amount_paid was set to NULL (simulated missing operational data),medium,2026-08-24
790,payments,PAY0003178,missing_amount_paid,amount_paid was set to NULL (simulated missing operational data),medium,2026-08-24
791,payments,PAY0003251,missing_amount_paid,amount_paid was set to NULL (simulated missing operational data),medium,2026-08-24
792,payments,PAY0003344,missing_amount_paid,amount_paid was set to NULL (simulated missing operational data),medium,2026-08-24
793,payments,PAY0003362,missing_amount_paid,amount_paid was set to NULL (simulated missing operational data),medium,2026-08-24
794,payments,PAY0003366,missing_amount_paid,amount_paid was set to NULL (simulated missing operational data),medium,2026-08-24
795,payments,PAY0003430,missing_amount_paid,amount_paid was set to NULL (simulated missing operational data),medium,2026-08-24
796,payments,PAY0003444,missing_amount_paid,amount_paid was set to NULL (simulated missing operational data),medium,2026-08-24
797,payments,PAY0003479,missing_amount_paid,amount_paid was set to NULL (simulated missing operational data),medium,2026-08-24
798,payments,PAY0003556,missing_amount_paid,amount_paid was set to NULL (simulated missing operational data),medium,2026-08-24
799,payments,PAY0003670,missing_amount_paid,amount_paid was set to NULL (simulated missing operational data),medium,2026-08-24
800,payments,PAY0003685,missing_amount_paid,amount_paid was set to NULL (simulated missing operational data),medium,2026-08-24
801,payments,PAY0003704,missing_amount_paid,amount_paid was set to NULL (simulated missing operational data),medium,2026-08-24
802,payments,PAY0003789,missing_amount_paid,amount_paid was set to NULL (simulated missing operational data),medium,2026-08-24
803,payments,PAY0003854,missing_amount_paid,amount_paid was set to NULL (simulated missing operational data),medium,2026-08-24
804,payments,PAY0003919,missing_amount_paid,amount_paid was set to NULL (simulated missing operational data),medium,2026-08-24
805,payments,PAY0003957,missing_amount_paid,amount_paid was set to NULL (simulated missing operational data),medium,2026-08-24
806,payments,PAY0004041,missing_amount_paid,amount_paid was set to NULL (simulated missing operational data),medium,2026-08-24
807,payments,PAY0004096,missing_amount_paid,amount_paid was set to NULL (simulated missing operational data),medium,2026-08-24
808,payments,PAY0004232,missing_amount_paid,amount_paid was set to NULL (simulated missing operational data),medium,2026-08-24
809,payments,PAY0004346,missing_amount_paid,amount_paid was set to NULL (simulated missing operational data),medium,2026-08-24
810,payments,PAY0004467,missing_amount_paid,amount_paid was set to NULL (simulated missing operational data),medium,2026-08-24
811,payments,PAY0004476,missing_amount_paid,amount_paid was set to NULL (simulated missing operational data),medium,2026-08-24
812,payments,PAY0004500,missing_amount_paid,amount_paid was set to NULL (simulated missing operational data),medium,2026-08-24
813,payments,PAY0004561,missing_amount_paid,amount_paid was set to NULL (simulated missing operational data),medium,2026-08-24
814,payments,PAY0004574,missing_amount_paid,amount_paid was set to NULL (simulated missing operational data),medium,2026-08-24
815,payments,PAY0004718,missing_amount_paid,amount_paid was set to NULL (simulated missing operational data),medium,2026-08-24
816,payments,PAY0004723,missing_amount_paid,amount_paid was set to NULL (simulated missing operational data),medium,2026-08-24
817,payments,PAY0004780,missing_amount_paid,amount_paid was set to NULL (simulated missing operational data),medium,2026-08-24
818,payments,PAY0004825,missing_amount_paid,amount_paid was set to NULL (simulated missing operational data),medium,2026-08-24
819,payments,PAY0004884,missing_amount_paid,amount_paid was set to NULL (simulated missing operational data),medium,2026-08-24
820,payments,PAY0005021,missing_amount_paid,amount_paid was set to NULL (simulated missing operational data),medium,2026-08-24
821,payments,PAY0005093,missing_amount_paid,amount_paid was set to NULL (simulated missing operational data),medium,2026-08-24
822,payments,PAY0005101,missing_amount_paid,amount_paid was set to NULL (simulated missing operational data),medium,2026-08-24
823,payments,PAY0005193,missing_amount_paid,amount_paid was set to NULL (simulated missing operational data),medium,2026-08-24
824,payments,PAY0005289,missing_amount_paid,amount_paid was set to NULL (simulated missing operational data),medium,2026-08-24
825,payments,PAY0005300,missing_amount_paid,amount_paid was set to NULL (simulated missing operational data),medium,2026-08-24
826,payments,PAY0005307,missing_amount_paid,amount_paid was set to NULL (simulated missing operational data),medium,2026-08-24
827,payments,PAY0005341,missing_amount_paid,amount_paid was set to NULL (simulated missing operational data),medium,2026-08-24
828,payments,PAY0005372,missing_amount_paid,amount_paid was set to NULL (simulated missing operational data),medium,2026-08-24
829,payments,PAY0005429,missing_amount_paid,amount_paid was set to NULL (simulated missing operational data),medium,2026-08-24
830,payments,PAY0005548,missing_amount_paid,amount_paid was set to NULL (simulated missing operational data),medium,2026-08-24
831,payments,PAY0005572,missing_amount_paid,amount_paid was set to NULL (simulated missing operational data),medium,2026-08-24
832,payments,PAY0005573,missing_amount_paid,amount_paid was set to NULL (simulated missing operational data),medium,2026-08-24
833,payments,PAY0005593,missing_amount_paid,amount_paid was set to NULL (simulated missing operational data),medium,2026-08-24
834,payments,PAY0005666,missing_amount_paid,amount_paid was set to NULL (simulated missing operational data),medium,2026-08-24
835,payments,PAY0005713,missing_amount_paid,amount_paid was set to NULL (simulated missing operational data),medium,2026-08-24
836,payments,PAY0005745,missing_amount_paid,amount_paid was set to NULL (simulated missing operational data),medium,2026-08-24
837,payments,PAY0005949,missing_amount_paid,amount_paid was set to NULL (simulated missing operational data),medium,2026-08-24
838,payments,PAY0006004,missing_amount_paid,amount_paid was set to NULL (simulated missing operational data),medium,2026-08-24
839,payments,PAY0006064,missing_amount_paid,amount_paid was set to NULL (simulated missing operational data),medium,2026-08-24
840,payments,PAY0006131,missing_amount_paid,amount_paid was set to NULL (simulated missing operational data),medium,2026-08-24
841,payments,PAY0006153,missing_amount_paid,amount_paid was set to NULL (simulated missing operational data),medium,2026-08-24
842,payments,PAY0006191,missing_amount_paid,amount_paid was set to NULL (simulated missing operational data),medium,2026-08-24
843,payments,PAY0006217,missing_amount_paid,amount_paid was set to NULL (simulated missing operational data),medium,2026-08-24
844,payments,PAY0006243,missing_amount_paid,amount_paid was set to NULL (simulated missing operational data),medium,2026-08-24
845,payments,PAY0006244,missing_amount_paid,amount_paid was set to NULL (simulated missing operational data),medium,2026-08-24
846,payments,PAY0006283,missing_amount_paid,amount_paid was set to NULL (simulated missing operational data),medium,2026-08-24
847,payments,PAY0006323,missing_amount_paid,amount_paid was set to NULL (simulated missing operational data),medium,2026-08-24
848,payments,PAY0006380,missing_amount_paid,amount_paid was set to NULL (simulated missing operational data),medium,2026-08-24
849,payments,PAY0006422,missing_amount_paid,amount_paid was set to NULL (simulated missing operational data),medium,2026-08-24
850,payments,PAY0006437,missing_amount_paid,amount_paid was set to NULL (simulated missing operational data),medium,2026-08-24
851,payments,PAY0006439,missing_amount_paid,amount_paid was set to NULL (simulated missing operational data),medium,2026-08-24
852,payments,PAY0006519,missing_amount_paid,amount_paid was set to NULL (simulated missing operational data),medium,2026-08-24
853,payments,PAY0006601,missing_amount_paid,amount_paid was set to NULL (simulated missing operational data),medium,2026-08-24
854,payments,PAY0006615,missing_amount_paid,amount_paid was set to NULL (simulated missing operational data),medium,2026-08-24
855,payments,PAY0006619,missing_amount_paid,amount_paid was set to NULL (simulated missing operational data),medium,2026-08-24
856,payments,PAY0006621,missing_amount_paid,amount_paid was set to NULL (simulated missing operational data),medium,2026-08-24
857,payments,PAY0006653,missing_amount_paid,amount_paid was set to NULL (simulated missing operational data),medium,2026-08-24
858,payments,PAY0006673,missing_amount_paid,amount_paid was set to NULL (simulated missing operational data),medium,2026-08-24
859,payments,PAY0006703,missing_amount_paid,amount_paid was set to NULL (simulated missing operational data),medium,2026-08-24
860,payments,PAY0006768,missing_amount_paid,amount_paid was set to NULL (simulated missing operational data),medium,2026-08-24
861,payments,PAY0006861,missing_amount_paid,amount_paid was set to NULL (simulated missing operational data),medium,2026-08-24
862,payments,PAY0006871,missing_amount_paid,amount_paid was set to NULL (simulated missing operational data),medium,2026-08-24
863,payments,PAY0006946,missing_amount_paid,amount_paid was set to NULL (simulated missing operational data),medium,2026-08-24
864,payments,PAY0006970,missing_amount_paid,amount_paid was set to NULL (simulated missing operational data),medium,2026-08-24
865,payments,PAY0007007,missing_amount_paid,amount_paid was set to NULL (simulated missing operational data),medium,2026-08-24
866,payments,PAY0007046,missing_amount_paid,amount_paid was set to NULL (simulated missing operational data),medium,2026-08-24
867,payments,PAY0007077,missing_amount_paid,amount_paid was set to NULL (simulated missing operational data),medium,2026-08-24
868,payments,PAY0007129,missing_amount_paid,amount_paid was set to NULL (simulated missing operational data),medium,2026-08-24
869,payments,PAY0007147,missing_amount_paid,amount_paid was set to NULL (simulated missing operational data),medium,2026-08-24
870,payments,PAY0007412,missing_amount_paid,amount_paid was set to NULL (simulated missing operational data),medium,2026-08-24
871,payments,PAY0007470,missing_amount_paid,amount_paid was set to NULL (simulated missing operational data),medium,2026-08-24
872,payments,PAY0007571,missing_amount_paid,amount_paid was set to NULL (simulated missing operational data),medium,2026-08-24
873,payments,PAY0007691,missing_amount_paid,amount_paid was set to NULL (simulated missing operational data),medium,2026-08-24
874,payments,PAY0007714,missing_amount_paid,amount_paid was set to NULL (simulated missing operational data),medium,2026-08-24
875,payments,PAY0007745,missing_amount_paid,amount_paid was set to NULL (simulated missing operational data),medium,2026-08-24
876,payments,PAY0007811,missing_amount_paid,amount_paid was set to NULL (simulated missing operational data),medium,2026-08-24
877,payments,PAY0007915,missing_amount_paid,amount_paid was set to NULL (simulated missing operational data),medium,2026-08-24
878,payments,PAY0007924,missing_amount_paid,amount_paid was set to NULL (simulated missing operational data),medium,2026-08-24
879,payments,PAY0007940,missing_amount_paid,amount_paid was set to NULL (simulated missing operational data),medium,2026-08-24
880,payments,PAY0008021,missing_amount_paid,amount_paid was set to NULL (simulated missing operational data),medium,2026-08-24
881,payments,PAY0008031,missing_amount_paid,amount_paid was set to NULL (simulated missing operational data),medium,2026-08-24
882,payments,PAY0008062,missing_amount_paid,amount_paid was set to NULL (simulated missing operational data),medium,2026-08-24
883,payments,PAY0008150,missing_amount_paid,amount_paid was set to NULL (simulated missing operational data),medium,2026-08-24
884,payments,PAY0008255,missing_amount_paid,amount_paid was set to NULL (simulated missing operational data),medium,2026-08-24
885,payments,PAY0008270,missing_amount_paid,amount_paid was set to NULL (simulated missing operational data),medium,2026-08-24
886,payments,PAY0008313,missing_amount_paid,amount_paid was set to NULL (simulated missing operational data),medium,2026-08-24
887,payments,PAY0008326,missing_amount_paid,amount_paid was set to NULL (simulated missing operational data),medium,2026-08-24
888,payments,PAY0008359,missing_amount_paid,amount_paid was set to NULL (simulated missing operational data),medium,2026-08-24
889,payments,PAY0008395,missing_amount_paid,amount_paid was set to NULL (simulated missing operational data),medium,2026-08-24
890,payments,PAY0008412,missing_amount_paid,amount_paid was set to NULL (simulated missing operational data),medium,2026-08-24
891,payments,PAY0008427,missing_amount_paid,amount_paid was set to NULL (simulated missing operational data),medium,2026-08-24
892,payments,PAY0008447,missing_amount_paid,amount_paid was set to NULL (simulated missing operational data),medium,2026-08-24
893,payments,PAY0008477,missing_amount_paid,amount_paid was set to NULL (simulated missing operational data),medium,2026-08-24
894,payments,PAY0008599,missing_amount_paid,amount_paid was set to NULL (simulated missing operational data),medium,2026-08-24
895,payments,PAY0008678,missing_amount_paid,amount_paid was set to NULL (simulated missing operational data),medium,2026-08-24
896,payments,PAY0008686,missing_amount_paid,amount_paid was set to NULL (simulated missing operational data),medium,2026-08-24
897,payments,PAY0008764,missing_amount_paid,amount_paid was set to NULL (simulated missing operational data),medium,2026-08-24
898,payments,PAY0008778,missing_amount_paid,amount_paid was set to NULL (simulated missing operational data),medium,2026-08-24
899,payments,PAY0008791,missing_amount_paid,amount_paid was set to NULL (simulated missing operational data),medium,2026-08-24
900,payments,PAY0008803,missing_amount_paid,amount_paid was set to NULL (simulated missing operational data),medium,2026-08-24
901,payments,PAY0008864,missing_amount_paid,amount_paid was set to NULL (simulated missing operational data),medium,2026-08-24
902,payments,PAY0008887,missing_amount_paid,amount_paid was set to NULL (simulated missing operational data),medium,2026-08-24
903,payments,PAY0008930,missing_amount_paid,amount_paid was set to NULL (simulated missing operational data),medium,2026-08-24
904,payments,PAY0008950,missing_amount_paid,amount_paid was set to NULL (simulated missing operational data),medium,2026-08-24
905,payments,PAY0008986,missing_amount_paid,amount_paid was set to NULL (simulated missing operational data),medium,2026-08-24
906,payments,PAY0009001,missing_amount_paid,amount_paid was set to NULL (simulated missing operational data),medium,2026-08-24
907,payments,PAY0009066,missing_amount_paid,amount_paid was set to NULL (simulated missing operational data),medium,2026-08-24
908,payments,PAY0009095,missing_amount_paid,amount_paid was set to NULL (simulated missing operational data),medium,2026-08-24
909,payments,PAY0009107,missing_amount_paid,amount_paid was set to NULL (simulated missing operational data),medium,2026-08-24
910,payments,PAY0009138,missing_amount_paid,amount_paid was set to NULL (simulated missing operational data),medium,2026-08-24
911,payments,PAY0009144,missing_amount_paid,amount_paid was set to NULL (simulated missing operational data),medium,2026-08-24
912,payments,PAY0009166,missing_amount_paid,amount_paid was set to NULL (simulated missing operational data),medium,2026-08-24
913,payments,PAY0009173,missing_amount_paid,amount_paid was set to NULL (simulated missing operational data),medium,2026-08-24
914,payments,PAY0009211,missing_amount_paid,amount_paid was set to NULL (simulated missing operational data),medium,2026-08-24
915,payments,PAY0009217,missing_amount_paid,amount_paid was set to NULL (simulated missing operational data),medium,2026-08-24
916,payments,PAY0009256,missing_amount_paid,amount_paid was set to NULL (simulated missing operational data),medium,2026-08-24
917,payments,PAY0009330,missing_amount_paid,amount_paid was set to NULL (simulated missing operational data),medium,2026-08-24
918,payments,PAY0009385,missing_amount_paid,amount_paid was set to NULL (simulated missing operational data),medium,2026-08-24
919,payments,PAY0009406,missing_amount_paid,amount_paid was set to NULL (simulated missing operational data),medium,2026-08-24
920,payments,PAY0009432,missing_amount_paid,amount_paid was set to NULL (simulated missing operational data),medium,2026-08-24
921,payments,PAY0009449,missing_amount_paid,amount_paid was set to NULL (simulated missing operational data),medium,2026-08-24
922,payments,PAY0009570,missing_amount_paid,amount_paid was set to NULL (simulated missing operational data),medium,2026-08-24
923,payments,PAY0009722,missing_amount_paid,amount_paid was set to NULL (simulated missing operational data),medium,2026-08-24
924,payments,PAY0009734,missing_amount_paid,amount_paid was set to NULL (simulated missing operational data),medium,2026-08-24
925,payments,PAY0009788,missing_amount_paid,amount_paid was set to NULL (simulated missing operational data),medium,2026-08-24
926,payments,PAY0009789,missing_amount_paid,amount_paid was set to NULL (simulated missing operational data),medium,2026-08-24
927,payments,PAY0009854,missing_amount_paid,amount_paid was set to NULL (simulated missing operational data),medium,2026-08-24
928,payments,PAY0009855,missing_amount_paid,amount_paid was set to NULL (simulated missing operational data),medium,2026-08-24
929,payments,PAY0009882,missing_amount_paid,amount_paid was set to NULL (simulated missing operational data),medium,2026-08-24
930,payments,PAY0009923,missing_amount_paid,amount_paid was set to NULL (simulated missing operational data),medium,2026-08-24
931,payments,PAY0009924,missing_amount_paid,amount_paid was set to NULL (simulated missing operational data),medium,2026-08-24
932,payments,PAY0009935,missing_amount_paid,amount_paid was set to NULL (simulated missing operational data),medium,2026-08-24
933,payments,PAY0009973,missing_amount_paid,amount_paid was set to NULL (simulated missing operational data),medium,2026-08-24
934,payments,PAY0009992,missing_amount_paid,amount_paid was set to NULL (simulated missing operational data),medium,2026-08-24
935,payments,PAY0010057,missing_amount_paid,amount_paid was set to NULL (simulated missing operational data),medium,2026-08-24
936,payments,PAY0010069,missing_amount_paid,amount_paid was set to NULL (simulated missing operational data),medium,2026-08-24
937,payments,PAY0010097,missing_amount_paid,amount_paid was set to NULL (simulated missing operational data),medium,2026-08-24
938,payments,PAY0010111,missing_amount_paid,amount_paid was set to NULL (simulated missing operational data),medium,2026-08-24
939,payments,PAY0010144,missing_amount_paid,amount_paid was set to NULL (simulated missing operational data),medium,2026-08-24
940,payments,PAY0010191,missing_amount_paid,amount_paid was set to NULL (simulated missing operational data),medium,2026-08-24
941,payments,PAY0010200,missing_amount_paid,amount_paid was set to NULL (simulated missing operational data),medium,2026-08-24
942,payments,PAY0010216,missing_amount_paid,amount_paid was set to NULL (simulated missing operational data),medium,2026-08-24
943,payments,PAY0010254,missing_amount_paid,amount_paid was set to NULL (simulated missing operational data),medium,2026-08-24
944,payments,PAY0010284,missing_amount_paid,amount_paid was set to NULL (simulated missing operational data),medium,2026-08-24
945,payments,PAY0010408,missing_amount_paid,amount_paid was set to NULL (simulated missing operational data),medium,2026-08-24
946,payments,PAY0010537,missing_amount_paid,amount_paid was set to NULL (simulated missing operational data),medium,2026-08-24
947,payments,PAY0010689,missing_amount_paid,amount_paid was set to NULL (simulated missing operational data),medium,2026-08-24
948,payments,PAY0010724,missing_amount_paid,amount_paid was set to NULL (simulated missing operational data),medium,2026-08-24
949,payments,PAY0010735,missing_amount_paid,amount_paid was set to NULL (simulated missing operational data),medium,2026-08-24
950,payments,PAY0010825,missing_amount_paid,amount_paid was set to NULL (simulated missing operational data),medium,2026-08-24
951,payments,PAY0010866,missing_amount_paid,amount_paid was set to NULL (simulated missing operational data),medium,2026-08-24
952,payments,PAY0010877,missing_amount_paid,amount_paid was set to NULL (simulated missing operational data),medium,2026-08-24
953,payments,PAY0010913,missing_amount_paid,amount_paid was set to NULL (simulated missing operational data),medium,2026-08-24
954,payments,PAY0011058,missing_amount_paid,amount_paid was set to NULL (simulated missing operational data),medium,2026-08-24
955,payments,PAY0011065,missing_amount_paid,amount_paid was set to NULL (simulated missing operational data),medium,2026-08-24
956,payments,PAY0011090,missing_amount_paid,amount_paid was set to NULL (simulated missing operational data),medium,2026-08-24
957,payments,PAY0011117,missing_amount_paid,amount_paid was set to NULL (simulated missing operational data),medium,2026-08-24
958,payments,PAY0011122,missing_amount_paid,amount_paid was set to NULL (simulated missing operational data),medium,2026-08-24
959,payments,PAY0011127,missing_amount_paid,amount_paid was set to NULL (simulated missing operational data),medium,2026-08-24
960,payments,PAY0011241,missing_amount_paid,amount_paid was set to NULL (simulated missing operational data),medium,2026-08-24
961,payments,PAY0011280,missing_amount_paid,amount_paid was set to NULL (simulated missing operational data),medium,2026-08-24
962,payments,PAY0011298,missing_amount_paid,amount_paid was set to NULL (simulated missing operational data),medium,2026-08-24
963,payments,PAY0011301,missing_amount_paid,amount_paid was set to NULL (simulated missing operational data),medium,2026-08-24
964,payments,PAY0011307,missing_amount_paid,amount_paid was set to NULL (simulated missing operational data),medium,2026-08-24
965,payments,PAY0011357,missing_amount_paid,amount_paid was set to NULL (simulated missing operational data),medium,2026-08-24
966,payments,PAY0011408,missing_amount_paid,amount_paid was set to NULL (simulated missing operational data),medium,2026-08-24
967,payments,PAY0011431,missing_amount_paid,amount_paid was set to NULL (simulated missing operational data),medium,2026-08-24
968,payments,PAY0011506,missing_amount_paid,amount_paid was set to NULL (simulated missing operational data),medium,2026-08-24
969,payments,PAY0011527,missing_amount_paid,amount_paid was set to NULL (simulated missing operational data),medium,2026-08-24
970,payments,PAY0011528,missing_amount_paid,amount_paid was set to NULL (simulated missing operational data),medium,2026-08-24
971,payments,PAY0011575,missing_amount_paid,amount_paid was set to NULL (simulated missing operational data),medium,2026-08-24
972,payments,PAY0011640,missing_amount_paid,amount_paid was set to NULL (simulated missing operational data),medium,2026-08-24
973,payments,PAY0011691,missing_amount_paid,amount_paid was set to NULL (simulated missing operational data),medium,2026-08-24
974,payments,PAY0011768,missing_amount_paid,amount_paid was set to NULL (simulated missing operational data),medium,2026-08-24
975,payments,PAY0011803,missing_amount_paid,amount_paid was set to NULL (simulated missing operational data),medium,2026-08-24
976,payments,PAY0011866,missing_amount_paid,amount_paid was set to NULL (simulated missing operational data),medium,2026-08-24
977,payments,PAY0012077,missing_amount_paid,amount_paid was set to NULL (simulated missing operational data),medium,2026-08-24
978,payments,PAY0012222,missing_amount_paid,amount_paid was set to NULL (simulated missing operational data),medium,2026-08-24
979,payments,PAY0012262,missing_amount_paid,amount_paid was set to NULL (simulated missing operational data),medium,2026-08-24
980,payments,PAY0012308,missing_amount_paid,amount_paid was set to NULL (simulated missing operational data),medium,2026-08-24
981,payments,PAY0012331,missing_amount_paid,amount_paid was set to NULL (simulated missing operational data),medium,2026-08-24
982,payments,PAY0012383,missing_amount_paid,amount_paid was set to NULL (simulated missing operational data),medium,2026-08-24
983,payments,PAY0012397,missing_amount_paid,amount_paid was set to NULL (simulated missing operational data),medium,2026-08-24
984,payments,PAY0012443,missing_amount_paid,amount_paid was set to NULL (simulated missing operational data),medium,2026-08-24
985,payments,PAY0012620,missing_amount_paid,amount_paid was set to NULL (simulated missing operational data),medium,2026-08-24
986,payments,PAY0012640,missing_amount_paid,amount_paid was set to NULL (simulated missing operational data),medium,2026-08-24
987,payments,PAY0012642,missing_amount_paid,amount_paid was set to NULL (simulated missing operational data),medium,2026-08-24
988,payments,PAY0012735,missing_amount_paid,amount_paid was set to NULL (simulated missing operational data),medium,2026-08-24
989,payments,PAY0012740,missing_amount_paid,amount_paid was set to NULL (simulated missing operational data),medium,2026-08-24
990,payments,PAY0012874,missing_amount_paid,amount_paid was set to NULL (simulated missing operational data),medium,2026-08-24
991,payments,PAY0012896,missing_amount_paid,amount_paid was set to NULL (simulated missing operational data),medium,2026-08-24
992,payments,PAY0012965,missing_amount_paid,amount_paid was set to NULL (simulated missing operational data),medium,2026-08-24
993,payments,PAY0013006,missing_amount_paid,amount_paid was set to NULL (simulated missing operational data),medium,2026-08-24
994,payments,PAY0013071,missing_amount_paid,amount_paid was set to NULL (simulated missing operational data),medium,2026-08-24
995,payments,PAY0013193,missing_amount_paid,amount_paid was set to NULL (simulated missing operational data),medium,2026-08-24
996,payments,PAY0013205,missing_amount_paid,amount_paid was set to NULL (simulated missing operational data),medium,2026-08-24
997,payments,PAY0013255,missing_amount_paid,amount_paid was set to NULL (simulated missing operational data),medium,2026-08-24
998,payments,PAY0013350,missing_amount_paid,amount_paid was set to NULL (simulated missing operational data),medium,2026-08-24
999,payments,PAY0013474,missing_amount_paid,amount_paid was set to NULL (simulated missing operational data),medium,2026-08-24
1000,payments,PAY0013512,missing_amount_paid,amount_paid was set to NULL (simulated missing operational data),medium,2026-08-24
1001,payments,PAY0013527,missing_amount_paid,amount_paid was set to NULL (simulated missing operational data),medium,2026-08-24
1002,payments,PAY0013584,missing_amount_paid,amount_paid was set to NULL (simulated missing operational data),medium,2026-08-24
1003,payments,PAY0013623,missing_amount_paid,amount_paid was set to NULL (simulated missing operational data),medium,2026-08-24
1004,payments,PAY0013638,missing_amount_paid,amount_paid was set to NULL (simulated missing operational data),medium,2026-08-24
1005,payments,PAY0013694,missing_amount_paid,amount_paid was set to NULL (simulated missing operational data),medium,2026-08-24
1006,payments,PAY0013721,missing_amount_paid,amount_paid was set to NULL (simulated missing operational data),medium,2026-08-24
1007,payments,PAY0013751,missing_amount_paid,amount_paid was set to NULL (simulated missing operational data),medium,2026-08-24
1008,payments,PAY0013766,missing_amount_paid,amount_paid was set to NULL (simulated missing operational data),medium,2026-08-24
1009,payments,PAY0013848,missing_amount_paid,amount_paid was set to NULL (simulated missing operational data),medium,2026-08-24
1010,payments,PAY0013895,missing_amount_paid,amount_paid was set to NULL (simulated missing operational data),medium,2026-08-24
1011,payments,PAY0013903,missing_amount_paid,amount_paid was set to NULL (simulated missing operational data),medium,2026-08-24
1012,payments,PAY0013937,missing_amount_paid,amount_paid was set to NULL (simulated missing operational data),medium,2026-08-24
1013,payments,PAY0013953,missing_amount_paid,amount_paid was set to NULL (simulated missing operational data),medium,2026-08-24
1014,payments,PAY0014083,missing_amount_paid,amount_paid was set to NULL (simulated missing operational data),medium,2026-08-24
1015,payments,PAY0014117,missing_amount_paid,amount_paid was set to NULL (simulated missing operational data),medium,2026-08-24
1016,payments,PAY0014138,missing_amount_paid,amount_paid was set to NULL (simulated missing operational data),medium,2026-08-24
1017,payments,PAY0014139,missing_amount_paid,amount_paid was set to NULL (simulated missing operational data),medium,2026-08-24
1018,payments,PAY0014159,missing_amount_paid,amount_paid was set to NULL (simulated missing operational data),medium,2026-08-24
1019,payments,PAY0014202,missing_amount_paid,amount_paid was set to NULL (simulated missing operational data),medium,2026-08-24
1020,payments,PAY0014203,missing_amount_paid,amount_paid was set to NULL (simulated missing operational data),medium,2026-08-24
1021,payments,PAY0014315,missing_amount_paid,amount_paid was set to NULL (simulated missing operational data),medium,2026-08-24
1022,payments,PAY0014375,missing_amount_paid,amount_paid was set to NULL (simulated missing operational data),medium,2026-08-24
1023,payments,PAY0014382,missing_amount_paid,amount_paid was set to NULL (simulated missing operational data),medium,2026-08-24
1024,payments,PAY0014409,missing_amount_paid,amount_paid was set to NULL (simulated missing operational data),medium,2026-08-24
1025,payments,PAY0014447,missing_amount_paid,amount_paid was set to NULL (simulated missing operational data),medium,2026-08-24
1026,payments,PAY0014449,missing_amount_paid,amount_paid was set to NULL (simulated missing operational data),medium,2026-08-24
1027,payments,PAY0014488,missing_amount_paid,amount_paid was set to NULL (simulated missing operational data),medium,2026-08-24
1028,payments,PAY0014543,missing_amount_paid,amount_paid was set to NULL (simulated missing operational data),medium,2026-08-24
1029,payments,PAY0014669,missing_amount_paid,amount_paid was set to NULL (simulated missing operational data),medium,2026-08-24
1030,payments,PAY0014716,missing_amount_paid,amount_paid was set to NULL (simulated missing operational data),medium,2026-08-24
1031,payments,PAY0014800,missing_amount_paid,amount_paid was set to NULL (simulated missing operational data),medium,2026-08-24
1032,payments,PAY0014823,missing_amount_paid,amount_paid was set to NULL (simulated missing operational data),medium,2026-08-24
1033,payments,PAY0014825,missing_amount_paid,amount_paid was set to NULL (simulated missing operational data),medium,2026-08-24
1034,payments,PAY0014851,missing_amount_paid,amount_paid was set to NULL (simulated missing operational data),medium,2026-08-24
1035,payments,PAY0014897,missing_amount_paid,amount_paid was set to NULL (simulated missing operational data),medium,2026-08-24
1036,payments,PAY0014929,missing_amount_paid,amount_paid was set to NULL (simulated missing operational data),medium,2026-08-24
1037,payments,PAY0014954,missing_amount_paid,amount_paid was set to NULL (simulated missing operational data),medium,2026-08-24
1038,payments,PAY0014963,missing_amount_paid,amount_paid was set to NULL (simulated missing operational data),medium,2026-08-24
1039,payments,PAY0014990,missing_amount_paid,amount_paid was set to NULL (simulated missing operational data),medium,2026-08-24
1040,payments,PAY0015086,missing_amount_paid,amount_paid was set to NULL (simulated missing operational data),medium,2026-08-24
1041,payments,PAY0015108,missing_amount_paid,amount_paid was set to NULL (simulated missing operational data),medium,2026-08-24
1042,payments,PAY0015151,missing_amount_paid,amount_paid was set to NULL (simulated missing operational data),medium,2026-08-24
1043,payments,PAY0015154,missing_amount_paid,amount_paid was set to NULL (simulated missing operational data),medium,2026-08-24
1044,payments,PAY0015214,missing_amount_paid,amount_paid was set to NULL (simulated missing operational data),medium,2026-08-24
1045,payments,PAY0015229,missing_amount_paid,amount_paid was set to NULL (simulated missing operational data),medium,2026-08-24
1046,payments,PAY0015295,missing_amount_paid,amount_paid was set to NULL (simulated missing operational data),medium,2026-08-24
1047,payments,PAY0015379,missing_amount_paid,amount_paid was set to NULL (simulated missing operational data),medium,2026-08-24
1048,payments,PAY0015415,missing_amount_paid,amount_paid was set to NULL (simulated missing operational data),medium,2026-08-24
1049,payments,PAY0015494,missing_amount_paid,amount_paid was set to NULL (simulated missing operational data),medium,2026-08-24
1050,payments,PAY0015542,missing_amount_paid,amount_paid was set to NULL (simulated missing operational data),medium,2026-08-24
1051,payments,PAY0015563,missing_amount_paid,amount_paid was set to NULL (simulated missing operational data),medium,2026-08-24
1052,payments,PAY0015571,missing_amount_paid,amount_paid was set to NULL (simulated missing operational data),medium,2026-08-24
1053,payments,PAY0015595,missing_amount_paid,amount_paid was set to NULL (simulated missing operational data),medium,2026-08-24
1054,payments,PAY0015800,missing_amount_paid,amount_paid was set to NULL (simulated missing operational data),medium,2026-08-24
1055,payments,PAY0015869,missing_amount_paid,amount_paid was set to NULL (simulated missing operational data),medium,2026-08-24
1056,payments,PAY0015929,missing_amount_paid,amount_paid was set to NULL (simulated missing operational data),medium,2026-08-24
1057,payments,PAY0016074,missing_amount_paid,amount_paid was set to NULL (simulated missing operational data),medium,2026-08-24
1058,payments,PAY0016096,missing_amount_paid,amount_paid was set to NULL (simulated missing operational data),medium,2026-08-24
1059,payments,PAY0016103,missing_amount_paid,amount_paid was set to NULL (simulated missing operational data),medium,2026-08-24
1060,payments,PAY0016127,missing_amount_paid,amount_paid was set to NULL (simulated missing operational data),medium,2026-08-24
1061,payments,PAY0016262,missing_amount_paid,amount_paid was set to NULL (simulated missing operational data),medium,2026-08-24
1062,payments,PAY0016286,missing_amount_paid,amount_paid was set to NULL (simulated missing operational data),medium,2026-08-24
1063,payments,PAY0016519,missing_amount_paid,amount_paid was set to NULL (simulated missing operational data),medium,2026-08-24
1064,payments,PAY0016564,missing_amount_paid,amount_paid was set to NULL (simulated missing operational data),medium,2026-08-24
1065,payments,PAY0016607,missing_amount_paid,amount_paid was set to NULL (simulated missing operational data),medium,2026-08-24
1066,payments,PAY0016611,missing_amount_paid,amount_paid was set to NULL (simulated missing operational data),medium,2026-08-24
1067,payments,PAY0016632,missing_amount_paid,amount_paid was set to NULL (simulated missing operational data),medium,2026-08-24
1068,payments,PAY0016661,missing_amount_paid,amount_paid was set to NULL (simulated missing operational data),medium,2026-08-24
1069,payments,PAY0016684,missing_amount_paid,amount_paid was set to NULL (simulated missing operational data),medium,2026-08-24
1070,payments,PAY0016762,missing_amount_paid,amount_paid was set to NULL (simulated missing operational data),medium,2026-08-24
1071,payments,PAY0016784,missing_amount_paid,amount_paid was set to NULL (simulated missing operational data),medium,2026-08-24
1072,payments,PAY0016842,missing_amount_paid,amount_paid was set to NULL (simulated missing operational data),medium,2026-08-24
1073,payments,PAY0016911,missing_amount_paid,amount_paid was set to NULL (simulated missing operational data),medium,2026-08-24
1074,payments,PAY0016960,missing_amount_paid,amount_paid was set to NULL (simulated missing operational data),medium,2026-08-24
1075,payments,PAY0016966,missing_amount_paid,amount_paid was set to NULL (simulated missing operational data),medium,2026-08-24
1076,payments,PAY0016967,missing_amount_paid,amount_paid was set to NULL (simulated missing operational data),medium,2026-08-24
1077,payments,PAY0017047,missing_amount_paid,amount_paid was set to NULL (simulated missing operational data),medium,2026-08-24
1078,payments,PAY0017252,missing_amount_paid,amount_paid was set to NULL (simulated missing operational data),medium,2026-08-24
1079,payments,PAY0017346,missing_amount_paid,amount_paid was set to NULL (simulated missing operational data),medium,2026-08-24
1080,payments,PAY0017377,missing_amount_paid,amount_paid was set to NULL (simulated missing operational data),medium,2026-08-24
1081,payments,PAY0017389,missing_amount_paid,amount_paid was set to NULL (simulated missing operational data),medium,2026-08-24
1082,payments,PAY0017496,missing_amount_paid,amount_paid was set to NULL (simulated missing operational data),medium,2026-08-24
1083,payments,PAY0017511,missing_amount_paid,amount_paid was set to NULL (simulated missing operational data),medium,2026-08-24
1084,payments,PAY0017562,missing_amount_paid,amount_paid was set to NULL (simulated missing operational data),medium,2026-08-24
1085,payments,PAY0017634,missing_amount_paid,amount_paid was set to NULL (simulated missing operational data),medium,2026-08-24
1086,payments,PAY0017779,missing_amount_paid,amount_paid was set to NULL (simulated missing operational data),medium,2026-08-24
1087,payments,PAY0017892,missing_amount_paid,amount_paid was set to NULL (simulated missing operational data),medium,2026-08-24
1088,payments,PAY0018094,missing_amount_paid,amount_paid was set to NULL (simulated missing operational data),medium,2026-08-24
1089,payments,PAY0018096,missing_amount_paid,amount_paid was set to NULL (simulated missing operational data),medium,2026-08-24
1090,payments,PAY0018211,missing_amount_paid,amount_paid was set to NULL (simulated missing operational data),medium,2026-08-24
1091,payments,PAY0018273,missing_amount_paid,amount_paid was set to NULL (simulated missing operational data),medium,2026-08-24
1092,payments,PAY0018277,missing_amount_paid,amount_paid was set to NULL (simulated missing operational data),medium,2026-08-24
1093,payments,PAY0018284,missing_amount_paid,amount_paid was set to NULL (simulated missing operational data),medium,2026-08-24
1094,payments,PAY0018303,missing_amount_paid,amount_paid was set to NULL (simulated missing operational data),medium,2026-08-24
1095,payments,PAY0018311,missing_amount_paid,amount_paid was set to NULL (simulated missing operational data),medium,2026-08-24
1096,payments,PAY0018322,missing_amount_paid,amount_paid was set to NULL (simulated missing operational data),medium,2026-08-24
1097,payments,PAY0018384,missing_amount_paid,amount_paid was set to NULL (simulated missing operational data),medium,2026-08-24
1098,payments,PAY0018427,missing_amount_paid,amount_paid was set to NULL (simulated missing operational data),medium,2026-08-24
1099,payments,PAY0018542,missing_amount_paid,amount_paid was set to NULL (simulated missing operational data),medium,2026-08-24
1100,payments,PAY0018600,missing_amount_paid,amount_paid was set to NULL (simulated missing operational data),medium,2026-08-24
1101,payments,PAY0018621,missing_amount_paid,amount_paid was set to NULL (simulated missing operational data),medium,2026-08-24
1102,payments,PAY0018795,missing_amount_paid,amount_paid was set to NULL (simulated missing operational data),medium,2026-08-24
1103,payments,PAY0018837,missing_amount_paid,amount_paid was set to NULL (simulated missing operational data),medium,2026-08-24
1104,payments,PAY0018849,missing_amount_paid,amount_paid was set to NULL (simulated missing operational data),medium,2026-08-24
1105,payments,PAY0019042,missing_amount_paid,amount_paid was set to NULL (simulated missing operational data),medium,2026-08-24
1106,payments,PAY0019060,missing_amount_paid,amount_paid was set to NULL (simulated missing operational data),medium,2026-08-24
1107,payments,PAY0019142,missing_amount_paid,amount_paid was set to NULL (simulated missing operational data),medium,2026-08-24
1108,payments,PAY0019192,missing_amount_paid,amount_paid was set to NULL (simulated missing operational data),medium,2026-08-24
1109,payments,PAY0019227,missing_amount_paid,amount_paid was set to NULL (simulated missing operational data),medium,2026-08-24
1110,payments,PAY0019248,missing_amount_paid,amount_paid was set to NULL (simulated missing operational data),medium,2026-08-24
1111,payments,PAY0019277,missing_amount_paid,amount_paid was set to NULL (simulated missing operational data),medium,2026-08-24
1112,payments,PAY0019353,missing_amount_paid,amount_paid was set to NULL (simulated missing operational data),medium,2026-08-24
1113,payments,PAY0019384,missing_amount_paid,amount_paid was set to NULL (simulated missing operational data),medium,2026-08-24
1114,payments,PAY0019433,missing_amount_paid,amount_paid was set to NULL (simulated missing operational data),medium,2026-08-24
1115,payments,PAY0019441,missing_amount_paid,amount_paid was set to NULL (simulated missing operational data),medium,2026-08-24
1116,payments,PAY0019499,missing_amount_paid,amount_paid was set to NULL (simulated missing operational data),medium,2026-08-24
1117,payments,PAY0019505,missing_amount_paid,amount_paid was set to NULL (simulated missing operational data),medium,2026-08-24
1118,payments,PAY0019608,missing_amount_paid,amount_paid was set to NULL (simulated missing operational data),medium,2026-08-24
1119,payments,PAY0019658,missing_amount_paid,amount_paid was set to NULL (simulated missing operational data),medium,2026-08-24
1120,payments,PAY0019679,missing_amount_paid,amount_paid was set to NULL (simulated missing operational data),medium,2026-08-24
1121,payments,PAY0019779,missing_amount_paid,amount_paid was set to NULL (simulated missing operational data),medium,2026-08-24
1122,payments,PAY0019795,missing_amount_paid,amount_paid was set to NULL (simulated missing operational data),medium,2026-08-24
1123,payments,PAY0019804,missing_amount_paid,amount_paid was set to NULL (simulated missing operational data),medium,2026-08-24
1124,payments,PAY0019837,missing_amount_paid,amount_paid was set to NULL (simulated missing operational data),medium,2026-08-24
1125,payments,PAY0019895,missing_amount_paid,amount_paid was set to NULL (simulated missing operational data),medium,2026-08-24
1126,payments,PAY0019914,missing_amount_paid,amount_paid was set to NULL (simulated missing operational data),medium,2026-08-24
1127,payments,PAY0019941,missing_amount_paid,amount_paid was set to NULL (simulated missing operational data),medium,2026-08-24
1128,payments,PAY0019946,missing_amount_paid,amount_paid was set to NULL (simulated missing operational data),medium,2026-08-24
1129,credit_history,CRHIST0000011,missing_credit_score,credit_score was set to NULL (simulated missing operational data),medium,2026-08-24
1130,credit_history,CRHIST0000048,missing_credit_score,credit_score was set to NULL (simulated missing operational data),medium,2026-08-24
1131,credit_history,CRHIST0000209,missing_credit_score,credit_score was set to NULL (simulated missing operational data),medium,2026-08-24
1132,credit_history,CRHIST0000291,missing_credit_score,credit_score was set to NULL (simulated missing operational data),medium,2026-08-24
1133,credit_history,CRHIST0000301,missing_credit_score,credit_score was set to NULL (simulated missing operational data),medium,2026-08-24
1134,credit_history,CRHIST0000316,missing_credit_score,credit_score was set to NULL (simulated missing operational data),medium,2026-08-24
1135,credit_history,CRHIST0000361,missing_credit_score,credit_score was set to NULL (simulated missing operational data),medium,2026-08-24
1136,credit_history,CRHIST0000371,missing_credit_score,credit_score was set to NULL (simulated missing operational data),medium,2026-08-24
1137,credit_history,CRHIST0000389,missing_credit_score,credit_score was set to NULL (simulated missing operational data),medium,2026-08-24
1138,credit_history,CRHIST0000406,missing_credit_score,credit_score was set to NULL (simulated missing operational data),medium,2026-08-24
1139,credit_history,CRHIST0000600,missing_credit_score,credit_score was set to NULL (simulated missing operational data),medium,2026-08-24
1140,credit_history,CRHIST0000738,missing_credit_score,credit_score was set to NULL (simulated missing operational data),medium,2026-08-24
1141,credit_history,CRHIST0000810,missing_credit_score,credit_score was set to NULL (simulated missing operational data),medium,2026-08-24
1142,credit_history,CRHIST0000819,missing_credit_score,credit_score was set to NULL (simulated missing operational data),medium,2026-08-24
1143,credit_history,CRHIST0000846,missing_credit_score,credit_score was set to NULL (simulated missing operational data),medium,2026-08-24
1144,credit_history,CRHIST0000864,missing_credit_score,credit_score was set to NULL (simulated missing operational data),medium,2026-08-24
1145,credit_history,CRHIST0000867,missing_credit_score,credit_score was set to NULL (simulated missing operational data),medium,2026-08-24
1146,credit_history,CRHIST0001056,missing_credit_score,credit_score was set to NULL (simulated missing operational data),medium,2026-08-24
1147,credit_history,CRHIST0001135,missing_credit_score,credit_score was set to NULL (simulated missing operational data),medium,2026-08-24
1148,credit_history,CRHIST0001240,missing_credit_score,credit_score was set to NULL (simulated missing operational data),medium,2026-08-24
1149,credit_history,CRHIST0001303,missing_credit_score,credit_score was set to NULL (simulated missing operational data),medium,2026-08-24
1150,credit_history,CRHIST0001357,missing_credit_score,credit_score was set to NULL (simulated missing operational data),medium,2026-08-24
1151,credit_history,CRHIST0001459,missing_credit_score,credit_score was set to NULL (simulated missing operational data),medium,2026-08-24
1152,credit_history,CRHIST0001477,missing_credit_score,credit_score was set to NULL (simulated missing operational data),medium,2026-08-24
1153,credit_history,CRHIST0001501,missing_credit_score,credit_score was set to NULL (simulated missing operational data),medium,2026-08-24
1154,credit_history,CRHIST0001562,missing_credit_score,credit_score was set to NULL (simulated missing operational data),medium,2026-08-24
1155,credit_history,CRHIST0001604,missing_credit_score,credit_score was set to NULL (simulated missing operational data),medium,2026-08-24
1156,credit_history,CRHIST0001611,missing_credit_score,credit_score was set to NULL (simulated missing operational data),medium,2026-08-24
1157,credit_history,CRHIST0001669,missing_credit_score,credit_score was set to NULL (simulated missing operational data),medium,2026-08-24
1158,credit_history,CRHIST0001700,missing_credit_score,credit_score was set to NULL (simulated missing operational data),medium,2026-08-24
1159,credit_history,CRHIST0001709,missing_credit_score,credit_score was set to NULL (simulated missing operational data),medium,2026-08-24
1160,credit_history,CRHIST0001727,missing_credit_score,credit_score was set to NULL (simulated missing operational data),medium,2026-08-24
1161,credit_history,CRHIST0001757,missing_credit_score,credit_score was set to NULL (simulated missing operational data),medium,2026-08-24
1162,credit_history,CRHIST0001760,missing_credit_score,credit_score was set to NULL (simulated missing operational data),medium,2026-08-24
1163,credit_history,CRHIST0001801,missing_credit_score,credit_score was set to NULL (simulated missing operational data),medium,2026-08-24
1164,credit_history,CRHIST0001850,missing_credit_score,credit_score was set to NULL (simulated missing operational data),medium,2026-08-24
1165,credit_history,CRHIST0001930,missing_credit_score,credit_score was set to NULL (simulated missing operational data),medium,2026-08-24
1166,credit_history,CRHIST0002024,missing_credit_score,credit_score was set to NULL (simulated missing operational data),medium,2026-08-24
1167,credit_history,CRHIST0002104,missing_credit_score,credit_score was set to NULL (simulated missing operational data),medium,2026-08-24
1168,credit_history,CRHIST0002124,missing_credit_score,credit_score was set to NULL (simulated missing operational data),medium,2026-08-24
1169,credit_history,CRHIST0002155,missing_credit_score,credit_score was set to NULL (simulated missing operational data),medium,2026-08-24
1170,credit_history,CRHIST0002160,missing_credit_score,credit_score was set to NULL (simulated missing operational data),medium,2026-08-24
1171,credit_history,CRHIST0002197,missing_credit_score,credit_score was set to NULL (simulated missing operational data),medium,2026-08-24
1172,credit_history,CRHIST0002198,missing_credit_score,credit_score was set to NULL (simulated missing operational data),medium,2026-08-24
1173,credit_history,CRHIST0002304,missing_credit_score,credit_score was set to NULL (simulated missing operational data),medium,2026-08-24
1174,credit_history,CRHIST0002456,missing_credit_score,credit_score was set to NULL (simulated missing operational data),medium,2026-08-24
1175,credit_history,CRHIST0002619,missing_credit_score,credit_score was set to NULL (simulated missing operational data),medium,2026-08-24
1176,credit_history,CRHIST0002634,missing_credit_score,credit_score was set to NULL (simulated missing operational data),medium,2026-08-24
1177,credit_history,CRHIST0002663,missing_credit_score,credit_score was set to NULL (simulated missing operational data),medium,2026-08-24
1178,credit_history,CRHIST0002727,missing_credit_score,credit_score was set to NULL (simulated missing operational data),medium,2026-08-24
1179,credit_history,CRHIST0002749,missing_credit_score,credit_score was set to NULL (simulated missing operational data),medium,2026-08-24
1180,credit_history,CRHIST0002808,missing_credit_score,credit_score was set to NULL (simulated missing operational data),medium,2026-08-24
1181,credit_history,CRHIST0002864,missing_credit_score,credit_score was set to NULL (simulated missing operational data),medium,2026-08-24
1182,credit_history,CRHIST0002908,missing_credit_score,credit_score was set to NULL (simulated missing operational data),medium,2026-08-24
1183,credit_history,CRHIST0003013,missing_credit_score,credit_score was set to NULL (simulated missing operational data),medium,2026-08-24
1184,credit_history,CRHIST0003018,missing_credit_score,credit_score was set to NULL (simulated missing operational data),medium,2026-08-24
1185,credit_history,CRHIST0003028,missing_credit_score,credit_score was set to NULL (simulated missing operational data),medium,2026-08-24
1186,credit_history,CRHIST0003078,missing_credit_score,credit_score was set to NULL (simulated missing operational data),medium,2026-08-24
1187,credit_history,CRHIST0003139,missing_credit_score,credit_score was set to NULL (simulated missing operational data),medium,2026-08-24
1188,credit_history,CRHIST0003175,missing_credit_score,credit_score was set to NULL (simulated missing operational data),medium,2026-08-24
1189,credit_history,CRHIST0003186,missing_credit_score,credit_score was set to NULL (simulated missing operational data),medium,2026-08-24
1190,credit_history,CRHIST0003262,missing_credit_score,credit_score was set to NULL (simulated missing operational data),medium,2026-08-24
1191,credit_history,CRHIST0003333,missing_credit_score,credit_score was set to NULL (simulated missing operational data),medium,2026-08-24
1192,credit_history,CRHIST0003341,missing_credit_score,credit_score was set to NULL (simulated missing operational data),medium,2026-08-24
1193,credit_history,CRHIST0003363,missing_credit_score,credit_score was set to NULL (simulated missing operational data),medium,2026-08-24
1194,credit_history,CRHIST0003390,missing_credit_score,credit_score was set to NULL (simulated missing operational data),medium,2026-08-24
1195,credit_history,CRHIST0003397,missing_credit_score,credit_score was set to NULL (simulated missing operational data),medium,2026-08-24
1196,credit_history,CRHIST0003427,missing_credit_score,credit_score was set to NULL (simulated missing operational data),medium,2026-08-24
1197,credit_history,CRHIST0003431,missing_credit_score,credit_score was set to NULL (simulated missing operational data),medium,2026-08-24
1198,credit_history,CRHIST0003435,missing_credit_score,credit_score was set to NULL (simulated missing operational data),medium,2026-08-24
1199,credit_history,CRHIST0003452,missing_credit_score,credit_score was set to NULL (simulated missing operational data),medium,2026-08-24
1200,credit_history,CRHIST0003516,missing_credit_score,credit_score was set to NULL (simulated missing operational data),medium,2026-08-24
1201,credit_history,CRHIST0003537,missing_credit_score,credit_score was set to NULL (simulated missing operational data),medium,2026-08-24
1202,credit_history,CRHIST0003573,missing_credit_score,credit_score was set to NULL (simulated missing operational data),medium,2026-08-24
1203,credit_history,CRHIST0003610,missing_credit_score,credit_score was set to NULL (simulated missing operational data),medium,2026-08-24
1204,credit_history,CRHIST0003614,missing_credit_score,credit_score was set to NULL (simulated missing operational data),medium,2026-08-24
1205,credit_history,CRHIST0003675,missing_credit_score,credit_score was set to NULL (simulated missing operational data),medium,2026-08-24
1206,credit_history,CRHIST0003683,missing_credit_score,credit_score was set to NULL (simulated missing operational data),medium,2026-08-24
1207,credit_history,CRHIST0003730,missing_credit_score,credit_score was set to NULL (simulated missing operational data),medium,2026-08-24
1208,credit_history,CRHIST0003750,missing_credit_score,credit_score was set to NULL (simulated missing operational data),medium,2026-08-24
1209,credit_history,CRHIST0003843,missing_credit_score,credit_score was set to NULL (simulated missing operational data),medium,2026-08-24
1210,credit_history,CRHIST0004017,missing_credit_score,credit_score was set to NULL (simulated missing operational data),medium,2026-08-24
1211,credit_history,CRHIST0004111,missing_credit_score,credit_score was set to NULL (simulated missing operational data),medium,2026-08-24
1212,credit_history,CRHIST0004136,missing_credit_score,credit_score was set to NULL (simulated missing operational data),medium,2026-08-24
1213,credit_history,CRHIST0004236,missing_credit_score,credit_score was set to NULL (simulated missing operational data),medium,2026-08-24
1214,credit_history,CRHIST0004265,missing_credit_score,credit_score was set to NULL (simulated missing operational data),medium,2026-08-24
1215,credit_history,CRHIST0004271,missing_credit_score,credit_score was set to NULL (simulated missing operational data),medium,2026-08-24
1216,credit_history,CRHIST0004290,missing_credit_score,credit_score was set to NULL (simulated missing operational data),medium,2026-08-24
1217,credit_history,CRHIST0004403,missing_credit_score,credit_score was set to NULL (simulated missing operational data),medium,2026-08-24
1218,credit_history,CRHIST0004404,missing_credit_score,credit_score was set to NULL (simulated missing operational data),medium,2026-08-24
1219,credit_history,CRHIST0004445,missing_credit_score,credit_score was set to NULL (simulated missing operational data),medium,2026-08-24
1220,credit_history,CRHIST0004484,missing_credit_score,credit_score was set to NULL (simulated missing operational data),medium,2026-08-24
1221,credit_history,CRHIST0004485,missing_credit_score,credit_score was set to NULL (simulated missing operational data),medium,2026-08-24
1222,credit_history,CRHIST0004503,missing_credit_score,credit_score was set to NULL (simulated missing operational data),medium,2026-08-24
1223,credit_history,CRHIST0004511,missing_credit_score,credit_score was set to NULL (simulated missing operational data),medium,2026-08-24
1224,credit_history,CRHIST0004531,missing_credit_score,credit_score was set to NULL (simulated missing operational data),medium,2026-08-24
1225,credit_history,CRHIST0004662,missing_credit_score,credit_score was set to NULL (simulated missing operational data),medium,2026-08-24
1226,credit_history,CRHIST0004674,missing_credit_score,credit_score was set to NULL (simulated missing operational data),medium,2026-08-24
1227,credit_history,CRHIST0004834,missing_credit_score,credit_score was set to NULL (simulated missing operational data),medium,2026-08-24
1228,credit_history,CRHIST0004858,missing_credit_score,credit_score was set to NULL (simulated missing operational data),medium,2026-08-24
1229,credit_history,CRHIST0004978,missing_credit_score,credit_score was set to NULL (simulated missing operational data),medium,2026-08-24
1230,credit_history,CRHIST0004989,missing_credit_score,credit_score was set to NULL (simulated missing operational data),medium,2026-08-24
1231,credit_history,CRHIST0005051,missing_credit_score,credit_score was set to NULL (simulated missing operational data),medium,2026-08-24
1232,credit_history,CRHIST0005068,missing_credit_score,credit_score was set to NULL (simulated missing operational data),medium,2026-08-24
1233,credit_history,CRHIST0005082,missing_credit_score,credit_score was set to NULL (simulated missing operational data),medium,2026-08-24
1234,credit_history,CRHIST0005112,missing_credit_score,credit_score was set to NULL (simulated missing operational data),medium,2026-08-24
1235,credit_history,CRHIST0005117,missing_credit_score,credit_score was set to NULL (simulated missing operational data),medium,2026-08-24
1236,credit_history,CRHIST0005383,missing_credit_score,credit_score was set to NULL (simulated missing operational data),medium,2026-08-24
1237,credit_history,CRHIST0005441,missing_credit_score,credit_score was set to NULL (simulated missing operational data),medium,2026-08-24
1238,credit_history,CRHIST0005480,missing_credit_score,credit_score was set to NULL (simulated missing operational data),medium,2026-08-24
1239,credit_history,CRHIST0005503,missing_credit_score,credit_score was set to NULL (simulated missing operational data),medium,2026-08-24
1240,credit_history,CRHIST0005520,missing_credit_score,credit_score was set to NULL (simulated missing operational data),medium,2026-08-24
1241,credit_history,CRHIST0005543,missing_credit_score,credit_score was set to NULL (simulated missing operational data),medium,2026-08-24
1242,credit_history,CRHIST0005559,missing_credit_score,credit_score was set to NULL (simulated missing operational data),medium,2026-08-24
1243,credit_history,CRHIST0005599,missing_credit_score,credit_score was set to NULL (simulated missing operational data),medium,2026-08-24
1244,credit_history,CRHIST0005809,missing_credit_score,credit_score was set to NULL (simulated missing operational data),medium,2026-08-24
1245,credit_history,CRHIST0005818,missing_credit_score,credit_score was set to NULL (simulated missing operational data),medium,2026-08-24
1246,credit_history,CRHIST0005927,missing_credit_score,credit_score was set to NULL (simulated missing operational data),medium,2026-08-24
1247,credit_history,CRHIST0005977,missing_credit_score,credit_score was set to NULL (simulated missing operational data),medium,2026-08-24
1248,credit_history,CRHIST0006004,missing_credit_score,credit_score was set to NULL (simulated missing operational data),medium,2026-08-24
1249,credit_history,CRHIST0006029,missing_credit_score,credit_score was set to NULL (simulated missing operational data),medium,2026-08-24
1250,credit_history,CRHIST0000057,missing_total_outstanding_debt,total_outstanding_debt was set to NULL (simulated missing operational data),medium,2026-08-24
1251,credit_history,CRHIST0000070,missing_total_outstanding_debt,total_outstanding_debt was set to NULL (simulated missing operational data),medium,2026-08-24
1252,credit_history,CRHIST0000149,missing_total_outstanding_debt,total_outstanding_debt was set to NULL (simulated missing operational data),medium,2026-08-24
1253,credit_history,CRHIST0000314,missing_total_outstanding_debt,total_outstanding_debt was set to NULL (simulated missing operational data),medium,2026-08-24
1254,credit_history,CRHIST0000379,missing_total_outstanding_debt,total_outstanding_debt was set to NULL (simulated missing operational data),medium,2026-08-24
1255,credit_history,CRHIST0000450,missing_total_outstanding_debt,total_outstanding_debt was set to NULL (simulated missing operational data),medium,2026-08-24
1256,credit_history,CRHIST0000465,missing_total_outstanding_debt,total_outstanding_debt was set to NULL (simulated missing operational data),medium,2026-08-24
1257,credit_history,CRHIST0000478,missing_total_outstanding_debt,total_outstanding_debt was set to NULL (simulated missing operational data),medium,2026-08-24
1258,credit_history,CRHIST0000484,missing_total_outstanding_debt,total_outstanding_debt was set to NULL (simulated missing operational data),medium,2026-08-24
1259,credit_history,CRHIST0000547,missing_total_outstanding_debt,total_outstanding_debt was set to NULL (simulated missing operational data),medium,2026-08-24
1260,credit_history,CRHIST0000587,missing_total_outstanding_debt,total_outstanding_debt was set to NULL (simulated missing operational data),medium,2026-08-24
1261,credit_history,CRHIST0000610,missing_total_outstanding_debt,total_outstanding_debt was set to NULL (simulated missing operational data),medium,2026-08-24
1262,credit_history,CRHIST0000611,missing_total_outstanding_debt,total_outstanding_debt was set to NULL (simulated missing operational data),medium,2026-08-24
1263,credit_history,CRHIST0000662,missing_total_outstanding_debt,total_outstanding_debt was set to NULL (simulated missing operational data),medium,2026-08-24
1264,credit_history,CRHIST0000676,missing_total_outstanding_debt,total_outstanding_debt was set to NULL (simulated missing operational data),medium,2026-08-24
1265,credit_history,CRHIST0000718,missing_total_outstanding_debt,total_outstanding_debt was set to NULL (simulated missing operational data),medium,2026-08-24
1266,credit_history,CRHIST0000976,missing_total_outstanding_debt,total_outstanding_debt was set to NULL (simulated missing operational data),medium,2026-08-24
1267,credit_history,CRHIST0001032,missing_total_outstanding_debt,total_outstanding_debt was set to NULL (simulated missing operational data),medium,2026-08-24
1268,credit_history,CRHIST0001043,missing_total_outstanding_debt,total_outstanding_debt was set to NULL (simulated missing operational data),medium,2026-08-24
1269,credit_history,CRHIST0001115,missing_total_outstanding_debt,total_outstanding_debt was set to NULL (simulated missing operational data),medium,2026-08-24
1270,credit_history,CRHIST0001141,missing_total_outstanding_debt,total_outstanding_debt was set to NULL (simulated missing operational data),medium,2026-08-24
1271,credit_history,CRHIST0001156,missing_total_outstanding_debt,total_outstanding_debt was set to NULL (simulated missing operational data),medium,2026-08-24
1272,credit_history,CRHIST0001163,missing_total_outstanding_debt,total_outstanding_debt was set to NULL (simulated missing operational data),medium,2026-08-24
1273,credit_history,CRHIST0001238,missing_total_outstanding_debt,total_outstanding_debt was set to NULL (simulated missing operational data),medium,2026-08-24
1274,credit_history,CRHIST0001260,missing_total_outstanding_debt,total_outstanding_debt was set to NULL (simulated missing operational data),medium,2026-08-24
1275,credit_history,CRHIST0001275,missing_total_outstanding_debt,total_outstanding_debt was set to NULL (simulated missing operational data),medium,2026-08-24
1276,credit_history,CRHIST0001388,missing_total_outstanding_debt,total_outstanding_debt was set to NULL (simulated missing operational data),medium,2026-08-24
1277,credit_history,CRHIST0001410,missing_total_outstanding_debt,total_outstanding_debt was set to NULL (simulated missing operational data),medium,2026-08-24
1278,credit_history,CRHIST0001562,missing_total_outstanding_debt,total_outstanding_debt was set to NULL (simulated missing operational data),medium,2026-08-24
1279,credit_history,CRHIST0001651,missing_total_outstanding_debt,total_outstanding_debt was set to NULL (simulated missing operational data),medium,2026-08-24
1280,credit_history,CRHIST0001653,missing_total_outstanding_debt,total_outstanding_debt was set to NULL (simulated missing operational data),medium,2026-08-24
1281,credit_history,CRHIST0001758,missing_total_outstanding_debt,total_outstanding_debt was set to NULL (simulated missing operational data),medium,2026-08-24
1282,credit_history,CRHIST0001785,missing_total_outstanding_debt,total_outstanding_debt was set to NULL (simulated missing operational data),medium,2026-08-24
1283,credit_history,CRHIST0001875,missing_total_outstanding_debt,total_outstanding_debt was set to NULL (simulated missing operational data),medium,2026-08-24
1284,credit_history,CRHIST0001885,missing_total_outstanding_debt,total_outstanding_debt was set to NULL (simulated missing operational data),medium,2026-08-24
1285,credit_history,CRHIST0001910,missing_total_outstanding_debt,total_outstanding_debt was set to NULL (simulated missing operational data),medium,2026-08-24
1286,credit_history,CRHIST0002000,missing_total_outstanding_debt,total_outstanding_debt was set to NULL (simulated missing operational data),medium,2026-08-24
1287,credit_history,CRHIST0002014,missing_total_outstanding_debt,total_outstanding_debt was set to NULL (simulated missing operational data),medium,2026-08-24
1288,credit_history,CRHIST0002122,missing_total_outstanding_debt,total_outstanding_debt was set to NULL (simulated missing operational data),medium,2026-08-24
1289,credit_history,CRHIST0002276,missing_total_outstanding_debt,total_outstanding_debt was set to NULL (simulated missing operational data),medium,2026-08-24
1290,credit_history,CRHIST0002348,missing_total_outstanding_debt,total_outstanding_debt was set to NULL (simulated missing operational data),medium,2026-08-24
1291,credit_history,CRHIST0002373,missing_total_outstanding_debt,total_outstanding_debt was set to NULL (simulated missing operational data),medium,2026-08-24
1292,credit_history,CRHIST0002383,missing_total_outstanding_debt,total_outstanding_debt was set to NULL (simulated missing operational data),medium,2026-08-24
1293,credit_history,CRHIST0002410,missing_total_outstanding_debt,total_outstanding_debt was set to NULL (simulated missing operational data),medium,2026-08-24
1294,credit_history,CRHIST0002412,missing_total_outstanding_debt,total_outstanding_debt was set to NULL (simulated missing operational data),medium,2026-08-24
1295,credit_history,CRHIST0002451,missing_total_outstanding_debt,total_outstanding_debt was set to NULL (simulated missing operational data),medium,2026-08-24
1296,credit_history,CRHIST0002484,missing_total_outstanding_debt,total_outstanding_debt was set to NULL (simulated missing operational data),medium,2026-08-24
1297,credit_history,CRHIST0002492,missing_total_outstanding_debt,total_outstanding_debt was set to NULL (simulated missing operational data),medium,2026-08-24
1298,credit_history,CRHIST0002527,missing_total_outstanding_debt,total_outstanding_debt was set to NULL (simulated missing operational data),medium,2026-08-24
1299,credit_history,CRHIST0002544,missing_total_outstanding_debt,total_outstanding_debt was set to NULL (simulated missing operational data),medium,2026-08-24
1300,credit_history,CRHIST0002580,missing_total_outstanding_debt,total_outstanding_debt was set to NULL (simulated missing operational data),medium,2026-08-24
1301,credit_history,CRHIST0002581,missing_total_outstanding_debt,total_outstanding_debt was set to NULL (simulated missing operational data),medium,2026-08-24
1302,credit_history,CRHIST0002601,missing_total_outstanding_debt,total_outstanding_debt was set to NULL (simulated missing operational data),medium,2026-08-24
1303,credit_history,CRHIST0002786,missing_total_outstanding_debt,total_outstanding_debt was set to NULL (simulated missing operational data),medium,2026-08-24
1304,credit_history,CRHIST0002822,missing_total_outstanding_debt,total_outstanding_debt was set to NULL (simulated missing operational data),medium,2026-08-24
1305,credit_history,CRHIST0002852,missing_total_outstanding_debt,total_outstanding_debt was set to NULL (simulated missing operational data),medium,2026-08-24
1306,credit_history,CRHIST0002868,missing_total_outstanding_debt,total_outstanding_debt was set to NULL (simulated missing operational data),medium,2026-08-24
1307,credit_history,CRHIST0002871,missing_total_outstanding_debt,total_outstanding_debt was set to NULL (simulated missing operational data),medium,2026-08-24
1308,credit_history,CRHIST0002927,missing_total_outstanding_debt,total_outstanding_debt was set to NULL (simulated missing operational data),medium,2026-08-24
1309,credit_history,CRHIST0002932,missing_total_outstanding_debt,total_outstanding_debt was set to NULL (simulated missing operational data),medium,2026-08-24
1310,credit_history,CRHIST0002934,missing_total_outstanding_debt,total_outstanding_debt was set to NULL (simulated missing operational data),medium,2026-08-24
1311,credit_history,CRHIST0002969,missing_total_outstanding_debt,total_outstanding_debt was set to NULL (simulated missing operational data),medium,2026-08-24
1312,credit_history,CRHIST0003004,missing_total_outstanding_debt,total_outstanding_debt was set to NULL (simulated missing operational data),medium,2026-08-24
1313,credit_history,CRHIST0003008,missing_total_outstanding_debt,total_outstanding_debt was set to NULL (simulated missing operational data),medium,2026-08-24
1314,credit_history,CRHIST0003357,missing_total_outstanding_debt,total_outstanding_debt was set to NULL (simulated missing operational data),medium,2026-08-24
1315,credit_history,CRHIST0003376,missing_total_outstanding_debt,total_outstanding_debt was set to NULL (simulated missing operational data),medium,2026-08-24
1316,credit_history,CRHIST0003702,missing_total_outstanding_debt,total_outstanding_debt was set to NULL (simulated missing operational data),medium,2026-08-24
1317,credit_history,CRHIST0003715,missing_total_outstanding_debt,total_outstanding_debt was set to NULL (simulated missing operational data),medium,2026-08-24
1318,credit_history,CRHIST0003729,missing_total_outstanding_debt,total_outstanding_debt was set to NULL (simulated missing operational data),medium,2026-08-24
1319,credit_history,CRHIST0003741,missing_total_outstanding_debt,total_outstanding_debt was set to NULL (simulated missing operational data),medium,2026-08-24
1320,credit_history,CRHIST0003744,missing_total_outstanding_debt,total_outstanding_debt was set to NULL (simulated missing operational data),medium,2026-08-24
1321,credit_history,CRHIST0003766,missing_total_outstanding_debt,total_outstanding_debt was set to NULL (simulated missing operational data),medium,2026-08-24
1322,credit_history,CRHIST0003768,missing_total_outstanding_debt,total_outstanding_debt was set to NULL (simulated missing operational data),medium,2026-08-24
1323,credit_history,CRHIST0003779,missing_total_outstanding_debt,total_outstanding_debt was set to NULL (simulated missing operational data),medium,2026-08-24
1324,credit_history,CRHIST0003818,missing_total_outstanding_debt,total_outstanding_debt was set to NULL (simulated missing operational data),medium,2026-08-24
1325,credit_history,CRHIST0003974,missing_total_outstanding_debt,total_outstanding_debt was set to NULL (simulated missing operational data),medium,2026-08-24
1326,credit_history,CRHIST0004065,missing_total_outstanding_debt,total_outstanding_debt was set to NULL (simulated missing operational data),medium,2026-08-24
1327,credit_history,CRHIST0004075,missing_total_outstanding_debt,total_outstanding_debt was set to NULL (simulated missing operational data),medium,2026-08-24
1328,credit_history,CRHIST0004077,missing_total_outstanding_debt,total_outstanding_debt was set to NULL (simulated missing operational data),medium,2026-08-24
1329,credit_history,CRHIST0004107,missing_total_outstanding_debt,total_outstanding_debt was set to NULL (simulated missing operational data),medium,2026-08-24
1330,credit_history,CRHIST0004149,missing_total_outstanding_debt,total_outstanding_debt was set to NULL (simulated missing operational data),medium,2026-08-24
1331,credit_history,CRHIST0004173,missing_total_outstanding_debt,total_outstanding_debt was set to NULL (simulated missing operational data),medium,2026-08-24
1332,credit_history,CRHIST0004175,missing_total_outstanding_debt,total_outstanding_debt was set to NULL (simulated missing operational data),medium,2026-08-24
1333,credit_history,CRHIST0004215,missing_total_outstanding_debt,total_outstanding_debt was set to NULL (simulated missing operational data),medium,2026-08-24
1334,credit_history,CRHIST0004263,missing_total_outstanding_debt,total_outstanding_debt was set to NULL (simulated missing operational data),medium,2026-08-24
1335,credit_history,CRHIST0004310,missing_total_outstanding_debt,total_outstanding_debt was set to NULL (simulated missing operational data),medium,2026-08-24
1336,credit_history,CRHIST0004447,missing_total_outstanding_debt,total_outstanding_debt was set to NULL (simulated missing operational data),medium,2026-08-24
1337,credit_history,CRHIST0004517,missing_total_outstanding_debt,total_outstanding_debt was set to NULL (simulated missing operational data),medium,2026-08-24
1338,credit_history,CRHIST0004528,missing_total_outstanding_debt,total_outstanding_debt was set to NULL (simulated missing operational data),medium,2026-08-24
1339,credit_history,CRHIST0004538,missing_total_outstanding_debt,total_outstanding_debt was set to NULL (simulated missing operational data),medium,2026-08-24
1340,credit_history,CRHIST0004543,missing_total_outstanding_debt,total_outstanding_debt was set to NULL (simulated missing operational data),medium,2026-08-24
1341,credit_history,CRHIST0004586,missing_total_outstanding_debt,total_outstanding_debt was set to NULL (simulated missing operational data),medium,2026-08-24
1342,credit_history,CRHIST0004592,missing_total_outstanding_debt,total_outstanding_debt was set to NULL (simulated missing operational data),medium,2026-08-24
1343,credit_history,CRHIST0004593,missing_total_outstanding_debt,total_outstanding_debt was set to NULL (simulated missing operational data),medium,2026-08-24
1344,credit_history,CRHIST0004710,missing_total_outstanding_debt,total_outstanding_debt was set to NULL (simulated missing operational data),medium,2026-08-24
1345,credit_history,CRHIST0004819,missing_total_outstanding_debt,total_outstanding_debt was set to NULL (simulated missing operational data),medium,2026-08-24
1346,credit_history,CRHIST0004866,missing_total_outstanding_debt,total_outstanding_debt was set to NULL (simulated missing operational data),medium,2026-08-24
1347,credit_history,CRHIST0004916,missing_total_outstanding_debt,total_outstanding_debt was set to NULL (simulated missing operational data),medium,2026-08-24
1348,credit_history,CRHIST0005059,missing_total_outstanding_debt,total_outstanding_debt was set to NULL (simulated missing operational data),medium,2026-08-24
1349,credit_history,CRHIST0005077,missing_total_outstanding_debt,total_outstanding_debt was set to NULL (simulated missing operational data),medium,2026-08-24
1350,credit_history,CRHIST0005094,missing_total_outstanding_debt,total_outstanding_debt was set to NULL (simulated missing operational data),medium,2026-08-24
1351,credit_history,CRHIST0005095,missing_total_outstanding_debt,total_outstanding_debt was set to NULL (simulated missing operational data),medium,2026-08-24
1352,credit_history,CRHIST0005107,missing_total_outstanding_debt,total_outstanding_debt was set to NULL (simulated missing operational data),medium,2026-08-24
1353,credit_history,CRHIST0005126,missing_total_outstanding_debt,total_outstanding_debt was set to NULL (simulated missing operational data),medium,2026-08-24
1354,credit_history,CRHIST0005182,missing_total_outstanding_debt,total_outstanding_debt was set to NULL (simulated missing operational data),medium,2026-08-24
1355,credit_history,CRHIST0005246,missing_total_outstanding_debt,total_outstanding_debt was set to NULL (simulated missing operational data),medium,2026-08-24
1356,credit_history,CRHIST0005338,missing_total_outstanding_debt,total_outstanding_debt was set to NULL (simulated missing operational data),medium,2026-08-24
1357,credit_history,CRHIST0005360,missing_total_outstanding_debt,total_outstanding_debt was set to NULL (simulated missing operational data),medium,2026-08-24
1358,credit_history,CRHIST0005414,missing_total_outstanding_debt,total_outstanding_debt was set to NULL (simulated missing operational data),medium,2026-08-24
1359,credit_history,CRHIST0005441,missing_total_outstanding_debt,total_outstanding_debt was set to NULL (simulated missing operational data),medium,2026-08-24
1360,credit_history,CRHIST0005480,missing_total_outstanding_debt,total_outstanding_debt was set to NULL (simulated missing operational data),medium,2026-08-24
1361,credit_history,CRHIST0005512,missing_total_outstanding_debt,total_outstanding_debt was set to NULL (simulated missing operational data),medium,2026-08-24
1362,credit_history,CRHIST0005637,missing_total_outstanding_debt,total_outstanding_debt was set to NULL (simulated missing operational data),medium,2026-08-24
1363,credit_history,CRHIST0005653,missing_total_outstanding_debt,total_outstanding_debt was set to NULL (simulated missing operational data),medium,2026-08-24
1364,credit_history,CRHIST0005691,missing_total_outstanding_debt,total_outstanding_debt was set to NULL (simulated missing operational data),medium,2026-08-24
1365,credit_history,CRHIST0005755,missing_total_outstanding_debt,total_outstanding_debt was set to NULL (simulated missing operational data),medium,2026-08-24
1366,credit_history,CRHIST0005761,missing_total_outstanding_debt,total_outstanding_debt was set to NULL (simulated missing operational data),medium,2026-08-24
1367,credit_history,CRHIST0005763,missing_total_outstanding_debt,total_outstanding_debt was set to NULL (simulated missing operational data),medium,2026-08-24
1368,credit_history,CRHIST0005902,missing_total_outstanding_debt,total_outstanding_debt was set to NULL (simulated missing operational data),medium,2026-08-24
1369,credit_history,CRHIST0006008,missing_total_outstanding_debt,total_outstanding_debt was set to NULL (simulated missing operational data),medium,2026-08-24
1370,credit_history,CRHIST0006040,missing_total_outstanding_debt,total_outstanding_debt was set to NULL (simulated missing operational data),medium,2026-08-24
1371,customers,CUST0000194,duplicate_record,Row with customer_id=CUST0000194 was duplicated verbatim (simulated double-submit / re-sync),low,2026-08-24
1372,customers,CUST0000253,duplicate_record,Row with customer_id=CUST0000253 was duplicated verbatim (simulated double-submit / re-sync),low,2026-08-24
1373,customers,CUST0000330,duplicate_record,Row with customer_id=CUST0000330 was duplicated verbatim (simulated double-submit / re-sync),low,2026-08-24
1374,customers,CUST0000354,duplicate_record,Row with customer_id=CUST0000354 was duplicated verbatim (simulated double-submit / re-sync),low,2026-08-24
1375,customers,CUST0000372,duplicate_record,Row with customer_id=CUST0000372 was duplicated verbatim (simulated double-submit / re-sync),low,2026-08-24
1376,customers,CUST0000407,duplicate_record,Row with customer_id=CUST0000407 was duplicated verbatim (simulated double-submit / re-sync),low,2026-08-24
1377,customers,CUST0000476,duplicate_record,Row with customer_id=CUST0000476 was duplicated verbatim (simulated double-submit / re-sync),low,2026-08-24
1378,customers,CUST0000630,duplicate_record,Row with customer_id=CUST0000630 was duplicated verbatim (simulated double-submit / re-sync),low,2026-08-24
1379,customers,CUST0000757,duplicate_record,Row with customer_id=CUST0000757 was duplicated verbatim (simulated double-submit / re-sync),low,2026-08-24
1380,customers,CUST0000783,duplicate_record,Row with customer_id=CUST0000783 was duplicated verbatim (simulated double-submit / re-sync),low,2026-08-24
1381,customers,CUST0000909,duplicate_record,Row with customer_id=CUST0000909 was duplicated verbatim (simulated double-submit / re-sync),low,2026-08-24
1382,customers,CUST0000949,duplicate_record,Row with customer_id=CUST0000949 was duplicated verbatim (simulated double-submit / re-sync),low,2026-08-24
1383,customers,CUST0001053,duplicate_record,Row with customer_id=CUST0001053 was duplicated verbatim (simulated double-submit / re-sync),low,2026-08-24
1384,customers,CUST0001061,duplicate_record,Row with customer_id=CUST0001061 was duplicated verbatim (simulated double-submit / re-sync),low,2026-08-24
1385,customers,CUST0001293,duplicate_record,Row with customer_id=CUST0001293 was duplicated verbatim (simulated double-submit / re-sync),low,2026-08-24
1386,customers,CUST0001363,duplicate_record,Row with customer_id=CUST0001363 was duplicated verbatim (simulated double-submit / re-sync),low,2026-08-24
1387,customers,CUST0001461,duplicate_record,Row with customer_id=CUST0001461 was duplicated verbatim (simulated double-submit / re-sync),low,2026-08-24
1388,customers,CUST0001469,duplicate_record,Row with customer_id=CUST0001469 was duplicated verbatim (simulated double-submit / re-sync),low,2026-08-24
1389,customers,CUST0001505,duplicate_record,Row with customer_id=CUST0001505 was duplicated verbatim (simulated double-submit / re-sync),low,2026-08-24
1390,customers,CUST0001719,duplicate_record,Row with customer_id=CUST0001719 was duplicated verbatim (simulated double-submit / re-sync),low,2026-08-24
1391,applications,APP0000076,duplicate_record,Row with application_id=APP0000076 was duplicated verbatim (simulated double-submit / re-sync),low,2026-08-24
1392,applications,APP0000352,duplicate_record,Row with application_id=APP0000352 was duplicated verbatim (simulated double-submit / re-sync),low,2026-08-24
1393,applications,APP0000354,duplicate_record,Row with application_id=APP0000354 was duplicated verbatim (simulated double-submit / re-sync),low,2026-08-24
1394,applications,APP0000356,duplicate_record,Row with application_id=APP0000356 was duplicated verbatim (simulated double-submit / re-sync),low,2026-08-24
1395,applications,APP0000382,duplicate_record,Row with application_id=APP0000382 was duplicated verbatim (simulated double-submit / re-sync),low,2026-08-24
1396,applications,APP0000814,duplicate_record,Row with application_id=APP0000814 was duplicated verbatim (simulated double-submit / re-sync),low,2026-08-24
1397,applications,APP0000925,duplicate_record,Row with application_id=APP0000925 was duplicated verbatim (simulated double-submit / re-sync),low,2026-08-24
1398,applications,APP0000943,duplicate_record,Row with application_id=APP0000943 was duplicated verbatim (simulated double-submit / re-sync),low,2026-08-24
1399,applications,APP0000994,duplicate_record,Row with application_id=APP0000994 was duplicated verbatim (simulated double-submit / re-sync),low,2026-08-24
1400,applications,APP0001055,duplicate_record,Row with application_id=APP0001055 was duplicated verbatim (simulated double-submit / re-sync),low,2026-08-24
1401,applications,APP0001221,duplicate_record,Row with application_id=APP0001221 was duplicated verbatim (simulated double-submit / re-sync),low,2026-08-24
1402,applications,APP0001354,duplicate_record,Row with application_id=APP0001354 was duplicated verbatim (simulated double-submit / re-sync),low,2026-08-24
1403,applications,APP0001539,duplicate_record,Row with application_id=APP0001539 was duplicated verbatim (simulated double-submit / re-sync),low,2026-08-24
1404,applications,APP0001542,duplicate_record,Row with application_id=APP0001542 was duplicated verbatim (simulated double-submit / re-sync),low,2026-08-24
1405,applications,APP0001675,duplicate_record,Row with application_id=APP0001675 was duplicated verbatim (simulated double-submit / re-sync),low,2026-08-24
1406,applications,APP0001894,duplicate_record,Row with application_id=APP0001894 was duplicated verbatim (simulated double-submit / re-sync),low,2026-08-24
1407,applications,APP0001951,duplicate_record,Row with application_id=APP0001951 was duplicated verbatim (simulated double-submit / re-sync),low,2026-08-24
1408,applications,APP0002086,duplicate_record,Row with application_id=APP0002086 was duplicated verbatim (simulated double-submit / re-sync),low,2026-08-24
1409,applications,APP0002175,duplicate_record,Row with application_id=APP0002175 was duplicated verbatim (simulated double-submit / re-sync),low,2026-08-24
1410,applications,APP0002183,duplicate_record,Row with application_id=APP0002183 was duplicated verbatim (simulated double-submit / re-sync),low,2026-08-24
1411,applications,APP0002242,duplicate_record,Row with application_id=APP0002242 was duplicated verbatim (simulated double-submit / re-sync),low,2026-08-24
1412,applications,APP0002298,duplicate_record,Row with application_id=APP0002298 was duplicated verbatim (simulated double-submit / re-sync),low,2026-08-24
1413,applications,APP0002379,duplicate_record,Row with application_id=APP0002379 was duplicated verbatim (simulated double-submit / re-sync),low,2026-08-24
1414,applications,APP0002486,duplicate_record,Row with application_id=APP0002486 was duplicated verbatim (simulated double-submit / re-sync),low,2026-08-24
1415,applications,APP0002513,duplicate_record,Row with application_id=APP0002513 was duplicated verbatim (simulated double-submit / re-sync),low,2026-08-24
1416,applications,APP0002647,duplicate_record,Row with application_id=APP0002647 was duplicated verbatim (simulated double-submit / re-sync),low,2026-08-24
1417,applications,APP0002655,duplicate_record,Row with application_id=APP0002655 was duplicated verbatim (simulated double-submit / re-sync),low,2026-08-24
1418,applications,APP0002754,duplicate_record,Row with application_id=APP0002754 was duplicated verbatim (simulated double-submit / re-sync),low,2026-08-24
1419,applications,APP0002955,duplicate_record,Row with application_id=APP0002955 was duplicated verbatim (simulated double-submit / re-sync),low,2026-08-24
1420,applications,APP0002994,duplicate_record,Row with application_id=APP0002994 was duplicated verbatim (simulated double-submit / re-sync),low,2026-08-24
1421,payments,PAY0000206,duplicate_record,Row with payment_id=PAY0000206 was duplicated verbatim (simulated double-submit / re-sync),low,2026-08-24
1422,payments,PAY0000271,duplicate_record,Row with payment_id=PAY0000271 was duplicated verbatim (simulated double-submit / re-sync),low,2026-08-24
1423,payments,PAY0000621,duplicate_record,Row with payment_id=PAY0000621 was duplicated verbatim (simulated double-submit / re-sync),low,2026-08-24
1424,payments,PAY0000659,duplicate_record,Row with payment_id=PAY0000659 was duplicated verbatim (simulated double-submit / re-sync),low,2026-08-24
1425,payments,PAY0000776,duplicate_record,Row with payment_id=PAY0000776 was duplicated verbatim (simulated double-submit / re-sync),low,2026-08-24
1426,payments,PAY0000903,duplicate_record,Row with payment_id=PAY0000903 was duplicated verbatim (simulated double-submit / re-sync),low,2026-08-24
1427,payments,PAY0000938,duplicate_record,Row with payment_id=PAY0000938 was duplicated verbatim (simulated double-submit / re-sync),low,2026-08-24
1428,payments,PAY0001513,duplicate_record,Row with payment_id=PAY0001513 was duplicated verbatim (simulated double-submit / re-sync),low,2026-08-24
1429,payments,PAY0001620,duplicate_record,Row with payment_id=PAY0001620 was duplicated verbatim (simulated double-submit / re-sync),low,2026-08-24
1430,payments,PAY0001654,duplicate_record,Row with payment_id=PAY0001654 was duplicated verbatim (simulated double-submit / re-sync),low,2026-08-24
1431,payments,PAY0001746,duplicate_record,Row with payment_id=PAY0001746 was duplicated verbatim (simulated double-submit / re-sync),low,2026-08-24
1432,payments,PAY0001881,duplicate_record,Row with payment_id=PAY0001881 was duplicated verbatim (simulated double-submit / re-sync),low,2026-08-24
1433,payments,PAY0002021,duplicate_record,Row with payment_id=PAY0002021 was duplicated verbatim (simulated double-submit / re-sync),low,2026-08-24
1434,payments,PAY0002178,duplicate_record,Row with payment_id=PAY0002178 was duplicated verbatim (simulated double-submit / re-sync),low,2026-08-24
1435,payments,PAY0002181,duplicate_record,Row with payment_id=PAY0002181 was duplicated verbatim (simulated double-submit / re-sync),low,2026-08-24
1436,payments,PAY0002421,duplicate_record,Row with payment_id=PAY0002421 was duplicated verbatim (simulated double-submit / re-sync),low,2026-08-24
1437,payments,PAY0002683,duplicate_record,Row with payment_id=PAY0002683 was duplicated verbatim (simulated double-submit / re-sync),low,2026-08-24
1438,payments,PAY0002687,duplicate_record,Row with payment_id=PAY0002687 was duplicated verbatim (simulated double-submit / re-sync),low,2026-08-24
1439,payments,PAY0002862,duplicate_record,Row with payment_id=PAY0002862 was duplicated verbatim (simulated double-submit / re-sync),low,2026-08-24
1440,payments,PAY0002909,duplicate_record,Row with payment_id=PAY0002909 was duplicated verbatim (simulated double-submit / re-sync),low,2026-08-24
1441,payments,PAY0003048,duplicate_record,Row with payment_id=PAY0003048 was duplicated verbatim (simulated double-submit / re-sync),low,2026-08-24
1442,payments,PAY0003125,duplicate_record,Row with payment_id=PAY0003125 was duplicated verbatim (simulated double-submit / re-sync),low,2026-08-24
1443,payments,PAY0003284,duplicate_record,Row with payment_id=PAY0003284 was duplicated verbatim (simulated double-submit / re-sync),low,2026-08-24
1444,payments,PAY0003315,duplicate_record,Row with payment_id=PAY0003315 was duplicated verbatim (simulated double-submit / re-sync),low,2026-08-24
1445,payments,PAY0003517,duplicate_record,Row with payment_id=PAY0003517 was duplicated verbatim (simulated double-submit / re-sync),low,2026-08-24
1446,payments,PAY0003609,duplicate_record,Row with payment_id=PAY0003609 was duplicated verbatim (simulated double-submit / re-sync),low,2026-08-24
1447,payments,PAY0003986,duplicate_record,Row with payment_id=PAY0003986 was duplicated verbatim (simulated double-submit / re-sync),low,2026-08-24
1448,payments,PAY0004018,duplicate_record,Row with payment_id=PAY0004018 was duplicated verbatim (simulated double-submit / re-sync),low,2026-08-24
1449,payments,PAY0004385,duplicate_record,Row with payment_id=PAY0004385 was duplicated verbatim (simulated double-submit / re-sync),low,2026-08-24
1450,payments,PAY0004397,duplicate_record,Row with payment_id=PAY0004397 was duplicated verbatim (simulated double-submit / re-sync),low,2026-08-24
1451,payments,PAY0004656,duplicate_record,Row with payment_id=PAY0004656 was duplicated verbatim (simulated double-submit / re-sync),low,2026-08-24
1452,payments,PAY0004711,duplicate_record,Row with payment_id=PAY0004711 was duplicated verbatim (simulated double-submit / re-sync),low,2026-08-24
1453,payments,PAY0004916,duplicate_record,Row with payment_id=PAY0004916 was duplicated verbatim (simulated double-submit / re-sync),low,2026-08-24
1454,payments,PAY0005045,duplicate_record,Row with payment_id=PAY0005045 was duplicated verbatim (simulated double-submit / re-sync),low,2026-08-24
1455,payments,PAY0005090,duplicate_record,Row with payment_id=PAY0005090 was duplicated verbatim (simulated double-submit / re-sync),low,2026-08-24
1456,payments,PAY0005094,duplicate_record,Row with payment_id=PAY0005094 was duplicated verbatim (simulated double-submit / re-sync),low,2026-08-24
1457,payments,PAY0005154,duplicate_record,Row with payment_id=PAY0005154 was duplicated verbatim (simulated double-submit / re-sync),low,2026-08-24
1458,payments,PAY0005164,duplicate_record,Row with payment_id=PAY0005164 was duplicated verbatim (simulated double-submit / re-sync),low,2026-08-24
1459,payments,PAY0005211,duplicate_record,Row with payment_id=PAY0005211 was duplicated verbatim (simulated double-submit / re-sync),low,2026-08-24
1460,payments,PAY0005249,duplicate_record,Row with payment_id=PAY0005249 was duplicated verbatim (simulated double-submit / re-sync),low,2026-08-24
1461,payments,PAY0005263,duplicate_record,Row with payment_id=PAY0005263 was duplicated verbatim (simulated double-submit / re-sync),low,2026-08-24
1462,payments,PAY0005520,duplicate_record,Row with payment_id=PAY0005520 was duplicated verbatim (simulated double-submit / re-sync),low,2026-08-24
1463,payments,PAY0005559,duplicate_record,Row with payment_id=PAY0005559 was duplicated verbatim (simulated double-submit / re-sync),low,2026-08-24
1464,payments,PAY0005697,duplicate_record,Row with payment_id=PAY0005697 was duplicated verbatim (simulated double-submit / re-sync),low,2026-08-24
1465,payments,PAY0005730,duplicate_record,Row with payment_id=PAY0005730 was duplicated verbatim (simulated double-submit / re-sync),low,2026-08-24
1466,payments,PAY0005772,duplicate_record,Row with payment_id=PAY0005772 was duplicated verbatim (simulated double-submit / re-sync),low,2026-08-24
1467,payments,PAY0005921,duplicate_record,Row with payment_id=PAY0005921 was duplicated verbatim (simulated double-submit / re-sync),low,2026-08-24
1468,payments,PAY0005938,duplicate_record,Row with payment_id=PAY0005938 was duplicated verbatim (simulated double-submit / re-sync),low,2026-08-24
1469,payments,PAY0006011,duplicate_record,Row with payment_id=PAY0006011 was duplicated verbatim (simulated double-submit / re-sync),low,2026-08-24
1470,payments,PAY0006160,duplicate_record,Row with payment_id=PAY0006160 was duplicated verbatim (simulated double-submit / re-sync),low,2026-08-24
1471,payments,PAY0006191,duplicate_record,Row with payment_id=PAY0006191 was duplicated verbatim (simulated double-submit / re-sync),low,2026-08-24
1472,payments,PAY0006247,duplicate_record,Row with payment_id=PAY0006247 was duplicated verbatim (simulated double-submit / re-sync),low,2026-08-24
1473,payments,PAY0006323,duplicate_record,Row with payment_id=PAY0006323 was duplicated verbatim (simulated double-submit / re-sync),low,2026-08-24
1474,payments,PAY0006726,duplicate_record,Row with payment_id=PAY0006726 was duplicated verbatim (simulated double-submit / re-sync),low,2026-08-24
1475,payments,PAY0006742,duplicate_record,Row with payment_id=PAY0006742 was duplicated verbatim (simulated double-submit / re-sync),low,2026-08-24
1476,payments,PAY0006769,duplicate_record,Row with payment_id=PAY0006769 was duplicated verbatim (simulated double-submit / re-sync),low,2026-08-24
1477,payments,PAY0006817,duplicate_record,Row with payment_id=PAY0006817 was duplicated verbatim (simulated double-submit / re-sync),low,2026-08-24
1478,payments,PAY0006929,duplicate_record,Row with payment_id=PAY0006929 was duplicated verbatim (simulated double-submit / re-sync),low,2026-08-24
1479,payments,PAY0007041,duplicate_record,Row with payment_id=PAY0007041 was duplicated verbatim (simulated double-submit / re-sync),low,2026-08-24
1480,payments,PAY0007170,duplicate_record,Row with payment_id=PAY0007170 was duplicated verbatim (simulated double-submit / re-sync),low,2026-08-24
1481,payments,PAY0007183,duplicate_record,Row with payment_id=PAY0007183 was duplicated verbatim (simulated double-submit / re-sync),low,2026-08-24
1482,payments,PAY0007220,duplicate_record,Row with payment_id=PAY0007220 was duplicated verbatim (simulated double-submit / re-sync),low,2026-08-24
1483,payments,PAY0007302,duplicate_record,Row with payment_id=PAY0007302 was duplicated verbatim (simulated double-submit / re-sync),low,2026-08-24
1484,payments,PAY0007351,duplicate_record,Row with payment_id=PAY0007351 was duplicated verbatim (simulated double-submit / re-sync),low,2026-08-24
1485,payments,PAY0007378,duplicate_record,Row with payment_id=PAY0007378 was duplicated verbatim (simulated double-submit / re-sync),low,2026-08-24
1486,payments,PAY0007469,duplicate_record,Row with payment_id=PAY0007469 was duplicated verbatim (simulated double-submit / re-sync),low,2026-08-24
1487,payments,PAY0007788,duplicate_record,Row with payment_id=PAY0007788 was duplicated verbatim (simulated double-submit / re-sync),low,2026-08-24
1488,payments,PAY0008057,duplicate_record,Row with payment_id=PAY0008057 was duplicated verbatim (simulated double-submit / re-sync),low,2026-08-24
1489,payments,PAY0008081,duplicate_record,Row with payment_id=PAY0008081 was duplicated verbatim (simulated double-submit / re-sync),low,2026-08-24
1490,payments,PAY0008116,duplicate_record,Row with payment_id=PAY0008116 was duplicated verbatim (simulated double-submit / re-sync),low,2026-08-24
1491,payments,PAY0008163,duplicate_record,Row with payment_id=PAY0008163 was duplicated verbatim (simulated double-submit / re-sync),low,2026-08-24
1492,payments,PAY0008252,duplicate_record,Row with payment_id=PAY0008252 was duplicated verbatim (simulated double-submit / re-sync),low,2026-08-24
1493,payments,PAY0008264,duplicate_record,Row with payment_id=PAY0008264 was duplicated verbatim (simulated double-submit / re-sync),low,2026-08-24
1494,payments,PAY0008330,duplicate_record,Row with payment_id=PAY0008330 was duplicated verbatim (simulated double-submit / re-sync),low,2026-08-24
1495,payments,PAY0008360,duplicate_record,Row with payment_id=PAY0008360 was duplicated verbatim (simulated double-submit / re-sync),low,2026-08-24
1496,payments,PAY0008424,duplicate_record,Row with payment_id=PAY0008424 was duplicated verbatim (simulated double-submit / re-sync),low,2026-08-24
1497,payments,PAY0008436,duplicate_record,Row with payment_id=PAY0008436 was duplicated verbatim (simulated double-submit / re-sync),low,2026-08-24
1498,payments,PAY0008468,duplicate_record,Row with payment_id=PAY0008468 was duplicated verbatim (simulated double-submit / re-sync),low,2026-08-24
1499,payments,PAY0008522,duplicate_record,Row with payment_id=PAY0008522 was duplicated verbatim (simulated double-submit / re-sync),low,2026-08-24
1500,payments,PAY0008809,duplicate_record,Row with payment_id=PAY0008809 was duplicated verbatim (simulated double-submit / re-sync),low,2026-08-24
1501,payments,PAY0008988,duplicate_record,Row with payment_id=PAY0008988 was duplicated verbatim (simulated double-submit / re-sync),low,2026-08-24
1502,payments,PAY0008989,duplicate_record,Row with payment_id=PAY0008989 was duplicated verbatim (simulated double-submit / re-sync),low,2026-08-24
1503,payments,PAY0009101,duplicate_record,Row with payment_id=PAY0009101 was duplicated verbatim (simulated double-submit / re-sync),low,2026-08-24
1504,payments,PAY0009247,duplicate_record,Row with payment_id=PAY0009247 was duplicated verbatim (simulated double-submit / re-sync),low,2026-08-24
1505,payments,PAY0009536,duplicate_record,Row with payment_id=PAY0009536 was duplicated verbatim (simulated double-submit / re-sync),low,2026-08-24
1506,payments,PAY0009549,duplicate_record,Row with payment_id=PAY0009549 was duplicated verbatim (simulated double-submit / re-sync),low,2026-08-24
1507,payments,PAY0009611,duplicate_record,Row with payment_id=PAY0009611 was duplicated verbatim (simulated double-submit / re-sync),low,2026-08-24
1508,payments,PAY0009680,duplicate_record,Row with payment_id=PAY0009680 was duplicated verbatim (simulated double-submit / re-sync),low,2026-08-24
1509,payments,PAY0009775,duplicate_record,Row with payment_id=PAY0009775 was duplicated verbatim (simulated double-submit / re-sync),low,2026-08-24
1510,payments,PAY0010098,duplicate_record,Row with payment_id=PAY0010098 was duplicated verbatim (simulated double-submit / re-sync),low,2026-08-24
1511,payments,PAY0010150,duplicate_record,Row with payment_id=PAY0010150 was duplicated verbatim (simulated double-submit / re-sync),low,2026-08-24
1512,payments,PAY0010213,duplicate_record,Row with payment_id=PAY0010213 was duplicated verbatim (simulated double-submit / re-sync),low,2026-08-24
1513,payments,PAY0010305,duplicate_record,Row with payment_id=PAY0010305 was duplicated verbatim (simulated double-submit / re-sync),low,2026-08-24
1514,payments,PAY0010315,duplicate_record,Row with payment_id=PAY0010315 was duplicated verbatim (simulated double-submit / re-sync),low,2026-08-24
1515,payments,PAY0010492,duplicate_record,Row with payment_id=PAY0010492 was duplicated verbatim (simulated double-submit / re-sync),low,2026-08-24
1516,payments,PAY0010620,duplicate_record,Row with payment_id=PAY0010620 was duplicated verbatim (simulated double-submit / re-sync),low,2026-08-24
1517,payments,PAY0010854,duplicate_record,Row with payment_id=PAY0010854 was duplicated verbatim (simulated double-submit / re-sync),low,2026-08-24
1518,payments,PAY0010868,duplicate_record,Row with payment_id=PAY0010868 was duplicated verbatim (simulated double-submit / re-sync),low,2026-08-24
1519,payments,PAY0011096,duplicate_record,Row with payment_id=PAY0011096 was duplicated verbatim (simulated double-submit / re-sync),low,2026-08-24
1520,payments,PAY0011183,duplicate_record,Row with payment_id=PAY0011183 was duplicated verbatim (simulated double-submit / re-sync),low,2026-08-24
1521,payments,PAY0011367,duplicate_record,Row with payment_id=PAY0011367 was duplicated verbatim (simulated double-submit / re-sync),low,2026-08-24
1522,payments,PAY0011410,duplicate_record,Row with payment_id=PAY0011410 was duplicated verbatim (simulated double-submit / re-sync),low,2026-08-24
1523,payments,PAY0011449,duplicate_record,Row with payment_id=PAY0011449 was duplicated verbatim (simulated double-submit / re-sync),low,2026-08-24
1524,payments,PAY0011474,duplicate_record,Row with payment_id=PAY0011474 was duplicated verbatim (simulated double-submit / re-sync),low,2026-08-24
1525,payments,PAY0011475,duplicate_record,Row with payment_id=PAY0011475 was duplicated verbatim (simulated double-submit / re-sync),low,2026-08-24
1526,payments,PAY0011714,duplicate_record,Row with payment_id=PAY0011714 was duplicated verbatim (simulated double-submit / re-sync),low,2026-08-24
1527,payments,PAY0011721,duplicate_record,Row with payment_id=PAY0011721 was duplicated verbatim (simulated double-submit / re-sync),low,2026-08-24
1528,payments,PAY0011858,duplicate_record,Row with payment_id=PAY0011858 was duplicated verbatim (simulated double-submit / re-sync),low,2026-08-24
1529,payments,PAY0011869,duplicate_record,Row with payment_id=PAY0011869 was duplicated verbatim (simulated double-submit / re-sync),low,2026-08-24
1530,payments,PAY0011973,duplicate_record,Row with payment_id=PAY0011973 was duplicated verbatim (simulated double-submit / re-sync),low,2026-08-24
1531,payments,PAY0012137,duplicate_record,Row with payment_id=PAY0012137 was duplicated verbatim (simulated double-submit / re-sync),low,2026-08-24
1532,payments,PAY0012189,duplicate_record,Row with payment_id=PAY0012189 was duplicated verbatim (simulated double-submit / re-sync),low,2026-08-24
1533,payments,PAY0012220,duplicate_record,Row with payment_id=PAY0012220 was duplicated verbatim (simulated double-submit / re-sync),low,2026-08-24
1534,payments,PAY0012270,duplicate_record,Row with payment_id=PAY0012270 was duplicated verbatim (simulated double-submit / re-sync),low,2026-08-24
1535,payments,PAY0012324,duplicate_record,Row with payment_id=PAY0012324 was duplicated verbatim (simulated double-submit / re-sync),low,2026-08-24
1536,payments,PAY0012417,duplicate_record,Row with payment_id=PAY0012417 was duplicated verbatim (simulated double-submit / re-sync),low,2026-08-24
1537,payments,PAY0012503,duplicate_record,Row with payment_id=PAY0012503 was duplicated verbatim (simulated double-submit / re-sync),low,2026-08-24
1538,payments,PAY0012700,duplicate_record,Row with payment_id=PAY0012700 was duplicated verbatim (simulated double-submit / re-sync),low,2026-08-24
1539,payments,PAY0012703,duplicate_record,Row with payment_id=PAY0012703 was duplicated verbatim (simulated double-submit / re-sync),low,2026-08-24
1540,payments,PAY0012839,duplicate_record,Row with payment_id=PAY0012839 was duplicated verbatim (simulated double-submit / re-sync),low,2026-08-24
1541,payments,PAY0012901,duplicate_record,Row with payment_id=PAY0012901 was duplicated verbatim (simulated double-submit / re-sync),low,2026-08-24
1542,payments,PAY0013190,duplicate_record,Row with payment_id=PAY0013190 was duplicated verbatim (simulated double-submit / re-sync),low,2026-08-24
1543,payments,PAY0013223,duplicate_record,Row with payment_id=PAY0013223 was duplicated verbatim (simulated double-submit / re-sync),low,2026-08-24
1544,payments,PAY0013231,duplicate_record,Row with payment_id=PAY0013231 was duplicated verbatim (simulated double-submit / re-sync),low,2026-08-24
1545,payments,PAY0013324,duplicate_record,Row with payment_id=PAY0013324 was duplicated verbatim (simulated double-submit / re-sync),low,2026-08-24
1546,payments,PAY0013378,duplicate_record,Row with payment_id=PAY0013378 was duplicated verbatim (simulated double-submit / re-sync),low,2026-08-24
1547,payments,PAY0013486,duplicate_record,Row with payment_id=PAY0013486 was duplicated verbatim (simulated double-submit / re-sync),low,2026-08-24
1548,payments,PAY0013493,duplicate_record,Row with payment_id=PAY0013493 was duplicated verbatim (simulated double-submit / re-sync),low,2026-08-24
1549,payments,PAY0013592,duplicate_record,Row with payment_id=PAY0013592 was duplicated verbatim (simulated double-submit / re-sync),low,2026-08-24
1550,payments,PAY0013609,duplicate_record,Row with payment_id=PAY0013609 was duplicated verbatim (simulated double-submit / re-sync),low,2026-08-24
1551,payments,PAY0013629,duplicate_record,Row with payment_id=PAY0013629 was duplicated verbatim (simulated double-submit / re-sync),low,2026-08-24
1552,payments,PAY0013704,duplicate_record,Row with payment_id=PAY0013704 was duplicated verbatim (simulated double-submit / re-sync),low,2026-08-24
1553,payments,PAY0014016,duplicate_record,Row with payment_id=PAY0014016 was duplicated verbatim (simulated double-submit / re-sync),low,2026-08-24
1554,payments,PAY0014048,duplicate_record,Row with payment_id=PAY0014048 was duplicated verbatim (simulated double-submit / re-sync),low,2026-08-24
1555,payments,PAY0014130,duplicate_record,Row with payment_id=PAY0014130 was duplicated verbatim (simulated double-submit / re-sync),low,2026-08-24
1556,payments,PAY0014163,duplicate_record,Row with payment_id=PAY0014163 was duplicated verbatim (simulated double-submit / re-sync),low,2026-08-24
1557,payments,PAY0014165,duplicate_record,Row with payment_id=PAY0014165 was duplicated verbatim (simulated double-submit / re-sync),low,2026-08-24
1558,payments,PAY0014244,duplicate_record,Row with payment_id=PAY0014244 was duplicated verbatim (simulated double-submit / re-sync),low,2026-08-24
1559,payments,PAY0014444,duplicate_record,Row with payment_id=PAY0014444 was duplicated verbatim (simulated double-submit / re-sync),low,2026-08-24
1560,payments,PAY0014494,duplicate_record,Row with payment_id=PAY0014494 was duplicated verbatim (simulated double-submit / re-sync),low,2026-08-24
1561,payments,PAY0014543,duplicate_record,Row with payment_id=PAY0014543 was duplicated verbatim (simulated double-submit / re-sync),low,2026-08-24
1562,payments,PAY0014701,duplicate_record,Row with payment_id=PAY0014701 was duplicated verbatim (simulated double-submit / re-sync),low,2026-08-24
1563,payments,PAY0014845,duplicate_record,Row with payment_id=PAY0014845 was duplicated verbatim (simulated double-submit / re-sync),low,2026-08-24
1564,payments,PAY0014864,duplicate_record,Row with payment_id=PAY0014864 was duplicated verbatim (simulated double-submit / re-sync),low,2026-08-24
1565,payments,PAY0014879,duplicate_record,Row with payment_id=PAY0014879 was duplicated verbatim (simulated double-submit / re-sync),low,2026-08-24
1566,payments,PAY0014957,duplicate_record,Row with payment_id=PAY0014957 was duplicated verbatim (simulated double-submit / re-sync),low,2026-08-24
1567,payments,PAY0014968,duplicate_record,Row with payment_id=PAY0014968 was duplicated verbatim (simulated double-submit / re-sync),low,2026-08-24
1568,payments,PAY0015034,duplicate_record,Row with payment_id=PAY0015034 was duplicated verbatim (simulated double-submit / re-sync),low,2026-08-24
1569,payments,PAY0015047,duplicate_record,Row with payment_id=PAY0015047 was duplicated verbatim (simulated double-submit / re-sync),low,2026-08-24
1570,payments,PAY0015070,duplicate_record,Row with payment_id=PAY0015070 was duplicated verbatim (simulated double-submit / re-sync),low,2026-08-24
1571,payments,PAY0015111,duplicate_record,Row with payment_id=PAY0015111 was duplicated verbatim (simulated double-submit / re-sync),low,2026-08-24
1572,payments,PAY0015131,duplicate_record,Row with payment_id=PAY0015131 was duplicated verbatim (simulated double-submit / re-sync),low,2026-08-24
1573,payments,PAY0015175,duplicate_record,Row with payment_id=PAY0015175 was duplicated verbatim (simulated double-submit / re-sync),low,2026-08-24
1574,payments,PAY0015200,duplicate_record,Row with payment_id=PAY0015200 was duplicated verbatim (simulated double-submit / re-sync),low,2026-08-24
1575,payments,PAY0015418,duplicate_record,Row with payment_id=PAY0015418 was duplicated verbatim (simulated double-submit / re-sync),low,2026-08-24
1576,payments,PAY0015479,duplicate_record,Row with payment_id=PAY0015479 was duplicated verbatim (simulated double-submit / re-sync),low,2026-08-24
1577,payments,PAY0015859,duplicate_record,Row with payment_id=PAY0015859 was duplicated verbatim (simulated double-submit / re-sync),low,2026-08-24
1578,payments,PAY0016004,duplicate_record,Row with payment_id=PAY0016004 was duplicated verbatim (simulated double-submit / re-sync),low,2026-08-24
1579,payments,PAY0016032,duplicate_record,Row with payment_id=PAY0016032 was duplicated verbatim (simulated double-submit / re-sync),low,2026-08-24
1580,payments,PAY0016094,duplicate_record,Row with payment_id=PAY0016094 was duplicated verbatim (simulated double-submit / re-sync),low,2026-08-24
1581,payments,PAY0016197,duplicate_record,Row with payment_id=PAY0016197 was duplicated verbatim (simulated double-submit / re-sync),low,2026-08-24
1582,payments,PAY0016288,duplicate_record,Row with payment_id=PAY0016288 was duplicated verbatim (simulated double-submit / re-sync),low,2026-08-24
1583,payments,PAY0016318,duplicate_record,Row with payment_id=PAY0016318 was duplicated verbatim (simulated double-submit / re-sync),low,2026-08-24
1584,payments,PAY0016358,duplicate_record,Row with payment_id=PAY0016358 was duplicated verbatim (simulated double-submit / re-sync),low,2026-08-24
1585,payments,PAY0016400,duplicate_record,Row with payment_id=PAY0016400 was duplicated verbatim (simulated double-submit / re-sync),low,2026-08-24
1586,payments,PAY0016525,duplicate_record,Row with payment_id=PAY0016525 was duplicated verbatim (simulated double-submit / re-sync),low,2026-08-24
1587,payments,PAY0016559,duplicate_record,Row with payment_id=PAY0016559 was duplicated verbatim (simulated double-submit / re-sync),low,2026-08-24
1588,payments,PAY0016645,duplicate_record,Row with payment_id=PAY0016645 was duplicated verbatim (simulated double-submit / re-sync),low,2026-08-24
1589,payments,PAY0016690,duplicate_record,Row with payment_id=PAY0016690 was duplicated verbatim (simulated double-submit / re-sync),low,2026-08-24
1590,payments,PAY0016837,duplicate_record,Row with payment_id=PAY0016837 was duplicated verbatim (simulated double-submit / re-sync),low,2026-08-24
1591,payments,PAY0017014,duplicate_record,Row with payment_id=PAY0017014 was duplicated verbatim (simulated double-submit / re-sync),low,2026-08-24
1592,payments,PAY0017103,duplicate_record,Row with payment_id=PAY0017103 was duplicated verbatim (simulated double-submit / re-sync),low,2026-08-24
1593,payments,PAY0017229,duplicate_record,Row with payment_id=PAY0017229 was duplicated verbatim (simulated double-submit / re-sync),low,2026-08-24
1594,payments,PAY0017235,duplicate_record,Row with payment_id=PAY0017235 was duplicated verbatim (simulated double-submit / re-sync),low,2026-08-24
1595,payments,PAY0017490,duplicate_record,Row with payment_id=PAY0017490 was duplicated verbatim (simulated double-submit / re-sync),low,2026-08-24
1596,payments,PAY0017526,duplicate_record,Row with payment_id=PAY0017526 was duplicated verbatim (simulated double-submit / re-sync),low,2026-08-24
1597,payments,PAY0017809,duplicate_record,Row with payment_id=PAY0017809 was duplicated verbatim (simulated double-submit / re-sync),low,2026-08-24
1598,payments,PAY0017854,duplicate_record,Row with payment_id=PAY0017854 was duplicated verbatim (simulated double-submit / re-sync),low,2026-08-24
1599,payments,PAY0017907,duplicate_record,Row with payment_id=PAY0017907 was duplicated verbatim (simulated double-submit / re-sync),low,2026-08-24
1600,payments,PAY0017937,duplicate_record,Row with payment_id=PAY0017937 was duplicated verbatim (simulated double-submit / re-sync),low,2026-08-24
1601,payments,PAY0017956,duplicate_record,Row with payment_id=PAY0017956 was duplicated verbatim (simulated double-submit / re-sync),low,2026-08-24
1602,payments,PAY0018116,duplicate_record,Row with payment_id=PAY0018116 was duplicated verbatim (simulated double-submit / re-sync),low,2026-08-24
1603,payments,PAY0018179,duplicate_record,Row with payment_id=PAY0018179 was duplicated verbatim (simulated double-submit / re-sync),low,2026-08-24
1604,payments,PAY0018479,duplicate_record,Row with payment_id=PAY0018479 was duplicated verbatim (simulated double-submit / re-sync),low,2026-08-24
1605,payments,PAY0018688,duplicate_record,Row with payment_id=PAY0018688 was duplicated verbatim (simulated double-submit / re-sync),low,2026-08-24
1606,payments,PAY0018789,duplicate_record,Row with payment_id=PAY0018789 was duplicated verbatim (simulated double-submit / re-sync),low,2026-08-24
1607,payments,PAY0018981,duplicate_record,Row with payment_id=PAY0018981 was duplicated verbatim (simulated double-submit / re-sync),low,2026-08-24
1608,payments,PAY0019004,duplicate_record,Row with payment_id=PAY0019004 was duplicated verbatim (simulated double-submit / re-sync),low,2026-08-24
1609,payments,PAY0019108,duplicate_record,Row with payment_id=PAY0019108 was duplicated verbatim (simulated double-submit / re-sync),low,2026-08-24
1610,payments,PAY0019226,duplicate_record,Row with payment_id=PAY0019226 was duplicated verbatim (simulated double-submit / re-sync),low,2026-08-24
1611,payments,PAY0019251,duplicate_record,Row with payment_id=PAY0019251 was duplicated verbatim (simulated double-submit / re-sync),low,2026-08-24
1612,payments,PAY0019308,duplicate_record,Row with payment_id=PAY0019308 was duplicated verbatim (simulated double-submit / re-sync),low,2026-08-24
1613,payments,PAY0019381,duplicate_record,Row with payment_id=PAY0019381 was duplicated verbatim (simulated double-submit / re-sync),low,2026-08-24
1614,payments,PAY0019390,duplicate_record,Row with payment_id=PAY0019390 was duplicated verbatim (simulated double-submit / re-sync),low,2026-08-24
1615,payments,PAY0019429,duplicate_record,Row with payment_id=PAY0019429 was duplicated verbatim (simulated double-submit / re-sync),low,2026-08-24
1616,payments,PAY0019449,duplicate_record,Row with payment_id=PAY0019449 was duplicated verbatim (simulated double-submit / re-sync),low,2026-08-24
1617,payments,PAY0019476,duplicate_record,Row with payment_id=PAY0019476 was duplicated verbatim (simulated double-submit / re-sync),low,2026-08-24
1618,payments,PAY0019635,duplicate_record,Row with payment_id=PAY0019635 was duplicated verbatim (simulated double-submit / re-sync),low,2026-08-24
1619,payments,PAY0019664,duplicate_record,Row with payment_id=PAY0019664 was duplicated verbatim (simulated double-submit / re-sync),low,2026-08-24
1620,payments,PAY0019998,duplicate_record,Row with payment_id=PAY0019998 was duplicated verbatim (simulated double-submit / re-sync),low,2026-08-24
1621,customers,CUST0000160,negative_annual_income,annual_income set to negative value (-73643.58) -- physically invalid,high,2026-08-24
1622,customers,CUST0000373,negative_annual_income,annual_income set to negative value (-18834.34) -- physically invalid,high,2026-08-24
1623,customers,CUST0000378,negative_annual_income,annual_income set to negative value (-45728.75) -- physically invalid,high,2026-08-24
1624,customers,CUST0000460,negative_annual_income,annual_income set to negative value (-40288.59) -- physically invalid,high,2026-08-24
1625,customers,CUST0000485,negative_annual_income,annual_income set to negative value (-42722.11) -- physically invalid,high,2026-08-24
1626,customers,CUST0000629,negative_annual_income,annual_income set to negative value (-69000.91) -- physically invalid,high,2026-08-24
1627,customers,CUST0000732,negative_annual_income,annual_income set to negative value (-43220.45) -- physically invalid,high,2026-08-24
1628,customers,CUST0000770,negative_annual_income,annual_income set to negative value (-6723.87) -- physically invalid,high,2026-08-24
1629,customers,CUST0000878,negative_annual_income,annual_income set to negative value (-86656.6) -- physically invalid,high,2026-08-24
1630,customers,CUST0000919,negative_annual_income,annual_income set to negative value (-9917.41) -- physically invalid,high,2026-08-24
1631,customers,CUST0001023,negative_annual_income,annual_income set to negative value (-8513.29) -- physically invalid,high,2026-08-24
1632,customers,CUST0001061,negative_annual_income,annual_income set to negative value (-28045.28) -- physically invalid,high,2026-08-24
1633,customers,CUST0001094,negative_annual_income,annual_income set to negative value (-65813.35) -- physically invalid,high,2026-08-24
1634,customers,CUST0001142,negative_annual_income,annual_income set to negative value (-53187.75) -- physically invalid,high,2026-08-24
1635,customers,CUST0001163,negative_annual_income,annual_income set to negative value (-111994.75) -- physically invalid,high,2026-08-24
1636,customers,CUST0001190,negative_annual_income,annual_income set to negative value (-4043.18) -- physically invalid,high,2026-08-24
1637,customers,CUST0001654,negative_annual_income,annual_income set to negative value (-31482.1) -- physically invalid,high,2026-08-24
1638,customers,CUST0001701,negative_annual_income,annual_income set to negative value (-37358.28) -- physically invalid,high,2026-08-24
1639,customers,CUST0001814,negative_annual_income,annual_income set to negative value (-38823.65) -- physically invalid,high,2026-08-24
1640,customers,CUST0001944,negative_annual_income,annual_income set to negative value (-44948.71) -- physically invalid,high,2026-08-24
1641,customers,CUST0000012,impossible_age,date_of_birth implies an age over 120 years,high,2026-08-24
1642,customers,CUST0000150,impossible_age,date_of_birth implies an age over 120 years,high,2026-08-24
1643,customers,CUST0000158,impossible_age,date_of_birth is set in the future,high,2026-08-24
1644,customers,CUST0000389,impossible_age,date_of_birth implies an age over 120 years,high,2026-08-24
1645,customers,CUST0000393,impossible_age,date_of_birth is set in the future,high,2026-08-24
1646,customers,CUST0000430,impossible_age,date_of_birth implies an age over 120 years,high,2026-08-24
1647,customers,CUST0000775,impossible_age,date_of_birth is set in the future,high,2026-08-24
1648,customers,CUST0000806,impossible_age,date_of_birth is set in the future,high,2026-08-24
1649,customers,CUST0000909,impossible_age,date_of_birth implies an age over 120 years,high,2026-08-24
1650,customers,CUST0000940,impossible_age,date_of_birth is set in the future,high,2026-08-24
1651,customers,CUST0001005,impossible_age,date_of_birth implies an age over 120 years,high,2026-08-24
1652,customers,CUST0001018,impossible_age,date_of_birth is set in the future,high,2026-08-24
1653,customers,CUST0001102,impossible_age,date_of_birth implies an age over 120 years,high,2026-08-24
1654,customers,CUST0001150,impossible_age,date_of_birth implies an age over 120 years,high,2026-08-24
1655,customers,CUST0001370,impossible_age,date_of_birth is set in the future,high,2026-08-24
1656,customers,CUST0001432,impossible_age,date_of_birth is set in the future,high,2026-08-24
1657,customers,CUST0001469,impossible_age,date_of_birth is set in the future,high,2026-08-24
1658,customers,CUST0001515,impossible_age,date_of_birth implies an age over 120 years,high,2026-08-24
1659,customers,CUST0001780,impossible_age,date_of_birth implies an age over 120 years,high,2026-08-24
1660,customers,CUST0001948,impossible_age,date_of_birth is set in the future,high,2026-08-24
1661,loans,LOAN0000118,negative_loan_amount,loan_amount set to negative value (-25497.13) -- physically invalid,high,2026-08-24
1662,loans,LOAN0000147,negative_loan_amount,loan_amount set to negative value (-15688.73) -- physically invalid,high,2026-08-24
1663,loans,LOAN0000165,negative_loan_amount,loan_amount set to negative value (-42666.68) -- physically invalid,high,2026-08-24
1664,loans,LOAN0000172,negative_loan_amount,loan_amount set to negative value (-18855.22) -- physically invalid,high,2026-08-24
1665,loans,LOAN0000245,negative_loan_amount,loan_amount set to negative value (-8978.14) -- physically invalid,high,2026-08-24
1666,loans,LOAN0000404,negative_loan_amount,loan_amount set to negative value (-27000.42) -- physically invalid,high,2026-08-24
1667,loans,LOAN0000478,negative_loan_amount,loan_amount set to negative value (-7370.79) -- physically invalid,high,2026-08-24
1668,loans,LOAN0000689,negative_loan_amount,loan_amount set to negative value (-32951.3) -- physically invalid,high,2026-08-24
1669,loans,LOAN0000743,negative_loan_amount,loan_amount set to negative value (-16541.84) -- physically invalid,high,2026-08-24
1670,loans,LOAN0000832,negative_loan_amount,loan_amount set to negative value (-1527.83) -- physically invalid,high,2026-08-24
1671,loans,LOAN0001015,negative_loan_amount,loan_amount set to negative value (-57811.76) -- physically invalid,high,2026-08-24
1672,loans,LOAN0001086,negative_loan_amount,loan_amount set to negative value (-19280.08) -- physically invalid,high,2026-08-24
1673,loans,LOAN0000044,negative_interest_rate,interest_rate set to negative value (-8.73) -- physically invalid,high,2026-08-24
1674,loans,LOAN0000070,negative_interest_rate,interest_rate set to negative value (-8.78) -- physically invalid,high,2026-08-24
1675,loans,LOAN0000087,negative_interest_rate,interest_rate set to negative value (-15.17) -- physically invalid,high,2026-08-24
1676,loans,LOAN0000306,negative_interest_rate,interest_rate set to negative value (-15.54) -- physically invalid,high,2026-08-24
1677,loans,LOAN0000339,negative_interest_rate,interest_rate set to negative value (-10.75) -- physically invalid,high,2026-08-24
1678,loans,LOAN0000340,negative_interest_rate,interest_rate set to negative value (-13.49) -- physically invalid,high,2026-08-24
1679,loans,LOAN0000583,negative_interest_rate,interest_rate set to negative value (-11.22) -- physically invalid,high,2026-08-24
1680,loans,LOAN0000732,negative_interest_rate,interest_rate set to negative value (-6.62) -- physically invalid,high,2026-08-24
1681,loans,LOAN0000934,negative_interest_rate,interest_rate set to negative value (-7.36) -- physically invalid,high,2026-08-24
1682,loans,LOAN0001010,negative_interest_rate,interest_rate set to negative value (-7.74) -- physically invalid,high,2026-08-24
1683,loans,LOAN0001082,negative_interest_rate,interest_rate set to negative value (-8.44) -- physically invalid,high,2026-08-24
1684,loans,LOAN0001149,negative_interest_rate,interest_rate set to negative value (-9.86) -- physically invalid,high,2026-08-24
1685,payments,PAY0000027,negative_amount_paid,amount_paid set to negative value (-548.35) -- physically invalid,high,2026-08-24
1686,payments,PAY0000268,negative_amount_paid,amount_paid set to negative value (-464.81) -- physically invalid,high,2026-08-24
1687,payments,PAY0000320,negative_amount_paid,amount_paid set to negative value (-286.2) -- physically invalid,high,2026-08-24
1688,payments,PAY0000337,negative_amount_paid,amount_paid set to negative value (-4.42) -- physically invalid,high,2026-08-24
1689,payments,PAY0000417,negative_amount_paid,amount_paid set to negative value (-253.05) -- physically invalid,high,2026-08-24
1690,payments,PAY0000525,negative_amount_paid,amount_paid set to negative value (-1311.26) -- physically invalid,high,2026-08-24
1691,payments,PAY0000528,negative_amount_paid,amount_paid set to negative value (-974.12) -- physically invalid,high,2026-08-24
1692,payments,PAY0000636,negative_amount_paid,amount_paid set to negative value (-304.51) -- physically invalid,high,2026-08-24
1693,payments,PAY0000645,negative_amount_paid,amount_paid set to negative value (-190.83) -- physically invalid,high,2026-08-24
1694,payments,PAY0000823,negative_amount_paid,amount_paid set to negative value (-530.8672630156846) -- physically invalid,high,2026-08-24
1695,payments,PAY0000925,negative_amount_paid,amount_paid set to negative value (-58.75) -- physically invalid,high,2026-08-24
1696,payments,PAY0001053,negative_amount_paid,amount_paid set to negative value (-452.86) -- physically invalid,high,2026-08-24
1697,payments,PAY0001064,negative_amount_paid,amount_paid set to negative value (-283.79) -- physically invalid,high,2026-08-24
1698,payments,PAY0001195,negative_amount_paid,amount_paid set to negative value (-962.463414129963) -- physically invalid,high,2026-08-24
1699,payments,PAY0001329,negative_amount_paid,amount_paid set to negative value (-520.77) -- physically invalid,high,2026-08-24
1700,payments,PAY0001390,negative_amount_paid,amount_paid set to negative value (-71.77) -- physically invalid,high,2026-08-24
1701,payments,PAY0001462,negative_amount_paid,amount_paid set to negative value (-286.2) -- physically invalid,high,2026-08-24
1702,payments,PAY0001498,negative_amount_paid,amount_paid set to negative value (-545.27) -- physically invalid,high,2026-08-24
1703,payments,PAY0001533,negative_amount_paid,amount_paid set to negative value (-763.83) -- physically invalid,high,2026-08-24
1704,payments,PAY0001552,negative_amount_paid,amount_paid set to negative value (-214.77) -- physically invalid,high,2026-08-24
1705,payments,PAY0001664,negative_amount_paid,amount_paid set to negative value (-141.5) -- physically invalid,high,2026-08-24
1706,payments,PAY0001666,negative_amount_paid,amount_paid set to negative value (-254.82414873631507) -- physically invalid,high,2026-08-24
1707,payments,PAY0001788,negative_amount_paid,amount_paid set to negative value (-3630.5) -- physically invalid,high,2026-08-24
1708,payments,PAY0002000,negative_amount_paid,amount_paid set to negative value (-125.52) -- physically invalid,high,2026-08-24
1709,payments,PAY0002037,negative_amount_paid,amount_paid set to negative value (-319.07) -- physically invalid,high,2026-08-24
1710,payments,PAY0002060,negative_amount_paid,amount_paid set to negative value (-274.94) -- physically invalid,high,2026-08-24
1711,payments,PAY0002217,negative_amount_paid,amount_paid set to negative value (-126.98) -- physically invalid,high,2026-08-24
1712,payments,PAY0002222,negative_amount_paid,amount_paid set to negative value (-44.06) -- physically invalid,high,2026-08-24
1713,payments,PAY0002240,negative_amount_paid,amount_paid set to negative value (-49.69) -- physically invalid,high,2026-08-24
1714,payments,PAY0002318,negative_amount_paid,amount_paid set to negative value (-475.96) -- physically invalid,high,2026-08-24
1715,payments,PAY0002334,negative_amount_paid,amount_paid set to negative value (-51.21) -- physically invalid,high,2026-08-24
1716,payments,PAY0002460,negative_amount_paid,amount_paid set to negative value (-527.76) -- physically invalid,high,2026-08-24
1717,payments,PAY0002493,negative_amount_paid,amount_paid set to negative value (-436.6) -- physically invalid,high,2026-08-24
1718,payments,PAY0002525,negative_amount_paid,amount_paid set to negative value (-1796.47) -- physically invalid,high,2026-08-24
1719,payments,PAY0002980,negative_amount_paid,amount_paid set to negative value (-902.21) -- physically invalid,high,2026-08-24
1720,payments,PAY0003090,negative_amount_paid,amount_paid set to negative value (-49.36) -- physically invalid,high,2026-08-24
1721,payments,PAY0003129,negative_amount_paid,amount_paid set to negative value (-554.72) -- physically invalid,high,2026-08-24
1722,payments,PAY0003274,negative_amount_paid,amount_paid set to negative value (-523.02) -- physically invalid,high,2026-08-24
1723,payments,PAY0003285,negative_amount_paid,amount_paid set to negative value (-1035.63) -- physically invalid,high,2026-08-24
1724,payments,PAY0003363,negative_amount_paid,amount_paid set to negative value (-129.99) -- physically invalid,high,2026-08-24
1725,payments,PAY0003656,negative_amount_paid,amount_paid set to negative value (-786.63) -- physically invalid,high,2026-08-24
1726,payments,PAY0003665,negative_amount_paid,amount_paid set to negative value (-35.38) -- physically invalid,high,2026-08-24
1727,payments,PAY0003699,negative_amount_paid,amount_paid set to negative value (-412.74) -- physically invalid,high,2026-08-24
1728,payments,PAY0003757,negative_amount_paid,amount_paid set to negative value (-141.5) -- physically invalid,high,2026-08-24
1729,payments,PAY0003830,negative_amount_paid,amount_paid set to negative value (-1020.24) -- physically invalid,high,2026-08-24
1730,payments,PAY0003970,negative_amount_paid,amount_paid set to negative value (-804.65) -- physically invalid,high,2026-08-24
1731,payments,PAY0003977,negative_amount_paid,amount_paid set to negative value (-157.74) -- physically invalid,high,2026-08-24
1732,payments,PAY0004083,negative_amount_paid,amount_paid set to negative value (-316.04937394539616) -- physically invalid,high,2026-08-24
1733,payments,PAY0004375,negative_amount_paid,amount_paid set to negative value (-200.58) -- physically invalid,high,2026-08-24
1734,payments,PAY0004390,negative_amount_paid,amount_paid set to negative value (-289.41) -- physically invalid,high,2026-08-24
1735,payments,PAY0004412,negative_amount_paid,amount_paid set to negative value (-1779.77) -- physically invalid,high,2026-08-24
1736,payments,PAY0004423,negative_amount_paid,amount_paid set to negative value (-12.01) -- physically invalid,high,2026-08-24
1737,payments,PAY0004658,negative_amount_paid,amount_paid set to negative value (-259.33) -- physically invalid,high,2026-08-24
1738,payments,PAY0004724,negative_amount_paid,amount_paid set to negative value (-587.26) -- physically invalid,high,2026-08-24
1739,payments,PAY0004732,negative_amount_paid,amount_paid set to negative value (-319.77) -- physically invalid,high,2026-08-24
1740,payments,PAY0004891,negative_amount_paid,amount_paid set to negative value (-570.11) -- physically invalid,high,2026-08-24
1741,payments,PAY0004948,negative_amount_paid,amount_paid set to negative value (-51.21) -- physically invalid,high,2026-08-24
1742,payments,PAY0005124,negative_amount_paid,amount_paid set to negative value (-2089.11) -- physically invalid,high,2026-08-24
1743,payments,PAY0005159,negative_amount_paid,amount_paid set to negative value (-328.54) -- physically invalid,high,2026-08-24
1744,payments,PAY0005298,negative_amount_paid,amount_paid set to negative value (-2228.63) -- physically invalid,high,2026-08-24
1745,payments,PAY0005315,negative_amount_paid,amount_paid set to negative value (-520.23) -- physically invalid,high,2026-08-24
1746,payments,PAY0005428,negative_amount_paid,amount_paid set to negative value (-304.51) -- physically invalid,high,2026-08-24
1747,payments,PAY0005509,negative_amount_paid,amount_paid set to negative value (-878.61) -- physically invalid,high,2026-08-24
1748,payments,PAY0005661,negative_amount_paid,amount_paid set to negative value (-876.0217548404967) -- physically invalid,high,2026-08-24
1749,payments,PAY0006068,negative_amount_paid,amount_paid set to negative value (-742.87) -- physically invalid,high,2026-08-24
1750,payments,PAY0006341,negative_amount_paid,amount_paid set to negative value (-1311.43) -- physically invalid,high,2026-08-24
1751,payments,PAY0006641,negative_amount_paid,amount_paid set to negative value (-56.87) -- physically invalid,high,2026-08-24
1752,payments,PAY0006742,negative_amount_paid,amount_paid set to negative value (-342.38) -- physically invalid,high,2026-08-24
1753,payments,PAY0006756,negative_amount_paid,amount_paid set to negative value (-91.84) -- physically invalid,high,2026-08-24
1754,payments,PAY0006846,negative_amount_paid,amount_paid set to negative value (-1588.54) -- physically invalid,high,2026-08-24
1755,payments,PAY0006905,negative_amount_paid,amount_paid set to negative value (-234.28) -- physically invalid,high,2026-08-24
1756,payments,PAY0006977,negative_amount_paid,amount_paid set to negative value (-738.29) -- physically invalid,high,2026-08-24
1757,payments,PAY0007025,negative_amount_paid,amount_paid set to negative value (-654.3) -- physically invalid,high,2026-08-24
1758,payments,PAY0007396,negative_amount_paid,amount_paid set to negative value (-1493.55) -- physically invalid,high,2026-08-24
1759,payments,PAY0007626,negative_amount_paid,amount_paid set to negative value (-517.73) -- physically invalid,high,2026-08-24
1760,payments,PAY0007816,negative_amount_paid,amount_paid set to negative value (-326.99) -- physically invalid,high,2026-08-24
1761,payments,PAY0007841,negative_amount_paid,amount_paid set to negative value (-25.51) -- physically invalid,high,2026-08-24
1762,payments,PAY0008137,negative_amount_paid,amount_paid set to negative value (-1987.06) -- physically invalid,high,2026-08-24
1763,payments,PAY0008151,negative_amount_paid,amount_paid set to negative value (-160.03) -- physically invalid,high,2026-08-24
1764,payments,PAY0008318,negative_amount_paid,amount_paid set to negative value (-1563.45) -- physically invalid,high,2026-08-24
1765,payments,PAY0008638,negative_amount_paid,amount_paid set to negative value (-497.83) -- physically invalid,high,2026-08-24
1766,payments,PAY0008688,negative_amount_paid,amount_paid set to negative value (-1891.02) -- physically invalid,high,2026-08-24
1767,payments,PAY0008795,negative_amount_paid,amount_paid set to negative value (-149.7543849382037) -- physically invalid,high,2026-08-24
1768,payments,PAY0008936,negative_amount_paid,amount_paid set to negative value (-125.52) -- physically invalid,high,2026-08-24
1769,payments,PAY0009053,negative_amount_paid,amount_paid set to negative value (-570.11) -- physically invalid,high,2026-08-24
1770,payments,PAY0009082,negative_amount_paid,amount_paid set to negative value (-1689.4) -- physically invalid,high,2026-08-24
1771,payments,PAY0009171,negative_amount_paid,amount_paid set to negative value (-99.83) -- physically invalid,high,2026-08-24
1772,payments,PAY0009333,negative_amount_paid,amount_paid set to negative value (-343.23) -- physically invalid,high,2026-08-24
1773,payments,PAY0009545,negative_amount_paid,amount_paid set to negative value (-199.71) -- physically invalid,high,2026-08-24
1774,payments,PAY0009554,negative_amount_paid,amount_paid set to negative value (-126.98) -- physically invalid,high,2026-08-24
1775,payments,PAY0009648,negative_amount_paid,amount_paid set to negative value (-121.09) -- physically invalid,high,2026-08-24
1776,payments,PAY0009875,negative_amount_paid,amount_paid set to negative value (-465.65) -- physically invalid,high,2026-08-24
1777,payments,PAY0009925,negative_amount_paid,amount_paid set to negative value (-578.93) -- physically invalid,high,2026-08-24
1778,payments,PAY0010032,negative_amount_paid,amount_paid set to negative value (-800.3941346090947) -- physically invalid,high,2026-08-24
1779,payments,PAY0010059,negative_amount_paid,amount_paid set to negative value (-420.95) -- physically invalid,high,2026-08-24
1780,payments,PAY0010079,negative_amount_paid,amount_paid set to negative value (-170.14) -- physically invalid,high,2026-08-24
1781,payments,PAY0010240,negative_amount_paid,amount_paid set to negative value (-88.3) -- physically invalid,high,2026-08-24
1782,payments,PAY0010306,negative_amount_paid,amount_paid set to negative value (-202.09) -- physically invalid,high,2026-08-24
1783,payments,PAY0010467,negative_amount_paid,amount_paid set to negative value (-13567.71) -- physically invalid,high,2026-08-24
1784,payments,PAY0010686,negative_amount_paid,amount_paid set to negative value (-2089.11) -- physically invalid,high,2026-08-24
1785,payments,PAY0010759,negative_amount_paid,amount_paid set to negative value (-195.36) -- physically invalid,high,2026-08-24
1786,payments,PAY0010879,negative_amount_paid,amount_paid set to negative value (-63.75) -- physically invalid,high,2026-08-24
1787,payments,PAY0011192,negative_amount_paid,amount_paid set to negative value (-594.98) -- physically invalid,high,2026-08-24
1788,payments,PAY0011234,negative_amount_paid,amount_paid set to negative value (-218.1) -- physically invalid,high,2026-08-24
1789,payments,PAY0011268,negative_amount_paid,amount_paid set to negative value (-1203.44) -- physically invalid,high,2026-08-24
1790,payments,PAY0011439,negative_amount_paid,amount_paid set to negative value (-649.8445963555617) -- physically invalid,high,2026-08-24
1791,payments,PAY0011470,negative_amount_paid,amount_paid set to negative value (-124.65) -- physically invalid,high,2026-08-24
1792,payments,PAY0011557,negative_amount_paid,amount_paid set to negative value (-337.81) -- physically invalid,high,2026-08-24
1793,payments,PAY0011616,negative_amount_paid,amount_paid set to negative value (-35.38) -- physically invalid,high,2026-08-24
1794,payments,PAY0011619,negative_amount_paid,amount_paid set to negative value (-422.17) -- physically invalid,high,2026-08-24
1795,payments,PAY0012052,negative_amount_paid,amount_paid set to negative value (-1091.78) -- physically invalid,high,2026-08-24
1796,payments,PAY0012084,negative_amount_paid,amount_paid set to negative value (-43.44) -- physically invalid,high,2026-08-24
1797,payments,PAY0012088,negative_amount_paid,amount_paid set to negative value (-316.25) -- physically invalid,high,2026-08-24
1798,payments,PAY0012110,negative_amount_paid,amount_paid set to negative value (-902.21) -- physically invalid,high,2026-08-24
1799,payments,PAY0012154,negative_amount_paid,amount_paid set to negative value (-440.52) -- physically invalid,high,2026-08-24
1800,payments,PAY0012175,negative_amount_paid,amount_paid set to negative value (-1152.59) -- physically invalid,high,2026-08-24
1801,payments,PAY0012212,negative_amount_paid,amount_paid set to negative value (-282.86) -- physically invalid,high,2026-08-24
1802,payments,PAY0012290,negative_amount_paid,amount_paid set to negative value (-1462.27) -- physically invalid,high,2026-08-24
1803,payments,PAY0012428,negative_amount_paid,amount_paid set to negative value (-283.79) -- physically invalid,high,2026-08-24
1804,payments,PAY0012539,negative_amount_paid,amount_paid set to negative value (-458.01) -- physically invalid,high,2026-08-24
1805,payments,PAY0012614,negative_amount_paid,amount_paid set to negative value (-2276.98) -- physically invalid,high,2026-08-24
1806,payments,PAY0012694,negative_amount_paid,amount_paid set to negative value (-90.65) -- physically invalid,high,2026-08-24
1807,payments,PAY0012706,negative_amount_paid,amount_paid set to negative value (-22.61) -- physically invalid,high,2026-08-24
1808,payments,PAY0012838,negative_amount_paid,amount_paid set to negative value (-822.990974432255) -- physically invalid,high,2026-08-24
1809,payments,PAY0012872,negative_amount_paid,amount_paid set to negative value (-901.48) -- physically invalid,high,2026-08-24
1810,payments,PAY0012883,negative_amount_paid,amount_paid set to negative value (-663.73) -- physically invalid,high,2026-08-24
1811,payments,PAY0013032,negative_amount_paid,amount_paid set to negative value (-199.71) -- physically invalid,high,2026-08-24
1812,payments,PAY0013043,negative_amount_paid,amount_paid set to negative value (-2377.89) -- physically invalid,high,2026-08-24
1813,payments,PAY0013095,negative_amount_paid,amount_paid set to negative value (-497.83) -- physically invalid,high,2026-08-24
1814,payments,PAY0013119,negative_amount_paid,amount_paid set to negative value (-28.82) -- physically invalid,high,2026-08-24
1815,payments,PAY0013343,negative_amount_paid,amount_paid set to negative value (-78.24) -- physically invalid,high,2026-08-24
1816,payments,PAY0013365,negative_amount_paid,amount_paid set to negative value (-237.87) -- physically invalid,high,2026-08-24
1817,payments,PAY0013371,negative_amount_paid,amount_paid set to negative value (-259.00967558127536) -- physically invalid,high,2026-08-24
1818,payments,PAY0013374,negative_amount_paid,amount_paid set to negative value (-1367.16) -- physically invalid,high,2026-08-24
1819,payments,PAY0013385,negative_amount_paid,amount_paid set to negative value (-104.03) -- physically invalid,high,2026-08-24
1820,payments,PAY0013518,negative_amount_paid,amount_paid set to negative value (-346.48) -- physically invalid,high,2026-08-24
1821,payments,PAY0013577,negative_amount_paid,amount_paid set to negative value (-77.29) -- physically invalid,high,2026-08-24
1822,payments,PAY0013643,negative_amount_paid,amount_paid set to negative value (-506.72) -- physically invalid,high,2026-08-24
1823,payments,PAY0013682,negative_amount_paid,amount_paid set to negative value (-1178.21) -- physically invalid,high,2026-08-24
1824,payments,PAY0013995,negative_amount_paid,amount_paid set to negative value (-580.52) -- physically invalid,high,2026-08-24
1825,payments,PAY0014035,negative_amount_paid,amount_paid set to negative value (-517.73) -- physically invalid,high,2026-08-24
1826,payments,PAY0014051,negative_amount_paid,amount_paid set to negative value (-33.78) -- physically invalid,high,2026-08-24
1827,payments,PAY0014059,negative_amount_paid,amount_paid set to negative value (-22.61) -- physically invalid,high,2026-08-24
1828,payments,PAY0014107,negative_amount_paid,amount_paid set to negative value (-1443.27) -- physically invalid,high,2026-08-24
1829,payments,PAY0014179,negative_amount_paid,amount_paid set to negative value (-304.42) -- physically invalid,high,2026-08-24
1830,payments,PAY0014260,negative_amount_paid,amount_paid set to negative value (-183.33) -- physically invalid,high,2026-08-24
1831,payments,PAY0014285,negative_amount_paid,amount_paid set to negative value (-546.63) -- physically invalid,high,2026-08-24
1832,payments,PAY0014352,negative_amount_paid,amount_paid set to negative value (-254.35) -- physically invalid,high,2026-08-24
1833,payments,PAY0014604,negative_amount_paid,amount_paid set to negative value (-1152.66) -- physically invalid,high,2026-08-24
1834,payments,PAY0014607,negative_amount_paid,amount_paid set to negative value (-165.86) -- physically invalid,high,2026-08-24
1835,payments,PAY0014668,negative_amount_paid,amount_paid set to negative value (-107.46) -- physically invalid,high,2026-08-24
1836,payments,PAY0014679,negative_amount_paid,amount_paid set to negative value (-12.93) -- physically invalid,high,2026-08-24
1837,payments,PAY0014687,negative_amount_paid,amount_paid set to negative value (-569.76) -- physically invalid,high,2026-08-24
1838,payments,PAY0014716,negative_amount_paid,amount_paid set to negative value (-695.6811076092656) -- physically invalid,high,2026-08-24
1839,payments,PAY0014737,negative_amount_paid,amount_paid set to negative value (-12.01) -- physically invalid,high,2026-08-24
1840,payments,PAY0014890,negative_amount_paid,amount_paid set to negative value (-674.39) -- physically invalid,high,2026-08-24
1841,payments,PAY0014961,negative_amount_paid,amount_paid set to negative value (-71.77) -- physically invalid,high,2026-08-24
1842,payments,PAY0015010,negative_amount_paid,amount_paid set to negative value (-47.81) -- physically invalid,high,2026-08-24
1843,payments,PAY0015041,negative_amount_paid,amount_paid set to negative value (-446.69818427102274) -- physically invalid,high,2026-08-24
1844,payments,PAY0015077,negative_amount_paid,amount_paid set to negative value (-62.39) -- physically invalid,high,2026-08-24
1845,payments,PAY0015211,negative_amount_paid,amount_paid set to negative value (-528.72) -- physically invalid,high,2026-08-24
1846,payments,PAY0015297,negative_amount_paid,amount_paid set to negative value (-326.72) -- physically invalid,high,2026-08-24
1847,payments,PAY0015401,negative_amount_paid,amount_paid set to negative value (-816.07) -- physically invalid,high,2026-08-24
1848,payments,PAY0015539,negative_amount_paid,amount_paid set to negative value (-480.93) -- physically invalid,high,2026-08-24
1849,payments,PAY0015904,negative_amount_paid,amount_paid set to negative value (-64.01) -- physically invalid,high,2026-08-24
1850,payments,PAY0015923,negative_amount_paid,amount_paid set to negative value (-793.92) -- physically invalid,high,2026-08-24
1851,payments,PAY0015924,negative_amount_paid,amount_paid set to negative value (-87.2) -- physically invalid,high,2026-08-24
1852,payments,PAY0016054,negative_amount_paid,amount_paid set to negative value (-383.57) -- physically invalid,high,2026-08-24
1853,payments,PAY0016107,negative_amount_paid,amount_paid set to negative value (-3081.97) -- physically invalid,high,2026-08-24
1854,payments,PAY0016176,negative_amount_paid,amount_paid set to negative value (-225.39) -- physically invalid,high,2026-08-24
1855,payments,PAY0016222,negative_amount_paid,amount_paid set to negative value (-56.87) -- physically invalid,high,2026-08-24
1856,payments,PAY0016290,negative_amount_paid,amount_paid set to negative value (-956.2207331371952) -- physically invalid,high,2026-08-24
1857,payments,PAY0016385,negative_amount_paid,amount_paid set to negative value (-1141.35) -- physically invalid,high,2026-08-24
1858,payments,PAY0016438,negative_amount_paid,amount_paid set to negative value (-334.91) -- physically invalid,high,2026-08-24
1859,payments,PAY0016520,negative_amount_paid,amount_paid set to negative value (-778.15) -- physically invalid,high,2026-08-24
1860,payments,PAY0016729,negative_amount_paid,amount_paid set to negative value (-323.81) -- physically invalid,high,2026-08-24
1861,payments,PAY0016910,negative_amount_paid,amount_paid set to negative value (-317.79) -- physically invalid,high,2026-08-24
1862,payments,PAY0017067,negative_amount_paid,amount_paid set to negative value (-209.6) -- physically invalid,high,2026-08-24
1863,payments,PAY0017385,negative_amount_paid,amount_paid set to negative value (-750.25) -- physically invalid,high,2026-08-24
1864,payments,PAY0017459,negative_amount_paid,amount_paid set to negative value (-50.64) -- physically invalid,high,2026-08-24
1865,payments,PAY0017495,negative_amount_paid,amount_paid set to negative value (-345.76) -- physically invalid,high,2026-08-24
1866,payments,PAY0017591,negative_amount_paid,amount_paid set to negative value (-526.56) -- physically invalid,high,2026-08-24
1867,payments,PAY0017651,negative_amount_paid,amount_paid set to negative value (-35.1) -- physically invalid,high,2026-08-24
1868,payments,PAY0018241,negative_amount_paid,amount_paid set to negative value (-502.84) -- physically invalid,high,2026-08-24
1869,payments,PAY0018294,negative_amount_paid,amount_paid set to negative value (-35.32) -- physically invalid,high,2026-08-24
1870,payments,PAY0018431,negative_amount_paid,amount_paid set to negative value (-101.29) -- physically invalid,high,2026-08-24
1871,payments,PAY0018440,negative_amount_paid,amount_paid set to negative value (-503.65) -- physically invalid,high,2026-08-24
1872,payments,PAY0018539,negative_amount_paid,amount_paid set to negative value (-334.91) -- physically invalid,high,2026-08-24
1873,payments,PAY0018550,negative_amount_paid,amount_paid set to negative value (-770.48) -- physically invalid,high,2026-08-24
1874,payments,PAY0018605,negative_amount_paid,amount_paid set to negative value (-179.52) -- physically invalid,high,2026-08-24
1875,payments,PAY0018724,negative_amount_paid,amount_paid set to negative value (-1049.56) -- physically invalid,high,2026-08-24
1876,payments,PAY0018770,negative_amount_paid,amount_paid set to negative value (-81.57) -- physically invalid,high,2026-08-24
1877,payments,PAY0018808,negative_amount_paid,amount_paid set to negative value (-582.44) -- physically invalid,high,2026-08-24
1878,payments,PAY0018861,negative_amount_paid,amount_paid set to negative value (-503.65) -- physically invalid,high,2026-08-24
1879,payments,PAY0018953,negative_amount_paid,amount_paid set to negative value (-406.91) -- physically invalid,high,2026-08-24
1880,payments,PAY0018996,negative_amount_paid,amount_paid set to negative value (-738.29) -- physically invalid,high,2026-08-24
1881,payments,PAY0019179,negative_amount_paid,amount_paid set to negative value (-31.84) -- physically invalid,high,2026-08-24
1882,payments,PAY0019273,negative_amount_paid,amount_paid set to negative value (-31.88) -- physically invalid,high,2026-08-24
1883,payments,PAY0019442,negative_amount_paid,amount_paid set to negative value (-165.33) -- physically invalid,high,2026-08-24
1884,payments,PAY0019449,negative_amount_paid,amount_paid set to negative value (-762.69) -- physically invalid,high,2026-08-24
1885,payments,PAY0019628,negative_amount_paid,amount_paid set to negative value (-444.8) -- physically invalid,high,2026-08-24
1886,payments,PAY0005211,negative_amount_paid,amount_paid set to negative value (-464.74) -- physically invalid,high,2026-08-24
1887,credit_history,CRHIST0000299,out_of_range_credit_score,"credit_score set to -8, outside the valid domain (bound=850)",high,2026-08-24
1888,credit_history,CRHIST0000322,out_of_range_credit_score,"credit_score set to 872, outside the valid domain (bound=850)",high,2026-08-24
1889,credit_history,CRHIST0000380,out_of_range_credit_score,"credit_score set to -34, outside the valid domain (bound=850)",high,2026-08-24
1890,credit_history,CRHIST0000480,out_of_range_credit_score,"credit_score set to 860, outside the valid domain (bound=850)",high,2026-08-24
1891,credit_history,CRHIST0000490,out_of_range_credit_score,"credit_score set to 880, outside the valid domain (bound=850)",high,2026-08-24
1892,credit_history,CRHIST0000696,out_of_range_credit_score,"credit_score set to 885, outside the valid domain (bound=850)",high,2026-08-24
1893,credit_history,CRHIST0000703,out_of_range_credit_score,"credit_score set to -39, outside the valid domain (bound=850)",high,2026-08-24
1894,credit_history,CRHIST0000728,out_of_range_credit_score,"credit_score set to 877, outside the valid domain (bound=850)",high,2026-08-24
1895,credit_history,CRHIST0000874,out_of_range_credit_score,"credit_score set to -13, outside the valid domain (bound=850)",high,2026-08-24
1896,credit_history,CRHIST0000928,out_of_range_credit_score,"credit_score set to 875, outside the valid domain (bound=850)",high,2026-08-24
1897,credit_history,CRHIST0001003,out_of_range_credit_score,"credit_score set to 884, outside the valid domain (bound=850)",high,2026-08-24
1898,credit_history,CRHIST0001246,out_of_range_credit_score,"credit_score set to 852, outside the valid domain (bound=850)",high,2026-08-24
1899,credit_history,CRHIST0001261,out_of_range_credit_score,"credit_score set to 875, outside the valid domain (bound=850)",high,2026-08-24
1900,credit_history,CRHIST0001434,out_of_range_credit_score,"credit_score set to 857, outside the valid domain (bound=850)",high,2026-08-24
1901,credit_history,CRHIST0001566,out_of_range_credit_score,"credit_score set to 893, outside the valid domain (bound=850)",high,2026-08-24
1902,credit_history,CRHIST0001608,out_of_range_credit_score,"credit_score set to 889, outside the valid domain (bound=850)",high,2026-08-24
1903,credit_history,CRHIST0001685,out_of_range_credit_score,"credit_score set to -17, outside the valid domain (bound=850)",high,2026-08-24
1904,credit_history,CRHIST0001935,out_of_range_credit_score,"credit_score set to 870, outside the valid domain (bound=850)",high,2026-08-24
1905,credit_history,CRHIST0002128,out_of_range_credit_score,"credit_score set to -32, outside the valid domain (bound=850)",high,2026-08-24
1906,credit_history,CRHIST0002189,out_of_range_credit_score,"credit_score set to -16, outside the valid domain (bound=850)",high,2026-08-24
1907,credit_history,CRHIST0002215,out_of_range_credit_score,"credit_score set to -21, outside the valid domain (bound=850)",high,2026-08-24
1908,credit_history,CRHIST0002248,out_of_range_credit_score,"credit_score set to 857, outside the valid domain (bound=850)",high,2026-08-24
1909,credit_history,CRHIST0002379,out_of_range_credit_score,"credit_score set to 878, outside the valid domain (bound=850)",high,2026-08-24
1910,credit_history,CRHIST0002477,out_of_range_credit_score,"credit_score set to -36, outside the valid domain (bound=850)",high,2026-08-24
1911,credit_history,CRHIST0002676,out_of_range_credit_score,"credit_score set to -25, outside the valid domain (bound=850)",high,2026-08-24
1912,credit_history,CRHIST0002709,out_of_range_credit_score,"credit_score set to -47, outside the valid domain (bound=850)",high,2026-08-24
1913,credit_history,CRHIST0002774,out_of_range_credit_score,"credit_score set to 854, outside the valid domain (bound=850)",high,2026-08-24
1914,credit_history,CRHIST0002824,out_of_range_credit_score,"credit_score set to -48, outside the valid domain (bound=850)",high,2026-08-24
1915,credit_history,CRHIST0002881,out_of_range_credit_score,"credit_score set to -2, outside the valid domain (bound=850)",high,2026-08-24
1916,credit_history,CRHIST0002907,out_of_range_credit_score,"credit_score set to 860, outside the valid domain (bound=850)",high,2026-08-24
1917,credit_history,CRHIST0003096,out_of_range_credit_score,"credit_score set to -38, outside the valid domain (bound=850)",high,2026-08-24
1918,credit_history,CRHIST0003105,out_of_range_credit_score,"credit_score set to 900, outside the valid domain (bound=850)",high,2026-08-24
1919,credit_history,CRHIST0003107,out_of_range_credit_score,"credit_score set to 875, outside the valid domain (bound=850)",high,2026-08-24
1920,credit_history,CRHIST0003189,out_of_range_credit_score,"credit_score set to 870, outside the valid domain (bound=850)",high,2026-08-24
1921,credit_history,CRHIST0003225,out_of_range_credit_score,"credit_score set to 873, outside the valid domain (bound=850)",high,2026-08-24
1922,credit_history,CRHIST0003257,out_of_range_credit_score,"credit_score set to 895, outside the valid domain (bound=850)",high,2026-08-24
1923,credit_history,CRHIST0003361,out_of_range_credit_score,"credit_score set to -23, outside the valid domain (bound=850)",high,2026-08-24
1924,credit_history,CRHIST0003554,out_of_range_credit_score,"credit_score set to -39, outside the valid domain (bound=850)",high,2026-08-24
1925,credit_history,CRHIST0003556,out_of_range_credit_score,"credit_score set to -46, outside the valid domain (bound=850)",high,2026-08-24
1926,credit_history,CRHIST0003758,out_of_range_credit_score,"credit_score set to 867, outside the valid domain (bound=850)",high,2026-08-24
1927,credit_history,CRHIST0003845,out_of_range_credit_score,"credit_score set to 863, outside the valid domain (bound=850)",high,2026-08-24
1928,credit_history,CRHIST0003898,out_of_range_credit_score,"credit_score set to -16, outside the valid domain (bound=850)",high,2026-08-24
1929,credit_history,CRHIST0003926,out_of_range_credit_score,"credit_score set to 868, outside the valid domain (bound=850)",high,2026-08-24
1930,credit_history,CRHIST0003957,out_of_range_credit_score,"credit_score set to 882, outside the valid domain (bound=850)",high,2026-08-24
1931,credit_history,CRHIST0004092,out_of_range_credit_score,"credit_score set to -38, outside the valid domain (bound=850)",high,2026-08-24
1932,credit_history,CRHIST0004095,out_of_range_credit_score,"credit_score set to 867, outside the valid domain (bound=850)",high,2026-08-24
1933,credit_history,CRHIST0004325,out_of_range_credit_score,"credit_score set to -5, outside the valid domain (bound=850)",high,2026-08-24
1934,credit_history,CRHIST0004390,out_of_range_credit_score,"credit_score set to -29, outside the valid domain (bound=850)",high,2026-08-24
1935,credit_history,CRHIST0004495,out_of_range_credit_score,"credit_score set to 863, outside the valid domain (bound=850)",high,2026-08-24
1936,credit_history,CRHIST0004537,out_of_range_credit_score,"credit_score set to 872, outside the valid domain (bound=850)",high,2026-08-24
1937,credit_history,CRHIST0004722,out_of_range_credit_score,"credit_score set to 852, outside the valid domain (bound=850)",high,2026-08-24
1938,credit_history,CRHIST0004909,out_of_range_credit_score,"credit_score set to 862, outside the valid domain (bound=850)",high,2026-08-24
1939,credit_history,CRHIST0005065,out_of_range_credit_score,"credit_score set to -43, outside the valid domain (bound=850)",high,2026-08-24
1940,credit_history,CRHIST0005085,out_of_range_credit_score,"credit_score set to 876, outside the valid domain (bound=850)",high,2026-08-24
1941,credit_history,CRHIST0005136,out_of_range_credit_score,"credit_score set to 886, outside the valid domain (bound=850)",high,2026-08-24
1942,credit_history,CRHIST0005282,out_of_range_credit_score,"credit_score set to 867, outside the valid domain (bound=850)",high,2026-08-24
1943,credit_history,CRHIST0005425,out_of_range_credit_score,"credit_score set to 881, outside the valid domain (bound=850)",high,2026-08-24
1944,credit_history,CRHIST0005503,out_of_range_credit_score,"credit_score set to 888, outside the valid domain (bound=850)",high,2026-08-24
1945,credit_history,CRHIST0005584,out_of_range_credit_score,"credit_score set to -40, outside the valid domain (bound=850)",high,2026-08-24
1946,credit_history,CRHIST0005687,out_of_range_credit_score,"credit_score set to 884, outside the valid domain (bound=850)",high,2026-08-24
1947,credit_history,CRHIST0005867,out_of_range_credit_score,"credit_score set to -10, outside the valid domain (bound=850)",high,2026-08-24
1948,customers,CUST0000006,inconsistent_employment_status,employment_status written as 'EMPLOYED' instead of canonical 'Employed',low,2026-08-24
1949,customers,CUST0000028,inconsistent_employment_status,employment_status written as 'SELF-EMPLOYED' instead of canonical 'Self-employed',low,2026-08-24
1950,customers,CUST0000030,inconsistent_employment_status,employment_status written as 'SELF-EMPLOYED' instead of canonical 'Self-employed',low,2026-08-24
1951,customers,CUST0000098,inconsistent_employment_status,employment_status written as 'Full-time' instead of canonical 'Employed',low,2026-08-24
1952,customers,CUST0000145,inconsistent_employment_status,employment_status written as 'self employed' instead of canonical 'Self-employed',low,2026-08-24
1953,customers,CUST0000155,inconsistent_employment_status,employment_status written as 'employed' instead of canonical 'Employed',low,2026-08-24
1954,customers,CUST0000250,inconsistent_employment_status,employment_status written as 'EMPLOYED' instead of canonical 'Employed',low,2026-08-24
1955,customers,CUST0000261,inconsistent_employment_status,employment_status written as 'full time' instead of canonical 'Employed',low,2026-08-24
1956,customers,CUST0000267,inconsistent_employment_status,employment_status written as 'Emp.' instead of canonical 'Employed',low,2026-08-24
1957,customers,CUST0000393,inconsistent_employment_status,employment_status written as 'Freelance' instead of canonical 'Self-employed',low,2026-08-24
1958,customers,CUST0000498,inconsistent_employment_status,employment_status written as 'Full-time' instead of canonical 'Employed',low,2026-08-24
1959,customers,CUST0000652,inconsistent_employment_status,employment_status written as 'EMPLOYED' instead of canonical 'Employed',low,2026-08-24
1960,customers,CUST0000804,inconsistent_employment_status,employment_status written as 'FT' instead of canonical 'Employed',low,2026-08-24
1961,customers,CUST0000834,inconsistent_employment_status,employment_status written as 'Emp.' instead of canonical 'Employed',low,2026-08-24
1962,customers,CUST0000857,inconsistent_employment_status,employment_status written as 'Full-time' instead of canonical 'Employed',low,2026-08-24
1963,customers,CUST0000984,inconsistent_employment_status,employment_status written as 'Ret.' instead of canonical 'Retired',low,2026-08-24
1964,customers,CUST0001008,inconsistent_employment_status,employment_status written as 'SELF-EMPLOYED' instead of canonical 'Self-employed',low,2026-08-24
1965,customers,CUST0001014,inconsistent_employment_status,employment_status written as 'Freelance' instead of canonical 'Self-employed',low,2026-08-24
1966,customers,CUST0001016,inconsistent_employment_status,employment_status written as 'RETIRED' instead of canonical 'Retired',low,2026-08-24
1967,customers,CUST0001091,inconsistent_employment_status,employment_status written as 'EMPLOYED' instead of canonical 'Employed',low,2026-08-24
1968,customers,CUST0001159,inconsistent_employment_status,employment_status written as 'full time' instead of canonical 'Employed',low,2026-08-24
1969,customers,CUST0001223,inconsistent_employment_status,employment_status written as 'full time' instead of canonical 'Employed',low,2026-08-24
1970,customers,CUST0001257,inconsistent_employment_status,employment_status written as 'FT' instead of canonical 'Employed',low,2026-08-24
1971,customers,CUST0001338,inconsistent_employment_status,employment_status written as 'full time' instead of canonical 'Employed',low,2026-08-24
1972,customers,CUST0001374,inconsistent_employment_status,employment_status written as 'FT' instead of canonical 'Employed',low,2026-08-24
1973,customers,CUST0001376,inconsistent_employment_status,employment_status written as 'Emp.' instead of canonical 'Employed',low,2026-08-24
1974,customers,CUST0001386,inconsistent_employment_status,employment_status written as 'employed' instead of canonical 'Employed',low,2026-08-24
1975,customers,CUST0001424,inconsistent_employment_status,employment_status written as 'employed' instead of canonical 'Employed',low,2026-08-24
1976,customers,CUST0001426,inconsistent_employment_status,employment_status written as 'FT' instead of canonical 'Employed',low,2026-08-24
1977,customers,CUST0001587,inconsistent_employment_status,employment_status written as 'employed' instead of canonical 'Employed',low,2026-08-24
1978,customers,CUST0001590,inconsistent_employment_status,employment_status written as 'Freelance' instead of canonical 'Self-employed',low,2026-08-24
1979,customers,CUST0001597,inconsistent_employment_status,employment_status written as 'N/A' instead of canonical 'Unemployed',low,2026-08-24
1980,customers,CUST0001619,inconsistent_employment_status,employment_status written as 'N/A' instead of canonical 'Unemployed',low,2026-08-24
1981,customers,CUST0001699,inconsistent_employment_status,employment_status written as 'unemployed' instead of canonical 'Unemployed',low,2026-08-24
1982,customers,CUST0001733,inconsistent_employment_status,employment_status written as 'employed' instead of canonical 'Employed',low,2026-08-24
1983,customers,CUST0001760,inconsistent_employment_status,employment_status written as 'Emp.' instead of canonical 'Employed',low,2026-08-24
1984,customers,CUST0001815,inconsistent_employment_status,employment_status written as 'full time' instead of canonical 'Employed',low,2026-08-24
1985,customers,CUST0001841,inconsistent_employment_status,employment_status written as 'FT' instead of canonical 'Employed',low,2026-08-24
1986,customers,CUST0001869,inconsistent_employment_status,employment_status written as 'self employed' instead of canonical 'Self-employed',low,2026-08-24
1987,customers,CUST0001978,inconsistent_employment_status,employment_status written as 'Stu.' instead of canonical 'Student',low,2026-08-24
1988,applications,APP0000020,inconsistent_application_status,application_status written as 'REJECTED' instead of canonical 'Rejected',low,2026-08-24
1989,applications,APP0000067,inconsistent_application_status,application_status written as 'pending' instead of canonical 'Pending',low,2026-08-24
1990,applications,APP0000099,inconsistent_application_status,application_status written as 'APPROVED' instead of canonical 'Approved',low,2026-08-24
1991,applications,APP0000162,inconsistent_application_status,application_status written as 'In Review' instead of canonical 'Pending',low,2026-08-24
1992,applications,APP0000253,inconsistent_application_status,application_status written as 'rejected' instead of canonical 'Rejected',low,2026-08-24
1993,applications,APP0000298,inconsistent_application_status,application_status written as 'Appr.' instead of canonical 'Approved',low,2026-08-24
1994,applications,APP0000302,inconsistent_application_status,application_status written as 'declined' instead of canonical 'Rejected',low,2026-08-24
1995,applications,APP0000309,inconsistent_application_status,application_status written as 'PENDING' instead of canonical 'Pending',low,2026-08-24
1996,applications,APP0000314,inconsistent_application_status,application_status written as 'declined' instead of canonical 'Rejected',low,2026-08-24
1997,applications,APP0000323,inconsistent_application_status,application_status written as 'DECL' instead of canonical 'Rejected',low,2026-08-24
1998,applications,APP0000414,inconsistent_application_status,application_status written as 'DECL' instead of canonical 'Rejected',low,2026-08-24
1999,applications,APP0000457,inconsistent_application_status,application_status written as 'approved' instead of canonical 'Approved',low,2026-08-24
2000,applications,APP0000490,inconsistent_application_status,application_status written as 'APPROVED' instead of canonical 'Approved',low,2026-08-24
2001,applications,APP0000504,inconsistent_application_status,application_status written as 'rejected' instead of canonical 'Rejected',low,2026-08-24
2002,applications,APP0000565,inconsistent_application_status,application_status written as 'APPR' instead of canonical 'Approved',low,2026-08-24
2003,applications,APP0000572,inconsistent_application_status,application_status written as 'APPR' instead of canonical 'Approved',low,2026-08-24
2004,applications,APP0000604,inconsistent_application_status,application_status written as 'DECL' instead of canonical 'Rejected',low,2026-08-24
2005,applications,APP0000648,inconsistent_application_status,application_status written as 'Appr.' instead of canonical 'Approved',low,2026-08-24
2006,applications,APP0000928,inconsistent_application_status,application_status written as 'declined' instead of canonical 'Rejected',low,2026-08-24
2007,applications,APP0000984,inconsistent_application_status,application_status written as 'Declined' instead of canonical 'Rejected',low,2026-08-24
2008,applications,APP0000987,inconsistent_application_status,application_status written as 'APPR' instead of canonical 'Approved',low,2026-08-24
2009,applications,APP0000999,inconsistent_application_status,application_status written as 'REJECTED' instead of canonical 'Rejected',low,2026-08-24
2010,applications,APP0001005,inconsistent_application_status,application_status written as 'REJECTED' instead of canonical 'Rejected',low,2026-08-24
2011,applications,APP0001111,inconsistent_application_status,application_status written as 'declined' instead of canonical 'Rejected',low,2026-08-24
2012,applications,APP0001181,inconsistent_application_status,application_status written as 'Declined' instead of canonical 'Rejected',low,2026-08-24
2013,applications,APP0001264,inconsistent_application_status,application_status written as 'rejected' instead of canonical 'Rejected',low,2026-08-24
2014,applications,APP0001339,inconsistent_application_status,application_status written as 'APPR' instead of canonical 'Approved',low,2026-08-24
2015,applications,APP0001382,inconsistent_application_status,application_status written as 'APPR' instead of canonical 'Approved',low,2026-08-24
2016,applications,APP0001413,inconsistent_application_status,application_status written as 'APPROVED' instead of canonical 'Approved',low,2026-08-24
2017,applications,APP0001446,inconsistent_application_status,application_status written as 'cancelled' instead of canonical 'Withdrawn',low,2026-08-24
2018,applications,APP0001473,inconsistent_application_status,application_status written as 'approved' instead of canonical 'Approved',low,2026-08-24
2019,applications,APP0001524,inconsistent_application_status,application_status written as 'rejected' instead of canonical 'Rejected',low,2026-08-24
2020,applications,APP0001556,inconsistent_application_status,application_status written as 'DECL' instead of canonical 'Rejected',low,2026-08-24
2021,applications,APP0001624,inconsistent_application_status,application_status written as 'Declined' instead of canonical 'Rejected',low,2026-08-24
2022,applications,APP0001632,inconsistent_application_status,application_status written as 'declined' instead of canonical 'Rejected',low,2026-08-24
2023,applications,APP0001834,inconsistent_application_status,application_status written as 'declined' instead of canonical 'Rejected',low,2026-08-24
2024,applications,APP0001849,inconsistent_application_status,application_status written as 'PENDING' instead of canonical 'Pending',low,2026-08-24
2025,applications,APP0001970,inconsistent_application_status,application_status written as 'APPR' instead of canonical 'Approved',low,2026-08-24
2026,applications,APP0001976,inconsistent_application_status,application_status written as 'WITHDRAWN' instead of canonical 'Withdrawn',low,2026-08-24
2027,applications,APP0002046,inconsistent_application_status,application_status written as 'declined' instead of canonical 'Rejected',low,2026-08-24
2028,applications,APP0002087,inconsistent_application_status,application_status written as 'Appr.' instead of canonical 'Approved',low,2026-08-24
2029,applications,APP0002097,inconsistent_application_status,application_status written as 'APPROVED' instead of canonical 'Approved',low,2026-08-24
2030,applications,APP0002163,inconsistent_application_status,application_status written as 'approved' instead of canonical 'Approved',low,2026-08-24
2031,applications,APP0002165,inconsistent_application_status,application_status written as 'In Review' instead of canonical 'Pending',low,2026-08-24
2032,applications,APP0002298,inconsistent_application_status,application_status written as 'Appr.' instead of canonical 'Approved',low,2026-08-24
2033,applications,APP0002317,inconsistent_application_status,application_status written as 'APPROVED' instead of canonical 'Approved',low,2026-08-24
2034,applications,APP0002339,inconsistent_application_status,application_status written as 'In Review' instead of canonical 'Pending',low,2026-08-24
2035,applications,APP0002372,inconsistent_application_status,application_status written as 'approved' instead of canonical 'Approved',low,2026-08-24
2036,applications,APP0002437,inconsistent_application_status,application_status written as 'REJECTED' instead of canonical 'Rejected',low,2026-08-24
2037,applications,APP0002479,inconsistent_application_status,application_status written as 'APPROVED' instead of canonical 'Approved',low,2026-08-24
2038,applications,APP0002514,inconsistent_application_status,application_status written as 'pending' instead of canonical 'Pending',low,2026-08-24
2039,applications,APP0002530,inconsistent_application_status,application_status written as 'APPR' instead of canonical 'Approved',low,2026-08-24
2040,applications,APP0002556,inconsistent_application_status,application_status written as 'Declined' instead of canonical 'Rejected',low,2026-08-24
2041,applications,APP0002601,inconsistent_application_status,application_status written as 'rejected' instead of canonical 'Rejected',low,2026-08-24
2042,applications,APP0002654,inconsistent_application_status,application_status written as 'approved' instead of canonical 'Approved',low,2026-08-24
2043,applications,APP0002810,inconsistent_application_status,application_status written as 'Cancelled' instead of canonical 'Withdrawn',low,2026-08-24
2044,applications,APP0002887,inconsistent_application_status,application_status written as 'in review' instead of canonical 'Pending',low,2026-08-24
2045,applications,APP0002891,inconsistent_application_status,application_status written as 'approved' instead of canonical 'Approved',low,2026-08-24
2046,applications,APP0002908,inconsistent_application_status,application_status written as 'APPROVED' instead of canonical 'Approved',low,2026-08-24
2047,applications,APP0002944,inconsistent_application_status,application_status written as 'Declined' instead of canonical 'Rejected',low,2026-08-24
2048,applications,APP0002960,inconsistent_application_status,application_status written as 'APPR' instead of canonical 'Approved',low,2026-08-24
2049,payments,PAY0000036,inconsistent_payment_status,payment_status written as 'OK' instead of canonical 'On-time',low,2026-08-24
2050,payments,PAY0000050,inconsistent_payment_status,payment_status written as 'ON-TIME' instead of canonical 'On-time',low,2026-08-24
2051,payments,PAY0000062,inconsistent_payment_status,payment_status written as 'ON-TIME' instead of canonical 'On-time',low,2026-08-24
2052,payments,PAY0000078,inconsistent_payment_status,payment_status written as 'ON-TIME' instead of canonical 'On-time',low,2026-08-24
2053,payments,PAY0000125,inconsistent_payment_status,payment_status written as 'on time' instead of canonical 'On-time',low,2026-08-24
2054,payments,PAY0000137,inconsistent_payment_status,payment_status written as 'LATE' instead of canonical 'Late',low,2026-08-24
2055,payments,PAY0000151,inconsistent_payment_status,payment_status written as 'OK' instead of canonical 'On-time',low,2026-08-24
2056,payments,PAY0000185,inconsistent_payment_status,payment_status written as 'delayed' instead of canonical 'Late',low,2026-08-24
2057,payments,PAY0000191,inconsistent_payment_status,payment_status written as 'On Time' instead of canonical 'On-time',low,2026-08-24
2058,payments,PAY0000275,inconsistent_payment_status,payment_status written as 'on time' instead of canonical 'On-time',low,2026-08-24
2059,payments,PAY0000372,inconsistent_payment_status,payment_status written as 'OK' instead of canonical 'On-time',low,2026-08-24
2060,payments,PAY0000419,inconsistent_payment_status,payment_status written as 'on time' instead of canonical 'On-time',low,2026-08-24
2061,payments,PAY0000731,inconsistent_payment_status,payment_status written as 'Failed' instead of canonical 'Missed',low,2026-08-24
2062,payments,PAY0000739,inconsistent_payment_status,payment_status written as 'delayed' instead of canonical 'Late',low,2026-08-24
2063,payments,PAY0000821,inconsistent_payment_status,payment_status written as 'NSF' instead of canonical 'Missed',low,2026-08-24
2064,payments,PAY0000834,inconsistent_payment_status,payment_status written as 'ON-TIME' instead of canonical 'On-time',low,2026-08-24
2065,payments,PAY0000839,inconsistent_payment_status,payment_status written as 'ON-TIME' instead of canonical 'On-time',low,2026-08-24
2066,payments,PAY0000845,inconsistent_payment_status,payment_status written as 'On Time' instead of canonical 'On-time',low,2026-08-24
2067,payments,PAY0000906,inconsistent_payment_status,payment_status written as 'ON-TIME' instead of canonical 'On-time',low,2026-08-24
2068,payments,PAY0000999,inconsistent_payment_status,payment_status written as 'LATE' instead of canonical 'Late',low,2026-08-24
2069,payments,PAY0001035,inconsistent_payment_status,payment_status written as 'on time' instead of canonical 'On-time',low,2026-08-24
2070,payments,PAY0001062,inconsistent_payment_status,payment_status written as 'On Time' instead of canonical 'On-time',low,2026-08-24
2071,payments,PAY0001132,inconsistent_payment_status,payment_status written as 'OK' instead of canonical 'On-time',low,2026-08-24
2072,payments,PAY0001142,inconsistent_payment_status,payment_status written as 'OK' instead of canonical 'On-time',low,2026-08-24
2073,payments,PAY0001159,inconsistent_payment_status,payment_status written as 'OK' instead of canonical 'On-time',low,2026-08-24
2074,payments,PAY0001208,inconsistent_payment_status,payment_status written as 'on time' instead of canonical 'On-time',low,2026-08-24
2075,payments,PAY0001232,inconsistent_payment_status,payment_status written as 'ON-TIME' instead of canonical 'On-time',low,2026-08-24
2076,payments,PAY0001400,inconsistent_payment_status,payment_status written as 'On Time' instead of canonical 'On-time',low,2026-08-24
2077,payments,PAY0001471,inconsistent_payment_status,payment_status written as 'on time' instead of canonical 'On-time',low,2026-08-24
2078,payments,PAY0001518,inconsistent_payment_status,payment_status written as 'LATE' instead of canonical 'Late',low,2026-08-24
2079,payments,PAY0001614,inconsistent_payment_status,payment_status written as 'LATE' instead of canonical 'Late',low,2026-08-24
2080,payments,PAY0001659,inconsistent_payment_status,payment_status written as 'on time' instead of canonical 'On-time',low,2026-08-24
2081,payments,PAY0001666,inconsistent_payment_status,payment_status written as 'MISSED' instead of canonical 'Missed',low,2026-08-24
2082,payments,PAY0001708,inconsistent_payment_status,payment_status written as 'On Time' instead of canonical 'On-time',low,2026-08-24
2083,payments,PAY0001773,inconsistent_payment_status,payment_status written as 'On Time' instead of canonical 'On-time',low,2026-08-24
2084,payments,PAY0001928,inconsistent_payment_status,payment_status written as 'On Time' instead of canonical 'On-time',low,2026-08-24
2085,payments,PAY0001952,inconsistent_payment_status,payment_status written as 'partial' instead of canonical 'Partial',low,2026-08-24
2086,payments,PAY0001963,inconsistent_payment_status,payment_status written as 'ON-TIME' instead of canonical 'On-time',low,2026-08-24
2087,payments,PAY0002016,inconsistent_payment_status,payment_status written as 'On Time' instead of canonical 'On-time',low,2026-08-24
2088,payments,PAY0002072,inconsistent_payment_status,payment_status written as 'On Time' instead of canonical 'On-time',low,2026-08-24
2089,payments,PAY0002077,inconsistent_payment_status,payment_status written as 'on time' instead of canonical 'On-time',low,2026-08-24
2090,payments,PAY0002083,inconsistent_payment_status,payment_status written as 'MISSED' instead of canonical 'Missed',low,2026-08-24
2091,payments,PAY0002155,inconsistent_payment_status,payment_status written as 'OK' instead of canonical 'On-time',low,2026-08-24
2092,payments,PAY0002213,inconsistent_payment_status,payment_status written as 'ON-TIME' instead of canonical 'On-time',low,2026-08-24
2093,payments,PAY0002307,inconsistent_payment_status,payment_status written as 'On Time' instead of canonical 'On-time',low,2026-08-24
2094,payments,PAY0002357,inconsistent_payment_status,payment_status written as 'Failed' instead of canonical 'Missed',low,2026-08-24
2095,payments,PAY0002361,inconsistent_payment_status,payment_status written as 'On Time' instead of canonical 'On-time',low,2026-08-24
2096,payments,PAY0002499,inconsistent_payment_status,payment_status written as 'Delayed' instead of canonical 'Late',low,2026-08-24
2097,payments,PAY0002512,inconsistent_payment_status,payment_status written as 'on time' instead of canonical 'On-time',low,2026-08-24
2098,payments,PAY0002534,inconsistent_payment_status,payment_status written as 'OK' instead of canonical 'On-time',low,2026-08-24
2099,payments,PAY0002554,inconsistent_payment_status,payment_status written as 'ON-TIME' instead of canonical 'On-time',low,2026-08-24
2100,payments,PAY0002701,inconsistent_payment_status,payment_status written as 'on time' instead of canonical 'On-time',low,2026-08-24
2101,payments,PAY0002766,inconsistent_payment_status,payment_status written as 'missed' instead of canonical 'Missed',low,2026-08-24
2102,payments,PAY0002786,inconsistent_payment_status,payment_status written as 'ON-TIME' instead of canonical 'On-time',low,2026-08-24
2103,payments,PAY0002789,inconsistent_payment_status,payment_status written as 'PARTIAL' instead of canonical 'Partial',low,2026-08-24
2104,payments,PAY0002993,inconsistent_payment_status,payment_status written as 'delayed' instead of canonical 'Late',low,2026-08-24
2105,payments,PAY0003038,inconsistent_payment_status,payment_status written as 'MISSED' instead of canonical 'Missed',low,2026-08-24
2106,payments,PAY0003058,inconsistent_payment_status,payment_status written as 'on time' instead of canonical 'On-time',low,2026-08-24
2107,payments,PAY0003079,inconsistent_payment_status,payment_status written as 'ON-TIME' instead of canonical 'On-time',low,2026-08-24
2108,payments,PAY0003094,inconsistent_payment_status,payment_status written as 'ON-TIME' instead of canonical 'On-time',low,2026-08-24
2109,payments,PAY0003096,inconsistent_payment_status,payment_status written as 'ON-TIME' instead of canonical 'On-time',low,2026-08-24
2110,payments,PAY0003163,inconsistent_payment_status,payment_status written as 'OK' instead of canonical 'On-time',low,2026-08-24
2111,payments,PAY0003180,inconsistent_payment_status,payment_status written as 'On Time' instead of canonical 'On-time',low,2026-08-24
2112,payments,PAY0003187,inconsistent_payment_status,payment_status written as 'OK' instead of canonical 'On-time',low,2026-08-24
2113,payments,PAY0003307,inconsistent_payment_status,payment_status written as 'Part Payment' instead of canonical 'Partial',low,2026-08-24
2114,payments,PAY0003333,inconsistent_payment_status,payment_status written as 'On Time' instead of canonical 'On-time',low,2026-08-24
2115,payments,PAY0003346,inconsistent_payment_status,payment_status written as 'on time' instead of canonical 'On-time',low,2026-08-24
2116,payments,PAY0003348,inconsistent_payment_status,payment_status written as 'LATE' instead of canonical 'Late',low,2026-08-24
2117,payments,PAY0003351,inconsistent_payment_status,payment_status written as 'on time' instead of canonical 'On-time',low,2026-08-24
2118,payments,PAY0003420,inconsistent_payment_status,payment_status written as 'On Time' instead of canonical 'On-time',low,2026-08-24
2119,payments,PAY0003431,inconsistent_payment_status,payment_status written as 'on time' instead of canonical 'On-time',low,2026-08-24
2120,payments,PAY0003541,inconsistent_payment_status,payment_status written as 'delayed' instead of canonical 'Late',low,2026-08-24
2121,payments,PAY0003546,inconsistent_payment_status,payment_status written as 'On Time' instead of canonical 'On-time',low,2026-08-24
2122,payments,PAY0003588,inconsistent_payment_status,payment_status written as 'On Time' instead of canonical 'On-time',low,2026-08-24
2123,payments,PAY0003859,inconsistent_payment_status,payment_status written as 'ON-TIME' instead of canonical 'On-time',low,2026-08-24
2124,payments,PAY0003866,inconsistent_payment_status,payment_status written as 'OK' instead of canonical 'On-time',low,2026-08-24
2125,payments,PAY0004114,inconsistent_payment_status,payment_status written as 'On Time' instead of canonical 'On-time',low,2026-08-24
2126,payments,PAY0004133,inconsistent_payment_status,payment_status written as 'ON-TIME' instead of canonical 'On-time',low,2026-08-24
2127,payments,PAY0004138,inconsistent_payment_status,payment_status written as 'ON-TIME' instead of canonical 'On-time',low,2026-08-24
2128,payments,PAY0004182,inconsistent_payment_status,payment_status written as 'NSF' instead of canonical 'Missed',low,2026-08-24
2129,payments,PAY0004202,inconsistent_payment_status,payment_status written as 'On Time' instead of canonical 'On-time',low,2026-08-24
2130,payments,PAY0004233,inconsistent_payment_status,payment_status written as 'NSF' instead of canonical 'Missed',low,2026-08-24
2131,payments,PAY0004249,inconsistent_payment_status,payment_status written as 'OK' instead of canonical 'On-time',low,2026-08-24
2132,payments,PAY0004319,inconsistent_payment_status,payment_status written as 'on time' instead of canonical 'On-time',low,2026-08-24
2133,payments,PAY0004376,inconsistent_payment_status,payment_status written as 'ON-TIME' instead of canonical 'On-time',low,2026-08-24
2134,payments,PAY0004388,inconsistent_payment_status,payment_status written as 'On Time' instead of canonical 'On-time',low,2026-08-24
2135,payments,PAY0004440,inconsistent_payment_status,payment_status written as 'OK' instead of canonical 'On-time',low,2026-08-24
2136,payments,PAY0004445,inconsistent_payment_status,payment_status written as 'MISSED' instead of canonical 'Missed',low,2026-08-24
2137,payments,PAY0004473,inconsistent_payment_status,payment_status written as 'OK' instead of canonical 'On-time',low,2026-08-24
2138,payments,PAY0004513,inconsistent_payment_status,payment_status written as 'NSF' instead of canonical 'Missed',low,2026-08-24
2139,payments,PAY0004678,inconsistent_payment_status,payment_status written as 'on time' instead of canonical 'On-time',low,2026-08-24
2140,payments,PAY0004698,inconsistent_payment_status,payment_status written as 'Failed' instead of canonical 'Missed',low,2026-08-24
2141,payments,PAY0004717,inconsistent_payment_status,payment_status written as 'on time' instead of canonical 'On-time',low,2026-08-24
2142,payments,PAY0004769,inconsistent_payment_status,payment_status written as 'On Time' instead of canonical 'On-time',low,2026-08-24
2143,payments,PAY0004780,inconsistent_payment_status,payment_status written as 'ON-TIME' instead of canonical 'On-time',low,2026-08-24
2144,payments,PAY0004797,inconsistent_payment_status,payment_status written as 'On Time' instead of canonical 'On-time',low,2026-08-24
2145,payments,PAY0004817,inconsistent_payment_status,payment_status written as 'missed' instead of canonical 'Missed',low,2026-08-24
2146,payments,PAY0004853,inconsistent_payment_status,payment_status written as 'ON-TIME' instead of canonical 'On-time',low,2026-08-24
2147,payments,PAY0004922,inconsistent_payment_status,payment_status written as 'ON-TIME' instead of canonical 'On-time',low,2026-08-24
2148,payments,PAY0004984,inconsistent_payment_status,payment_status written as 'On Time' instead of canonical 'On-time',low,2026-08-24
2149,payments,PAY0004998,inconsistent_payment_status,payment_status written as 'missed' instead of canonical 'Missed',low,2026-08-24
2150,payments,PAY0005061,inconsistent_payment_status,payment_status written as 'On Time' instead of canonical 'On-time',low,2026-08-24
2151,payments,PAY0005081,inconsistent_payment_status,payment_status written as 'LATE' instead of canonical 'Late',low,2026-08-24
2152,payments,PAY0005091,inconsistent_payment_status,payment_status written as 'on time' instead of canonical 'On-time',low,2026-08-24
2153,payments,PAY0005113,inconsistent_payment_status,payment_status written as 'on time' instead of canonical 'On-time',low,2026-08-24
2154,payments,PAY0005260,inconsistent_payment_status,payment_status written as 'ON-TIME' instead of canonical 'On-time',low,2026-08-24
2155,payments,PAY0005294,inconsistent_payment_status,payment_status written as 'OK' instead of canonical 'On-time',low,2026-08-24
2156,payments,PAY0005371,inconsistent_payment_status,payment_status written as 'On Time' instead of canonical 'On-time',low,2026-08-24
2157,payments,PAY0005375,inconsistent_payment_status,payment_status written as 'ON-TIME' instead of canonical 'On-time',low,2026-08-24
2158,payments,PAY0005405,inconsistent_payment_status,payment_status written as 'LATE' instead of canonical 'Late',low,2026-08-24
2159,payments,PAY0005419,inconsistent_payment_status,payment_status written as 'partial' instead of canonical 'Partial',low,2026-08-24
2160,payments,PAY0005466,inconsistent_payment_status,payment_status written as 'NSF' instead of canonical 'Missed',low,2026-08-24
2161,payments,PAY0005500,inconsistent_payment_status,payment_status written as 'delayed' instead of canonical 'Late',low,2026-08-24
2162,payments,PAY0005507,inconsistent_payment_status,payment_status written as 'On Time' instead of canonical 'On-time',low,2026-08-24
2163,payments,PAY0005562,inconsistent_payment_status,payment_status written as 'OK' instead of canonical 'On-time',low,2026-08-24
2164,payments,PAY0005578,inconsistent_payment_status,payment_status written as 'OK' instead of canonical 'On-time',low,2026-08-24
2165,payments,PAY0005672,inconsistent_payment_status,payment_status written as 'ON-TIME' instead of canonical 'On-time',low,2026-08-24
2166,payments,PAY0005794,inconsistent_payment_status,payment_status written as 'OK' instead of canonical 'On-time',low,2026-08-24
2167,payments,PAY0005831,inconsistent_payment_status,payment_status written as 'LATE' instead of canonical 'Late',low,2026-08-24
2168,payments,PAY0005952,inconsistent_payment_status,payment_status written as 'ON-TIME' instead of canonical 'On-time',low,2026-08-24
2169,payments,PAY0006041,inconsistent_payment_status,payment_status written as 'On Time' instead of canonical 'On-time',low,2026-08-24
2170,payments,PAY0006077,inconsistent_payment_status,payment_status written as 'MISSED' instead of canonical 'Missed',low,2026-08-24
2171,payments,PAY0006279,inconsistent_payment_status,payment_status written as 'ON-TIME' instead of canonical 'On-time',low,2026-08-24
2172,payments,PAY0006476,inconsistent_payment_status,payment_status written as 'On Time' instead of canonical 'On-time',low,2026-08-24
2173,payments,PAY0006593,inconsistent_payment_status,payment_status written as 'ON-TIME' instead of canonical 'On-time',low,2026-08-24
2174,payments,PAY0006632,inconsistent_payment_status,payment_status written as 'On Time' instead of canonical 'On-time',low,2026-08-24
2175,payments,PAY0006649,inconsistent_payment_status,payment_status written as 'On Time' instead of canonical 'On-time',low,2026-08-24
2176,payments,PAY0006675,inconsistent_payment_status,payment_status written as 'ON-TIME' instead of canonical 'On-time',low,2026-08-24
2177,payments,PAY0006697,inconsistent_payment_status,payment_status written as 'ON-TIME' instead of canonical 'On-time',low,2026-08-24
2178,payments,PAY0006792,inconsistent_payment_status,payment_status written as 'OK' instead of canonical 'On-time',low,2026-08-24
2179,payments,PAY0006802,inconsistent_payment_status,payment_status written as 'ON-TIME' instead of canonical 'On-time',low,2026-08-24
2180,payments,PAY0006807,inconsistent_payment_status,payment_status written as 'delayed' instead of canonical 'Late',low,2026-08-24
2181,payments,PAY0006822,inconsistent_payment_status,payment_status written as 'on time' instead of canonical 'On-time',low,2026-08-24
2182,payments,PAY0006851,inconsistent_payment_status,payment_status written as 'On Time' instead of canonical 'On-time',low,2026-08-24
2183,payments,PAY0006894,inconsistent_payment_status,payment_status written as 'on time' instead of canonical 'On-time',low,2026-08-24
2184,payments,PAY0006910,inconsistent_payment_status,payment_status written as 'On Time' instead of canonical 'On-time',low,2026-08-24
2185,payments,PAY0007008,inconsistent_payment_status,payment_status written as 'ON-TIME' instead of canonical 'On-time',low,2026-08-24
2186,payments,PAY0007015,inconsistent_payment_status,payment_status written as 'PARTIAL' instead of canonical 'Partial',low,2026-08-24
2187,payments,PAY0007075,inconsistent_payment_status,payment_status written as 'OK' instead of canonical 'On-time',low,2026-08-24
2188,payments,PAY0007156,inconsistent_payment_status,payment_status written as 'On Time' instead of canonical 'On-time',low,2026-08-24
2189,payments,PAY0007163,inconsistent_payment_status,payment_status written as 'On Time' instead of canonical 'On-time',low,2026-08-24
2190,payments,PAY0007180,inconsistent_payment_status,payment_status written as 'on time' instead of canonical 'On-time',low,2026-08-24
2191,payments,PAY0007195,inconsistent_payment_status,payment_status written as 'OK' instead of canonical 'On-time',low,2026-08-24
2192,payments,PAY0007232,inconsistent_payment_status,payment_status written as 'Failed' instead of canonical 'Missed',low,2026-08-24
2193,payments,PAY0007243,inconsistent_payment_status,payment_status written as 'late' instead of canonical 'Late',low,2026-08-24
2194,payments,PAY0007269,inconsistent_payment_status,payment_status written as 'ON-TIME' instead of canonical 'On-time',low,2026-08-24
2195,payments,PAY0007273,inconsistent_payment_status,payment_status written as 'ON-TIME' instead of canonical 'On-time',low,2026-08-24
2196,payments,PAY0007335,inconsistent_payment_status,payment_status written as 'on time' instead of canonical 'On-time',low,2026-08-24
2197,payments,PAY0007356,inconsistent_payment_status,payment_status written as 'Failed' instead of canonical 'Missed',low,2026-08-24
2198,payments,PAY0007375,inconsistent_payment_status,payment_status written as 'ON-TIME' instead of canonical 'On-time',low,2026-08-24
2199,payments,PAY0007455,inconsistent_payment_status,payment_status written as 'partial' instead of canonical 'Partial',low,2026-08-24
2200,payments,PAY0007481,inconsistent_payment_status,payment_status written as 'Delayed' instead of canonical 'Late',low,2026-08-24
2201,payments,PAY0007483,inconsistent_payment_status,payment_status written as 'PARTIAL' instead of canonical 'Partial',low,2026-08-24
2202,payments,PAY0007496,inconsistent_payment_status,payment_status written as 'PARTIAL' instead of canonical 'Partial',low,2026-08-24
2203,payments,PAY0007522,inconsistent_payment_status,payment_status written as 'ON-TIME' instead of canonical 'On-time',low,2026-08-24
2204,payments,PAY0007559,inconsistent_payment_status,payment_status written as 'OK' instead of canonical 'On-time',low,2026-08-24
2205,payments,PAY0007593,inconsistent_payment_status,payment_status written as 'on time' instead of canonical 'On-time',low,2026-08-24
2206,payments,PAY0007709,inconsistent_payment_status,payment_status written as 'OK' instead of canonical 'On-time',low,2026-08-24
2207,payments,PAY0008057,inconsistent_payment_status,payment_status written as 'on time' instead of canonical 'On-time',low,2026-08-24
2208,payments,PAY0008074,inconsistent_payment_status,payment_status written as 'Failed' instead of canonical 'Missed',low,2026-08-24
2209,payments,PAY0008096,inconsistent_payment_status,payment_status written as 'ON-TIME' instead of canonical 'On-time',low,2026-08-24
2210,payments,PAY0008144,inconsistent_payment_status,payment_status written as 'OK' instead of canonical 'On-time',low,2026-08-24
2211,payments,PAY0008204,inconsistent_payment_status,payment_status written as 'Failed' instead of canonical 'Missed',low,2026-08-24
2212,payments,PAY0008283,inconsistent_payment_status,payment_status written as 'LATE' instead of canonical 'Late',low,2026-08-24
2213,payments,PAY0008320,inconsistent_payment_status,payment_status written as 'ON-TIME' instead of canonical 'On-time',low,2026-08-24
2214,payments,PAY0008335,inconsistent_payment_status,payment_status written as 'On Time' instead of canonical 'On-time',low,2026-08-24
2215,payments,PAY0008369,inconsistent_payment_status,payment_status written as 'on time' instead of canonical 'On-time',low,2026-08-24
2216,payments,PAY0008376,inconsistent_payment_status,payment_status written as 'ON-TIME' instead of canonical 'On-time',low,2026-08-24
2217,payments,PAY0008382,inconsistent_payment_status,payment_status written as 'ON-TIME' instead of canonical 'On-time',low,2026-08-24
2218,payments,PAY0008500,inconsistent_payment_status,payment_status written as 'OK' instead of canonical 'On-time',low,2026-08-24
2219,payments,PAY0008510,inconsistent_payment_status,payment_status written as 'ON-TIME' instead of canonical 'On-time',low,2026-08-24
2220,payments,PAY0008513,inconsistent_payment_status,payment_status written as 'Delayed' instead of canonical 'Late',low,2026-08-24
2221,payments,PAY0008532,inconsistent_payment_status,payment_status written as 'On Time' instead of canonical 'On-time',low,2026-08-24
2222,payments,PAY0008624,inconsistent_payment_status,payment_status written as 'NSF' instead of canonical 'Missed',low,2026-08-24
2223,payments,PAY0008645,inconsistent_payment_status,payment_status written as 'partial' instead of canonical 'Partial',low,2026-08-24
2224,payments,PAY0008789,inconsistent_payment_status,payment_status written as 'OK' instead of canonical 'On-time',low,2026-08-24
2225,payments,PAY0008793,inconsistent_payment_status,payment_status written as 'On Time' instead of canonical 'On-time',low,2026-08-24
2226,payments,PAY0008868,inconsistent_payment_status,payment_status written as 'ON-TIME' instead of canonical 'On-time',low,2026-08-24
2227,payments,PAY0008912,inconsistent_payment_status,payment_status written as 'on time' instead of canonical 'On-time',low,2026-08-24
2228,payments,PAY0008938,inconsistent_payment_status,payment_status written as 'on time' instead of canonical 'On-time',low,2026-08-24
2229,payments,PAY0008964,inconsistent_payment_status,payment_status written as 'on time' instead of canonical 'On-time',low,2026-08-24
2230,payments,PAY0009099,inconsistent_payment_status,payment_status written as 'Part Payment' instead of canonical 'Partial',low,2026-08-24
2231,payments,PAY0009158,inconsistent_payment_status,payment_status written as 'Delayed' instead of canonical 'Late',low,2026-08-24
2232,payments,PAY0009248,inconsistent_payment_status,payment_status written as 'ON-TIME' instead of canonical 'On-time',low,2026-08-24
2233,payments,PAY0009261,inconsistent_payment_status,payment_status written as 'OK' instead of canonical 'On-time',low,2026-08-24
2234,payments,PAY0009347,inconsistent_payment_status,payment_status written as 'OK' instead of canonical 'On-time',low,2026-08-24
2235,payments,PAY0009348,inconsistent_payment_status,payment_status written as 'on time' instead of canonical 'On-time',low,2026-08-24
2236,payments,PAY0009355,inconsistent_payment_status,payment_status written as 'on time' instead of canonical 'On-time',low,2026-08-24
2237,payments,PAY0009370,inconsistent_payment_status,payment_status written as 'On Time' instead of canonical 'On-time',low,2026-08-24
2238,payments,PAY0009442,inconsistent_payment_status,payment_status written as 'Delayed' instead of canonical 'Late',low,2026-08-24
2239,payments,PAY0009531,inconsistent_payment_status,payment_status written as 'on time' instead of canonical 'On-time',low,2026-08-24
2240,payments,PAY0009557,inconsistent_payment_status,payment_status written as 'on time' instead of canonical 'On-time',low,2026-08-24
2241,payments,PAY0009605,inconsistent_payment_status,payment_status written as 'late' instead of canonical 'Late',low,2026-08-24
2242,payments,PAY0009614,inconsistent_payment_status,payment_status written as 'ON-TIME' instead of canonical 'On-time',low,2026-08-24
2243,payments,PAY0009657,inconsistent_payment_status,payment_status written as 'OK' instead of canonical 'On-time',low,2026-08-24
2244,payments,PAY0009669,inconsistent_payment_status,payment_status written as 'OK' instead of canonical 'On-time',low,2026-08-24
2245,payments,PAY0009705,inconsistent_payment_status,payment_status written as 'OK' instead of canonical 'On-time',low,2026-08-24
2246,payments,PAY0009839,inconsistent_payment_status,payment_status written as 'On Time' instead of canonical 'On-time',low,2026-08-24
2247,payments,PAY0009886,inconsistent_payment_status,payment_status written as 'ON-TIME' instead of canonical 'On-time',low,2026-08-24
2248,payments,PAY0009919,inconsistent_payment_status,payment_status written as 'on time' instead of canonical 'On-time',low,2026-08-24
2249,payments,PAY0009933,inconsistent_payment_status,payment_status written as 'ON-TIME' instead of canonical 'On-time',low,2026-08-24
2250,payments,PAY0009952,inconsistent_payment_status,payment_status written as 'on time' instead of canonical 'On-time',low,2026-08-24
2251,payments,PAY0010014,inconsistent_payment_status,payment_status written as 'partial' instead of canonical 'Partial',low,2026-08-24
2252,payments,PAY0010041,inconsistent_payment_status,payment_status written as 'NSF' instead of canonical 'Missed',low,2026-08-24
2253,payments,PAY0010059,inconsistent_payment_status,payment_status written as 'ON-TIME' instead of canonical 'On-time',low,2026-08-24
2254,payments,PAY0010258,inconsistent_payment_status,payment_status written as 'OK' instead of canonical 'On-time',low,2026-08-24
2255,payments,PAY0010328,inconsistent_payment_status,payment_status written as 'On Time' instead of canonical 'On-time',low,2026-08-24
2256,payments,PAY0010385,inconsistent_payment_status,payment_status written as 'On Time' instead of canonical 'On-time',low,2026-08-24
2257,payments,PAY0010516,inconsistent_payment_status,payment_status written as 'on time' instead of canonical 'On-time',low,2026-08-24
2258,payments,PAY0010525,inconsistent_payment_status,payment_status written as 'On Time' instead of canonical 'On-time',low,2026-08-24
2259,payments,PAY0010580,inconsistent_payment_status,payment_status written as 'on time' instead of canonical 'On-time',low,2026-08-24
2260,payments,PAY0010822,inconsistent_payment_status,payment_status written as 'On Time' instead of canonical 'On-time',low,2026-08-24
2261,payments,PAY0010889,inconsistent_payment_status,payment_status written as 'On Time' instead of canonical 'On-time',low,2026-08-24
2262,payments,PAY0011006,inconsistent_payment_status,payment_status written as 'ON-TIME' instead of canonical 'On-time',low,2026-08-24
2263,payments,PAY0011053,inconsistent_payment_status,payment_status written as 'on time' instead of canonical 'On-time',low,2026-08-24
2264,payments,PAY0011059,inconsistent_payment_status,payment_status written as 'on time' instead of canonical 'On-time',low,2026-08-24
2265,payments,PAY0011174,inconsistent_payment_status,payment_status written as 'On Time' instead of canonical 'On-time',low,2026-08-24
2266,payments,PAY0011209,inconsistent_payment_status,payment_status written as 'late' instead of canonical 'Late',low,2026-08-24
2267,payments,PAY0011218,inconsistent_payment_status,payment_status written as 'On Time' instead of canonical 'On-time',low,2026-08-24
2268,payments,PAY0011428,inconsistent_payment_status,payment_status written as 'delayed' instead of canonical 'Late',low,2026-08-24
2269,payments,PAY0011469,inconsistent_payment_status,payment_status written as 'on time' instead of canonical 'On-time',low,2026-08-24
2270,payments,PAY0011489,inconsistent_payment_status,payment_status written as 'on time' instead of canonical 'On-time',low,2026-08-24
2271,payments,PAY0011695,inconsistent_payment_status,payment_status written as 'On Time' instead of canonical 'On-time',low,2026-08-24
2272,payments,PAY0011701,inconsistent_payment_status,payment_status written as 'OK' instead of canonical 'On-time',low,2026-08-24
2273,payments,PAY0011804,inconsistent_payment_status,payment_status written as 'late' instead of canonical 'Late',low,2026-08-24
2274,payments,PAY0011862,inconsistent_payment_status,payment_status written as 'on time' instead of canonical 'On-time',low,2026-08-24
2275,payments,PAY0011919,inconsistent_payment_status,payment_status written as 'On Time' instead of canonical 'On-time',low,2026-08-24
2276,payments,PAY0011925,inconsistent_payment_status,payment_status written as 'On Time' instead of canonical 'On-time',low,2026-08-24
2277,payments,PAY0011940,inconsistent_payment_status,payment_status written as 'OK' instead of canonical 'On-time',low,2026-08-24
2278,payments,PAY0011971,inconsistent_payment_status,payment_status written as 'Part Payment' instead of canonical 'Partial',low,2026-08-24
2279,payments,PAY0011979,inconsistent_payment_status,payment_status written as 'On Time' instead of canonical 'On-time',low,2026-08-24
2280,payments,PAY0012079,inconsistent_payment_status,payment_status written as 'on time' instead of canonical 'On-time',low,2026-08-24
2281,payments,PAY0012108,inconsistent_payment_status,payment_status written as 'on time' instead of canonical 'On-time',low,2026-08-24
2282,payments,PAY0012243,inconsistent_payment_status,payment_status written as 'ON-TIME' instead of canonical 'On-time',low,2026-08-24
2283,payments,PAY0012266,inconsistent_payment_status,payment_status written as 'OK' instead of canonical 'On-time',low,2026-08-24
2284,payments,PAY0012272,inconsistent_payment_status,payment_status written as 'delayed' instead of canonical 'Late',low,2026-08-24
2285,payments,PAY0012331,inconsistent_payment_status,payment_status written as 'partial' instead of canonical 'Partial',low,2026-08-24
2286,payments,PAY0012407,inconsistent_payment_status,payment_status written as 'Delayed' instead of canonical 'Late',low,2026-08-24
2287,payments,PAY0012423,inconsistent_payment_status,payment_status written as 'OK' instead of canonical 'On-time',low,2026-08-24
2288,payments,PAY0012538,inconsistent_payment_status,payment_status written as 'on time' instead of canonical 'On-time',low,2026-08-24
2289,payments,PAY0012569,inconsistent_payment_status,payment_status written as 'On Time' instead of canonical 'On-time',low,2026-08-24
2290,payments,PAY0012570,inconsistent_payment_status,payment_status written as 'on time' instead of canonical 'On-time',low,2026-08-24
2291,payments,PAY0012577,inconsistent_payment_status,payment_status written as 'ON-TIME' instead of canonical 'On-time',low,2026-08-24
2292,payments,PAY0012662,inconsistent_payment_status,payment_status written as 'on time' instead of canonical 'On-time',low,2026-08-24
2293,payments,PAY0012728,inconsistent_payment_status,payment_status written as 'On Time' instead of canonical 'On-time',low,2026-08-24
2294,payments,PAY0012774,inconsistent_payment_status,payment_status written as 'NSF' instead of canonical 'Missed',low,2026-08-24
2295,payments,PAY0012892,inconsistent_payment_status,payment_status written as 'on time' instead of canonical 'On-time',low,2026-08-24
2296,payments,PAY0012897,inconsistent_payment_status,payment_status written as 'ON-TIME' instead of canonical 'On-time',low,2026-08-24
2297,payments,PAY0012924,inconsistent_payment_status,payment_status written as 'on time' instead of canonical 'On-time',low,2026-08-24
2298,payments,PAY0013003,inconsistent_payment_status,payment_status written as 'OK' instead of canonical 'On-time',low,2026-08-24
2299,payments,PAY0013045,inconsistent_payment_status,payment_status written as 'On Time' instead of canonical 'On-time',low,2026-08-24
2300,payments,PAY0013059,inconsistent_payment_status,payment_status written as 'ON-TIME' instead of canonical 'On-time',low,2026-08-24
2301,payments,PAY0013091,inconsistent_payment_status,payment_status written as 'on time' instead of canonical 'On-time',low,2026-08-24
2302,payments,PAY0013107,inconsistent_payment_status,payment_status written as 'OK' instead of canonical 'On-time',low,2026-08-24
2303,payments,PAY0013118,inconsistent_payment_status,payment_status written as 'ON-TIME' instead of canonical 'On-time',low,2026-08-24
2304,payments,PAY0013124,inconsistent_payment_status,payment_status written as 'on time' instead of canonical 'On-time',low,2026-08-24
2305,payments,PAY0013147,inconsistent_payment_status,payment_status written as 'On Time' instead of canonical 'On-time',low,2026-08-24
2306,payments,PAY0013155,inconsistent_payment_status,payment_status written as 'ON-TIME' instead of canonical 'On-time',low,2026-08-24
2307,payments,PAY0013237,inconsistent_payment_status,payment_status written as 'On Time' instead of canonical 'On-time',low,2026-08-24
2308,payments,PAY0013438,inconsistent_payment_status,payment_status written as 'on time' instead of canonical 'On-time',low,2026-08-24
2309,payments,PAY0013700,inconsistent_payment_status,payment_status written as 'OK' instead of canonical 'On-time',low,2026-08-24
2310,payments,PAY0013817,inconsistent_payment_status,payment_status written as 'MISSED' instead of canonical 'Missed',low,2026-08-24
2311,payments,PAY0013878,inconsistent_payment_status,payment_status written as 'On Time' instead of canonical 'On-time',low,2026-08-24
2312,payments,PAY0013909,inconsistent_payment_status,payment_status written as 'on time' instead of canonical 'On-time',low,2026-08-24
2313,payments,PAY0013968,inconsistent_payment_status,payment_status written as 'On Time' instead of canonical 'On-time',low,2026-08-24
2314,payments,PAY0013989,inconsistent_payment_status,payment_status written as 'on time' instead of canonical 'On-time',low,2026-08-24
2315,payments,PAY0013993,inconsistent_payment_status,payment_status written as 'on time' instead of canonical 'On-time',low,2026-08-24
2316,payments,PAY0014012,inconsistent_payment_status,payment_status written as 'On Time' instead of canonical 'On-time',low,2026-08-24
2317,payments,PAY0014244,inconsistent_payment_status,payment_status written as 'OK' instead of canonical 'On-time',low,2026-08-24
2318,payments,PAY0014311,inconsistent_payment_status,payment_status written as 'delayed' instead of canonical 'Late',low,2026-08-24
2319,payments,PAY0014370,inconsistent_payment_status,payment_status written as 'on time' instead of canonical 'On-time',low,2026-08-24
2320,payments,PAY0014398,inconsistent_payment_status,payment_status written as 'late' instead of canonical 'Late',low,2026-08-24
2321,payments,PAY0014456,inconsistent_payment_status,payment_status written as 'OK' instead of canonical 'On-time',low,2026-08-24
2322,payments,PAY0014553,inconsistent_payment_status,payment_status written as 'On Time' instead of canonical 'On-time',low,2026-08-24
2323,payments,PAY0014573,inconsistent_payment_status,payment_status written as 'On Time' instead of canonical 'On-time',low,2026-08-24
2324,payments,PAY0014627,inconsistent_payment_status,payment_status written as 'On Time' instead of canonical 'On-time',low,2026-08-24
2325,payments,PAY0014651,inconsistent_payment_status,payment_status written as 'Delayed' instead of canonical 'Late',low,2026-08-24
2326,payments,PAY0014731,inconsistent_payment_status,payment_status written as 'on time' instead of canonical 'On-time',low,2026-08-24
2327,payments,PAY0014770,inconsistent_payment_status,payment_status written as 'OK' instead of canonical 'On-time',low,2026-08-24
2328,payments,PAY0014882,inconsistent_payment_status,payment_status written as 'on time' instead of canonical 'On-time',low,2026-08-24
2329,payments,PAY0014892,inconsistent_payment_status,payment_status written as 'OK' instead of canonical 'On-time',low,2026-08-24
2330,payments,PAY0014928,inconsistent_payment_status,payment_status written as 'On Time' instead of canonical 'On-time',low,2026-08-24
2331,payments,PAY0015034,inconsistent_payment_status,payment_status written as 'On Time' instead of canonical 'On-time',low,2026-08-24
2332,payments,PAY0015074,inconsistent_payment_status,payment_status written as 'LATE' instead of canonical 'Late',low,2026-08-24
2333,payments,PAY0015089,inconsistent_payment_status,payment_status written as 'late' instead of canonical 'Late',low,2026-08-24
2334,payments,PAY0015117,inconsistent_payment_status,payment_status written as 'on time' instead of canonical 'On-time',low,2026-08-24
2335,payments,PAY0015160,inconsistent_payment_status,payment_status written as 'on time' instead of canonical 'On-time',low,2026-08-24
2336,payments,PAY0015170,inconsistent_payment_status,payment_status written as 'on time' instead of canonical 'On-time',low,2026-08-24
2337,payments,PAY0015243,inconsistent_payment_status,payment_status written as 'missed' instead of canonical 'Missed',low,2026-08-24
2338,payments,PAY0015438,inconsistent_payment_status,payment_status written as 'on time' instead of canonical 'On-time',low,2026-08-24
2339,payments,PAY0015449,inconsistent_payment_status,payment_status written as 'Part Payment' instead of canonical 'Partial',low,2026-08-24
2340,payments,PAY0015450,inconsistent_payment_status,payment_status written as 'On Time' instead of canonical 'On-time',low,2026-08-24
2341,payments,PAY0015532,inconsistent_payment_status,payment_status written as 'OK' instead of canonical 'On-time',low,2026-08-24
2342,payments,PAY0015599,inconsistent_payment_status,payment_status written as 'PARTIAL' instead of canonical 'Partial',low,2026-08-24
2343,payments,PAY0015603,inconsistent_payment_status,payment_status written as 'On Time' instead of canonical 'On-time',low,2026-08-24
2344,payments,PAY0015606,inconsistent_payment_status,payment_status written as 'On Time' instead of canonical 'On-time',low,2026-08-24
2345,payments,PAY0015639,inconsistent_payment_status,payment_status written as 'late' instead of canonical 'Late',low,2026-08-24
2346,payments,PAY0015722,inconsistent_payment_status,payment_status written as 'On Time' instead of canonical 'On-time',low,2026-08-24
2347,payments,PAY0015765,inconsistent_payment_status,payment_status written as 'OK' instead of canonical 'On-time',low,2026-08-24
2348,payments,PAY0015790,inconsistent_payment_status,payment_status written as 'ON-TIME' instead of canonical 'On-time',low,2026-08-24
2349,payments,PAY0015810,inconsistent_payment_status,payment_status written as 'On Time' instead of canonical 'On-time',low,2026-08-24
2350,payments,PAY0015826,inconsistent_payment_status,payment_status written as 'On Time' instead of canonical 'On-time',low,2026-08-24
2351,payments,PAY0015853,inconsistent_payment_status,payment_status written as 'On Time' instead of canonical 'On-time',low,2026-08-24
2352,payments,PAY0015856,inconsistent_payment_status,payment_status written as 'Failed' instead of canonical 'Missed',low,2026-08-24
2353,payments,PAY0015869,inconsistent_payment_status,payment_status written as 'missed' instead of canonical 'Missed',low,2026-08-24
2354,payments,PAY0015900,inconsistent_payment_status,payment_status written as 'missed' instead of canonical 'Missed',low,2026-08-24
2355,payments,PAY0015918,inconsistent_payment_status,payment_status written as 'on time' instead of canonical 'On-time',low,2026-08-24
2356,payments,PAY0016046,inconsistent_payment_status,payment_status written as 'on time' instead of canonical 'On-time',low,2026-08-24
2357,payments,PAY0016107,inconsistent_payment_status,payment_status written as 'Delayed' instead of canonical 'Late',low,2026-08-24
2358,payments,PAY0016150,inconsistent_payment_status,payment_status written as 'delayed' instead of canonical 'Late',low,2026-08-24
2359,payments,PAY0016188,inconsistent_payment_status,payment_status written as 'ON-TIME' instead of canonical 'On-time',low,2026-08-24
2360,payments,PAY0016278,inconsistent_payment_status,payment_status written as 'on time' instead of canonical 'On-time',low,2026-08-24
2361,payments,PAY0016284,inconsistent_payment_status,payment_status written as 'ON-TIME' instead of canonical 'On-time',low,2026-08-24
2362,payments,PAY0016297,inconsistent_payment_status,payment_status written as 'missed' instead of canonical 'Missed',low,2026-08-24
2363,payments,PAY0016319,inconsistent_payment_status,payment_status written as 'ON-TIME' instead of canonical 'On-time',low,2026-08-24
2364,payments,PAY0016424,inconsistent_payment_status,payment_status written as 'on time' instead of canonical 'On-time',low,2026-08-24
2365,payments,PAY0016488,inconsistent_payment_status,payment_status written as 'on time' instead of canonical 'On-time',low,2026-08-24
2366,payments,PAY0016524,inconsistent_payment_status,payment_status written as 'On Time' instead of canonical 'On-time',low,2026-08-24
2367,payments,PAY0016542,inconsistent_payment_status,payment_status written as 'LATE' instead of canonical 'Late',low,2026-08-24
2368,payments,PAY0016664,inconsistent_payment_status,payment_status written as 'ON-TIME' instead of canonical 'On-time',low,2026-08-24
2369,payments,PAY0016665,inconsistent_payment_status,payment_status written as 'PARTIAL' instead of canonical 'Partial',low,2026-08-24
2370,payments,PAY0016676,inconsistent_payment_status,payment_status written as 'OK' instead of canonical 'On-time',low,2026-08-24
2371,payments,PAY0016683,inconsistent_payment_status,payment_status written as 'OK' instead of canonical 'On-time',low,2026-08-24
2372,payments,PAY0016716,inconsistent_payment_status,payment_status written as 'on time' instead of canonical 'On-time',low,2026-08-24
2373,payments,PAY0016785,inconsistent_payment_status,payment_status written as 'On Time' instead of canonical 'On-time',low,2026-08-24
2374,payments,PAY0016859,inconsistent_payment_status,payment_status written as 'ON-TIME' instead of canonical 'On-time',low,2026-08-24
2375,payments,PAY0016923,inconsistent_payment_status,payment_status written as 'OK' instead of canonical 'On-time',low,2026-08-24
2376,payments,PAY0016924,inconsistent_payment_status,payment_status written as 'on time' instead of canonical 'On-time',low,2026-08-24
2377,payments,PAY0016968,inconsistent_payment_status,payment_status written as 'On Time' instead of canonical 'On-time',low,2026-08-24
2378,payments,PAY0017002,inconsistent_payment_status,payment_status written as 'On Time' instead of canonical 'On-time',low,2026-08-24
2379,payments,PAY0017032,inconsistent_payment_status,payment_status written as 'Failed' instead of canonical 'Missed',low,2026-08-24
2380,payments,PAY0017157,inconsistent_payment_status,payment_status written as 'on time' instead of canonical 'On-time',low,2026-08-24
2381,payments,PAY0017167,inconsistent_payment_status,payment_status written as 'PARTIAL' instead of canonical 'Partial',low,2026-08-24
2382,payments,PAY0017211,inconsistent_payment_status,payment_status written as 'OK' instead of canonical 'On-time',low,2026-08-24
2383,payments,PAY0017330,inconsistent_payment_status,payment_status written as 'on time' instead of canonical 'On-time',low,2026-08-24
2384,payments,PAY0017354,inconsistent_payment_status,payment_status written as 'On Time' instead of canonical 'On-time',low,2026-08-24
2385,payments,PAY0017356,inconsistent_payment_status,payment_status written as 'OK' instead of canonical 'On-time',low,2026-08-24
2386,payments,PAY0017385,inconsistent_payment_status,payment_status written as 'OK' instead of canonical 'On-time',low,2026-08-24
2387,payments,PAY0017519,inconsistent_payment_status,payment_status written as 'Failed' instead of canonical 'Missed',low,2026-08-24
2388,payments,PAY0017538,inconsistent_payment_status,payment_status written as 'OK' instead of canonical 'On-time',low,2026-08-24
2389,payments,PAY0017560,inconsistent_payment_status,payment_status written as 'On Time' instead of canonical 'On-time',low,2026-08-24
2390,payments,PAY0017599,inconsistent_payment_status,payment_status written as 'MISSED' instead of canonical 'Missed',low,2026-08-24
2391,payments,PAY0017628,inconsistent_payment_status,payment_status written as 'ON-TIME' instead of canonical 'On-time',low,2026-08-24
2392,payments,PAY0017759,inconsistent_payment_status,payment_status written as 'ON-TIME' instead of canonical 'On-time',low,2026-08-24
2393,payments,PAY0017778,inconsistent_payment_status,payment_status written as 'OK' instead of canonical 'On-time',low,2026-08-24
2394,payments,PAY0017869,inconsistent_payment_status,payment_status written as 'On Time' instead of canonical 'On-time',low,2026-08-24
2395,payments,PAY0017917,inconsistent_payment_status,payment_status written as 'on time' instead of canonical 'On-time',low,2026-08-24
2396,payments,PAY0017920,inconsistent_payment_status,payment_status written as 'On Time' instead of canonical 'On-time',low,2026-08-24
2397,payments,PAY0017972,inconsistent_payment_status,payment_status written as 'ON-TIME' instead of canonical 'On-time',low,2026-08-24
2398,payments,PAY0018003,inconsistent_payment_status,payment_status written as 'OK' instead of canonical 'On-time',low,2026-08-24
2399,payments,PAY0018010,inconsistent_payment_status,payment_status written as 'MISSED' instead of canonical 'Missed',low,2026-08-24
2400,payments,PAY0018055,inconsistent_payment_status,payment_status written as 'on time' instead of canonical 'On-time',low,2026-08-24
2401,payments,PAY0018077,inconsistent_payment_status,payment_status written as 'late' instead of canonical 'Late',low,2026-08-24
2402,payments,PAY0018091,inconsistent_payment_status,payment_status written as 'on time' instead of canonical 'On-time',low,2026-08-24
2403,payments,PAY0018176,inconsistent_payment_status,payment_status written as 'OK' instead of canonical 'On-time',low,2026-08-24
2404,payments,PAY0018183,inconsistent_payment_status,payment_status written as 'OK' instead of canonical 'On-time',low,2026-08-24
2405,payments,PAY0018209,inconsistent_payment_status,payment_status written as 'on time' instead of canonical 'On-time',low,2026-08-24
2406,payments,PAY0018211,inconsistent_payment_status,payment_status written as 'on time' instead of canonical 'On-time',low,2026-08-24
2407,payments,PAY0018361,inconsistent_payment_status,payment_status written as 'on time' instead of canonical 'On-time',low,2026-08-24
2408,payments,PAY0018368,inconsistent_payment_status,payment_status written as 'On Time' instead of canonical 'On-time',low,2026-08-24
2409,payments,PAY0018430,inconsistent_payment_status,payment_status written as 'MISSED' instead of canonical 'Missed',low,2026-08-24
2410,payments,PAY0018434,inconsistent_payment_status,payment_status written as 'ON-TIME' instead of canonical 'On-time',low,2026-08-24
2411,payments,PAY0018436,inconsistent_payment_status,payment_status written as 'on time' instead of canonical 'On-time',low,2026-08-24
2412,payments,PAY0018476,inconsistent_payment_status,payment_status written as 'late' instead of canonical 'Late',low,2026-08-24
2413,payments,PAY0018528,inconsistent_payment_status,payment_status written as 'On Time' instead of canonical 'On-time',low,2026-08-24
2414,payments,PAY0018575,inconsistent_payment_status,payment_status written as 'on time' instead of canonical 'On-time',low,2026-08-24
2415,payments,PAY0018595,inconsistent_payment_status,payment_status written as 'on time' instead of canonical 'On-time',low,2026-08-24
2416,payments,PAY0018603,inconsistent_payment_status,payment_status written as 'MISSED' instead of canonical 'Missed',low,2026-08-24
2417,payments,PAY0018664,inconsistent_payment_status,payment_status written as 'LATE' instead of canonical 'Late',low,2026-08-24
2418,payments,PAY0018807,inconsistent_payment_status,payment_status written as 'ON-TIME' instead of canonical 'On-time',low,2026-08-24
2419,payments,PAY0018835,inconsistent_payment_status,payment_status written as 'on time' instead of canonical 'On-time',low,2026-08-24
2420,payments,PAY0018841,inconsistent_payment_status,payment_status written as 'PARTIAL' instead of canonical 'Partial',low,2026-08-24
2421,payments,PAY0018842,inconsistent_payment_status,payment_status written as 'missed' instead of canonical 'Missed',low,2026-08-24
2422,payments,PAY0018872,inconsistent_payment_status,payment_status written as 'on time' instead of canonical 'On-time',low,2026-08-24
2423,payments,PAY0018891,inconsistent_payment_status,payment_status written as 'on time' instead of canonical 'On-time',low,2026-08-24
2424,payments,PAY0018896,inconsistent_payment_status,payment_status written as 'On Time' instead of canonical 'On-time',low,2026-08-24
2425,payments,PAY0018946,inconsistent_payment_status,payment_status written as 'on time' instead of canonical 'On-time',low,2026-08-24
2426,payments,PAY0018996,inconsistent_payment_status,payment_status written as 'LATE' instead of canonical 'Late',low,2026-08-24
2427,payments,PAY0019036,inconsistent_payment_status,payment_status written as 'On Time' instead of canonical 'On-time',low,2026-08-24
2428,payments,PAY0019064,inconsistent_payment_status,payment_status written as 'On Time' instead of canonical 'On-time',low,2026-08-24
2429,payments,PAY0019118,inconsistent_payment_status,payment_status written as 'ON-TIME' instead of canonical 'On-time',low,2026-08-24
2430,payments,PAY0019178,inconsistent_payment_status,payment_status written as 'on time' instead of canonical 'On-time',low,2026-08-24
2431,payments,PAY0019192,inconsistent_payment_status,payment_status written as 'On Time' instead of canonical 'On-time',low,2026-08-24
2432,payments,PAY0019202,inconsistent_payment_status,payment_status written as 'late' instead of canonical 'Late',low,2026-08-24
2433,payments,PAY0019277,inconsistent_payment_status,payment_status written as 'On Time' instead of canonical 'On-time',low,2026-08-24
2434,payments,PAY0019368,inconsistent_payment_status,payment_status written as 'ON-TIME' instead of canonical 'On-time',low,2026-08-24
2435,payments,PAY0019407,inconsistent_payment_status,payment_status written as 'on time' instead of canonical 'On-time',low,2026-08-24
2436,payments,PAY0019455,inconsistent_payment_status,payment_status written as 'ON-TIME' instead of canonical 'On-time',low,2026-08-24
2437,payments,PAY0019482,inconsistent_payment_status,payment_status written as 'OK' instead of canonical 'On-time',low,2026-08-24
2438,payments,PAY0019483,inconsistent_payment_status,payment_status written as 'NSF' instead of canonical 'Missed',low,2026-08-24
2439,payments,PAY0019499,inconsistent_payment_status,payment_status written as 'on time' instead of canonical 'On-time',low,2026-08-24
2440,payments,PAY0019548,inconsistent_payment_status,payment_status written as 'delayed' instead of canonical 'Late',low,2026-08-24
2441,payments,PAY0019561,inconsistent_payment_status,payment_status written as 'NSF' instead of canonical 'Missed',low,2026-08-24
2442,payments,PAY0019623,inconsistent_payment_status,payment_status written as 'partial' instead of canonical 'Partial',low,2026-08-24
2443,payments,PAY0019628,inconsistent_payment_status,payment_status written as 'on time' instead of canonical 'On-time',low,2026-08-24
2444,payments,PAY0019682,inconsistent_payment_status,payment_status written as 'OK' instead of canonical 'On-time',low,2026-08-24
2445,payments,PAY0019685,inconsistent_payment_status,payment_status written as 'ON-TIME' instead of canonical 'On-time',low,2026-08-24
2446,payments,PAY0019784,inconsistent_payment_status,payment_status written as 'on time' instead of canonical 'On-time',low,2026-08-24
2447,payments,PAY0019787,inconsistent_payment_status,payment_status written as 'on time' instead of canonical 'On-time',low,2026-08-24
2448,payments,PAY0019870,inconsistent_payment_status,payment_status written as 'On Time' instead of canonical 'On-time',low,2026-08-24
2449,payments,PAY0019875,inconsistent_payment_status,payment_status written as 'On Time' instead of canonical 'On-time',low,2026-08-24
2450,payments,PAY0019965,inconsistent_payment_status,payment_status written as 'OK' instead of canonical 'On-time',low,2026-08-24
2451,payments,PAY0019994,inconsistent_payment_status,payment_status written as 'On Time' instead of canonical 'On-time',low,2026-08-24
2452,payments,PAY0002021,inconsistent_payment_status,payment_status written as 'OK' instead of canonical 'On-time',low,2026-08-24
2453,applications,APP0001363,decision_before_application,decision_date falls before application_date,high,2026-08-24
2454,applications,APP0000281,decision_before_application,decision_date falls before application_date,high,2026-08-24
2455,applications,APP0002504,decision_before_application,decision_date falls before application_date,high,2026-08-24
2456,applications,APP0001369,decision_before_application,decision_date falls before application_date,high,2026-08-24
2457,applications,APP0001516,decision_before_application,decision_date falls before application_date,high,2026-08-24
2458,applications,APP0002144,decision_before_application,decision_date falls before application_date,high,2026-08-24
2459,applications,APP0002731,decision_before_application,decision_date falls before application_date,high,2026-08-24
2460,applications,APP0002303,decision_before_application,decision_date falls before application_date,high,2026-08-24
2461,applications,APP0000093,decision_before_application,decision_date falls before application_date,high,2026-08-24
2462,applications,APP0001311,decision_before_application,decision_date falls before application_date,high,2026-08-24
2463,applications,APP0000378,decision_before_application,decision_date falls before application_date,high,2026-08-24
2464,applications,APP0001480,decision_before_application,decision_date falls before application_date,high,2026-08-24
2465,applications,APP0002173,decision_before_application,decision_date falls before application_date,high,2026-08-24
2466,applications,APP0001055,decision_before_application,decision_date falls before application_date,high,2026-08-24
2467,applications,APP0000580,decision_before_application,decision_date falls before application_date,high,2026-08-24
2468,loans,LOAN0000417,maturity_before_start,maturity_date falls before start_date,high,2026-08-24
2469,loans,LOAN0000504,maturity_before_start,maturity_date falls before start_date,high,2026-08-24
2470,loans,LOAN0000627,maturity_before_start,maturity_date falls before start_date,high,2026-08-24
2471,loans,LOAN0000707,maturity_before_start,maturity_date falls before start_date,high,2026-08-24
2472,loans,LOAN0000827,maturity_before_start,maturity_date falls before start_date,high,2026-08-24
2473,loans,LOAN0001130,maturity_before_start,maturity_date falls before start_date,high,2026-08-24
2474,payments,PAY0000060,payment_before_loan_start,payment_date falls before the loan's start_date,high,2026-08-24
2475,payments,PAY0000093,payment_before_loan_start,payment_date falls before the loan's start_date,high,2026-08-24
2476,payments,PAY0000404,payment_before_loan_start,payment_date falls before the loan's start_date,high,2026-08-24
2477,payments,PAY0000818,payment_before_loan_start,payment_date falls before the loan's start_date,high,2026-08-24
2478,payments,PAY0000863,payment_before_loan_start,payment_date falls before the loan's start_date,high,2026-08-24
2479,payments,PAY0001130,payment_before_loan_start,payment_date falls before the loan's start_date,high,2026-08-24
2480,payments,PAY0001152,payment_before_loan_start,payment_date falls before the loan's start_date,high,2026-08-24
2481,payments,PAY0001864,payment_before_loan_start,payment_date falls before the loan's start_date,high,2026-08-24
2482,payments,PAY0001918,payment_before_loan_start,payment_date falls before the loan's start_date,high,2026-08-24
2483,payments,PAY0003158,payment_before_loan_start,payment_date falls before the loan's start_date,high,2026-08-24
2484,payments,PAY0003259,payment_before_loan_start,payment_date falls before the loan's start_date,high,2026-08-24
2485,payments,PAY0003355,payment_before_loan_start,payment_date falls before the loan's start_date,high,2026-08-24
2486,payments,PAY0003762,payment_before_loan_start,payment_date falls before the loan's start_date,high,2026-08-24
2487,payments,PAY0003977,payment_before_loan_start,payment_date falls before the loan's start_date,high,2026-08-24
2488,payments,PAY0004049,payment_before_loan_start,payment_date falls before the loan's start_date,high,2026-08-24
2489,payments,PAY0004681,payment_before_loan_start,payment_date falls before the loan's start_date,high,2026-08-24
2490,payments,PAY0004687,payment_before_loan_start,payment_date falls before the loan's start_date,high,2026-08-24
2491,payments,PAY0004718,payment_before_loan_start,payment_date falls before the loan's start_date,high,2026-08-24
2492,payments,PAY0004719,payment_before_loan_start,payment_date falls before the loan's start_date,high,2026-08-24
2493,payments,PAY0005033,payment_before_loan_start,payment_date falls before the loan's start_date,high,2026-08-24
2494,payments,PAY0005294,payment_before_loan_start,payment_date falls before the loan's start_date,high,2026-08-24
2495,payments,PAY0005529,payment_before_loan_start,payment_date falls before the loan's start_date,high,2026-08-24
2496,payments,PAY0005841,payment_before_loan_start,payment_date falls before the loan's start_date,high,2026-08-24
2497,payments,PAY0005880,payment_before_loan_start,payment_date falls before the loan's start_date,high,2026-08-24
2498,payments,PAY0006219,payment_before_loan_start,payment_date falls before the loan's start_date,high,2026-08-24
2499,payments,PAY0006500,payment_before_loan_start,payment_date falls before the loan's start_date,high,2026-08-24
2500,payments,PAY0006581,payment_before_loan_start,payment_date falls before the loan's start_date,high,2026-08-24
2501,payments,PAY0006603,payment_before_loan_start,payment_date falls before the loan's start_date,high,2026-08-24
2502,payments,PAY0006831,payment_before_loan_start,payment_date falls before the loan's start_date,high,2026-08-24
2503,payments,PAY0007133,payment_before_loan_start,payment_date falls before the loan's start_date,high,2026-08-24
2504,payments,PAY0007188,payment_before_loan_start,payment_date falls before the loan's start_date,high,2026-08-24
2505,payments,PAY0007294,payment_before_loan_start,payment_date falls before the loan's start_date,high,2026-08-24
2506,payments,PAY0007549,payment_before_loan_start,payment_date falls before the loan's start_date,high,2026-08-24
2507,payments,PAY0007697,payment_before_loan_start,payment_date falls before the loan's start_date,high,2026-08-24
2508,payments,PAY0007870,payment_before_loan_start,payment_date falls before the loan's start_date,high,2026-08-24
2509,payments,PAY0008539,payment_before_loan_start,payment_date falls before the loan's start_date,high,2026-08-24
2510,payments,PAY0008759,payment_before_loan_start,payment_date falls before the loan's start_date,high,2026-08-24
2511,payments,PAY0008955,payment_before_loan_start,payment_date falls before the loan's start_date,high,2026-08-24
2512,payments,PAY0009093,payment_before_loan_start,payment_date falls before the loan's start_date,high,2026-08-24
2513,payments,PAY0009417,payment_before_loan_start,payment_date falls before the loan's start_date,high,2026-08-24
2514,payments,PAY0009550,payment_before_loan_start,payment_date falls before the loan's start_date,high,2026-08-24
2515,payments,PAY0009729,payment_before_loan_start,payment_date falls before the loan's start_date,high,2026-08-24
2516,payments,PAY0009888,payment_before_loan_start,payment_date falls before the loan's start_date,high,2026-08-24
2517,payments,PAY0010538,payment_before_loan_start,payment_date falls before the loan's start_date,high,2026-08-24
2518,payments,PAY0010557,payment_before_loan_start,payment_date falls before the loan's start_date,high,2026-08-24
2519,payments,PAY0010569,payment_before_loan_start,payment_date falls before the loan's start_date,high,2026-08-24
2520,payments,PAY0010711,payment_before_loan_start,payment_date falls before the loan's start_date,high,2026-08-24
2521,payments,PAY0010804,payment_before_loan_start,payment_date falls before the loan's start_date,high,2026-08-24
2522,payments,PAY0010866,payment_before_loan_start,payment_date falls before the loan's start_date,high,2026-08-24
2523,payments,PAY0012187,payment_before_loan_start,payment_date falls before the loan's start_date,high,2026-08-24
2524,payments,PAY0012611,payment_before_loan_start,payment_date falls before the loan's start_date,high,2026-08-24
2525,payments,PAY0013155,payment_before_loan_start,payment_date falls before the loan's start_date,high,2026-08-24
2526,payments,PAY0013302,payment_before_loan_start,payment_date falls before the loan's start_date,high,2026-08-24
2527,payments,PAY0013466,payment_before_loan_start,payment_date falls before the loan's start_date,high,2026-08-24
2528,payments,PAY0013644,payment_before_loan_start,payment_date falls before the loan's start_date,high,2026-08-24
2529,payments,PAY0013679,payment_before_loan_start,payment_date falls before the loan's start_date,high,2026-08-24
2530,payments,PAY0013903,payment_before_loan_start,payment_date falls before the loan's start_date,high,2026-08-24
2531,payments,PAY0014153,payment_before_loan_start,payment_date falls before the loan's start_date,high,2026-08-24
2532,payments,PAY0014588,payment_before_loan_start,payment_date falls before the loan's start_date,high,2026-08-24
2533,payments,PAY0014768,payment_before_loan_start,payment_date falls before the loan's start_date,high,2026-08-24
2534,payments,PAY0014882,payment_before_loan_start,payment_date falls before the loan's start_date,high,2026-08-24
2535,payments,PAY0015113,payment_before_loan_start,payment_date falls before the loan's start_date,high,2026-08-24
2536,payments,PAY0015229,payment_before_loan_start,payment_date falls before the loan's start_date,high,2026-08-24
2537,payments,PAY0015380,payment_before_loan_start,payment_date falls before the loan's start_date,high,2026-08-24
2538,payments,PAY0015766,payment_before_loan_start,payment_date falls before the loan's start_date,high,2026-08-24
2539,payments,PAY0015903,payment_before_loan_start,payment_date falls before the loan's start_date,high,2026-08-24
2540,payments,PAY0016209,payment_before_loan_start,payment_date falls before the loan's start_date,high,2026-08-24
2541,payments,PAY0016265,payment_before_loan_start,payment_date falls before the loan's start_date,high,2026-08-24
2542,payments,PAY0016496,payment_before_loan_start,payment_date falls before the loan's start_date,high,2026-08-24
2543,payments,PAY0016669,payment_before_loan_start,payment_date falls before the loan's start_date,high,2026-08-24
2544,payments,PAY0016773,payment_before_loan_start,payment_date falls before the loan's start_date,high,2026-08-24
2545,payments,PAY0016871,payment_before_loan_start,payment_date falls before the loan's start_date,high,2026-08-24
2546,payments,PAY0017083,payment_before_loan_start,payment_date falls before the loan's start_date,high,2026-08-24
2547,payments,PAY0017378,payment_before_loan_start,payment_date falls before the loan's start_date,high,2026-08-24
2548,payments,PAY0017430,payment_before_loan_start,payment_date falls before the loan's start_date,high,2026-08-24
2549,payments,PAY0017602,payment_before_loan_start,payment_date falls before the loan's start_date,high,2026-08-24
2550,payments,PAY0017700,payment_before_loan_start,payment_date falls before the loan's start_date,high,2026-08-24
2551,payments,PAY0017973,payment_before_loan_start,payment_date falls before the loan's start_date,high,2026-08-24
2552,payments,PAY0018231,payment_before_loan_start,payment_date falls before the loan's start_date,high,2026-08-24
2553,payments,PAY0018367,payment_before_loan_start,payment_date falls before the loan's start_date,high,2026-08-24
2554,payments,PAY0018424,payment_before_loan_start,payment_date falls before the loan's start_date,high,2026-08-24
2555,payments,PAY0018716,payment_before_loan_start,payment_date falls before the loan's start_date,high,2026-08-24
2556,payments,PAY0019286,payment_before_loan_start,payment_date falls before the loan's start_date,high,2026-08-24
2557,payments,PAY0019717,payment_before_loan_start,payment_date falls before the loan's start_date,high,2026-08-24
2558,payments,PAY0002909,payment_before_loan_start,payment_date falls before the loan's start_date,high,2026-08-24
2559,payments,PAY0006817,payment_before_loan_start,payment_date falls before the loan's start_date,high,2026-08-24
2560,payments,PAY0012137,payment_before_loan_start,payment_date falls before the loan's start_date,high,2026-08-24
2561,applications,APP0000311,orphan_customer_id,"customer_id references 'CUST9564375', which does not exist in the parent table",high,2026-08-24
2562,applications,APP0000317,orphan_customer_id,"customer_id references 'CUST9046319', which does not exist in the parent table",high,2026-08-24
2563,applications,APP0000790,orphan_customer_id,"customer_id references 'CUST9182795', which does not exist in the parent table",high,2026-08-24
2564,applications,APP0000969,orphan_customer_id,"customer_id references 'CUST9900194', which does not exist in the parent table",high,2026-08-24
2565,applications,APP0001079,orphan_customer_id,"customer_id references 'CUST9043438', which does not exist in the parent table",high,2026-08-24
2566,applications,APP0001105,orphan_customer_id,"customer_id references 'CUST9276842', which does not exist in the parent table",high,2026-08-24
2567,applications,APP0001431,orphan_customer_id,"customer_id references 'CUST9709386', which does not exist in the parent table",high,2026-08-24
2568,applications,APP0001514,orphan_customer_id,"customer_id references 'CUST9971377', which does not exist in the parent table",high,2026-08-24
2569,applications,APP0001647,orphan_customer_id,"customer_id references 'CUST9698616', which does not exist in the parent table",high,2026-08-24
2570,applications,APP0001790,orphan_customer_id,"customer_id references 'CUST9244944', which does not exist in the parent table",high,2026-08-24
2571,applications,APP0002000,orphan_customer_id,"customer_id references 'CUST9013059', which does not exist in the parent table",high,2026-08-24
2572,applications,APP0002021,orphan_customer_id,"customer_id references 'CUST9386877', which does not exist in the parent table",high,2026-08-24
2573,applications,APP0002423,orphan_customer_id,"customer_id references 'CUST9639174', which does not exist in the parent table",high,2026-08-24
2574,applications,APP0002436,orphan_customer_id,"customer_id references 'CUST9491119', which does not exist in the parent table",high,2026-08-24
2575,applications,APP0002884,orphan_customer_id,"customer_id references 'CUST9712241', which does not exist in the parent table",high,2026-08-24
2576,loans,LOAN0000155,orphan_application_id,"application_id references 'APP9496987', which does not exist in the parent table",high,2026-08-24
2577,loans,LOAN0000270,orphan_application_id,"application_id references 'APP9338881', which does not exist in the parent table",high,2026-08-24
2578,loans,LOAN0000307,orphan_application_id,"application_id references 'APP9492821', which does not exist in the parent table",high,2026-08-24
2579,loans,LOAN0000325,orphan_application_id,"application_id references 'APP9013680', which does not exist in the parent table",high,2026-08-24
2580,loans,LOAN0000532,orphan_application_id,"application_id references 'APP9756635', which does not exist in the parent table",high,2026-08-24
2581,loans,LOAN0000747,orphan_application_id,"application_id references 'APP9050673', which does not exist in the parent table",high,2026-08-24
2582,payments,PAY0000142,orphan_loan_id,"loan_id references 'LOAN9449095', which does not exist in the parent table",high,2026-08-24
2583,payments,PAY0000372,orphan_loan_id,"loan_id references 'LOAN9156761', which does not exist in the parent table",high,2026-08-24
2584,payments,PAY0000446,orphan_loan_id,"loan_id references 'LOAN9624496', which does not exist in the parent table",high,2026-08-24
2585,payments,PAY0001217,orphan_loan_id,"loan_id references 'LOAN9375154', which does not exist in the parent table",high,2026-08-24
2586,payments,PAY0001337,orphan_loan_id,"loan_id references 'LOAN9306110', which does not exist in the parent table",high,2026-08-24
2587,payments,PAY0001922,orphan_loan_id,"loan_id references 'LOAN9845462', which does not exist in the parent table",high,2026-08-24
2588,payments,PAY0002316,orphan_loan_id,"loan_id references 'LOAN9930041', which does not exist in the parent table",high,2026-08-24
2589,payments,PAY0002464,orphan_loan_id,"loan_id references 'LOAN9940637', which does not exist in the parent table",high,2026-08-24
2590,payments,PAY0002483,orphan_loan_id,"loan_id references 'LOAN9590066', which does not exist in the parent table",high,2026-08-24
2591,payments,PAY0002540,orphan_loan_id,"loan_id references 'LOAN9435553', which does not exist in the parent table",high,2026-08-24
2592,payments,PAY0002593,orphan_loan_id,"loan_id references 'LOAN9954627', which does not exist in the parent table",high,2026-08-24
2593,payments,PAY0002631,orphan_loan_id,"loan_id references 'LOAN9430947', which does not exist in the parent table",high,2026-08-24
2594,payments,PAY0002695,orphan_loan_id,"loan_id references 'LOAN9703016', which does not exist in the parent table",high,2026-08-24
2595,payments,PAY0002982,orphan_loan_id,"loan_id references 'LOAN9475071', which does not exist in the parent table",high,2026-08-24
2596,payments,PAY0003076,orphan_loan_id,"loan_id references 'LOAN9787302', which does not exist in the parent table",high,2026-08-24
2597,payments,PAY0003122,orphan_loan_id,"loan_id references 'LOAN9768554', which does not exist in the parent table",high,2026-08-24
2598,payments,PAY0003437,orphan_loan_id,"loan_id references 'LOAN9047905', which does not exist in the parent table",high,2026-08-24
2599,payments,PAY0003442,orphan_loan_id,"loan_id references 'LOAN9212913', which does not exist in the parent table",high,2026-08-24
2600,payments,PAY0003470,orphan_loan_id,"loan_id references 'LOAN9951150', which does not exist in the parent table",high,2026-08-24
2601,payments,PAY0003533,orphan_loan_id,"loan_id references 'LOAN9976941', which does not exist in the parent table",high,2026-08-24
2602,payments,PAY0003762,orphan_loan_id,"loan_id references 'LOAN9592601', which does not exist in the parent table",high,2026-08-24
2603,payments,PAY0003825,orphan_loan_id,"loan_id references 'LOAN9712477', which does not exist in the parent table",high,2026-08-24
2604,payments,PAY0003839,orphan_loan_id,"loan_id references 'LOAN9047710', which does not exist in the parent table",high,2026-08-24
2605,payments,PAY0004187,orphan_loan_id,"loan_id references 'LOAN9173730', which does not exist in the parent table",high,2026-08-24
2606,payments,PAY0004189,orphan_loan_id,"loan_id references 'LOAN9646292', which does not exist in the parent table",high,2026-08-24
2607,payments,PAY0004336,orphan_loan_id,"loan_id references 'LOAN9374448', which does not exist in the parent table",high,2026-08-24
2608,payments,PAY0004474,orphan_loan_id,"loan_id references 'LOAN9624988', which does not exist in the parent table",high,2026-08-24
2609,payments,PAY0005070,orphan_loan_id,"loan_id references 'LOAN9768009', which does not exist in the parent table",high,2026-08-24
2610,payments,PAY0005632,orphan_loan_id,"loan_id references 'LOAN9606095', which does not exist in the parent table",high,2026-08-24
2611,payments,PAY0005740,orphan_loan_id,"loan_id references 'LOAN9037587', which does not exist in the parent table",high,2026-08-24
2612,payments,PAY0005800,orphan_loan_id,"loan_id references 'LOAN9304740', which does not exist in the parent table",high,2026-08-24
2613,payments,PAY0005928,orphan_loan_id,"loan_id references 'LOAN9116888', which does not exist in the parent table",high,2026-08-24
2614,payments,PAY0005938,orphan_loan_id,"loan_id references 'LOAN9028462', which does not exist in the parent table",high,2026-08-24
2615,payments,PAY0005945,orphan_loan_id,"loan_id references 'LOAN9797888', which does not exist in the parent table",high,2026-08-24
2616,payments,PAY0006570,orphan_loan_id,"loan_id references 'LOAN9893066', which does not exist in the parent table",high,2026-08-24
2617,payments,PAY0006863,orphan_loan_id,"loan_id references 'LOAN9674561', which does not exist in the parent table",high,2026-08-24
2618,payments,PAY0007008,orphan_loan_id,"loan_id references 'LOAN9209452', which does not exist in the parent table",high,2026-08-24
2619,payments,PAY0007225,orphan_loan_id,"loan_id references 'LOAN9752032', which does not exist in the parent table",high,2026-08-24
2620,payments,PAY0007877,orphan_loan_id,"loan_id references 'LOAN9449457', which does not exist in the parent table",high,2026-08-24
2621,payments,PAY0007955,orphan_loan_id,"loan_id references 'LOAN9096376', which does not exist in the parent table",high,2026-08-24
2622,payments,PAY0008334,orphan_loan_id,"loan_id references 'LOAN9806935', which does not exist in the parent table",high,2026-08-24
2623,payments,PAY0008558,orphan_loan_id,"loan_id references 'LOAN9299139', which does not exist in the parent table",high,2026-08-24
2624,payments,PAY0008679,orphan_loan_id,"loan_id references 'LOAN9113212', which does not exist in the parent table",high,2026-08-24
2625,payments,PAY0008717,orphan_loan_id,"loan_id references 'LOAN9234416', which does not exist in the parent table",high,2026-08-24
2626,payments,PAY0008745,orphan_loan_id,"loan_id references 'LOAN9490020', which does not exist in the parent table",high,2026-08-24
2627,payments,PAY0008753,orphan_loan_id,"loan_id references 'LOAN9217519', which does not exist in the parent table",high,2026-08-24
2628,payments,PAY0008944,orphan_loan_id,"loan_id references 'LOAN9105768', which does not exist in the parent table",high,2026-08-24
2629,payments,PAY0009083,orphan_loan_id,"loan_id references 'LOAN9249086', which does not exist in the parent table",high,2026-08-24
2630,payments,PAY0009626,orphan_loan_id,"loan_id references 'LOAN9713506', which does not exist in the parent table",high,2026-08-24
2631,payments,PAY0009719,orphan_loan_id,"loan_id references 'LOAN9641118', which does not exist in the parent table",high,2026-08-24
2632,payments,PAY0010055,orphan_loan_id,"loan_id references 'LOAN9865258', which does not exist in the parent table",high,2026-08-24
2633,payments,PAY0010431,orphan_loan_id,"loan_id references 'LOAN9797866', which does not exist in the parent table",high,2026-08-24
2634,payments,PAY0010800,orphan_loan_id,"loan_id references 'LOAN9651147', which does not exist in the parent table",high,2026-08-24
2635,payments,PAY0010958,orphan_loan_id,"loan_id references 'LOAN9680362', which does not exist in the parent table",high,2026-08-24
2636,payments,PAY0011070,orphan_loan_id,"loan_id references 'LOAN9444838', which does not exist in the parent table",high,2026-08-24
2637,payments,PAY0011808,orphan_loan_id,"loan_id references 'LOAN9434555', which does not exist in the parent table",high,2026-08-24
2638,payments,PAY0012132,orphan_loan_id,"loan_id references 'LOAN9028469', which does not exist in the parent table",high,2026-08-24
2639,payments,PAY0012534,orphan_loan_id,"loan_id references 'LOAN9514658', which does not exist in the parent table",high,2026-08-24
2640,payments,PAY0012617,orphan_loan_id,"loan_id references 'LOAN9290292', which does not exist in the parent table",high,2026-08-24
2641,payments,PAY0012773,orphan_loan_id,"loan_id references 'LOAN9544462', which does not exist in the parent table",high,2026-08-24
2642,payments,PAY0012799,orphan_loan_id,"loan_id references 'LOAN9325101', which does not exist in the parent table",high,2026-08-24
2643,payments,PAY0013055,orphan_loan_id,"loan_id references 'LOAN9836121', which does not exist in the parent table",high,2026-08-24
2644,payments,PAY0013168,orphan_loan_id,"loan_id references 'LOAN9278618', which does not exist in the parent table",high,2026-08-24
2645,payments,PAY0013431,orphan_loan_id,"loan_id references 'LOAN9615132', which does not exist in the parent table",high,2026-08-24
2646,payments,PAY0013483,orphan_loan_id,"loan_id references 'LOAN9894799', which does not exist in the parent table",high,2026-08-24
2647,payments,PAY0013877,orphan_loan_id,"loan_id references 'LOAN9433178', which does not exist in the parent table",high,2026-08-24
2648,payments,PAY0014122,orphan_loan_id,"loan_id references 'LOAN9799709', which does not exist in the parent table",high,2026-08-24
2649,payments,PAY0014227,orphan_loan_id,"loan_id references 'LOAN9579671', which does not exist in the parent table",high,2026-08-24
2650,payments,PAY0014916,orphan_loan_id,"loan_id references 'LOAN9105758', which does not exist in the parent table",high,2026-08-24
2651,payments,PAY0014939,orphan_loan_id,"loan_id references 'LOAN9923695', which does not exist in the parent table",high,2026-08-24
2652,payments,PAY0014947,orphan_loan_id,"loan_id references 'LOAN9030452', which does not exist in the parent table",high,2026-08-24
2653,payments,PAY0015012,orphan_loan_id,"loan_id references 'LOAN9570423', which does not exist in the parent table",high,2026-08-24
2654,payments,PAY0015083,orphan_loan_id,"loan_id references 'LOAN9468091', which does not exist in the parent table",high,2026-08-24
2655,payments,PAY0015183,orphan_loan_id,"loan_id references 'LOAN9753036', which does not exist in the parent table",high,2026-08-24
2656,payments,PAY0015201,orphan_loan_id,"loan_id references 'LOAN9901965', which does not exist in the parent table",high,2026-08-24
2657,payments,PAY0015240,orphan_loan_id,"loan_id references 'LOAN9868998', which does not exist in the parent table",high,2026-08-24
2658,payments,PAY0015295,orphan_loan_id,"loan_id references 'LOAN9363442', which does not exist in the parent table",high,2026-08-24
2659,payments,PAY0015564,orphan_loan_id,"loan_id references 'LOAN9444954', which does not exist in the parent table",high,2026-08-24
2660,payments,PAY0015577,orphan_loan_id,"loan_id references 'LOAN9157935', which does not exist in the parent table",high,2026-08-24
2661,payments,PAY0015683,orphan_loan_id,"loan_id references 'LOAN9872625', which does not exist in the parent table",high,2026-08-24
2662,payments,PAY0015778,orphan_loan_id,"loan_id references 'LOAN9745081', which does not exist in the parent table",high,2026-08-24
2663,payments,PAY0015804,orphan_loan_id,"loan_id references 'LOAN9855828', which does not exist in the parent table",high,2026-08-24
2664,payments,PAY0016132,orphan_loan_id,"loan_id references 'LOAN9373538', which does not exist in the parent table",high,2026-08-24
2665,payments,PAY0016481,orphan_loan_id,"loan_id references 'LOAN9586332', which does not exist in the parent table",high,2026-08-24
2666,payments,PAY0016662,orphan_loan_id,"loan_id references 'LOAN9731840', which does not exist in the parent table",high,2026-08-24
2667,payments,PAY0016980,orphan_loan_id,"loan_id references 'LOAN9273610', which does not exist in the parent table",high,2026-08-24
2668,payments,PAY0017269,orphan_loan_id,"loan_id references 'LOAN9146880', which does not exist in the parent table",high,2026-08-24
2669,payments,PAY0017806,orphan_loan_id,"loan_id references 'LOAN9385545', which does not exist in the parent table",high,2026-08-24
2670,payments,PAY0017862,orphan_loan_id,"loan_id references 'LOAN9663627', which does not exist in the parent table",high,2026-08-24
2671,payments,PAY0018306,orphan_loan_id,"loan_id references 'LOAN9853470', which does not exist in the parent table",high,2026-08-24
2672,payments,PAY0018564,orphan_loan_id,"loan_id references 'LOAN9596362', which does not exist in the parent table",high,2026-08-24
2673,payments,PAY0018738,orphan_loan_id,"loan_id references 'LOAN9975948', which does not exist in the parent table",high,2026-08-24
2674,payments,PAY0019055,orphan_loan_id,"loan_id references 'LOAN9942510', which does not exist in the parent table",high,2026-08-24
2675,payments,PAY0019151,orphan_loan_id,"loan_id references 'LOAN9949991', which does not exist in the parent table",high,2026-08-24
2676,payments,PAY0019153,orphan_loan_id,"loan_id references 'LOAN9837110', which does not exist in the parent table",high,2026-08-24
2677,payments,PAY0019424,orphan_loan_id,"loan_id references 'LOAN9494504', which does not exist in the parent table",high,2026-08-24
2678,payments,PAY0019505,orphan_loan_id,"loan_id references 'LOAN9677981', which does not exist in the parent table",high,2026-08-24
2679,payments,PAY0019535,orphan_loan_id,"loan_id references 'LOAN9625234', which does not exist in the parent table",high,2026-08-24
2680,payments,PAY0019704,orphan_loan_id,"loan_id references 'LOAN9334350', which does not exist in the parent table",high,2026-08-24
2681,payments,PAY0008330,orphan_loan_id,"loan_id references 'LOAN9069417', which does not exist in the parent table",high,2026-08-24
2682,payments,PAY0016094,orphan_loan_id,"loan_id references 'LOAN9735172', which does not exist in the parent table",high,2026-08-24
2683,credit_history,CRHIST0000305,orphan_customer_id,"customer_id references 'CUST9665790', which does not exist in the parent table",high,2026-08-24
2684,credit_history,CRHIST0000470,orphan_customer_id,"customer_id references 'CUST9071126', which does not exist in the parent table",high,2026-08-24
2685,credit_history,CRHIST0000684,orphan_customer_id,"customer_id references 'CUST9466333', which does not exist in the parent table",high,2026-08-24
2686,credit_history,CRHIST0000765,orphan_customer_id,"customer_id references 'CUST9594610', which does not exist in the parent table",high,2026-08-24
2687,credit_history,CRHIST0000900,orphan_customer_id,"customer_id references 'CUST9906840', which does not exist in the parent table",high,2026-08-24
2688,credit_history,CRHIST0001339,orphan_customer_id,"customer_id references 'CUST9067361', which does not exist in the parent table",high,2026-08-24
2689,credit_history,CRHIST0001565,orphan_customer_id,"customer_id references 'CUST9970041', which does not exist in the parent table",high,2026-08-24
2690,credit_history,CRHIST0001991,orphan_customer_id,"customer_id references 'CUST9513985', which does not exist in the parent table",high,2026-08-24
2691,credit_history,CRHIST0002073,orphan_customer_id,"customer_id references 'CUST9364119', which does not exist in the parent table",high,2026-08-24
2692,credit_history,CRHIST0002182,orphan_customer_id,"customer_id references 'CUST9974102', which does not exist in the parent table",high,2026-08-24
2693,credit_history,CRHIST0002195,orphan_customer_id,"customer_id references 'CUST9167853', which does not exist in the parent table",high,2026-08-24
2694,credit_history,CRHIST0002751,orphan_customer_id,"customer_id references 'CUST9573646', which does not exist in the parent table",high,2026-08-24
2695,credit_history,CRHIST0002880,orphan_customer_id,"customer_id references 'CUST9169507', which does not exist in the parent table",high,2026-08-24
2696,credit_history,CRHIST0003137,orphan_customer_id,"customer_id references 'CUST9093670', which does not exist in the parent table",high,2026-08-24
2697,credit_history,CRHIST0003400,orphan_customer_id,"customer_id references 'CUST9691978', which does not exist in the parent table",high,2026-08-24
2698,credit_history,CRHIST0003529,orphan_customer_id,"customer_id references 'CUST9504752', which does not exist in the parent table",high,2026-08-24
2699,credit_history,CRHIST0003593,orphan_customer_id,"customer_id references 'CUST9483411', which does not exist in the parent table",high,2026-08-24
2700,credit_history,CRHIST0003622,orphan_customer_id,"customer_id references 'CUST9238260', which does not exist in the parent table",high,2026-08-24
2701,credit_history,CRHIST0003822,orphan_customer_id,"customer_id references 'CUST9104985', which does not exist in the parent table",high,2026-08-24
2702,credit_history,CRHIST0003920,orphan_customer_id,"customer_id references 'CUST9065914', which does not exist in the parent table",high,2026-08-24
2703,credit_history,CRHIST0004141,orphan_customer_id,"customer_id references 'CUST9188394', which does not exist in the parent table",high,2026-08-24
2704,credit_history,CRHIST0004479,orphan_customer_id,"customer_id references 'CUST9654312', which does not exist in the parent table",high,2026-08-24
2705,credit_history,CRHIST0004492,orphan_customer_id,"customer_id references 'CUST9211696', which does not exist in the parent table",high,2026-08-24
2706,credit_history,CRHIST0004933,orphan_customer_id,"customer_id references 'CUST9449977', which does not exist in the parent table",high,2026-08-24
2707,credit_history,CRHIST0005040,orphan_customer_id,"customer_id references 'CUST9541944', which does not exist in the parent table",high,2026-08-24
2708,credit_history,CRHIST0005046,orphan_customer_id,"customer_id references 'CUST9167175', which does not exist in the parent table",high,2026-08-24
2709,credit_history,CRHIST0005267,orphan_customer_id,"customer_id references 'CUST9434434', which does not exist in the parent table",high,2026-08-24
2710,credit_history,CRHIST0005419,orphan_customer_id,"customer_id references 'CUST9599372', which does not exist in the parent table",high,2026-08-24
2711,credit_history,CRHIST0005621,orphan_customer_id,"customer_id references 'CUST9840065', which does not exist in the parent table",high,2026-08-24
2712,credit_history,CRHIST0005863,orphan_customer_id,"customer_id references 'CUST9540425', which does not exist in the parent table",high,2026-08-24
2713,applications,APP0001353,rejected_with_active_loan,Application status is Rejected but a loan already exists for it,high,2026-08-24
2714,applications,APP0000383,rejected_with_active_loan,Application status is Rejected but a loan already exists for it,high,2026-08-24
2715,applications,APP0000095,rejected_with_active_loan,Application status is Rejected but a loan already exists for it,high,2026-08-24
2716,applications,APP0000449,rejected_with_active_loan,Application status is Rejected but a loan already exists for it,high,2026-08-24
2717,applications,APP0002019,rejected_with_active_loan,Application status is Rejected but a loan already exists for it,high,2026-08-24
2718,applications,APP0000338,rejected_with_active_loan,Application status is Rejected but a loan already exists for it,high,2026-08-24
2719,payments,PAY0000143,negative_payment_amount,"amount_paid is negative, which is not a valid payment amount",high,2026-08-24
2720,payments,PAY0000875,negative_payment_amount,"amount_paid is negative, which is not a valid payment amount",high,2026-08-24
2721,payments,PAY0001072,negative_payment_amount,"amount_paid is negative, which is not a valid payment amount",high,2026-08-24
2722,payments,PAY0001533,negative_payment_amount,"amount_paid is negative, which is not a valid payment amount",high,2026-08-24
2723,payments,PAY0001565,negative_payment_amount,"amount_paid is negative, which is not a valid payment amount",high,2026-08-24
2724,payments,PAY0001858,negative_payment_amount,"amount_paid is negative, which is not a valid payment amount",high,2026-08-24
2725,payments,PAY0001917,negative_payment_amount,"amount_paid is negative, which is not a valid payment amount",high,2026-08-24
2726,payments,PAY0002087,negative_payment_amount,"amount_paid is negative, which is not a valid payment amount",high,2026-08-24
2727,payments,PAY0002096,negative_payment_amount,"amount_paid is negative, which is not a valid payment amount",high,2026-08-24
2728,payments,PAY0002187,negative_payment_amount,"amount_paid is negative, which is not a valid payment amount",high,2026-08-24
2729,payments,PAY0002416,negative_payment_amount,"amount_paid is negative, which is not a valid payment amount",high,2026-08-24
2730,payments,PAY0002912,negative_payment_amount,"amount_paid is negative, which is not a valid payment amount",high,2026-08-24
2731,payments,PAY0003031,negative_payment_amount,"amount_paid is negative, which is not a valid payment amount",high,2026-08-24
2732,payments,PAY0003326,negative_payment_amount,"amount_paid is negative, which is not a valid payment amount",high,2026-08-24
2733,payments,PAY0003399,negative_payment_amount,"amount_paid is negative, which is not a valid payment amount",high,2026-08-24
2734,payments,PAY0003416,negative_payment_amount,"amount_paid is negative, which is not a valid payment amount",high,2026-08-24
2735,payments,PAY0003513,negative_payment_amount,"amount_paid is negative, which is not a valid payment amount",high,2026-08-24
2736,payments,PAY0003616,negative_payment_amount,"amount_paid is negative, which is not a valid payment amount",high,2026-08-24
2737,payments,PAY0003718,negative_payment_amount,"amount_paid is negative, which is not a valid payment amount",high,2026-08-24
2738,payments,PAY0003824,negative_payment_amount,"amount_paid is negative, which is not a valid payment amount",high,2026-08-24
2739,payments,PAY0004184,negative_payment_amount,"amount_paid is negative, which is not a valid payment amount",high,2026-08-24
2740,payments,PAY0004758,negative_payment_amount,"amount_paid is negative, which is not a valid payment amount",high,2026-08-24
2741,payments,PAY0004779,negative_payment_amount,"amount_paid is negative, which is not a valid payment amount",high,2026-08-24
2742,payments,PAY0005198,negative_payment_amount,"amount_paid is negative, which is not a valid payment amount",high,2026-08-24
2743,payments,PAY0005236,negative_payment_amount,"amount_paid is negative, which is not a valid payment amount",high,2026-08-24
2744,payments,PAY0005436,negative_payment_amount,"amount_paid is negative, which is not a valid payment amount",high,2026-08-24
2745,payments,PAY0005442,negative_payment_amount,"amount_paid is negative, which is not a valid payment amount",high,2026-08-24
2746,payments,PAY0005477,negative_payment_amount,"amount_paid is negative, which is not a valid payment amount",high,2026-08-24
2747,payments,PAY0005649,negative_payment_amount,"amount_paid is negative, which is not a valid payment amount",high,2026-08-24
2748,payments,PAY0006047,negative_payment_amount,"amount_paid is negative, which is not a valid payment amount",high,2026-08-24
2749,payments,PAY0006113,negative_payment_amount,"amount_paid is negative, which is not a valid payment amount",high,2026-08-24
2750,payments,PAY0006186,negative_payment_amount,"amount_paid is negative, which is not a valid payment amount",high,2026-08-24
2751,payments,PAY0006211,negative_payment_amount,"amount_paid is negative, which is not a valid payment amount",high,2026-08-24
2752,payments,PAY0006279,negative_payment_amount,"amount_paid is negative, which is not a valid payment amount",high,2026-08-24
2753,payments,PAY0006370,negative_payment_amount,"amount_paid is negative, which is not a valid payment amount",high,2026-08-24
2754,payments,PAY0006655,negative_payment_amount,"amount_paid is negative, which is not a valid payment amount",high,2026-08-24
2755,payments,PAY0006860,negative_payment_amount,"amount_paid is negative, which is not a valid payment amount",high,2026-08-24
2756,payments,PAY0007361,negative_payment_amount,"amount_paid is negative, which is not a valid payment amount",high,2026-08-24
2757,payments,PAY0007605,negative_payment_amount,"amount_paid is negative, which is not a valid payment amount",high,2026-08-24
2758,payments,PAY0007743,negative_payment_amount,"amount_paid is negative, which is not a valid payment amount",high,2026-08-24
2759,payments,PAY0007812,negative_payment_amount,"amount_paid is negative, which is not a valid payment amount",high,2026-08-24
2760,payments,PAY0007998,negative_payment_amount,"amount_paid is negative, which is not a valid payment amount",high,2026-08-24
2761,payments,PAY0008170,negative_payment_amount,"amount_paid is negative, which is not a valid payment amount",high,2026-08-24
2762,payments,PAY0008186,negative_payment_amount,"amount_paid is negative, which is not a valid payment amount",high,2026-08-24
2763,payments,PAY0008389,negative_payment_amount,"amount_paid is negative, which is not a valid payment amount",high,2026-08-24
2764,payments,PAY0008404,negative_payment_amount,"amount_paid is negative, which is not a valid payment amount",high,2026-08-24
2765,payments,PAY0008433,negative_payment_amount,"amount_paid is negative, which is not a valid payment amount",high,2026-08-24
2766,payments,PAY0008463,negative_payment_amount,"amount_paid is negative, which is not a valid payment amount",high,2026-08-24
2767,payments,PAY0008473,negative_payment_amount,"amount_paid is negative, which is not a valid payment amount",high,2026-08-24
2768,payments,PAY0008739,negative_payment_amount,"amount_paid is negative, which is not a valid payment amount",high,2026-08-24
2769,payments,PAY0009069,negative_payment_amount,"amount_paid is negative, which is not a valid payment amount",high,2026-08-24
2770,payments,PAY0009263,negative_payment_amount,"amount_paid is negative, which is not a valid payment amount",high,2026-08-24
2771,payments,PAY0009389,negative_payment_amount,"amount_paid is negative, which is not a valid payment amount",high,2026-08-24
2772,payments,PAY0009933,negative_payment_amount,"amount_paid is negative, which is not a valid payment amount",high,2026-08-24
2773,payments,PAY0010197,negative_payment_amount,"amount_paid is negative, which is not a valid payment amount",high,2026-08-24
2774,payments,PAY0010932,negative_payment_amount,"amount_paid is negative, which is not a valid payment amount",high,2026-08-24
2775,payments,PAY0011685,negative_payment_amount,"amount_paid is negative, which is not a valid payment amount",high,2026-08-24
2776,payments,PAY0011936,negative_payment_amount,"amount_paid is negative, which is not a valid payment amount",high,2026-08-24
2777,payments,PAY0011952,negative_payment_amount,"amount_paid is negative, which is not a valid payment amount",high,2026-08-24
2778,payments,PAY0012210,negative_payment_amount,"amount_paid is negative, which is not a valid payment amount",high,2026-08-24
2779,payments,PAY0012655,negative_payment_amount,"amount_paid is negative, which is not a valid payment amount",high,2026-08-24
2780,payments,PAY0013257,negative_payment_amount,"amount_paid is negative, which is not a valid payment amount",high,2026-08-24
2781,payments,PAY0013326,negative_payment_amount,"amount_paid is negative, which is not a valid payment amount",high,2026-08-24
2782,payments,PAY0013722,negative_payment_amount,"amount_paid is negative, which is not a valid payment amount",high,2026-08-24
2783,payments,PAY0013830,negative_payment_amount,"amount_paid is negative, which is not a valid payment amount",high,2026-08-24
2784,payments,PAY0014165,negative_payment_amount,"amount_paid is negative, which is not a valid payment amount",high,2026-08-24
2785,payments,PAY0014340,negative_payment_amount,"amount_paid is negative, which is not a valid payment amount",high,2026-08-24
2786,payments,PAY0015083,negative_payment_amount,"amount_paid is negative, which is not a valid payment amount",high,2026-08-24
2787,payments,PAY0015423,negative_payment_amount,"amount_paid is negative, which is not a valid payment amount",high,2026-08-24
2788,payments,PAY0015622,negative_payment_amount,"amount_paid is negative, which is not a valid payment amount",high,2026-08-24
2789,payments,PAY0015626,negative_payment_amount,"amount_paid is negative, which is not a valid payment amount",high,2026-08-24
2790,payments,PAY0015651,negative_payment_amount,"amount_paid is negative, which is not a valid payment amount",high,2026-08-24
2791,payments,PAY0015995,negative_payment_amount,"amount_paid is negative, which is not a valid payment amount",high,2026-08-24
2792,payments,PAY0016416,negative_payment_amount,"amount_paid is negative, which is not a valid payment amount",high,2026-08-24
2793,payments,PAY0017102,negative_payment_amount,"amount_paid is negative, which is not a valid payment amount",high,2026-08-24
2794,payments,PAY0017139,negative_payment_amount,"amount_paid is negative, which is not a valid payment amount",high,2026-08-24
2795,payments,PAY0017225,negative_payment_amount,"amount_paid is negative, which is not a valid payment amount",high,2026-08-24
2796,payments,PAY0017345,negative_payment_amount,"amount_paid is negative, which is not a valid payment amount",high,2026-08-24
2797,payments,PAY0017449,negative_payment_amount,"amount_paid is negative, which is not a valid payment amount",high,2026-08-24
2798,payments,PAY0017532,negative_payment_amount,"amount_paid is negative, which is not a valid payment amount",high,2026-08-24
2799,payments,PAY0017633,negative_payment_amount,"amount_paid is negative, which is not a valid payment amount",high,2026-08-24
2800,payments,PAY0017905,negative_payment_amount,"amount_paid is negative, which is not a valid payment amount",high,2026-08-24
2801,payments,PAY0017936,negative_payment_amount,"amount_paid is negative, which is not a valid payment amount",high,2026-08-24
2802,payments,PAY0018276,negative_payment_amount,"amount_paid is negative, which is not a valid payment amount",high,2026-08-24
2803,payments,PAY0018352,negative_payment_amount,"amount_paid is negative, which is not a valid payment amount",high,2026-08-24
2804,payments,PAY0018382,negative_payment_amount,"amount_paid is negative, which is not a valid payment amount",high,2026-08-24
2805,payments,PAY0018470,negative_payment_amount,"amount_paid is negative, which is not a valid payment amount",high,2026-08-24
2806,payments,PAY0018682,negative_payment_amount,"amount_paid is negative, which is not a valid payment amount",high,2026-08-24
2807,payments,PAY0018702,negative_payment_amount,"amount_paid is negative, which is not a valid payment amount",high,2026-08-24
2808,payments,PAY0018754,negative_payment_amount,"amount_paid is negative, which is not a valid payment amount",high,2026-08-24
2809,payments,PAY0018826,negative_payment_amount,"amount_paid is negative, which is not a valid payment amount",high,2026-08-24
2810,payments,PAY0018842,negative_payment_amount,"amount_paid is negative, which is not a valid payment amount",high,2026-08-24
2811,payments,PAY0018885,negative_payment_amount,"amount_paid is negative, which is not a valid payment amount",high,2026-08-24
2812,payments,PAY0018996,negative_payment_amount,"amount_paid is negative, which is not a valid payment amount",high,2026-08-24
2813,payments,PAY0019093,negative_payment_amount,"amount_paid is negative, which is not a valid payment amount",high,2026-08-24
2814,payments,PAY0019253,negative_payment_amount,"amount_paid is negative, which is not a valid payment amount",high,2026-08-24
2815,payments,PAY0019435,negative_payment_amount,"amount_paid is negative, which is not a valid payment amount",high,2026-08-24
2816,payments,PAY0019494,negative_payment_amount,"amount_paid is negative, which is not a valid payment amount",high,2026-08-24
2817,payments,PAY0019584,negative_payment_amount,"amount_paid is negative, which is not a valid payment amount",high,2026-08-24
2818,payments,PAY0019740,negative_payment_amount,"amount_paid is negative, which is not a valid payment amount",high,2026-08-24
2819,payments,PAY0019821,negative_payment_amount,"amount_paid is negative, which is not a valid payment amount",high,2026-08-24
2820,payments,PAY0015554,overpayment_exceeds_loan,amount_paid (50901.99) combined with other payments unrealistically exceeds loan_amount (19359.94),medium,2026-08-24
2821,payments,PAY0000747,overpayment_exceeds_loan,amount_paid (49695.67) combined with other payments unrealistically exceeds loan_amount (17496.31),medium,2026-08-24
2822,payments,PAY0015474,overpayment_exceeds_loan,amount_paid (20003.07) combined with other payments unrealistically exceeds loan_amount (6963.14),medium,2026-08-24
2823,payments,PAY0006916,overpayment_exceeds_loan,amount_paid (119553.34) combined with other payments unrealistically exceeds loan_amount (43283.89),medium,2026-08-24
2824,payments,PAY0001701,overpayment_exceeds_loan,amount_paid (29242.29) combined with other payments unrealistically exceeds loan_amount (11898.08),medium,2026-08-24
2825,payments,PAY0017532,overpayment_exceeds_loan,amount_paid (44538.42) combined with other payments unrealistically exceeds loan_amount (24639.95),medium,2026-08-24
2826,loans,LOAN0000852,defaulted_loan_all_ontime_payments,Loan is marked Defaulted but all of its payments are marked On-time,medium,2026-08-24
