loan_id,application_id,customer_id,loan_amount,interest_rate,term_months,start_date,maturity_date,loan_status,monthly_payment
LOAN0000001,APP0002614,CUST0000670,2140.69,9.65,12,2024-09-15,2025-09-15,Paid Off,187.85
LOAN0000002,APP0001148,CUST0001496,8357.95,10.2,36,2022-12-25,2025-12-24,Paid Off,270.47
LOAN0000003,APP0002894,CUST0001611,53158.92,6.91,24,2025-05-01,2027-05-01,Active,2377.89
LOAN0000004,APP0000622,CUST0000109,906.8,13.16,24,2024-03-12,2026-03-12,Paid Off,43.18
LOAN0000005,APP0000776,CUST0001873,8292.56,7.7,36,2021-09-30,2024-09-29,Paid Off,258.71
LOAN0000006,APP0000510,CUST0001607,8288.11,10.43,36,2026-05-19,2029-05-18,Active,269.11
LOAN0000007,APP0000535,CUST0001095,21679.1,7.39,36,2025-12-14,2028-12-13,Active,673.26
LOAN0000008,APP0000339,CUST0000149,38714.11,,12,2026-08-31,2027-08-31,Active,3420.53
LOAN0000009,APP0000232,CUST0001784,13242.64,8.37,36,2023-08-15,2026-08-14,Paid Off,417.24
LOAN0000010,APP0001775,CUST0000872,14346.42,6.92,12,2022-10-14,2023-10-14,Paid Off,1240.82
LOAN0000011,APP0002960,CUST0001625,48377.45,6.57,24,2023-08-11,2025-08-10,Paid Off,2156.56
LOAN0000012,APP0000470,CUST0000142,24971.56,11.11,12,2025-07-09,2026-07-09,Paid Off,2208.31
LOAN0000013,APP0001939,CUST0001977,6325.36,8.67,24,2026-03-14,2028-03-13,Delinquent,288.02
LOAN0000014,APP0000034,CUST0000402,3310.39,5.7,48,2021-10-05,2025-10-05,Paid Off,77.29
LOAN0000015,APP0001903,CUST0000458,26941.86,10.63,72,2025-02-03,2031-02-03,Active,507.72
LOAN0000016,APP0001040,CUST0001519,19100.13,7.1,24,2022-08-17,2024-08-16,Paid Off,856.03
LOAN0000017,APP0001850,CUST0001057,2331.47,14.48,60,2024-03-18,2029-03-18,Active,54.83
LOAN0000018,APP0001061,CUST0001061,45343.1,8.96,12,2022-08-25,2023-08-25,Paid Off,3964.48
LOAN0000019,APP0001062,CUST0000215,24241.87,7.39,36,2024-11-22,2027-11-22,Delinquent,752.85
LOAN0000020,APP0001800,CUST0000074,16439.62,9.65,36,2024-10-11,2027-10-11,Active,527.76
LOAN0000021,APP0001805,CUST0001063,57860.74,11.28,24,2026-06-27,2028-06-26,Active,2704.29
LOAN0000022,APP0001293,CUST0001424,3033.3,9.74,48,2025-01-14,2029-01-14,Active,76.55
LOAN0000023,APP0002491,CUST0000593,998.14,17.14,24,2024-08-21,2026-08-21,Paid Off,49.42
LOAN0000024,APP0000430,CUST0000409,26895.55,8.85,60,2023-10-16,2028-10-15,Delinquent,556.35
LOAN0000025,APP0000800,CUST0001897,4679.17,13.62,48,2025-04-26,2029-04-26,Active,126.98
LOAN0000026,APP0001316,CUST0000646,23830.92,5.55,60,2021-12-09,2026-12-09,Active,455.75
LOAN0000027,APP0002696,CUST0001479,2891.57,7.02,24,2025-06-14,2027-06-14,Active,129.49
LOAN0000028,APP0002438,CUST0001563,25862.99,8.5,36,2024-11-13,2027-11-13,Active,816.43
LOAN0000029,APP0002658,CUST0001341,6378.21,9.35,60,2023-06-11,2028-06-10,Active,133.49
LOAN0000030,APP0000821,CUST0000234,12539.5,10.39,36,2023-05-02,2026-05-01,Paid Off,406.91
LOAN0000031,APP0002908,CUST0001706,44336.02,6.79,48,2023-12-30,2027-12-30,Active,1057.37
LOAN0000032,APP0001408,CUST0001896,23573.37,6.84,36,2026-01-02,2029-01-01,Active,726.15
LOAN0000033,APP0001620,CUST0000870,15951.91,7.26,48,2024-09-11,2028-09-11,Active,383.92
LOAN0000034,APP0001481,CUST0000958,3944.29,5.32,48,2025-11-25,2029-11-25,Active,91.41
LOAN0000035,APP0000320,CUST0001053,7716.39,14.84,36,2025-01-14,2028-01-14,Delinquent,266.89
LOAN0000036,APP0002335,CUST0001972,54467.28,9.59,72,2024-09-05,2030-09-05,Active,997.83
LOAN0000037,APP0001351,CUST0000813,7953.91,9.08,60,2023-06-16,2028-06-15,Active,165.42
LOAN0000038,APP0002094,CUST0000173,8787.84,13.43,12,2022-08-02,2023-08-02,Paid Off,786.68
LOAN0000039,APP0001670,CUST0000727,25917.2,6.01,12,2023-02-21,2024-02-21,Paid Off,2230.72
LOAN0000040,APP0002876,CUST0001442,7695.74,6.26,60,2024-06-13,2029-06-13,Active,149.71
LOAN0000041,APP0002518,CUST0000349,54472.96,7.27,48,2022-06-02,2026-06-02,Paid Off,1311.26
LOAN0000042,APP0000216,CUST0000310,26928.1,,72,2023-10-08,2029-10-07,Active,475.96
LOAN0000043,APP0001437,CUST0000751,8322.58,5.9,48,2023-11-24,2027-11-24,Active,195.07
LOAN0000044,APP0001978,CUST0001525,30264.87,-8.73,24,2026-01-30,2028-01-30,Active,1378.9
LOAN0000045,APP0002528,CUST0001826,10666.31,9.96,12,2026-02-13,2027-02-13,Delinquent,937.54
LOAN0000046,APP0001772,CUST0000434,13532.97,8.71,48,2023-03-22,2027-03-22,Active,334.91
LOAN0000047,APP0000287,CUST0000173,,12.26,36,2026-06-17,2029-06-16,Active,188.82
LOAN0000048,APP0002812,CUST0000325,1377.97,14.58,72,2021-10-01,2027-10-01,Delinquent,28.82
LOAN0000049,APP0002425,CUST0001948,7977.44,9.16,60,2023-03-30,2028-03-29,Active,166.22
LOAN0000050,APP0001562,CUST0001199,9656.78,8.3,72,2022-06-18,2028-06-17,Active,170.73
LOAN0000051,APP0000855,CUST0000700,500.0,15.44,60,2023-06-10,2028-06-09,Active,12.01
LOAN0000052,APP0002976,CUST0000805,11986.39,6.97,48,2025-04-02,2029-04-02,Active,286.86
LOAN0000053,APP0001858,CUST0001996,994.24,13.99,48,2026-06-14,2030-06-14,Active,27.16
LOAN0000054,APP0000666,CUST0001080,14400.19,8.41,48,2022-02-02,2026-02-02,Paid Off,354.33
LOAN0000055,APP0001908,CUST0000204,51977.79,6.36,48,2024-02-09,2028-02-09,Active,1229.3
LOAN0000056,APP0001007,CUST0001678,56183.69,8.08,60,2022-04-03,2027-04-03,Active,1141.35
LOAN0000057,APP0000131,CUST0000148,10743.07,8.27,24,2021-12-05,2023-12-05,Paid Off,487.2
LOAN0000058,APP0001341,CUST0000179,17777.86,9.91,72,2024-05-28,2030-05-28,Active,328.54
LOAN0000059,APP0000820,CUST0001059,1768.27,15.16,48,2022-01-21,2026-01-21,Paid Off,49.36
LOAN0000060,APP0002415,CUST0000337,10116.07,7.32,36,2025-10-24,2028-10-23,Delinquent,313.84
LOAN0000061,APP0001521,CUST0000864,7102.75,9.75,24,2023-07-24,2025-07-23,Paid Off,326.94
LOAN0000062,APP0000941,CUST0000839,10071.51,8.93,24,2025-03-18,2027-03-18,Active,459.79
LOAN0000063,APP0001610,CUST0001300,32670.13,8.92,48,2025-08-02,2029-08-02,Active,811.76
LOAN0000064,APP0002794,CUST0000840,38744.26,6.19,24,2022-08-07,2024-08-06,Paid Off,1720.49
LOAN0000065,APP0002089,CUST0001778,6047.04,8.89,12,2023-06-22,2024-06-21,Paid Off,528.51
LOAN0000066,APP0000225,CUST0001729,3649.71,8.55,24,2026-05-03,2028-05-02,Active,165.98
LOAN0000067,APP0002776,CUST0000951,17783.66,5.71,36,2025-02-17,2028-02-17,Delinquent,538.68
LOAN0000068,APP0001464,CUST0000581,7181.04,8.38,84,2023-09-11,2030-09-10,Defaulted,113.29
LOAN0000069,APP0002449,CUST0001860,98745.75,7.4,48,2023-10-20,2027-10-20,Active,2382.96
LOAN0000070,APP0001668,CUST0001140,15889.35,-8.78,36,2024-04-20,2027-04-20,Active,503.65
LOAN0000071,APP0002611,CUST0000884,500.0,11.38,84,2024-04-25,2031-04-25,Active,8.66
LOAN0000072,APP0001736,CUST0000914,18223.44,7.91,36,2025-03-22,2028-03-21,Delinquent,570.3
LOAN0000073,APP0000909,CUST0001400,19541.76,9.34,84,2022-05-09,2029-05-08,Active,317.79
LOAN0000074,APP0002988,CUST0001925,19664.5,5.09,84,2021-11-10,2028-11-09,Active,278.77
LOAN0000075,APP0002366,CUST0001541,23675.78,7.71,60,2021-11-19,2026-11-19,Active,476.78
LOAN0000076,APP0001051,CUST0000812,4932.46,8.29,48,2024-06-30,2028-06-30,Active,121.09
LOAN0000077,APP0001798,CUST0000858,39401.18,6.89,60,2022-03-18,2027-03-18,Active,778.15
LOAN0000078,APP0001145,CUST0001904,5423.27,10.61,36,2025-01-02,2028-01-02,Active,176.55
LOAN0000079,APP0000057,CUST0000900,1417.55,8.88,36,2023-07-10,2026-07-09,Paid Off,45.0
LOAN0000080,APP0000125,CUST0001006,9647.92,8.41,24,2023-11-04,2025-11-03,Paid Off,438.16
LOAN0000081,APP0000209,CUST0000710,48057.02,6.17,24,2022-06-27,2024-06-26,Paid Off,2133.6
LOAN0000082,APP0000648,CUST0001125,30903.3,9.69,24,2024-04-02,2026-04-02,Paid Off,1421.61
LOAN0000083,APP0002946,CUST0001065,10537.92,7.72,72,2024-04-24,2030-04-24,Active,183.33
LOAN0000084,APP0002431,CUST0000347,17346.7,9.28,12,2022-08-13,2023-08-13,Paid Off,1519.25
LOAN0000085,APP0002439,CUST0001176,508.26,14.88,36,2025-07-22,2028-07-21,Active,17.59
LOAN0000086,APP0000729,CUST0001580,29891.15,6.84,36,2025-08-18,2028-08-17,Active,920.77
LOAN0000087,APP0002968,CUST0000704,2047.5,-15.17,36,2023-04-15,2026-04-14,Paid Off,71.15
LOAN0000088,APP0001172,CUST0002000,21622.56,8.95,72,2026-01-17,2032-01-17,Active,389.22
LOAN0000089,APP0000041,CUST0001673,5831.35,15.21,60,2022-06-04,2027-06-04,Active,139.37
LOAN0000090,APP0002595,CUST0001002,19088.38,9.97,48,2023-04-08,2027-04-08,Active,483.86
LOAN0000091,APP0001708,CUST0001744,9379.55,8.75,60,2025-07-27,2030-07-27,Delinquent,193.57
LOAN0000092,APP0001516,CUST0000456,3823.09,,60,2022-08-06,2027-08-06,Active,81.57
LOAN0000093,APP0001298,CUST0001427,14161.56,10.81,36,2026-05-25,2029-05-24,Active,462.36
LOAN0000094,APP0002352,CUST0000095,8870.4,9.19,36,2022-06-01,2025-05-31,Paid Off,282.86
LOAN0000095,APP0000543,CUST0000154,26966.01,6.99,24,2024-11-17,2026-11-17,Active,1207.22
LOAN0000096,APP0000186,CUST0001560,5488.19,8.79,24,2025-09-05,2027-09-05,Active,250.2
LOAN0000097,APP0001143,CUST0001203,3161.67,7.01,72,2023-07-25,2029-07-24,Active,53.92
LOAN0000098,APP0002564,CUST0001059,1608.69,15.36,60,2025-09-15,2030-09-15,Active,38.58
LOAN0000099,APP0000707,CUST0001443,39331.72,,36,2026-05-15,2029-05-14,Active,1243.06
LOAN0000100,APP0002162,CUST0001820,17072.15,7.25,12,2022-07-04,2023-07-04,Paid Off,1479.17
LOAN0000101,APP0000664,CUST0001658,23135.99,8.73,60,2025-12-01,2030-12-01,Active,477.24
LOAN0000102,APP0001174,CUST0001600,84026.97,9.42,84,2024-01-05,2031-01-04,Delinquent,1369.9
LOAN0000103,APP0002376,CUST0001576,14391.74,8.15,72,2025-07-25,2031-07-25,Active,253.39
LOAN0000104,APP0002407,CUST0001087,20057.38,7.61,60,2026-03-12,2031-03-12,Defaulted,402.96
LOAN0000105,APP0000210,CUST0000218,3981.03,10.69,48,2022-09-26,2026-09-26,Active,102.29
LOAN0000106,APP0002340,CUST0000114,28065.69,6.14,24,2023-10-14,2025-10-13,Paid Off,1245.66
LOAN0000107,APP0000759,CUST0001679,27860.7,5.86,12,2025-03-05,2026-03-05,Paid Off,2396.08
LOAN0000108,APP0001801,CUST0000721,14787.77,6.57,24,2026-01-11,2028-01-11,Delinquent,659.21
LOAN0000109,APP0001276,CUST0000028,30019.41,10.63,48,2025-10-20,2029-10-20,Active,770.48
LOAN0000110,APP0002375,CUST0000879,15919.07,7.91,72,2024-05-09,2030-05-09,Delinquent,278.41
LOAN0000111,APP0001076,CUST0000233,12003.05,8.17,72,2022-05-12,2028-05-11,Defaulted,211.45
LOAN0000112,APP0000724,CUST0000731,68599.33,9.03,36,2022-10-23,2025-10-22,Paid Off,2182.4
LOAN0000113,APP0002693,CUST0000350,9080.02,6.56,36,2026-07-09,2029-07-08,Active,278.54
LOAN0000114,APP0001703,CUST0001608,1720.82,,36,2026-04-18,2029-04-17,Active,60.52
LOAN0000115,APP0002676,CUST0001373,26636.04,6.93,48,2025-05-18,2029-05-18,Active,636.97
LOAN0000116,APP0002428,CUST0001562,32533.74,8.16,60,2025-05-02,2030-05-02,Active,662.16
LOAN0000117,APP0001086,CUST0001603,1803.54,14.12,60,2022-07-31,2027-07-31,Active,42.08
LOAN0000118,APP0000080,CUST0000674,-25497.13,13.11,72,2021-12-06,2027-12-06,Active,513.31
LOAN0000119,APP0002287,CUST0001120,1714.85,11.4,48,2024-07-19,2028-07-19,Active,44.66
LOAN0000120,APP0002967,CUST0001271,2684.65,12.01,48,2026-08-28,2030-08-28,Active,70.71
LOAN0000121,APP0000449,CUST0000759,30124.66,5.61,84,2026-05-23,2033-05-22,Active,434.47
LOAN0000122,APP0001471,CUST0000588,12066.12,6.51,48,2022-06-05,2026-06-05,Paid Off,286.2
LOAN0000123,APP0002252,CUST0000055,2521.39,10.43,24,2025-08-21,2027-08-21,Active,116.85
LOAN0000124,APP0000113,CUST0001694,95530.28,10.9,36,2025-11-15,2028-11-14,Active,3123.02
LOAN0000125,APP0000493,CUST0001871,2392.33,11.82,12,2021-11-10,2022-11-10,Paid Off,212.35
LOAN0000126,APP0001382,CUST0001193,31068.53,8.39,24,2025-03-15,2027-03-15,Active,1410.68
LOAN0000127,APP0001210,CUST0000160,39597.18,7.18,36,2023-03-06,2026-03-05,Paid Off,1225.91
LOAN0000128,APP0000420,CUST0000046,9021.19,9.81,60,2023-05-19,2028-05-18,Defaulted,190.83
LOAN0000129,APP0002500,CUST0000185,26504.52,8.63,24,2022-06-13,2024-06-12,Paid Off,1206.36
LOAN0000130,APP0001056,CUST0001106,4405.63,7.43,36,2026-08-28,2029-08-27,Active,136.9
LOAN0000131,APP0000343,CUST0000390,3086.43,12.75,36,2021-10-18,2024-10-17,Paid Off,103.62
LOAN0000132,APP0002171,CUST0000998,24690.68,7.86,72,2024-08-18,2030-08-18,Active,431.22
LOAN0000133,APP0000577,CUST0001132,34316.63,9.1,24,2026-05-14,2028-05-13,Active,1569.32
LOAN0000134,APP0002758,CUST0000942,1644.53,16.08,12,2024-07-22,2025-07-22,Paid Off,149.27
LOAN0000135,APP0001081,CUST0000781,15277.39,7.8,48,2024-11-11,2028-11-11,Defaulted,371.53
LOAN0000136,APP0002418,CUST0000513,28601.1,9.41,48,2022-07-03,2026-07-03,Paid Off,717.32
LOAN0000137,APP0002633,CUST0000198,21943.48,6.24,12,2022-07-15,2023-07-15,Paid Off,1891.02
LOAN0000138,APP0002700,CUST0000172,1413.5,12.61,60,2024-10-09,2029-10-09,Active,31.88
LOAN0000139,APP0000214,CUST0001015,7240.83,13.87,36,2023-01-10,2026-01-09,Paid Off,247.02
LOAN0000140,APP0000233,CUST0001591,23325.39,8.65,48,2026-02-06,2030-02-06,Active,576.58
LOAN0000141,APP0002622,CUST0001450,47147.36,7.46,48,2026-02-10,2030-02-10,Active,1139.09
LOAN0000142,APP0001009,CUST0001336,55888.43,7.2,12,2023-08-30,2024-08-29,Paid Off,4841.0
LOAN0000143,APP0000464,CUST0001138,16767.12,7.21,24,2026-02-16,2028-02-16,Defaulted,752.3
LOAN0000144,APP0002398,CUST0001919,11340.05,6.12,36,2026-02-06,2029-02-05,Active,345.6
LOAN0000145,APP0000670,CUST0001661,8350.32,6.43,24,2022-10-29,2024-10-28,Paid Off,371.71
LOAN0000146,APP0002354,CUST0001023,2891.99,12.04,24,2023-08-30,2025-08-29,Paid Off,136.19
LOAN0000147,APP0001507,CUST0000854,-15688.73,10.03,36,2023-01-15,2026-01-14,Paid Off,506.45
LOAN0000148,APP0001569,CUST0001024,2230.82,8.53,36,2024-05-06,2027-05-06,Active,70.45
LOAN0000149,APP0000693,CUST0001646,17132.69,11.93,72,2025-07-30,2031-07-30,Active,334.32
LOAN0000150,APP0001379,CUST0001220,6399.13,7.22,48,2026-07-04,2030-07-04,Active,153.89
LOAN0000151,APP0002621,CUST0000362,56149.92,4.92,72,2022-04-19,2028-04-18,Active,902.21
LOAN0000152,APP0001700,CUST0001009,25751.61,7.7,36,2021-12-30,2024-12-29,Paid Off,803.4
LOAN0000153,APP0001510,CUST0000748,37619.48,5.84,36,2023-10-01,2026-09-30,Active,1141.73
LOAN0000154,APP0001796,CUST0001029,1829.73,14.8,36,2024-09-25,2027-09-25,Active,63.25
LOAN0000155,APP9496987,CUST0001817,2008.07,13.82,12,2022-06-20,2023-06-20,Paid Off,180.13
LOAN0000156,APP0001713,CUST0001870,10526.64,9.18,24,2025-10-06,2027-10-06,Active,481.78
LOAN0000157,APP0000168,CUST0000764,9520.33,8.19,12,2022-03-14,2023-03-14,Paid Off,829.0
LOAN0000158,APP0001220,CUST0001909,15705.98,8.77,60,2025-01-22,2030-01-22,Active,324.28
LOAN0000159,APP0000400,CUST0000074,18808.58,8.16,36,2026-05-18,2029-05-17,Defaulted,590.78
LOAN0000160,APP0001302,CUST0000948,34438.18,9.43,12,2021-09-09,2022-09-09,Paid Off,3018.54
LOAN0000161,APP0001740,CUST0001312,8716.83,7.6,60,2026-03-17,2031-03-17,Active,175.08
LOAN0000162,APP0001928,CUST0000927,6745.15,7.58,24,2023-06-25,2025-06-24,Paid Off,303.77
LOAN0000163,APP0001820,CUST0001940,28271.65,10.54,72,2026-01-05,2032-01-05,Active,531.49
LOAN0000164,APP0000683,CUST0001678,5392.81,6.28,60,2026-06-01,2031-06-01,Active,104.96
LOAN0000165,APP0000182,CUST0000543,-42666.68,6.25,36,2025-10-12,2028-10-11,Active,1302.84
LOAN0000166,APP0001258,CUST0000281,42772.95,5.65,24,2026-03-12,2028-03-11,Active,1888.98
LOAN0000167,APP0002854,CUST0000249,12630.76,8.45,84,2022-01-28,2029-01-27,Active,199.71
LOAN0000168,APP0002053,CUST0001393,32885.97,7.42,60,2026-08-12,2031-08-12,Active,657.72
LOAN0000169,APP0000095,CUST0000395,10887.5,6.43,72,2024-09-23,2030-09-23,Delinquent,182.66
LOAN0000170,APP0000565,CUST0001696,10724.89,10.04,12,2023-03-04,2024-03-03,Paid Off,943.09
LOAN0000171,APP0000415,CUST0000198,16481.82,7.24,48,2023-10-02,2027-10-02,Active,396.52
LOAN0000172,APP0000823,CUST0000347,-18855.22,8.75,24,2026-05-09,2028-05-08,Active,859.23
LOAN0000173,APP0000807,CUST0000237,2556.49,,36,2025-01-17,2028-01-17,Active,87.2
LOAN0000174,APP0000388,CUST0000478,14826.13,7.58,12,2022-12-10,2023-12-10,Paid Off,1286.82
LOAN0000175,APP0001147,CUST0001318,6320.08,6.43,60,2022-09-22,2027-09-22,Active,123.45
LOAN0000176,APP0000330,CUST0001886,5646.87,8.37,48,2026-01-28,2030-01-28,Active,138.84
LOAN0000177,APP0002539,CUST0001402,13583.16,7.61,60,2024-12-26,2029-12-26,Active,272.89
LOAN0000178,APP0000124,CUST0001260,4838.86,14.43,24,2024-05-11,2026-05-11,Paid Off,233.31
LOAN0000179,APP0002083,CUST0001569,,6.52,84,2022-12-15,2029-12-14,Active,65.53
LOAN0000180,APP0000107,CUST0001381,11262.97,5.06,36,2026-05-07,2029-05-06,Active,337.86
LOAN0000181,APP0002051,CUST0000316,16279.03,10.29,84,2024-04-28,2031-04-28,Active,272.7
LOAN0000182,APP0001183,CUST0001186,31204.73,6.38,48,2023-03-23,2027-03-23,Active,738.29
LOAN0000183,APP0000950,CUST0001313,1634.41,10.4,24,2024-09-03,2026-09-03,Active,75.72
LOAN0000184,APP0000846,CUST0001883,1839.53,12.63,60,2024-09-01,2029-09-01,Active,41.51
LOAN0000185,APP0000258,CUST0000563,10535.82,5.72,48,2026-02-15,2030-02-15,Active,246.08
LOAN0000186,APP0001865,CUST0001428,1896.43,12.79,24,2024-03-07,2026-03-07,Paid Off,89.97
LOAN0000187,APP0001779,CUST0001538,29618.73,9.59,24,2023-08-30,2025-08-29,Paid Off,1361.16
LOAN0000188,APP0002985,CUST0001477,8030.63,9.01,84,2023-12-08,2030-12-07,Active,129.25
LOAN0000189,APP0001458,CUST0000683,55646.1,10.41,84,2023-09-24,2030-09-23,Active,935.62
LOAN0000190,APP0000088,CUST0000404,86628.86,6.72,48,2025-04-12,2029-04-12,Active,2063.2
LOAN0000191,APP0002197,CUST0001614,13976.11,8.75,24,2022-11-24,2024-11-23,Paid Off,636.89
LOAN0000192,APP0000040,CUST0000849,32577.49,7.39,36,2022-07-31,2025-07-30,Paid Off,1011.72
LOAN0000193,APP0000295,CUST0000057,3532.19,12.27,24,2025-05-24,2027-05-24,Active,166.72
LOAN0000194,APP0001918,CUST0000929,13423.96,5.95,48,2024-08-10,2028-08-10,Active,314.95
LOAN0000195,APP0000021,CUST0001634,8766.21,6.76,36,2023-07-10,2026-07-09,Paid Off,269.71
LOAN0000196,APP0001523,CUST0001705,47973.1,9.51,36,2025-10-15,2028-10-14,Active,1536.94
LOAN0000197,APP0001307,CUST0001411,1072.17,15.01,60,2021-10-29,2026-10-29,Active,25.51
LOAN0000198,APP0000730,CUST0000870,11016.65,5.88,84,2025-02-21,2032-02-21,Active,160.3
LOAN0000199,APP0001671,CUST0001863,1703.18,,24,2022-03-08,2024-03-07,Paid Off,76.51
LOAN0000200,APP0001916,CUST0001707,14168.84,9.66,36,2023-08-19,2026-08-18,Paid Off,454.93
LOAN0000201,APP0000851,CUST0000291,1572.42,15.37,48,2023-09-29,2027-09-29,Active,44.06
LOAN0000202,APP0000656,CUST0001483,234989.14,10.07,24,2024-10-15,2026-10-15,Delinquent,10851.15
LOAN0000203,APP0002715,CUST0001262,28372.03,6.26,36,2023-07-01,2026-06-30,Paid Off,866.48
LOAN0000204,APP0002558,CUST0001520,16874.69,11.94,12,2025-06-22,2026-06-22,Paid Off,1498.82
LOAN0000205,APP0001328,CUST0001713,6517.79,7.13,12,2022-06-15,2023-06-15,Paid Off,564.35
LOAN0000206,APP0002938,CUST0001173,59560.27,6.44,60,2023-06-21,2028-06-20,Active,1163.69
LOAN0000207,APP0001425,CUST0000771,7683.91,6.15,36,2022-05-07,2025-05-06,Paid Off,234.28
LOAN0000208,APP0001483,CUST0000233,18638.24,6.54,60,2025-04-07,2030-04-07,Active,365.03
LOAN0000209,APP0000407,CUST0000105,123225.88,5.96,12,2022-10-06,2023-10-06,Paid Off,10603.35
LOAN0000210,APP0002507,CUST0001593,12570.86,6.6,48,2026-01-26,2030-01-26,Active,298.7
LOAN0000211,APP0002751,CUST0000532,4736.69,11.66,48,2024-05-12,2028-05-12,Active,123.95
LOAN0000212,APP0002668,CUST0000666,500.0,16.92,60,2022-01-12,2027-01-12,Defaulted,12.4
LOAN0000213,APP0000003,CUST0001462,132351.41,6.67,24,2022-09-21,2024-09-20,Paid Off,5905.93
LOAN0000214,APP0001154,CUST0001262,13047.34,5.68,48,2021-10-28,2025-10-28,Paid Off,304.51
LOAN0000215,APP0001853,CUST0000529,1797.05,13.44,72,2024-10-20,2030-10-20,Active,36.49
LOAN0000216,APP0001750,CUST0001431,68640.9,7.78,24,2024-03-14,2026-03-14,Paid Off,3097.56
LOAN0000217,APP0002674,CUST0001201,1137.1,14.13,24,2023-08-29,2025-08-28,Paid Off,54.67
LOAN0000218,APP0002086,CUST0001681,500.0,11.93,36,2025-07-28,2028-07-27,Delinquent,16.59
LOAN0000219,APP0000304,CUST0001464,28585.65,7.77,84,2024-10-14,2031-10-14,Active,442.27
LOAN0000220,APP0000633,CUST0000859,24844.08,7.2,24,2025-03-24,2027-03-24,Active,1114.59
LOAN0000221,APP0002545,CUST0000370,6824.67,10.42,24,2024-02-19,2026-02-18,Paid Off,316.25
LOAN0000222,APP0002530,CUST0000336,129244.6,8.39,84,2022-01-31,2029-01-30,Active,2039.64
LOAN0000223,APP0000476,CUST0000448,30239.36,10.97,36,2026-06-16,2029-06-15,Active,989.57
LOAN0000224,APP0001609,CUST0001799,2286.71,15.68,24,2025-05-27,2027-05-27,Active,111.62
LOAN0000225,APP0001449,CUST0001841,2030.84,8.38,48,2024-07-29,2028-07-29,Delinquent,49.94
LOAN0000226,APP0001317,CUST0001964,156386.71,7.5,12,2025-06-27,2026-06-27,Paid Off,13567.71
LOAN0000227,APP0002055,CUST0000835,18040.69,9.99,36,2026-02-09,2029-02-08,Active,582.04
LOAN0000228,APP0000142,CUST0001886,22163.9,8.96,12,2022-04-14,2023-04-14,Paid Off,1937.85
LOAN0000229,APP0000567,CUST0001776,4340.45,7.46,48,2025-06-25,2029-06-25,Active,104.87
LOAN0000230,APP0002122,CUST0001759,11155.08,9.97,48,2025-12-01,2029-12-01,Active,282.76
LOAN0000231,APP0000943,CUST0001740,653.2,12.11,12,2026-03-11,2027-03-11,Active,58.07
LOAN0000232,APP0002248,CUST0001242,12372.8,11.27,48,2024-05-29,2028-05-29,Active,321.41
LOAN0000233,APP0000721,CUST0000219,8553.06,7.9,84,2024-04-01,2031-04-01,Active,132.88
LOAN0000234,APP0002261,CUST0000302,36185.82,10.34,36,2023-11-13,2026-11-12,Active,1173.4
LOAN0000235,APP0000188,CUST0000895,48967.63,11.68,84,2026-05-26,2033-05-25,Active,856.06
LOAN0000236,APP0000673,CUST0001896,47549.12,8.77,84,2022-03-14,2029-03-13,Defaulted,759.48
LOAN0000237,APP0000054,CUST0001502,56956.5,6.94,24,2025-06-28,2027-06-28,Active,2548.54
LOAN0000238,APP0000795,CUST0001954,47367.25,9.07,48,2025-06-30,2029-06-30,Active,1180.31
LOAN0000239,APP0001888,CUST0001775,5956.37,6.08,60,2025-10-15,2030-10-15,Active,115.38
LOAN0000240,APP0002174,CUST0000669,2306.53,16.11,60,2023-11-12,2028-11-11,Active,56.23
LOAN0000241,APP0001090,CUST0001536,951.73,14.93,60,2024-12-17,2029-12-17,Active,22.61
LOAN0000242,APP0002805,CUST0000952,79965.71,5.17,24,2023-05-06,2025-05-05,Paid Off,3514.3
LOAN0000243,APP0000881,CUST0001019,1902.09,11.73,72,2025-10-08,2031-10-08,Delinquent,36.92
LOAN0000244,APP0000903,CUST0000128,67575.38,8.48,24,2025-05-06,2027-05-06,Active,3071.07
LOAN0000245,APP0002561,CUST0001907,-8978.14,9.46,48,2025-02-16,2029-02-16,Active,225.39
LOAN0000246,APP0002779,CUST0001432,3805.71,8.6,72,2021-11-28,2027-11-28,Active,67.85
LOAN0000247,APP0001369,CUST0001635,17628.84,7.27,36,2025-12-03,2028-12-02,Active,546.51
LOAN0000248,APP0002078,CUST0001881,10678.95,8.21,48,2024-06-28,2028-06-28,Active,261.76
LOAN0000249,APP0002109,CUST0001057,3181.74,15.24,60,2023-07-26,2028-07-25,Active,76.09
LOAN0000250,APP0001795,CUST0001970,678.52,10.07,72,2026-06-02,2032-06-01,Active,12.59
LOAN0000251,APP0000473,CUST0001134,41973.91,8.68,36,2022-01-15,2025-01-14,Paid Off,1328.52
LOAN0000252,APP0000199,CUST0000782,,10.2,48,2025-01-02,2029-01-02,Delinquent,99.35
LOAN0000253,APP0001239,CUST0001984,26014.38,10.25,24,2024-01-10,2026-01-09,Paid Off,1203.44
LOAN0000254,APP0002163,CUST0000010,1651.99,16.02,12,2022-08-14,2023-08-14,Paid Off,149.9
LOAN0000255,APP0001368,CUST0001585,8777.52,7.79,12,2021-11-10,2022-11-10,Paid Off,762.69
LOAN0000256,APP0001855,CUST0000881,9237.16,7.72,36,2026-06-17,2029-06-16,Active,288.27
LOAN0000257,APP0000632,CUST0000990,2367.73,10.65,48,2024-07-19,2028-07-19,Active,60.79
LOAN0000258,APP0000548,CUST0001958,12676.15,13.53,12,2026-05-07,2027-05-07,Delinquent,1135.35
LOAN0000259,APP0002783,CUST0000431,5269.91,14.01,24,2023-10-25,2025-10-24,Paid Off,253.05
LOAN0000260,APP0001498,CUST0000970,17466.38,10.48,24,2023-05-05,2025-05-04,Paid Off,809.86
LOAN0000261,APP0000346,CUST0000075,13398.69,9.96,72,2025-05-03,2031-05-03,Active,247.95
LOAN0000262,APP0002929,CUST0000546,6728.47,8.76,12,2022-09-14,2023-09-14,Paid Off,587.67
LOAN0000263,APP0001230,CUST0000812,114556.34,5.89,36,2023-08-30,2026-08-29,Defaulted,3479.32
LOAN0000264,APP0002019,CUST0001534,12848.47,8.56,60,2025-06-04,2030-06-04,Active,263.98
LOAN0000265,APP0001272,CUST0000540,10738.63,12.33,72,2025-08-04,2031-08-04,Delinquent,211.79
LOAN0000266,APP0002868,CUST0001209,29288.73,6.24,60,2024-05-30,2029-05-30,Active,569.51
LOAN0000267,APP0000761,CUST0001406,21281.44,11.2,24,2024-04-30,2026-04-30,Paid Off,993.86
LOAN0000268,APP0000792,CUST0000054,20403.76,7.82,24,2024-11-12,2026-11-12,Active,921.13
LOAN0000269,APP0001286,CUST0000992,9017.39,9.46,24,2022-07-25,2024-07-24,Paid Off,413.86
LOAN0000270,APP9338881,CUST0001718,6384.51,6.75,60,2024-04-14,2029-04-14,Active,125.67
LOAN0000271,APP0002043,CUST0001508,4616.26,11.27,36,2025-07-30,2028-07-29,Active,151.72
LOAN0000272,APP0002373,CUST0000260,16729.05,10.37,36,2022-06-20,2025-06-19,Paid Off,542.71
LOAN0000273,APP0001790,CUST0001881,1393.7,8.85,24,2025-06-13,2027-06-13,Active,63.57
LOAN0000274,APP0000410,CUST0000770,3009.91,14.79,36,2022-03-01,2025-02-28,Paid Off,104.03
LOAN0000275,APP0001021,CUST0000768,33883.75,9.5,36,2023-09-24,2026-09-23,Active,1085.4
LOAN0000276,APP0001818,CUST0000226,8091.37,9.96,36,2026-07-27,2029-07-26,Defaulted,260.93
LOAN0000277,APP0001285,CUST0000682,15358.46,5.1,12,2026-01-12,2027-01-12,Active,1315.5
LOAN0000278,APP0002839,CUST0000974,27836.14,5.99,36,2025-09-22,2028-09-21,Active,846.7
LOAN0000279,APP0001461,CUST0000453,9860.32,10.66,24,2021-10-20,2023-10-20,Paid Off,458.01
LOAN0000280,APP0000157,CUST0001304,96233.66,6.94,48,2024-12-21,2028-12-21,Active,2301.76
LOAN0000281,APP0001807,CUST0000980,50730.36,7.27,48,2024-11-18,2028-11-18,Delinquent,1221.17
LOAN0000282,APP0002152,CUST0000417,23962.49,6.23,48,2026-05-29,2030-05-29,Active,565.29
LOAN0000283,APP0000480,CUST0000106,28043.02,6.65,24,2026-07-26,2028-07-25,Active,1251.11
LOAN0000284,APP0001567,CUST0001743,23307.93,,48,2023-12-31,2027-12-31,Delinquent,602.63
LOAN0000285,APP0002308,CUST0000375,14660.55,13.73,36,2021-09-22,2024-09-21,Paid Off,499.14
LOAN0000286,APP0001936,CUST0001615,16272.24,8.86,36,2025-04-26,2028-04-25,Active,516.39
LOAN0000287,APP0002667,CUST0001521,4564.2,7.43,24,2021-10-31,2023-10-31,Paid Off,205.24
LOAN0000288,APP0000992,CUST0001299,6211.55,10.37,84,2023-10-11,2030-10-10,Defaulted,104.31
LOAN0000289,APP0000602,CUST0001179,5353.97,11.84,36,2026-04-07,2029-04-06,Defaulted,177.42
LOAN0000290,APP0000968,CUST0001378,27358.22,5.98,36,2026-04-22,2029-04-21,Active,832.04
LOAN0000291,APP0002216,CUST0000996,2476.08,6.65,12,2024-01-11,2025-01-10,Paid Off,213.85
LOAN0000292,APP0002769,CUST0000929,19710.02,10.07,48,2026-06-27,2030-06-27,Active,500.56
LOAN0000293,APP0000785,CUST0000005,25574.27,8.53,36,2023-10-08,2026-10-07,Active,807.67
LOAN0000294,APP0001588,CUST0001403,14958.18,8.99,60,2024-02-04,2029-02-03,Active,310.43
LOAN0000295,APP0002984,CUST0000823,16085.8,15.63,12,2026-06-04,2027-06-04,Active,1456.66
LOAN0000296,APP0000564,CUST0000022,11236.9,8.28,36,2025-02-11,2028-02-11,Active,353.58
LOAN0000297,APP0002006,CUST0000654,41797.48,8.42,60,2024-05-27,2029-05-27,Delinquent,855.93
LOAN0000298,APP0000542,CUST0001943,10085.56,13.26,36,2022-03-30,2025-03-29,Paid Off,341.09
LOAN0000299,APP0002452,CUST0001668,7673.04,8.22,12,2023-10-14,2024-10-13,Paid Off,668.25
LOAN0000300,APP0000280,CUST0000810,45049.22,9.03,60,2026-07-30,2031-07-30,Active,935.8
LOAN0000301,APP0002684,CUST0000803,66077.67,6.5,84,2025-12-03,2032-12-02,Active,981.22
LOAN0000302,APP0002849,CUST0000200,16970.29,9.88,36,2026-06-10,2029-06-09,Delinquent,546.63
LOAN0000303,APP0002799,CUST0001037,38013.98,6.58,48,2025-09-05,2029-09-05,Active,902.9
LOAN0000304,APP0001152,CUST0001978,1425.25,14.33,36,2025-08-03,2028-08-02,Active,48.94
LOAN0000305,APP0001717,CUST0001523,6760.24,13.45,48,2024-07-05,2028-07-05,Active,182.87
LOAN0000306,APP0001034,CUST0000320,5287.41,-15.54,60,2026-03-30,2031-03-30,Active,127.29
LOAN0000307,APP9492821,CUST0000352,73346.91,8.17,48,2023-04-03,2027-04-03,Active,1796.47
LOAN0000308,APP0001097,CUST0001185,26374.83,7.14,36,2024-08-03,2027-08-03,Delinquent,816.07
LOAN0000309,APP0002719,CUST0001904,6623.4,11.95,24,2025-07-07,2027-07-07,Active,311.63
LOAN0000310,APP0002139,CUST0000725,2586.2,9.19,48,2026-01-13,2030-01-13,Delinquent,64.59
LOAN0000311,APP0000194,CUST0000225,16812.39,10.0,48,2024-08-02,2028-08-02,Active,426.41
LOAN0000312,APP0001412,CUST0001305,540.27,16.02,48,2023-11-15,2027-11-15,Active,15.32
LOAN0000313,APP0000525,CUST0000738,27500.59,8.76,24,2024-05-21,2026-05-21,Paid Off,1253.33
LOAN0000314,APP0001484,CUST0000834,11641.65,9.14,36,2023-02-21,2026-02-20,Paid Off,370.96
LOAN0000315,APP0002249,CUST0000351,5632.39,10.62,60,2024-12-08,2029-12-08,Active,121.4
LOAN0000316,APP0001789,CUST0001906,59322.86,9.74,24,2024-02-09,2026-02-08,Paid Off,2730.34
LOAN0000317,APP0001509,CUST0000904,17505.12,6.38,72,2025-05-06,2031-05-06,Defaulted,293.26
LOAN0000318,APP0000130,CUST0000134,8957.15,15.3,36,2026-07-08,2029-07-07,Active,311.82
LOAN0000319,APP0002942,CUST0000323,3297.93,15.44,60,2022-04-05,2027-04-05,Defaulted,79.22
LOAN0000320,APP0000558,CUST0001682,9144.69,11.1,36,2022-05-15,2025-05-14,Paid Off,299.82
LOAN0000321,APP0001169,CUST0000156,16783.47,5.49,36,2022-02-22,2025-02-21,Paid Off,506.72
LOAN0000322,APP0002821,CUST0001398,1023.6,12.17,84,2026-04-14,2033-04-13,Active,18.16
LOAN0000323,APP0002413,CUST0000319,7181.7,8.26,48,2023-09-03,2027-09-03,Active,176.2
LOAN0000324,APP0000591,CUST0001865,3949.37,6.77,24,2022-10-02,2024-10-01,Paid Off,176.41
LOAN0000325,APP9013680,CUST0000388,35298.41,8.96,84,2026-02-05,2033-02-04,Delinquent,567.2
LOAN0000326,APP0001534,CUST0001821,37608.36,8.31,36,2023-03-31,2026-03-30,Paid Off,1183.9
LOAN0000327,APP0001300,CUST0000432,7784.41,10.36,60,2024-06-02,2029-06-02,Defaulted,166.78
LOAN0000328,APP0002390,CUST0000645,8824.31,6.13,24,2024-05-17,2026-05-17,Paid Off,391.62
LOAN0000329,APP0000196,CUST0001212,4810.43,10.72,72,2025-09-15,2031-09-15,Active,90.87
LOAN0000330,APP0001666,CUST0000984,2905.83,11.22,84,2025-05-30,2032-05-29,Active,50.09
LOAN0000331,APP0002007,CUST0000064,888.22,14.19,36,2024-05-07,2027-05-07,Active,30.44
LOAN0000332,APP0001504,CUST0001489,14974.21,10.57,24,2022-04-04,2024-04-03,Paid Off,694.93
LOAN0000333,APP0001628,CUST0000338,23904.33,11.07,48,2026-06-06,2030-06-06,Active,618.63
LOAN0000334,APP0002327,CUST0000945,,9.87,24,2023-02-19,2025-02-18,Paid Off,872.89
LOAN0000335,APP0000290,CUST0001351,24620.84,7.32,36,2023-06-14,2026-06-13,Paid Off,763.83
LOAN0000336,APP0002184,CUST0000858,46823.87,11.4,48,2024-01-16,2028-01-16,Active,1219.3
LOAN0000337,APP0000120,CUST0000798,9765.87,10.49,24,2022-01-23,2024-01-23,Paid Off,452.86
LOAN0000338,APP0000662,CUST0001978,964.74,14.91,84,2026-04-19,2033-04-18,Active,18.57
LOAN0000339,APP0001253,CUST0001640,28376.69,-10.75,60,2026-06-30,2031-06-30,Defaulted,613.45
LOAN0000340,APP0000722,CUST0000863,5410.27,-13.49,36,2026-06-24,2029-06-23,Active,183.57
LOAN0000341,APP0001198,CUST0000729,33750.95,6.47,36,2026-01-23,2029-01-22,Active,1033.97
LOAN0000342,APP0002237,CUST0000900,20000.23,9.87,72,2024-08-21,2030-08-21,Delinquent,369.21
LOAN0000343,APP0000289,CUST0001292,17762.26,7.96,36,2022-06-26,2025-06-25,Paid Off,556.28
LOAN0000344,APP0002211,CUST0000257,,7.48,84,2026-08-14,2033-08-13,Active,172.69
LOAN0000345,APP0002597,CUST0000525,11560.22,12.79,12,2024-09-22,2025-09-22,Paid Off,1031.39
LOAN0000346,APP0002872,CUST0000381,1012.16,12.35,24,2024-06-30,2026-06-30,Paid Off,47.81
LOAN0000347,APP0000657,CUST0001311,46096.07,10.41,48,2023-04-17,2027-04-17,Active,1178.21
LOAN0000348,APP0002926,CUST0001631,16060.7,7.92,24,2022-06-06,2024-06-05,Paid Off,725.8
LOAN0000349,APP0000757,CUST0001707,4644.76,9.64,36,2026-04-05,2029-04-04,Delinquent,149.09
LOAN0000350,APP0001488,CUST0000752,14733.03,9.51,48,2025-07-17,2029-07-17,Active,370.21
LOAN0000351,APP0001557,CUST0000293,10190.88,7.02,24,2023-10-16,2025-10-15,Paid Off,456.36
LOAN0000352,APP0002852,CUST0000554,14365.05,12.15,24,2022-10-07,2024-10-06,Paid Off,677.22
LOAN0000353,APP0001269,CUST0000995,39068.3,7.03,24,2022-12-23,2024-12-22,Paid Off,1749.72
LOAN0000354,APP0000605,CUST0000423,17574.96,9.25,12,2023-03-13,2024-03-12,Paid Off,1538.99
LOAN0000355,APP0001336,CUST0001238,47455.67,6.88,24,2025-06-17,2027-06-17,Active,2122.13
LOAN0000356,APP0002830,CUST0000176,1070.59,13.65,12,2026-02-19,2027-02-19,Active,95.95
LOAN0000357,APP0001050,CUST0001213,18085.84,8.21,84,2023-02-26,2030-02-25,Active,283.79
LOAN0000358,APP0000813,CUST0000280,73894.19,8.21,24,2025-04-08,2027-04-08,Active,3349.12
LOAN0000359,APP0001572,CUST0000601,10472.26,6.44,12,2022-01-31,2023-01-31,Paid Off,903.43
LOAN0000360,APP0000074,CUST0000153,,9.72,84,2021-12-01,2028-11-30,Active,71.89
LOAN0000361,APP0000211,CUST0000210,1370.98,17.12,60,2023-03-25,2028-03-24,Active,34.16
LOAN0000362,APP0001940,CUST0001267,15185.51,9.65,24,2024-06-19,2026-06-19,Paid Off,698.28
LOAN0000363,APP0002141,CUST0001396,9977.32,10.37,72,2025-03-07,2031-03-07,Active,186.71
LOAN0000364,APP0000778,CUST0001753,22676.76,7.27,72,2025-07-03,2031-07-03,Active,389.56
LOAN0000365,APP0000551,CUST0001133,15958.1,9.84,60,2022-04-04,2027-04-04,Active,337.81
LOAN0000366,APP0000208,CUST0000504,4880.43,11.13,48,2026-08-18,2030-08-18,Defaulted,126.45
LOAN0000367,APP0002242,CUST0000182,1645.84,14.53,48,2026-04-23,2030-04-23,Defaulted,45.41
LOAN0000368,APP0000064,CUST0000229,2410.84,7.61,84,2025-05-10,2032-05-09,Active,37.11
LOAN0000369,APP0002907,CUST0000574,20291.07,10.98,36,2022-05-22,2025-05-21,Paid Off,664.11
LOAN0000370,APP0000671,CUST0001556,23372.34,6.07,60,2022-05-31,2027-05-31,Active,452.61
LOAN0000371,APP0000613,CUST0000732,3941.54,9.52,24,2026-02-02,2028-02-02,Active,181.01
LOAN0000372,APP0002285,CUST0001274,6188.67,9.03,60,2023-01-29,2028-01-29,Active,128.56
LOAN0000373,APP0001343,CUST0001008,3305.03,11.63,84,2023-12-05,2030-12-04,Active,57.69
LOAN0000374,APP0002361,CUST0001958,3555.74,9.8,12,2024-08-10,2025-08-10,Paid Off,312.28
LOAN0000375,APP0000529,CUST0001674,43283.89,9.59,24,2022-07-30,2024-07-29,Paid Off,1989.15
LOAN0000376,APP0002429,CUST0001450,35756.0,7.25,60,2026-03-04,2031-03-04,Active,712.24
LOAN0000377,APP0002986,CUST0000570,24533.52,,60,2022-05-22,2027-05-22,Active,476.59
LOAN0000378,APP0001261,CUST0001848,9633.77,9.45,60,2022-09-15,2027-09-15,Active,202.09
LOAN0000379,APP0002315,CUST0000974,30552.87,5.72,84,2026-05-28,2033-05-27,Delinquent,442.24
LOAN0000380,APP0000471,CUST0001449,53290.88,10.45,12,2025-04-09,2026-04-09,Paid Off,4696.28
LOAN0000381,APP0002631,CUST0001721,23656.46,6.98,48,2023-10-09,2027-10-09,Active,566.26
LOAN0000382,APP0000442,CUST0001630,5372.05,7.97,48,2025-10-07,2029-10-07,Active,131.07
LOAN0000383,APP0002654,CUST0000304,9400.56,10.72,24,2023-01-28,2025-01-27,Paid Off,436.92
LOAN0000384,APP0001413,CUST0001961,13691.19,6.51,24,2025-04-02,2027-04-02,Active,609.95
LOAN0000385,APP0002329,CUST0000705,21113.73,9.2,48,2024-12-08,2028-12-08,Active,527.42
LOAN0000386,APP0002867,CUST0001762,5199.08,8.36,48,2023-09-24,2027-09-24,Active,127.81
LOAN0000387,APP0000936,CUST0000823,3050.26,13.72,48,2022-12-18,2026-12-18,Active,82.93
LOAN0000388,APP0000956,CUST0000230,12580.79,9.26,36,2022-05-28,2025-05-27,Paid Off,401.59
LOAN0000389,APP0002148,CUST0001932,21390.29,12.01,60,2026-08-11,2031-08-11,Active,475.92
LOAN0000390,APP0001421,CUST0001268,12001.17,8.91,36,2022-01-06,2025-01-05,Paid Off,381.13
LOAN0000391,APP0002718,CUST0001729,43068.69,10.27,24,2022-07-05,2024-07-04,Paid Off,1992.77
LOAN0000392,APP0002358,CUST0000816,43391.95,8.73,48,2026-03-04,2030-03-04,Delinquent,1074.26
LOAN0000393,APP0000709,CUST0001043,1606.64,17.14,48,2024-12-11,2028-12-11,Active,46.48
LOAN0000394,APP0002964,CUST0001630,16833.25,10.42,60,2021-10-18,2026-10-18,Active,361.15
LOAN0000395,APP0001648,CUST0001233,45612.29,9.16,36,2026-04-21,2029-04-20,Defaulted,1453.86
LOAN0000396,APP0002113,CUST0000280,7219.57,,60,2025-01-08,2030-01-08,Active,146.42
LOAN0000397,APP0002474,CUST0001547,500.0,15.57,72,2023-11-22,2029-11-21,Active,10.73
LOAN0000398,APP0000154,CUST0000420,1023.68,14.51,36,2024-02-28,2027-02-27,Active,35.24
LOAN0000399,APP0001312,CUST0000647,33619.5,7.76,48,2024-07-27,2028-07-27,Active,816.97
LOAN0000400,APP0001406,CUST0001623,3555.94,9.24,72,2026-06-03,2032-06-02,Active,64.52
LOAN0000401,APP0002303,CUST0001367,15780.1,9.17,36,2026-07-17,2029-07-16,Active,503.05
LOAN0000402,APP0001310,CUST0001325,7804.97,10.05,60,2023-05-08,2028-05-07,Active,166.02
LOAN0000403,APP0002433,CUST0001248,8221.98,10.27,48,2025-10-13,2029-10-13,Active,209.6
LOAN0000404,APP0001744,CUST0000835,-27000.42,9.01,36,2024-04-27,2027-04-27,Defaulted,858.73
LOAN0000405,APP0000308,CUST0001706,32677.64,,72,2021-12-22,2027-12-22,Active,569.76
LOAN0000406,APP0000608,CUST0000646,42592.15,6.0,24,2025-06-07,2027-06-07,Delinquent,1887.71
LOAN0000407,APP0002628,CUST0000163,8088.31,12.06,12,2023-07-27,2024-07-26,Paid Off,718.86
LOAN0000408,APP0000966,CUST0000950,6999.72,8.91,24,2021-11-25,2023-11-25,Paid Off,319.49
LOAN0000409,APP0000335,CUST0000417,6042.8,6.4,72,2023-09-23,2029-09-22,Active,101.29
LOAN0000410,APP0001339,CUST0000949,23633.75,7.24,36,2023-06-17,2026-06-16,Paid Off,732.34
LOAN0000411,APP0002008,CUST0000818,8696.72,8.76,60,2023-02-17,2028-02-17,Active,179.52
LOAN0000412,APP0002262,CUST0000324,6856.49,15.12,24,2026-05-23,2028-05-22,Active,332.84
LOAN0000413,APP0001604,CUST0001622,84713.95,8.5,36,2024-03-12,2027-03-12,Active,2674.21
LOAN0000414,APP0002402,CUST0001464,24639.95,8.61,48,2026-05-25,2030-05-25,Active,608.61
LOAN0000415,APP0000386,CUST0001557,2385.62,17.0,24,2024-05-27,2026-05-27,Paid Off,117.95
LOAN0000416,APP0002134,CUST0000804,5705.75,7.23,36,2022-06-12,2025-06-11,Paid Off,176.78
LOAN0000417,APP0001338,CUST0001254,10980.78,5.47,24,2025-10-27,2025-10-01,Active,484.06
LOAN0000418,APP0001732,CUST0000184,3269.68,14.49,24,2021-09-19,2023-09-19,Paid Off,157.74
LOAN0000419,APP0001813,CUST0001398,2502.04,13.01,36,2023-11-11,2026-11-10,Active,84.32
LOAN0000420,APP0002996,CUST0001909,14749.05,9.61,48,2025-01-23,2029-01-23,Delinquent,371.32
LOAN0000421,APP0001467,CUST0001328,15675.32,8.4,12,2023-07-25,2024-07-24,Paid Off,1366.47
LOAN0000422,APP0000119,CUST0001171,18817.07,7.87,36,2026-01-29,2029-01-28,Active,588.53
LOAN0000423,APP0001565,CUST0000167,25643.03,6.56,36,2023-05-31,2026-05-30,Paid Off,786.63
LOAN0000424,APP0000957,CUST0000602,16898.58,12.32,72,2023-04-28,2029-04-27,Active,333.19
LOAN0000425,APP0001815,CUST0000296,43581.72,,48,2022-05-01,2026-05-01,Paid Off,1021.12
LOAN0000426,APP0002061,CUST0000398,7466.48,10.21,84,2025-08-28,2032-08-27,Active,124.76
LOAN0000427,APP0000991,CUST0001787,16274.17,9.95,48,2024-01-03,2028-01-03,Active,412.36
LOAN0000428,APP0002959,CUST0001150,34186.33,7.43,60,2025-10-21,2030-10-21,Active,683.89
LOAN0000429,APP0002855,CUST0000068,11898.08,8.4,12,2025-02-10,2026-02-10,Paid Off,1037.2
LOAN0000430,APP0001550,CUST0001481,9497.49,9.62,48,2022-06-11,2026-06-11,Paid Off,239.15
LOAN0000431,APP0001785,CUST0001490,13233.02,5.07,36,2024-02-03,2027-02-02,Active,397.02
LOAN0000432,APP0000727,CUST0000682,27432.0,9.97,60,2022-05-23,2027-05-23,Active,582.44
LOAN0000433,APP0001598,CUST0001596,15008.86,9.28,72,2023-07-26,2029-07-25,Active,272.63
LOAN0000434,APP0000408,CUST0001781,15288.54,9.23,60,2024-12-23,2029-12-23,Defaulted,319.07
LOAN0000435,APP0000926,CUST0000599,24360.17,5.56,12,2025-03-11,2026-03-11,Paid Off,2091.67
LOAN0000436,APP0002101,CUST0001384,32134.35,6.58,48,2024-03-29,2028-03-29,Active,763.25
LOAN0000437,APP0001539,CUST0000950,6589.54,10.49,60,2023-05-02,2028-05-01,Defaulted,141.6
LOAN0000438,APP0002322,CUST0000620,,9.41,12,2022-08-27,2023-08-27,Paid Off,6443.74
LOAN0000439,APP0001444,CUST0001833,1579.33,8.93,24,2024-04-14,2026-04-14,Paid Off,72.1
LOAN0000440,APP0002271,CUST0000716,9949.72,10.55,60,2026-02-24,2031-02-24,Active,214.1
LOAN0000441,APP0000215,CUST0001855,4328.05,11.06,36,2026-07-08,2029-07-07,Active,141.82
LOAN0000442,APP0000624,CUST0000743,40012.68,11.54,12,2026-06-22,2027-06-22,Delinquent,3546.47
LOAN0000443,APP0002691,CUST0001873,25493.71,7.16,72,2023-04-27,2029-04-26,Active,436.6
LOAN0000444,APP0000475,CUST0000538,24145.7,10.72,84,2026-08-15,2033-08-14,Active,409.89
LOAN0000445,APP0002838,CUST0000955,58827.43,6.75,36,2025-02-25,2028-02-25,Active,1809.7
LOAN0000446,APP0000740,CUST0001098,7788.03,8.78,84,2024-04-17,2031-04-17,Defaulted,124.43
LOAN0000447,APP0000826,CUST0001246,1860.51,7.68,72,2024-09-08,2030-09-08,Active,32.33
LOAN0000448,APP0001080,CUST0001607,,8.67,48,2025-06-07,2029-06-07,Active,358.45
LOAN0000449,APP0000200,CUST0001617,27859.41,10.17,60,2024-11-16,2029-11-16,Active,594.26
LOAN0000450,APP0001679,CUST0001652,77083.78,4.62,72,2026-02-07,2032-02-07,Active,1227.89
LOAN0000451,APP0000590,CUST0000958,23107.29,6.75,60,2024-08-21,2029-08-21,Delinquent,454.83
LOAN0000452,APP0001657,CUST0001048,17009.89,,36,2025-05-30,2028-05-29,Active,528.1
LOAN0000453,APP0000913,CUST0000101,19050.3,7.21,24,2026-02-05,2028-02-05,Active,854.75
LOAN0000454,APP0000690,CUST0000718,13709.7,7.87,36,2024-01-20,2027-01-19,Active,428.79
LOAN0000455,APP0002017,CUST0001120,4514.18,7.59,24,2025-09-04,2027-09-04,Active,203.32
LOAN0000456,APP0002283,CUST0000344,9185.68,6.79,12,2023-06-26,2024-06-25,Paid Off,793.92
LOAN0000457,APP0001071,CUST0000479,9692.02,7.98,36,2023-04-08,2026-04-07,Paid Off,303.62
LOAN0000458,APP0000374,CUST0001654,10308.11,6.75,36,2026-07-14,2029-07-13,Active,317.11
LOAN0000459,APP0001861,CUST0000203,25262.3,7.63,12,2022-06-28,2023-06-28,Paid Off,2193.21
LOAN0000460,APP0002506,CUST0000516,39808.31,6.96,72,2025-11-23,2031-11-23,Active,677.93
LOAN0000461,APP0001725,CUST0000063,47526.2,5.76,24,2021-10-18,2023-10-18,Paid Off,2101.25
LOAN0000462,APP0000152,CUST0001188,10972.15,7.86,48,2022-10-03,2026-10-03,Active,267.14
LOAN0000463,APP0000770,CUST0000672,6001.81,7.13,48,2023-07-31,2027-07-31,Defaulted,144.08
LOAN0000464,APP0000347,CUST0000116,4820.5,7.72,84,2025-10-29,2032-10-28,Active,74.46
LOAN0000465,APP0001346,CUST0000192,3874.98,7.64,24,2024-12-28,2026-12-28,Active,174.62
LOAN0000466,APP0001374,CUST0001682,13906.28,8.96,24,2021-09-27,2023-09-27,Paid Off,635.05
LOAN0000467,APP0000332,CUST0001994,27005.24,6.15,48,2026-06-08,2030-06-08,Active,636.08
LOAN0000468,APP0002891,CUST0000047,18877.13,4.38,48,2024-07-04,2028-07-04,Active,429.45
LOAN0000469,APP0002317,CUST0001758,8595.02,11.79,60,2025-10-19,2030-10-19,Active,190.28
LOAN0000470,APP0000586,CUST0000921,15317.21,12.13,24,2023-08-04,2025-08-03,Paid Off,721.96
LOAN0000471,APP0000583,CUST0001717,15380.24,14.12,36,2022-10-29,2025-10-28,Paid Off,526.56
LOAN0000472,APP0000637,CUST0001212,5089.69,9.02,12,2022-09-23,2023-09-23,Paid Off,445.15
LOAN0000473,APP0000191,CUST0000676,14274.88,10.16,60,2024-07-05,2029-07-05,Active,304.42
LOAN0000474,APP0002997,CUST0001906,12301.86,7.66,36,2021-11-11,2024-11-10,Paid Off,383.57
LOAN0000475,APP0000118,CUST0001588,1573.09,12.59,24,2025-02-20,2027-02-20,Active,74.48
LOAN0000476,APP0002129,CUST0000745,20967.79,9.67,48,2023-08-23,2027-08-23,Active,528.48
LOAN0000477,APP0002345,CUST0001985,53931.62,8.06,24,2026-02-28,2028-02-28,Active,2440.66
LOAN0000478,APP0001217,CUST0000965,-7370.79,7.32,12,2025-06-15,2026-06-15,Paid Off,638.86
LOAN0000479,APP0001860,CUST0000486,1716.37,10.3,24,2026-04-09,2028-04-08,Defaulted,79.44
LOAN0000480,APP0002466,CUST0000722,25701.68,7.22,72,2023-09-12,2029-09-11,Active,440.91
LOAN0000481,APP0002125,CUST0000471,12804.81,9.07,48,2024-01-06,2028-01-06,Delinquent,319.07
LOAN0000482,APP0002487,CUST0001154,7099.27,11.12,36,2025-10-06,2028-10-05,Active,232.82
LOAN0000483,APP0002370,CUST0001796,2406.26,15.15,36,2021-12-03,2024-12-02,Paid Off,83.59
LOAN0000484,APP0002328,CUST0000292,20724.76,7.42,84,2025-03-16,2032-03-15,Active,317.06
LOAN0000485,APP0002505,CUST0001297,4619.11,12.2,12,2022-10-28,2023-10-28,Paid Off,410.83
LOAN0000486,APP0002859,CUST0001214,2751.96,7.74,24,2023-07-13,2025-07-12,Paid Off,124.14
LOAN0000487,APP0002649,CUST0001787,31953.98,4.86,72,2024-12-26,2030-12-26,Active,512.54
LOAN0000488,APP0001538,CUST0001652,20546.22,6.47,48,2025-01-31,2029-01-31,Active,486.97
LOAN0000489,APP0001347,CUST0001318,26418.52,11.89,84,2022-06-09,2029-06-08,Active,464.81
LOAN0000490,APP0001654,CUST0001717,3969.33,7.38,60,2023-01-28,2028-01-28,Active,79.31
LOAN0000491,APP0000102,CUST0000123,8173.7,6.28,60,2024-04-28,2029-04-28,Active,159.09
LOAN0000492,APP0000971,CUST0000919,3340.65,13.62,48,2023-11-08,2027-11-08,Active,90.65
LOAN0000493,APP0000173,CUST0001883,1740.89,12.7,12,2023-05-24,2024-05-23,Paid Off,155.25
LOAN0000494,APP0000753,CUST0001767,3967.4,10.79,72,2024-11-01,2030-11-01,Active,75.09
LOAN0000495,APP0000479,CUST0001706,36373.45,10.53,48,2026-02-10,2030-02-10,Active,931.81
LOAN0000496,APP0001262,CUST0000639,7637.26,8.25,12,2023-05-27,2024-05-26,Paid Off,665.24
LOAN0000497,APP0002149,CUST0001204,2049.17,10.2,24,2025-12-15,2027-12-15,Defaulted,94.75
LOAN0000498,APP0002576,CUST0001547,990.05,16.74,36,2023-11-24,2026-11-23,Active,35.17
LOAN0000499,APP0002975,CUST0000438,3726.6,15.99,36,2024-10-16,2027-10-16,Delinquent,131.0
LOAN0000500,APP0000404,CUST0001757,4914.8,8.03,12,2023-03-27,2024-03-26,Paid Off,427.6
LOAN0000501,APP0000883,CUST0000484,1860.25,15.67,36,2024-07-07,2027-07-07,Active,65.1
LOAN0000502,APP0002673,CUST0000148,11420.59,7.52,72,2024-02-21,2030-02-20,Active,197.57
LOAN0000503,APP0000156,CUST0000489,2499.33,9.16,48,2025-01-27,2029-01-27,Active,62.39
LOAN0000504,APP0002657,CUST0001922,18232.12,8.29,36,2022-11-07,2022-09-30,Paid Off,573.77
LOAN0000505,APP0000310,CUST0000979,10140.71,9.16,12,2026-01-28,2027-01-28,Active,887.57
LOAN0000506,APP0002143,CUST0000532,3843.04,8.17,60,2024-09-24,2029-09-24,Defaulted,78.24
LOAN0000507,APP0000931,CUST0000375,8822.17,14.29,60,2025-03-22,2030-03-22,Active,206.61
LOAN0000508,APP0002878,CUST0000410,14569.53,7.32,12,2023-05-21,2024-05-20,Paid Off,1262.8
LOAN0000509,APP0001479,CUST0000572,2327.93,6.97,84,2022-10-14,2029-10-13,Active,35.1
LOAN0000510,APP0001417,CUST0001539,7440.39,9.72,24,2023-07-04,2025-07-03,Paid Off,342.38
LOAN0000511,APP0002994,CUST0001700,1195.06,17.37,24,2021-11-03,2023-11-03,Paid Off,59.3
LOAN0000512,APP0002811,CUST0000366,35455.14,6.99,36,2026-02-13,2029-02-12,Active,1094.59
LOAN0000513,APP0001974,CUST0000461,4404.63,10.71,84,2021-12-06,2028-12-05,Active,74.75
LOAN0000514,APP0001547,CUST0000953,3746.04,8.32,72,2024-12-22,2030-12-22,Active,66.27
LOAN0000515,APP0001687,CUST0000769,7986.63,12.56,48,2024-11-18,2028-11-18,Active,212.52
LOAN0000516,APP0000819,CUST0001623,24827.14,7.33,36,2026-06-02,2029-06-01,Active,770.34
LOAN0000517,APP0000171,CUST0001653,4618.13,7.31,36,2021-12-25,2024-12-24,Paid Off,143.25
LOAN0000518,APP0000872,CUST0001694,27125.68,12.04,36,2024-01-19,2027-01-18,Active,901.48
LOAN0000519,APP0002515,CUST0000319,24698.41,5.9,36,2023-04-22,2026-04-21,Paid Off,750.25
LOAN0000520,APP0002972,CUST0000960,25878.34,7.01,72,2026-04-15,2032-04-14,Delinquent,441.32
LOAN0000521,APP0000357,CUST0001893,40428.07,6.61,60,2024-05-05,2029-05-05,Active,793.11
LOAN0000522,APP0001405,CUST0000819,60888.34,12.28,36,2022-06-19,2025-06-18,Paid Off,2030.52
LOAN0000523,APP0002136,CUST0000486,18526.44,6.67,84,2023-03-29,2030-03-28,Active,276.63
LOAN0000524,APP0002606,CUST0001284,14788.11,7.69,24,2022-04-08,2024-04-07,Paid Off,666.74
LOAN0000525,APP0000773,CUST0000706,6707.16,11.7,12,2023-06-30,2024-06-29,Paid Off,594.98
LOAN0000526,APP0001237,CUST0000150,2691.43,10.78,36,2023-06-01,2026-05-31,Paid Off,87.83
LOAN0000527,APP0002157,CUST0000440,11673.75,9.62,84,2022-06-26,2029-06-25,Delinquent,191.51
LOAN0000528,APP0002656,CUST0000253,19248.61,9.68,12,2024-10-16,2025-10-16,Paid Off,1689.4
LOAN0000529,APP0000170,CUST0001872,5520.08,8.4,12,2025-08-16,2026-08-16,Paid Off,481.2
LOAN0000530,APP0002067,CUST0000528,100826.39,6.32,36,2022-05-26,2025-05-25,Paid Off,3081.97
LOAN0000531,APP0000318,CUST0000769,16644.21,8.41,84,2024-12-21,2031-12-21,Active,262.83
LOAN0000532,APP9756635,CUST0001163,33909.88,8.05,36,2023-08-25,2026-08-24,Paid Off,1063.39
LOAN0000533,APP0000065,CUST0000572,27683.98,6.88,48,2021-12-21,2025-12-21,Paid Off,661.39
LOAN0000534,APP0002040,CUST0001584,14440.82,7.83,72,2025-08-20,2031-08-20,Active,252.0
LOAN0000535,APP0001595,CUST0000894,685.16,15.79,48,2023-01-02,2027-01-02,Active,19.34
LOAN0000536,APP0000328,CUST0001245,5335.01,8.61,12,2023-08-08,2024-08-07,Paid Off,465.59
LOAN0000537,APP0000202,CUST0000183,4511.83,15.7,24,2022-12-01,2024-11-30,Paid Off,220.27
LOAN0000538,APP0001442,CUST0001968,25376.21,8.13,24,2022-02-22,2024-02-22,Paid Off,1149.2
LOAN0000539,APP0001710,CUST0001308,19121.0,6.17,60,2022-10-10,2027-10-10,Active,371.18
LOAN0000540,APP0002571,CUST0001087,80891.86,8.95,60,2026-03-18,2031-03-18,Active,1677.22
LOAN0000541,APP0002497,CUST0000865,1944.18,,24,2021-12-06,2023-12-06,Paid Off,88.3
LOAN0000542,APP0002680,CUST0001749,8497.63,14.47,36,2023-06-02,2026-06-01,Paid Off,292.37
LOAN0000543,APP0000767,CUST0000263,6388.27,7.95,24,2024-03-20,2026-03-20,Paid Off,288.78
LOAN0000544,APP0000383,CUST0001701,12098.52,9.9,36,2024-12-01,2027-12-01,Active,389.82
LOAN0000545,APP0000953,CUST0000726,9258.39,4.78,36,2025-05-03,2028-05-02,Active,276.57
LOAN0000546,APP0002804,CUST0000263,32090.96,9.24,84,2022-02-16,2029-02-15,Active,520.23
LOAN0000547,APP0001982,CUST0000137,3163.09,8.29,36,2022-03-18,2025-03-17,Paid Off,99.54
LOAN0000548,APP0000399,CUST0001023,2155.03,12.97,12,2024-12-01,2025-12-01,Paid Off,192.45
LOAN0000549,APP0001144,CUST0001995,25871.83,7.15,48,2022-05-15,2026-05-15,Paid Off,621.34
LOAN0000550,APP0001225,CUST0001303,29905.02,6.51,72,2023-11-20,2029-11-19,Active,502.84
LOAN0000551,APP0000205,CUST0001313,12546.16,11.75,36,2024-10-08,2027-10-08,Active,415.22
LOAN0000552,APP0000832,CUST0000128,30969.61,6.12,60,2024-01-22,2029-01-21,Active,600.46
LOAN0000553,APP0000700,CUST0000752,37784.53,6.52,36,2023-11-04,2026-11-03,Delinquent,1158.4
LOAN0000554,APP0001359,CUST0001627,1795.66,,48,2022-10-04,2026-10-04,Delinquent,50.64
LOAN0000555,APP0000636,CUST0000963,4628.81,13.17,48,2023-07-13,2027-07-13,Active,124.57
LOAN0000556,APP0001838,CUST0001220,4354.58,8.38,72,2022-12-14,2028-12-13,Active,77.16
LOAN0000557,APP0002260,CUST0000150,3844.76,9.72,48,2023-11-14,2027-11-14,Active,97.0
LOAN0000558,APP0001776,CUST0000617,9822.52,8.76,36,2025-03-02,2028-03-01,Active,311.26
LOAN0000559,APP0001525,CUST0000169,25930.1,7.32,60,2023-04-14,2028-04-13,Active,517.37
LOAN0000560,APP0001131,CUST0000917,6453.12,5.77,12,2022-11-03,2023-11-03,Paid Off,554.72
LOAN0000561,APP0001403,CUST0000848,30368.09,7.83,24,2025-07-08,2027-07-08,Active,1371.11
LOAN0000562,APP0001114,CUST0000522,9779.38,10.67,36,2022-06-26,2025-06-25,Paid Off,318.64
LOAN0000563,APP0002356,CUST0001937,25593.48,7.0,48,2022-09-15,2026-09-15,Active,612.87
LOAN0000564,APP0001886,CUST0000332,5649.0,11.95,60,2022-10-25,2027-10-25,Active,125.52
LOAN0000565,APP0001731,CUST0000331,58213.95,6.0,48,2023-01-31,2027-01-31,Active,1367.16
LOAN0000566,APP0001669,CUST0001783,6389.63,8.12,36,2025-09-07,2028-09-06,Active,200.58
LOAN0000567,APP0001966,CUST0000510,49973.09,5.45,12,2023-03-04,2024-03-03,Paid Off,4288.38
LOAN0000568,APP0001474,CUST0001202,9496.69,6.92,84,2025-12-30,2032-12-29,Active,142.96
LOAN0000569,APP0001263,CUST0000816,10854.57,11.2,36,2024-09-28,2027-09-28,Active,356.39
LOAN0000570,APP0000435,CUST0000211,19039.66,6.85,24,2024-01-14,2026-01-13,Paid Off,851.16
LOAN0000571,APP0000138,CUST0002000,20733.11,6.5,60,2022-12-17,2027-12-17,Active,405.67
LOAN0000572,APP0000177,CUST0000072,28817.71,8.2,72,2024-02-23,2030-02-22,Active,508.09
LOAN0000573,APP0000646,CUST0001025,11405.14,7.86,36,2025-11-20,2028-11-19,Active,356.66
LOAN0000574,APP0001176,CUST0001848,8990.36,9.85,48,2024-03-03,2028-03-03,Active,227.37
LOAN0000575,APP0001646,CUST0001613,2262.94,11.43,60,2022-08-04,2027-08-04,Active,49.69
LOAN0000576,APP0002071,CUST0001093,25232.56,5.85,12,2021-11-03,2022-11-03,Paid Off,2169.94
LOAN0000577,APP0002331,CUST0001037,4272.95,10.33,84,2026-01-07,2033-01-06,Active,71.67
LOAN0000578,APP0001273,CUST0001865,8480.61,9.56,36,2025-06-06,2028-06-05,Active,271.9
LOAN0000579,APP0001988,CUST0001918,1519.68,13.01,36,2024-12-03,2027-12-03,Active,51.21
LOAN0000580,APP0000434,CUST0000327,24339.89,12.76,12,2026-06-19,2027-06-19,Defaulted,2171.23
LOAN0000581,APP0001399,CUST0001301,911.33,13.64,12,2026-07-31,2027-07-31,Active,81.67
LOAN0000582,APP0002314,CUST0001617,14541.11,11.7,24,2025-11-22,2027-11-22,Active,682.47
LOAN0000583,APP0002861,CUST0000830,10728.5,-11.22,36,2024-10-16,2027-10-16,Active,352.36
LOAN0000584,APP0002420,CUST0000935,24146.87,6.26,72,2022-07-24,2028-07-23,Active,403.15
LOAN0000585,APP0000043,CUST0001338,48428.34,6.79,48,2022-12-20,2026-12-20,Active,1154.96
LOAN0000586,APP0000274,CUST0000243,15753.92,9.33,36,2024-11-15,2027-11-15,Active,503.39
LOAN0000587,APP0000906,CUST0001032,31655.55,7.46,36,2025-12-23,2028-12-22,Active,984.1
LOAN0000588,APP0000850,CUST0001021,23661.35,10.17,24,2023-10-30,2025-10-29,Paid Off,1093.71
LOAN0000589,APP0001018,CUST0001548,22517.68,6.81,48,2025-12-30,2029-12-30,Active,537.23
LOAN0000590,APP0002630,CUST0000392,13591.98,7.28,48,2026-04-23,2030-04-23,Active,327.25
LOAN0000591,APP0002599,CUST0000221,30840.13,10.89,36,2025-02-17,2028-02-17,Delinquent,1008.06
LOAN0000592,APP0002041,CUST0001579,56262.1,10.61,60,2023-09-15,2028-09-14,Active,1212.36
LOAN0000593,APP0000711,CUST0001825,2437.66,13.14,36,2025-11-16,2028-11-15,Defaulted,82.3
LOAN0000594,APP0000675,CUST0000371,14021.5,8.17,60,2023-08-10,2028-08-09,Defaulted,285.45
LOAN0000595,APP0000702,CUST0000267,21829.96,6.36,48,2025-01-10,2029-01-10,Active,516.29
LOAN0000596,APP0000327,CUST0001132,2898.12,6.01,24,2023-11-03,2025-11-02,Paid Off,128.46
LOAN0000597,APP0000108,CUST0000116,16501.31,8.18,24,2025-11-26,2027-11-26,Active,747.66
LOAN0000598,APP0002739,CUST0000095,4202.49,10.55,24,2023-04-26,2025-04-25,Paid Off,194.99
LOAN0000599,APP0001212,CUST0001437,21296.11,8.05,72,2023-09-04,2029-09-03,Active,373.91
LOAN0000600,APP0000531,CUST0000275,12233.13,9.74,60,2026-02-09,2031-02-09,Active,258.36
LOAN0000601,APP0000460,CUST0001724,2700.53,15.1,84,2024-08-15,2031-08-15,Active,52.26
LOAN0000602,APP0000962,CUST0001740,2582.11,14.86,60,2022-02-10,2027-02-10,Delinquent,61.24
LOAN0000603,APP0000661,CUST0000034,21944.28,9.94,72,2024-01-10,2030-01-09,Active,405.87
LOAN0000604,APP0002391,CUST0001463,31664.59,9.9,36,2023-01-08,2026-01-07,Paid Off,1020.24
LOAN0000605,APP0001100,CUST0001571,3620.34,10.01,48,2023-02-26,2027-02-26,Active,91.84
LOAN0000606,APP0001233,CUST0001238,7335.98,11.1,36,2025-04-14,2028-04-13,Defaulted,240.52
LOAN0000607,APP0001900,CUST0001631,11605.51,5.99,72,2026-05-19,2032-05-18,Active,192.28
LOAN0000608,APP0000452,CUST0001388,11225.62,8.92,84,2025-01-08,2032-01-08,Active,180.15
LOAN0000609,APP0000022,CUST0001617,7660.94,9.0,60,2026-08-18,2031-08-18,Active,159.03
LOAN0000610,APP0000519,CUST0001842,43195.81,5.95,60,2024-07-26,2029-07-26,Active,834.09
LOAN0000611,APP0001016,CUST0000886,5113.58,6.87,72,2024-09-08,2030-09-08,Defaulted,86.86
LOAN0000612,APP0002825,CUST0000674,12355.81,12.28,12,2025-04-12,2026-04-12,Paid Off,1099.42
LOAN0000613,APP0001282,CUST0000673,2331.12,8.77,36,2023-06-21,2026-06-20,Paid Off,73.88
LOAN0000614,APP0001161,CUST0000604,61006.34,5.05,60,2023-05-29,2028-05-28,Active,1152.66
LOAN0000615,APP0002011,CUST0001975,7379.23,9.24,48,2026-04-17,2030-04-17,Active,184.47
LOAN0000616,APP0001826,CUST0001830,8596.24,12.82,48,2026-06-14,2030-06-14,Active,229.85
LOAN0000617,APP0001381,CUST0001067,73940.13,6.82,36,2022-08-27,2025-08-26,Paid Off,2276.98
LOAN0000618,APP0001390,CUST0001261,12067.5,5.34,24,2022-08-20,2024-08-19,Paid Off,531.26
LOAN0000619,APP0002906,CUST0000973,2497.06,13.23,72,2022-04-09,2028-04-08,Active,50.43
LOAN0000620,APP0001902,CUST0001169,14513.16,7.7,60,2024-06-03,2029-06-03,Active,292.2
LOAN0000621,APP0002090,CUST0000791,11254.64,9.79,48,2023-10-17,2027-10-17,Active,284.31
LOAN0000622,APP0000312,CUST0001871,1098.77,13.39,12,2022-11-21,2023-11-21,Paid Off,98.34
LOAN0000623,APP0000244,CUST0000982,8354.69,11.38,24,2023-02-12,2025-02-11,Paid Off,390.87
LOAN0000624,APP0000682,CUST0000985,32393.04,11.29,36,2025-12-02,2028-12-01,Defaulted,1064.96
LOAN0000625,APP0001280,CUST0001993,19490.8,6.89,24,2025-08-22,2027-08-22,Defaulted,871.68
LOAN0000626,APP0002670,CUST0001478,10273.06,8.22,24,2023-02-03,2025-02-02,Paid Off,465.65
LOAN0000627,APP0002866,CUST0001192,3271.23,14.81,12,2026-08-31,2026-07-13,Active,294.96
LOAN0000628,APP0000697,CUST0001554,64182.67,7.61,36,2022-12-05,2025-12-04,Paid Off,1999.72
LOAN0000629,APP0000053,CUST0001231,42327.02,5.36,12,2023-01-29,2024-01-29,Paid Off,3630.5
LOAN0000630,APP0001191,CUST0001692,4963.04,7.66,60,2022-01-28,2027-01-28,Active,99.83
LOAN0000631,APP0000549,CUST0001165,16510.04,6.18,48,2023-01-13,2027-01-13,Active,389.1
LOAN0000632,APP0000946,CUST0001095,19161.29,9.45,48,2023-11-29,2027-11-29,Active,480.93
LOAN0000633,APP0001463,CUST0000363,17962.56,9.87,84,2024-06-08,2031-06-08,Active,296.99
LOAN0000634,APP0000092,CUST0000253,8206.13,12.1,36,2024-11-22,2027-11-22,Active,272.95
LOAN0000635,APP0002728,CUST0001038,21290.74,8.81,72,2026-09-01,2032-08-31,Active,381.77
LOAN0000636,APP0001094,CUST0001120,18850.3,8.91,24,2025-05-19,2027-05-19,Active,860.39
LOAN0000637,APP0001070,CUST0000241,21165.55,7.62,24,2022-11-09,2024-11-08,Paid Off,953.6
LOAN0000638,APP0001325,CUST0001539,24243.99,6.61,36,2025-12-22,2028-12-21,Active,744.27
LOAN0000639,APP0002574,CUST0001538,7453.36,5.6,84,2022-09-12,2029-09-11,Active,107.46
LOAN0000640,APP0000176,CUST0001190,847.2,17.14,72,2024-08-26,2030-08-26,Defaulted,18.91
LOAN0000641,APP0001867,CUST0001373,11881.77,7.6,36,2021-11-16,2024-11-15,Paid Off,370.14
LOAN0000642,APP0001921,CUST0001031,5899.22,7.43,72,2023-07-27,2029-07-26,Active,101.8
LOAN0000643,APP0001423,CUST0001611,33380.11,9.92,24,2022-11-24,2024-11-23,Paid Off,1539.09
LOAN0000644,APP0001103,CUST0000347,25153.87,8.89,48,2023-07-29,2027-07-29,Active,624.64
LOAN0000645,APP0000781,CUST0001591,2148.76,10.17,24,2024-02-19,2026-02-18,Paid Off,99.32
LOAN0000646,APP0002666,CUST0000211,11346.81,7.11,48,2021-09-25,2025-09-25,Paid Off,272.29
LOAN0000647,APP0001104,CUST0001150,25913.14,5.34,24,2026-08-22,2028-08-21,Active,1140.8
LOAN0000648,APP0001046,CUST0000078,5349.39,12.24,48,2025-03-20,2029-03-20,Defaulted,141.5
LOAN0000649,APP0002973,CUST0001586,34449.4,9.2,36,2024-08-03,2027-08-03,Active,1098.69
LOAN0000650,APP0000193,CUST0000367,16039.65,7.88,48,2025-07-22,2029-07-22,Active,390.67
LOAN0000651,APP0002188,CUST0000372,67667.35,8.78,24,2022-12-07,2024-12-06,Paid Off,3084.54
LOAN0000652,APP0000484,CUST0001937,89790.12,8.44,48,2023-06-25,2027-06-25,Active,2210.63
LOAN0000653,APP0000432,CUST0000825,8172.25,11.94,36,2022-08-18,2025-08-17,Paid Off,271.2
LOAN0000654,APP0001989,CUST0000287,22437.19,7.46,24,2026-06-29,2028-06-28,Active,1009.26
LOAN0000655,APP0002772,CUST0000567,26975.05,7.19,48,2022-04-14,2026-04-14,Paid Off,648.33
LOAN0000656,APP0001136,CUST0000323,1173.93,14.91,24,2023-12-03,2025-12-02,Paid Off,56.87
LOAN0000657,APP0000145,CUST0001306,68814.53,5.86,36,2022-06-14,2025-06-13,Paid Off,2089.11
LOAN0000658,APP0001808,CUST0001214,12072.81,7.45,36,2025-10-14,2028-10-13,Active,375.26
LOAN0000659,APP0000799,CUST0000060,5284.96,10.55,48,2024-08-19,2028-08-19,Delinquent,135.44
LOAN0000660,APP0001711,CUST0000250,58850.99,6.65,36,2021-11-18,2024-11-17,Paid Off,1807.74
LOAN0000661,APP0001642,CUST0001064,9107.72,10.16,24,2025-07-28,2027-07-28,Active,420.95
LOAN0000662,APP0000615,CUST0001374,17692.9,8.55,24,2023-01-21,2025-01-20,Paid Off,804.65
LOAN0000663,APP0001969,CUST0000457,21140.52,5.98,48,2025-01-18,2029-01-18,Active,496.29
LOAN0000664,APP0001095,CUST0001199,41911.24,9.4,60,2025-11-07,2030-11-07,Active,878.17
LOAN0000665,APP0002753,CUST0000713,81633.56,8.18,12,2023-07-16,2024-07-15,Paid Off,7107.97
LOAN0000666,APP0001041,CUST0001929,,7.98,12,2026-03-09,2027-03-09,Active,903.46
LOAN0000667,APP0002210,CUST0001761,26326.04,6.74,60,2023-04-25,2028-04-24,Active,518.06
LOAN0000668,APP0002834,CUST0001694,39492.6,9.65,36,2024-07-21,2027-07-21,Active,1267.84
LOAN0000669,APP0001937,CUST0000718,29574.67,12.64,24,2025-09-11,2027-09-11,Defaulted,1401.04
LOAN0000670,APP0002520,CUST0001849,30177.09,7.74,24,2025-03-04,2027-03-04,Active,1361.25
LOAN0000671,APP0002189,CUST0000122,58693.03,9.25,84,2022-08-11,2029-08-10,Delinquent,951.78
LOAN0000672,APP0002947,CUST0000889,10322.35,5.44,48,2025-02-28,2029-02-28,Active,239.78
LOAN0000673,APP0000986,CUST0000446,9107.64,7.89,24,2022-11-18,2024-11-17,Paid Off,411.46
LOAN0000674,APP0000687,CUST0001546,20529.99,8.03,36,2024-08-16,2027-08-16,Active,643.62
LOAN0000675,APP0001155,CUST0000218,17997.69,11.38,24,2026-06-24,2028-06-23,Active,842.01
LOAN0000676,APP0000976,CUST0001540,10879.97,8.75,24,2022-09-10,2024-09-09,Paid Off,495.8
LOAN0000677,APP0000568,CUST0000588,5007.96,11.55,84,2025-11-29,2032-11-28,Active,87.2
LOAN0000678,APP0002150,CUST0001185,74873.47,6.19,36,2023-03-19,2026-03-18,Paid Off,2284.25
LOAN0000679,APP0000748,CUST0001802,15936.78,9.47,60,2021-12-01,2026-12-01,Active,334.47
LOAN0000680,APP0001561,CUST0001225,83618.55,5.88,72,2025-07-14,2031-07-14,Active,1381.07
LOAN0000681,APP0002823,CUST0000016,3909.46,13.91,24,2024-04-27,2026-04-27,Paid Off,187.54
LOAN0000682,APP0002568,CUST0000525,10170.91,7.0,24,2023-06-03,2025-06-02,Paid Off,455.38
LOAN0000683,APP0002930,CUST0000978,32587.52,8.14,24,2023-01-26,2025-01-25,Paid Off,1475.93
LOAN0000684,APP0002698,CUST0001256,17515.83,6.88,60,2025-06-14,2030-06-14,Defaulted,345.84
LOAN0000685,APP0001612,CUST0000180,50239.53,7.53,36,2023-09-25,2026-09-24,Active,1563.45
LOAN0000686,APP0002232,CUST0000987,5941.47,8.09,36,2025-07-26,2028-07-25,Active,186.43
LOAN0000687,APP0001589,CUST0001008,6441.6,14.23,12,2022-07-28,2023-07-28,Paid Off,579.07
LOAN0000688,APP0000371,CUST0001892,790.35,14.75,12,2022-02-15,2023-02-15,Paid Off,71.24
LOAN0000689,APP0000126,CUST0000758,-32951.3,8.21,36,2025-10-11,2028-10-10,Active,1035.77
LOAN0000690,APP0001197,CUST0001014,15671.55,10.11,24,2024-10-27,2026-10-27,Active,723.96
LOAN0000691,APP0000805,CUST0000724,11524.22,9.22,60,2023-10-16,2028-10-15,Active,240.46
LOAN0000692,APP0002492,CUST0000288,20749.18,8.51,84,2021-12-30,2028-12-29,Active,328.7
LOAN0000693,APP0000446,CUST0000142,3722.63,8.85,72,2025-09-18,2031-09-18,Active,66.83
LOAN0000694,APP0000540,CUST0000521,29182.83,8.21,36,2022-04-14,2025-04-13,Paid Off,917.31
LOAN0000695,APP0001530,CUST0000746,13371.24,6.98,36,2022-11-02,2025-11-01,Paid Off,412.74
LOAN0000696,APP0001993,CUST0000802,4576.86,12.52,36,2022-04-13,2025-04-12,Paid Off,153.16
LOAN0000697,APP0001311,CUST0000958,19359.94,7.81,24,2021-09-26,2023-09-26,Paid Off,873.92
LOAN0000698,APP0001773,CUST0001622,20020.53,7.69,84,2024-09-04,2031-09-04,Active,308.96
LOAN0000699,APP0002648,CUST0000262,20726.62,6.58,48,2025-06-25,2029-06-25,Active,492.3
LOAN0000700,APP0001121,CUST0000677,5229.58,13.05,36,2023-11-26,2026-11-25,Active,176.33
LOAN0000701,APP0000413,CUST0001802,16240.78,12.01,60,2022-03-07,2027-03-07,Active,361.35
LOAN0000702,APP0000911,CUST0001719,4574.54,14.99,24,2023-02-27,2025-02-26,Paid Off,221.78
LOAN0000703,APP0002070,CUST0000987,5449.12,7.98,60,2024-08-28,2029-08-28,Active,110.44
LOAN0000704,APP0000925,CUST0000413,39408.64,6.87,36,2022-03-01,2025-02-28,Paid Off,1214.48
LOAN0000705,APP0002672,CUST0001228,21963.55,7.23,72,2026-06-14,2032-06-13,Active,376.89
LOAN0000706,APP0001378,CUST0000375,6690.39,9.29,84,2023-06-29,2030-06-28,Active,108.63
LOAN0000707,APP0002275,CUST0000083,42689.88,8.67,36,2024-12-26,2024-12-17,Active,1350.98
LOAN0000708,APP0000848,CUST0001277,22338.87,8.34,48,2026-06-25,2030-06-25,Active,548.93
LOAN0000709,APP0000949,CUST0001204,12178.05,8.45,24,2024-10-16,2026-10-16,Active,553.28
LOAN0000710,APP0001600,CUST0001488,17923.56,6.11,60,2022-01-13,2027-01-13,Active,347.43
LOAN0000711,APP0000995,CUST0001538,35631.19,9.77,36,2025-04-25,2028-04-24,Active,1145.87
LOAN0000712,APP0002912,CUST0001941,23389.29,,84,2026-07-26,2033-07-25,Active,336.44
LOAN0000713,APP0000465,CUST0001078,4298.76,7.2,72,2022-07-31,2028-07-30,Active,73.7
LOAN0000714,APP0002679,CUST0000498,8401.61,6.59,24,2022-04-23,2024-04-22,Paid Off,374.6
LOAN0000715,APP0002318,CUST0001671,16336.28,8.33,24,2022-07-17,2024-07-16,Paid Off,741.31
LOAN0000716,APP0000744,CUST0001866,16469.35,11.09,48,2026-05-01,2030-05-01,Active,426.38
LOAN0000717,APP0001003,CUST0001674,16377.18,10.79,36,2023-08-16,2026-08-15,Paid Off,534.54
LOAN0000718,APP0000696,CUST0001365,23115.24,8.39,24,2025-10-20,2027-10-20,Active,1049.56
LOAN0000719,APP0002782,CUST0001554,67901.03,11.75,48,2021-11-17,2025-11-17,Paid Off,1779.77
LOAN0000720,APP0002546,CUST0001383,,14.45,48,2025-12-20,2029-12-20,Defaulted,13.78
LOAN0000721,APP0001205,CUST0000629,70608.49,7.41,48,2025-09-22,2029-09-22,Active,1704.27
LOAN0000722,APP0001872,CUST0000850,16545.12,7.36,36,2025-03-13,2028-03-12,Active,513.59
LOAN0000723,APP0002426,CUST0000051,5932.75,9.66,24,2022-04-13,2024-04-12,Paid Off,272.84
LOAN0000724,APP0000681,CUST0000474,15969.58,7.79,24,2021-11-03,2023-11-03,Paid Off,720.73
LOAN0000725,APP0001306,CUST0001597,2346.03,13.49,60,2022-05-09,2027-05-09,Active,53.97
LOAN0000726,APP0000293,CUST0001310,3918.54,9.02,36,2024-11-03,2027-11-03,Active,124.65
LOAN0000727,APP0000922,CUST0001874,6268.59,15.26,36,2023-10-19,2026-10-18,Delinquent,218.1
LOAN0000728,APP0002269,CUST0000405,91461.65,8.8,84,2022-04-18,2029-04-17,Active,1462.27
LOAN0000729,APP0001271,CUST0001396,34444.58,8.13,72,2022-10-19,2028-10-18,Defaulted,606.11
LOAN0000730,APP0000572,CUST0000568,9459.79,9.35,12,2024-05-05,2025-05-05,Paid Off,828.81
LOAN0000731,APP0001473,CUST0000154,4226.87,6.35,60,2021-10-15,2026-10-15,Active,82.41
LOAN0000732,APP0000099,CUST0000308,40019.64,-6.62,24,2022-02-17,2024-02-17,Paid Off,1784.9
LOAN0000733,APP0001882,CUST0000866,50040.92,6.83,60,2023-12-13,2028-12-12,Active,986.86
LOAN0000734,APP0001025,CUST0000681,501.15,15.39,24,2023-06-27,2025-06-26,Paid Off,24.39
LOAN0000735,APP0000392,CUST0001300,30145.39,9.5,24,2024-02-19,2026-02-18,Paid Off,1384.11
LOAN0000736,APP0001194,CUST0001569,38724.36,6.72,72,2026-08-09,2032-08-08,Active,655.02
LOAN0000737,APP0000348,CUST0000477,2758.24,10.5,48,2024-04-08,2028-04-08,Active,70.62
LOAN0000738,APP0002294,CUST0001977,11654.7,8.33,36,2026-01-20,2029-01-19,Defaulted,366.99
LOAN0000739,APP0001170,CUST0001177,6547.33,12.4,72,2025-07-01,2031-07-01,Active,129.37
LOAN0000740,APP0001554,CUST0000579,10287.31,7.88,36,2023-09-29,2026-09-28,Active,321.8
LOAN0000741,APP0001327,CUST0001964,106016.68,7.09,12,2022-10-14,2023-10-14,Paid Off,9177.68
LOAN0000742,APP0001694,CUST0000701,9279.4,15.47,36,2023-11-12,2026-11-11,Active,323.81
LOAN0000743,APP0001812,CUST0001047,-16541.84,7.84,60,2023-05-09,2028-05-08,Active,334.14
LOAN0000744,APP0000165,CUST0001281,17130.77,9.86,48,2025-07-29,2029-07-29,Active,433.33
LOAN0000745,APP0002513,CUST0001102,3841.16,5.8,36,2024-08-29,2027-08-29,Active,116.51
LOAN0000746,APP0002097,CUST0000618,30405.11,6.49,48,2025-07-24,2029-07-24,Active,720.92
LOAN0000747,APP9050673,CUST0000235,22459.94,12.48,48,2024-07-14,2028-07-14,Active,596.76
LOAN0000748,APP0000495,CUST0000040,3293.0,11.78,36,2023-06-12,2026-06-11,Paid Off,109.03
LOAN0000749,APP0002689,CUST0001713,36088.84,9.08,12,2023-03-16,2024-03-15,Paid Off,3157.36
LOAN0000750,APP0002924,CUST0000994,39903.07,3.75,24,2023-07-06,2025-07-05,Paid Off,1728.35
LOAN0000751,APP0001970,CUST0001255,512.98,13.59,60,2023-09-23,2028-09-22,Defaulted,11.83
LOAN0000752,APP0000692,CUST0000055,5056.59,12.84,60,2023-10-14,2028-10-13,Active,114.64
LOAN0000753,APP0001570,CUST0001770,37769.26,9.21,36,2022-09-10,2025-09-09,Paid Off,1204.75
LOAN0000754,APP0000775,CUST0000428,33845.28,6.39,36,2025-06-27,2028-06-26,Active,1035.63
LOAN0000755,APP0002604,CUST0000499,,6.2,48,2023-11-20,2027-11-20,Active,1280.87
LOAN0000756,APP0000742,CUST0001275,67445.8,9.91,12,2026-02-18,2027-02-18,Active,5926.73
LOAN0000757,APP0002319,CUST0000800,32007.12,8.19,48,2026-01-06,2030-01-06,Active,784.25
LOAN0000758,APP0001335,CUST0001914,16502.26,8.08,36,2022-04-02,2025-04-01,Paid Off,517.73
LOAN0000759,APP0000680,CUST0001882,82188.06,8.29,36,2024-06-24,2027-06-24,Active,2586.48
LOAN0000760,APP0000596,CUST0000009,824.25,13.78,12,2025-03-23,2026-03-23,Paid Off,73.92
LOAN0000761,APP0001297,CUST0000539,13592.5,14.61,84,2022-01-07,2029-01-06,Active,259.33
LOAN0000762,APP0000955,CUST0001689,18311.06,10.68,24,2021-10-05,2023-10-05,Paid Off,850.72
LOAN0000763,APP0000073,CUST0001695,70095.5,7.42,24,2022-06-19,2024-06-18,Paid Off,3151.72
LOAN0000764,APP0003000,CUST0000816,17731.5,9.58,36,2023-02-27,2026-02-26,Paid Off,568.66
LOAN0000765,APP0000292,CUST0000587,1376.12,9.85,60,2022-10-22,2027-10-22,Active,29.14
LOAN0000766,APP0001856,CUST0001847,32154.03,8.76,60,2022-12-02,2027-12-02,Active,663.73
LOAN0000767,APP0000133,CUST0001063,54945.3,7.76,48,2022-04-23,2026-04-23,Paid Off,1335.19
LOAN0000768,APP0000522,CUST0000353,35458.67,8.44,48,2021-10-22,2025-10-22,Paid Off,872.99
LOAN0000769,APP0000997,CUST0001127,28614.88,8.9,36,2022-12-23,2025-12-22,Paid Off,908.61
LOAN0000770,APP0001696,CUST0000230,13152.05,8.5,12,2026-05-25,2027-05-25,Active,1147.12
LOAN0000771,APP0001188,CUST0001203,31386.53,6.46,24,2023-06-20,2025-06-19,Paid Off,1397.58
LOAN0000772,APP0002393,CUST0001634,63786.77,4.76,36,2025-08-03,2028-08-02,Active,1904.88
LOAN0000773,APP0002009,CUST0001047,51179.98,6.44,48,2026-09-01,2030-09-01,Delinquent,1212.32
LOAN0000774,APP0000979,CUST0000267,21566.22,5.79,48,2024-08-09,2028-08-09,Active,504.41
LOAN0000775,APP0002563,CUST0000254,4238.94,8.85,84,2025-05-07,2032-05-06,Active,67.88
LOAN0000776,APP0000887,CUST0001724,1217.26,16.06,48,2022-02-03,2026-02-03,Paid Off,34.53
LOAN0000777,APP0002940,CUST0000844,40702.92,6.97,48,2021-11-23,2025-11-23,Paid Off,974.12
LOAN0000778,APP0002450,CUST0001860,29993.75,6.48,84,2024-11-23,2031-11-23,Active,445.1
LOAN0000779,APP0000771,CUST0000842,,9.29,24,2025-01-06,2027-01-06,Active,1174.78
LOAN0000780,APP0001434,CUST0001035,71571.06,10.74,36,2023-12-02,2026-12-01,Active,2334.34
LOAN0000781,APP0000203,CUST0000899,51573.6,6.03,60,2025-06-15,2030-06-15,Active,997.78
LOAN0000782,APP0000117,CUST0001951,2176.03,14.83,48,2025-01-21,2029-01-21,Delinquent,60.37
LOAN0000783,APP0002800,CUST0000235,9023.34,10.65,72,2024-06-17,2030-06-17,Active,170.14
LOAN0000784,APP0000919,CUST0001736,3030.8,12.28,48,2026-07-21,2030-07-21,Active,80.23
LOAN0000785,APP0000316,CUST0000062,64961.63,8.48,72,2021-12-21,2027-12-21,Active,1154.27
LOAN0000786,APP0000149,CUST0000897,22440.08,9.27,24,2022-05-23,2024-05-22,Paid Off,1027.95
LOAN0000787,APP0000517,CUST0001165,62948.16,11.1,60,2024-09-01,2029-09-01,Active,1371.79
LOAN0000788,APP0002263,CUST0001767,8654.49,10.39,24,2022-03-03,2024-03-02,Paid Off,400.92
LOAN0000789,APP0000786,CUST0001225,,8.49,12,2025-08-26,2026-08-26,Active,4195.03
LOAN0000790,APP0001319,CUST0000520,55505.35,10.57,24,2025-11-25,2027-11-25,Active,2575.92
LOAN0000791,APP0000270,CUST0000569,38071.79,9.23,48,2022-10-23,2026-10-23,Active,951.58
LOAN0000792,APP0000550,CUST0001554,52240.2,5.97,36,2022-11-13,2025-11-12,Paid Off,1588.54
LOAN0000793,APP0001370,CUST0000787,,5.96,24,2023-11-22,2025-11-21,Paid Off,2567.6
LOAN0000794,APP0000612,CUST0000889,33556.77,7.84,48,2023-12-23,2027-12-23,Active,816.7
LOAN0000795,APP0002600,CUST0001172,6558.73,13.48,36,2023-08-24,2026-08-23,Paid Off,222.51
LOAN0000796,APP0002933,CUST0000373,14949.72,12.18,36,2024-08-15,2027-08-15,Active,497.83
LOAN0000797,APP0001558,CUST0001108,6443.93,9.89,48,2022-02-12,2026-02-12,Paid Off,163.09
LOAN0000798,APP0000712,CUST0000317,28641.37,8.31,72,2022-01-17,2028-01-17,Active,506.52
LOAN0000799,APP0002243,CUST0001457,14532.13,7.17,60,2022-03-14,2027-03-14,Defaulted,288.92
LOAN0000800,APP0001146,CUST0001859,12827.55,8.58,36,2021-11-30,2024-11-29,Paid Off,405.41
LOAN0000801,APP0002935,CUST0000385,530.44,16.12,60,2025-03-29,2030-03-29,Active,12.93
LOAN0000802,APP0000338,CUST0000245,27743.36,7.84,72,2022-06-25,2028-06-24,Active,484.27
LOAN0000803,APP0001677,CUST0001873,17080.16,6.15,36,2025-04-24,2028-04-23,Active,520.77
LOAN0000804,APP0000958,CUST0001885,17094.23,9.29,24,2023-09-14,2025-09-13,Paid Off,783.22
LOAN0000805,APP0002387,CUST0000035,13161.45,4.48,24,2024-10-08,2026-10-08,Delinquent,574.35
LOAN0000806,APP0000393,CUST0001842,3073.73,8.7,48,2023-10-31,2027-10-31,Active,76.05
LOAN0000807,APP0001951,CUST0001177,32239.63,11.25,72,2024-05-16,2030-05-16,Active,617.79
LOAN0000808,APP0001177,CUST0000975,132961.27,7.85,12,2021-10-23,2022-10-23,Paid Off,11556.87
LOAN0000809,APP0001656,CUST0000555,32726.83,12.26,36,2024-10-02,2027-10-02,Active,1091.07
LOAN0000810,APP0001729,CUST0000308,22639.15,7.8,24,2023-11-13,2025-11-12,Paid Off,1021.84
LOAN0000811,APP0002054,CUST0000112,160644.15,7.89,48,2023-01-19,2027-01-19,Active,3913.5
LOAN0000812,APP0002199,CUST0000171,3864.89,11.33,72,2022-09-16,2028-09-15,Active,74.22
LOAN0000813,APP0000241,CUST0000751,12217.68,6.37,60,2022-12-01,2027-12-01,Active,238.31
LOAN0000814,APP0001749,CUST0001716,21880.79,8.35,84,2025-05-26,2032-05-25,Active,344.87
LOAN0000815,APP0000834,CUST0001619,1543.82,16.74,36,2023-01-19,2026-01-18,Paid Off,54.84
LOAN0000816,APP0002770,CUST0000908,500.0,14.05,48,2026-07-31,2030-07-31,Active,13.68
LOAN0000817,APP0002422,CUST0000079,17599.84,5.96,72,2024-07-25,2030-07-25,Active,291.35
LOAN0000818,APP0000894,CUST0001829,22101.26,6.7,60,2023-03-10,2028-03-09,Defaulted,434.51
LOAN0000819,APP0000601,CUST0000079,18089.74,4.98,84,2025-03-08,2032-03-07,Active,255.51
LOAN0000820,APP0002057,CUST0001998,31873.04,12.34,24,2025-02-23,2027-02-23,Delinquent,1505.44
LOAN0000821,APP0000746,CUST0000002,11732.91,10.71,24,2024-10-31,2026-10-31,Delinquent,545.27
LOAN0000822,APP0001123,CUST0000217,86612.18,6.95,24,2023-02-25,2025-02-24,Paid Off,3875.89
LOAN0000823,APP0000625,CUST0000581,4642.38,10.38,72,2025-01-15,2031-01-15,Active,86.9
LOAN0000824,APP0002181,CUST0001893,36706.72,8.59,12,2022-12-11,2023-12-11,Paid Off,3203.08
LOAN0000825,APP0002519,CUST0000904,16843.89,8.21,60,2022-06-29,2027-06-29,Active,343.23
LOAN0000826,APP0002305,CUST0001367,46546.46,5.58,36,2024-11-30,2027-11-30,Active,1407.19
LOAN0000827,APP0001129,CUST0000292,16708.12,7.74,60,2024-02-13,2024-01-18,Active,336.71
LOAN0000828,APP0002570,CUST0001120,30336.39,10.65,60,2025-07-07,2030-07-07,Active,654.3
LOAN0000829,APP0000490,CUST0001653,10778.51,9.74,36,2023-09-02,2026-09-01,Active,346.48
LOAN0000830,APP0000902,CUST0001182,16356.18,7.4,24,2021-10-20,2023-10-20,Paid Off,735.28
LOAN0000831,APP0002572,CUST0001079,41917.24,6.53,48,2025-01-14,2029-01-14,Active,994.65
LOAN0000832,APP0000412,CUST0001010,-1527.83,14.09,84,2022-12-20,2029-12-19,Delinquent,28.71
LOAN0000833,APP0002626,CUST0000043,2935.78,16.09,12,2024-03-24,2025-03-24,Paid Off,266.49
LOAN0000834,APP0002167,CUST0000174,4999.67,14.68,24,2022-01-28,2024-01-28,Paid Off,241.66
LOAN0000835,APP0002417,CUST0000411,29050.6,6.24,72,2024-09-04,2030-09-04,Active,484.75
LOAN0000836,APP0000266,CUST0001813,5368.45,8.49,12,2025-05-08,2026-05-08,Paid Off,468.21
LOAN0000837,APP0001817,CUST0001209,8050.26,8.94,12,2025-08-24,2026-08-24,Paid Off,703.78
LOAN0000838,APP0001924,CUST0001379,33354.51,8.15,72,2021-11-27,2027-11-27,Active,587.26
LOAN0000839,APP0000589,CUST0001640,10027.86,10.27,60,2024-11-12,2029-11-12,Active,214.4
LOAN0000840,APP0000103,CUST0000139,3432.02,15.73,24,2025-08-14,2027-08-14,Defaulted,167.6
LOAN0000841,APP0002840,CUST0001747,776.51,16.55,84,2025-02-03,2032-02-03,Defaulted,15.67
LOAN0000842,APP0001250,CUST0001345,48952.07,3.23,60,2025-07-14,2030-07-14,Active,884.62
LOAN0000843,APP0002848,CUST0001698,4731.06,8.37,24,2023-05-17,2025-05-16,Paid Off,214.77
LOAN0000844,APP0002038,CUST0000514,,8.66,36,2022-07-25,2025-07-24,Paid Off,612.02
LOAN0000845,APP0000595,CUST0000375,9659.07,9.26,72,2024-09-20,2030-09-20,Defaulted,175.36
LOAN0000846,APP0001207,CUST0001545,13529.55,6.94,48,2024-10-15,2028-10-15,Active,323.61
LOAN0000847,APP0000389,CUST0001690,,9.1,48,2025-08-26,2029-08-26,Active,250.57
LOAN0000848,APP0002953,CUST0000210,1833.76,16.85,36,2025-09-05,2028-09-04,Active,65.24
LOAN0000849,APP0000908,CUST0001560,10037.31,6.41,24,2023-12-20,2025-12-19,Paid Off,446.72
LOAN0000850,APP0000055,CUST0000934,2637.16,9.01,48,2022-08-12,2026-08-12,Paid Off,65.64
LOAN0000851,APP0001105,CUST0000216,3289.15,15.35,24,2024-12-13,2026-12-13,Active,160.03
LOAN0000852,APP0000223,CUST0001797,22829.86,12.17,60,2024-08-03,2029-08-03,Defaulted,509.8
LOAN0000853,APP0001578,CUST0000649,13865.36,5.01,24,2024-04-30,2026-04-30,Paid Off,608.35
LOAN0000854,APP0000026,CUST0000203,33632.16,11.08,24,2023-02-27,2025-02-26,Paid Off,1568.77
LOAN0000855,APP0002797,CUST0001690,56578.35,9.23,12,2024-02-21,2025-02-20,Paid Off,4953.9
LOAN0000856,APP0002230,CUST0001687,28567.23,5.49,60,2022-10-14,2027-10-14,Active,545.54
LOAN0000857,APP0002384,CUST0001175,3875.0,7.47,36,2024-01-17,2027-01-16,Active,120.48
LOAN0000858,APP0002671,CUST0001675,7664.28,9.33,36,2024-05-21,2027-05-21,Active,244.9
LOAN0000859,APP0002632,CUST0000097,7008.98,11.23,48,2022-03-01,2026-03-01,Paid Off,181.93
LOAN0000860,APP0000246,CUST0000693,10329.16,8.45,48,2024-08-18,2028-08-18,Active,254.35
LOAN0000861,APP0002565,CUST0000058,28178.71,8.67,72,2023-07-23,2029-07-22,Active,503.33
LOAN0000862,APP0001448,CUST0000125,15999.34,10.11,36,2026-01-30,2029-01-29,Active,517.08
LOAN0000863,APP0001823,CUST0001674,34764.22,6.25,24,2026-07-21,2028-07-20,Active,1544.69
LOAN0000864,APP0000765,CUST0000254,5264.22,10.25,72,2026-08-23,2032-08-22,Defaulted,98.19
LOAN0000865,APP0002618,CUST0000114,42709.02,7.6,36,2026-05-20,2029-05-19,Active,1330.48
LOAN0000866,APP0002970,CUST0001543,3472.11,11.14,48,2025-06-11,2029-06-11,Active,89.97
LOAN0000867,APP0000441,CUST0000515,20790.21,7.42,24,2026-01-04,2028-01-04,Active,934.79
LOAN0000868,APP0001395,CUST0000064,500.0,14.54,72,2022-07-12,2028-07-11,Active,10.45
LOAN0000869,APP0000735,CUST0001175,,6.92,72,2023-02-02,2029-02-01,Active,63.75
LOAN0000870,APP0001965,CUST0001917,17019.98,7.41,36,2022-04-28,2025-04-27,Paid Off,528.72
LOAN0000871,APP0001909,CUST0000372,5206.12,4.52,12,2022-03-26,2023-03-26,Paid Off,444.54
LOAN0000872,APP0000448,CUST0000724,44113.31,10.79,12,2024-08-16,2025-08-16,Paid Off,3894.49
LOAN0000873,APP0002080,CUST0000566,5885.3,11.96,36,2024-10-01,2027-10-01,Active,195.36
LOAN0000874,APP0001117,CUST0000323,7144.8,,36,2024-12-01,2027-12-01,Active,244.44
LOAN0000875,APP0002301,CUST0001981,6154.85,7.69,36,2026-05-12,2029-05-11,Delinquent,191.99
LOAN0000876,APP0000255,CUST0001097,747.17,13.83,48,2025-11-15,2029-11-15,Delinquent,20.35
LOAN0000877,APP0002276,CUST0000645,30307.92,5.91,24,2026-03-10,2028-03-09,Active,1342.04
LOAN0000878,APP0002584,CUST0001897,1047.95,13.11,24,2024-10-28,2026-10-28,Active,49.88
LOAN0000879,APP0000260,CUST0001635,27696.09,6.34,84,2025-04-14,2032-04-13,Active,409.13
LOAN0000880,APP0001891,CUST0001382,5022.35,7.82,36,2023-08-14,2026-08-13,Paid Off,156.97
LOAN0000881,APP0001092,CUST0001780,42096.29,6.04,84,2025-10-18,2032-10-17,Delinquent,615.77
LOAN0000882,APP0001362,CUST0000010,2775.33,15.75,48,2026-06-26,2030-06-26,Active,78.3
LOAN0000883,APP0000341,CUST0001189,,7.4,12,2024-09-11,2025-09-11,Paid Off,1252.98
LOAN0000884,APP0000454,CUST0001823,12852.46,13.15,48,2021-09-12,2025-09-12,Paid Off,345.76
LOAN0000885,APP0000592,CUST0001583,38848.44,8.5,84,2025-03-01,2032-02-29,Active,615.22
LOAN0000886,APP0002401,CUST0000808,32429.7,10.74,60,2022-01-18,2027-01-18,Active,700.9
LOAN0000887,APP0000297,CUST0000177,49079.76,6.02,36,2021-12-06,2024-12-05,Paid Off,1493.55
LOAN0000888,APP0000112,CUST0000669,2330.37,13.25,12,2023-10-18,2024-10-17,Paid Off,208.42
LOAN0000889,APP0000503,CUST0001397,18397.78,8.47,36,2023-05-17,2026-05-16,Paid Off,580.52
LOAN0000890,APP0002132,CUST0001356,4106.72,8.55,12,2024-10-17,2025-10-17,Paid Off,358.28
LOAN0000891,APP0000699,CUST0001535,4173.48,6.24,36,2023-02-07,2026-02-06,Paid Off,127.42
LOAN0000892,APP0000123,CUST0000592,6361.03,8.92,72,2025-04-29,2031-04-29,Active,114.41
LOAN0000893,APP0002296,CUST0000309,28487.3,8.92,48,2024-03-13,2028-03-13,Active,707.83
LOAN0000894,APP0002084,CUST0001899,36374.71,5.72,60,2023-12-26,2028-12-25,Delinquent,698.5
LOAN0000895,APP0001876,CUST0001690,12950.39,9.72,48,2022-12-05,2026-12-05,Active,326.72
LOAN0000896,APP0002489,CUST0001870,31399.66,8.41,24,2022-09-04,2024-09-03,Paid Off,1426.0
LOAN0000897,APP0001452,CUST0001804,3651.92,15.87,24,2025-12-25,2027-12-25,Active,178.58
LOAN0000898,APP0000384,CUST0001017,24093.32,7.42,60,2026-07-19,2031-07-19,Active,481.87
LOAN0000899,APP0001658,CUST0001440,66656.81,5.85,36,2022-02-02,2025-02-01,Paid Off,2023.3
LOAN0000900,APP0002873,CUST0001384,32236.29,10.32,36,2025-04-25,2028-04-24,Active,1045.02
LOAN0000901,APP0002218,CUST0001641,19069.07,7.52,24,2025-01-12,2027-01-12,Delinquent,858.27
LOAN0000902,APP0000822,CUST0001690,4699.05,8.16,36,2022-12-06,2025-12-05,Paid Off,147.6
LOAN0000903,APP0001431,CUST0000956,7265.96,12.15,24,2023-04-05,2025-04-04,Paid Off,342.54
LOAN0000904,APP0000141,CUST0000695,63221.55,6.17,24,2021-11-12,2023-11-12,Paid Off,2806.86
LOAN0000905,APP0000158,CUST0001824,32843.23,5.31,72,2025-05-22,2031-05-22,Active,533.67
LOAN0000906,APP0002066,CUST0000195,5696.34,13.13,60,2024-05-30,2029-05-30,Defaulted,129.99
LOAN0000907,APP0002119,CUST0000815,11814.2,6.66,72,2022-12-24,2028-12-23,Active,199.5
LOAN0000908,APP0001142,CUST0000130,4368.6,12.04,72,2021-09-06,2027-09-06,Active,85.5
LOAN0000909,APP0001613,CUST0001131,3208.89,9.67,48,2024-02-25,2028-02-25,Active,80.88
LOAN0000910,APP0002588,CUST0001975,17391.47,12.22,36,2026-09-07,2029-09-06,Active,579.47
LOAN0000911,APP0001830,CUST0001601,18732.99,7.06,36,2024-03-13,2027-03-13,Active,578.93
LOAN0000912,APP0000189,CUST0001844,58846.64,10.72,12,2022-06-17,2023-06-17,Paid Off,5193.28
LOAN0000913,APP0002932,CUST0001465,1083.34,16.01,60,2022-03-03,2027-03-03,Active,26.35
LOAN0000914,APP0002397,CUST0000740,39535.29,10.17,60,2024-08-29,2029-08-29,Active,843.32
LOAN0000915,APP0002638,CUST0000789,12052.38,10.88,48,2025-12-17,2029-12-17,Active,310.8
LOAN0000916,APP0002898,CUST0000176,4891.62,10.86,36,2023-06-05,2026-06-04,Paid Off,159.82
LOAN0000917,APP0001517,CUST0000428,30743.16,10.31,24,2021-10-30,2023-10-30,Paid Off,1423.04
LOAN0000918,APP0000845,CUST0001267,52651.23,6.73,12,2024-01-19,2025-01-18,Paid Off,4549.19
LOAN0000919,APP0000695,CUST0000935,39623.11,9.12,36,2023-12-15,2026-12-14,Active,1262.22
LOAN0000920,APP0001366,CUST0000930,9923.06,9.85,72,2025-04-12,2031-04-12,Active,183.08
LOAN0000921,APP0001397,CUST0001691,25718.15,10.46,12,2026-03-10,2027-03-10,Active,2266.54
LOAN0000922,APP0001420,CUST0000524,39894.9,11.33,84,2024-11-27,2031-11-27,Active,690.04
LOAN0000923,APP0000028,CUST0001262,29831.57,9.42,48,2023-06-13,2027-06-13,Active,748.32
LOAN0000924,APP0002971,CUST0001034,6819.23,10.49,36,2025-08-31,2028-08-30,Active,221.61
LOAN0000925,APP0000651,CUST0000891,35797.27,7.84,24,2026-03-13,2028-03-12,Active,1616.4
LOAN0000926,APP0000427,CUST0000037,18498.08,7.06,12,2025-10-11,2026-10-11,Active,1601.09
LOAN0000927,APP0001599,CUST0001396,10808.81,8.14,48,2023-12-28,2027-12-28,Active,264.59
LOAN0000928,APP0002203,CUST0000026,12657.55,6.97,48,2023-07-15,2027-07-15,Active,302.92
LOAN0000929,APP0001961,CUST0001670,10785.11,10.71,36,2025-12-05,2028-12-04,Active,351.61
LOAN0000930,APP0002383,CUST0001845,52244.53,7.93,36,2023-05-10,2026-05-09,Paid Off,1635.47
LOAN0000931,APP0000532,CUST0001670,31341.41,8.39,12,2024-04-26,2025-04-26,Paid Off,2731.99
LOAN0000932,APP0001320,CUST0001349,32978.27,6.56,24,2022-06-14,2024-06-13,Paid Off,1469.95
LOAN0000933,APP0000175,CUST0001255,1505.11,14.38,60,2022-04-03,2027-04-03,Active,35.32
LOAN0000934,APP0001451,CUST0001193,29520.91,-7.36,48,2025-02-23,2029-02-23,Delinquent,711.86
LOAN0000935,APP0002980,CUST0001011,17665.33,6.17,24,2026-05-09,2028-05-08,Active,784.29
LOAN0000936,APP0000818,CUST0000312,16805.45,12.55,60,2023-03-16,2028-03-15,Active,378.52
LOAN0000937,APP0002258,CUST0000227,57519.16,10.72,24,2024-02-17,2026-02-16,Paid Off,2673.37
LOAN0000938,APP0002187,CUST0000621,7520.1,8.53,60,2025-09-29,2030-09-29,Active,154.4
LOAN0000939,APP0001047,CUST0000478,38139.68,9.25,48,2025-05-15,2029-05-15,Delinquent,953.64
LOAN0000940,APP0001491,CUST0001196,27458.13,8.67,60,2025-08-01,2030-08-01,Active,565.6
LOAN0000941,APP0002486,CUST0001838,500.0,17.19,12,2024-04-01,2025-04-01,Paid Off,45.65
LOAN0000942,APP0002458,CUST0001390,4823.73,8.78,60,2021-09-22,2026-09-22,Active,99.62
LOAN0000943,APP0002223,CUST0001081,44779.82,7.41,60,2024-06-04,2029-06-04,Active,895.38
LOAN0000944,APP0001757,CUST0000225,6468.94,10.22,24,2022-06-10,2024-06-09,Paid Off,299.17
LOAN0000945,APP0002916,CUST0001464,50656.22,11.09,24,2022-01-24,2024-01-24,Paid Off,2363.09
LOAN0000946,APP0000812,CUST0001388,27117.08,5.31,60,2022-04-06,2027-04-06,Delinquent,515.59
LOAN0000947,APP0001388,CUST0000757,20915.59,6.89,36,2025-10-27,2028-10-26,Active,644.76
LOAN0000948,APP0002160,CUST0000651,22903.03,6.43,48,2022-11-14,2026-11-14,Active,542.41
LOAN0000949,APP0000578,CUST0001930,11829.07,12.54,12,2025-10-10,2026-10-10,Active,1053.99
LOAN0000950,APP0000350,CUST0000602,70119.98,6.7,24,2026-06-23,2028-06-22,Active,3129.92
LOAN0000951,APP0001353,CUST0000355,15470.49,8.4,60,2026-07-10,2031-07-10,Active,316.66
LOAN0000952,APP0000391,CUST0000495,16129.0,8.31,24,2024-02-03,2026-02-02,Paid Off,731.75
LOAN0000953,APP0000457,CUST0000223,5715.71,6.92,12,2025-10-18,2026-10-18,Active,494.35
LOAN0000954,APP0000349,CUST0001129,106393.72,5.62,24,2022-07-10,2024-07-09,Paid Off,4697.24
LOAN0000955,APP0000344,CUST0001213,11069.95,8.71,60,2024-11-09,2029-11-09,Active,228.24
LOAN0000956,APP0002288,CUST0000357,13482.45,11.47,36,2024-09-16,2027-09-16,Active,444.41
LOAN0000957,APP0001441,CUST0001757,18275.87,7.84,48,2024-04-08,2028-04-08,Active,444.8
LOAN0000958,APP0001185,CUST0000467,13123.39,10.58,48,2026-06-19,2030-06-19,Active,336.51
LOAN0000959,APP0001001,CUST0001220,15700.66,5.42,36,2024-12-12,2027-12-12,Active,473.53
LOAN0000960,APP0001480,CUST0000131,2935.15,11.53,12,2022-12-17,2023-12-17,Paid Off,260.14
LOAN0000961,APP0002298,CUST0000905,27043.47,6.43,24,2025-09-11,2027-09-11,Active,1203.83
LOAN0000962,APP0002643,CUST0001978,1255.59,14.4,24,2025-08-25,2027-08-25,Active,60.52
LOAN0000963,APP0000660,CUST0000661,25081.69,6.73,72,2023-06-09,2029-06-08,Active,424.37
LOAN0000964,APP0002517,CUST0000884,1360.68,16.41,60,2024-03-11,2029-03-11,Active,33.39
LOAN0000965,APP0000298,CUST0001104,7807.33,8.37,60,2023-07-23,2028-07-22,Active,159.69
LOAN0000966,APP0001013,CUST0000509,15130.63,11.95,60,2026-05-23,2031-05-23,Active,336.19
LOAN0000967,APP0000230,CUST0001720,13505.31,11.34,12,2026-01-07,2027-01-07,Active,1195.76
LOAN0000968,APP0000059,CUST0000752,30387.36,7.15,60,2023-06-08,2028-06-07,Active,603.86
LOAN0000969,APP0000952,CUST0001679,28354.12,7.24,36,2023-09-30,2026-09-29,Active,878.61
LOAN0000970,APP0002645,CUST0000484,8685.64,15.67,60,2024-10-31,2029-10-31,Active,209.7
LOAN0000971,APP0000361,CUST0001859,16514.89,10.09,84,2022-08-29,2029-08-28,Active,274.94
LOAN0000972,APP0001992,CUST0000157,6996.13,15.12,36,2025-07-05,2028-07-04,Active,242.93
LOAN0000973,APP0000559,CUST0000613,6501.55,7.42,48,2025-11-28,2029-11-28,Active,156.96
LOAN0000974,APP0001048,CUST0001242,1853.98,11.14,36,2025-11-24,2028-11-23,Active,60.82
LOAN0000975,APP0000406,CUST0001254,9308.51,8.58,72,2024-09-29,2030-09-29,Delinquent,165.86
LOAN0000976,APP0000147,CUST0001864,2462.82,15.63,24,2021-11-27,2023-11-27,Paid Off,120.15
LOAN0000977,APP0000985,CUST0000019,1679.12,15.66,36,2023-02-22,2026-02-21,Paid Off,58.75
LOAN0000978,APP0001941,CUST0001864,770.92,16.78,72,2022-04-26,2028-04-25,Active,17.06
LOAN0000979,APP0000033,CUST0000179,30637.44,12.73,24,2022-04-05,2024-04-04,Paid Off,1452.68
LOAN0000980,APP0000547,CUST0000019,2282.46,14.5,36,2026-06-15,2029-06-14,Active,78.56
LOAN0000981,APP0001857,CUST0000925,26394.58,5.73,48,2023-03-07,2027-03-07,Active,616.62
LOAN0000982,APP0000745,CUST0001817,796.51,14.84,48,2021-10-02,2025-10-02,Paid Off,22.1
LOAN0000983,APP0001256,CUST0000403,15369.84,8.0,24,2024-10-02,2026-10-02,Active,695.14
LOAN0000984,APP0000437,CUST0000313,15700.3,7.05,12,2023-08-21,2024-08-20,Paid Off,1358.86
LOAN0000985,APP0002585,CUST0001532,2128.56,14.12,36,2024-11-03,2027-11-03,Delinquent,72.87
LOAN0000986,APP0001494,CUST0000192,12695.93,9.82,36,2022-01-29,2025-01-28,Paid Off,408.59
LOAN0000987,APP0002483,CUST0000318,37452.13,10.13,84,2024-06-17,2031-06-17,Active,624.27
LOAN0000988,APP0000511,CUST0000060,1699.94,10.9,60,2025-05-19,2030-05-19,Active,36.88
LOAN0000989,APP0000698,CUST0000173,2874.08,11.15,48,2024-10-15,2028-10-15,Active,74.49
LOAN0000990,APP0001122,CUST0001359,43303.4,9.44,24,2022-06-12,2024-06-11,Paid Off,1987.06
LOAN0000991,APP0000933,CUST0001560,38918.19,7.54,72,2025-05-14,2031-05-14,Active,673.65
LOAN0000992,APP0002123,CUST0000379,34441.58,6.2,24,2025-02-12,2027-02-12,Active,1529.58
LOAN0000993,APP0001027,CUST0001956,2366.69,15.44,84,2026-04-25,2033-04-24,Active,46.26
LOAN0000994,APP0002963,CUST0001810,4622.43,11.23,84,2026-03-09,2033-03-08,Active,79.71
LOAN0000995,APP0002710,CUST0000172,761.22,15.63,84,2023-06-27,2030-06-26,Defaulted,14.96
LOAN0000996,APP0001837,CUST0001406,8738.29,8.16,36,2024-10-31,2027-10-31,Delinquent,274.47
LOAN0000997,APP0000433,CUST0001742,24210.22,8.87,24,2024-01-05,2026-01-04,Paid Off,1104.59
LOAN0000998,APP0001932,CUST0000917,9059.44,8.29,48,2023-11-09,2027-11-09,Active,222.4
LOAN0000999,APP0002480,CUST0000199,4993.44,9.19,36,2024-04-27,2027-04-27,Delinquent,159.23
LOAN0001000,APP0001762,CUST0000172,825.41,12.66,36,2024-10-06,2027-10-06,Active,27.68
LOAN0001001,APP0002743,CUST0001523,739.06,15.18,48,2025-04-19,2029-04-19,Active,20.64
LOAN0001002,APP0001720,CUST0000872,,7.33,60,2022-12-19,2027-12-19,Active,274.52
LOAN0001003,APP0001899,CUST0001176,810.72,,36,2022-12-08,2025-12-07,Paid Off,28.15
LOAN0001004,APP0000650,CUST0000334,9869.65,6.13,36,2024-01-29,2027-01-28,Active,300.84
LOAN0001005,APP0002266,CUST0001447,24378.39,7.24,48,2026-06-22,2030-06-22,Defaulted,586.49
LOAN0001006,APP0001128,CUST0001516,36523.09,8.27,12,2024-04-13,2025-04-13,Paid Off,3181.65
LOAN0001007,APP0002896,CUST0000204,6028.47,11.14,60,2022-04-21,2027-04-21,Active,131.49
LOAN0001008,APP0000402,CUST0000596,45998.38,10.44,60,2024-01-10,2029-01-09,Active,987.32
LOAN0001009,APP0000701,CUST0000836,50491.51,7.19,72,2023-04-30,2029-04-29,Active,865.44
LOAN0001010,APP0000996,CUST0000740,7799.51,-7.74,60,2024-06-24,2029-06-24,Active,157.18
LOAN0001011,APP0001241,CUST0000856,52181.95,8.8,48,2022-11-30,2026-11-30,Active,1293.6
LOAN0001012,APP0001326,CUST0000088,10600.35,10.86,72,2021-10-12,2027-10-12,Active,201.01
LOAN0001013,APP0002966,CUST0001164,9986.76,9.47,36,2021-10-31,2024-10-30,Paid Off,319.77
LOAN0001014,APP0000047,CUST0000540,6201.69,11.32,60,2025-02-17,2030-02-17,Active,135.83
LOAN0001015,APP0000018,CUST0001727,-57811.76,9.22,12,2023-01-30,2024-01-30,Paid Off,5061.62
LOAN0001016,APP0002875,CUST0000980,38655.7,8.12,60,2024-02-11,2029-02-10,Active,786.02
LOAN0001017,APP0001401,CUST0000814,53923.97,11.12,12,2026-08-14,2027-08-14,Active,4768.91
LOAN0001018,APP0002699,CUST0000344,11835.46,8.01,12,2024-11-14,2025-11-14,Paid Off,1029.6
LOAN0001019,APP0002726,CUST0000057,10517.99,9.08,48,2024-04-15,2028-04-15,Active,262.14
LOAN0001020,APP0000691,CUST0000984,12746.99,12.8,24,2025-10-15,2027-10-15,Delinquent,604.82
LOAN0001021,APP0001073,CUST0001012,15179.0,6.43,36,2021-12-21,2024-12-20,Paid Off,464.74
LOAN0001022,APP0000087,CUST0000504,25588.67,8.34,60,2022-05-23,2027-05-23,Delinquent,523.02
LOAN0001023,APP0001684,CUST0000128,11285.12,8.01,48,2026-07-03,2030-07-03,Active,275.56
LOAN0001024,APP0002765,CUST0000610,20805.82,8.03,60,2022-03-10,2027-03-10,Active,422.17
LOAN0001025,APP0001763,CUST0001349,4808.57,5.26,60,2026-05-25,2031-05-25,Active,91.32
LOAN0001026,APP0001616,CUST0001502,19565.45,8.25,36,2025-03-12,2028-03-11,Delinquent,615.37
LOAN0001027,APP0000780,CUST0000991,14323.25,,84,2024-05-22,2031-05-22,Active,244.87
LOAN0001028,APP0002818,CUST0001772,17496.31,11.66,24,2026-03-12,2028-03-11,Active,820.84
LOAN0001029,APP0000891,CUST0000850,38656.86,7.42,12,2021-12-05,2022-12-05,Paid Off,3352.34
LOAN0001030,APP0001299,CUST0001960,50129.78,7.83,36,2024-07-16,2027-07-16,Active,1566.96
LOAN0001031,APP0002115,CUST0001049,3043.21,12.17,60,2026-05-05,2031-05-05,Delinquent,67.96
LOAN0001032,APP0001432,CUST0001094,25248.86,8.12,12,2022-12-22,2023-12-22,Paid Off,2197.76
LOAN0001033,APP0001045,CUST0001008,1093.58,10.19,36,2021-09-21,2024-09-20,Paid Off,35.38
LOAN0001034,APP0002661,CUST0001087,6883.0,7.16,48,2023-06-08,2027-06-08,Active,165.33
LOAN0001035,APP0002116,CUST0001087,18224.77,7.66,60,2025-05-05,2030-05-05,Active,366.57
LOAN0001036,APP0001363,CUST0001528,40723.64,6.17,72,2024-02-07,2030-02-06,Active,678.18
LOAN0001037,APP0000301,CUST0001120,9986.31,8.04,24,2024-11-22,2026-11-22,Active,451.84
LOAN0001038,APP0000599,CUST0000252,11079.46,7.16,24,2024-06-23,2026-06-23,Paid Off,496.86
LOAN0001039,APP0001587,CUST0000630,28511.62,7.11,60,2021-11-16,2026-11-16,Active,566.05
LOAN0001040,APP0002740,CUST0001771,92792.73,7.16,72,2025-03-12,2031-03-12,Active,1589.16
LOAN0001041,APP0001085,CUST0001455,1296.57,,24,2024-01-25,2026-01-24,Paid Off,63.76
LOAN0001042,APP0002620,CUST0000080,15834.79,11.68,60,2026-02-24,2031-02-24,Active,349.68
LOAN0001043,APP0001355,CUST0001235,6460.1,11.97,24,2023-07-10,2025-07-09,Paid Off,304.01
LOAN0001044,APP0001781,CUST0000487,3131.35,10.13,24,2025-09-02,2027-09-02,Active,144.68
LOAN0001045,APP0000081,CUST0000884,2676.1,15.89,36,2026-07-11,2029-07-10,Delinquent,93.94
LOAN0001046,APP0002531,CUST0001804,3858.5,14.18,60,2021-09-11,2026-09-11,Defaulted,90.14
LOAN0001047,APP0001701,CUST0001890,9702.33,7.34,60,2023-09-10,2028-09-09,Active,193.68
LOAN0001048,APP0002087,CUST0000697,48689.09,7.71,36,2021-12-31,2024-12-30,Paid Off,1519.23
LOAN0001049,APP0002495,CUST0001672,6371.64,8.88,60,2025-09-13,2030-09-13,Active,131.89
LOAN0001050,APP0000265,CUST0001116,17840.96,6.69,36,2023-04-24,2026-04-23,Paid Off,548.35
LOAN0001051,APP0002060,CUST0000672,29693.73,11.47,24,2022-04-09,2024-04-08,Paid Off,1390.45
LOAN0001052,APP0001730,CUST0001145,14223.39,7.24,72,2023-01-10,2029-01-09,Active,244.14
LOAN0001053,APP0000905,CUST0000405,12878.44,5.44,12,2025-03-16,2026-03-16,Paid Off,1105.09
LOAN0001054,APP0002745,CUST0000136,22473.36,,72,2022-06-03,2028-06-02,Active,381.21
LOAN0001055,APP0001289,CUST0000072,20272.48,8.16,60,2022-01-10,2027-01-10,Active,412.61
LOAN0001056,APP0002522,CUST0000334,51982.54,5.83,60,2025-02-20,2030-02-20,Active,1000.86
LOAN0001057,APP0001430,CUST0001755,2761.4,11.3,48,2022-07-13,2026-07-13,Paid Off,71.77
LOAN0001058,APP0000472,CUST0001412,16205.7,6.58,60,2022-06-06,2027-06-06,Active,317.69
LOAN0001059,APP0002014,CUST0000741,5211.1,11.2,12,2026-05-17,2027-05-17,Active,461.05
LOAN0001060,APP0002727,CUST0001212,2283.23,10.69,48,2024-05-14,2028-05-14,Active,58.67
LOAN0001061,APP0002803,CUST0001081,81746.54,9.25,24,2022-04-23,2024-04-22,Paid Off,3743.95
LOAN0001062,APP0000665,CUST0001082,99829.47,7.59,48,2022-06-02,2026-06-02,Paid Off,2417.96
LOAN0001063,APP0000494,CUST0001908,56451.08,8.9,48,2023-06-18,2027-06-18,Active,1402.11
LOAN0001064,APP0002554,CUST0000707,18045.43,11.52,24,2021-10-15,2023-10-15,Paid Off,845.42
LOAN0001065,APP0000139,CUST0000179,34790.1,8.46,24,2025-03-12,2027-03-12,Active,1580.77
LOAN0001066,APP0000924,CUST0000326,7266.22,13.06,48,2025-04-26,2029-04-26,Active,195.15
LOAN0001067,APP0002498,CUST0002000,42218.53,9.01,84,2022-10-15,2029-10-14,Defaulted,679.47
LOAN0001068,APP0000013,CUST0001987,16614.17,8.51,48,2024-04-17,2028-04-17,Defaulted,409.59
LOAN0001069,APP0002272,CUST0001718,39476.84,7.44,36,2025-06-04,2028-06-03,Active,1226.89
LOAN0001070,APP0000342,CUST0000493,37102.5,6.22,72,2022-06-22,2028-06-21,Active,618.76
LOAN0001071,APP0000509,CUST0001010,3630.13,15.89,60,2022-03-18,2027-03-18,Active,88.07
LOAN0001072,APP0001896,CUST0001625,14255.07,8.24,60,2026-07-06,2031-07-06,Active,290.68
LOAN0001073,APP0000987,CUST0000684,25113.95,11.07,36,2025-02-07,2028-02-07,Active,823.03
LOAN0001074,APP0002534,CUST0001204,16788.52,7.86,36,2022-01-09,2025-01-08,Paid Off,525.01
LOAN0001075,APP0001102,CUST0001360,72741.66,9.04,24,2023-09-29,2025-09-28,Paid Off,3324.52
LOAN0001076,APP0002412,CUST0001674,19193.01,6.91,60,2026-06-11,2031-06-11,Active,379.23
LOAN0001077,APP0001004,CUST0000575,48252.32,12.81,36,2026-08-17,2029-08-16,Active,1621.4
LOAN0001078,APP0001091,CUST0000158,7041.83,6.03,60,2023-04-20,2028-04-19,Defaulted,136.24
LOAN0001079,APP0000106,CUST0001386,7325.2,10.55,72,2025-09-15,2031-09-15,Active,137.75
LOAN0001080,APP0000101,CUST0000037,32412.93,7.11,48,2024-09-25,2028-09-25,Active,777.82
LOAN0001081,APP0002490,CUST0001201,3208.76,13.02,24,2021-11-26,2023-11-26,Paid Off,152.58
LOAN0001082,APP0000930,CUST0001333,103530.23,-8.44,12,2026-08-07,2027-08-07,Active,9027.01
LOAN0001083,APP0000983,CUST0001738,21432.19,8.26,48,2024-06-24,2028-06-24,Active,525.84
LOAN0001084,APP0000715,CUST0001760,4336.97,8.08,24,2023-10-13,2025-10-12,Paid Off,196.31
LOAN0001085,APP0002651,CUST0000122,27031.72,8.37,12,2025-09-09,2026-09-09,Active,2356.07
LOAN0001086,APP0002705,CUST0000266,-19280.08,9.16,36,2022-02-11,2025-02-10,Paid Off,614.54
LOAN0001087,APP0002482,CUST0000764,45886.41,,48,2025-08-04,2029-08-04,Active,1132.54
LOAN0001088,APP0002637,CUST0000081,2170.33,11.55,48,2024-10-03,2028-10-03,Active,56.67
LOAN0001089,APP0000751,CUST0000542,27221.35,8.2,24,2025-05-05,2027-05-05,Active,1233.63
LOAN0001090,APP0001002,CUST0001597,3664.17,15.96,48,2023-01-26,2027-01-26,Defaulted,103.77
LOAN0001091,APP0001247,CUST0001104,7825.08,7.99,36,2022-12-29,2025-12-28,Paid Off,245.17
LOAN0001092,APP0002178,CUST0001280,8589.06,8.65,36,2021-12-20,2024-12-19,Paid Off,271.73
LOAN0001093,APP0002479,CUST0000010,1348.2,13.89,72,2026-07-06,2032-07-05,Active,27.7
LOAN0001094,APP0001581,CUST0000804,30809.72,6.75,12,2022-04-25,2023-04-25,Paid Off,2662.32
LOAN0001095,APP0001213,CUST0001379,,7.67,48,2022-07-09,2026-07-09,Paid Off,440.52
LOAN0001096,APP0001958,CUST0001402,12320.97,9.6,24,2023-04-03,2025-04-02,Paid Off,566.28
LOAN0001097,APP0001329,CUST0000351,912.29,13.15,24,2022-11-13,2024-11-12,Paid Off,43.44
LOAN0001098,APP0001962,CUST0001388,8482.49,6.1,48,2024-11-19,2028-11-19,Active,199.6
LOAN0001099,APP0001804,CUST0000862,7225.03,11.7,48,2026-07-20,2030-07-20,Active,189.2
LOAN0001100,APP0001605,CUST0000671,17451.74,7.71,48,2025-01-07,2029-01-07,Active,423.68
LOAN0001101,APP0001012,CUST0001312,22356.58,4.44,72,2026-09-05,2032-09-04,Active,354.27
LOAN0001102,APP0001209,CUST0001208,1683.63,7.56,60,2024-08-13,2029-08-13,Active,33.78
LOAN0001103,APP0001216,CUST0001099,10781.55,7.77,24,2025-11-21,2027-11-21,Active,486.49
LOAN0001104,APP0000110,CUST0001267,36422.12,8.49,48,2023-07-24,2027-07-24,Active,897.57
LOAN0001105,APP0000380,CUST0001863,,8.66,48,2024-05-13,2028-05-13,Active,405.4
LOAN0001106,APP0000993,CUST0000187,500.0,13.34,48,2025-12-31,2029-12-31,Active,13.5
LOAN0001107,APP0002300,CUST0001812,25467.57,8.08,36,2025-04-05,2028-04-04,Active,799.0
LOAN0001108,APP0001999,CUST0001857,12507.95,5.35,84,2024-05-03,2031-05-03,Active,178.85
LOAN0001109,APP0001030,CUST0000285,71911.02,7.25,36,2025-03-31,2028-03-30,Active,2228.63
LOAN0001110,APP0000706,CUST0000284,2015.12,7.94,60,2022-08-27,2027-08-27,Active,40.8
LOAN0001111,APP0000261,CUST0001815,16516.6,9.35,36,2024-05-06,2027-05-06,Active,527.92
LOAN0001112,APP0001897,CUST0001115,9944.83,7.84,60,2023-09-01,2028-08-31,Active,200.88
LOAN0001113,APP0002917,CUST0001322,1512.73,14.65,36,2022-02-17,2025-02-16,Paid Off,52.18
LOAN0001114,APP0001774,CUST0000924,8875.76,12.43,12,2025-02-27,2026-02-27,Paid Off,790.39
LOAN0001115,APP0002219,CUST0000563,11430.84,9.16,36,2022-07-08,2025-07-07,Paid Off,364.35
LOAN0001116,APP0001323,CUST0001130,5882.49,9.31,48,2025-07-07,2029-07-07,Active,147.25
LOAN0001117,APP0001980,CUST0000820,17785.82,5.92,24,2025-12-06,2027-12-06,Defaulted,787.64
LOAN0001118,APP0001597,CUST0000445,6963.14,11.6,48,2024-02-08,2028-02-08,Active,182.0
LOAN0001119,APP0000921,CUST0001739,33661.6,10.39,72,2024-02-22,2030-02-21,Active,630.25
LOAN0001120,APP0001150,CUST0000403,45613.0,5.39,72,2023-09-16,2029-09-15,Active,742.87
LOAN0001121,APP0002096,CUST0000590,37701.18,6.33,36,2024-04-10,2027-04-10,Active,1152.59
LOAN0001122,APP0000234,CUST0001214,3280.22,8.94,36,2021-11-08,2024-11-07,Paid Off,104.22
LOAN0001123,APP0000100,CUST0001674,39872.18,8.1,72,2025-05-16,2031-05-16,Active,701.04
LOAN0001124,APP0001686,CUST0001705,47600.8,8.55,84,2024-06-22,2031-06-22,Defaulted,755.03
LOAN0001125,APP0001555,CUST0001958,14632.09,13.66,12,2026-01-05,2027-01-05,Active,1311.43
LOAN0001126,APP0000502,CUST0000824,1800.07,7.21,12,2025-02-13,2026-02-13,Paid Off,155.93
LOAN0001127,APP0002551,CUST0000218,15826.42,7.93,12,2023-11-15,2024-11-14,Paid Off,1376.2
LOAN0001128,APP0000514,CUST0001951,500.0,,36,2026-04-09,2029-04-08,Active,17.51
LOAN0001129,APP0002031,CUST0001745,81435.99,8.38,60,2024-03-23,2029-03-23,Defaulted,1666.08
LOAN0001130,APP0000545,CUST0000529,1533.25,9.96,12,2026-04-10,2026-03-20,Active,134.77
LOAN0001131,APP0001630,CUST0001544,14059.8,6.35,60,2022-04-24,2027-04-24,Active,274.11
LOAN0001132,APP0002346,CUST0001062,34622.27,7.01,24,2024-09-19,2026-09-19,Active,1550.29
LOAN0001133,APP0002557,CUST0000569,15086.56,11.62,12,2023-01-30,2024-01-30,Paid Off,1337.74
LOAN0001134,APP0002829,CUST0000927,19474.89,7.29,48,2024-11-29,2028-11-29,Active,468.98
LOAN0001135,APP0002082,CUST0000663,10187.12,10.24,48,2022-04-18,2026-04-18,Paid Off,259.55
LOAN0001136,APP0000192,CUST0001639,4977.18,10.35,36,2025-07-01,2028-06-30,Active,161.42
LOAN0001137,APP0000923,CUST0001746,13390.38,7.01,36,2022-04-21,2025-04-20,Paid Off,413.52
LOAN0001138,APP0002018,CUST0000836,,7.45,36,2025-09-19,2028-09-18,Active,452.6
LOAN0001139,APP0000169,CUST0001058,3809.03,6.18,72,2025-04-21,2031-04-21,Delinquent,63.45
LOAN0001140,APP0000159,CUST0001205,4396.45,11.21,72,2024-10-08,2030-10-08,Active,84.16
LOAN0001141,APP0001221,CUST0000051,44661.21,8.07,48,2022-09-22,2026-09-22,Active,1091.78
LOAN0001142,APP0002112,CUST0000255,2315.24,8.44,84,2022-12-15,2029-12-14,Active,36.6
LOAN0001143,APP0002555,CUST0001437,57895.6,6.32,48,2022-07-31,2026-07-31,Paid Off,1368.19
LOAN0001144,APP0001957,CUST0000992,1288.88,10.27,24,2022-06-24,2024-06-23,Paid Off,59.64
LOAN0001145,APP0002920,CUST0000941,11182.86,9.66,36,2025-05-21,2028-05-20,Active,359.06
LOAN0001146,APP0001281,CUST0001228,18056.96,11.0,72,2022-04-13,2028-04-12,Active,343.7
LOAN0001147,APP0002021,CUST0000162,22241.71,10.56,48,2021-09-25,2025-09-25,Paid Off,570.11
LOAN0001148,APP0001171,CUST0001315,9160.96,7.05,84,2025-04-03,2032-04-02,Defaulted,138.49
LOAN0001149,APP0002447,CUST0001555,13739.15,-9.86,48,2026-08-13,2030-08-13,Active,347.54
LOAN0001150,APP0000917,CUST0000285,,6.96,72,2025-05-05,2031-05-05,Active,1880.44
LOAN0001151,APP0002956,CUST0001704,56014.36,8.68,60,2026-06-21,2031-06-21,Active,1154.09
LOAN0001152,APP0001766,CUST0000690,8972.55,7.58,60,2024-05-06,2029-05-06,Active,180.13
LOAN0001153,APP0000345,CUST0000872,26888.51,7.02,84,2022-08-12,2029-08-11,Active,406.08
LOAN0001154,APP0001087,CUST0001079,8644.25,11.76,36,2026-04-01,2029-03-31,Active,286.12
LOAN0001155,APP0001244,CUST0001649,20793.22,6.9,48,2026-09-06,2030-09-06,Active,496.96
LOAN0001156,APP0001948,CUST0001085,19275.9,,24,2025-06-17,2027-06-17,Active,883.54
LOAN0001157,APP0002118,CUST0000530,45286.9,7.24,72,2024-08-07,2030-08-07,Active,777.33
LOAN0001158,APP0002493,CUST0001111,5059.36,5.45,48,2025-01-28,2029-01-28,Active,117.55
LOAN0001159,APP0001893,CUST0000524,,8.85,24,2023-05-18,2025-05-17,Paid Off,940.72
LOAN0001160,APP0002503,CUST0000921,4335.46,10.11,36,2024-11-03,2027-11-03,Active,140.12
LOAN0001161,APP0000546,CUST0000235,1971.05,11.9,24,2024-08-27,2026-08-27,Defaulted,92.69
LOAN0001162,APP0002348,CUST0001012,68480.76,8.02,36,2023-01-06,2026-01-05,Paid Off,2146.57
LOAN0001163,APP0001514,CUST0001499,3529.61,15.1,12,2023-07-14,2024-07-13,Paid Off,318.74
LOAN0001164,APP0000375,CUST0000119,44993.96,7.44,84,2022-09-21,2029-09-20,Defaulted,688.8
LOAN0001165,APP0001829,CUST0001559,1074.64,16.02,48,2026-06-30,2030-06-30,Active,30.47
LOAN0001166,APP0001400,CUST0000238,45698.02,6.31,84,2023-03-24,2030-03-23,Active,674.39
LOAN0001167,APP0002246,CUST0001223,9320.31,5.75,24,2022-04-08,2024-04-07,Paid Off,412.03
LOAN0001168,APP0001352,CUST0000110,25314.5,9.62,36,2023-09-21,2026-09-20,Active,812.32
LOAN0001169,APP0002532,CUST0000478,24694.18,8.32,72,2026-05-18,2032-05-17,Active,436.84
LOAN0001170,APP0002039,CUST0000417,57272.69,9.5,60,2024-05-31,2029-05-31,Active,1202.83
LOAN0001171,APP0001584,CUST0002000,9870.44,9.59,12,2022-12-28,2023-12-28,Paid Off,865.89
LOAN0001172,APP0002951,CUST0000998,26729.26,9.13,72,2023-12-03,2029-12-02,Defaulted,483.54
LOAN0001173,APP0001995,CUST0000555,11061.97,6.2,24,2022-03-28,2024-03-27,Paid Off,491.27
LOAN0001174,APP0001308,CUST0000059,17832.8,9.42,24,2025-11-18,2027-11-18,Delinquent,818.13
LOAN0001175,APP0001688,CUST0001640,24109.83,13.0,60,2023-09-01,2028-08-31,Active,548.57
LOAN0001176,APP0001472,CUST0001237,15110.54,8.8,60,2024-09-03,2029-09-03,Delinquent,312.21
LOAN0001177,APP0000212,CUST0001258,24339.53,6.19,48,2026-07-21,2030-07-21,Active,573.74
LOAN0001178,APP0001806,CUST0000642,23026.21,8.35,12,2023-09-23,2024-09-22,Paid Off,2006.74
LOAN0001179,APP0000628,CUST0001582,23488.91,6.78,24,2022-11-10,2024-11-09,Paid Off,1049.32
