assessment_id,customer_id,loan_id,assessment_date,risk_score,probability_of_default,risk_category,model_version
RISK0000001,CUST0000670,LOAN0000001,2024-09-13,712,0.0478,LOW,synthetic-pd-v1.0
RISK0000002,CUST0001496,LOAN0000002,2022-12-22,630,0.2332,MEDIUM,synthetic-pd-v1.0
RISK0000003,CUST0001611,LOAN0000003,2025-04-30,688,0.0782,LOW,synthetic-pd-v1.0
RISK0000004,CUST0000109,LOAN0000004,2024-03-10,607,0.3335,HIGH,synthetic-pd-v1.0
RISK0000005,CUST0001873,LOAN0000005,2021-09-30,670,0.1128,MEDIUM,synthetic-pd-v1.0
RISK0000006,CUST0001607,LOAN0000006,2026-05-17,627,0.2415,MEDIUM,synthetic-pd-v1.0
RISK0000007,CUST0001095,LOAN0000007,2025-12-13,710,0.0505,LOW,synthetic-pd-v1.0
RISK0000008,CUST0000149,LOAN0000008,2026-08-29,711,0.0491,LOW,synthetic-pd-v1.0
RISK0000009,CUST0001784,LOAN0000009,2023-08-14,656,0.1458,MEDIUM,synthetic-pd-v1.0
RISK0000010,CUST0000872,LOAN0000010,2022-10-14,694,0.0699,LOW,synthetic-pd-v1.0
RISK0000011,CUST0001625,LOAN0000011,2023-08-09,642,0.1876,MEDIUM,synthetic-pd-v1.0
RISK0000012,CUST0000142,LOAN0000012,2025-07-09,617,0.2849,MEDIUM,synthetic-pd-v1.0
RISK0000013,CUST0001977,LOAN0000013,2026-03-11,717,0.0434,LOW,synthetic-pd-v1.0
RISK0000014,CUST0000402,LOAN0000014,2021-10-05,797,0.0079,LOW,synthetic-pd-v1.0
RISK0000015,CUST0000458,LOAN0000015,2025-02-03,730,0.033,LOW,synthetic-pd-v1.0
RISK0000016,CUST0001519,LOAN0000016,2022-08-15,755,0.0195,LOW,synthetic-pd-v1.0
RISK0000017,CUST0001057,LOAN0000017,2024-03-18,509,0.8088,HIGH,synthetic-pd-v1.0
RISK0000018,CUST0001061,LOAN0000018,2022-08-22,684,0.085,LOW,synthetic-pd-v1.0
RISK0000019,CUST0000215,LOAN0000019,2024-11-22,743,0.0249,LOW,synthetic-pd-v1.0
RISK0000020,CUST0000074,LOAN0000020,2024-10-10,675,0.1012,LOW,synthetic-pd-v1.0
RISK0000021,CUST0001063,LOAN0000021,2026-06-27,754,0.0199,LOW,synthetic-pd-v1.0
RISK0000022,CUST0001424,LOAN0000022,2025-01-11,683,0.0865,LOW,synthetic-pd-v1.0
RISK0000023,CUST0000593,LOAN0000023,2024-08-19,586,0.4395,HIGH,synthetic-pd-v1.0
RISK0000024,CUST0000409,LOAN0000024,2023-10-13,650,0.1622,MEDIUM,synthetic-pd-v1.0
RISK0000025,CUST0001897,LOAN0000025,2025-04-23,686,0.0812,LOW,synthetic-pd-v1.0
RISK0000026,CUST0000646,LOAN0000026,2021-12-07,727,0.0352,LOW,synthetic-pd-v1.0
RISK0000027,CUST0001479,LOAN0000027,2025-06-12,745,0.0239,LOW,synthetic-pd-v1.0
RISK0000028,CUST0001563,LOAN0000028,2024-11-13,710,0.05,LOW,synthetic-pd-v1.0
RISK0000029,CUST0001341,LOAN0000029,2023-06-10,706,0.0539,LOW,synthetic-pd-v1.0
RISK0000030,CUST0000234,LOAN0000030,2023-05-02,701,0.0602,LOW,synthetic-pd-v1.0
RISK0000031,CUST0001706,LOAN0000031,2023-12-27,756,0.0189,LOW,synthetic-pd-v1.0
RISK0000032,CUST0001896,LOAN0000032,2026-01-02,735,0.0297,LOW,synthetic-pd-v1.0
RISK0000033,CUST0000870,LOAN0000033,2024-09-11,681,0.0901,LOW,synthetic-pd-v1.0
RISK0000034,CUST0000958,LOAN0000034,2025-11-25,800,0.0074,LOW,synthetic-pd-v1.0
RISK0000035,CUST0001053,LOAN0000035,2025-01-13,564,0.5588,HIGH,synthetic-pd-v1.0
RISK0000036,CUST0001972,LOAN0000036,2024-09-03,693,0.0712,LOW,synthetic-pd-v1.0
RISK0000037,CUST0000813,LOAN0000037,2023-06-13,627,0.2452,MEDIUM,synthetic-pd-v1.0
RISK0000038,CUST0000173,LOAN0000038,2022-08-02,613,0.3052,HIGH,synthetic-pd-v1.0
RISK0000039,CUST0000727,LOAN0000039,2023-02-21,784,0.0105,LOW,synthetic-pd-v1.0
RISK0000040,CUST0001442,LOAN0000040,2024-06-12,760,0.0172,LOW,synthetic-pd-v1.0
RISK0000041,CUST0000349,LOAN0000041,2022-05-31,694,0.0694,LOW,synthetic-pd-v1.0
RISK0000042,CUST0000310,LOAN0000042,2023-10-07,783,0.0106,LOW,synthetic-pd-v1.0
RISK0000043,CUST0000751,LOAN0000043,2023-11-23,744,0.0244,LOW,synthetic-pd-v1.0
RISK0000044,CUST0001525,LOAN0000044,2026-01-30,543,0.6688,HIGH,synthetic-pd-v1.0
RISK0000045,CUST0001826,LOAN0000045,2026-02-10,724,0.0371,LOW,synthetic-pd-v1.0
RISK0000046,CUST0000434,LOAN0000046,2023-03-20,666,0.1203,MEDIUM,synthetic-pd-v1.0
RISK0000047,CUST0000173,LOAN0000047,2026-06-14,645,0.1777,MEDIUM,synthetic-pd-v1.0
RISK0000048,CUST0000325,LOAN0000048,2021-09-30,537,0.6982,HIGH,synthetic-pd-v1.0
RISK0000049,CUST0001948,LOAN0000049,2023-03-29,646,0.1754,MEDIUM,synthetic-pd-v1.0
RISK0000050,CUST0001199,LOAN0000050,2022-06-16,613,0.3054,HIGH,synthetic-pd-v1.0
RISK0000051,CUST0000700,LOAN0000051,2023-06-09,574,0.5075,HIGH,synthetic-pd-v1.0
RISK0000052,CUST0000805,LOAN0000052,2025-03-31,629,0.2358,MEDIUM,synthetic-pd-v1.0
RISK0000053,CUST0001996,LOAN0000053,2026-06-14,596,0.3863,HIGH,synthetic-pd-v1.0
RISK0000054,CUST0001080,LOAN0000054,2022-02-01,729,0.0336,LOW,synthetic-pd-v1.0
RISK0000055,CUST0000204,LOAN0000055,2024-02-06,721,0.0393,LOW,synthetic-pd-v1.0
RISK0000056,CUST0001678,LOAN0000056,2022-03-31,799,0.0074,LOW,synthetic-pd-v1.0
RISK0000057,CUST0000148,LOAN0000057,2021-12-02,701,0.0599,LOW,synthetic-pd-v1.0
RISK0000058,CUST0000179,LOAN0000058,2024-05-28,683,0.0867,MEDIUM,synthetic-pd-v1.0
RISK0000059,CUST0001059,LOAN0000059,2022-01-19,545,0.6567,HIGH,synthetic-pd-v1.0
RISK0000060,CUST0000337,LOAN0000060,2025-10-23,820,0.0047,LOW,synthetic-pd-v1.0
RISK0000061,CUST0000864,LOAN0000061,2023-07-23,703,0.0581,LOW,synthetic-pd-v1.0
RISK0000062,CUST0000839,LOAN0000062,2025-03-17,635,0.2136,MEDIUM,synthetic-pd-v1.0
RISK0000063,CUST0001300,LOAN0000063,2025-08-01,705,0.0554,LOW,synthetic-pd-v1.0
RISK0000064,CUST0000840,LOAN0000064,2022-08-07,738,0.0275,LOW,synthetic-pd-v1.0
RISK0000065,CUST0001778,LOAN0000065,2023-06-22,735,0.0299,LOW,synthetic-pd-v1.0
RISK0000066,CUST0001729,LOAN0000066,2026-05-02,673,0.1063,MEDIUM,synthetic-pd-v1.0
RISK0000067,CUST0000951,LOAN0000067,2025-02-16,633,0.2206,MEDIUM,synthetic-pd-v1.0
RISK0000068,CUST0000581,LOAN0000068,2023-09-11,720,0.0407,LOW,synthetic-pd-v1.0
RISK0000069,CUST0001860,LOAN0000069,2023-10-20,726,0.036,LOW,synthetic-pd-v1.0
RISK0000070,CUST0001140,LOAN0000070,2024-04-20,679,0.0932,LOW,synthetic-pd-v1.0
RISK0000071,CUST0000884,LOAN0000071,2024-04-24,608,0.3282,MEDIUM,synthetic-pd-v1.0
RISK0000072,CUST0000914,LOAN0000072,2025-03-19,702,0.0588,LOW,synthetic-pd-v1.0
RISK0000073,CUST0001400,LOAN0000073,2022-05-09,644,0.1825,MEDIUM,synthetic-pd-v1.0
RISK0000074,CUST0001925,LOAN0000074,2021-11-10,676,0.0995,MEDIUM,synthetic-pd-v1.0
RISK0000075,CUST0001541,LOAN0000075,2021-11-19,754,0.0197,LOW,synthetic-pd-v1.0
RISK0000076,CUST0000812,LOAN0000076,2024-06-28,737,0.0283,LOW,synthetic-pd-v1.0
RISK0000077,CUST0000858,LOAN0000077,2022-03-16,685,0.0832,MEDIUM,synthetic-pd-v1.0
RISK0000078,CUST0001904,LOAN0000078,2025-01-02,607,0.3298,HIGH,synthetic-pd-v1.0
RISK0000079,CUST0000900,LOAN0000079,2023-07-08,745,0.024,LOW,synthetic-pd-v1.0
RISK0000080,CUST0001006,LOAN0000080,2023-11-03,753,0.0203,LOW,synthetic-pd-v1.0
RISK0000081,CUST0000710,LOAN0000081,2022-06-24,686,0.0819,LOW,synthetic-pd-v1.0
RISK0000082,CUST0001125,LOAN0000082,2024-04-01,699,0.0627,LOW,synthetic-pd-v1.0
RISK0000083,CUST0001065,LOAN0000083,2024-04-21,712,0.0481,LOW,synthetic-pd-v1.0
RISK0000084,CUST0000347,LOAN0000084,2022-08-11,647,0.1718,MEDIUM,synthetic-pd-v1.0
RISK0000085,CUST0001176,LOAN0000085,2025-07-21,549,0.6376,HIGH,synthetic-pd-v1.0
RISK0000086,CUST0001580,LOAN0000086,2025-08-17,725,0.0365,LOW,synthetic-pd-v1.0
RISK0000087,CUST0000704,LOAN0000087,2023-04-13,586,0.4421,HIGH,synthetic-pd-v1.0
RISK0000088,CUST0002000,LOAN0000088,2026-01-14,655,0.149,MEDIUM,synthetic-pd-v1.0
RISK0000089,CUST0001673,LOAN0000089,2022-06-03,602,0.3565,HIGH,synthetic-pd-v1.0
RISK0000090,CUST0001002,LOAN0000090,2023-04-05,709,0.0508,LOW,synthetic-pd-v1.0
RISK0000091,CUST0001744,LOAN0000091,2025-07-26,644,0.1821,MEDIUM,synthetic-pd-v1.0
RISK0000092,CUST0000456,LOAN0000092,2022-08-04,700,0.0615,LOW,synthetic-pd-v1.0
RISK0000093,CUST0001427,LOAN0000093,2026-05-22,721,0.0395,LOW,synthetic-pd-v1.0
RISK0000094,CUST0000095,LOAN0000094,2022-05-29,777,0.012,LOW,synthetic-pd-v1.0
RISK0000095,CUST0000154,LOAN0000095,2024-11-14,757,0.0186,LOW,synthetic-pd-v1.0
RISK0000096,CUST0001560,LOAN0000096,2025-09-02,754,0.0199,LOW,synthetic-pd-v1.0
RISK0000097,CUST0001203,LOAN0000097,2023-07-23,708,0.0521,LOW,synthetic-pd-v1.0
RISK0000098,CUST0001059,LOAN0000098,2025-09-14,566,0.5466,HIGH,synthetic-pd-v1.0
RISK0000099,CUST0001443,LOAN0000099,2026-05-12,681,0.0905,LOW,synthetic-pd-v1.0
RISK0000100,CUST0001820,LOAN0000100,2022-07-04,709,0.0507,LOW,synthetic-pd-v1.0
RISK0000101,CUST0001658,LOAN0000101,2025-11-29,663,0.1291,MEDIUM,synthetic-pd-v1.0
RISK0000102,CUST0001600,LOAN0000102,2024-01-03,690,0.0757,LOW,synthetic-pd-v1.0
RISK0000103,CUST0001576,LOAN0000103,2025-07-23,711,0.049,LOW,synthetic-pd-v1.0
RISK0000104,CUST0001087,LOAN0000104,2026-03-12,656,0.1463,MEDIUM,synthetic-pd-v1.0
RISK0000105,CUST0000218,LOAN0000105,2022-09-26,777,0.012,LOW,synthetic-pd-v1.0
RISK0000106,CUST0000114,LOAN0000106,2023-10-12,725,0.0366,LOW,synthetic-pd-v1.0
RISK0000107,CUST0001679,LOAN0000107,2025-03-03,756,0.0191,LOW,synthetic-pd-v1.0
RISK0000108,CUST0000721,LOAN0000108,2026-01-09,690,0.0747,LOW,synthetic-pd-v1.0
RISK0000109,CUST0000028,LOAN0000109,2025-10-19,641,0.1928,MEDIUM,synthetic-pd-v1.0
RISK0000110,CUST0000879,LOAN0000110,2024-05-09,648,0.1699,MEDIUM,synthetic-pd-v1.0
RISK0000111,CUST0000233,LOAN0000111,2022-05-10,696,0.0668,LOW,synthetic-pd-v1.0
RISK0000112,CUST0000731,LOAN0000112,2022-10-23,713,0.0469,LOW,synthetic-pd-v1.0
RISK0000113,CUST0000350,LOAN0000113,2026-07-09,700,0.0617,LOW,synthetic-pd-v1.0
RISK0000114,CUST0001608,LOAN0000114,2026-04-18,506,0.8183,HIGH,synthetic-pd-v1.0
RISK0000115,CUST0001373,LOAN0000115,2025-05-15,702,0.0594,LOW,synthetic-pd-v1.0
RISK0000116,CUST0001562,LOAN0000116,2025-05-01,708,0.052,LOW,synthetic-pd-v1.0
RISK0000117,CUST0001603,LOAN0000117,2022-07-29,520,0.769,HIGH,synthetic-pd-v1.0
RISK0000118,CUST0000674,LOAN0000118,2021-12-05,648,0.1685,MEDIUM,synthetic-pd-v1.0
RISK0000119,CUST0001120,LOAN0000119,2024-07-17,680,0.0918,MEDIUM,synthetic-pd-v1.0
RISK0000120,CUST0001271,LOAN0000120,2026-08-27,679,0.0936,LOW,synthetic-pd-v1.0
RISK0000121,CUST0000759,LOAN0000121,2026-05-23,805,0.0066,LOW,synthetic-pd-v1.0
RISK0000122,CUST0000588,LOAN0000122,2022-06-03,641,0.1917,MEDIUM,synthetic-pd-v1.0
RISK0000123,CUST0000055,LOAN0000123,2025-08-18,672,0.1066,LOW,synthetic-pd-v1.0
RISK0000124,CUST0001694,LOAN0000124,2025-11-12,604,0.3463,HIGH,synthetic-pd-v1.0
RISK0000125,CUST0001871,LOAN0000125,2021-11-07,680,0.0913,LOW,synthetic-pd-v1.0
RISK0000126,CUST0001193,LOAN0000126,2025-03-13,714,0.0458,LOW,synthetic-pd-v1.0
RISK0000127,CUST0000160,LOAN0000127,2023-03-06,736,0.0291,LOW,synthetic-pd-v1.0
RISK0000128,CUST0000046,LOAN0000128,2023-05-17,660,0.1358,MEDIUM,synthetic-pd-v1.0
RISK0000129,CUST0000185,LOAN0000129,2022-06-12,556,0.6008,HIGH,synthetic-pd-v1.0
RISK0000130,CUST0001106,LOAN0000130,2026-08-28,771,0.0138,LOW,synthetic-pd-v1.0
RISK0000131,CUST0000390,LOAN0000131,2021-10-17,615,0.2952,HIGH,synthetic-pd-v1.0
RISK0000132,CUST0000998,LOAN0000132,2024-08-15,580,0.4702,HIGH,synthetic-pd-v1.0
RISK0000133,CUST0001132,LOAN0000133,2026-05-11,717,0.043,LOW,synthetic-pd-v1.0
RISK0000134,CUST0000942,LOAN0000134,2024-07-20,451,0.9377,HIGH,synthetic-pd-v1.0
RISK0000135,CUST0000781,LOAN0000135,2024-11-10,631,0.2278,MEDIUM,synthetic-pd-v1.0
RISK0000136,CUST0000513,LOAN0000136,2022-07-03,681,0.0898,MEDIUM,synthetic-pd-v1.0
RISK0000137,CUST0000198,LOAN0000137,2022-07-12,807,0.0063,LOW,synthetic-pd-v1.0
RISK0000138,CUST0000172,LOAN0000138,2024-10-06,610,0.3195,HIGH,synthetic-pd-v1.0
RISK0000139,CUST0001015,LOAN0000139,2023-01-08,580,0.4732,HIGH,synthetic-pd-v1.0
RISK0000140,CUST0001591,LOAN0000140,2026-02-03,727,0.0353,LOW,synthetic-pd-v1.0
RISK0000141,CUST0001450,LOAN0000141,2026-02-10,730,0.033,LOW,synthetic-pd-v1.0
RISK0000142,CUST0001336,LOAN0000142,2023-08-27,706,0.0537,LOW,synthetic-pd-v1.0
RISK0000143,CUST0001138,LOAN0000143,2026-02-16,679,0.0935,LOW,synthetic-pd-v1.0
RISK0000144,CUST0001919,LOAN0000144,2026-02-05,678,0.0957,LOW,synthetic-pd-v1.0
RISK0000145,CUST0001661,LOAN0000145,2022-10-27,773,0.013,LOW,synthetic-pd-v1.0
RISK0000146,CUST0001023,LOAN0000146,2023-08-27,499,0.8394,HIGH,synthetic-pd-v1.0
RISK0000147,CUST0000854,LOAN0000147,2023-01-15,582,0.4601,HIGH,synthetic-pd-v1.0
RISK0000148,CUST0001024,LOAN0000148,2024-05-05,682,0.0875,MEDIUM,synthetic-pd-v1.0
RISK0000149,CUST0001646,LOAN0000149,2025-07-28,576,0.4972,HIGH,synthetic-pd-v1.0
RISK0000150,CUST0001220,LOAN0000150,2026-07-02,739,0.027,LOW,synthetic-pd-v1.0
RISK0000151,CUST0000362,LOAN0000151,2022-04-17,788,0.0096,LOW,synthetic-pd-v1.0
RISK0000152,CUST0001009,LOAN0000152,2021-12-28,751,0.0211,LOW,synthetic-pd-v1.0
RISK0000153,CUST0000748,LOAN0000153,2023-09-29,693,0.0703,LOW,synthetic-pd-v1.0
RISK0000154,CUST0001029,LOAN0000154,2024-09-23,628,0.2387,MEDIUM,synthetic-pd-v1.0
RISK0000155,CUST0001817,LOAN0000155,2022-06-18,646,0.1751,MEDIUM,synthetic-pd-v1.0
RISK0000156,CUST0001870,LOAN0000156,2025-10-04,678,0.096,LOW,synthetic-pd-v1.0
RISK0000157,CUST0000764,LOAN0000157,2022-03-13,663,0.1288,MEDIUM,synthetic-pd-v1.0
RISK0000158,CUST0001909,LOAN0000158,2025-01-20,606,0.3389,HIGH,synthetic-pd-v1.0
RISK0000159,CUST0000074,LOAN0000159,2026-05-18,721,0.0398,LOW,synthetic-pd-v1.0
RISK0000160,CUST0000948,LOAN0000160,2021-09-08,677,0.0976,MEDIUM,synthetic-pd-v1.0
RISK0000161,CUST0001312,LOAN0000161,2026-03-17,665,0.1227,MEDIUM,synthetic-pd-v1.0
RISK0000162,CUST0000927,LOAN0000162,2023-06-24,609,0.3233,HIGH,synthetic-pd-v1.0
RISK0000163,CUST0001940,LOAN0000163,2026-01-05,721,0.0399,LOW,synthetic-pd-v1.0
RISK0000164,CUST0001678,LOAN0000164,2026-05-29,799,0.0075,LOW,synthetic-pd-v1.0
RISK0000165,CUST0000543,LOAN0000165,2025-10-12,614,0.3,HIGH,synthetic-pd-v1.0
RISK0000166,CUST0000281,LOAN0000166,2026-03-11,703,0.0574,LOW,synthetic-pd-v1.0
RISK0000167,CUST0000249,LOAN0000167,2022-01-28,684,0.0854,LOW,synthetic-pd-v1.0
RISK0000168,CUST0001393,LOAN0000168,2026-08-10,648,0.1704,MEDIUM,synthetic-pd-v1.0
RISK0000169,CUST0000395,LOAN0000169,2024-09-22,722,0.039,LOW,synthetic-pd-v1.0
RISK0000170,CUST0001696,LOAN0000170,2023-03-02,728,0.0345,LOW,synthetic-pd-v1.0
RISK0000171,CUST0000198,LOAN0000171,2023-09-30,784,0.0104,LOW,synthetic-pd-v1.0
RISK0000172,CUST0000347,LOAN0000172,2026-05-07,632,0.2255,MEDIUM,synthetic-pd-v1.0
RISK0000173,CUST0000237,LOAN0000173,2025-01-17,654,0.1502,MEDIUM,synthetic-pd-v1.0
RISK0000174,CUST0000478,LOAN0000174,2022-12-08,693,0.0712,LOW,synthetic-pd-v1.0
RISK0000175,CUST0001318,LOAN0000175,2022-09-20,697,0.0657,LOW,synthetic-pd-v1.0
RISK0000176,CUST0001886,LOAN0000176,2026-01-26,723,0.0378,LOW,synthetic-pd-v1.0
RISK0000177,CUST0001402,LOAN0000177,2024-12-26,628,0.2376,MEDIUM,synthetic-pd-v1.0
RISK0000178,CUST0001260,LOAN0000178,2024-05-09,730,0.033,LOW,synthetic-pd-v1.0
RISK0000179,CUST0001569,LOAN0000179,2022-12-15,775,0.0126,LOW,synthetic-pd-v1.0
RISK0000180,CUST0001381,LOAN0000180,2026-05-06,850,0.0025,LOW,synthetic-pd-v1.0
RISK0000181,CUST0000316,LOAN0000181,2024-04-27,688,0.0781,LOW,synthetic-pd-v1.0
RISK0000182,CUST0001186,LOAN0000182,2023-03-22,688,0.0781,LOW,synthetic-pd-v1.0
RISK0000183,CUST0001313,LOAN0000183,2024-08-31,670,0.1117,LOW,synthetic-pd-v1.0
RISK0000184,CUST0001883,LOAN0000184,2024-09-01,649,0.1656,MEDIUM,synthetic-pd-v1.0
RISK0000185,CUST0000563,LOAN0000185,2026-02-15,701,0.0602,LOW,synthetic-pd-v1.0
RISK0000186,CUST0001428,LOAN0000186,2024-03-05,644,0.1812,MEDIUM,synthetic-pd-v1.0
RISK0000187,CUST0001538,LOAN0000187,2023-08-29,793,0.0084,LOW,synthetic-pd-v1.0
RISK0000188,CUST0001477,LOAN0000188,2023-12-05,679,0.0945,LOW,synthetic-pd-v1.0
RISK0000189,CUST0000683,LOAN0000189,2023-09-22,667,0.1176,MEDIUM,synthetic-pd-v1.0
RISK0000190,CUST0000404,LOAN0000190,2025-04-11,753,0.0201,LOW,synthetic-pd-v1.0
RISK0000191,CUST0001614,LOAN0000191,2022-11-24,648,0.1676,MEDIUM,synthetic-pd-v1.0
RISK0000192,CUST0000849,LOAN0000192,2022-07-28,620,0.2714,MEDIUM,synthetic-pd-v1.0
RISK0000193,CUST0000057,LOAN0000193,2025-05-24,769,0.0143,LOW,synthetic-pd-v1.0
RISK0000194,CUST0000929,LOAN0000194,2024-08-10,707,0.0533,LOW,synthetic-pd-v1.0
RISK0000195,CUST0001634,LOAN0000195,2023-07-09,668,0.1156,MEDIUM,synthetic-pd-v1.0
RISK0000196,CUST0001705,LOAN0000196,2025-10-13,709,0.0506,LOW,synthetic-pd-v1.0
RISK0000197,CUST0001411,LOAN0000197,2021-10-28,496,0.8481,HIGH,synthetic-pd-v1.0
RISK0000198,CUST0000870,LOAN0000198,2025-02-21,664,0.1261,MEDIUM,synthetic-pd-v1.0
RISK0000199,CUST0001863,LOAN0000199,2022-03-07,684,0.085,LOW,synthetic-pd-v1.0
RISK0000200,CUST0001707,LOAN0000200,2023-08-16,679,0.0932,MEDIUM,synthetic-pd-v1.0
RISK0000201,CUST0000291,LOAN0000201,2023-09-29,665,0.1224,MEDIUM,synthetic-pd-v1.0
RISK0000202,CUST0001483,LOAN0000202,2024-10-14,684,0.0855,LOW,synthetic-pd-v1.0
RISK0000203,CUST0001262,LOAN0000203,2023-07-01,704,0.0561,LOW,synthetic-pd-v1.0
RISK0000204,CUST0001520,LOAN0000204,2025-06-21,738,0.0275,LOW,synthetic-pd-v1.0
RISK0000205,CUST0001713,LOAN0000205,2022-06-13,656,0.1465,MEDIUM,synthetic-pd-v1.0
RISK0000206,CUST0001173,LOAN0000206,2023-06-20,750,0.0213,LOW,synthetic-pd-v1.0
RISK0000207,CUST0000771,LOAN0000207,2022-05-05,530,0.7268,HIGH,synthetic-pd-v1.0
RISK0000208,CUST0000233,LOAN0000208,2025-04-06,709,0.0505,LOW,synthetic-pd-v1.0
RISK0000209,CUST0000105,LOAN0000209,2022-10-05,687,0.0794,LOW,synthetic-pd-v1.0
RISK0000210,CUST0001593,LOAN0000210,2026-01-24,702,0.0594,LOW,synthetic-pd-v1.0
RISK0000211,CUST0000532,LOAN0000211,2024-05-09,689,0.077,LOW,synthetic-pd-v1.0
RISK0000212,CUST0000666,LOAN0000212,2022-01-10,522,0.7594,HIGH,synthetic-pd-v1.0
RISK0000213,CUST0001462,LOAN0000213,2022-09-19,640,0.1941,MEDIUM,synthetic-pd-v1.0
RISK0000214,CUST0001262,LOAN0000214,2021-10-28,725,0.0365,LOW,synthetic-pd-v1.0
RISK0000215,CUST0000529,LOAN0000215,2024-10-19,747,0.023,LOW,synthetic-pd-v1.0
RISK0000216,CUST0001431,LOAN0000216,2024-03-14,700,0.0617,LOW,synthetic-pd-v1.0
RISK0000217,CUST0001201,LOAN0000217,2023-08-27,624,0.2566,MEDIUM,synthetic-pd-v1.0
RISK0000218,CUST0001681,LOAN0000218,2025-07-25,601,0.3608,HIGH,synthetic-pd-v1.0
RISK0000219,CUST0001464,LOAN0000219,2024-10-14,759,0.0176,LOW,synthetic-pd-v1.0
RISK0000220,CUST0000859,LOAN0000220,2025-03-24,734,0.0302,LOW,synthetic-pd-v1.0
RISK0000221,CUST0000370,LOAN0000221,2024-02-18,730,0.0327,LOW,synthetic-pd-v1.0
RISK0000222,CUST0000336,LOAN0000222,2022-01-29,733,0.0311,LOW,synthetic-pd-v1.0
RISK0000223,CUST0000448,LOAN0000223,2026-06-13,607,0.3302,HIGH,synthetic-pd-v1.0
RISK0000224,CUST0001799,LOAN0000224,2025-05-27,553,0.6185,HIGH,synthetic-pd-v1.0
RISK0000225,CUST0001841,LOAN0000225,2024-07-26,751,0.0212,LOW,synthetic-pd-v1.0
RISK0000226,CUST0001964,LOAN0000226,2025-06-26,731,0.0322,LOW,synthetic-pd-v1.0
RISK0000227,CUST0000835,LOAN0000227,2026-02-07,701,0.0606,LOW,synthetic-pd-v1.0
RISK0000228,CUST0001886,LOAN0000228,2022-04-13,711,0.0493,LOW,synthetic-pd-v1.0
RISK0000229,CUST0001776,LOAN0000229,2025-06-24,738,0.0278,LOW,synthetic-pd-v1.0
RISK0000230,CUST0001759,LOAN0000230,2025-12-01,797,0.0078,LOW,synthetic-pd-v1.0
RISK0000231,CUST0001740,LOAN0000231,2026-03-11,668,0.1168,LOW,synthetic-pd-v1.0
RISK0000232,CUST0001242,LOAN0000232,2024-05-29,726,0.0354,LOW,synthetic-pd-v1.0
RISK0000233,CUST0000219,LOAN0000233,2024-03-29,746,0.0234,LOW,synthetic-pd-v1.0
RISK0000234,CUST0000302,LOAN0000234,2023-11-10,732,0.0313,LOW,synthetic-pd-v1.0
RISK0000235,CUST0000895,LOAN0000235,2026-05-24,706,0.0539,LOW,synthetic-pd-v1.0
RISK0000236,CUST0001896,LOAN0000236,2022-03-12,699,0.0632,LOW,synthetic-pd-v1.0
RISK0000237,CUST0001502,LOAN0000237,2025-06-26,759,0.0178,LOW,synthetic-pd-v1.0
RISK0000238,CUST0001954,LOAN0000238,2025-06-27,692,0.0724,LOW,synthetic-pd-v1.0
RISK0000239,CUST0001775,LOAN0000239,2025-10-15,812,0.0057,LOW,synthetic-pd-v1.0
RISK0000240,CUST0000669,LOAN0000240,2023-11-12,567,0.5454,HIGH,synthetic-pd-v1.0
RISK0000241,CUST0001536,LOAN0000241,2024-12-16,671,0.11,MEDIUM,synthetic-pd-v1.0
RISK0000242,CUST0000952,LOAN0000242,2023-05-05,678,0.0947,LOW,synthetic-pd-v1.0
RISK0000243,CUST0001019,LOAN0000243,2025-10-06,630,0.2296,MEDIUM,synthetic-pd-v1.0
RISK0000244,CUST0000128,LOAN0000244,2025-05-06,706,0.0546,LOW,synthetic-pd-v1.0
RISK0000245,CUST0001907,LOAN0000245,2025-02-13,669,0.1136,MEDIUM,synthetic-pd-v1.0
RISK0000246,CUST0001432,LOAN0000246,2021-11-28,710,0.0495,LOW,synthetic-pd-v1.0
RISK0000247,CUST0001635,LOAN0000247,2025-12-01,672,0.1079,MEDIUM,synthetic-pd-v1.0
RISK0000248,CUST0001881,LOAN0000248,2024-06-26,634,0.2162,MEDIUM,synthetic-pd-v1.0
RISK0000249,CUST0001057,LOAN0000249,2023-07-23,508,0.8131,HIGH,synthetic-pd-v1.0
RISK0000250,CUST0001970,LOAN0000250,2026-06-02,609,0.3242,HIGH,synthetic-pd-v1.0
RISK0000251,CUST0001134,LOAN0000251,2022-01-12,747,0.0229,LOW,synthetic-pd-v1.0
RISK0000252,CUST0000782,LOAN0000252,2024-12-31,726,0.0357,LOW,synthetic-pd-v1.0
RISK0000253,CUST0001984,LOAN0000253,2024-01-08,551,0.6261,HIGH,synthetic-pd-v1.0
RISK0000254,CUST0000010,LOAN0000254,2022-08-11,489,0.868,HIGH,synthetic-pd-v1.0
RISK0000255,CUST0001585,LOAN0000255,2021-11-08,737,0.0281,LOW,synthetic-pd-v1.0
RISK0000256,CUST0000881,LOAN0000256,2026-06-16,689,0.0761,LOW,synthetic-pd-v1.0
RISK0000257,CUST0000990,LOAN0000257,2024-07-18,582,0.4625,HIGH,synthetic-pd-v1.0
RISK0000258,CUST0001958,LOAN0000258,2026-05-05,671,0.109,MEDIUM,synthetic-pd-v1.0
RISK0000259,CUST0000431,LOAN0000259,2023-10-23,556,0.5999,HIGH,synthetic-pd-v1.0
RISK0000260,CUST0000970,LOAN0000260,2023-05-04,660,0.1357,MEDIUM,synthetic-pd-v1.0
RISK0000261,CUST0000075,LOAN0000261,2025-05-03,640,0.1936,MEDIUM,synthetic-pd-v1.0
RISK0000262,CUST0000546,LOAN0000262,2022-09-11,774,0.0127,LOW,synthetic-pd-v1.0
RISK0000263,CUST0000812,LOAN0000263,2023-08-28,743,0.025,LOW,synthetic-pd-v1.0
RISK0000264,CUST0001534,LOAN0000264,2025-06-02,655,0.1486,MEDIUM,synthetic-pd-v1.0
RISK0000265,CUST0000540,LOAN0000265,2025-08-01,681,0.09,LOW,synthetic-pd-v1.0
RISK0000266,CUST0001209,LOAN0000266,2024-05-28,753,0.0201,LOW,synthetic-pd-v1.0
RISK0000267,CUST0001406,LOAN0000267,2024-04-30,725,0.0364,LOW,synthetic-pd-v1.0
RISK0000268,CUST0000054,LOAN0000268,2024-11-12,695,0.0673,LOW,synthetic-pd-v1.0
RISK0000269,CUST0000992,LOAN0000269,2022-07-22,699,0.0629,LOW,synthetic-pd-v1.0
RISK0000270,CUST0001718,LOAN0000270,2024-04-13,686,0.0822,MEDIUM,synthetic-pd-v1.0
RISK0000271,CUST0001508,LOAN0000271,2025-07-28,706,0.0546,LOW,synthetic-pd-v1.0
RISK0000272,CUST0000260,LOAN0000272,2022-06-20,727,0.0348,LOW,synthetic-pd-v1.0
RISK0000273,CUST0001881,LOAN0000273,2025-06-12,648,0.1694,MEDIUM,synthetic-pd-v1.0
RISK0000274,CUST0000770,LOAN0000274,2022-02-26,652,0.1579,MEDIUM,synthetic-pd-v1.0
RISK0000275,CUST0000768,LOAN0000275,2023-09-23,768,0.0148,LOW,synthetic-pd-v1.0
RISK0000276,CUST0000226,LOAN0000276,2026-07-27,690,0.0753,LOW,synthetic-pd-v1.0
RISK0000277,CUST0000682,LOAN0000277,2026-01-10,684,0.0845,MEDIUM,synthetic-pd-v1.0
RISK0000278,CUST0000974,LOAN0000278,2025-09-21,774,0.0127,LOW,synthetic-pd-v1.0
RISK0000279,CUST0000453,LOAN0000279,2021-10-19,651,0.1589,MEDIUM,synthetic-pd-v1.0
RISK0000280,CUST0001304,LOAN0000280,2024-12-19,685,0.0836,LOW,synthetic-pd-v1.0
RISK0000281,CUST0000980,LOAN0000281,2024-11-17,576,0.4965,HIGH,synthetic-pd-v1.0
RISK0000282,CUST0000417,LOAN0000282,2026-05-28,750,0.0214,LOW,synthetic-pd-v1.0
RISK0000283,CUST0000106,LOAN0000283,2026-07-23,804,0.0067,LOW,synthetic-pd-v1.0
RISK0000284,CUST0001743,LOAN0000284,2023-12-29,637,0.2049,MEDIUM,synthetic-pd-v1.0
RISK0000285,CUST0000375,LOAN0000285,2021-09-21,669,0.1141,MEDIUM,synthetic-pd-v1.0
RISK0000286,CUST0001615,LOAN0000286,2025-04-25,704,0.0566,LOW,synthetic-pd-v1.0
RISK0000287,CUST0001521,LOAN0000287,2021-10-29,716,0.0445,LOW,synthetic-pd-v1.0
RISK0000288,CUST0001299,LOAN0000288,2023-10-10,630,0.2317,MEDIUM,synthetic-pd-v1.0
RISK0000289,CUST0001179,LOAN0000289,2026-04-06,661,0.1323,MEDIUM,synthetic-pd-v1.0
RISK0000290,CUST0001378,LOAN0000290,2026-04-20,748,0.0223,LOW,synthetic-pd-v1.0
RISK0000291,CUST0000996,LOAN0000291,2024-01-10,675,0.1022,MEDIUM,synthetic-pd-v1.0
RISK0000292,CUST0000929,LOAN0000292,2026-06-26,714,0.0457,LOW,synthetic-pd-v1.0
RISK0000293,CUST0000005,LOAN0000293,2023-10-07,621,0.268,MEDIUM,synthetic-pd-v1.0
RISK0000294,CUST0001403,LOAN0000294,2024-02-04,748,0.0222,LOW,synthetic-pd-v1.0
RISK0000295,CUST0000823,LOAN0000295,2026-06-02,426,0.9629,HIGH,synthetic-pd-v1.0
RISK0000296,CUST0000022,LOAN0000296,2025-02-09,694,0.069,LOW,synthetic-pd-v1.0
RISK0000297,CUST0000654,LOAN0000297,2024-05-26,744,0.0243,LOW,synthetic-pd-v1.0
RISK0000298,CUST0001943,LOAN0000298,2022-03-30,697,0.0652,LOW,synthetic-pd-v1.0
RISK0000299,CUST0001668,LOAN0000299,2023-10-11,766,0.0154,LOW,synthetic-pd-v1.0
RISK0000300,CUST0000810,LOAN0000300,2026-07-30,725,0.0368,LOW,synthetic-pd-v1.0
RISK0000301,CUST0000803,LOAN0000301,2025-11-30,745,0.0237,LOW,synthetic-pd-v1.0
RISK0000302,CUST0000200,LOAN0000302,2026-06-08,723,0.0381,LOW,synthetic-pd-v1.0
RISK0000303,CUST0001037,LOAN0000303,2025-09-05,619,0.2772,MEDIUM,synthetic-pd-v1.0
RISK0000304,CUST0001978,LOAN0000304,2025-08-02,552,0.6211,HIGH,synthetic-pd-v1.0
RISK0000305,CUST0001523,LOAN0000305,2024-07-02,614,0.2994,MEDIUM,synthetic-pd-v1.0
RISK0000306,CUST0000320,LOAN0000306,2026-03-28,670,0.112,LOW,synthetic-pd-v1.0
RISK0000307,CUST0000352,LOAN0000307,2023-04-03,751,0.0209,LOW,synthetic-pd-v1.0
RISK0000308,CUST0001185,LOAN0000308,2024-08-02,812,0.0057,LOW,synthetic-pd-v1.0
RISK0000309,CUST0001904,LOAN0000309,2025-07-04,610,0.3189,HIGH,synthetic-pd-v1.0
RISK0000310,CUST0000725,LOAN0000310,2026-01-11,655,0.1484,MEDIUM,synthetic-pd-v1.0
RISK0000311,CUST0000225,LOAN0000311,2024-07-31,698,0.0641,LOW,synthetic-pd-v1.0
RISK0000312,CUST0001305,LOAN0000312,2023-11-15,608,0.3271,HIGH,synthetic-pd-v1.0
RISK0000313,CUST0000738,LOAN0000313,2024-05-21,784,0.0104,LOW,synthetic-pd-v1.0
RISK0000314,CUST0000834,LOAN0000314,2023-02-20,763,0.0163,LOW,synthetic-pd-v1.0
RISK0000315,CUST0000351,LOAN0000315,2024-12-07,643,0.1838,MEDIUM,synthetic-pd-v1.0
RISK0000316,CUST0001906,LOAN0000316,2024-02-07,710,0.0497,LOW,synthetic-pd-v1.0
RISK0000317,CUST0000904,LOAN0000317,2025-05-03,752,0.0205,LOW,synthetic-pd-v1.0
RISK0000318,CUST0000134,LOAN0000318,2026-07-05,449,0.9403,HIGH,synthetic-pd-v1.0
RISK0000319,CUST0000323,LOAN0000319,2022-04-04,619,0.277,MEDIUM,synthetic-pd-v1.0
RISK0000320,CUST0001682,LOAN0000320,2022-05-12,677,0.098,LOW,synthetic-pd-v1.0
RISK0000321,CUST0000156,LOAN0000321,2022-02-21,708,0.0521,LOW,synthetic-pd-v1.0
RISK0000322,CUST0001398,LOAN0000322,2026-04-14,561,0.5756,HIGH,synthetic-pd-v1.0
RISK0000323,CUST0000319,LOAN0000323,2023-09-02,751,0.021,LOW,synthetic-pd-v1.0
RISK0000324,CUST0001865,LOAN0000324,2022-10-02,727,0.0349,LOW,synthetic-pd-v1.0
RISK0000325,CUST0000388,LOAN0000325,2026-02-05,642,0.1893,MEDIUM,synthetic-pd-v1.0
RISK0000326,CUST0001821,LOAN0000326,2023-03-31,695,0.0681,LOW,synthetic-pd-v1.0
RISK0000327,CUST0000432,LOAN0000327,2024-05-31,713,0.0472,LOW,synthetic-pd-v1.0
RISK0000328,CUST0000645,LOAN0000328,2024-05-14,813,0.0055,LOW,synthetic-pd-v1.0
RISK0000329,CUST0001212,LOAN0000329,2025-09-13,683,0.0858,MEDIUM,synthetic-pd-v1.0
RISK0000330,CUST0000984,LOAN0000330,2025-05-28,753,0.0204,LOW,synthetic-pd-v1.0
RISK0000331,CUST0000064,LOAN0000331,2024-05-05,653,0.155,MEDIUM,synthetic-pd-v1.0
RISK0000332,CUST0001489,LOAN0000332,2022-04-03,788,0.0096,LOW,synthetic-pd-v1.0
RISK0000333,CUST0000338,LOAN0000333,2026-06-06,660,0.1355,MEDIUM,synthetic-pd-v1.0
RISK0000334,CUST0000945,LOAN0000334,2023-02-18,704,0.0571,LOW,synthetic-pd-v1.0
RISK0000335,CUST0001351,LOAN0000335,2023-06-12,679,0.0929,LOW,synthetic-pd-v1.0
RISK0000336,CUST0000858,LOAN0000336,2024-01-16,649,0.1662,MEDIUM,synthetic-pd-v1.0
RISK0000337,CUST0000798,LOAN0000337,2022-01-20,678,0.0958,LOW,synthetic-pd-v1.0
RISK0000338,CUST0001978,LOAN0000338,2026-04-19,565,0.5552,HIGH,synthetic-pd-v1.0
RISK0000339,CUST0001640,LOAN0000339,2026-06-30,716,0.0438,LOW,synthetic-pd-v1.0
RISK0000340,CUST0000863,LOAN0000340,2026-06-22,661,0.1318,MEDIUM,synthetic-pd-v1.0
RISK0000341,CUST0000729,LOAN0000341,2026-01-21,656,0.1449,MEDIUM,synthetic-pd-v1.0
RISK0000342,CUST0000900,LOAN0000342,2024-08-18,727,0.0353,LOW,synthetic-pd-v1.0
RISK0000343,CUST0001292,LOAN0000343,2022-06-24,766,0.0153,LOW,synthetic-pd-v1.0
RISK0000344,CUST0000257,LOAN0000344,2026-08-12,711,0.0492,LOW,synthetic-pd-v1.0
RISK0000345,CUST0000525,LOAN0000345,2024-09-22,675,0.1012,LOW,synthetic-pd-v1.0
RISK0000346,CUST0000381,LOAN0000346,2024-06-27,641,0.1922,MEDIUM,synthetic-pd-v1.0
RISK0000347,CUST0001311,LOAN0000347,2023-04-16,608,0.3262,HIGH,synthetic-pd-v1.0
RISK0000348,CUST0001631,LOAN0000348,2022-06-03,691,0.0743,MEDIUM,synthetic-pd-v1.0
RISK0000349,CUST0001707,LOAN0000349,2026-04-03,709,0.0512,LOW,synthetic-pd-v1.0
RISK0000350,CUST0000752,LOAN0000350,2025-07-15,782,0.0107,LOW,synthetic-pd-v1.0
RISK0000351,CUST0000293,LOAN0000351,2023-10-15,758,0.0181,LOW,synthetic-pd-v1.0
RISK0000352,CUST0000554,LOAN0000352,2022-10-06,583,0.4583,HIGH,synthetic-pd-v1.0
RISK0000353,CUST0000995,LOAN0000353,2022-12-21,645,0.1792,MEDIUM,synthetic-pd-v1.0
RISK0000354,CUST0000423,LOAN0000354,2023-03-12,652,0.1565,MEDIUM,synthetic-pd-v1.0
RISK0000355,CUST0001238,LOAN0000355,2025-06-14,573,0.5115,HIGH,synthetic-pd-v1.0
RISK0000356,CUST0000176,LOAN0000356,2026-02-18,717,0.0432,LOW,synthetic-pd-v1.0
RISK0000357,CUST0001213,LOAN0000357,2023-02-23,691,0.0741,LOW,synthetic-pd-v1.0
RISK0000358,CUST0000280,LOAN0000358,2025-04-08,694,0.0689,LOW,synthetic-pd-v1.0
RISK0000359,CUST0000601,LOAN0000359,2022-01-31,748,0.0225,LOW,synthetic-pd-v1.0
RISK0000360,CUST0000153,LOAN0000360,2021-11-29,659,0.1374,MEDIUM,synthetic-pd-v1.0
RISK0000361,CUST0000210,LOAN0000361,2023-03-24,462,0.9213,HIGH,synthetic-pd-v1.0
RISK0000362,CUST0001267,LOAN0000362,2024-06-17,787,0.0098,LOW,synthetic-pd-v1.0
RISK0000363,CUST0001396,LOAN0000363,2025-03-07,698,0.0634,MEDIUM,synthetic-pd-v1.0
RISK0000364,CUST0001753,LOAN0000364,2025-06-30,706,0.0547,LOW,synthetic-pd-v1.0
RISK0000365,CUST0001133,LOAN0000365,2022-04-03,639,0.1989,MEDIUM,synthetic-pd-v1.0
RISK0000366,CUST0000504,LOAN0000366,2026-08-17,747,0.0229,LOW,synthetic-pd-v1.0
RISK0000367,CUST0000182,LOAN0000367,2026-04-21,705,0.0552,LOW,synthetic-pd-v1.0
RISK0000368,CUST0000229,LOAN0000368,2025-05-07,734,0.0299,LOW,synthetic-pd-v1.0
RISK0000369,CUST0000574,LOAN0000369,2022-05-19,691,0.0736,LOW,synthetic-pd-v1.0
RISK0000370,CUST0001556,LOAN0000370,2022-05-28,770,0.0139,LOW,synthetic-pd-v1.0
RISK0000371,CUST0000732,LOAN0000371,2026-01-30,696,0.0665,LOW,synthetic-pd-v1.0
RISK0000372,CUST0001274,LOAN0000372,2023-01-27,683,0.0874,LOW,synthetic-pd-v1.0
RISK0000373,CUST0001008,LOAN0000373,2023-12-05,674,0.1044,LOW,synthetic-pd-v1.0
RISK0000374,CUST0001958,LOAN0000374,2024-08-09,718,0.0421,LOW,synthetic-pd-v1.0
RISK0000375,CUST0001674,LOAN0000375,2022-07-28,677,0.0983,LOW,synthetic-pd-v1.0
RISK0000376,CUST0001450,LOAN0000376,2026-03-01,766,0.0154,LOW,synthetic-pd-v1.0
RISK0000377,CUST0000570,LOAN0000377,2022-05-21,712,0.0479,LOW,synthetic-pd-v1.0
RISK0000378,CUST0001848,LOAN0000378,2022-09-14,684,0.085,LOW,synthetic-pd-v1.0
RISK0000379,CUST0000974,LOAN0000379,2026-05-27,796,0.008,LOW,synthetic-pd-v1.0
RISK0000380,CUST0001449,LOAN0000380,2025-04-06,678,0.0956,MEDIUM,synthetic-pd-v1.0
RISK0000381,CUST0001721,LOAN0000381,2023-10-07,735,0.0296,LOW,synthetic-pd-v1.0
RISK0000382,CUST0001630,LOAN0000382,2025-10-06,767,0.0149,LOW,synthetic-pd-v1.0
RISK0000383,CUST0000304,LOAN0000383,2023-01-26,715,0.0453,LOW,synthetic-pd-v1.0
RISK0000384,CUST0001961,LOAN0000384,2025-03-31,774,0.0129,LOW,synthetic-pd-v1.0
RISK0000385,CUST0000705,LOAN0000385,2024-12-06,698,0.0638,LOW,synthetic-pd-v1.0
RISK0000386,CUST0001762,LOAN0000386,2023-09-22,692,0.0726,LOW,synthetic-pd-v1.0
RISK0000387,CUST0000823,LOAN0000387,2022-12-16,474,0.8998,HIGH,synthetic-pd-v1.0
RISK0000388,CUST0000230,LOAN0000388,2022-05-28,702,0.0585,LOW,synthetic-pd-v1.0
RISK0000389,CUST0001932,LOAN0000389,2026-08-10,606,0.3355,HIGH,synthetic-pd-v1.0
RISK0000390,CUST0001268,LOAN0000390,2022-01-05,691,0.0742,LOW,synthetic-pd-v1.0
RISK0000391,CUST0001729,LOAN0000391,2022-07-05,636,0.2089,MEDIUM,synthetic-pd-v1.0
RISK0000392,CUST0000816,LOAN0000392,2026-03-03,678,0.0953,MEDIUM,synthetic-pd-v1.0
RISK0000393,CUST0001043,LOAN0000393,2024-12-09,591,0.416,HIGH,synthetic-pd-v1.0
RISK0000394,CUST0001630,LOAN0000394,2021-10-15,765,0.0156,LOW,synthetic-pd-v1.0
RISK0000395,CUST0001233,LOAN0000395,2026-04-20,728,0.0343,LOW,synthetic-pd-v1.0
RISK0000396,CUST0000280,LOAN0000396,2025-01-06,697,0.0655,LOW,synthetic-pd-v1.0
RISK0000397,CUST0001547,LOAN0000397,2023-11-20,566,0.5477,HIGH,synthetic-pd-v1.0
RISK0000398,CUST0000420,LOAN0000398,2024-02-26,711,0.0492,LOW,synthetic-pd-v1.0
RISK0000399,CUST0000647,LOAN0000399,2024-07-25,773,0.0131,LOW,synthetic-pd-v1.0
RISK0000400,CUST0001623,LOAN0000400,2026-06-03,766,0.0154,LOW,synthetic-pd-v1.0
RISK0000401,CUST0001367,LOAN0000401,2026-07-16,710,0.0499,LOW,synthetic-pd-v1.0
RISK0000402,CUST0001325,LOAN0000402,2023-05-05,710,0.0503,LOW,synthetic-pd-v1.0
RISK0000403,CUST0001248,LOAN0000403,2025-10-12,564,0.5595,HIGH,synthetic-pd-v1.0
RISK0000404,CUST0000835,LOAN0000404,2024-04-25,691,0.0743,LOW,synthetic-pd-v1.0
RISK0000405,CUST0001706,LOAN0000405,2021-12-21,741,0.026,LOW,synthetic-pd-v1.0
RISK0000406,CUST0000646,LOAN0000406,2025-06-06,718,0.0422,LOW,synthetic-pd-v1.0
RISK0000407,CUST0000163,LOAN0000407,2023-07-26,644,0.1814,MEDIUM,synthetic-pd-v1.0
RISK0000408,CUST0000950,LOAN0000408,2021-11-24,675,0.1004,MEDIUM,synthetic-pd-v1.0
RISK0000409,CUST0000417,LOAN0000409,2023-09-22,746,0.0236,LOW,synthetic-pd-v1.0
RISK0000410,CUST0000949,LOAN0000410,2023-06-15,717,0.043,LOW,synthetic-pd-v1.0
RISK0000411,CUST0000818,LOAN0000411,2023-02-14,582,0.4616,HIGH,synthetic-pd-v1.0
RISK0000412,CUST0000324,LOAN0000412,2026-05-23,543,0.669,HIGH,synthetic-pd-v1.0
RISK0000413,CUST0001622,LOAN0000413,2024-03-10,676,0.0994,MEDIUM,synthetic-pd-v1.0
RISK0000414,CUST0001464,LOAN0000414,2026-05-24,733,0.0305,LOW,synthetic-pd-v1.0
RISK0000415,CUST0001557,LOAN0000415,2024-05-27,504,0.8258,HIGH,synthetic-pd-v1.0
RISK0000416,CUST0000804,LOAN0000416,2022-06-09,623,0.2597,MEDIUM,synthetic-pd-v1.0
RISK0000417,CUST0001254,LOAN0000417,2025-10-27,752,0.0204,LOW,synthetic-pd-v1.0
RISK0000418,CUST0000184,LOAN0000418,2021-09-18,601,0.3622,HIGH,synthetic-pd-v1.0
RISK0000419,CUST0001398,LOAN0000419,2023-11-11,542,0.6725,HIGH,synthetic-pd-v1.0
RISK0000420,CUST0001909,LOAN0000420,2025-01-23,588,0.4307,HIGH,synthetic-pd-v1.0
RISK0000421,CUST0001328,LOAN0000421,2023-07-24,746,0.0234,LOW,synthetic-pd-v1.0
RISK0000422,CUST0001171,LOAN0000422,2026-01-29,760,0.0172,LOW,synthetic-pd-v1.0
RISK0000423,CUST0000167,LOAN0000423,2023-05-28,798,0.0076,LOW,synthetic-pd-v1.0
RISK0000424,CUST0000602,LOAN0000424,2023-04-26,752,0.0205,LOW,synthetic-pd-v1.0
RISK0000425,CUST0000296,LOAN0000425,2022-04-29,799,0.0075,LOW,synthetic-pd-v1.0
RISK0000426,CUST0000398,LOAN0000426,2025-08-25,625,0.2524,MEDIUM,synthetic-pd-v1.0
RISK0000427,CUST0001787,LOAN0000427,2024-01-02,699,0.0631,LOW,synthetic-pd-v1.0
RISK0000428,CUST0001150,LOAN0000428,2025-10-19,797,0.0078,LOW,synthetic-pd-v1.0
RISK0000429,CUST0000068,LOAN0000429,2025-02-09,718,0.042,LOW,synthetic-pd-v1.0
RISK0000430,CUST0001481,LOAN0000430,2022-06-08,654,0.1522,MEDIUM,synthetic-pd-v1.0
RISK0000431,CUST0001490,LOAN0000431,2024-02-01,712,0.048,LOW,synthetic-pd-v1.0
RISK0000432,CUST0000682,LOAN0000432,2022-05-22,679,0.094,MEDIUM,synthetic-pd-v1.0
RISK0000433,CUST0001596,LOAN0000433,2023-07-26,690,0.0759,LOW,synthetic-pd-v1.0
RISK0000434,CUST0001781,LOAN0000434,2024-12-23,687,0.0807,LOW,synthetic-pd-v1.0
RISK0000435,CUST0000599,LOAN0000435,2025-03-11,721,0.0401,LOW,synthetic-pd-v1.0
RISK0000436,CUST0001384,LOAN0000436,2024-03-28,619,0.2749,MEDIUM,synthetic-pd-v1.0
RISK0000437,CUST0000950,LOAN0000437,2023-05-02,675,0.101,MEDIUM,synthetic-pd-v1.0
RISK0000438,CUST0000620,LOAN0000438,2022-08-27,805,0.0066,LOW,synthetic-pd-v1.0
RISK0000439,CUST0001833,LOAN0000439,2024-04-14,731,0.0324,LOW,synthetic-pd-v1.0
RISK0000440,CUST0000716,LOAN0000440,2026-02-24,707,0.0531,LOW,synthetic-pd-v1.0
RISK0000441,CUST0001855,LOAN0000441,2026-07-08,663,0.1284,MEDIUM,synthetic-pd-v1.0
RISK0000442,CUST0000743,LOAN0000442,2026-06-19,706,0.054,LOW,synthetic-pd-v1.0
RISK0000443,CUST0001873,LOAN0000443,2023-04-27,672,0.1082,LOW,synthetic-pd-v1.0
RISK0000444,CUST0000538,LOAN0000444,2026-08-13,677,0.0984,MEDIUM,synthetic-pd-v1.0
RISK0000445,CUST0000955,LOAN0000445,2025-02-24,694,0.0691,LOW,synthetic-pd-v1.0
RISK0000446,CUST0001098,LOAN0000446,2024-04-17,654,0.1509,MEDIUM,synthetic-pd-v1.0
RISK0000447,CUST0001246,LOAN0000447,2024-09-05,776,0.0123,LOW,synthetic-pd-v1.0
RISK0000448,CUST0001607,LOAN0000448,2025-06-05,626,0.249,MEDIUM,synthetic-pd-v1.0
RISK0000449,CUST0001617,LOAN0000449,2024-11-14,695,0.0686,LOW,synthetic-pd-v1.0
RISK0000450,CUST0001652,LOAN0000450,2026-02-04,673,0.1053,MEDIUM,synthetic-pd-v1.0
RISK0000451,CUST0000958,LOAN0000451,2024-08-21,762,0.0168,LOW,synthetic-pd-v1.0
RISK0000452,CUST0001048,LOAN0000452,2025-05-27,779,0.0114,LOW,synthetic-pd-v1.0
RISK0000453,CUST0000101,LOAN0000453,2026-02-04,656,0.145,MEDIUM,synthetic-pd-v1.0
RISK0000454,CUST0000718,LOAN0000454,2024-01-18,669,0.1148,MEDIUM,synthetic-pd-v1.0
RISK0000455,CUST0001120,LOAN0000455,2025-09-03,705,0.0558,LOW,synthetic-pd-v1.0
RISK0000456,CUST0000344,LOAN0000456,2023-06-24,628,0.2394,MEDIUM,synthetic-pd-v1.0
RISK0000457,CUST0000479,LOAN0000457,2023-04-06,610,0.3174,HIGH,synthetic-pd-v1.0
RISK0000458,CUST0001654,LOAN0000458,2026-07-13,789,0.0093,LOW,synthetic-pd-v1.0
RISK0000459,CUST0000203,LOAN0000459,2022-06-27,775,0.0125,LOW,synthetic-pd-v1.0
RISK0000460,CUST0000516,LOAN0000460,2025-11-22,781,0.0111,LOW,synthetic-pd-v1.0
RISK0000461,CUST0000063,LOAN0000461,2021-10-16,676,0.0991,LOW,synthetic-pd-v1.0
RISK0000462,CUST0001188,LOAN0000462,2022-10-02,738,0.0275,LOW,synthetic-pd-v1.0
RISK0000463,CUST0000672,LOAN0000463,2023-07-31,769,0.0144,LOW,synthetic-pd-v1.0
RISK0000464,CUST0000116,LOAN0000464,2025-10-26,759,0.0175,LOW,synthetic-pd-v1.0
RISK0000465,CUST0000192,LOAN0000465,2024-12-25,695,0.068,LOW,synthetic-pd-v1.0
RISK0000466,CUST0001682,LOAN0000466,2021-09-25,687,0.0803,LOW,synthetic-pd-v1.0
RISK0000467,CUST0001994,LOAN0000467,2026-06-08,729,0.0334,LOW,synthetic-pd-v1.0
RISK0000468,CUST0000047,LOAN0000468,2024-07-03,762,0.0164,LOW,synthetic-pd-v1.0
RISK0000469,CUST0001758,LOAN0000469,2025-10-17,734,0.0303,LOW,synthetic-pd-v1.0
RISK0000470,CUST0000921,LOAN0000470,2023-08-01,662,0.1297,MEDIUM,synthetic-pd-v1.0
RISK0000471,CUST0001717,LOAN0000471,2022-10-26,522,0.7614,HIGH,synthetic-pd-v1.0
RISK0000472,CUST0001212,LOAN0000472,2022-09-22,704,0.0569,LOW,synthetic-pd-v1.0
RISK0000473,CUST0000676,LOAN0000473,2024-07-05,634,0.2156,MEDIUM,synthetic-pd-v1.0
RISK0000474,CUST0001906,LOAN0000474,2021-11-09,702,0.0593,LOW,synthetic-pd-v1.0
RISK0000475,CUST0001588,LOAN0000475,2025-02-20,553,0.6173,HIGH,synthetic-pd-v1.0
RISK0000476,CUST0000745,LOAN0000476,2023-08-20,672,0.1082,MEDIUM,synthetic-pd-v1.0
RISK0000477,CUST0001985,LOAN0000477,2026-02-25,660,0.1355,MEDIUM,synthetic-pd-v1.0
RISK0000478,CUST0000965,LOAN0000478,2025-06-12,745,0.0242,LOW,synthetic-pd-v1.0
RISK0000479,CUST0000486,LOAN0000479,2026-04-06,624,0.2554,MEDIUM,synthetic-pd-v1.0
RISK0000480,CUST0000722,LOAN0000480,2023-09-12,646,0.1756,MEDIUM,synthetic-pd-v1.0
RISK0000481,CUST0000471,LOAN0000481,2024-01-03,692,0.072,LOW,synthetic-pd-v1.0
RISK0000482,CUST0001154,LOAN0000482,2025-10-04,746,0.0237,LOW,synthetic-pd-v1.0
RISK0000483,CUST0001796,LOAN0000483,2021-12-01,633,0.2208,MEDIUM,synthetic-pd-v1.0
RISK0000484,CUST0000292,LOAN0000484,2025-03-13,687,0.0802,MEDIUM,synthetic-pd-v1.0
RISK0000485,CUST0001297,LOAN0000485,2022-10-25,588,0.4319,HIGH,synthetic-pd-v1.0
RISK0000486,CUST0001214,LOAN0000486,2023-07-10,717,0.0428,LOW,synthetic-pd-v1.0
RISK0000487,CUST0001787,LOAN0000487,2024-12-25,700,0.0608,LOW,synthetic-pd-v1.0
RISK0000488,CUST0001652,LOAN0000488,2025-01-30,729,0.0333,LOW,synthetic-pd-v1.0
RISK0000489,CUST0001318,LOAN0000489,2022-06-08,640,0.1951,MEDIUM,synthetic-pd-v1.0
RISK0000490,CUST0001717,LOAN0000490,2023-01-27,612,0.3062,HIGH,synthetic-pd-v1.0
RISK0000491,CUST0000123,LOAN0000491,2024-04-28,790,0.0091,LOW,synthetic-pd-v1.0
RISK0000492,CUST0000919,LOAN0000492,2023-11-05,730,0.0329,LOW,synthetic-pd-v1.0
RISK0000493,CUST0001883,LOAN0000493,2023-05-24,661,0.134,MEDIUM,synthetic-pd-v1.0
RISK0000494,CUST0001767,LOAN0000494,2024-10-29,705,0.0549,LOW,synthetic-pd-v1.0
RISK0000495,CUST0001706,LOAN0000495,2026-02-07,758,0.0181,LOW,synthetic-pd-v1.0
RISK0000496,CUST0000639,LOAN0000496,2023-05-24,703,0.0582,LOW,synthetic-pd-v1.0
RISK0000497,CUST0001204,LOAN0000497,2025-12-15,624,0.2555,MEDIUM,synthetic-pd-v1.0
RISK0000498,CUST0001547,LOAN0000498,2023-11-22,536,0.7019,HIGH,synthetic-pd-v1.0
RISK0000499,CUST0000438,LOAN0000499,2024-10-16,472,0.9046,HIGH,synthetic-pd-v1.0
RISK0000500,CUST0001757,LOAN0000500,2023-03-24,748,0.0225,LOW,synthetic-pd-v1.0
RISK0000501,CUST0000484,LOAN0000501,2024-07-07,488,0.8699,HIGH,synthetic-pd-v1.0
RISK0000502,CUST0000148,LOAN0000502,2024-02-20,671,0.1102,MEDIUM,synthetic-pd-v1.0
RISK0000503,CUST0000489,LOAN0000503,2025-01-24,583,0.4584,HIGH,synthetic-pd-v1.0
RISK0000504,CUST0001922,LOAN0000504,2022-11-07,729,0.0333,LOW,synthetic-pd-v1.0
RISK0000505,CUST0000979,LOAN0000505,2026-01-25,622,0.2656,HIGH,synthetic-pd-v1.0
RISK0000506,CUST0000532,LOAN0000506,2024-09-22,701,0.0606,LOW,synthetic-pd-v1.0
RISK0000507,CUST0000375,LOAN0000507,2025-03-21,645,0.179,MEDIUM,synthetic-pd-v1.0
RISK0000508,CUST0000410,LOAN0000508,2023-05-21,634,0.2148,MEDIUM,synthetic-pd-v1.0
RISK0000509,CUST0000572,LOAN0000509,2022-10-12,688,0.0791,LOW,synthetic-pd-v1.0
RISK0000510,CUST0001539,LOAN0000510,2023-07-02,690,0.0746,LOW,synthetic-pd-v1.0
RISK0000511,CUST0001700,LOAN0000511,2021-11-03,544,0.6645,HIGH,synthetic-pd-v1.0
RISK0000512,CUST0000366,LOAN0000512,2026-02-11,737,0.0286,LOW,synthetic-pd-v1.0
RISK0000513,CUST0000461,LOAN0000513,2021-12-04,650,0.1631,MEDIUM,synthetic-pd-v1.0
RISK0000514,CUST0000953,LOAN0000514,2024-12-21,704,0.0571,LOW,synthetic-pd-v1.0
RISK0000515,CUST0000769,LOAN0000515,2024-11-18,747,0.023,LOW,synthetic-pd-v1.0
RISK0000516,CUST0001623,LOAN0000516,2026-06-01,791,0.0089,LOW,synthetic-pd-v1.0
RISK0000517,CUST0001653,LOAN0000517,2021-12-22,682,0.0878,LOW,synthetic-pd-v1.0
RISK0000518,CUST0001694,LOAN0000518,2024-01-19,673,0.1062,MEDIUM,synthetic-pd-v1.0
RISK0000519,CUST0000319,LOAN0000519,2023-04-20,767,0.015,LOW,synthetic-pd-v1.0
RISK0000520,CUST0000960,LOAN0000520,2026-04-14,685,0.0831,MEDIUM,synthetic-pd-v1.0
RISK0000521,CUST0001893,LOAN0000521,2024-05-05,738,0.028,LOW,synthetic-pd-v1.0
RISK0000522,CUST0000819,LOAN0000522,2022-06-17,625,0.2496,MEDIUM,synthetic-pd-v1.0
RISK0000523,CUST0000486,LOAN0000523,2023-03-29,571,0.5195,HIGH,synthetic-pd-v1.0
RISK0000524,CUST0001284,LOAN0000524,2022-04-05,636,0.2101,MEDIUM,synthetic-pd-v1.0
RISK0000525,CUST0000706,LOAN0000525,2023-06-27,647,0.1725,MEDIUM,synthetic-pd-v1.0
RISK0000526,CUST0000150,LOAN0000526,2023-06-01,647,0.1733,MEDIUM,synthetic-pd-v1.0
RISK0000527,CUST0000440,LOAN0000527,2022-06-24,670,0.1112,MEDIUM,synthetic-pd-v1.0
RISK0000528,CUST0000253,LOAN0000528,2024-10-16,645,0.1778,MEDIUM,synthetic-pd-v1.0
RISK0000529,CUST0001872,LOAN0000529,2025-08-15,744,0.0245,LOW,synthetic-pd-v1.0
RISK0000530,CUST0000528,LOAN0000530,2022-05-26,661,0.1322,MEDIUM,synthetic-pd-v1.0
RISK0000531,CUST0000769,LOAN0000531,2024-12-18,720,0.0405,LOW,synthetic-pd-v1.0
RISK0000532,CUST0001163,LOAN0000532,2023-08-24,694,0.0687,LOW,synthetic-pd-v1.0
RISK0000533,CUST0000572,LOAN0000533,2021-12-19,719,0.0415,LOW,synthetic-pd-v1.0
RISK0000534,CUST0001584,LOAN0000534,2025-08-19,734,0.03,LOW,synthetic-pd-v1.0
RISK0000535,CUST0000894,LOAN0000535,2023-01-01,622,0.2634,MEDIUM,synthetic-pd-v1.0
RISK0000536,CUST0001245,LOAN0000536,2023-08-06,669,0.1143,LOW,synthetic-pd-v1.0
RISK0000537,CUST0000183,LOAN0000537,2022-12-01,664,0.1264,MEDIUM,synthetic-pd-v1.0
RISK0000538,CUST0001968,LOAN0000538,2022-02-19,712,0.0479,LOW,synthetic-pd-v1.0
RISK0000539,CUST0001308,LOAN0000539,2022-10-10,781,0.0109,LOW,synthetic-pd-v1.0
RISK0000540,CUST0001087,LOAN0000540,2026-03-16,623,0.2608,MEDIUM,synthetic-pd-v1.0
RISK0000541,CUST0000865,LOAN0000541,2021-12-03,731,0.0322,LOW,synthetic-pd-v1.0
RISK0000542,CUST0001749,LOAN0000542,2023-06-02,603,0.3526,HIGH,synthetic-pd-v1.0
RISK0000543,CUST0000263,LOAN0000543,2024-03-19,737,0.0283,LOW,synthetic-pd-v1.0
RISK0000544,CUST0001701,LOAN0000544,2024-11-28,668,0.1167,MEDIUM,synthetic-pd-v1.0
RISK0000545,CUST0000726,LOAN0000545,2025-04-30,716,0.0445,LOW,synthetic-pd-v1.0
RISK0000546,CUST0000263,LOAN0000546,2022-02-15,683,0.0864,LOW,synthetic-pd-v1.0
RISK0000547,CUST0000137,LOAN0000547,2022-03-17,803,0.0069,LOW,synthetic-pd-v1.0
RISK0000548,CUST0001023,LOAN0000548,2024-11-29,500,0.8371,HIGH,synthetic-pd-v1.0
RISK0000549,CUST0001995,LOAN0000549,2022-05-12,732,0.0316,LOW,synthetic-pd-v1.0
RISK0000550,CUST0001303,LOAN0000550,2023-11-17,674,0.1032,LOW,synthetic-pd-v1.0
RISK0000551,CUST0001313,LOAN0000551,2024-10-08,646,0.1737,MEDIUM,synthetic-pd-v1.0
RISK0000552,CUST0000128,LOAN0000552,2024-01-19,696,0.066,LOW,synthetic-pd-v1.0
RISK0000553,CUST0000752,LOAN0000553,2023-11-03,801,0.0071,LOW,synthetic-pd-v1.0
RISK0000554,CUST0001627,LOAN0000554,2022-10-03,519,0.7741,HIGH,synthetic-pd-v1.0
RISK0000555,CUST0000963,LOAN0000555,2023-07-10,678,0.0956,LOW,synthetic-pd-v1.0
RISK0000556,CUST0001220,LOAN0000556,2022-12-12,686,0.0823,LOW,synthetic-pd-v1.0
RISK0000557,CUST0000150,LOAN0000557,2023-11-14,625,0.253,MEDIUM,synthetic-pd-v1.0
RISK0000558,CUST0000617,LOAN0000558,2025-02-27,646,0.1751,MEDIUM,synthetic-pd-v1.0
RISK0000559,CUST0000169,LOAN0000559,2023-04-12,674,0.1034,MEDIUM,synthetic-pd-v1.0
RISK0000560,CUST0000917,LOAN0000560,2022-11-02,760,0.0172,LOW,synthetic-pd-v1.0
RISK0000561,CUST0000848,LOAN0000561,2025-07-06,696,0.066,LOW,synthetic-pd-v1.0
RISK0000562,CUST0000522,LOAN0000562,2022-06-25,720,0.0408,LOW,synthetic-pd-v1.0
RISK0000563,CUST0001937,LOAN0000563,2022-09-15,753,0.0202,LOW,synthetic-pd-v1.0
RISK0000564,CUST0000332,LOAN0000564,2022-10-23,657,0.1428,MEDIUM,synthetic-pd-v1.0
RISK0000565,CUST0000331,LOAN0000565,2023-01-28,693,0.0707,LOW,synthetic-pd-v1.0
RISK0000566,CUST0001783,LOAN0000566,2025-09-07,753,0.0201,LOW,synthetic-pd-v1.0
RISK0000567,CUST0000510,LOAN0000567,2023-03-02,744,0.0244,LOW,synthetic-pd-v1.0
RISK0000568,CUST0001202,LOAN0000568,2025-12-29,696,0.0667,LOW,synthetic-pd-v1.0
RISK0000569,CUST0000816,LOAN0000569,2024-09-27,703,0.0577,LOW,synthetic-pd-v1.0
RISK0000570,CUST0000211,LOAN0000570,2024-01-12,734,0.0304,LOW,synthetic-pd-v1.0
RISK0000571,CUST0002000,LOAN0000571,2022-12-16,637,0.2071,MEDIUM,synthetic-pd-v1.0
RISK0000572,CUST0000072,LOAN0000572,2024-02-22,645,0.1798,MEDIUM,synthetic-pd-v1.0
RISK0000573,CUST0001025,LOAN0000573,2025-11-17,663,0.1273,LOW,synthetic-pd-v1.0
RISK0000574,CUST0001848,LOAN0000574,2024-02-29,691,0.0733,LOW,synthetic-pd-v1.0
RISK0000575,CUST0001613,LOAN0000575,2022-08-03,638,0.2023,MEDIUM,synthetic-pd-v1.0
RISK0000576,CUST0001093,LOAN0000576,2021-10-31,728,0.0342,LOW,synthetic-pd-v1.0
RISK0000577,CUST0001037,LOAN0000577,2026-01-04,637,0.205,MEDIUM,synthetic-pd-v1.0
RISK0000578,CUST0001865,LOAN0000578,2025-06-04,735,0.0297,LOW,synthetic-pd-v1.0
RISK0000579,CUST0001918,LOAN0000579,2024-12-01,709,0.051,LOW,synthetic-pd-v1.0
RISK0000580,CUST0000327,LOAN0000580,2026-06-19,684,0.0849,LOW,synthetic-pd-v1.0
RISK0000581,CUST0001301,LOAN0000581,2026-07-30,498,0.8418,HIGH,synthetic-pd-v1.0
RISK0000582,CUST0001617,LOAN0000582,2025-11-22,708,0.0519,LOW,synthetic-pd-v1.0
RISK0000583,CUST0000830,LOAN0000583,2024-10-14,708,0.0517,LOW,synthetic-pd-v1.0
RISK0000584,CUST0000935,LOAN0000584,2022-07-22,670,0.111,MEDIUM,synthetic-pd-v1.0
RISK0000585,CUST0001338,LOAN0000585,2022-12-19,696,0.0672,LOW,synthetic-pd-v1.0
RISK0000586,CUST0000243,LOAN0000586,2024-11-15,644,0.1826,MEDIUM,synthetic-pd-v1.0
RISK0000587,CUST0001032,LOAN0000587,2025-12-23,646,0.1757,MEDIUM,synthetic-pd-v1.0
RISK0000588,CUST0001021,LOAN0000588,2023-10-28,557,0.5967,HIGH,synthetic-pd-v1.0
RISK0000589,CUST0001548,LOAN0000589,2025-12-27,707,0.0536,LOW,synthetic-pd-v1.0
RISK0000590,CUST0000392,LOAN0000590,2026-04-21,746,0.0234,LOW,synthetic-pd-v1.0
RISK0000591,CUST0000221,LOAN0000591,2025-02-16,712,0.0484,LOW,synthetic-pd-v1.0
RISK0000592,CUST0001579,LOAN0000592,2023-09-12,698,0.0639,LOW,synthetic-pd-v1.0
RISK0000593,CUST0001825,LOAN0000593,2025-11-14,689,0.0764,LOW,synthetic-pd-v1.0
RISK0000594,CUST0000371,LOAN0000594,2023-08-08,759,0.0178,LOW,synthetic-pd-v1.0
RISK0000595,CUST0000267,LOAN0000595,2025-01-08,733,0.0309,LOW,synthetic-pd-v1.0
RISK0000596,CUST0001132,LOAN0000596,2023-10-31,770,0.014,LOW,synthetic-pd-v1.0
RISK0000597,CUST0000116,LOAN0000597,2025-11-25,747,0.0228,LOW,synthetic-pd-v1.0
RISK0000598,CUST0000095,LOAN0000598,2023-04-24,775,0.0126,LOW,synthetic-pd-v1.0
RISK0000599,CUST0001437,LOAN0000599,2023-09-03,752,0.0208,LOW,synthetic-pd-v1.0
RISK0000600,CUST0000275,LOAN0000600,2026-02-07,689,0.0766,LOW,synthetic-pd-v1.0
RISK0000601,CUST0001724,LOAN0000601,2024-08-12,491,0.8612,HIGH,synthetic-pd-v1.0
RISK0000602,CUST0001740,LOAN0000602,2022-02-07,634,0.2155,MEDIUM,synthetic-pd-v1.0
RISK0000603,CUST0000034,LOAN0000603,2024-01-07,663,0.1269,LOW,synthetic-pd-v1.0
RISK0000604,CUST0001463,LOAN0000604,2023-01-08,617,0.2876,MEDIUM,synthetic-pd-v1.0
RISK0000605,CUST0001571,LOAN0000605,2023-02-25,738,0.0275,LOW,synthetic-pd-v1.0
RISK0000606,CUST0001238,LOAN0000606,2025-04-13,623,0.2611,MEDIUM,synthetic-pd-v1.0
RISK0000607,CUST0001631,LOAN0000607,2026-05-19,703,0.0578,LOW,synthetic-pd-v1.0
RISK0000608,CUST0001388,LOAN0000608,2025-01-08,642,0.189,MEDIUM,synthetic-pd-v1.0
RISK0000609,CUST0001617,LOAN0000609,2026-08-15,697,0.0651,LOW,synthetic-pd-v1.0
RISK0000610,CUST0001842,LOAN0000610,2024-07-26,640,0.1937,MEDIUM,synthetic-pd-v1.0
RISK0000611,CUST0000886,LOAN0000611,2024-09-08,793,0.0085,LOW,synthetic-pd-v1.0
RISK0000612,CUST0000674,LOAN0000612,2025-04-12,710,0.05,LOW,synthetic-pd-v1.0
RISK0000613,CUST0000673,LOAN0000613,2023-06-20,633,0.2197,MEDIUM,synthetic-pd-v1.0
RISK0000614,CUST0000604,LOAN0000614,2023-05-29,711,0.0489,LOW,synthetic-pd-v1.0
RISK0000615,CUST0001975,LOAN0000615,2026-04-17,710,0.0495,LOW,synthetic-pd-v1.0
RISK0000616,CUST0001830,LOAN0000616,2026-06-11,606,0.3349,HIGH,synthetic-pd-v1.0
RISK0000617,CUST0001067,LOAN0000617,2022-08-24,700,0.0608,LOW,synthetic-pd-v1.0
RISK0000618,CUST0001261,LOAN0000618,2022-08-20,694,0.0699,LOW,synthetic-pd-v1.0
RISK0000619,CUST0000973,LOAN0000619,2022-04-09,566,0.5511,HIGH,synthetic-pd-v1.0
RISK0000620,CUST0001169,LOAN0000620,2024-06-02,726,0.036,LOW,synthetic-pd-v1.0
RISK0000621,CUST0000791,LOAN0000621,2023-10-17,692,0.072,LOW,synthetic-pd-v1.0
RISK0000622,CUST0001871,LOAN0000622,2022-11-21,714,0.0464,LOW,synthetic-pd-v1.0
RISK0000623,CUST0000982,LOAN0000623,2023-02-10,715,0.0453,LOW,synthetic-pd-v1.0
RISK0000624,CUST0000985,LOAN0000624,2025-11-30,685,0.0837,LOW,synthetic-pd-v1.0
RISK0000625,CUST0001993,LOAN0000625,2025-08-19,758,0.0181,LOW,synthetic-pd-v1.0
RISK0000626,CUST0001478,LOAN0000626,2023-02-01,748,0.0223,LOW,synthetic-pd-v1.0
RISK0000627,CUST0001192,LOAN0000627,2026-08-31,598,0.3784,HIGH,synthetic-pd-v1.0
RISK0000628,CUST0001554,LOAN0000628,2022-12-05,697,0.0657,LOW,synthetic-pd-v1.0
RISK0000629,CUST0001231,LOAN0000629,2023-01-29,732,0.0318,LOW,synthetic-pd-v1.0
RISK0000630,CUST0001692,LOAN0000630,2022-01-26,679,0.0941,MEDIUM,synthetic-pd-v1.0
RISK0000631,CUST0001165,LOAN0000631,2023-01-10,809,0.006,LOW,synthetic-pd-v1.0
RISK0000632,CUST0001095,LOAN0000632,2023-11-28,725,0.0363,LOW,synthetic-pd-v1.0
RISK0000633,CUST0000363,LOAN0000633,2024-06-05,727,0.0348,LOW,synthetic-pd-v1.0
RISK0000634,CUST0000253,LOAN0000634,2024-11-19,601,0.361,HIGH,synthetic-pd-v1.0
RISK0000635,CUST0001038,LOAN0000635,2026-09-01,668,0.1155,MEDIUM,synthetic-pd-v1.0
RISK0000636,CUST0001120,LOAN0000636,2025-05-17,675,0.1011,MEDIUM,synthetic-pd-v1.0
RISK0000637,CUST0000241,LOAN0000637,2022-11-07,745,0.0241,LOW,synthetic-pd-v1.0
RISK0000638,CUST0001539,LOAN0000638,2025-12-19,674,0.1027,LOW,synthetic-pd-v1.0
RISK0000639,CUST0001538,LOAN0000639,2022-09-10,779,0.0116,LOW,synthetic-pd-v1.0
RISK0000640,CUST0001190,LOAN0000640,2024-08-25,582,0.4639,HIGH,synthetic-pd-v1.0
RISK0000641,CUST0001373,LOAN0000641,2021-11-16,705,0.0554,LOW,synthetic-pd-v1.0
RISK0000642,CUST0001031,LOAN0000642,2023-07-27,680,0.0927,LOW,synthetic-pd-v1.0
RISK0000643,CUST0001611,LOAN0000643,2022-11-24,731,0.032,LOW,synthetic-pd-v1.0
RISK0000644,CUST0000347,LOAN0000644,2023-07-29,610,0.3188,HIGH,synthetic-pd-v1.0
RISK0000645,CUST0001591,LOAN0000645,2024-02-17,707,0.0529,LOW,synthetic-pd-v1.0
RISK0000646,CUST0000211,LOAN0000646,2021-09-23,736,0.0291,LOW,synthetic-pd-v1.0
RISK0000647,CUST0001150,LOAN0000647,2026-08-20,805,0.0065,LOW,synthetic-pd-v1.0
RISK0000648,CUST0000078,LOAN0000648,2025-03-20,585,0.4442,HIGH,synthetic-pd-v1.0
RISK0000649,CUST0001586,LOAN0000649,2024-08-03,770,0.0141,LOW,synthetic-pd-v1.0
RISK0000650,CUST0000367,LOAN0000650,2025-07-21,707,0.053,LOW,synthetic-pd-v1.0
RISK0000651,CUST0000372,LOAN0000651,2022-12-06,715,0.0455,LOW,synthetic-pd-v1.0
RISK0000652,CUST0001937,LOAN0000652,2023-06-24,715,0.045,LOW,synthetic-pd-v1.0
RISK0000653,CUST0000825,LOAN0000653,2022-08-17,705,0.0549,LOW,synthetic-pd-v1.0
RISK0000654,CUST0000287,LOAN0000654,2026-06-27,705,0.0548,LOW,synthetic-pd-v1.0
RISK0000655,CUST0000567,LOAN0000655,2022-04-11,790,0.0091,LOW,synthetic-pd-v1.0
RISK0000656,CUST0000323,LOAN0000656,2023-12-03,658,0.1402,MEDIUM,synthetic-pd-v1.0
RISK0000657,CUST0001306,LOAN0000657,2022-06-13,728,0.0341,LOW,synthetic-pd-v1.0
RISK0000658,CUST0001214,LOAN0000658,2025-10-13,706,0.0548,LOW,synthetic-pd-v1.0
RISK0000659,CUST0000060,LOAN0000659,2024-08-19,672,0.1085,MEDIUM,synthetic-pd-v1.0
RISK0000660,CUST0000250,LOAN0000660,2021-11-18,714,0.0462,LOW,synthetic-pd-v1.0
RISK0000661,CUST0001064,LOAN0000661,2025-07-26,713,0.0472,LOW,synthetic-pd-v1.0
RISK0000662,CUST0001374,LOAN0000662,2023-01-21,809,0.006,LOW,synthetic-pd-v1.0
RISK0000663,CUST0000457,LOAN0000663,2025-01-18,776,0.0124,LOW,synthetic-pd-v1.0
RISK0000664,CUST0001199,LOAN0000664,2025-11-04,577,0.4896,HIGH,synthetic-pd-v1.0
RISK0000665,CUST0000713,LOAN0000665,2023-07-14,786,0.0098,LOW,synthetic-pd-v1.0
RISK0000666,CUST0001929,LOAN0000666,2026-03-06,736,0.0289,LOW,synthetic-pd-v1.0
RISK0000667,CUST0001761,LOAN0000667,2023-04-23,677,0.0972,MEDIUM,synthetic-pd-v1.0
RISK0000668,CUST0001694,LOAN0000668,2024-07-21,660,0.135,MEDIUM,synthetic-pd-v1.0
RISK0000669,CUST0000718,LOAN0000669,2025-09-11,625,0.2497,MEDIUM,synthetic-pd-v1.0
RISK0000670,CUST0001849,LOAN0000670,2025-03-01,700,0.0608,LOW,synthetic-pd-v1.0
RISK0000671,CUST0000122,LOAN0000671,2022-08-08,675,0.1018,MEDIUM,synthetic-pd-v1.0
RISK0000672,CUST0000889,LOAN0000672,2025-02-26,656,0.1462,MEDIUM,synthetic-pd-v1.0
RISK0000673,CUST0000446,LOAN0000673,2022-11-16,763,0.0164,LOW,synthetic-pd-v1.0
RISK0000674,CUST0001546,LOAN0000674,2024-08-13,736,0.0287,LOW,synthetic-pd-v1.0
RISK0000675,CUST0000218,LOAN0000675,2026-06-22,769,0.0142,LOW,synthetic-pd-v1.0
RISK0000676,CUST0001540,LOAN0000676,2022-09-08,661,0.1329,MEDIUM,synthetic-pd-v1.0
RISK0000677,CUST0000588,LOAN0000677,2025-11-29,609,0.3239,MEDIUM,synthetic-pd-v1.0
RISK0000678,CUST0001185,LOAN0000678,2023-03-17,754,0.0197,LOW,synthetic-pd-v1.0
RISK0000679,CUST0001802,LOAN0000679,2021-11-30,742,0.0256,LOW,synthetic-pd-v1.0
RISK0000680,CUST0001225,LOAN0000680,2025-07-14,621,0.2689,MEDIUM,synthetic-pd-v1.0
RISK0000681,CUST0000016,LOAN0000681,2024-04-24,689,0.0771,LOW,synthetic-pd-v1.0
RISK0000682,CUST0000525,LOAN0000682,2023-06-02,729,0.0336,LOW,synthetic-pd-v1.0
RISK0000683,CUST0000978,LOAN0000683,2023-01-24,751,0.0212,LOW,synthetic-pd-v1.0
RISK0000684,CUST0001256,LOAN0000684,2025-06-11,762,0.0166,LOW,synthetic-pd-v1.0
RISK0000685,CUST0000180,LOAN0000685,2023-09-22,749,0.0218,LOW,synthetic-pd-v1.0
RISK0000686,CUST0000987,LOAN0000686,2025-07-25,806,0.0064,LOW,synthetic-pd-v1.0
RISK0000687,CUST0001008,LOAN0000687,2022-07-28,691,0.0735,LOW,synthetic-pd-v1.0
RISK0000688,CUST0001892,LOAN0000688,2022-02-15,623,0.2603,MEDIUM,synthetic-pd-v1.0
RISK0000689,CUST0000758,LOAN0000689,2025-10-11,682,0.0879,MEDIUM,synthetic-pd-v1.0
RISK0000690,CUST0001014,LOAN0000690,2024-10-26,681,0.0904,LOW,synthetic-pd-v1.0
RISK0000691,CUST0000724,LOAN0000691,2023-10-13,774,0.0127,LOW,synthetic-pd-v1.0
RISK0000692,CUST0000288,LOAN0000692,2021-12-27,670,0.1124,MEDIUM,synthetic-pd-v1.0
RISK0000693,CUST0000142,LOAN0000693,2025-09-16,619,0.2776,MEDIUM,synthetic-pd-v1.0
RISK0000694,CUST0000521,LOAN0000694,2022-04-14,647,0.1735,MEDIUM,synthetic-pd-v1.0
RISK0000695,CUST0000746,LOAN0000695,2022-10-30,733,0.0307,LOW,synthetic-pd-v1.0
RISK0000696,CUST0000802,LOAN0000696,2022-04-10,620,0.272,MEDIUM,synthetic-pd-v1.0
RISK0000697,CUST0000958,LOAN0000697,2021-09-24,807,0.0063,LOW,synthetic-pd-v1.0
RISK0000698,CUST0001622,LOAN0000698,2024-09-04,700,0.0611,LOW,synthetic-pd-v1.0
RISK0000699,CUST0000262,LOAN0000699,2025-06-23,794,0.0083,LOW,synthetic-pd-v1.0
RISK0000700,CUST0000677,LOAN0000700,2023-11-24,698,0.0634,LOW,synthetic-pd-v1.0
RISK0000701,CUST0001802,LOAN0000701,2022-03-07,727,0.0349,LOW,synthetic-pd-v1.0
RISK0000702,CUST0001719,LOAN0000702,2023-02-25,631,0.2285,MEDIUM,synthetic-pd-v1.0
RISK0000703,CUST0000987,LOAN0000703,2024-08-25,804,0.0067,LOW,synthetic-pd-v1.0
RISK0000704,CUST0000413,LOAN0000704,2022-02-27,679,0.0939,LOW,synthetic-pd-v1.0
RISK0000705,CUST0001228,LOAN0000705,2026-06-12,650,0.1632,MEDIUM,synthetic-pd-v1.0
RISK0000706,CUST0000375,LOAN0000706,2023-06-26,654,0.1514,MEDIUM,synthetic-pd-v1.0
RISK0000707,CUST0000083,LOAN0000707,2024-12-26,726,0.0356,LOW,synthetic-pd-v1.0
RISK0000708,CUST0001277,LOAN0000708,2026-06-24,630,0.2307,MEDIUM,synthetic-pd-v1.0
RISK0000709,CUST0001204,LOAN0000709,2024-10-13,594,0.3996,HIGH,synthetic-pd-v1.0
RISK0000710,CUST0001488,LOAN0000710,2022-01-11,730,0.0325,LOW,synthetic-pd-v1.0
RISK0000711,CUST0001538,LOAN0000711,2025-04-24,780,0.0114,LOW,synthetic-pd-v1.0
RISK0000712,CUST0001941,LOAN0000712,2026-07-25,796,0.008,LOW,synthetic-pd-v1.0
RISK0000713,CUST0001078,LOAN0000713,2022-07-31,677,0.0975,LOW,synthetic-pd-v1.0
RISK0000714,CUST0000498,LOAN0000714,2022-04-21,763,0.0162,LOW,synthetic-pd-v1.0
RISK0000715,CUST0001671,LOAN0000715,2022-07-17,711,0.0494,LOW,synthetic-pd-v1.0
RISK0000716,CUST0001866,LOAN0000716,2026-04-29,693,0.0712,LOW,synthetic-pd-v1.0
RISK0000717,CUST0001674,LOAN0000717,2023-08-14,681,0.0902,LOW,synthetic-pd-v1.0
RISK0000718,CUST0001365,LOAN0000718,2025-10-19,727,0.0354,LOW,synthetic-pd-v1.0
RISK0000719,CUST0001554,LOAN0000719,2021-11-17,663,0.128,MEDIUM,synthetic-pd-v1.0
RISK0000720,CUST0001383,LOAN0000720,2025-12-17,561,0.5775,HIGH,synthetic-pd-v1.0
RISK0000721,CUST0000629,LOAN0000721,2025-09-19,675,0.1017,MEDIUM,synthetic-pd-v1.0
RISK0000722,CUST0000850,LOAN0000722,2025-03-11,633,0.22,MEDIUM,synthetic-pd-v1.0
RISK0000723,CUST0000051,LOAN0000723,2022-04-12,743,0.0248,LOW,synthetic-pd-v1.0
RISK0000724,CUST0000474,LOAN0000724,2021-11-03,731,0.0321,LOW,synthetic-pd-v1.0
RISK0000725,CUST0001597,LOAN0000725,2022-05-07,604,0.347,HIGH,synthetic-pd-v1.0
RISK0000726,CUST0001310,LOAN0000726,2024-11-01,698,0.0641,LOW,synthetic-pd-v1.0
RISK0000727,CUST0001874,LOAN0000727,2023-10-18,664,0.1253,MEDIUM,synthetic-pd-v1.0
RISK0000728,CUST0000405,LOAN0000728,2022-04-17,747,0.0231,LOW,synthetic-pd-v1.0
RISK0000729,CUST0001396,LOAN0000729,2022-10-19,694,0.07,LOW,synthetic-pd-v1.0
RISK0000730,CUST0000568,LOAN0000730,2024-05-02,685,0.0837,LOW,synthetic-pd-v1.0
RISK0000731,CUST0000154,LOAN0000731,2021-10-13,796,0.008,LOW,synthetic-pd-v1.0
RISK0000732,CUST0000308,LOAN0000732,2022-02-17,722,0.039,LOW,synthetic-pd-v1.0
RISK0000733,CUST0000866,LOAN0000733,2023-12-13,790,0.009,LOW,synthetic-pd-v1.0
RISK0000734,CUST0000681,LOAN0000734,2023-06-25,543,0.6661,HIGH,synthetic-pd-v1.0
RISK0000735,CUST0001300,LOAN0000735,2024-02-19,729,0.0337,LOW,synthetic-pd-v1.0
RISK0000736,CUST0001569,LOAN0000736,2026-08-06,753,0.0201,LOW,synthetic-pd-v1.0
RISK0000737,CUST0000477,LOAN0000737,2024-04-08,656,0.1464,MEDIUM,synthetic-pd-v1.0
RISK0000738,CUST0001977,LOAN0000738,2026-01-20,715,0.0446,LOW,synthetic-pd-v1.0
RISK0000739,CUST0001177,LOAN0000739,2025-06-28,719,0.0417,LOW,synthetic-pd-v1.0
RISK0000740,CUST0000579,LOAN0000740,2023-09-29,743,0.025,LOW,synthetic-pd-v1.0
RISK0000741,CUST0001964,LOAN0000741,2022-10-11,756,0.0191,LOW,synthetic-pd-v1.0
RISK0000742,CUST0000701,LOAN0000742,2023-11-10,510,0.8053,HIGH,synthetic-pd-v1.0
RISK0000743,CUST0001047,LOAN0000743,2023-05-06,735,0.0296,LOW,synthetic-pd-v1.0
RISK0000744,CUST0001281,LOAN0000744,2025-07-28,708,0.0525,LOW,synthetic-pd-v1.0
RISK0000745,CUST0001102,LOAN0000745,2024-08-27,752,0.0206,LOW,synthetic-pd-v1.0
RISK0000746,CUST0000618,LOAN0000746,2025-07-24,755,0.0195,LOW,synthetic-pd-v1.0
RISK0000747,CUST0000235,LOAN0000747,2024-07-13,701,0.0597,LOW,synthetic-pd-v1.0
RISK0000748,CUST0000040,LOAN0000748,2023-06-09,712,0.0482,LOW,synthetic-pd-v1.0
RISK0000749,CUST0001713,LOAN0000749,2023-03-16,601,0.3617,HIGH,synthetic-pd-v1.0
RISK0000750,CUST0000994,LOAN0000750,2023-07-06,698,0.0643,LOW,synthetic-pd-v1.0
RISK0000751,CUST0001255,LOAN0000751,2023-09-20,725,0.0367,LOW,synthetic-pd-v1.0
RISK0000752,CUST0000055,LOAN0000752,2023-10-12,672,0.1084,MEDIUM,synthetic-pd-v1.0
RISK0000753,CUST0001770,LOAN0000753,2022-09-08,711,0.0491,LOW,synthetic-pd-v1.0
RISK0000754,CUST0000428,LOAN0000754,2025-06-24,700,0.0617,LOW,synthetic-pd-v1.0
RISK0000755,CUST0000499,LOAN0000755,2023-11-18,762,0.0168,LOW,synthetic-pd-v1.0
RISK0000756,CUST0001275,LOAN0000756,2026-02-15,669,0.1136,MEDIUM,synthetic-pd-v1.0
RISK0000757,CUST0000800,LOAN0000757,2026-01-03,606,0.3374,HIGH,synthetic-pd-v1.0
RISK0000758,CUST0001914,LOAN0000758,2022-03-31,700,0.0619,LOW,synthetic-pd-v1.0
RISK0000759,CUST0001882,LOAN0000759,2024-06-22,715,0.0451,LOW,synthetic-pd-v1.0
RISK0000760,CUST0000009,LOAN0000760,2025-03-20,619,0.2757,MEDIUM,synthetic-pd-v1.0
RISK0000761,CUST0000539,LOAN0000761,2022-01-05,492,0.8607,HIGH,synthetic-pd-v1.0
RISK0000762,CUST0001689,LOAN0000762,2021-10-03,596,0.3879,HIGH,synthetic-pd-v1.0
RISK0000763,CUST0001695,LOAN0000763,2022-06-19,716,0.0444,LOW,synthetic-pd-v1.0
RISK0000764,CUST0000816,LOAN0000764,2023-02-24,689,0.0765,LOW,synthetic-pd-v1.0
RISK0000765,CUST0000587,LOAN0000765,2022-10-20,698,0.0641,LOW,synthetic-pd-v1.0
RISK0000766,CUST0001847,LOAN0000766,2022-12-02,751,0.0212,LOW,synthetic-pd-v1.0
RISK0000767,CUST0001063,LOAN0000767,2022-04-22,715,0.0451,LOW,synthetic-pd-v1.0
RISK0000768,CUST0000353,LOAN0000768,2021-10-20,585,0.4482,HIGH,synthetic-pd-v1.0
RISK0000769,CUST0001127,LOAN0000769,2022-12-20,757,0.0185,LOW,synthetic-pd-v1.0
RISK0000770,CUST0000230,LOAN0000770,2026-05-25,697,0.0652,LOW,synthetic-pd-v1.0
RISK0000771,CUST0001203,LOAN0000771,2023-06-18,728,0.0344,LOW,synthetic-pd-v1.0
RISK0000772,CUST0001634,LOAN0000772,2025-07-31,635,0.2116,MEDIUM,synthetic-pd-v1.0
RISK0000773,CUST0001047,LOAN0000773,2026-08-29,725,0.0363,LOW,synthetic-pd-v1.0
RISK0000774,CUST0000267,LOAN0000774,2024-08-07,739,0.0272,LOW,synthetic-pd-v1.0
RISK0000775,CUST0000254,LOAN0000775,2025-05-05,622,0.2625,MEDIUM,synthetic-pd-v1.0
RISK0000776,CUST0001724,LOAN0000776,2022-02-01,539,0.6861,HIGH,synthetic-pd-v1.0
RISK0000777,CUST0000844,LOAN0000777,2021-11-20,722,0.0392,LOW,synthetic-pd-v1.0
RISK0000778,CUST0001860,LOAN0000778,2024-11-23,774,0.013,LOW,synthetic-pd-v1.0
RISK0000779,CUST0000842,LOAN0000779,2025-01-06,715,0.0449,LOW,synthetic-pd-v1.0
RISK0000780,CUST0001035,LOAN0000780,2023-11-30,691,0.0734,MEDIUM,synthetic-pd-v1.0
RISK0000781,CUST0000899,LOAN0000781,2025-06-14,791,0.0089,LOW,synthetic-pd-v1.0
RISK0000782,CUST0001951,LOAN0000782,2025-01-21,518,0.7749,HIGH,synthetic-pd-v1.0
RISK0000783,CUST0000235,LOAN0000783,2024-06-17,705,0.0556,LOW,synthetic-pd-v1.0
RISK0000784,CUST0001736,LOAN0000784,2026-07-20,695,0.0679,LOW,synthetic-pd-v1.0
RISK0000785,CUST0000062,LOAN0000785,2021-12-20,750,0.0213,LOW,synthetic-pd-v1.0
RISK0000786,CUST0000897,LOAN0000786,2022-05-21,758,0.0181,LOW,synthetic-pd-v1.0
RISK0000787,CUST0001165,LOAN0000787,2024-09-01,745,0.024,LOW,synthetic-pd-v1.0
RISK0000788,CUST0001767,LOAN0000788,2022-02-28,715,0.0453,LOW,synthetic-pd-v1.0
RISK0000789,CUST0001225,LOAN0000789,2025-08-26,619,0.277,MEDIUM,synthetic-pd-v1.0
RISK0000790,CUST0000520,LOAN0000790,2025-11-23,672,0.1068,LOW,synthetic-pd-v1.0
RISK0000791,CUST0000569,LOAN0000791,2022-10-21,655,0.1488,MEDIUM,synthetic-pd-v1.0
RISK0000792,CUST0001554,LOAN0000792,2022-11-11,705,0.055,LOW,synthetic-pd-v1.0
RISK0000793,CUST0000787,LOAN0000793,2023-11-22,693,0.0706,LOW,synthetic-pd-v1.0
RISK0000794,CUST0000889,LOAN0000794,2023-12-22,659,0.1391,MEDIUM,synthetic-pd-v1.0
RISK0000795,CUST0001172,LOAN0000795,2023-08-23,638,0.202,MEDIUM,synthetic-pd-v1.0
RISK0000796,CUST0000373,LOAN0000796,2024-08-14,715,0.0451,LOW,synthetic-pd-v1.0
RISK0000797,CUST0001108,LOAN0000797,2022-02-11,728,0.0345,LOW,synthetic-pd-v1.0
RISK0000798,CUST0000317,LOAN0000798,2022-01-15,724,0.0371,LOW,synthetic-pd-v1.0
RISK0000799,CUST0001457,LOAN0000799,2022-03-14,819,0.0048,LOW,synthetic-pd-v1.0
RISK0000800,CUST0001859,LOAN0000800,2021-11-30,748,0.0225,LOW,synthetic-pd-v1.0
RISK0000801,CUST0000385,LOAN0000801,2025-03-29,511,0.8031,HIGH,synthetic-pd-v1.0
RISK0000802,CUST0000245,LOAN0000802,2022-06-24,722,0.0389,LOW,synthetic-pd-v1.0
RISK0000803,CUST0001873,LOAN0000803,2025-04-23,699,0.0624,LOW,synthetic-pd-v1.0
RISK0000804,CUST0001885,LOAN0000804,2023-09-11,679,0.0935,LOW,synthetic-pd-v1.0
RISK0000805,CUST0000035,LOAN0000805,2024-10-06,698,0.0641,LOW,synthetic-pd-v1.0
RISK0000806,CUST0001842,LOAN0000806,2023-10-30,666,0.1207,MEDIUM,synthetic-pd-v1.0
RISK0000807,CUST0001177,LOAN0000807,2024-05-16,718,0.042,LOW,synthetic-pd-v1.0
RISK0000808,CUST0000975,LOAN0000808,2021-10-21,672,0.1074,MEDIUM,synthetic-pd-v1.0
RISK0000809,CUST0000555,LOAN0000809,2024-09-29,546,0.654,HIGH,synthetic-pd-v1.0
RISK0000810,CUST0000308,LOAN0000810,2023-11-13,739,0.0271,LOW,synthetic-pd-v1.0
RISK0000811,CUST0000112,LOAN0000811,2023-01-18,751,0.0211,LOW,synthetic-pd-v1.0
RISK0000812,CUST0000171,LOAN0000812,2022-09-15,652,0.1583,MEDIUM,synthetic-pd-v1.0
RISK0000813,CUST0000751,LOAN0000813,2022-11-30,717,0.0427,LOW,synthetic-pd-v1.0
RISK0000814,CUST0001716,LOAN0000814,2025-05-26,652,0.1562,MEDIUM,synthetic-pd-v1.0
RISK0000815,CUST0001619,LOAN0000815,2023-01-17,629,0.2349,MEDIUM,synthetic-pd-v1.0
RISK0000816,CUST0000908,LOAN0000816,2026-07-28,638,0.2014,MEDIUM,synthetic-pd-v1.0
RISK0000817,CUST0000079,LOAN0000817,2024-07-23,730,0.033,LOW,synthetic-pd-v1.0
RISK0000818,CUST0001829,LOAN0000818,2023-03-10,767,0.0149,LOW,synthetic-pd-v1.0
RISK0000819,CUST0000079,LOAN0000819,2025-03-08,693,0.0709,LOW,synthetic-pd-v1.0
RISK0000820,CUST0001998,LOAN0000820,2025-02-22,733,0.031,LOW,synthetic-pd-v1.0
RISK0000821,CUST0000002,LOAN0000821,2024-10-30,638,0.2005,MEDIUM,synthetic-pd-v1.0
RISK0000822,CUST0000217,LOAN0000822,2023-02-25,726,0.0354,LOW,synthetic-pd-v1.0
RISK0000823,CUST0000581,LOAN0000823,2025-01-14,715,0.0454,LOW,synthetic-pd-v1.0
RISK0000824,CUST0001893,LOAN0000824,2022-12-08,723,0.0382,LOW,synthetic-pd-v1.0
RISK0000825,CUST0000904,LOAN0000825,2022-06-29,755,0.0193,LOW,synthetic-pd-v1.0
RISK0000826,CUST0001367,LOAN0000826,2024-11-29,685,0.083,LOW,synthetic-pd-v1.0
RISK0000827,CUST0000292,LOAN0000827,2024-02-12,695,0.0676,LOW,synthetic-pd-v1.0
RISK0000828,CUST0001120,LOAN0000828,2025-07-05,660,0.1365,MEDIUM,synthetic-pd-v1.0
RISK0000829,CUST0001653,LOAN0000829,2023-08-30,642,0.1874,MEDIUM,synthetic-pd-v1.0
RISK0000830,CUST0001182,LOAN0000830,2021-10-19,733,0.0306,LOW,synthetic-pd-v1.0
RISK0000831,CUST0001079,LOAN0000831,2025-01-13,711,0.0488,LOW,synthetic-pd-v1.0
RISK0000832,CUST0001010,LOAN0000832,2022-12-17,657,0.1419,MEDIUM,synthetic-pd-v1.0
RISK0000833,CUST0000043,LOAN0000833,2024-03-24,570,0.526,HIGH,synthetic-pd-v1.0
RISK0000834,CUST0000174,LOAN0000834,2022-01-27,601,0.3594,HIGH,synthetic-pd-v1.0
RISK0000835,CUST0000411,LOAN0000835,2024-09-01,676,0.0999,LOW,synthetic-pd-v1.0
RISK0000836,CUST0001813,LOAN0000836,2025-05-08,765,0.0155,LOW,synthetic-pd-v1.0
RISK0000837,CUST0001209,LOAN0000837,2025-08-24,760,0.0172,LOW,synthetic-pd-v1.0
RISK0000838,CUST0001379,LOAN0000838,2021-11-27,743,0.0251,LOW,synthetic-pd-v1.0
RISK0000839,CUST0001640,LOAN0000839,2024-11-11,758,0.0182,LOW,synthetic-pd-v1.0
RISK0000840,CUST0000139,LOAN0000840,2025-08-12,637,0.2066,MEDIUM,synthetic-pd-v1.0
RISK0000841,CUST0001747,LOAN0000841,2025-02-03,542,0.6722,HIGH,synthetic-pd-v1.0
RISK0000842,CUST0001345,LOAN0000842,2025-07-13,685,0.0825,LOW,synthetic-pd-v1.0
RISK0000843,CUST0001698,LOAN0000843,2023-05-16,716,0.0441,LOW,synthetic-pd-v1.0
RISK0000844,CUST0000514,LOAN0000844,2022-07-22,637,0.2051,MEDIUM,synthetic-pd-v1.0
RISK0000845,CUST0000375,LOAN0000845,2024-09-17,656,0.1455,MEDIUM,synthetic-pd-v1.0
RISK0000846,CUST0001545,LOAN0000846,2024-10-15,730,0.0328,LOW,synthetic-pd-v1.0
RISK0000847,CUST0001690,LOAN0000847,2025-08-26,700,0.0615,LOW,synthetic-pd-v1.0
RISK0000848,CUST0000210,LOAN0000848,2025-09-03,418,0.9686,HIGH,synthetic-pd-v1.0
RISK0000849,CUST0001560,LOAN0000849,2023-12-17,752,0.0205,LOW,synthetic-pd-v1.0
RISK0000850,CUST0000934,LOAN0000850,2022-08-09,744,0.0246,LOW,synthetic-pd-v1.0
RISK0000851,CUST0000216,LOAN0000851,2024-12-10,636,0.2101,MEDIUM,synthetic-pd-v1.0
RISK0000852,CUST0001797,LOAN0000852,2024-08-03,766,0.0153,LOW,synthetic-pd-v1.0
RISK0000853,CUST0000649,LOAN0000853,2024-04-28,694,0.0689,LOW,synthetic-pd-v1.0
RISK0000854,CUST0000203,LOAN0000854,2023-02-27,760,0.0172,LOW,synthetic-pd-v1.0
RISK0000855,CUST0001690,LOAN0000855,2024-02-19,668,0.1162,MEDIUM,synthetic-pd-v1.0
RISK0000856,CUST0001687,LOAN0000856,2022-10-13,687,0.0792,LOW,synthetic-pd-v1.0
RISK0000857,CUST0001175,LOAN0000857,2024-01-16,652,0.1571,MEDIUM,synthetic-pd-v1.0
RISK0000858,CUST0001675,LOAN0000858,2024-05-20,645,0.1787,MEDIUM,synthetic-pd-v1.0
RISK0000859,CUST0000097,LOAN0000859,2022-02-27,728,0.0345,LOW,synthetic-pd-v1.0
RISK0000860,CUST0000693,LOAN0000860,2024-08-16,700,0.061,LOW,synthetic-pd-v1.0
RISK0000861,CUST0000058,LOAN0000861,2023-07-22,741,0.0258,LOW,synthetic-pd-v1.0
RISK0000862,CUST0000125,LOAN0000862,2026-01-29,685,0.0838,LOW,synthetic-pd-v1.0
RISK0000863,CUST0001674,LOAN0000863,2026-07-20,668,0.1156,MEDIUM,synthetic-pd-v1.0
RISK0000864,CUST0000254,LOAN0000864,2026-08-23,615,0.2926,HIGH,synthetic-pd-v1.0
RISK0000865,CUST0000114,LOAN0000865,2026-05-17,706,0.0542,MEDIUM,synthetic-pd-v1.0
RISK0000866,CUST0001543,LOAN0000866,2025-06-10,613,0.3058,MEDIUM,synthetic-pd-v1.0
RISK0000867,CUST0000515,LOAN0000867,2026-01-03,755,0.0192,LOW,synthetic-pd-v1.0
RISK0000868,CUST0000064,LOAN0000868,2022-07-09,609,0.3218,MEDIUM,synthetic-pd-v1.0
RISK0000869,CUST0001175,LOAN0000869,2023-01-30,670,0.111,LOW,synthetic-pd-v1.0
RISK0000870,CUST0001917,LOAN0000870,2022-04-28,674,0.1029,LOW,synthetic-pd-v1.0
RISK0000871,CUST0000372,LOAN0000871,2022-03-25,765,0.0158,LOW,synthetic-pd-v1.0
RISK0000872,CUST0000724,LOAN0000872,2024-08-13,742,0.0256,LOW,synthetic-pd-v1.0
RISK0000873,CUST0000566,LOAN0000873,2024-09-28,571,0.5245,HIGH,synthetic-pd-v1.0
RISK0000874,CUST0000323,LOAN0000874,2024-11-29,595,0.3916,HIGH,synthetic-pd-v1.0
RISK0000875,CUST0001981,LOAN0000875,2026-05-11,592,0.4059,HIGH,synthetic-pd-v1.0
RISK0000876,CUST0001097,LOAN0000876,2025-11-14,646,0.1764,MEDIUM,synthetic-pd-v1.0
RISK0000877,CUST0000645,LOAN0000877,2026-03-10,811,0.0057,LOW,synthetic-pd-v1.0
RISK0000878,CUST0001897,LOAN0000878,2024-10-28,683,0.0871,LOW,synthetic-pd-v1.0
RISK0000879,CUST0001635,LOAN0000879,2025-04-11,650,0.1629,MEDIUM,synthetic-pd-v1.0
RISK0000880,CUST0001382,LOAN0000880,2023-08-14,675,0.1008,LOW,synthetic-pd-v1.0
RISK0000881,CUST0001780,LOAN0000881,2025-10-17,752,0.0206,LOW,synthetic-pd-v1.0
RISK0000882,CUST0000010,LOAN0000882,2026-06-24,484,0.8795,HIGH,synthetic-pd-v1.0
RISK0000883,CUST0001189,LOAN0000883,2024-09-09,744,0.0244,LOW,synthetic-pd-v1.0
RISK0000884,CUST0001823,LOAN0000884,2021-09-12,575,0.5024,HIGH,synthetic-pd-v1.0
RISK0000885,CUST0001583,LOAN0000885,2025-02-28,646,0.1751,MEDIUM,synthetic-pd-v1.0
RISK0000886,CUST0000808,LOAN0000886,2022-01-18,752,0.0206,LOW,synthetic-pd-v1.0
RISK0000887,CUST0000177,LOAN0000887,2021-12-06,820,0.0048,LOW,synthetic-pd-v1.0
RISK0000888,CUST0000669,LOAN0000888,2023-10-17,579,0.4796,HIGH,synthetic-pd-v1.0
RISK0000889,CUST0001397,LOAN0000889,2023-05-15,733,0.0309,LOW,synthetic-pd-v1.0
RISK0000890,CUST0001356,LOAN0000890,2024-10-17,716,0.044,LOW,synthetic-pd-v1.0
RISK0000891,CUST0001535,LOAN0000891,2023-02-06,716,0.0445,LOW,synthetic-pd-v1.0
RISK0000892,CUST0000592,LOAN0000892,2025-04-28,624,0.2539,MEDIUM,synthetic-pd-v1.0
RISK0000893,CUST0000309,LOAN0000893,2024-03-13,728,0.0339,LOW,synthetic-pd-v1.0
RISK0000894,CUST0001899,LOAN0000894,2023-12-26,697,0.0648,LOW,synthetic-pd-v1.0
RISK0000895,CUST0001690,LOAN0000895,2022-12-02,709,0.0511,LOW,synthetic-pd-v1.0
RISK0000896,CUST0001870,LOAN0000896,2022-09-01,624,0.2554,MEDIUM,synthetic-pd-v1.0
RISK0000897,CUST0001804,LOAN0000897,2025-12-24,566,0.5503,HIGH,synthetic-pd-v1.0
RISK0000898,CUST0001017,LOAN0000898,2026-07-18,739,0.0273,LOW,synthetic-pd-v1.0
RISK0000899,CUST0001440,LOAN0000899,2022-01-30,779,0.0116,LOW,synthetic-pd-v1.0
RISK0000900,CUST0001384,LOAN0000900,2025-04-22,631,0.2292,MEDIUM,synthetic-pd-v1.0
RISK0000901,CUST0001641,LOAN0000901,2025-01-10,673,0.1064,MEDIUM,synthetic-pd-v1.0
RISK0000902,CUST0001690,LOAN0000902,2022-12-05,724,0.0372,LOW,synthetic-pd-v1.0
RISK0000903,CUST0000956,LOAN0000903,2023-04-03,617,0.2856,HIGH,synthetic-pd-v1.0
RISK0000904,CUST0000695,LOAN0000904,2021-11-10,702,0.0587,LOW,synthetic-pd-v1.0
RISK0000905,CUST0001824,LOAN0000905,2025-05-20,644,0.1814,MEDIUM,synthetic-pd-v1.0
RISK0000906,CUST0000195,LOAN0000906,2024-05-29,595,0.3923,HIGH,synthetic-pd-v1.0
RISK0000907,CUST0000815,LOAN0000907,2022-12-22,664,0.1244,MEDIUM,synthetic-pd-v1.0
RISK0000908,CUST0000130,LOAN0000908,2021-09-04,668,0.1153,MEDIUM,synthetic-pd-v1.0
RISK0000909,CUST0001131,LOAN0000909,2024-02-23,673,0.1058,LOW,synthetic-pd-v1.0
RISK0000910,CUST0001975,LOAN0000910,2026-09-05,687,0.0798,LOW,synthetic-pd-v1.0
RISK0000911,CUST0001601,LOAN0000911,2024-03-11,686,0.0822,LOW,synthetic-pd-v1.0
RISK0000912,CUST0001844,LOAN0000912,2022-06-15,665,0.1223,MEDIUM,synthetic-pd-v1.0
RISK0000913,CUST0001465,LOAN0000913,2022-03-03,609,0.3204,HIGH,synthetic-pd-v1.0
RISK0000914,CUST0000740,LOAN0000914,2024-08-29,657,0.1428,MEDIUM,synthetic-pd-v1.0
RISK0000915,CUST0000789,LOAN0000915,2025-12-14,676,0.0995,LOW,synthetic-pd-v1.0
RISK0000916,CUST0000176,LOAN0000916,2023-06-05,686,0.0813,LOW,synthetic-pd-v1.0
RISK0000917,CUST0000428,LOAN0000917,2021-10-28,664,0.125,LOW,synthetic-pd-v1.0
RISK0000918,CUST0001267,LOAN0000918,2024-01-17,764,0.0159,LOW,synthetic-pd-v1.0
RISK0000919,CUST0000935,LOAN0000919,2023-12-12,660,0.1359,MEDIUM,synthetic-pd-v1.0
RISK0000920,CUST0000930,LOAN0000920,2025-04-11,772,0.0134,LOW,synthetic-pd-v1.0
RISK0000921,CUST0001691,LOAN0000921,2026-03-09,642,0.1872,MEDIUM,synthetic-pd-v1.0
RISK0000922,CUST0000524,LOAN0000922,2024-11-24,664,0.1245,MEDIUM,synthetic-pd-v1.0
RISK0000923,CUST0001262,LOAN0000923,2023-06-12,717,0.043,LOW,synthetic-pd-v1.0
RISK0000924,CUST0001034,LOAN0000924,2025-08-28,707,0.0526,LOW,synthetic-pd-v1.0
RISK0000925,CUST0000891,LOAN0000925,2026-03-11,723,0.0377,LOW,synthetic-pd-v1.0
RISK0000926,CUST0000037,LOAN0000926,2025-10-11,776,0.0123,LOW,synthetic-pd-v1.0
RISK0000927,CUST0001396,LOAN0000927,2023-12-28,694,0.0692,LOW,synthetic-pd-v1.0
RISK0000928,CUST0000026,LOAN0000928,2023-07-12,772,0.0134,LOW,synthetic-pd-v1.0
RISK0000929,CUST0001670,LOAN0000929,2025-12-02,661,0.1325,MEDIUM,synthetic-pd-v1.0
RISK0000930,CUST0001845,LOAN0000930,2023-05-10,619,0.2779,MEDIUM,synthetic-pd-v1.0
RISK0000931,CUST0001670,LOAN0000931,2024-04-24,631,0.2286,MEDIUM,synthetic-pd-v1.0
RISK0000932,CUST0001349,LOAN0000932,2022-06-13,720,0.0408,LOW,synthetic-pd-v1.0
RISK0000933,CUST0001255,LOAN0000933,2022-03-31,698,0.0639,LOW,synthetic-pd-v1.0
RISK0000934,CUST0001193,LOAN0000934,2025-02-23,746,0.0234,LOW,synthetic-pd-v1.0
RISK0000935,CUST0001011,LOAN0000935,2026-05-08,639,0.197,MEDIUM,synthetic-pd-v1.0
RISK0000936,CUST0000312,LOAN0000936,2023-03-13,661,0.1328,MEDIUM,synthetic-pd-v1.0
RISK0000937,CUST0000227,LOAN0000937,2024-02-17,691,0.0732,LOW,synthetic-pd-v1.0
RISK0000938,CUST0000621,LOAN0000938,2025-09-26,668,0.1154,LOW,synthetic-pd-v1.0
RISK0000939,CUST0000478,LOAN0000939,2025-05-12,634,0.2149,MEDIUM,synthetic-pd-v1.0
RISK0000940,CUST0001196,LOAN0000940,2025-07-30,585,0.444,HIGH,synthetic-pd-v1.0
RISK0000941,CUST0001838,LOAN0000941,2024-04-01,555,0.609,HIGH,synthetic-pd-v1.0
RISK0000942,CUST0001390,LOAN0000942,2021-09-20,731,0.0322,LOW,synthetic-pd-v1.0
RISK0000943,CUST0001081,LOAN0000943,2024-06-04,517,0.7785,HIGH,synthetic-pd-v1.0
RISK0000944,CUST0000225,LOAN0000944,2022-06-10,693,0.0708,LOW,synthetic-pd-v1.0
RISK0000945,CUST0001464,LOAN0000945,2022-01-21,720,0.0407,LOW,synthetic-pd-v1.0
RISK0000946,CUST0001388,LOAN0000946,2022-04-03,652,0.1558,MEDIUM,synthetic-pd-v1.0
RISK0000947,CUST0000757,LOAN0000947,2025-10-27,672,0.1082,MEDIUM,synthetic-pd-v1.0
RISK0000948,CUST0000651,LOAN0000948,2022-11-12,667,0.1182,LOW,synthetic-pd-v1.0
RISK0000949,CUST0001930,LOAN0000949,2025-10-08,802,0.0071,LOW,synthetic-pd-v1.0
RISK0000950,CUST0000602,LOAN0000950,2026-06-23,744,0.0246,LOW,synthetic-pd-v1.0
RISK0000951,CUST0000355,LOAN0000951,2026-07-09,716,0.0437,LOW,synthetic-pd-v1.0
RISK0000952,CUST0000495,LOAN0000952,2024-02-02,717,0.0436,LOW,synthetic-pd-v1.0
RISK0000953,CUST0000223,LOAN0000953,2025-10-16,737,0.0286,LOW,synthetic-pd-v1.0
RISK0000954,CUST0001129,LOAN0000954,2022-07-08,694,0.0692,MEDIUM,synthetic-pd-v1.0
RISK0000955,CUST0001213,LOAN0000955,2024-11-08,699,0.0621,LOW,synthetic-pd-v1.0
RISK0000956,CUST0000357,LOAN0000956,2024-09-16,581,0.4652,HIGH,synthetic-pd-v1.0
RISK0000957,CUST0001757,LOAN0000957,2024-04-08,727,0.0348,LOW,synthetic-pd-v1.0
RISK0000958,CUST0000467,LOAN0000958,2026-06-17,698,0.0643,LOW,synthetic-pd-v1.0
RISK0000959,CUST0001220,LOAN0000959,2024-12-09,693,0.0709,LOW,synthetic-pd-v1.0
RISK0000960,CUST0000131,LOAN0000960,2022-12-15,649,0.1645,MEDIUM,synthetic-pd-v1.0
RISK0000961,CUST0000905,LOAN0000961,2025-09-10,628,0.2411,MEDIUM,synthetic-pd-v1.0
RISK0000962,CUST0001978,LOAN0000962,2025-08-25,566,0.5504,HIGH,synthetic-pd-v1.0
RISK0000963,CUST0000661,LOAN0000963,2023-06-09,704,0.0564,LOW,synthetic-pd-v1.0
RISK0000964,CUST0000884,LOAN0000964,2024-03-08,576,0.4966,HIGH,synthetic-pd-v1.0
RISK0000965,CUST0001104,LOAN0000965,2023-07-23,704,0.0565,LOW,synthetic-pd-v1.0
RISK0000966,CUST0000509,LOAN0000966,2026-05-22,693,0.0711,LOW,synthetic-pd-v1.0
RISK0000967,CUST0001720,LOAN0000967,2026-01-06,655,0.1474,MEDIUM,synthetic-pd-v1.0
RISK0000968,CUST0000752,LOAN0000968,2023-06-07,771,0.0137,LOW,synthetic-pd-v1.0
RISK0000969,CUST0001679,LOAN0000969,2023-09-28,712,0.0479,LOW,synthetic-pd-v1.0
RISK0000970,CUST0000484,LOAN0000970,2024-10-30,452,0.9366,HIGH,synthetic-pd-v1.0
RISK0000971,CUST0001859,LOAN0000971,2022-08-27,730,0.0328,LOW,synthetic-pd-v1.0
RISK0000972,CUST0000157,LOAN0000972,2025-07-05,715,0.045,LOW,synthetic-pd-v1.0
RISK0000973,CUST0000613,LOAN0000973,2025-11-25,744,0.0247,LOW,synthetic-pd-v1.0
RISK0000974,CUST0001242,LOAN0000974,2025-11-22,759,0.0177,LOW,synthetic-pd-v1.0
RISK0000975,CUST0001254,LOAN0000975,2024-09-28,703,0.0572,LOW,synthetic-pd-v1.0
RISK0000976,CUST0001864,LOAN0000976,2021-11-25,662,0.1292,MEDIUM,synthetic-pd-v1.0
RISK0000977,CUST0000019,LOAN0000977,2023-02-22,652,0.1566,MEDIUM,synthetic-pd-v1.0
RISK0000978,CUST0001864,LOAN0000978,2022-04-26,631,0.2286,MEDIUM,synthetic-pd-v1.0
RISK0000979,CUST0000179,LOAN0000979,2022-04-02,683,0.0863,LOW,synthetic-pd-v1.0
RISK0000980,CUST0000019,LOAN0000980,2026-06-12,649,0.166,MEDIUM,synthetic-pd-v1.0
RISK0000981,CUST0000925,LOAN0000981,2023-03-04,685,0.0827,LOW,synthetic-pd-v1.0
RISK0000982,CUST0001817,LOAN0000982,2021-09-30,666,0.1208,MEDIUM,synthetic-pd-v1.0
RISK0000983,CUST0000403,LOAN0000983,2024-10-02,782,0.0109,LOW,synthetic-pd-v1.0
RISK0000984,CUST0000313,LOAN0000984,2023-08-20,634,0.2178,MEDIUM,synthetic-pd-v1.0
RISK0000985,CUST0001532,LOAN0000985,2024-11-01,703,0.0579,LOW,synthetic-pd-v1.0
RISK0000986,CUST0000192,LOAN0000986,2022-01-28,683,0.087,LOW,synthetic-pd-v1.0
RISK0000987,CUST0000318,LOAN0000987,2024-06-16,696,0.0669,LOW,synthetic-pd-v1.0
RISK0000988,CUST0000060,LOAN0000988,2025-05-19,691,0.0736,MEDIUM,synthetic-pd-v1.0
RISK0000989,CUST0000173,LOAN0000989,2024-10-15,668,0.1153,MEDIUM,synthetic-pd-v1.0
RISK0000990,CUST0001359,LOAN0000990,2022-06-11,787,0.0097,LOW,synthetic-pd-v1.0
RISK0000991,CUST0001560,LOAN0000991,2025-05-13,706,0.0537,LOW,synthetic-pd-v1.0
RISK0000992,CUST0000379,LOAN0000992,2025-02-12,716,0.0441,LOW,synthetic-pd-v1.0
RISK0000993,CUST0001956,LOAN0000993,2026-04-25,617,0.287,MEDIUM,synthetic-pd-v1.0
RISK0000994,CUST0001810,LOAN0000994,2026-03-08,733,0.0309,LOW,synthetic-pd-v1.0
RISK0000995,CUST0000172,LOAN0000995,2023-06-26,545,0.6575,HIGH,synthetic-pd-v1.0
RISK0000996,CUST0001406,LOAN0000996,2024-10-28,732,0.0317,LOW,synthetic-pd-v1.0
RISK0000997,CUST0001742,LOAN0000997,2024-01-05,640,0.1942,MEDIUM,synthetic-pd-v1.0
RISK0000998,CUST0000917,LOAN0000998,2023-11-08,746,0.0233,LOW,synthetic-pd-v1.0
RISK0000999,CUST0000199,LOAN0000999,2024-04-25,675,0.101,MEDIUM,synthetic-pd-v1.0
RISK0001000,CUST0000172,LOAN0001000,2024-10-04,600,0.368,HIGH,synthetic-pd-v1.0
RISK0001001,CUST0001523,LOAN0001001,2025-04-19,616,0.2889,HIGH,synthetic-pd-v1.0
RISK0001002,CUST0000872,LOAN0001002,2022-12-16,688,0.0786,LOW,synthetic-pd-v1.0
RISK0001003,CUST0001176,LOAN0001003,2022-12-05,528,0.7372,HIGH,synthetic-pd-v1.0
RISK0001004,CUST0000334,LOAN0001004,2024-01-26,746,0.0233,LOW,synthetic-pd-v1.0
RISK0001005,CUST0001447,LOAN0001005,2026-06-22,634,0.2178,MEDIUM,synthetic-pd-v1.0
RISK0001006,CUST0001516,LOAN0001006,2024-04-11,723,0.0383,LOW,synthetic-pd-v1.0
RISK0001007,CUST0000204,LOAN0001007,2022-04-19,724,0.0375,LOW,synthetic-pd-v1.0
RISK0001008,CUST0000596,LOAN0001008,2024-01-07,759,0.0177,LOW,synthetic-pd-v1.0
RISK0001009,CUST0000836,LOAN0001009,2023-04-29,708,0.0523,LOW,synthetic-pd-v1.0
RISK0001010,CUST0000740,LOAN0001010,2024-06-23,689,0.0768,LOW,synthetic-pd-v1.0
RISK0001011,CUST0000856,LOAN0001011,2022-11-29,588,0.427,HIGH,synthetic-pd-v1.0
RISK0001012,CUST0000088,LOAN0001012,2021-10-11,701,0.06,LOW,synthetic-pd-v1.0
RISK0001013,CUST0001164,LOAN0001013,2021-10-28,661,0.1335,MEDIUM,synthetic-pd-v1.0
RISK0001014,CUST0000540,LOAN0001014,2025-02-15,693,0.0705,LOW,synthetic-pd-v1.0
RISK0001015,CUST0001727,LOAN0001015,2023-01-27,727,0.0351,LOW,synthetic-pd-v1.0
RISK0001016,CUST0000980,LOAN0001016,2024-02-08,566,0.5508,HIGH,synthetic-pd-v1.0
RISK0001017,CUST0000814,LOAN0001017,2026-08-13,596,0.3879,HIGH,synthetic-pd-v1.0
RISK0001018,CUST0000344,LOAN0001018,2024-11-13,626,0.2487,MEDIUM,synthetic-pd-v1.0
RISK0001019,CUST0000057,LOAN0001019,2024-04-14,752,0.0207,LOW,synthetic-pd-v1.0
RISK0001020,CUST0000984,LOAN0001020,2025-10-14,709,0.0506,LOW,synthetic-pd-v1.0
RISK0001021,CUST0001012,LOAN0001021,2021-12-18,711,0.0491,LOW,synthetic-pd-v1.0
RISK0001022,CUST0000504,LOAN0001022,2022-05-20,698,0.064,LOW,synthetic-pd-v1.0
RISK0001023,CUST0000128,LOAN0001023,2026-07-03,710,0.0502,LOW,synthetic-pd-v1.0
RISK0001024,CUST0000610,LOAN0001024,2022-03-10,649,0.1648,MEDIUM,synthetic-pd-v1.0
RISK0001025,CUST0001349,LOAN0001025,2026-05-24,750,0.0217,LOW,synthetic-pd-v1.0
RISK0001026,CUST0001502,LOAN0001026,2025-03-12,795,0.0082,LOW,synthetic-pd-v1.0
RISK0001027,CUST0000991,LOAN0001027,2024-05-20,715,0.0447,LOW,synthetic-pd-v1.0
RISK0001028,CUST0001772,LOAN0001028,2026-03-09,715,0.045,LOW,synthetic-pd-v1.0
RISK0001029,CUST0000850,LOAN0001029,2021-12-03,609,0.322,HIGH,synthetic-pd-v1.0
RISK0001030,CUST0001960,LOAN0001030,2024-07-15,715,0.0453,LOW,synthetic-pd-v1.0
RISK0001031,CUST0001049,LOAN0001031,2026-05-03,701,0.0597,LOW,synthetic-pd-v1.0
RISK0001032,CUST0001094,LOAN0001032,2022-12-19,670,0.1115,MEDIUM,synthetic-pd-v1.0
RISK0001033,CUST0001008,LOAN0001033,2021-09-19,696,0.0672,LOW,synthetic-pd-v1.0
RISK0001034,CUST0001087,LOAN0001034,2023-06-08,669,0.1134,MEDIUM,synthetic-pd-v1.0
RISK0001035,CUST0001087,LOAN0001035,2025-05-05,668,0.1172,MEDIUM,synthetic-pd-v1.0
RISK0001036,CUST0001528,LOAN0001036,2024-02-04,716,0.0441,LOW,synthetic-pd-v1.0
RISK0001037,CUST0001120,LOAN0001037,2024-11-22,668,0.1155,LOW,synthetic-pd-v1.0
RISK0001038,CUST0000252,LOAN0001038,2024-06-23,749,0.0221,LOW,synthetic-pd-v1.0
RISK0001039,CUST0000630,LOAN0001039,2021-11-16,649,0.1665,MEDIUM,synthetic-pd-v1.0
RISK0001040,CUST0001771,LOAN0001040,2025-03-10,722,0.0391,LOW,synthetic-pd-v1.0
RISK0001041,CUST0001455,LOAN0001041,2024-01-24,540,0.6806,HIGH,synthetic-pd-v1.0
RISK0001042,CUST0000080,LOAN0001042,2026-02-22,707,0.0534,LOW,synthetic-pd-v1.0
RISK0001043,CUST0001235,LOAN0001043,2023-07-10,539,0.6886,HIGH,synthetic-pd-v1.0
RISK0001044,CUST0000487,LOAN0001044,2025-09-01,690,0.0756,LOW,synthetic-pd-v1.0
RISK0001045,CUST0000884,LOAN0001045,2026-07-11,590,0.4189,HIGH,synthetic-pd-v1.0
RISK0001046,CUST0001804,LOAN0001046,2021-09-11,534,0.7113,HIGH,synthetic-pd-v1.0
RISK0001047,CUST0001890,LOAN0001047,2023-09-10,754,0.0199,LOW,synthetic-pd-v1.0
RISK0001048,CUST0000697,LOAN0001048,2021-12-31,684,0.0852,LOW,synthetic-pd-v1.0
RISK0001049,CUST0001672,LOAN0001049,2025-09-12,671,0.1098,MEDIUM,synthetic-pd-v1.0
RISK0001050,CUST0001116,LOAN0001050,2023-04-23,707,0.0536,LOW,synthetic-pd-v1.0
RISK0001051,CUST0000672,LOAN0001051,2022-04-06,764,0.0158,LOW,synthetic-pd-v1.0
RISK0001052,CUST0001145,LOAN0001052,2023-01-08,726,0.0354,LOW,synthetic-pd-v1.0
RISK0001053,CUST0000405,LOAN0001053,2025-03-14,819,0.0049,LOW,synthetic-pd-v1.0
RISK0001054,CUST0000136,LOAN0001054,2022-05-31,747,0.0228,LOW,synthetic-pd-v1.0
RISK0001055,CUST0000072,LOAN0001055,2022-01-10,661,0.132,MEDIUM,synthetic-pd-v1.0
RISK0001056,CUST0000334,LOAN0001056,2025-02-20,688,0.0775,LOW,synthetic-pd-v1.0
RISK0001057,CUST0001755,LOAN0001057,2022-07-11,763,0.0162,LOW,synthetic-pd-v1.0
RISK0001058,CUST0001412,LOAN0001058,2022-06-06,734,0.0302,LOW,synthetic-pd-v1.0
RISK0001059,CUST0000741,LOAN0001059,2026-05-17,724,0.0376,LOW,synthetic-pd-v1.0
RISK0001060,CUST0001212,LOAN0001060,2024-05-11,715,0.045,LOW,synthetic-pd-v1.0
RISK0001061,CUST0001081,LOAN0001061,2022-04-21,488,0.8699,HIGH,synthetic-pd-v1.0
RISK0001062,CUST0001082,LOAN0001062,2022-06-01,593,0.4016,HIGH,synthetic-pd-v1.0
RISK0001063,CUST0001908,LOAN0001063,2023-06-17,709,0.0506,LOW,synthetic-pd-v1.0
RISK0001064,CUST0000707,LOAN0001064,2021-10-15,616,0.2888,MEDIUM,synthetic-pd-v1.0
RISK0001065,CUST0000179,LOAN0001065,2025-03-11,694,0.0694,LOW,synthetic-pd-v1.0
RISK0001066,CUST0000326,LOAN0001066,2025-04-26,616,0.2915,HIGH,synthetic-pd-v1.0
RISK0001067,CUST0002000,LOAN0001067,2022-10-14,649,0.1653,MEDIUM,synthetic-pd-v1.0
RISK0001068,CUST0001987,LOAN0001068,2024-04-17,681,0.0893,MEDIUM,synthetic-pd-v1.0
RISK0001069,CUST0001718,LOAN0001069,2025-06-01,662,0.1305,MEDIUM,synthetic-pd-v1.0
RISK0001070,CUST0000493,LOAN0001070,2022-06-20,695,0.0686,LOW,synthetic-pd-v1.0
RISK0001071,CUST0001010,LOAN0001071,2022-03-17,641,0.1923,MEDIUM,synthetic-pd-v1.0
RISK0001072,CUST0001625,LOAN0001072,2026-07-05,640,0.1934,MEDIUM,synthetic-pd-v1.0
RISK0001073,CUST0000684,LOAN0001073,2025-02-05,699,0.063,LOW,synthetic-pd-v1.0
RISK0001074,CUST0001204,LOAN0001074,2022-01-06,610,0.3191,HIGH,synthetic-pd-v1.0
RISK0001075,CUST0001360,LOAN0001075,2023-09-27,725,0.0365,LOW,synthetic-pd-v1.0
RISK0001076,CUST0001674,LOAN0001076,2026-06-09,698,0.0636,LOW,synthetic-pd-v1.0
RISK0001077,CUST0000575,LOAN0001077,2026-08-15,695,0.0675,LOW,synthetic-pd-v1.0
RISK0001078,CUST0000158,LOAN0001078,2023-04-17,719,0.0416,LOW,synthetic-pd-v1.0
RISK0001079,CUST0001386,LOAN0001079,2025-09-15,653,0.155,MEDIUM,synthetic-pd-v1.0
RISK0001080,CUST0000037,LOAN0001080,2024-09-25,774,0.0129,LOW,synthetic-pd-v1.0
RISK0001081,CUST0001201,LOAN0001081,2021-11-25,624,0.2548,MEDIUM,synthetic-pd-v1.0
RISK0001082,CUST0001333,LOAN0001082,2026-08-06,717,0.0433,LOW,synthetic-pd-v1.0
RISK0001083,CUST0001738,LOAN0001083,2024-06-21,813,0.0056,LOW,synthetic-pd-v1.0
RISK0001084,CUST0001760,LOAN0001084,2023-10-10,759,0.0176,LOW,synthetic-pd-v1.0
RISK0001085,CUST0000122,LOAN0001085,2025-09-06,678,0.0964,LOW,synthetic-pd-v1.0
RISK0001086,CUST0000266,LOAN0001086,2022-02-09,636,0.2072,MEDIUM,synthetic-pd-v1.0
RISK0001087,CUST0000764,LOAN0001087,2025-08-03,647,0.1734,MEDIUM,synthetic-pd-v1.0
RISK0001088,CUST0000081,LOAN0001088,2024-10-02,737,0.0286,LOW,synthetic-pd-v1.0
RISK0001089,CUST0000542,LOAN0001089,2025-05-04,723,0.0384,LOW,synthetic-pd-v1.0
RISK0001090,CUST0001597,LOAN0001090,2023-01-26,585,0.4466,HIGH,synthetic-pd-v1.0
RISK0001091,CUST0001104,LOAN0001091,2022-12-28,700,0.0616,LOW,synthetic-pd-v1.0
RISK0001092,CUST0001280,LOAN0001092,2021-12-19,692,0.0715,MEDIUM,synthetic-pd-v1.0
RISK0001093,CUST0000010,LOAN0001093,2026-07-04,478,0.8925,HIGH,synthetic-pd-v1.0
RISK0001094,CUST0000804,LOAN0001094,2022-04-25,645,0.1797,MEDIUM,synthetic-pd-v1.0
RISK0001095,CUST0001379,LOAN0001095,2022-07-09,769,0.0143,LOW,synthetic-pd-v1.0
RISK0001096,CUST0001402,LOAN0001096,2023-04-01,649,0.1665,MEDIUM,synthetic-pd-v1.0
RISK0001097,CUST0000351,LOAN0001097,2022-11-12,663,0.1285,MEDIUM,synthetic-pd-v1.0
RISK0001098,CUST0001388,LOAN0001098,2024-11-16,660,0.1346,MEDIUM,synthetic-pd-v1.0
RISK0001099,CUST0000862,LOAN0001099,2026-07-17,678,0.0963,MEDIUM,synthetic-pd-v1.0
RISK0001100,CUST0000671,LOAN0001100,2025-01-06,738,0.0279,LOW,synthetic-pd-v1.0
RISK0001101,CUST0001312,LOAN0001101,2026-09-03,670,0.1114,MEDIUM,synthetic-pd-v1.0
RISK0001102,CUST0001208,LOAN0001102,2024-08-12,748,0.0223,LOW,synthetic-pd-v1.0
RISK0001103,CUST0001099,LOAN0001103,2025-11-18,757,0.0186,LOW,synthetic-pd-v1.0
RISK0001104,CUST0001267,LOAN0001104,2023-07-24,744,0.0246,LOW,synthetic-pd-v1.0
RISK0001105,CUST0001863,LOAN0001105,2024-05-13,662,0.1296,MEDIUM,synthetic-pd-v1.0
RISK0001106,CUST0000187,LOAN0001106,2025-12-28,603,0.3506,HIGH,synthetic-pd-v1.0
RISK0001107,CUST0001812,LOAN0001107,2025-04-03,656,0.146,MEDIUM,synthetic-pd-v1.0
RISK0001108,CUST0001857,LOAN0001108,2024-04-30,668,0.116,MEDIUM,synthetic-pd-v1.0
RISK0001109,CUST0000285,LOAN0001109,2025-03-30,751,0.0209,LOW,synthetic-pd-v1.0
RISK0001110,CUST0000284,LOAN0001110,2022-08-27,730,0.0328,LOW,synthetic-pd-v1.0
RISK0001111,CUST0001815,LOAN0001111,2024-05-06,732,0.0314,LOW,synthetic-pd-v1.0
RISK0001112,CUST0001115,LOAN0001112,2023-08-31,546,0.6547,HIGH,synthetic-pd-v1.0
RISK0001113,CUST0001322,LOAN0001113,2022-02-17,558,0.5926,HIGH,synthetic-pd-v1.0
RISK0001114,CUST0000924,LOAN0001114,2025-02-26,782,0.0109,LOW,synthetic-pd-v1.0
RISK0001115,CUST0000563,LOAN0001115,2022-07-07,679,0.0943,LOW,synthetic-pd-v1.0
RISK0001116,CUST0001130,LOAN0001116,2025-07-07,729,0.0338,LOW,synthetic-pd-v1.0
RISK0001117,CUST0000820,LOAN0001117,2025-12-04,670,0.1118,LOW,synthetic-pd-v1.0
RISK0001118,CUST0000445,LOAN0001118,2024-02-08,740,0.0267,LOW,synthetic-pd-v1.0
RISK0001119,CUST0001739,LOAN0001119,2024-02-19,661,0.132,MEDIUM,synthetic-pd-v1.0
RISK0001120,CUST0000403,LOAN0001120,2023-09-14,770,0.0139,LOW,synthetic-pd-v1.0
RISK0001121,CUST0000590,LOAN0001121,2024-04-09,775,0.0126,LOW,synthetic-pd-v1.0
RISK0001122,CUST0001214,LOAN0001122,2021-11-06,728,0.034,LOW,synthetic-pd-v1.0
RISK0001123,CUST0001674,LOAN0001123,2025-05-14,664,0.1252,MEDIUM,synthetic-pd-v1.0
RISK0001124,CUST0001705,LOAN0001124,2024-06-20,669,0.1144,LOW,synthetic-pd-v1.0
RISK0001125,CUST0001958,LOAN0001125,2026-01-05,654,0.1525,MEDIUM,synthetic-pd-v1.0
RISK0001126,CUST0000824,LOAN0001126,2025-02-11,733,0.0306,LOW,synthetic-pd-v1.0
RISK0001127,CUST0000218,LOAN0001127,2023-11-14,772,0.0135,LOW,synthetic-pd-v1.0
RISK0001128,CUST0001951,LOAN0001128,2026-04-09,549,0.6399,HIGH,synthetic-pd-v1.0
RISK0001129,CUST0001745,LOAN0001129,2024-03-23,718,0.0425,LOW,synthetic-pd-v1.0
RISK0001130,CUST0000529,LOAN0001130,2026-04-10,762,0.0166,LOW,synthetic-pd-v1.0
RISK0001131,CUST0001544,LOAN0001131,2022-04-22,697,0.0655,MEDIUM,synthetic-pd-v1.0
RISK0001132,CUST0001062,LOAN0001132,2024-09-16,558,0.5899,HIGH,synthetic-pd-v1.0
RISK0001133,CUST0000569,LOAN0001133,2023-01-29,677,0.0972,LOW,synthetic-pd-v1.0
RISK0001134,CUST0000927,LOAN0001134,2024-11-27,559,0.584,HIGH,synthetic-pd-v1.0
RISK0001135,CUST0000663,LOAN0001135,2022-04-18,627,0.2435,MEDIUM,synthetic-pd-v1.0
RISK0001136,CUST0001639,LOAN0001136,2025-06-28,735,0.0297,LOW,synthetic-pd-v1.0
RISK0001137,CUST0001746,LOAN0001137,2022-04-21,733,0.031,LOW,synthetic-pd-v1.0
RISK0001138,CUST0000836,LOAN0001138,2025-09-18,739,0.0275,LOW,synthetic-pd-v1.0
RISK0001139,CUST0001058,LOAN0001139,2025-04-21,713,0.047,LOW,synthetic-pd-v1.0
RISK0001140,CUST0001205,LOAN0001140,2024-10-06,658,0.1396,MEDIUM,synthetic-pd-v1.0
RISK0001141,CUST0000051,LOAN0001141,2022-09-21,676,0.099,MEDIUM,synthetic-pd-v1.0
RISK0001142,CUST0000255,LOAN0001142,2022-12-15,791,0.0088,LOW,synthetic-pd-v1.0
RISK0001143,CUST0001437,LOAN0001143,2022-07-31,746,0.0236,LOW,synthetic-pd-v1.0
RISK0001144,CUST0000992,LOAN0001144,2022-06-22,733,0.031,LOW,synthetic-pd-v1.0
RISK0001145,CUST0000941,LOAN0001145,2025-05-18,730,0.0328,LOW,synthetic-pd-v1.0
RISK0001146,CUST0001228,LOAN0001146,2022-04-12,664,0.126,MEDIUM,synthetic-pd-v1.0
RISK0001147,CUST0000162,LOAN0001147,2021-09-22,736,0.0291,LOW,synthetic-pd-v1.0
RISK0001148,CUST0001315,LOAN0001148,2025-04-02,734,0.0302,LOW,synthetic-pd-v1.0
RISK0001149,CUST0001555,LOAN0001149,2026-08-12,647,0.1735,MEDIUM,synthetic-pd-v1.0
RISK0001150,CUST0000285,LOAN0001150,2025-05-05,723,0.0382,LOW,synthetic-pd-v1.0
RISK0001151,CUST0001704,LOAN0001151,2026-06-19,600,0.3646,HIGH,synthetic-pd-v1.0
RISK0001152,CUST0000690,LOAN0001152,2024-05-06,757,0.0185,LOW,synthetic-pd-v1.0
RISK0001153,CUST0000872,LOAN0001153,2022-08-12,672,0.1076,MEDIUM,synthetic-pd-v1.0
RISK0001154,CUST0001079,LOAN0001154,2026-03-30,720,0.0407,LOW,synthetic-pd-v1.0
RISK0001155,CUST0001649,LOAN0001155,2026-09-06,679,0.0935,LOW,synthetic-pd-v1.0
RISK0001156,CUST0001085,LOAN0001156,2025-06-14,775,0.0125,LOW,synthetic-pd-v1.0
RISK0001157,CUST0000530,LOAN0001157,2024-08-07,753,0.0201,LOW,synthetic-pd-v1.0
RISK0001158,CUST0001111,LOAN0001158,2025-01-25,625,0.2532,MEDIUM,synthetic-pd-v1.0
RISK0001159,CUST0000524,LOAN0001159,2023-05-16,721,0.04,LOW,synthetic-pd-v1.0
RISK0001160,CUST0000921,LOAN0001160,2024-11-01,739,0.0275,LOW,synthetic-pd-v1.0
RISK0001161,CUST0000235,LOAN0001161,2024-08-24,732,0.0316,LOW,synthetic-pd-v1.0
RISK0001162,CUST0001012,LOAN0001162,2023-01-06,673,0.1045,LOW,synthetic-pd-v1.0
RISK0001163,CUST0001499,LOAN0001163,2023-07-12,557,0.5993,HIGH,synthetic-pd-v1.0
RISK0001164,CUST0000119,LOAN0001164,2022-09-18,740,0.0264,LOW,synthetic-pd-v1.0
RISK0001165,CUST0001559,LOAN0001165,2026-06-29,623,0.2599,MEDIUM,synthetic-pd-v1.0
RISK0001166,CUST0000238,LOAN0001166,2023-03-22,762,0.0167,LOW,synthetic-pd-v1.0
RISK0001167,CUST0001223,LOAN0001167,2022-04-06,783,0.0105,LOW,synthetic-pd-v1.0
RISK0001168,CUST0000110,LOAN0001168,2023-09-19,627,0.2423,MEDIUM,synthetic-pd-v1.0
RISK0001169,CUST0000478,LOAN0001169,2026-05-18,635,0.2133,MEDIUM,synthetic-pd-v1.0
RISK0001170,CUST0000417,LOAN0001170,2024-05-29,684,0.0841,LOW,synthetic-pd-v1.0
RISK0001171,CUST0002000,LOAN0001171,2022-12-26,658,0.1411,MEDIUM,synthetic-pd-v1.0
RISK0001172,CUST0000998,LOAN0001172,2023-12-01,595,0.3941,HIGH,synthetic-pd-v1.0
RISK0001173,CUST0000555,LOAN0001173,2022-03-27,581,0.4674,HIGH,synthetic-pd-v1.0
RISK0001174,CUST0000059,LOAN0001174,2025-11-18,703,0.0571,LOW,synthetic-pd-v1.0
RISK0001175,CUST0001640,LOAN0001175,2023-08-31,712,0.0475,LOW,synthetic-pd-v1.0
RISK0001176,CUST0001237,LOAN0001176,2024-09-02,601,0.3609,HIGH,synthetic-pd-v1.0
RISK0001177,CUST0001258,LOAN0001177,2026-07-19,700,0.0614,LOW,synthetic-pd-v1.0
RISK0001178,CUST0000642,LOAN0001178,2023-09-22,571,0.524,HIGH,synthetic-pd-v1.0
RISK0001179,CUST0001582,LOAN0001179,2022-11-08,747,0.0229,LOW,synthetic-pd-v1.0
RISKA0000001,CUST0001630,,2022-03-10,773,0.013,LOW,synthetic-pd-v1.0
RISKA0000002,CUST0000231,,2023-09-17,603,0.3508,HIGH,synthetic-pd-v1.0
RISKA0000003,CUST0001662,,2023-10-03,656,0.145,MEDIUM,synthetic-pd-v1.0
RISKA0000004,CUST0001343,,2023-08-19,708,0.0516,LOW,synthetic-pd-v1.0
RISKA0000005,CUST0000277,,2024-12-29,756,0.019,LOW,synthetic-pd-v1.0
RISKA0000006,CUST0001226,,2022-01-12,753,0.0201,LOW,synthetic-pd-v1.0
RISKA0000007,CUST0000453,,2024-02-06,672,0.1075,MEDIUM,synthetic-pd-v1.0
RISKA0000008,CUST0000493,,2025-06-19,725,0.0368,LOW,synthetic-pd-v1.0
RISKA0000009,CUST0001231,,2024-09-04,745,0.0241,LOW,synthetic-pd-v1.0
RISKA0000010,CUST0000716,,2024-12-19,702,0.0592,LOW,synthetic-pd-v1.0
RISKA0000011,CUST0001991,,2024-06-18,705,0.0554,LOW,synthetic-pd-v1.0
RISKA0000012,CUST0001246,,2026-05-30,768,0.0146,LOW,synthetic-pd-v1.0
RISKA0000013,CUST0000089,,2025-06-18,767,0.0149,LOW,synthetic-pd-v1.0
RISKA0000014,CUST0001052,,2025-07-31,689,0.076,LOW,synthetic-pd-v1.0
RISKA0000015,CUST0001431,,2023-03-05,710,0.0495,LOW,synthetic-pd-v1.0
RISKA0000016,CUST0000330,,2026-03-25,647,0.173,MEDIUM,synthetic-pd-v1.0
RISKA0000017,CUST0001094,,2021-10-11,665,0.1239,MEDIUM,synthetic-pd-v1.0
RISKA0000018,CUST0001604,,2023-03-06,693,0.0715,LOW,synthetic-pd-v1.0
RISKA0000019,CUST0000388,,2023-11-10,676,0.0989,MEDIUM,synthetic-pd-v1.0
RISKA0000020,CUST0001454,,2025-06-13,781,0.0111,LOW,synthetic-pd-v1.0
RISKA0000021,CUST0001439,,2023-11-01,630,0.2333,MEDIUM,synthetic-pd-v1.0
RISKA0000022,CUST0000141,,2023-08-27,600,0.3669,HIGH,synthetic-pd-v1.0
RISKA0000023,CUST0001075,,2022-05-21,667,0.1173,MEDIUM,synthetic-pd-v1.0
RISKA0000024,CUST0001760,,2022-03-26,743,0.0248,LOW,synthetic-pd-v1.0
RISKA0000025,CUST0001230,,2023-01-13,769,0.0143,LOW,synthetic-pd-v1.0
RISKA0000026,CUST0001844,,2026-07-14,700,0.0614,LOW,synthetic-pd-v1.0
RISKA0000027,CUST0000632,,2025-01-29,723,0.0377,LOW,synthetic-pd-v1.0
RISKA0000028,CUST0000338,,2021-12-12,670,0.1113,LOW,synthetic-pd-v1.0
RISKA0000029,CUST0001296,,2024-02-21,688,0.0785,LOW,synthetic-pd-v1.0
RISKA0000030,CUST0000772,,2026-05-19,661,0.1318,MEDIUM,synthetic-pd-v1.0
RISKA0000031,CUST0000244,,2023-11-18,648,0.1683,MEDIUM,synthetic-pd-v1.0
RISKA0000032,CUST0000890,,2026-02-02,665,0.1223,MEDIUM,synthetic-pd-v1.0
RISKA0000033,CUST0001867,,2026-08-07,749,0.0221,LOW,synthetic-pd-v1.0
RISKA0000034,CUST0000083,,2023-11-08,753,0.0202,LOW,synthetic-pd-v1.0
RISKA0000035,CUST0001576,,2021-12-20,738,0.0276,LOW,synthetic-pd-v1.0
RISKA0000036,CUST0000330,,2023-07-17,637,0.2049,MEDIUM,synthetic-pd-v1.0
RISKA0000037,CUST0000538,,2026-03-10,706,0.054,LOW,synthetic-pd-v1.0
RISKA0000038,CUST0001810,,2025-06-02,724,0.0372,LOW,synthetic-pd-v1.0
RISKA0000039,CUST0001385,,2022-06-01,659,0.1368,MEDIUM,synthetic-pd-v1.0
RISKA0000040,CUST0000293,,2025-09-02,707,0.0534,LOW,synthetic-pd-v1.0
RISKA0000041,CUST0000179,,2026-01-27,698,0.0644,LOW,synthetic-pd-v1.0
RISKA0000042,CUST0000153,,2021-12-25,620,0.2723,MEDIUM,synthetic-pd-v1.0
RISKA0000043,CUST0001502,,2024-06-17,779,0.0115,LOW,synthetic-pd-v1.0
RISKA0000044,CUST0001090,,2024-04-10,749,0.0222,LOW,synthetic-pd-v1.0
RISKA0000045,CUST0001423,,2022-01-22,692,0.0727,LOW,synthetic-pd-v1.0
RISKA0000046,CUST0000253,,2026-01-13,633,0.2182,MEDIUM,synthetic-pd-v1.0
RISKA0000047,CUST0000005,,2023-10-14,630,0.2329,MEDIUM,synthetic-pd-v1.0
RISKA0000048,CUST0000649,,2026-05-16,698,0.0645,LOW,synthetic-pd-v1.0
RISKA0000049,CUST0000402,,2022-01-05,787,0.0097,LOW,synthetic-pd-v1.0
RISKA0000050,CUST0000653,,2025-06-18,721,0.0399,LOW,synthetic-pd-v1.0
RISKA0000051,CUST0000368,,2024-05-13,746,0.0234,LOW,synthetic-pd-v1.0
RISKA0000052,CUST0001160,,2023-04-21,730,0.0327,LOW,synthetic-pd-v1.0
RISKA0000053,CUST0000223,,2024-01-12,694,0.0698,LOW,synthetic-pd-v1.0
RISKA0000054,CUST0001073,,2024-03-19,692,0.0729,LOW,synthetic-pd-v1.0
RISKA0000055,CUST0001390,,2023-09-19,720,0.0407,LOW,synthetic-pd-v1.0
RISKA0000056,CUST0001365,,2022-05-04,710,0.0502,LOW,synthetic-pd-v1.0
RISKA0000057,CUST0001532,,2022-04-22,711,0.0488,LOW,synthetic-pd-v1.0
RISKA0000058,CUST0001596,,2024-05-19,706,0.0547,LOW,synthetic-pd-v1.0
RISKA0000059,CUST0001646,,2022-02-27,585,0.4455,HIGH,synthetic-pd-v1.0
RISKA0000060,CUST0000902,,2025-11-24,614,0.3009,HIGH,synthetic-pd-v1.0
RISKA0000061,CUST0001419,,2025-10-05,670,0.1122,MEDIUM,synthetic-pd-v1.0
RISKA0000062,CUST0000503,,2025-07-01,717,0.0428,LOW,synthetic-pd-v1.0
RISKA0000063,CUST0001761,,2025-02-03,687,0.0803,LOW,synthetic-pd-v1.0
RISKA0000064,CUST0001856,,2025-11-04,613,0.3025,HIGH,synthetic-pd-v1.0
RISKA0000065,CUST0000787,,2024-07-21,671,0.1094,MEDIUM,synthetic-pd-v1.0
RISKA0000066,CUST0000288,,2023-04-21,649,0.1647,MEDIUM,synthetic-pd-v1.0
RISKA0000067,CUST0001414,,2023-07-26,746,0.0233,LOW,synthetic-pd-v1.0
RISKA0000068,CUST0001910,,2025-06-11,754,0.0198,LOW,synthetic-pd-v1.0
RISKA0000069,CUST0001428,,2025-09-05,604,0.347,HIGH,synthetic-pd-v1.0
RISKA0000070,CUST0001248,,2024-06-26,565,0.5548,HIGH,synthetic-pd-v1.0
RISKA0000071,CUST0000431,,2026-07-19,526,0.7452,HIGH,synthetic-pd-v1.0
RISKA0000072,CUST0001720,,2023-10-01,636,0.2074,MEDIUM,synthetic-pd-v1.0
RISKA0000073,CUST0001447,,2022-04-22,594,0.3974,HIGH,synthetic-pd-v1.0
RISKA0000074,CUST0000533,,2022-12-06,665,0.1237,MEDIUM,synthetic-pd-v1.0
RISKA0000075,CUST0000962,,2025-12-15,726,0.0354,LOW,synthetic-pd-v1.0
RISKA0000076,CUST0000838,,2022-05-09,731,0.0325,LOW,synthetic-pd-v1.0
RISKA0000077,CUST0001049,,2025-07-16,675,0.1022,LOW,synthetic-pd-v1.0
RISKA0000078,CUST0000426,,2026-06-15,651,0.1609,MEDIUM,synthetic-pd-v1.0
RISKA0000079,CUST0001717,,2023-12-07,538,0.6914,HIGH,synthetic-pd-v1.0
RISKA0000080,CUST0001231,,2021-09-18,734,0.03,LOW,synthetic-pd-v1.0
RISKA0000081,CUST0001735,,2025-11-29,610,0.3164,HIGH,synthetic-pd-v1.0
RISKA0000082,CUST0001196,,2023-08-30,590,0.4172,HIGH,synthetic-pd-v1.0
RISKA0000083,CUST0001551,,2024-09-15,750,0.0213,LOW,synthetic-pd-v1.0
RISKA0000084,CUST0001168,,2024-03-23,726,0.0359,LOW,synthetic-pd-v1.0
RISKA0000085,CUST0001805,,2024-08-03,738,0.0277,LOW,synthetic-pd-v1.0
RISKA0000086,CUST0000450,,2022-12-02,722,0.0392,LOW,synthetic-pd-v1.0
RISKA0000087,CUST0000827,,2025-08-19,591,0.4115,HIGH,synthetic-pd-v1.0
RISKA0000088,CUST0001886,,2024-05-13,703,0.0572,LOW,synthetic-pd-v1.0
RISKA0000089,CUST0001947,,2023-01-03,793,0.0086,LOW,synthetic-pd-v1.0
RISKA0000090,CUST0001173,,2026-03-13,770,0.014,LOW,synthetic-pd-v1.0
RISKA0000091,CUST0001488,,2022-06-20,721,0.0396,LOW,synthetic-pd-v1.0
RISKA0000092,CUST0000125,,2026-07-05,683,0.0863,LOW,synthetic-pd-v1.0
RISKA0000093,CUST0001209,,2021-11-22,710,0.0497,LOW,synthetic-pd-v1.0
RISKA0000094,CUST0000767,,2024-06-30,690,0.0752,LOW,synthetic-pd-v1.0
RISKA0000095,CUST0001586,,2026-06-01,761,0.017,LOW,synthetic-pd-v1.0
RISKA0000096,CUST0001781,,2025-11-11,667,0.1178,MEDIUM,synthetic-pd-v1.0
RISKA0000097,CUST0001442,,2026-03-28,724,0.0376,LOW,synthetic-pd-v1.0
RISKA0000098,CUST0000491,,2025-12-30,656,0.1447,MEDIUM,synthetic-pd-v1.0
RISKA0000099,CUST0000566,,2024-03-22,570,0.5266,HIGH,synthetic-pd-v1.0
RISKA0000100,CUST0001204,,2025-07-22,637,0.2037,MEDIUM,synthetic-pd-v1.0
RISKA0000101,CUST0000305,,2022-03-09,667,0.1186,LOW,synthetic-pd-v1.0
RISKA0000102,CUST0001965,,2022-07-07,642,0.1898,MEDIUM,synthetic-pd-v1.0
RISKA0000103,CUST0000493,,2022-01-22,726,0.036,LOW,synthetic-pd-v1.0
RISKA0000104,CUST0000293,,2022-10-18,750,0.0215,LOW,synthetic-pd-v1.0
RISKA0000105,CUST0001687,,2021-12-18,666,0.1204,MEDIUM,synthetic-pd-v1.0
RISKA0000106,CUST0001732,,2022-10-11,678,0.096,MEDIUM,synthetic-pd-v1.0
RISKA0000107,CUST0000130,,2023-04-02,705,0.0558,LOW,synthetic-pd-v1.0
RISKA0000108,CUST0001776,,2025-03-09,723,0.0383,LOW,synthetic-pd-v1.0
RISKA0000109,CUST0000182,,2022-10-18,660,0.1349,MEDIUM,synthetic-pd-v1.0
RISKA0000110,CUST0001884,,2026-08-24,709,0.0513,LOW,synthetic-pd-v1.0
RISKA0000111,CUST0001941,,2025-01-11,768,0.0146,LOW,synthetic-pd-v1.0
RISKA0000112,CUST0000039,,2025-02-10,773,0.0133,LOW,synthetic-pd-v1.0
RISKA0000113,CUST0001555,,2024-06-12,606,0.3354,HIGH,synthetic-pd-v1.0
RISKA0000114,CUST0000644,,2026-08-11,694,0.0694,LOW,synthetic-pd-v1.0
RISKA0000115,CUST0000371,,2021-11-25,768,0.0147,LOW,synthetic-pd-v1.0
RISKA0000116,CUST0000942,,2025-03-12,466,0.9147,HIGH,synthetic-pd-v1.0
RISKA0000117,CUST0000636,,2024-09-21,699,0.062,LOW,synthetic-pd-v1.0
RISKA0000118,CUST0000733,,2021-09-27,745,0.0241,LOW,synthetic-pd-v1.0
RISKA0000119,CUST0001932,,2022-06-26,634,0.2164,MEDIUM,synthetic-pd-v1.0
RISKA0000120,CUST0000504,,2023-07-18,714,0.0464,LOW,synthetic-pd-v1.0
RISKA0000121,CUST0001350,,2025-04-06,697,0.0649,LOW,synthetic-pd-v1.0
RISKA0000122,CUST0001316,,2024-03-26,515,0.7874,HIGH,synthetic-pd-v1.0
RISKA0000123,CUST0000541,,2026-06-03,632,0.2255,MEDIUM,synthetic-pd-v1.0
RISKA0000124,CUST0000255,,2026-04-02,745,0.0241,LOW,synthetic-pd-v1.0
RISKA0000125,CUST0000314,,2022-03-13,730,0.0327,LOW,synthetic-pd-v1.0
RISKA0000126,CUST0001819,,2026-07-15,695,0.0676,LOW,synthetic-pd-v1.0
RISKA0000127,CUST0001770,,2022-12-26,705,0.0554,LOW,synthetic-pd-v1.0
RISKA0000128,CUST0001662,,2024-07-25,643,0.1834,MEDIUM,synthetic-pd-v1.0
RISKA0000129,CUST0000919,,2022-08-13,750,0.0216,LOW,synthetic-pd-v1.0
RISKA0000130,CUST0001240,,2023-07-02,671,0.1102,MEDIUM,synthetic-pd-v1.0
RISKA0000131,CUST0001156,,2021-10-29,597,0.3824,HIGH,synthetic-pd-v1.0
RISKA0000132,CUST0001719,,2021-11-11,652,0.1561,MEDIUM,synthetic-pd-v1.0
RISKA0000133,CUST0000270,,2022-09-13,758,0.0181,LOW,synthetic-pd-v1.0
RISKA0000134,CUST0000832,,2022-07-05,603,0.3505,HIGH,synthetic-pd-v1.0
RISKA0000135,CUST0001912,,2026-05-12,621,0.2677,MEDIUM,synthetic-pd-v1.0
RISKA0000136,CUST0001420,,2023-03-12,673,0.1061,LOW,synthetic-pd-v1.0
RISKA0000137,CUST0000565,,2026-08-24,695,0.068,LOW,synthetic-pd-v1.0
RISKA0000138,CUST0001153,,2026-05-01,750,0.0217,LOW,synthetic-pd-v1.0
RISKA0000139,CUST0001080,,2022-06-24,723,0.0385,LOW,synthetic-pd-v1.0
RISKA0000140,CUST0000111,,2022-07-11,729,0.0333,LOW,synthetic-pd-v1.0
RISKA0000141,CUST0001645,,2025-01-03,695,0.0677,LOW,synthetic-pd-v1.0
RISKA0000142,CUST0000684,,2025-05-23,699,0.0629,LOW,synthetic-pd-v1.0
RISKA0000143,CUST0000283,,2023-08-16,786,0.0099,LOW,synthetic-pd-v1.0
RISKA0000144,CUST0000208,,2021-11-28,539,0.689,HIGH,synthetic-pd-v1.0
RISKA0000145,CUST0001202,,2026-03-28,708,0.0516,LOW,synthetic-pd-v1.0
RISKA0000146,CUST0000021,,2022-07-14,751,0.0213,LOW,synthetic-pd-v1.0
RISKA0000147,CUST0001074,,2021-11-01,687,0.08,LOW,synthetic-pd-v1.0
RISKA0000148,CUST0001832,,2025-07-03,587,0.4332,HIGH,synthetic-pd-v1.0
RISKA0000149,CUST0000489,,2025-01-19,553,0.6158,HIGH,synthetic-pd-v1.0
RISKA0000150,CUST0001417,,2022-09-16,704,0.0561,LOW,synthetic-pd-v1.0
RISKA0000151,CUST0001353,,2024-09-01,731,0.0319,LOW,synthetic-pd-v1.0
RISKA0000152,CUST0000592,,2022-04-12,611,0.3119,MEDIUM,synthetic-pd-v1.0
RISKA0000153,CUST0000785,,2023-04-30,670,0.1128,LOW,synthetic-pd-v1.0
RISKA0000154,CUST0000443,,2026-06-01,675,0.1016,MEDIUM,synthetic-pd-v1.0
RISKA0000155,CUST0000267,,2023-01-19,710,0.0501,LOW,synthetic-pd-v1.0
RISKA0000156,CUST0001883,,2024-04-21,660,0.1365,MEDIUM,synthetic-pd-v1.0
RISKA0000157,CUST0001104,,2026-04-12,686,0.0823,LOW,synthetic-pd-v1.0
RISKA0000158,CUST0000498,,2024-12-08,750,0.0215,LOW,synthetic-pd-v1.0
RISKA0000159,CUST0001397,,2025-06-19,730,0.0328,LOW,synthetic-pd-v1.0
RISKA0000160,CUST0001814,,2025-11-06,757,0.0185,LOW,synthetic-pd-v1.0
RISKA0000161,CUST0000787,,2023-07-21,676,0.1001,LOW,synthetic-pd-v1.0
RISKA0000162,CUST0000107,,2024-11-01,736,0.0289,LOW,synthetic-pd-v1.0
RISKA0000163,CUST0001120,,2022-10-20,662,0.1301,MEDIUM,synthetic-pd-v1.0
RISKA0000164,CUST0000580,,2022-10-25,536,0.6993,HIGH,synthetic-pd-v1.0
RISKA0000165,CUST0001712,,2022-01-13,565,0.5538,HIGH,synthetic-pd-v1.0
RISKA0000166,CUST0000113,,2025-10-11,623,0.258,MEDIUM,synthetic-pd-v1.0
RISKA0000167,CUST0001235,,2023-05-05,569,0.5317,HIGH,synthetic-pd-v1.0
RISKA0000168,CUST0001705,,2024-10-29,705,0.0558,LOW,synthetic-pd-v1.0
RISKA0000169,CUST0001181,,2023-01-01,663,0.1287,LOW,synthetic-pd-v1.0
RISKA0000170,CUST0000172,,2022-03-03,605,0.3423,HIGH,synthetic-pd-v1.0
RISKA0000171,CUST0001726,,2023-03-29,732,0.0316,LOW,synthetic-pd-v1.0
RISKA0000172,CUST0001525,,2022-11-26,562,0.5712,HIGH,synthetic-pd-v1.0
RISKA0000173,CUST0000164,,2024-04-27,715,0.0452,LOW,synthetic-pd-v1.0
RISKA0000174,CUST0000275,,2021-09-22,688,0.0776,LOW,synthetic-pd-v1.0
RISKA0000175,CUST0001761,,2025-04-23,685,0.0827,LOW,synthetic-pd-v1.0
RISKA0000176,CUST0001143,,2022-05-15,703,0.0582,LOW,synthetic-pd-v1.0
RISKA0000177,CUST0000899,,2023-11-03,794,0.0083,LOW,synthetic-pd-v1.0
RISKA0000178,CUST0000983,,2022-05-14,737,0.0281,LOW,synthetic-pd-v1.0
RISKA0000179,CUST0000422,,2022-07-27,696,0.0671,LOW,synthetic-pd-v1.0
RISKA0000180,CUST0001693,,2025-12-12,701,0.0602,LOW,synthetic-pd-v1.0
RISKA0000181,CUST0000522,,2026-08-09,739,0.0272,LOW,synthetic-pd-v1.0
RISKA0000182,CUST0000725,,2024-10-11,650,0.1629,MEDIUM,synthetic-pd-v1.0
RISKA0000183,CUST0001329,,2023-10-15,728,0.0341,LOW,synthetic-pd-v1.0
RISKA0000184,CUST0000948,,2026-02-08,663,0.1276,MEDIUM,synthetic-pd-v1.0
RISKA0000185,CUST0001598,,2022-01-19,492,0.86,HIGH,synthetic-pd-v1.0
RISKA0000186,CUST0001527,,2023-07-17,708,0.0524,LOW,synthetic-pd-v1.0
RISKA0000187,CUST0001133,,2022-05-20,663,0.1275,MEDIUM,synthetic-pd-v1.0
RISKA0000188,CUST0000136,,2025-04-22,740,0.0264,LOW,synthetic-pd-v1.0
RISKA0000189,CUST0001554,,2022-12-14,695,0.0676,LOW,synthetic-pd-v1.0
RISKA0000190,CUST0000935,,2026-05-06,611,0.3132,HIGH,synthetic-pd-v1.0
RISKA0000191,CUST0001199,,2024-07-31,603,0.3532,HIGH,synthetic-pd-v1.0
RISKA0000192,CUST0000832,,2026-01-24,605,0.3436,HIGH,synthetic-pd-v1.0
RISKA0000193,CUST0000871,,2025-01-25,743,0.0248,LOW,synthetic-pd-v1.0
RISKA0000194,CUST0001850,,2025-11-07,581,0.468,HIGH,synthetic-pd-v1.0
RISKA0000195,CUST0001098,,2025-08-03,610,0.3202,HIGH,synthetic-pd-v1.0
RISKA0000196,CUST0001472,,2023-10-21,625,0.2507,MEDIUM,synthetic-pd-v1.0
RISKA0000197,CUST0000075,,2022-02-23,666,0.1208,MEDIUM,synthetic-pd-v1.0
RISKA0000198,CUST0000619,,2024-12-12,644,0.182,MEDIUM,synthetic-pd-v1.0
RISKA0000199,CUST0001013,,2026-01-24,680,0.0911,LOW,synthetic-pd-v1.0
RISKA0000200,CUST0001708,,2021-12-04,657,0.1439,MEDIUM,synthetic-pd-v1.0
RISKA0000201,CUST0001968,,2025-08-30,723,0.0385,LOW,synthetic-pd-v1.0
RISKA0000202,CUST0001489,,2024-11-12,804,0.0067,LOW,synthetic-pd-v1.0
RISKA0000203,CUST0000990,,2025-10-18,586,0.4405,HIGH,synthetic-pd-v1.0
RISKA0000204,CUST0000336,,2022-04-29,768,0.0147,LOW,synthetic-pd-v1.0
RISKA0000205,CUST0001352,,2024-04-01,609,0.3226,HIGH,synthetic-pd-v1.0
RISKA0000206,CUST0001670,,2024-12-13,660,0.1365,LOW,synthetic-pd-v1.0
RISKA0000207,CUST0000650,,2024-07-29,685,0.0836,LOW,synthetic-pd-v1.0
RISKA0000208,CUST0001499,,2025-04-12,527,0.7389,HIGH,synthetic-pd-v1.0
RISKA0000209,CUST0000757,,2022-10-02,694,0.0692,LOW,synthetic-pd-v1.0
RISKA0000210,CUST0001891,,2023-12-05,712,0.0475,LOW,synthetic-pd-v1.0
RISKA0000211,CUST0001229,,2024-07-03,717,0.0433,LOW,synthetic-pd-v1.0
RISKA0000212,CUST0001103,,2025-12-30,680,0.0922,LOW,synthetic-pd-v1.0
RISKA0000213,CUST0000414,,2025-09-13,666,0.1202,MEDIUM,synthetic-pd-v1.0
RISKA0000214,CUST0001143,,2025-04-12,669,0.1133,MEDIUM,synthetic-pd-v1.0
RISKA0000215,CUST0001152,,2023-12-30,746,0.0235,LOW,synthetic-pd-v1.0
RISKA0000216,CUST0000813,,2025-01-21,599,0.3703,HIGH,synthetic-pd-v1.0
RISKA0000217,CUST0000652,,2025-10-25,634,0.2178,MEDIUM,synthetic-pd-v1.0
RISKA0000218,CUST0001164,,2023-03-29,683,0.0873,LOW,synthetic-pd-v1.0
RISKA0000219,CUST0000030,,2023-04-17,594,0.3995,HIGH,synthetic-pd-v1.0
RISKA0000220,CUST0001885,,2023-04-25,685,0.0826,MEDIUM,synthetic-pd-v1.0
RISKA0000221,CUST0000511,,2022-03-12,706,0.0545,LOW,synthetic-pd-v1.0
RISKA0000222,CUST0001674,,2025-02-04,676,0.1,MEDIUM,synthetic-pd-v1.0
RISKA0000223,CUST0001472,,2023-03-15,663,0.129,MEDIUM,synthetic-pd-v1.0
RISKA0000224,CUST0001460,,2023-12-22,550,0.6325,HIGH,synthetic-pd-v1.0
RISKA0000225,CUST0000430,,2024-03-02,708,0.0522,LOW,synthetic-pd-v1.0
RISKA0000226,CUST0001508,,2026-03-28,675,0.1004,MEDIUM,synthetic-pd-v1.0
RISKA0000227,CUST0000152,,2022-09-18,651,0.1592,MEDIUM,synthetic-pd-v1.0
RISKA0000228,CUST0001493,,2025-04-06,625,0.2533,MEDIUM,synthetic-pd-v1.0
RISKA0000229,CUST0001373,,2021-10-13,737,0.0285,LOW,synthetic-pd-v1.0
RISKA0000230,CUST0000743,,2023-12-03,693,0.0708,LOW,synthetic-pd-v1.0
RISKA0000231,CUST0000386,,2025-05-26,699,0.0622,LOW,synthetic-pd-v1.0
RISKA0000232,CUST0001717,,2023-04-29,598,0.3754,HIGH,synthetic-pd-v1.0
RISKA0000233,CUST0001246,,2021-10-09,757,0.0187,LOW,synthetic-pd-v1.0
RISKA0000234,CUST0001728,,2022-05-30,652,0.156,MEDIUM,synthetic-pd-v1.0
RISKA0000235,CUST0000395,,2025-08-17,739,0.0274,LOW,synthetic-pd-v1.0
RISKA0000236,CUST0000304,,2025-07-29,659,0.1367,MEDIUM,synthetic-pd-v1.0
RISKA0000237,CUST0001167,,2026-02-12,646,0.1741,MEDIUM,synthetic-pd-v1.0
RISKA0000238,CUST0001512,,2022-09-03,761,0.017,LOW,synthetic-pd-v1.0
RISKA0000239,CUST0001371,,2025-03-31,669,0.1142,MEDIUM,synthetic-pd-v1.0
RISKA0000240,CUST0001450,,2022-02-08,768,0.0146,LOW,synthetic-pd-v1.0
RISKA0000241,CUST0001857,,2025-06-23,654,0.1521,MEDIUM,synthetic-pd-v1.0
RISKA0000242,CUST0000324,,2023-03-11,584,0.4532,HIGH,synthetic-pd-v1.0
RISKA0000243,CUST0001170,,2024-07-18,654,0.1521,MEDIUM,synthetic-pd-v1.0
RISKA0000244,CUST0000409,,2024-03-08,671,0.1094,MEDIUM,synthetic-pd-v1.0
RISKA0000245,CUST0000690,,2026-06-27,721,0.0396,LOW,synthetic-pd-v1.0
RISKA0000246,CUST0000780,,2022-06-14,672,0.1066,MEDIUM,synthetic-pd-v1.0
RISKA0000247,CUST0001989,,2023-08-26,648,0.1676,MEDIUM,synthetic-pd-v1.0
RISKA0000248,CUST0000593,,2022-10-01,617,0.2871,HIGH,synthetic-pd-v1.0
RISKA0000249,CUST0001335,,2022-03-10,750,0.0217,LOW,synthetic-pd-v1.0
RISKA0000250,CUST0000896,,2022-08-29,693,0.0707,LOW,synthetic-pd-v1.0
RISKA0000251,CUST0001571,,2025-03-10,722,0.0388,LOW,synthetic-pd-v1.0
RISKA0000252,CUST0001813,,2022-11-13,738,0.0279,LOW,synthetic-pd-v1.0
RISKA0000253,CUST0001033,,2026-03-15,672,0.1079,LOW,synthetic-pd-v1.0
RISKA0000254,CUST0000072,,2022-08-15,647,0.1729,MEDIUM,synthetic-pd-v1.0
RISKA0000255,CUST0001091,,2022-03-03,704,0.0568,LOW,synthetic-pd-v1.0
RISKA0000256,CUST0001703,,2025-06-03,637,0.2071,MEDIUM,synthetic-pd-v1.0
RISKA0000257,CUST0001210,,2022-12-14,789,0.0094,LOW,synthetic-pd-v1.0
RISKA0000258,CUST0000193,,2023-07-14,694,0.0696,LOW,synthetic-pd-v1.0
RISKA0000259,CUST0001032,,2026-04-25,630,0.2329,MEDIUM,synthetic-pd-v1.0
RISKA0000260,CUST0001656,,2021-09-19,659,0.137,MEDIUM,synthetic-pd-v1.0
RISKA0000261,CUST0000435,,2021-10-25,768,0.0147,LOW,synthetic-pd-v1.0
RISKA0000262,CUST0000787,,2024-03-10,684,0.0851,LOW,synthetic-pd-v1.0
RISKA0000263,CUST0000089,,2024-01-06,756,0.0187,LOW,synthetic-pd-v1.0
RISKA0000264,CUST0001340,,2023-12-16,634,0.2156,MEDIUM,synthetic-pd-v1.0
RISKA0000265,CUST0000409,,2024-05-09,660,0.1348,MEDIUM,synthetic-pd-v1.0
RISKA0000266,CUST0000042,,2024-03-17,702,0.0589,LOW,synthetic-pd-v1.0
RISKA0000267,CUST0001982,,2026-03-04,632,0.2222,MEDIUM,synthetic-pd-v1.0
RISKA0000268,CUST0001058,,2022-11-03,709,0.0514,LOW,synthetic-pd-v1.0
RISKA0000269,CUST0000276,,2026-04-15,805,0.0066,LOW,synthetic-pd-v1.0
RISKA0000270,CUST0001162,,2023-09-29,713,0.0467,LOW,synthetic-pd-v1.0
RISKA0000271,CUST0001233,,2025-03-16,741,0.0263,LOW,synthetic-pd-v1.0
RISKA0000272,CUST0001306,,2023-11-01,773,0.0132,LOW,synthetic-pd-v1.0
RISKA0000273,CUST0000643,,2021-10-09,653,0.1552,MEDIUM,synthetic-pd-v1.0
RISKA0000274,CUST0000808,,2023-09-27,792,0.0088,LOW,synthetic-pd-v1.0
RISKA0000275,CUST0000959,,2023-09-24,586,0.441,HIGH,synthetic-pd-v1.0
RISKA0000276,CUST0001576,,2025-11-25,731,0.0321,LOW,synthetic-pd-v1.0
RISKA0000277,CUST0001594,,2025-06-19,710,0.0497,LOW,synthetic-pd-v1.0
RISKA0000278,CUST0001434,,2025-06-19,812,0.0057,LOW,synthetic-pd-v1.0
RISKA0000279,CUST0000952,,2025-12-20,706,0.0543,LOW,synthetic-pd-v1.0
RISKA0000280,CUST0000208,,2023-06-10,531,0.7222,HIGH,synthetic-pd-v1.0
RISKA0000281,CUST0001396,,2023-07-24,704,0.0571,LOW,synthetic-pd-v1.0
RISKA0000282,CUST0000592,,2021-11-22,619,0.2782,MEDIUM,synthetic-pd-v1.0
RISKA0000283,CUST0000310,,2023-05-04,777,0.0122,LOW,synthetic-pd-v1.0
RISKA0000284,CUST0001186,,2025-06-30,696,0.0663,LOW,synthetic-pd-v1.0
RISKA0000285,CUST0001967,,2024-01-14,663,0.129,MEDIUM,synthetic-pd-v1.0
RISKA0000286,CUST0000088,,2022-12-03,673,0.1049,LOW,synthetic-pd-v1.0
RISKA0000287,CUST0000066,,2025-09-19,639,0.1974,MEDIUM,synthetic-pd-v1.0
RISKA0000288,CUST0000734,,2023-05-11,754,0.0195,LOW,synthetic-pd-v1.0
RISKA0000289,CUST0001987,,2022-05-02,684,0.0841,LOW,synthetic-pd-v1.0
RISKA0000290,CUST0001153,,2024-02-08,708,0.052,LOW,synthetic-pd-v1.0
RISKA0000291,CUST0000991,,2024-03-03,750,0.0215,LOW,synthetic-pd-v1.0
RISKA0000292,CUST0001839,,2024-08-08,774,0.0128,LOW,synthetic-pd-v1.0
RISKA0000293,CUST0000967,,2025-07-19,713,0.0473,LOW,synthetic-pd-v1.0
RISKA0000294,CUST0001563,,2025-07-29,703,0.0575,LOW,synthetic-pd-v1.0
RISKA0000295,CUST0001483,,2025-08-24,738,0.0279,LOW,synthetic-pd-v1.0
RISKA0000296,CUST0001999,,2021-09-23,714,0.0461,LOW,synthetic-pd-v1.0
RISKA0000297,CUST0001815,,2022-01-05,713,0.0474,LOW,synthetic-pd-v1.0
RISKA0000298,CUST0001214,,2026-02-27,736,0.029,LOW,synthetic-pd-v1.0
RISKA0000299,CUST0000901,,2024-06-20,624,0.256,MEDIUM,synthetic-pd-v1.0
RISKA0000300,CUST0001971,,2022-07-31,711,0.0493,LOW,synthetic-pd-v1.0
RISKA0000301,CUST0000133,,2023-06-10,821,0.0047,LOW,synthetic-pd-v1.0
RISKA0000302,CUST0001891,,2024-03-17,680,0.0918,LOW,synthetic-pd-v1.0
RISKA0000303,CUST0001248,,2025-09-08,577,0.4894,HIGH,synthetic-pd-v1.0
RISKA0000304,CUST0000823,,2023-02-22,412,0.972,HIGH,synthetic-pd-v1.0
RISKA0000305,CUST0001747,,2026-01-26,600,0.3655,HIGH,synthetic-pd-v1.0
RISKA0000306,CUST0000582,,2022-04-11,665,0.124,MEDIUM,synthetic-pd-v1.0
RISKA0000307,CUST0000556,,2021-10-11,731,0.0322,LOW,synthetic-pd-v1.0
RISKA0000308,CUST0000463,,2023-08-21,688,0.0783,LOW,synthetic-pd-v1.0
RISKA0000309,CUST0000996,,2025-07-24,654,0.1519,MEDIUM,synthetic-pd-v1.0
RISKA0000310,CUST0000003,,2022-03-06,760,0.0172,LOW,synthetic-pd-v1.0
RISKA0000311,CUST0000698,,2025-03-09,683,0.087,MEDIUM,synthetic-pd-v1.0
RISKA0000312,CUST0000464,,2025-01-12,635,0.2133,MEDIUM,synthetic-pd-v1.0
RISKA0000313,CUST0000903,,2023-08-04,626,0.2454,MEDIUM,synthetic-pd-v1.0
RISKA0000314,CUST0001368,,2023-11-13,672,0.1071,LOW,synthetic-pd-v1.0
RISKA0000315,CUST0001366,,2023-09-30,708,0.0519,LOW,synthetic-pd-v1.0
RISKA0000316,CUST0001072,,2023-06-04,612,0.3088,HIGH,synthetic-pd-v1.0
RISKA0000317,CUST0001948,,2023-03-05,618,0.2796,HIGH,synthetic-pd-v1.0
RISKA0000318,CUST0001436,,2026-06-21,604,0.3455,HIGH,synthetic-pd-v1.0
RISKA0000319,CUST0001493,,2026-04-03,580,0.4752,HIGH,synthetic-pd-v1.0
RISKA0000320,CUST0001057,,2024-07-25,562,0.5731,HIGH,synthetic-pd-v1.0
RISKA0000321,CUST0000644,,2022-12-05,699,0.0625,LOW,synthetic-pd-v1.0
RISKA0000322,CUST0001818,,2023-11-03,673,0.1052,MEDIUM,synthetic-pd-v1.0
RISKA0000323,CUST0001447,,2024-04-12,624,0.2553,MEDIUM,synthetic-pd-v1.0
RISKA0000324,CUST0000351,,2023-08-24,644,0.1813,MEDIUM,synthetic-pd-v1.0
RISKA0000325,CUST0000462,,2022-08-24,661,0.1337,MEDIUM,synthetic-pd-v1.0
RISKA0000326,CUST0000211,,2024-06-14,703,0.0574,LOW,synthetic-pd-v1.0
RISKA0000327,CUST0001999,,2022-12-05,754,0.0197,LOW,synthetic-pd-v1.0
RISKA0000328,CUST0000029,,2022-10-03,654,0.1521,MEDIUM,synthetic-pd-v1.0
RISKA0000329,CUST0001068,,2023-01-24,621,0.2667,MEDIUM,synthetic-pd-v1.0
RISKA0000330,CUST0001680,,2022-11-16,590,0.4205,HIGH,synthetic-pd-v1.0
RISKA0000331,CUST0001574,,2024-05-06,745,0.0238,LOW,synthetic-pd-v1.0
RISKA0000332,CUST0000563,,2025-05-27,683,0.086,LOW,synthetic-pd-v1.0
RISKA0000333,CUST0001031,,2025-11-19,671,0.1103,MEDIUM,synthetic-pd-v1.0
RISKA0000334,CUST0001517,,2025-05-15,676,0.0995,LOW,synthetic-pd-v1.0
RISKA0000335,CUST0001060,,2024-12-29,709,0.0505,LOW,synthetic-pd-v1.0
RISKA0000336,CUST0000130,,2026-08-21,675,0.1012,LOW,synthetic-pd-v1.0
RISKA0000337,CUST0000046,,2025-01-30,667,0.1189,MEDIUM,synthetic-pd-v1.0
RISKA0000338,CUST0001407,,2022-12-22,784,0.0104,LOW,synthetic-pd-v1.0
RISKA0000339,CUST0000405,,2023-11-04,800,0.0073,LOW,synthetic-pd-v1.0
RISKA0000340,CUST0001670,,2025-03-10,619,0.2786,MEDIUM,synthetic-pd-v1.0
RISKA0000341,CUST0000977,,2024-12-23,679,0.0932,LOW,synthetic-pd-v1.0
RISKA0000342,CUST0001956,,2022-01-22,657,0.1427,MEDIUM,synthetic-pd-v1.0
RISKA0000343,CUST0001560,,2023-11-15,747,0.023,LOW,synthetic-pd-v1.0
RISKA0000344,CUST0000648,,2026-04-26,654,0.1525,MEDIUM,synthetic-pd-v1.0
RISKA0000345,CUST0001837,,2025-12-04,660,0.135,MEDIUM,synthetic-pd-v1.0
RISKA0000346,CUST0000190,,2022-12-29,680,0.0925,LOW,synthetic-pd-v1.0
RISKA0000347,CUST0001866,,2024-12-05,738,0.0275,LOW,synthetic-pd-v1.0
RISKA0000348,CUST0000659,,2024-02-24,726,0.0361,LOW,synthetic-pd-v1.0
RISKA0000349,CUST0001298,,2024-11-13,697,0.0655,MEDIUM,synthetic-pd-v1.0
RISKA0000350,CUST0000652,,2025-04-25,592,0.4104,HIGH,synthetic-pd-v1.0
RISKA0000351,CUST0000035,,2025-10-15,663,0.1276,MEDIUM,synthetic-pd-v1.0
RISKA0000352,CUST0000910,,2025-04-15,663,0.1282,MEDIUM,synthetic-pd-v1.0
RISKA0000353,CUST0000325,,2023-03-27,557,0.595,HIGH,synthetic-pd-v1.0
RISKA0000354,CUST0001844,,2025-05-14,668,0.1168,MEDIUM,synthetic-pd-v1.0
RISKA0000355,CUST0001821,,2026-05-30,645,0.1799,MEDIUM,synthetic-pd-v1.0
RISKA0000356,CUST0001954,,2026-02-11,727,0.035,LOW,synthetic-pd-v1.0
RISKA0000357,CUST0001490,,2025-05-02,667,0.1173,LOW,synthetic-pd-v1.0
RISKA0000358,CUST0000629,,2023-04-18,688,0.0777,LOW,synthetic-pd-v1.0
RISKA0000359,CUST0000917,,2024-03-15,731,0.0325,LOW,synthetic-pd-v1.0
RISKA0000360,CUST0000762,,2022-03-30,659,0.1367,MEDIUM,synthetic-pd-v1.0
RISKA0000361,CUST0001397,,2022-04-30,735,0.0297,LOW,synthetic-pd-v1.0
RISKA0000362,CUST0000032,,2024-02-18,541,0.6761,HIGH,synthetic-pd-v1.0
RISKA0000363,CUST0001988,,2023-10-20,600,0.3672,HIGH,synthetic-pd-v1.0
RISKA0000364,CUST0000022,,2025-01-05,661,0.132,MEDIUM,synthetic-pd-v1.0
RISKA0000365,CUST0001198,,2026-02-26,703,0.0577,LOW,synthetic-pd-v1.0
RISKA0000366,CUST0001063,,2024-09-27,752,0.0206,LOW,synthetic-pd-v1.0
RISKA0000367,CUST0001338,,2022-03-24,744,0.0242,LOW,synthetic-pd-v1.0
RISKA0000368,CUST0001816,,2022-04-09,699,0.0629,LOW,synthetic-pd-v1.0
RISKA0000369,CUST0000917,,2025-05-13,745,0.0238,LOW,synthetic-pd-v1.0
RISKA0000370,CUST0000601,,2026-01-12,731,0.0321,LOW,synthetic-pd-v1.0
RISKA0000371,CUST0001738,,2022-07-12,816,0.0052,LOW,synthetic-pd-v1.0
RISKA0000372,CUST0001500,,2026-03-29,673,0.1058,LOW,synthetic-pd-v1.0
RISKA0000373,CUST0000140,,2025-01-20,787,0.0098,LOW,synthetic-pd-v1.0
RISKA0000374,CUST0000671,,2023-01-07,708,0.0523,LOW,synthetic-pd-v1.0
RISKA0000375,CUST0001920,,2024-12-25,764,0.016,LOW,synthetic-pd-v1.0
RISKA0000376,CUST0000382,,2023-12-04,672,0.1072,LOW,synthetic-pd-v1.0
RISKA0000377,CUST0000647,,2025-09-06,772,0.0135,LOW,synthetic-pd-v1.0
RISKA0000378,CUST0001244,,2024-02-08,791,0.009,LOW,synthetic-pd-v1.0
RISKA0000379,CUST0001040,,2021-10-22,760,0.0174,LOW,synthetic-pd-v1.0
RISKA0000380,CUST0001725,,2024-02-10,635,0.2112,MEDIUM,synthetic-pd-v1.0
RISKA0000381,CUST0000626,,2022-11-29,627,0.2418,MEDIUM,synthetic-pd-v1.0
RISKA0000382,CUST0000327,,2024-10-12,665,0.1221,LOW,synthetic-pd-v1.0
RISKA0000383,CUST0001525,,2024-11-11,545,0.6564,HIGH,synthetic-pd-v1.0
RISKA0000384,CUST0001870,,2025-09-07,648,0.1703,MEDIUM,synthetic-pd-v1.0
RISKA0000385,CUST0001343,,2025-06-22,744,0.0246,LOW,synthetic-pd-v1.0
RISKA0000386,CUST0001859,,2025-07-24,743,0.0249,LOW,synthetic-pd-v1.0
RISKA0000387,CUST0001945,,2026-01-21,693,0.0713,LOW,synthetic-pd-v1.0
RISKA0000388,CUST0001727,,2025-07-22,766,0.0151,LOW,synthetic-pd-v1.0
RISKA0000389,CUST0000372,,2023-10-16,742,0.0254,LOW,synthetic-pd-v1.0
RISKA0000390,CUST0000723,,2025-04-28,716,0.0445,LOW,synthetic-pd-v1.0
RISKA0000391,CUST0001124,,2023-10-26,676,0.0986,MEDIUM,synthetic-pd-v1.0
RISKA0000392,CUST0000850,,2026-08-24,634,0.2161,MEDIUM,synthetic-pd-v1.0
RISKA0000393,CUST0000033,,2025-12-25,662,0.131,MEDIUM,synthetic-pd-v1.0
RISKA0000394,CUST0001171,,2023-12-11,753,0.0204,LOW,synthetic-pd-v1.0
RISKA0000395,CUST0001561,,2025-04-06,679,0.0939,LOW,synthetic-pd-v1.0
RISKA0000396,CUST0001553,,2022-01-26,688,0.0787,LOW,synthetic-pd-v1.0
RISKA0000397,CUST0000157,,2025-12-25,715,0.0448,LOW,synthetic-pd-v1.0
RISKA0000398,CUST0000509,,2023-02-24,689,0.0761,LOW,synthetic-pd-v1.0
RISKA0000399,CUST0000815,,2024-05-28,711,0.0484,LOW,synthetic-pd-v1.0
RISKA0000400,CUST0001958,,2023-04-10,690,0.0758,LOW,synthetic-pd-v1.0
RISKA0000401,CUST0001790,,2025-12-15,614,0.3012,MEDIUM,synthetic-pd-v1.0
RISKA0000402,CUST0000530,,2025-08-30,777,0.0119,LOW,synthetic-pd-v1.0
RISKA0000403,CUST0000930,,2022-05-22,732,0.0315,LOW,synthetic-pd-v1.0
RISKA0000404,CUST0000054,,2025-02-25,700,0.0618,LOW,synthetic-pd-v1.0
RISKA0000405,CUST0000635,,2022-05-25,625,0.2524,MEDIUM,synthetic-pd-v1.0
RISKA0000406,CUST0001080,,2024-09-26,741,0.0261,LOW,synthetic-pd-v1.0
RISKA0000407,CUST0000833,,2021-12-25,606,0.3362,HIGH,synthetic-pd-v1.0
RISKA0000408,CUST0001972,,2022-10-20,691,0.0733,LOW,synthetic-pd-v1.0
RISKA0000409,CUST0000276,,2022-06-21,795,0.0082,LOW,synthetic-pd-v1.0
RISKA0000410,CUST0000956,,2024-10-01,626,0.2459,MEDIUM,synthetic-pd-v1.0
RISKA0000411,CUST0000934,,2025-03-15,716,0.044,LOW,synthetic-pd-v1.0
RISKA0000412,CUST0001648,,2024-07-07,609,0.3231,HIGH,synthetic-pd-v1.0
RISKA0000413,CUST0000536,,2025-11-15,658,0.1396,MEDIUM,synthetic-pd-v1.0
RISKA0000414,CUST0000737,,2022-08-12,721,0.0398,LOW,synthetic-pd-v1.0
RISKA0000415,CUST0001365,,2025-08-06,723,0.0383,LOW,synthetic-pd-v1.0
RISKA0000416,CUST0001031,,2024-03-01,671,0.1086,MEDIUM,synthetic-pd-v1.0
RISKA0000417,CUST0000711,,2026-03-19,775,0.0126,LOW,synthetic-pd-v1.0
RISKA0000418,CUST0000614,,2022-08-03,724,0.0376,LOW,synthetic-pd-v1.0
RISKA0000419,CUST0000969,,2025-07-04,595,0.3924,HIGH,synthetic-pd-v1.0
RISKA0000420,CUST0001236,,2022-04-15,675,0.1012,MEDIUM,synthetic-pd-v1.0
RISKA0000421,CUST0001981,,2025-02-01,535,0.7051,HIGH,synthetic-pd-v1.0
RISKA0000422,CUST0000358,,2024-06-28,689,0.0763,MEDIUM,synthetic-pd-v1.0
RISKA0000423,CUST0000296,,2026-01-10,781,0.011,LOW,synthetic-pd-v1.0
RISKA0000424,CUST0000728,,2021-09-19,759,0.0178,LOW,synthetic-pd-v1.0
RISKA0000425,CUST0001997,,2025-04-14,700,0.0609,LOW,synthetic-pd-v1.0
RISKA0000426,CUST0000332,,2022-05-20,702,0.0592,LOW,synthetic-pd-v1.0
RISKA0000427,CUST0001219,,2023-03-07,742,0.0257,LOW,synthetic-pd-v1.0
RISKA0000428,CUST0000381,,2025-02-23,646,0.1758,MEDIUM,synthetic-pd-v1.0
RISKA0000429,CUST0001390,,2022-12-09,729,0.0337,LOW,synthetic-pd-v1.0
RISKA0000430,CUST0001919,,2025-11-09,669,0.1131,MEDIUM,synthetic-pd-v1.0
RISKA0000431,CUST0001055,,2024-04-04,655,0.1473,MEDIUM,synthetic-pd-v1.0
RISKA0000432,CUST0001229,,2024-01-03,737,0.0283,LOW,synthetic-pd-v1.0
RISKA0000433,CUST0001966,,2022-11-05,686,0.0823,LOW,synthetic-pd-v1.0
RISKA0000434,CUST0001715,,2026-06-21,659,0.1366,MEDIUM,synthetic-pd-v1.0
RISKA0000435,CUST0000643,,2026-03-23,622,0.2619,MEDIUM,synthetic-pd-v1.0
RISKA0000436,CUST0001367,,2024-07-15,706,0.054,LOW,synthetic-pd-v1.0
RISKA0000437,CUST0000855,,2023-05-13,739,0.0274,LOW,synthetic-pd-v1.0
RISKA0000438,CUST0000493,,2022-08-25,714,0.0456,LOW,synthetic-pd-v1.0
RISKA0000439,CUST0000177,,2023-12-18,799,0.0075,LOW,synthetic-pd-v1.0
RISKA0000440,CUST0000292,,2023-05-11,724,0.0375,LOW,synthetic-pd-v1.0
RISKA0000441,CUST0000501,,2026-03-29,721,0.0401,LOW,synthetic-pd-v1.0
RISKA0000442,CUST0001443,,2021-11-15,715,0.0448,LOW,synthetic-pd-v1.0
RISKA0000443,CUST0001912,,2022-08-08,646,0.1765,MEDIUM,synthetic-pd-v1.0
RISKA0000444,CUST0001968,,2023-10-06,744,0.0242,LOW,synthetic-pd-v1.0
RISKA0000445,CUST0001667,,2025-04-10,681,0.0893,LOW,synthetic-pd-v1.0
RISKA0000446,CUST0000173,,2026-06-21,670,0.1118,MEDIUM,synthetic-pd-v1.0
RISKA0000447,CUST0001782,,2021-12-08,755,0.0192,LOW,synthetic-pd-v1.0
RISKA0000448,CUST0000213,,2023-12-10,691,0.0743,MEDIUM,synthetic-pd-v1.0
RISKA0000449,CUST0000525,,2026-03-24,677,0.097,MEDIUM,synthetic-pd-v1.0
RISKA0000450,CUST0001816,,2023-10-22,722,0.0388,LOW,synthetic-pd-v1.0
RISKA0000451,CUST0001560,,2022-04-12,757,0.0186,LOW,synthetic-pd-v1.0
RISKA0000452,CUST0000284,,2024-02-14,713,0.0471,LOW,synthetic-pd-v1.0
RISKA0000453,CUST0001985,,2022-06-22,689,0.0767,LOW,synthetic-pd-v1.0
RISKA0000454,CUST0001336,,2026-01-01,706,0.0537,LOW,synthetic-pd-v1.0
RISKA0000455,CUST0000940,,2022-03-09,706,0.0538,LOW,synthetic-pd-v1.0
RISKA0000456,CUST0001008,,2026-01-20,666,0.1197,MEDIUM,synthetic-pd-v1.0
RISKA0000457,CUST0000250,,2025-01-29,724,0.037,LOW,synthetic-pd-v1.0
RISKA0000458,CUST0001432,,2026-01-12,734,0.03,LOW,synthetic-pd-v1.0
RISKA0000459,CUST0000959,,2023-09-16,573,0.5083,HIGH,synthetic-pd-v1.0
RISKA0000460,CUST0000661,,2022-01-18,658,0.1409,MEDIUM,synthetic-pd-v1.0
RISKA0000461,CUST0001958,,2023-10-10,693,0.0704,LOW,synthetic-pd-v1.0
RISKA0000462,CUST0001135,,2025-09-08,709,0.0507,LOW,synthetic-pd-v1.0
RISKA0000463,CUST0000461,,2022-05-29,668,0.1168,MEDIUM,synthetic-pd-v1.0
RISKA0000464,CUST0001780,,2025-11-21,732,0.0313,LOW,synthetic-pd-v1.0
RISKA0000465,CUST0000162,,2021-11-04,673,0.1064,LOW,synthetic-pd-v1.0
RISKA0000466,CUST0000711,,2024-03-31,722,0.0389,LOW,synthetic-pd-v1.0
RISKA0000467,CUST0001449,,2024-02-12,644,0.1811,MEDIUM,synthetic-pd-v1.0
RISKA0000468,CUST0001424,,2022-09-30,664,0.1253,MEDIUM,synthetic-pd-v1.0
RISKA0000469,CUST0000649,,2023-08-14,646,0.1743,MEDIUM,synthetic-pd-v1.0
RISKA0000470,CUST0000508,,2022-05-25,737,0.0286,LOW,synthetic-pd-v1.0
RISKA0000471,CUST0000636,,2021-12-18,748,0.0223,LOW,synthetic-pd-v1.0
RISKA0000472,CUST0000129,,2024-08-24,730,0.0331,LOW,synthetic-pd-v1.0
RISKA0000473,CUST0001413,,2025-07-03,637,0.2051,MEDIUM,synthetic-pd-v1.0
RISKA0000474,CUST0001817,,2023-08-16,693,0.0707,LOW,synthetic-pd-v1.0
RISKA0000475,CUST0000636,,2024-05-17,721,0.0397,LOW,synthetic-pd-v1.0
RISKA0000476,CUST0000086,,2026-05-03,678,0.0954,LOW,synthetic-pd-v1.0
RISKA0000477,CUST0001537,,2024-12-02,688,0.0782,LOW,synthetic-pd-v1.0
RISKA0000478,CUST0000347,,2024-07-30,606,0.3354,HIGH,synthetic-pd-v1.0
RISKA0000479,CUST0001355,,2025-10-30,561,0.5783,HIGH,synthetic-pd-v1.0
RISKA0000480,CUST0000328,,2023-06-09,680,0.0923,LOW,synthetic-pd-v1.0
RISKA0000481,CUST0000352,,2022-03-03,788,0.0095,LOW,synthetic-pd-v1.0
RISKA0000482,CUST0001619,,2023-01-26,592,0.4077,HIGH,synthetic-pd-v1.0
RISKA0000483,CUST0000635,,2022-08-12,685,0.0826,LOW,synthetic-pd-v1.0
RISKA0000484,CUST0000973,,2021-10-29,594,0.3967,HIGH,synthetic-pd-v1.0
RISKA0000485,CUST0001069,,2024-12-16,728,0.0343,LOW,synthetic-pd-v1.0
RISKA0000486,CUST0001351,,2023-11-30,723,0.0377,LOW,synthetic-pd-v1.0
RISKA0000487,CUST0001927,,2022-04-10,754,0.0199,LOW,synthetic-pd-v1.0
RISKA0000488,CUST0000803,,2025-05-07,754,0.0198,LOW,synthetic-pd-v1.0
RISKA0000489,CUST0000249,,2026-08-24,654,0.1524,MEDIUM,synthetic-pd-v1.0
RISKA0000490,CUST0001420,,2021-11-15,675,0.1008,LOW,synthetic-pd-v1.0
RISKA0000491,CUST0000144,,2023-09-16,598,0.3747,HIGH,synthetic-pd-v1.0
RISKA0000492,CUST0000970,,2024-10-19,655,0.149,MEDIUM,synthetic-pd-v1.0
RISKA0000493,CUST0000971,,2025-02-13,774,0.0127,LOW,synthetic-pd-v1.0
RISKA0000494,CUST0000550,,2023-10-23,726,0.0354,LOW,synthetic-pd-v1.0
RISKA0000495,CUST0001582,,2023-01-30,730,0.0331,LOW,synthetic-pd-v1.0
RISKA0000496,CUST0001986,,2023-02-24,722,0.0387,LOW,synthetic-pd-v1.0
RISKA0000497,CUST0001563,,2025-10-21,735,0.0296,LOW,synthetic-pd-v1.0
RISKA0000498,CUST0001856,,2022-05-05,628,0.2392,MEDIUM,synthetic-pd-v1.0
RISKA0000499,CUST0000562,,2025-05-16,739,0.027,LOW,synthetic-pd-v1.0
RISKA0000500,CUST0000740,,2022-09-07,706,0.0546,LOW,synthetic-pd-v1.0
RISKA0000501,CUST0000995,,2022-05-30,641,0.1914,MEDIUM,synthetic-pd-v1.0
RISKA0000502,CUST0000216,,2024-04-25,604,0.348,HIGH,synthetic-pd-v1.0
RISKA0000503,CUST0000334,,2026-01-19,699,0.0627,LOW,synthetic-pd-v1.0
RISKA0000504,CUST0000229,,2025-05-22,700,0.0613,LOW,synthetic-pd-v1.0
RISKA0000505,CUST0001787,,2026-04-11,697,0.0659,LOW,synthetic-pd-v1.0
RISKA0000506,CUST0001382,,2024-02-05,648,0.1697,MEDIUM,synthetic-pd-v1.0
RISKA0000507,CUST0000896,,2023-11-28,721,0.0396,LOW,synthetic-pd-v1.0
RISKA0000508,CUST0001407,,2022-02-26,743,0.0252,LOW,synthetic-pd-v1.0
RISKA0000509,CUST0000179,,2024-09-20,659,0.1377,MEDIUM,synthetic-pd-v1.0
RISKA0000510,CUST0000463,,2024-06-05,662,0.1298,MEDIUM,synthetic-pd-v1.0
RISKA0000511,CUST0000149,,2025-12-05,698,0.0637,LOW,synthetic-pd-v1.0
RISKA0000512,CUST0001316,,2021-12-13,480,0.8872,HIGH,synthetic-pd-v1.0
RISKA0000513,CUST0000853,,2023-11-30,633,0.2205,MEDIUM,synthetic-pd-v1.0
RISKA0000514,CUST0001371,,2024-12-22,693,0.0713,LOW,synthetic-pd-v1.0
RISKA0000515,CUST0001334,,2025-11-27,749,0.0219,LOW,synthetic-pd-v1.0
RISKA0000516,CUST0001211,,2023-06-19,696,0.0663,LOW,synthetic-pd-v1.0
RISKA0000517,CUST0000572,,2025-06-09,657,0.1434,MEDIUM,synthetic-pd-v1.0
RISKA0000518,CUST0000756,,2026-04-30,670,0.1116,MEDIUM,synthetic-pd-v1.0
RISKA0000519,CUST0001981,,2024-02-10,559,0.5886,HIGH,synthetic-pd-v1.0
RISKA0000520,CUST0001365,,2021-11-11,703,0.0574,LOW,synthetic-pd-v1.0
RISKA0000521,CUST0001290,,2023-11-07,700,0.0609,LOW,synthetic-pd-v1.0
RISKA0000522,CUST0001908,,2022-05-14,726,0.0357,LOW,synthetic-pd-v1.0
RISKA0000523,CUST0000226,,2023-05-31,710,0.0497,LOW,synthetic-pd-v1.0
RISKA0000524,CUST0000715,,2023-01-19,746,0.0236,LOW,synthetic-pd-v1.0
RISKA0000525,CUST0001443,,2025-12-31,656,0.1448,MEDIUM,synthetic-pd-v1.0
RISKA0000526,CUST0001249,,2022-09-02,735,0.0296,LOW,synthetic-pd-v1.0
RISKA0000527,CUST0000128,,2022-10-16,702,0.0588,LOW,synthetic-pd-v1.0
RISKA0000528,CUST0001576,,2023-08-22,716,0.0444,LOW,synthetic-pd-v1.0
RISKA0000529,CUST0001810,,2024-08-18,759,0.0178,LOW,synthetic-pd-v1.0
RISKA0000530,CUST0000223,,2024-07-04,699,0.0622,LOW,synthetic-pd-v1.0
RISKA0000531,CUST0000249,,2021-12-19,684,0.0849,LOW,synthetic-pd-v1.0
RISKA0000532,CUST0001340,,2023-08-08,598,0.3794,HIGH,synthetic-pd-v1.0
RISKA0000533,CUST0000554,,2021-10-13,581,0.4688,HIGH,synthetic-pd-v1.0
RISKA0000534,CUST0001768,,2025-08-04,788,0.0094,LOW,synthetic-pd-v1.0
RISKA0000535,CUST0000625,,2021-12-03,776,0.0122,LOW,synthetic-pd-v1.0
RISKA0000536,CUST0000423,,2024-12-11,614,0.2981,HIGH,synthetic-pd-v1.0
RISKA0000537,CUST0001371,,2023-06-12,667,0.1193,MEDIUM,synthetic-pd-v1.0
RISKA0000538,CUST0001120,,2023-03-07,690,0.0752,LOW,synthetic-pd-v1.0
RISKA0000539,CUST0000802,,2021-09-21,587,0.4347,HIGH,synthetic-pd-v1.0
RISKA0000540,CUST0001794,,2025-04-23,756,0.019,LOW,synthetic-pd-v1.0
RISKA0000541,CUST0001856,,2022-04-30,657,0.1419,MEDIUM,synthetic-pd-v1.0
RISKA0000542,CUST0001477,,2022-02-05,703,0.0572,LOW,synthetic-pd-v1.0
RISKA0000543,CUST0001762,,2026-05-04,702,0.0588,LOW,synthetic-pd-v1.0
RISKA0000544,CUST0000611,,2026-05-18,609,0.3247,HIGH,synthetic-pd-v1.0
RISKA0000545,CUST0001922,,2024-05-31,736,0.0292,LOW,synthetic-pd-v1.0
RISKA0000546,CUST0001684,,2026-02-01,611,0.315,HIGH,synthetic-pd-v1.0
RISKA0000547,CUST0000963,,2025-11-08,699,0.0625,LOW,synthetic-pd-v1.0
RISKA0000548,CUST0001191,,2025-03-29,726,0.0356,LOW,synthetic-pd-v1.0
RISKA0000549,CUST0001238,,2026-08-12,623,0.2581,MEDIUM,synthetic-pd-v1.0
RISKA0000550,CUST0000977,,2026-07-09,677,0.0973,MEDIUM,synthetic-pd-v1.0
RISKA0000551,CUST0001735,,2022-07-30,626,0.2491,MEDIUM,synthetic-pd-v1.0
RISKA0000552,CUST0001067,,2024-04-29,685,0.0836,LOW,synthetic-pd-v1.0
RISKA0000553,CUST0001005,,2022-10-17,504,0.8249,HIGH,synthetic-pd-v1.0
RISKA0000554,CUST0001691,,2024-03-24,690,0.0748,LOW,synthetic-pd-v1.0
RISKA0000555,CUST0001492,,2022-05-19,698,0.0634,LOW,synthetic-pd-v1.0
RISKA0000556,CUST0001292,,2023-11-03,761,0.017,LOW,synthetic-pd-v1.0
RISKA0000557,CUST0000472,,2025-11-10,645,0.1785,MEDIUM,synthetic-pd-v1.0
RISKA0000558,CUST0001731,,2025-11-28,709,0.0507,LOW,synthetic-pd-v1.0
RISKA0000559,CUST0001384,,2024-04-07,620,0.2718,MEDIUM,synthetic-pd-v1.0
RISKA0000560,CUST0000482,,2022-03-23,706,0.0539,LOW,synthetic-pd-v1.0
RISKA0000561,CUST0001376,,2026-07-29,715,0.0451,MEDIUM,synthetic-pd-v1.0
RISKA0000562,CUST0000384,,2025-09-20,697,0.0655,LOW,synthetic-pd-v1.0
RISKA0000563,CUST0000180,,2022-05-06,748,0.0223,LOW,synthetic-pd-v1.0
RISKA0000564,CUST0001828,,2024-07-02,604,0.3483,HIGH,synthetic-pd-v1.0
RISKA0000565,CUST0000243,,2026-08-24,629,0.2355,MEDIUM,synthetic-pd-v1.0
RISKA0000566,CUST0000703,,2026-02-13,699,0.0623,LOW,synthetic-pd-v1.0
RISKA0000567,CUST0001374,,2023-10-20,826,0.0042,LOW,synthetic-pd-v1.0
RISKA0000568,CUST0001289,,2022-06-05,737,0.0282,LOW,synthetic-pd-v1.0
RISKA0000569,CUST0000078,,2023-02-25,592,0.4072,HIGH,synthetic-pd-v1.0
RISKA0000570,CUST0001181,,2023-03-04,689,0.0771,LOW,synthetic-pd-v1.0
RISKA0000571,CUST0001277,,2021-12-14,635,0.2133,MEDIUM,synthetic-pd-v1.0
RISKA0000572,CUST0001151,,2022-10-05,732,0.0312,LOW,synthetic-pd-v1.0
RISKA0000573,CUST0001316,,2024-12-17,498,0.8423,HIGH,synthetic-pd-v1.0
RISKA0000574,CUST0000882,,2022-07-01,738,0.0277,LOW,synthetic-pd-v1.0
RISKA0000575,CUST0001110,,2025-06-03,734,0.0305,LOW,synthetic-pd-v1.0
RISKA0000576,CUST0000926,,2021-10-20,655,0.1476,MEDIUM,synthetic-pd-v1.0
RISKA0000577,CUST0001587,,2024-04-27,682,0.0891,MEDIUM,synthetic-pd-v1.0
RISKA0000578,CUST0001771,,2021-09-11,750,0.0215,LOW,synthetic-pd-v1.0
RISKA0000579,CUST0001288,,2022-07-03,724,0.0376,LOW,synthetic-pd-v1.0
RISKA0000580,CUST0001066,,2022-04-07,645,0.1774,MEDIUM,synthetic-pd-v1.0
RISKA0000581,CUST0000937,,2024-11-23,687,0.0802,LOW,synthetic-pd-v1.0
RISKA0000582,CUST0001954,,2024-06-03,709,0.0512,LOW,synthetic-pd-v1.0
RISKA0000583,CUST0001162,,2022-11-11,744,0.0243,LOW,synthetic-pd-v1.0
RISKA0000584,CUST0001726,,2021-11-14,712,0.0477,LOW,synthetic-pd-v1.0
RISKA0000585,CUST0001611,,2022-05-31,756,0.0189,LOW,synthetic-pd-v1.0
RISKA0000586,CUST0001348,,2022-01-18,652,0.1577,MEDIUM,synthetic-pd-v1.0
RISKA0000587,CUST0001247,,2022-07-21,670,0.112,MEDIUM,synthetic-pd-v1.0
RISKA0000588,CUST0001608,,2021-12-07,494,0.8529,HIGH,synthetic-pd-v1.0
RISKA0000589,CUST0000490,,2024-03-09,700,0.061,LOW,synthetic-pd-v1.0
RISKA0000590,CUST0000211,,2026-08-24,714,0.0464,LOW,synthetic-pd-v1.0
RISKA0000591,CUST0000109,,2023-05-19,605,0.3432,HIGH,synthetic-pd-v1.0
RISKA0000592,CUST0000534,,2026-08-09,797,0.0079,LOW,synthetic-pd-v1.0
RISKA0000593,CUST0001423,,2025-02-20,732,0.0314,LOW,synthetic-pd-v1.0
RISKA0000594,CUST0000326,,2025-02-12,616,0.2901,MEDIUM,synthetic-pd-v1.0
RISKA0000595,CUST0000686,,2025-02-13,734,0.0305,LOW,synthetic-pd-v1.0
RISKA0000596,CUST0000179,,2024-12-25,715,0.0454,LOW,synthetic-pd-v1.0
RISKA0000597,CUST0001583,,2023-12-22,676,0.0987,LOW,synthetic-pd-v1.0
RISKA0000598,CUST0000903,,2022-08-11,611,0.314,MEDIUM,synthetic-pd-v1.0
RISKA0000599,CUST0000046,,2025-04-06,633,0.221,MEDIUM,synthetic-pd-v1.0
RISKA0000600,CUST0001061,,2022-11-04,716,0.0443,LOW,synthetic-pd-v1.0
RISKA0000601,CUST0001760,,2024-02-13,728,0.034,LOW,synthetic-pd-v1.0
RISKA0000602,CUST0000528,,2025-03-06,665,0.122,MEDIUM,synthetic-pd-v1.0
RISKA0000603,CUST0001049,,2024-08-14,672,0.107,MEDIUM,synthetic-pd-v1.0
RISKA0000604,CUST0000225,,2025-03-30,684,0.0848,LOW,synthetic-pd-v1.0
RISKA0000605,CUST0001463,,2024-03-20,668,0.1159,LOW,synthetic-pd-v1.0
RISKA0000606,CUST0000589,,2023-10-07,674,0.1029,MEDIUM,synthetic-pd-v1.0
RISKA0000607,CUST0001895,,2022-05-02,525,0.7465,HIGH,synthetic-pd-v1.0
RISKA0000608,CUST0001976,,2022-10-11,667,0.119,MEDIUM,synthetic-pd-v1.0
RISKA0000609,CUST0001593,,2025-03-16,693,0.0712,LOW,synthetic-pd-v1.0
RISKA0000610,CUST0001388,,2025-01-12,653,0.1552,LOW,synthetic-pd-v1.0
RISKA0000611,CUST0000321,,2022-04-19,706,0.0539,LOW,synthetic-pd-v1.0
RISKA0000612,CUST0001217,,2022-06-17,622,0.2633,MEDIUM,synthetic-pd-v1.0
RISKA0000613,CUST0000967,,2024-05-08,675,0.1006,MEDIUM,synthetic-pd-v1.0
RISKA0000614,CUST0001982,,2026-08-24,674,0.1029,LOW,synthetic-pd-v1.0
RISKA0000615,CUST0000160,,2025-08-04,714,0.046,LOW,synthetic-pd-v1.0
RISKA0000616,CUST0001451,,2026-07-28,550,0.6324,HIGH,synthetic-pd-v1.0
RISKA0000617,CUST0001730,,2024-06-24,702,0.0589,LOW,synthetic-pd-v1.0
RISKA0000618,CUST0001006,,2023-09-29,760,0.0175,LOW,synthetic-pd-v1.0
RISKA0000619,CUST0000034,,2026-04-07,704,0.0563,LOW,synthetic-pd-v1.0
RISKA0000620,CUST0001684,,2024-02-24,618,0.2835,MEDIUM,synthetic-pd-v1.0
RISKA0000621,CUST0001007,,2023-01-03,703,0.0573,LOW,synthetic-pd-v1.0
RISKA0000622,CUST0001693,,2026-01-12,679,0.0934,LOW,synthetic-pd-v1.0
RISKA0000623,CUST0000228,,2024-05-20,647,0.1709,MEDIUM,synthetic-pd-v1.0
RISKA0000624,CUST0001764,,2026-03-19,663,0.1284,MEDIUM,synthetic-pd-v1.0
RISKA0000625,CUST0000290,,2025-10-24,631,0.2277,MEDIUM,synthetic-pd-v1.0
RISKA0000626,CUST0000315,,2025-09-13,630,0.2325,MEDIUM,synthetic-pd-v1.0
RISKA0000627,CUST0001623,,2021-09-18,736,0.0291,LOW,synthetic-pd-v1.0
RISKA0000628,CUST0001802,,2026-02-16,770,0.014,LOW,synthetic-pd-v1.0
RISKA0000629,CUST0001328,,2026-02-16,705,0.0558,LOW,synthetic-pd-v1.0
RISKA0000630,CUST0001562,,2024-01-29,716,0.0442,MEDIUM,synthetic-pd-v1.0
RISKA0000631,CUST0001912,,2025-07-15,661,0.1323,MEDIUM,synthetic-pd-v1.0
RISKA0000632,CUST0000744,,2022-09-05,725,0.0368,LOW,synthetic-pd-v1.0
RISKA0000633,CUST0000724,,2021-09-11,716,0.0441,LOW,synthetic-pd-v1.0
RISKA0000634,CUST0001976,,2025-02-14,662,0.1296,MEDIUM,synthetic-pd-v1.0
RISKA0000635,CUST0001280,,2022-12-02,646,0.174,MEDIUM,synthetic-pd-v1.0
RISKA0000636,CUST0000602,,2026-03-27,748,0.0224,LOW,synthetic-pd-v1.0
RISKA0000637,CUST0000464,,2024-10-17,611,0.315,HIGH,synthetic-pd-v1.0
RISKA0000638,CUST0000361,,2025-01-09,570,0.5276,HIGH,synthetic-pd-v1.0
RISKA0000639,CUST0001885,,2021-12-26,681,0.0904,MEDIUM,synthetic-pd-v1.0
RISKA0000640,CUST0001881,,2025-02-19,651,0.1605,MEDIUM,synthetic-pd-v1.0
RISKA0000641,CUST0001509,,2026-06-08,659,0.1389,MEDIUM,synthetic-pd-v1.0
RISKA0000642,CUST0000653,,2025-08-09,717,0.043,LOW,synthetic-pd-v1.0
RISKA0000643,CUST0001850,,2022-12-20,571,0.5243,HIGH,synthetic-pd-v1.0
RISKA0000644,CUST0001738,,2024-07-10,793,0.0085,LOW,synthetic-pd-v1.0
RISKA0000645,CUST0000523,,2022-08-15,590,0.4201,HIGH,synthetic-pd-v1.0
RISKA0000646,CUST0000949,,2025-04-15,742,0.0254,LOW,synthetic-pd-v1.0
RISKA0000647,CUST0000556,,2025-05-29,764,0.016,LOW,synthetic-pd-v1.0
RISKA0000648,CUST0001703,,2024-09-11,629,0.2358,MEDIUM,synthetic-pd-v1.0
RISKA0000649,CUST0001723,,2023-11-15,699,0.0626,LOW,synthetic-pd-v1.0
RISKA0000650,CUST0000421,,2024-03-29,665,0.1241,MEDIUM,synthetic-pd-v1.0
RISKA0000651,CUST0001338,,2024-08-27,751,0.0212,LOW,synthetic-pd-v1.0
RISKA0000652,CUST0000305,,2024-05-27,649,0.1674,MEDIUM,synthetic-pd-v1.0
RISKA0000653,CUST0001401,,2023-09-24,663,0.1286,MEDIUM,synthetic-pd-v1.0
RISKA0000654,CUST0001054,,2023-08-27,660,0.1355,MEDIUM,synthetic-pd-v1.0
RISKA0000655,CUST0000083,,2023-01-31,743,0.0249,LOW,synthetic-pd-v1.0
RISKA0000656,CUST0000822,,2025-06-18,742,0.0255,LOW,synthetic-pd-v1.0
RISKA0000657,CUST0001230,,2026-06-26,784,0.0103,LOW,synthetic-pd-v1.0
RISKA0000658,CUST0001110,,2022-06-13,737,0.0286,LOW,synthetic-pd-v1.0
RISKA0000659,CUST0001971,,2026-08-19,702,0.0591,LOW,synthetic-pd-v1.0
RISKA0000660,CUST0001760,,2026-03-17,716,0.0443,LOW,synthetic-pd-v1.0
RISKA0000661,CUST0000002,,2024-09-27,600,0.3675,HIGH,synthetic-pd-v1.0
RISKA0000662,CUST0001560,,2024-09-09,770,0.0141,LOW,synthetic-pd-v1.0
RISKA0000663,CUST0001211,,2024-01-23,640,0.1966,MEDIUM,synthetic-pd-v1.0
RISKA0000664,CUST0000395,,2022-10-31,702,0.0585,LOW,synthetic-pd-v1.0
RISKA0000665,CUST0001392,,2024-12-28,771,0.0137,LOW,synthetic-pd-v1.0
RISKA0000666,CUST0001085,,2024-11-03,780,0.0114,LOW,synthetic-pd-v1.0
RISKA0000667,CUST0000827,,2025-09-18,564,0.5574,HIGH,synthetic-pd-v1.0
RISKA0000668,CUST0001753,,2026-02-09,688,0.0777,LOW,synthetic-pd-v1.0
RISKA0000669,CUST0000968,,2024-05-19,720,0.0405,LOW,synthetic-pd-v1.0
RISKA0000670,CUST0000558,,2022-03-12,743,0.0251,LOW,synthetic-pd-v1.0
RISKA0000671,CUST0000514,,2022-10-13,691,0.0745,LOW,synthetic-pd-v1.0
RISKA0000672,CUST0001557,,2025-09-30,502,0.8321,HIGH,synthetic-pd-v1.0
RISKA0000673,CUST0000897,,2025-01-22,744,0.0243,LOW,synthetic-pd-v1.0
RISKA0000674,CUST0000253,,2021-10-12,630,0.2308,MEDIUM,synthetic-pd-v1.0
RISKA0000675,CUST0001079,,2023-07-18,734,0.0303,LOW,synthetic-pd-v1.0
RISKA0000676,CUST0001386,,2023-06-05,662,0.1295,MEDIUM,synthetic-pd-v1.0
RISKA0000677,CUST0000308,,2026-04-09,658,0.1418,MEDIUM,synthetic-pd-v1.0
RISKA0000678,CUST0001650,,2022-03-16,595,0.3947,HIGH,synthetic-pd-v1.0
RISKA0000679,CUST0000391,,2025-12-29,659,0.138,LOW,synthetic-pd-v1.0
RISKA0000680,CUST0000826,,2023-07-04,655,0.1481,MEDIUM,synthetic-pd-v1.0
RISKA0000681,CUST0001479,,2023-02-27,674,0.1035,MEDIUM,synthetic-pd-v1.0
RISKA0000682,CUST0000450,,2021-12-20,738,0.028,LOW,synthetic-pd-v1.0
RISKA0000683,CUST0001029,,2023-06-05,696,0.0664,LOW,synthetic-pd-v1.0
RISKA0000684,CUST0000530,,2023-12-15,780,0.0113,LOW,synthetic-pd-v1.0
RISKA0000685,CUST0001549,,2026-04-30,734,0.0303,LOW,synthetic-pd-v1.0
RISKA0000686,CUST0000107,,2022-11-13,733,0.0311,LOW,synthetic-pd-v1.0
RISKA0000687,CUST0000188,,2024-09-01,739,0.0271,LOW,synthetic-pd-v1.0
RISKA0000688,CUST0000899,,2023-03-04,782,0.0109,LOW,synthetic-pd-v1.0
RISKA0000689,CUST0001810,,2023-09-18,767,0.0149,LOW,synthetic-pd-v1.0
RISKA0000690,CUST0001536,,2022-10-02,655,0.1499,MEDIUM,synthetic-pd-v1.0
RISKA0000691,CUST0001613,,2025-12-07,632,0.2252,MEDIUM,synthetic-pd-v1.0
RISKA0000692,CUST0000325,,2025-06-27,545,0.6557,HIGH,synthetic-pd-v1.0
RISKA0000693,CUST0001271,,2026-04-28,672,0.1077,LOW,synthetic-pd-v1.0
RISKA0000694,CUST0001782,,2022-04-12,729,0.0336,LOW,synthetic-pd-v1.0
RISKA0000695,CUST0000777,,2023-03-03,706,0.0541,LOW,synthetic-pd-v1.0
RISKA0000696,CUST0000152,,2022-01-16,633,0.2198,MEDIUM,synthetic-pd-v1.0
RISKA0000697,CUST0000041,,2025-03-14,683,0.0872,LOW,synthetic-pd-v1.0
RISKA0000698,CUST0001977,,2022-10-16,658,0.1407,MEDIUM,synthetic-pd-v1.0
RISKA0000699,CUST0000287,,2023-03-06,697,0.0658,LOW,synthetic-pd-v1.0
RISKA0000700,CUST0001376,,2022-07-18,688,0.0786,MEDIUM,synthetic-pd-v1.0
RISKA0000701,CUST0001001,,2024-01-06,743,0.0252,LOW,synthetic-pd-v1.0
RISKA0000702,CUST0000534,,2024-02-01,774,0.0129,LOW,synthetic-pd-v1.0
RISKA0000703,CUST0001072,,2022-02-10,621,0.2671,MEDIUM,synthetic-pd-v1.0
RISKA0000704,CUST0000822,,2023-04-22,726,0.036,LOW,synthetic-pd-v1.0
RISKA0000705,CUST0001450,,2024-02-23,750,0.0215,LOW,synthetic-pd-v1.0
RISKA0000706,CUST0000922,,2024-02-18,676,0.0995,LOW,synthetic-pd-v1.0
RISKA0000707,CUST0000694,,2021-12-14,632,0.2226,MEDIUM,synthetic-pd-v1.0
RISKA0000708,CUST0001970,,2022-02-22,609,0.3239,HIGH,synthetic-pd-v1.0
RISKA0000709,CUST0001851,,2024-04-09,700,0.0619,LOW,synthetic-pd-v1.0
RISKA0000710,CUST0001364,,2023-05-29,684,0.0852,LOW,synthetic-pd-v1.0
RISKA0000711,CUST0001460,,2025-06-13,549,0.6402,HIGH,synthetic-pd-v1.0
RISKA0000712,CUST0000513,,2022-04-26,653,0.1544,MEDIUM,synthetic-pd-v1.0
RISKA0000713,CUST0001789,,2024-01-06,715,0.0453,LOW,synthetic-pd-v1.0
RISKA0000714,CUST0001778,,2023-11-04,684,0.0846,MEDIUM,synthetic-pd-v1.0
RISKA0000715,CUST0000801,,2026-07-26,707,0.0534,LOW,synthetic-pd-v1.0
RISKA0000716,CUST0000392,,2021-10-03,709,0.0507,LOW,synthetic-pd-v1.0
RISKA0000717,CUST0001755,,2024-12-08,771,0.0137,LOW,synthetic-pd-v1.0
RISKA0000718,CUST0000061,,2022-11-26,708,0.0518,LOW,synthetic-pd-v1.0
RISKA0000719,CUST0001477,,2026-02-09,677,0.0969,LOW,synthetic-pd-v1.0
RISKA0000720,CUST0000789,,2024-11-16,677,0.0968,LOW,synthetic-pd-v1.0
RISKA0000721,CUST0000900,,2023-10-22,713,0.047,LOW,synthetic-pd-v1.0
RISKA0000722,CUST0000980,,2022-09-17,599,0.3717,HIGH,synthetic-pd-v1.0
RISKA0000723,CUST0001347,,2023-08-30,662,0.1315,MEDIUM,synthetic-pd-v1.0
RISKA0000724,CUST0000599,,2025-07-31,725,0.0364,LOW,synthetic-pd-v1.0
RISKA0000725,CUST0001483,,2026-06-06,741,0.0263,LOW,synthetic-pd-v1.0
RISKA0000726,CUST0001177,,2022-08-20,740,0.0266,LOW,synthetic-pd-v1.0
RISKA0000727,CUST0000460,,2025-05-13,672,0.1083,MEDIUM,synthetic-pd-v1.0
RISKA0000728,CUST0001249,,2025-02-15,739,0.0271,LOW,synthetic-pd-v1.0
RISKA0000729,CUST0001274,,2026-03-10,659,0.1374,MEDIUM,synthetic-pd-v1.0
RISKA0000730,CUST0001112,,2023-11-30,652,0.1563,MEDIUM,synthetic-pd-v1.0
RISKA0000731,CUST0000389,,2022-12-14,733,0.0309,LOW,synthetic-pd-v1.0
RISKA0000732,CUST0001861,,2025-05-27,771,0.0136,LOW,synthetic-pd-v1.0
RISKA0000733,CUST0000480,,2021-10-13,766,0.0152,LOW,synthetic-pd-v1.0
RISKA0000734,CUST0001540,,2022-11-02,651,0.159,MEDIUM,synthetic-pd-v1.0
RISKA0000735,CUST0000500,,2024-05-05,684,0.0841,LOW,synthetic-pd-v1.0
RISKA0000736,CUST0000538,,2022-10-23,675,0.1019,MEDIUM,synthetic-pd-v1.0
RISKA0000737,CUST0001063,,2026-07-07,757,0.0186,LOW,synthetic-pd-v1.0
RISKA0000738,CUST0000861,,2026-08-24,703,0.0582,LOW,synthetic-pd-v1.0
RISKA0000739,CUST0000052,,2023-02-25,696,0.0663,LOW,synthetic-pd-v1.0
RISKA0000740,CUST0001688,,2026-08-24,607,0.3313,HIGH,synthetic-pd-v1.0
RISKA0000741,CUST0000723,,2024-01-06,716,0.0445,LOW,synthetic-pd-v1.0
RISKA0000742,CUST0000150,,2026-07-26,638,0.2029,MEDIUM,synthetic-pd-v1.0
RISKA0000743,CUST0001644,,2026-08-18,710,0.0499,LOW,synthetic-pd-v1.0
RISKA0000744,CUST0001509,,2025-10-25,689,0.0774,LOW,synthetic-pd-v1.0
RISKA0000745,CUST0001636,,2025-09-11,562,0.5698,HIGH,synthetic-pd-v1.0
RISKA0000746,CUST0000300,,2025-10-25,617,0.2858,MEDIUM,synthetic-pd-v1.0
RISKA0000747,CUST0000816,,2023-10-10,688,0.0788,MEDIUM,synthetic-pd-v1.0
RISKA0000748,CUST0000885,,2024-03-25,682,0.0883,LOW,synthetic-pd-v1.0
RISKA0000749,CUST0000738,,2026-02-07,771,0.0138,LOW,synthetic-pd-v1.0
RISKA0000750,CUST0001433,,2025-05-22,649,0.1672,MEDIUM,synthetic-pd-v1.0
RISKA0000751,CUST0000813,,2022-01-12,621,0.2688,MEDIUM,synthetic-pd-v1.0
RISKA0000752,CUST0000180,,2024-02-18,767,0.0149,LOW,synthetic-pd-v1.0
RISKA0000753,CUST0001562,,2023-11-09,748,0.0223,LOW,synthetic-pd-v1.0
RISKA0000754,CUST0000166,,2023-08-07,616,0.2884,MEDIUM,synthetic-pd-v1.0
RISKA0000755,CUST0001557,,2025-01-14,522,0.76,HIGH,synthetic-pd-v1.0
RISKA0000756,CUST0000712,,2022-04-02,615,0.2951,MEDIUM,synthetic-pd-v1.0
RISKA0000757,CUST0000077,,2025-08-25,607,0.3338,HIGH,synthetic-pd-v1.0
RISKA0000758,CUST0000019,,2026-07-30,678,0.0961,LOW,synthetic-pd-v1.0
RISKA0000759,CUST0001260,,2024-01-08,733,0.0309,LOW,synthetic-pd-v1.0
RISKA0000760,CUST0001031,,2025-09-20,683,0.0863,LOW,synthetic-pd-v1.0
RISKA0000761,CUST0000088,,2023-04-19,620,0.2711,HIGH,synthetic-pd-v1.0
RISKA0000762,CUST0001952,,2025-11-05,753,0.0203,LOW,synthetic-pd-v1.0
RISKA0000763,CUST0000478,,2024-05-03,634,0.2164,MEDIUM,synthetic-pd-v1.0
RISKA0000764,CUST0001208,,2022-06-15,763,0.0162,LOW,synthetic-pd-v1.0
RISKA0000765,CUST0000343,,2025-01-14,623,0.2611,MEDIUM,synthetic-pd-v1.0
RISKA0000766,CUST0000504,,2022-04-02,715,0.0449,LOW,synthetic-pd-v1.0
RISKA0000767,CUST0000425,,2023-10-15,643,0.186,MEDIUM,synthetic-pd-v1.0
RISKA0000768,CUST0000624,,2022-05-15,776,0.0122,LOW,synthetic-pd-v1.0
RISKA0000769,CUST0000768,,2026-07-19,727,0.0349,LOW,synthetic-pd-v1.0
RISKA0000770,CUST0000179,,2021-11-08,721,0.0394,LOW,synthetic-pd-v1.0
RISKA0000771,CUST0000067,,2024-05-19,734,0.0305,LOW,synthetic-pd-v1.0
RISKA0000772,CUST0000471,,2025-07-31,721,0.0398,LOW,synthetic-pd-v1.0
RISKA0000773,CUST0000327,,2022-03-02,629,0.2371,MEDIUM,synthetic-pd-v1.0
RISKA0000774,CUST0000442,,2023-08-20,711,0.0492,LOW,synthetic-pd-v1.0
RISKA0000775,CUST0001380,,2022-06-07,756,0.0188,LOW,synthetic-pd-v1.0
RISKA0000776,CUST0000358,,2025-07-02,697,0.0659,LOW,synthetic-pd-v1.0
RISKA0000777,CUST0001662,,2022-01-10,700,0.0617,LOW,synthetic-pd-v1.0
RISKA0000778,CUST0001877,,2025-08-09,650,0.1624,MEDIUM,synthetic-pd-v1.0
RISKA0000779,CUST0001407,,2026-01-10,755,0.0192,LOW,synthetic-pd-v1.0
RISKA0000780,CUST0001083,,2023-11-27,706,0.0542,LOW,synthetic-pd-v1.0
RISKA0000781,CUST0001847,,2024-10-18,735,0.0294,LOW,synthetic-pd-v1.0
RISKA0000782,CUST0000278,,2024-10-31,725,0.0369,LOW,synthetic-pd-v1.0
RISKA0000783,CUST0000371,,2022-05-24,766,0.0152,LOW,synthetic-pd-v1.0
RISKA0000784,CUST0000039,,2021-11-13,776,0.0123,LOW,synthetic-pd-v1.0
RISKA0000785,CUST0000802,,2023-11-19,635,0.2137,MEDIUM,synthetic-pd-v1.0
RISKA0000786,CUST0001549,,2023-01-27,707,0.0534,LOW,synthetic-pd-v1.0
RISKA0000787,CUST0001338,,2025-10-01,748,0.0222,LOW,synthetic-pd-v1.0
RISKA0000788,CUST0000642,,2021-10-14,638,0.2015,MEDIUM,synthetic-pd-v1.0
RISKA0000789,CUST0000665,,2021-11-03,652,0.1571,MEDIUM,synthetic-pd-v1.0
RISKA0000790,CUST0000873,,2024-02-02,778,0.0119,LOW,synthetic-pd-v1.0
RISKA0000791,CUST0001152,,2022-09-14,743,0.025,LOW,synthetic-pd-v1.0
RISKA0000792,CUST0000205,,2023-11-05,608,0.3278,HIGH,synthetic-pd-v1.0
RISKA0000793,CUST0001516,,2026-05-10,750,0.0215,LOW,synthetic-pd-v1.0
RISKA0000794,CUST0001834,,2023-08-15,754,0.0197,LOW,synthetic-pd-v1.0
RISKA0000795,CUST0000796,,2025-06-12,666,0.1214,MEDIUM,synthetic-pd-v1.0
RISKA0000796,CUST0000644,,2024-05-27,694,0.0694,LOW,synthetic-pd-v1.0
RISKA0000797,CUST0000059,,2024-04-03,701,0.0606,LOW,synthetic-pd-v1.0
RISKA0000798,CUST0000460,,2026-03-11,643,0.185,MEDIUM,synthetic-pd-v1.0
RISKA0000799,CUST0001900,,2022-05-03,701,0.0607,LOW,synthetic-pd-v1.0
RISKA0000800,CUST0000492,,2023-04-24,714,0.0462,LOW,synthetic-pd-v1.0
RISKA0000801,CUST0000328,,2024-02-25,709,0.0508,LOW,synthetic-pd-v1.0
RISKA0000802,CUST0000003,,2023-07-16,755,0.0192,LOW,synthetic-pd-v1.0
RISKA0000803,CUST0001928,,2024-10-11,636,0.2083,MEDIUM,synthetic-pd-v1.0
RISKA0000804,CUST0000846,,2022-10-19,630,0.2332,MEDIUM,synthetic-pd-v1.0
RISKA0000805,CUST0001864,,2022-11-29,660,0.1341,MEDIUM,synthetic-pd-v1.0
RISKA0000806,CUST0000170,,2025-11-04,675,0.1014,MEDIUM,synthetic-pd-v1.0
RISKA0000807,CUST0000430,,2024-08-19,703,0.0576,LOW,synthetic-pd-v1.0
RISKA0000808,CUST0001396,,2023-06-17,728,0.0341,LOW,synthetic-pd-v1.0
RISKA0000809,CUST0001383,,2024-05-10,578,0.4834,HIGH,synthetic-pd-v1.0
RISKA0000810,CUST0000426,,2026-04-26,651,0.1606,MEDIUM,synthetic-pd-v1.0
RISKA0000811,CUST0000065,,2023-11-06,739,0.0269,LOW,synthetic-pd-v1.0
RISKA0000812,CUST0000063,,2024-06-05,684,0.0842,LOW,synthetic-pd-v1.0
RISKA0000813,CUST0001464,,2023-09-29,722,0.0391,LOW,synthetic-pd-v1.0
RISKA0000814,CUST0000465,,2024-10-26,788,0.0095,LOW,synthetic-pd-v1.0
RISKA0000815,CUST0000809,,2022-06-25,711,0.0489,LOW,synthetic-pd-v1.0
RISKA0000816,CUST0001006,,2021-09-16,752,0.0207,LOW,synthetic-pd-v1.0
RISKA0000817,CUST0000188,,2024-10-20,734,0.0302,LOW,synthetic-pd-v1.0
RISKA0000818,CUST0000875,,2023-04-28,692,0.0727,LOW,synthetic-pd-v1.0
RISKA0000819,CUST0000561,,2021-09-30,761,0.0171,LOW,synthetic-pd-v1.0
RISKA0000820,CUST0000912,,2023-03-22,643,0.1847,MEDIUM,synthetic-pd-v1.0
RISKA0000821,CUST0000331,,2022-03-02,703,0.0574,LOW,synthetic-pd-v1.0
RISKA0000822,CUST0001027,,2021-09-09,721,0.0399,LOW,synthetic-pd-v1.0
RISKA0000823,CUST0000534,,2025-03-31,810,0.0059,LOW,synthetic-pd-v1.0
RISKA0000824,CUST0001425,,2025-01-14,707,0.0537,LOW,synthetic-pd-v1.0
RISKA0000825,CUST0000065,,2026-02-07,761,0.0171,LOW,synthetic-pd-v1.0
RISKA0000826,CUST0000645,,2021-11-24,813,0.0055,LOW,synthetic-pd-v1.0
RISKA0000827,CUST0000256,,2025-12-27,610,0.3202,HIGH,synthetic-pd-v1.0
RISKA0000828,CUST0001762,,2025-03-30,672,0.1066,MEDIUM,synthetic-pd-v1.0
RISKA0000829,CUST0001608,,2023-02-03,515,0.7882,HIGH,synthetic-pd-v1.0
RISKA0000830,CUST0000937,,2024-06-19,700,0.061,LOW,synthetic-pd-v1.0
RISKA0000831,CUST0001041,,2023-03-31,677,0.0981,MEDIUM,synthetic-pd-v1.0
RISKA0000832,CUST0000290,,2022-07-27,692,0.0727,LOW,synthetic-pd-v1.0
RISKA0000833,CUST0001929,,2024-09-12,757,0.0186,LOW,synthetic-pd-v1.0
RISKA0000834,CUST0000548,,2025-08-25,686,0.0813,LOW,synthetic-pd-v1.0
RISKA0000835,CUST0001172,,2024-02-28,681,0.09,LOW,synthetic-pd-v1.0
RISKA0000836,CUST0000751,,2023-08-07,736,0.0289,LOW,synthetic-pd-v1.0
RISKA0000837,CUST0001693,,2023-09-16,697,0.0649,MEDIUM,synthetic-pd-v1.0
RISKA0000838,CUST0001093,,2023-05-25,723,0.0379,LOW,synthetic-pd-v1.0
RISKA0000839,CUST0000829,,2026-08-24,811,0.0057,LOW,synthetic-pd-v1.0
RISKA0000840,CUST0001956,,2023-04-29,623,0.2595,MEDIUM,synthetic-pd-v1.0
RISKA0000841,CUST0000988,,2025-12-17,778,0.0117,LOW,synthetic-pd-v1.0
RISKA0000842,CUST0000444,,2024-09-25,522,0.76,HIGH,synthetic-pd-v1.0
RISKA0000843,CUST0001016,,2022-04-21,687,0.0801,LOW,synthetic-pd-v1.0
RISKA0000844,CUST0001694,,2022-01-04,705,0.0554,LOW,synthetic-pd-v1.0
RISKA0000845,CUST0000321,,2022-03-31,718,0.0419,LOW,synthetic-pd-v1.0
RISKA0000846,CUST0000580,,2021-10-11,590,0.4184,HIGH,synthetic-pd-v1.0
RISKA0000847,CUST0001114,,2024-12-10,699,0.0626,LOW,synthetic-pd-v1.0
RISKA0000848,CUST0000240,,2023-06-15,683,0.086,LOW,synthetic-pd-v1.0
RISKA0000849,CUST0001973,,2024-08-04,708,0.0524,LOW,synthetic-pd-v1.0
RISKA0000850,CUST0000358,,2026-06-12,693,0.0703,LOW,synthetic-pd-v1.0
RISKA0000851,CUST0001855,,2022-12-06,683,0.0866,LOW,synthetic-pd-v1.0
RISKA0000852,CUST0000855,,2025-04-06,755,0.0195,LOW,synthetic-pd-v1.0
RISKA0000853,CUST0000394,,2026-07-01,720,0.0408,LOW,synthetic-pd-v1.0
RISKA0000854,CUST0000878,,2025-01-09,786,0.0098,LOW,synthetic-pd-v1.0
RISKA0000855,CUST0001770,,2025-10-31,742,0.0255,LOW,synthetic-pd-v1.0
RISKA0000856,CUST0001597,,2025-08-28,615,0.2937,MEDIUM,synthetic-pd-v1.0
RISKA0000857,CUST0000624,,2022-09-05,791,0.009,LOW,synthetic-pd-v1.0
RISKA0000858,CUST0001861,,2023-01-18,766,0.0152,LOW,synthetic-pd-v1.0
RISKA0000859,CUST0000673,,2026-04-17,648,0.1698,MEDIUM,synthetic-pd-v1.0
RISKA0000860,CUST0001776,,2022-07-14,725,0.0367,LOW,synthetic-pd-v1.0
RISKA0000861,CUST0000634,,2021-11-18,723,0.038,LOW,synthetic-pd-v1.0
RISKA0000862,CUST0001685,,2022-05-26,647,0.1713,MEDIUM,synthetic-pd-v1.0
RISKA0000863,CUST0001793,,2026-05-31,686,0.0813,LOW,synthetic-pd-v1.0
RISKA0000864,CUST0001064,,2021-11-03,709,0.0505,LOW,synthetic-pd-v1.0
RISKA0000865,CUST0001658,,2023-10-28,679,0.0935,LOW,synthetic-pd-v1.0
RISKA0000866,CUST0001130,,2021-10-20,692,0.0715,LOW,synthetic-pd-v1.0
RISKA0000867,CUST0000401,,2024-10-07,812,0.0057,LOW,synthetic-pd-v1.0
RISKA0000868,CUST0000980,,2026-04-15,563,0.5671,HIGH,synthetic-pd-v1.0
RISKA0000869,CUST0000545,,2026-08-19,637,0.2057,MEDIUM,synthetic-pd-v1.0
RISKA0000870,CUST0001925,,2026-01-27,672,0.1076,MEDIUM,synthetic-pd-v1.0
RISKA0000871,CUST0001586,,2025-03-29,717,0.0428,LOW,synthetic-pd-v1.0
RISKA0000872,CUST0000233,,2022-09-21,717,0.043,LOW,synthetic-pd-v1.0
RISKA0000873,CUST0001561,,2021-12-28,676,0.0986,MEDIUM,synthetic-pd-v1.0
RISKA0000874,CUST0001047,,2022-10-17,746,0.0233,LOW,synthetic-pd-v1.0
RISKA0000875,CUST0001466,,2021-10-26,681,0.0904,LOW,synthetic-pd-v1.0
RISKA0000876,CUST0000540,,2025-01-10,718,0.0425,LOW,synthetic-pd-v1.0
RISKA0000877,CUST0001087,,2024-05-15,641,0.1927,MEDIUM,synthetic-pd-v1.0
RISKA0000878,CUST0000938,,2024-11-14,557,0.5972,HIGH,synthetic-pd-v1.0
RISKA0000879,CUST0000945,,2025-09-11,678,0.0954,LOW,synthetic-pd-v1.0
RISKA0000880,CUST0000830,,2025-07-23,676,0.0993,LOW,synthetic-pd-v1.0
RISKA0000881,CUST0000114,,2024-09-21,756,0.0188,LOW,synthetic-pd-v1.0
RISKA0000882,CUST0000752,,2024-06-22,776,0.0124,LOW,synthetic-pd-v1.0
RISKA0000883,CUST0000590,,2023-06-17,717,0.0436,LOW,synthetic-pd-v1.0
RISKA0000884,CUST0000149,,2023-09-27,724,0.037,LOW,synthetic-pd-v1.0
RISKA0000885,CUST0000820,,2025-04-15,691,0.074,LOW,synthetic-pd-v1.0
RISKA0000886,CUST0000435,,2022-10-17,763,0.0163,LOW,synthetic-pd-v1.0
RISKA0000887,CUST0001079,,2023-08-29,728,0.0345,LOW,synthetic-pd-v1.0
RISKA0000888,CUST0001239,,2025-08-18,658,0.1406,MEDIUM,synthetic-pd-v1.0
RISKA0000889,CUST0001452,,2022-11-07,740,0.0263,LOW,synthetic-pd-v1.0
RISKA0000890,CUST0000941,,2025-02-13,767,0.0151,LOW,synthetic-pd-v1.0
RISKA0000891,CUST0000583,,2023-04-14,716,0.0437,LOW,synthetic-pd-v1.0
RISKA0000892,CUST0001919,,2022-07-05,661,0.1316,LOW,synthetic-pd-v1.0
RISKA0000893,CUST0000709,,2023-07-26,698,0.0635,LOW,synthetic-pd-v1.0
RISKA0000894,CUST0001758,,2024-10-25,748,0.0224,LOW,synthetic-pd-v1.0
RISKA0000895,CUST0001728,,2022-09-14,661,0.1339,MEDIUM,synthetic-pd-v1.0
RISKA0000896,CUST0000079,,2022-02-04,713,0.0472,LOW,synthetic-pd-v1.0
RISKA0000897,CUST0001700,,2023-01-12,590,0.4211,HIGH,synthetic-pd-v1.0
RISKA0000898,CUST0001443,,2025-01-29,696,0.0668,LOW,synthetic-pd-v1.0
RISKA0000899,CUST0001756,,2023-12-25,736,0.0288,LOW,synthetic-pd-v1.0
RISKA0000900,CUST0000981,,2022-06-18,652,0.1575,MEDIUM,synthetic-pd-v1.0
RISKA0000901,CUST0001560,,2024-02-11,749,0.022,LOW,synthetic-pd-v1.0
RISKA0000902,CUST0001888,,2025-04-29,708,0.0518,LOW,synthetic-pd-v1.0
RISKA0000903,CUST0001561,,2025-03-18,675,0.1006,LOW,synthetic-pd-v1.0
RISKA0000904,CUST0000939,,2022-03-14,747,0.0228,LOW,synthetic-pd-v1.0
RISKA0000905,CUST0000596,,2026-03-08,781,0.0111,LOW,synthetic-pd-v1.0
RISKA0000906,CUST0000848,,2024-02-01,696,0.0669,LOW,synthetic-pd-v1.0
RISKA0000907,CUST0001631,,2022-12-07,702,0.059,LOW,synthetic-pd-v1.0
RISKA0000908,CUST0001699,,2023-06-03,653,0.1529,MEDIUM,synthetic-pd-v1.0
RISKA0000909,CUST0001214,,2025-07-15,706,0.054,LOW,synthetic-pd-v1.0
RISKA0000910,CUST0001736,,2021-11-15,682,0.0886,MEDIUM,synthetic-pd-v1.0
RISKA0000911,CUST0001567,,2023-05-22,717,0.0434,LOW,synthetic-pd-v1.0
RISKA0000912,CUST0001020,,2025-01-27,656,0.147,MEDIUM,synthetic-pd-v1.0
RISKA0000913,CUST0000761,,2024-02-19,681,0.0905,LOW,synthetic-pd-v1.0
RISKA0000914,CUST0001695,,2023-06-24,748,0.0223,LOW,synthetic-pd-v1.0
RISKA0000915,CUST0001318,,2022-02-24,654,0.1528,MEDIUM,synthetic-pd-v1.0
RISKA0000916,CUST0001958,,2025-06-13,675,0.1021,MEDIUM,synthetic-pd-v1.0
RISKA0000917,CUST0001463,,2024-11-10,668,0.116,MEDIUM,synthetic-pd-v1.0
RISKA0000918,CUST0000133,,2022-03-12,789,0.0093,LOW,synthetic-pd-v1.0
RISKA0000919,CUST0001949,,2024-01-14,570,0.5257,HIGH,synthetic-pd-v1.0
RISKA0000920,CUST0000567,,2024-07-14,808,0.0061,LOW,synthetic-pd-v1.0
RISKA0000921,CUST0001700,,2024-07-29,557,0.5985,HIGH,synthetic-pd-v1.0
RISKA0000922,CUST0000402,,2024-11-06,785,0.0102,LOW,synthetic-pd-v1.0
RISKA0000923,CUST0001912,,2024-09-16,637,0.2071,MEDIUM,synthetic-pd-v1.0
RISKA0000924,CUST0001759,,2023-01-10,779,0.0115,LOW,synthetic-pd-v1.0
RISKA0000925,CUST0000657,,2024-08-06,709,0.0512,LOW,synthetic-pd-v1.0
RISKA0000926,CUST0001083,,2022-10-17,675,0.1005,MEDIUM,synthetic-pd-v1.0
RISKA0000927,CUST0000839,,2023-08-06,662,0.1292,MEDIUM,synthetic-pd-v1.0
RISKA0000928,CUST0001936,,2024-09-19,621,0.267,MEDIUM,synthetic-pd-v1.0
RISKA0000929,CUST0000969,,2022-01-22,636,0.2106,MEDIUM,synthetic-pd-v1.0
RISKA0000930,CUST0001854,,2023-03-29,620,0.2728,MEDIUM,synthetic-pd-v1.0
RISKA0000931,CUST0000837,,2023-02-06,681,0.0901,LOW,synthetic-pd-v1.0
RISKA0000932,CUST0000778,,2026-08-21,721,0.0398,LOW,synthetic-pd-v1.0
RISKA0000933,CUST0000559,,2026-02-26,631,0.2278,MEDIUM,synthetic-pd-v1.0
RISKA0000934,CUST0001180,,2026-02-02,687,0.0796,LOW,synthetic-pd-v1.0
RISKA0000935,CUST0001866,,2021-12-01,745,0.024,LOW,synthetic-pd-v1.0
RISKA0000936,CUST0000161,,2024-05-10,567,0.544,HIGH,synthetic-pd-v1.0
RISKA0000937,CUST0001326,,2022-03-26,678,0.0963,MEDIUM,synthetic-pd-v1.0
RISKA0000938,CUST0001392,,2022-10-06,813,0.0055,LOW,synthetic-pd-v1.0
RISKA0000939,CUST0001614,,2021-11-09,633,0.2216,MEDIUM,synthetic-pd-v1.0
RISKA0000940,CUST0000409,,2023-09-06,651,0.1595,MEDIUM,synthetic-pd-v1.0
RISKA0000941,CUST0001278,,2022-10-27,582,0.4636,HIGH,synthetic-pd-v1.0
RISKA0000942,CUST0001282,,2022-05-19,689,0.0764,LOW,synthetic-pd-v1.0
RISKA0000943,CUST0001671,,2025-11-24,732,0.0313,LOW,synthetic-pd-v1.0
RISKA0000944,CUST0000564,,2023-06-26,673,0.1052,LOW,synthetic-pd-v1.0
RISKA0000945,CUST0000851,,2024-05-21,599,0.3696,HIGH,synthetic-pd-v1.0
RISKA0000946,CUST0001980,,2024-03-15,719,0.0414,LOW,synthetic-pd-v1.0
RISKA0000947,CUST0001110,,2022-09-08,714,0.0456,LOW,synthetic-pd-v1.0
RISKA0000948,CUST0001094,,2026-05-28,674,0.1035,MEDIUM,synthetic-pd-v1.0
RISKA0000949,CUST0001620,,2025-01-01,763,0.0164,LOW,synthetic-pd-v1.0
RISKA0000950,CUST0000960,,2025-08-01,702,0.0585,LOW,synthetic-pd-v1.0
RISKA0000951,CUST0001283,,2022-03-17,702,0.0589,LOW,synthetic-pd-v1.0
RISKA0000952,CUST0000090,,2022-11-10,723,0.0381,LOW,synthetic-pd-v1.0
RISKA0000953,CUST0001981,,2025-10-24,547,0.646,HIGH,synthetic-pd-v1.0
RISKA0000954,CUST0000515,,2025-04-19,706,0.0542,LOW,synthetic-pd-v1.0
RISKA0000955,CUST0001631,,2022-08-04,713,0.047,LOW,synthetic-pd-v1.0
RISKA0000956,CUST0000960,,2025-10-20,703,0.0573,LOW,synthetic-pd-v1.0
RISKA0000957,CUST0000749,,2025-03-16,628,0.2407,MEDIUM,synthetic-pd-v1.0
RISKA0000958,CUST0001523,,2026-05-07,592,0.4076,HIGH,synthetic-pd-v1.0
RISKA0000959,CUST0000511,,2024-03-20,704,0.0565,LOW,synthetic-pd-v1.0
RISKA0000960,CUST0000414,,2023-08-02,687,0.0801,LOW,synthetic-pd-v1.0
RISKA0000961,CUST0000343,,2021-10-17,639,0.1988,MEDIUM,synthetic-pd-v1.0
RISKA0000962,CUST0001921,,2025-06-10,713,0.0468,LOW,synthetic-pd-v1.0
RISKA0000963,CUST0000328,,2026-01-14,679,0.0933,LOW,synthetic-pd-v1.0
RISKA0000964,CUST0000767,,2025-10-09,704,0.0564,LOW,synthetic-pd-v1.0
RISKA0000965,CUST0000373,,2024-08-20,743,0.0251,LOW,synthetic-pd-v1.0
RISKA0000966,CUST0001692,,2023-06-06,699,0.0624,LOW,synthetic-pd-v1.0
RISKA0000967,CUST0000158,,2024-03-21,704,0.0561,LOW,synthetic-pd-v1.0
RISKA0000968,CUST0000980,,2022-07-15,579,0.4778,HIGH,synthetic-pd-v1.0
RISKA0000969,CUST0001752,,2022-01-31,685,0.0826,LOW,synthetic-pd-v1.0
RISKA0000970,CUST0001133,,2023-01-31,666,0.12,MEDIUM,synthetic-pd-v1.0
RISKA0000971,CUST0001127,,2022-04-20,748,0.0222,LOW,synthetic-pd-v1.0
RISKA0000972,CUST0000385,,2026-07-30,518,0.7769,HIGH,synthetic-pd-v1.0
RISKA0000973,CUST0001835,,2022-02-03,488,0.8704,HIGH,synthetic-pd-v1.0
RISKA0000974,CUST0000798,,2022-07-16,634,0.2159,MEDIUM,synthetic-pd-v1.0
RISKA0000975,CUST0001684,,2026-02-04,628,0.2387,MEDIUM,synthetic-pd-v1.0
RISKA0000976,CUST0001433,,2022-01-02,625,0.2499,MEDIUM,synthetic-pd-v1.0
RISKA0000977,CUST0001665,,2023-07-03,634,0.2171,MEDIUM,synthetic-pd-v1.0
RISKA0000978,CUST0001870,,2024-11-21,659,0.1387,MEDIUM,synthetic-pd-v1.0
RISKA0000979,CUST0000945,,2024-04-11,706,0.0542,LOW,synthetic-pd-v1.0
RISKA0000980,CUST0001559,,2024-02-12,605,0.3435,HIGH,synthetic-pd-v1.0
RISKA0000981,CUST0000336,,2024-06-08,793,0.0085,LOW,synthetic-pd-v1.0
RISKA0000982,CUST0000303,,2025-01-07,660,0.1348,MEDIUM,synthetic-pd-v1.0
RISKA0000983,CUST0001747,,2023-08-20,557,0.5989,HIGH,synthetic-pd-v1.0
RISKA0000984,CUST0001314,,2024-06-08,640,0.1941,MEDIUM,synthetic-pd-v1.0
RISKA0000985,CUST0000199,,2025-07-06,679,0.0931,MEDIUM,synthetic-pd-v1.0
RISKA0000986,CUST0000814,,2026-02-27,599,0.3729,HIGH,synthetic-pd-v1.0
RISKA0000987,CUST0000724,,2023-10-18,757,0.0184,LOW,synthetic-pd-v1.0
RISKA0000988,CUST0001907,,2022-09-19,692,0.0719,LOW,synthetic-pd-v1.0
RISKA0000989,CUST0000597,,2024-05-12,745,0.0239,LOW,synthetic-pd-v1.0
RISKA0000990,CUST0001977,,2024-12-21,697,0.0652,LOW,synthetic-pd-v1.0
RISKA0000991,CUST0000445,,2025-07-09,719,0.0417,LOW,synthetic-pd-v1.0
RISKA0000992,CUST0001451,,2021-09-29,582,0.4619,HIGH,synthetic-pd-v1.0
RISKA0000993,CUST0001155,,2023-02-11,600,0.3693,HIGH,synthetic-pd-v1.0
RISKA0000994,CUST0000174,,2025-09-11,625,0.2508,MEDIUM,synthetic-pd-v1.0
RISKA0000995,CUST0000398,,2024-02-12,632,0.2257,MEDIUM,synthetic-pd-v1.0
RISKA0000996,CUST0001615,,2024-04-30,716,0.0439,LOW,synthetic-pd-v1.0
RISKA0000997,CUST0000273,,2022-11-20,729,0.0336,LOW,synthetic-pd-v1.0
RISKA0000998,CUST0000220,,2025-05-11,699,0.0627,LOW,synthetic-pd-v1.0
RISKA0000999,CUST0000494,,2023-05-31,734,0.03,LOW,synthetic-pd-v1.0
RISKA0001000,CUST0000784,,2025-01-05,735,0.0294,LOW,synthetic-pd-v1.0
RISKA0001001,CUST0000542,,2026-05-26,764,0.0159,LOW,synthetic-pd-v1.0
RISKA0001002,CUST0000274,,2025-05-17,512,0.7967,HIGH,synthetic-pd-v1.0
RISKA0001003,CUST0000825,,2024-11-07,716,0.0439,LOW,synthetic-pd-v1.0
RISKA0001004,CUST0000278,,2023-12-04,701,0.0602,LOW,synthetic-pd-v1.0
RISKA0001005,CUST0000190,,2021-10-28,643,0.1859,MEDIUM,synthetic-pd-v1.0
RISKA0001006,CUST0000070,,2024-11-22,695,0.0675,LOW,synthetic-pd-v1.0
RISKA0001007,CUST0001731,,2022-02-23,698,0.0636,LOW,synthetic-pd-v1.0
RISKA0001008,CUST0000316,,2021-11-29,689,0.0762,LOW,synthetic-pd-v1.0
RISKA0001009,CUST0000232,,2023-08-04,701,0.06,LOW,synthetic-pd-v1.0
RISKA0001010,CUST0001206,,2023-08-05,560,0.5798,HIGH,synthetic-pd-v1.0
RISKA0001011,CUST0001559,,2022-08-09,620,0.2743,HIGH,synthetic-pd-v1.0
RISKA0001012,CUST0001032,,2026-02-21,626,0.2455,MEDIUM,synthetic-pd-v1.0
RISKA0001013,CUST0000262,,2023-10-29,802,0.007,LOW,synthetic-pd-v1.0
RISKA0001014,CUST0000730,,2022-09-19,515,0.7877,HIGH,synthetic-pd-v1.0
RISKA0001015,CUST0000198,,2022-02-13,772,0.0135,LOW,synthetic-pd-v1.0
RISKA0001016,CUST0001678,,2025-11-18,779,0.0115,LOW,synthetic-pd-v1.0
RISKA0001017,CUST0001212,,2025-11-17,699,0.0629,LOW,synthetic-pd-v1.0
RISKA0001018,CUST0000996,,2022-04-13,623,0.2595,MEDIUM,synthetic-pd-v1.0
RISKA0001019,CUST0001233,,2026-01-20,763,0.0163,LOW,synthetic-pd-v1.0
RISKA0001020,CUST0001320,,2022-05-11,797,0.0079,LOW,synthetic-pd-v1.0
RISKA0001021,CUST0001214,,2024-04-25,695,0.0686,LOW,synthetic-pd-v1.0
RISKA0001022,CUST0000185,,2023-07-26,551,0.6271,HIGH,synthetic-pd-v1.0
RISKA0001023,CUST0000156,,2022-07-29,699,0.0627,LOW,synthetic-pd-v1.0
RISKA0001024,CUST0001020,,2025-01-18,617,0.2855,HIGH,synthetic-pd-v1.0
RISKA0001025,CUST0000251,,2022-06-17,711,0.0491,LOW,synthetic-pd-v1.0
RISKA0001026,CUST0001017,,2022-08-12,703,0.0581,LOW,synthetic-pd-v1.0
RISKA0001027,CUST0001849,,2024-05-20,693,0.0705,LOW,synthetic-pd-v1.0
RISKA0001028,CUST0000764,,2024-04-25,639,0.1988,MEDIUM,synthetic-pd-v1.0
RISKA0001029,CUST0000263,,2026-07-21,728,0.0339,LOW,synthetic-pd-v1.0
RISKA0001030,CUST0001734,,2021-11-16,680,0.092,LOW,synthetic-pd-v1.0
RISKA0001031,CUST0000836,,2021-12-26,719,0.0413,LOW,synthetic-pd-v1.0
RISKA0001032,CUST0001695,,2025-12-12,771,0.0137,LOW,synthetic-pd-v1.0
RISKA0001033,CUST0001735,,2023-11-09,635,0.2131,MEDIUM,synthetic-pd-v1.0
RISKA0001034,CUST0001293,,2025-03-31,733,0.0309,LOW,synthetic-pd-v1.0
RISKA0001035,CUST0000711,,2022-11-17,719,0.0411,LOW,synthetic-pd-v1.0
RISKA0001036,CUST0000479,,2026-07-03,592,0.4091,HIGH,synthetic-pd-v1.0
RISKA0001037,CUST0001495,,2023-10-31,750,0.0213,LOW,synthetic-pd-v1.0
RISKA0001038,CUST0000256,,2022-06-14,600,0.3683,HIGH,synthetic-pd-v1.0
RISKA0001039,CUST0001322,,2021-12-20,576,0.4948,HIGH,synthetic-pd-v1.0
RISKA0001040,CUST0001371,,2025-02-22,646,0.1742,MEDIUM,synthetic-pd-v1.0
RISKA0001041,CUST0000510,,2022-12-14,724,0.0374,LOW,synthetic-pd-v1.0
RISKA0001042,CUST0000458,,2026-03-08,751,0.0209,LOW,synthetic-pd-v1.0
RISKA0001043,CUST0001193,,2024-10-12,731,0.0322,LOW,synthetic-pd-v1.0
RISKA0001044,CUST0001694,,2022-06-17,681,0.0895,MEDIUM,synthetic-pd-v1.0
RISKA0001045,CUST0000095,,2023-01-30,732,0.0313,LOW,synthetic-pd-v1.0
RISKA0001046,CUST0001841,,2024-08-24,717,0.0429,LOW,synthetic-pd-v1.0
RISKA0001047,CUST0000197,,2025-10-20,700,0.0615,LOW,synthetic-pd-v1.0
RISKA0001048,CUST0001099,,2023-03-16,727,0.035,LOW,synthetic-pd-v1.0
RISKA0001049,CUST0001897,,2022-08-25,699,0.0631,LOW,synthetic-pd-v1.0
RISKA0001050,CUST0000675,,2024-02-19,748,0.0223,LOW,synthetic-pd-v1.0
RISKA0001051,CUST0001508,,2026-02-09,672,0.1074,MEDIUM,synthetic-pd-v1.0
RISKA0001052,CUST0001462,,2026-04-21,691,0.0734,LOW,synthetic-pd-v1.0
RISKA0001053,CUST0001045,,2023-01-03,727,0.0352,LOW,synthetic-pd-v1.0
RISKA0001054,CUST0000143,,2025-03-24,769,0.0145,LOW,synthetic-pd-v1.0
RISKA0001055,CUST0001122,,2023-09-20,719,0.0415,LOW,synthetic-pd-v1.0
RISKA0001056,CUST0000823,,2024-08-14,448,0.9409,HIGH,synthetic-pd-v1.0
RISKA0001057,CUST0000923,,2024-09-28,789,0.0092,LOW,synthetic-pd-v1.0
RISKA0001058,CUST0001571,,2021-12-10,673,0.1057,MEDIUM,synthetic-pd-v1.0
RISKA0001059,CUST0001097,,2026-01-05,648,0.1702,MEDIUM,synthetic-pd-v1.0
RISKA0001060,CUST0000740,,2024-06-11,685,0.0828,LOW,synthetic-pd-v1.0
RISKA0001061,CUST0001261,,2025-02-11,660,0.135,MEDIUM,synthetic-pd-v1.0
RISKA0001062,CUST0001132,,2023-01-05,696,0.0666,LOW,synthetic-pd-v1.0
RISKA0001063,CUST0001760,,2025-05-04,714,0.0457,LOW,synthetic-pd-v1.0
RISKA0001064,CUST0001215,,2023-12-19,671,0.11,MEDIUM,synthetic-pd-v1.0
RISKA0001065,CUST0001969,,2022-04-28,764,0.0158,LOW,synthetic-pd-v1.0
RISKA0001066,CUST0000805,,2024-04-28,595,0.3911,HIGH,synthetic-pd-v1.0
RISKA0001067,CUST0001772,,2025-07-28,736,0.029,LOW,synthetic-pd-v1.0
RISKA0001068,CUST0000048,,2023-11-12,721,0.0397,LOW,synthetic-pd-v1.0
RISKA0001069,CUST0001665,,2022-05-08,659,0.1368,MEDIUM,synthetic-pd-v1.0
RISKA0001070,CUST0000916,,2025-05-11,648,0.1703,MEDIUM,synthetic-pd-v1.0
RISKA0001071,CUST0001624,,2025-11-15,632,0.225,MEDIUM,synthetic-pd-v1.0
RISKA0001072,CUST0001534,,2023-04-25,639,0.1992,MEDIUM,synthetic-pd-v1.0
RISKA0001073,CUST0001307,,2026-01-14,792,0.0087,LOW,synthetic-pd-v1.0
RISKA0001074,CUST0001784,,2022-04-17,662,0.1304,MEDIUM,synthetic-pd-v1.0
RISKA0001075,CUST0000865,,2025-01-02,723,0.0382,LOW,synthetic-pd-v1.0
RISKA0001076,CUST0001685,,2021-09-14,627,0.2448,MEDIUM,synthetic-pd-v1.0
RISKA0001077,CUST0000070,,2022-08-19,698,0.0635,LOW,synthetic-pd-v1.0
RISKA0001078,CUST0001685,,2022-08-02,604,0.3473,HIGH,synthetic-pd-v1.0
RISKA0001079,CUST0000301,,2023-01-03,667,0.1181,MEDIUM,synthetic-pd-v1.0
RISKA0001080,CUST0001804,,2023-04-03,580,0.4706,HIGH,synthetic-pd-v1.0
RISKA0001081,CUST0000643,,2025-11-10,654,0.1518,MEDIUM,synthetic-pd-v1.0
RISKA0001082,CUST0001924,,2025-11-20,713,0.0469,LOW,synthetic-pd-v1.0
RISKA0001083,CUST0000916,,2023-06-18,646,0.1749,MEDIUM,synthetic-pd-v1.0
RISKA0001084,CUST0000678,,2022-08-06,810,0.0059,LOW,synthetic-pd-v1.0
RISKA0001085,CUST0000754,,2025-12-11,703,0.0579,LOW,synthetic-pd-v1.0
RISKA0001086,CUST0000580,,2026-03-12,565,0.5539,HIGH,synthetic-pd-v1.0
RISKA0001087,CUST0000051,,2022-05-14,743,0.0248,LOW,synthetic-pd-v1.0
RISKA0001088,CUST0000622,,2023-06-04,579,0.4762,HIGH,synthetic-pd-v1.0
RISKA0001089,CUST0001369,,2026-05-28,752,0.0205,LOW,synthetic-pd-v1.0
RISKA0001090,CUST0001475,,2022-10-04,719,0.0415,LOW,synthetic-pd-v1.0
RISKA0001091,CUST0000111,,2023-05-02,725,0.0364,LOW,synthetic-pd-v1.0
RISKA0001092,CUST0001893,,2024-06-12,687,0.0795,LOW,synthetic-pd-v1.0
RISKA0001093,CUST0001137,,2022-11-30,673,0.1061,LOW,synthetic-pd-v1.0
RISKA0001094,CUST0001153,,2022-03-01,717,0.0434,LOW,synthetic-pd-v1.0
RISKA0001095,CUST0001066,,2023-05-16,594,0.3993,HIGH,synthetic-pd-v1.0
RISKA0001096,CUST0001043,,2023-08-16,594,0.3979,HIGH,synthetic-pd-v1.0
RISKA0001097,CUST0000226,,2026-01-04,687,0.0792,MEDIUM,synthetic-pd-v1.0
RISKA0001098,CUST0001940,,2022-07-08,724,0.0375,LOW,synthetic-pd-v1.0
RISKA0001099,CUST0000603,,2026-05-06,678,0.0964,MEDIUM,synthetic-pd-v1.0
RISKA0001100,CUST0000306,,2023-06-11,578,0.4826,HIGH,synthetic-pd-v1.0
RISKA0001101,CUST0000529,,2023-04-14,757,0.0186,LOW,synthetic-pd-v1.0
RISKA0001102,CUST0000205,,2024-12-18,615,0.2966,HIGH,synthetic-pd-v1.0
RISKA0001103,CUST0001686,,2022-10-18,681,0.0906,MEDIUM,synthetic-pd-v1.0
RISKA0001104,CUST0001238,,2025-05-11,599,0.3729,HIGH,synthetic-pd-v1.0
RISKA0001105,CUST0000436,,2025-07-27,565,0.5537,HIGH,synthetic-pd-v1.0
RISKA0001106,CUST0001647,,2023-08-23,751,0.0211,LOW,synthetic-pd-v1.0
RISKA0001107,CUST0001057,,2021-10-30,523,0.7549,HIGH,synthetic-pd-v1.0
RISKA0001108,CUST0000419,,2026-05-03,669,0.1148,MEDIUM,synthetic-pd-v1.0
RISKA0001109,CUST0001838,,2025-04-27,573,0.5131,HIGH,synthetic-pd-v1.0
RISKA0001110,CUST0000531,,2022-03-03,692,0.072,LOW,synthetic-pd-v1.0
RISKA0001111,CUST0001293,,2026-05-06,685,0.0833,LOW,synthetic-pd-v1.0
RISKA0001112,CUST0001692,,2026-06-08,734,0.0304,LOW,synthetic-pd-v1.0
RISKA0001113,CUST0001138,,2024-06-18,636,0.2089,MEDIUM,synthetic-pd-v1.0
RISKA0001114,CUST0000271,,2024-07-17,657,0.1429,MEDIUM,synthetic-pd-v1.0
RISKA0001115,CUST0000242,,2023-11-25,704,0.0567,LOW,synthetic-pd-v1.0
RISKA0001116,CUST0001533,,2024-10-08,738,0.0276,LOW,synthetic-pd-v1.0
RISKA0001117,CUST0000519,,2022-03-25,691,0.0741,LOW,synthetic-pd-v1.0
RISKA0001118,CUST0000961,,2025-07-17,802,0.007,LOW,synthetic-pd-v1.0
RISKA0001119,CUST0000531,,2021-08-30,684,0.0844,LOW,synthetic-pd-v1.0
RISKA0001120,CUST0000851,,2026-07-31,617,0.2871,MEDIUM,synthetic-pd-v1.0
RISKA0001121,CUST0000279,,2024-01-20,698,0.0646,LOW,synthetic-pd-v1.0
RISKA0001122,CUST0001624,,2026-03-23,647,0.1709,MEDIUM,synthetic-pd-v1.0
RISKA0001123,CUST0001994,,2022-04-26,741,0.0262,LOW,synthetic-pd-v1.0
RISKA0001124,CUST0000934,,2025-10-24,722,0.0387,LOW,synthetic-pd-v1.0
RISKA0001125,CUST0000519,,2024-03-28,694,0.069,LOW,synthetic-pd-v1.0
RISKA0001126,CUST0000818,,2022-04-01,579,0.4763,HIGH,synthetic-pd-v1.0
RISKA0001127,CUST0000980,,2025-09-19,612,0.3098,MEDIUM,synthetic-pd-v1.0
RISKA0001128,CUST0000726,,2026-06-04,657,0.142,MEDIUM,synthetic-pd-v1.0
RISKA0001129,CUST0001078,,2024-09-17,675,0.1013,MEDIUM,synthetic-pd-v1.0
RISKA0001130,CUST0000733,,2023-09-15,746,0.0232,LOW,synthetic-pd-v1.0
RISKA0001131,CUST0000795,,2022-03-29,667,0.119,LOW,synthetic-pd-v1.0
RISKA0001132,CUST0000904,,2025-05-15,747,0.0227,LOW,synthetic-pd-v1.0
RISKA0001133,CUST0000707,,2025-10-09,619,0.2764,MEDIUM,synthetic-pd-v1.0
RISKA0001134,CUST0001318,,2025-07-24,704,0.0564,LOW,synthetic-pd-v1.0
RISKA0001135,CUST0001197,,2025-09-22,669,0.1139,MEDIUM,synthetic-pd-v1.0
RISKA0001136,CUST0000823,,2022-12-13,448,0.9411,HIGH,synthetic-pd-v1.0
RISKA0001137,CUST0001035,,2025-04-13,740,0.0268,LOW,synthetic-pd-v1.0
RISKA0001138,CUST0001144,,2022-10-15,709,0.0512,LOW,synthetic-pd-v1.0
RISKA0001139,CUST0000728,,2025-08-14,781,0.0111,LOW,synthetic-pd-v1.0
RISKA0001140,CUST0001732,,2022-03-19,688,0.0789,MEDIUM,synthetic-pd-v1.0
RISKA0001141,CUST0000717,,2023-06-07,634,0.2154,MEDIUM,synthetic-pd-v1.0
RISKA0001142,CUST0001152,,2025-10-11,766,0.0152,LOW,synthetic-pd-v1.0
RISKA0001143,CUST0000879,,2021-11-29,632,0.2255,MEDIUM,synthetic-pd-v1.0
RISKA0001144,CUST0001602,,2025-08-01,705,0.0559,LOW,synthetic-pd-v1.0
RISKA0001145,CUST0001331,,2022-09-04,630,0.2298,MEDIUM,synthetic-pd-v1.0
RISKA0001146,CUST0000958,,2024-10-08,807,0.0063,LOW,synthetic-pd-v1.0
RISKA0001147,CUST0001827,,2025-11-30,642,0.1889,MEDIUM,synthetic-pd-v1.0
RISKA0001148,CUST0000959,,2021-09-06,527,0.7385,HIGH,synthetic-pd-v1.0
RISKA0001149,CUST0000596,,2023-02-23,751,0.0209,LOW,synthetic-pd-v1.0
RISKA0001150,CUST0000086,,2023-06-13,713,0.0467,LOW,synthetic-pd-v1.0
RISKA0001151,CUST0000650,,2023-08-13,712,0.0476,LOW,synthetic-pd-v1.0
RISKA0001152,CUST0000395,,2025-05-02,717,0.0432,LOW,synthetic-pd-v1.0
RISKA0001153,CUST0001050,,2021-12-13,730,0.0328,LOW,synthetic-pd-v1.0
RISKA0001154,CUST0000375,,2024-07-13,692,0.0716,LOW,synthetic-pd-v1.0
RISKA0001155,CUST0000086,,2021-11-23,686,0.0808,LOW,synthetic-pd-v1.0
RISKA0001156,CUST0000042,,2022-12-29,689,0.0766,LOW,synthetic-pd-v1.0
RISKA0001157,CUST0000602,,2022-10-22,749,0.0222,LOW,synthetic-pd-v1.0
RISKA0001158,CUST0000677,,2026-08-01,644,0.1805,MEDIUM,synthetic-pd-v1.0
RISKA0001159,CUST0000067,,2024-11-11,720,0.0405,LOW,synthetic-pd-v1.0
RISKA0001160,CUST0001744,,2023-01-29,602,0.3589,HIGH,synthetic-pd-v1.0
RISKA0001161,CUST0001870,,2022-10-19,667,0.1174,LOW,synthetic-pd-v1.0
RISKA0001162,CUST0001092,,2024-12-15,694,0.0687,LOW,synthetic-pd-v1.0
RISKA0001163,CUST0001844,,2024-03-06,694,0.0701,LOW,synthetic-pd-v1.0
RISKA0001164,CUST0000814,,2023-09-17,602,0.3557,HIGH,synthetic-pd-v1.0
RISKA0001165,CUST0001703,,2022-10-10,629,0.236,MEDIUM,synthetic-pd-v1.0
RISKA0001166,CUST0001062,,2023-02-14,600,0.3673,HIGH,synthetic-pd-v1.0
RISKA0001167,CUST0000617,,2021-12-12,610,0.3199,HIGH,synthetic-pd-v1.0
RISKA0001168,CUST0001204,,2025-03-26,556,0.6002,HIGH,synthetic-pd-v1.0
RISKA0001169,CUST0000520,,2024-05-02,664,0.1261,MEDIUM,synthetic-pd-v1.0
RISKA0001170,CUST0000745,,2025-03-11,672,0.1075,MEDIUM,synthetic-pd-v1.0
RISKA0001171,CUST0001784,,2025-09-13,642,0.1891,MEDIUM,synthetic-pd-v1.0
RISKA0001172,CUST0000731,,2025-10-06,801,0.0072,LOW,synthetic-pd-v1.0
RISKA0001173,CUST0001546,,2023-12-21,786,0.0099,LOW,synthetic-pd-v1.0
RISKA0001174,CUST0001172,,2024-06-13,649,0.1662,MEDIUM,synthetic-pd-v1.0
RISKA0001175,CUST0001745,,2025-08-07,756,0.019,LOW,synthetic-pd-v1.0
RISKA0001176,CUST0000877,,2026-03-03,672,0.1083,LOW,synthetic-pd-v1.0
RISKA0001177,CUST0001274,,2024-12-11,674,0.1043,MEDIUM,synthetic-pd-v1.0
RISKA0001178,CUST0001135,,2022-07-22,724,0.0371,LOW,synthetic-pd-v1.0
RISKA0001179,CUST0000104,,2023-12-12,621,0.2688,HIGH,synthetic-pd-v1.0
RISKA0001180,CUST0001635,,2022-05-04,652,0.156,MEDIUM,synthetic-pd-v1.0
RISKA0001181,CUST0001180,,2026-01-06,682,0.0874,LOW,synthetic-pd-v1.0
RISKA0001182,CUST0001581,,2024-11-25,698,0.0634,LOW,synthetic-pd-v1.0
RISKA0001183,CUST0001761,,2023-07-25,678,0.0963,LOW,synthetic-pd-v1.0
RISKA0001184,CUST0000987,,2021-12-28,785,0.01,LOW,synthetic-pd-v1.0
RISKA0001185,CUST0001965,,2021-10-27,691,0.0733,LOW,synthetic-pd-v1.0
RISKA0001186,CUST0000343,,2026-06-25,615,0.2967,HIGH,synthetic-pd-v1.0
RISKA0001187,CUST0001743,,2025-07-30,675,0.1013,MEDIUM,synthetic-pd-v1.0
RISKA0001188,CUST0000307,,2022-12-03,750,0.0216,LOW,synthetic-pd-v1.0
RISKA0001189,CUST0000074,,2025-07-13,649,0.1657,MEDIUM,synthetic-pd-v1.0
RISKA0001190,CUST0001983,,2025-03-18,604,0.3464,HIGH,synthetic-pd-v1.0
RISKA0001191,CUST0000919,,2023-12-20,696,0.0661,MEDIUM,synthetic-pd-v1.0
RISKA0001192,CUST0000707,,2024-07-27,634,0.2165,MEDIUM,synthetic-pd-v1.0
RISKA0001193,CUST0001259,,2021-11-24,688,0.0783,LOW,synthetic-pd-v1.0
RISKA0001194,CUST0001655,,2022-06-27,683,0.0872,LOW,synthetic-pd-v1.0
RISKA0001195,CUST0000923,,2021-09-20,834,0.0035,LOW,synthetic-pd-v1.0
RISKA0001196,CUST0000046,,2026-03-21,615,0.2946,MEDIUM,synthetic-pd-v1.0
RISKA0001197,CUST0001942,,2022-07-17,629,0.236,MEDIUM,synthetic-pd-v1.0
RISKA0001198,CUST0000427,,2024-04-05,693,0.0709,LOW,synthetic-pd-v1.0
RISKA0001199,CUST0001419,,2024-06-29,673,0.1062,MEDIUM,synthetic-pd-v1.0
RISKA0001200,CUST0000969,,2024-12-18,610,0.3183,MEDIUM,synthetic-pd-v1.0
RISKA0001201,CUST0000713,,2022-05-28,777,0.0121,LOW,synthetic-pd-v1.0
RISKA0001202,CUST0000083,,2023-08-21,710,0.0501,LOW,synthetic-pd-v1.0
RISKA0001203,CUST0000878,,2022-10-16,786,0.01,LOW,synthetic-pd-v1.0
RISKA0001204,CUST0000412,,2026-05-26,696,0.0669,MEDIUM,synthetic-pd-v1.0
RISKA0001205,CUST0000445,,2026-08-24,774,0.0127,LOW,synthetic-pd-v1.0
RISKA0001206,CUST0000242,,2025-02-10,707,0.0531,LOW,synthetic-pd-v1.0
RISKA0001207,CUST0001599,,2025-05-20,542,0.6737,HIGH,synthetic-pd-v1.0
RISKA0001208,CUST0000602,,2025-04-20,730,0.0327,LOW,synthetic-pd-v1.0
RISKA0001209,CUST0000986,,2023-05-06,702,0.0587,LOW,synthetic-pd-v1.0
RISKA0001210,CUST0001364,,2023-12-29,668,0.1169,MEDIUM,synthetic-pd-v1.0
RISKA0001211,CUST0000513,,2023-05-26,679,0.0941,MEDIUM,synthetic-pd-v1.0
RISKA0001212,CUST0001647,,2024-01-15,768,0.0147,LOW,synthetic-pd-v1.0
RISKA0001213,CUST0000296,,2025-10-27,819,0.0048,LOW,synthetic-pd-v1.0
RISKA0001214,CUST0001881,,2024-03-28,591,0.4153,HIGH,synthetic-pd-v1.0
RISKA0001215,CUST0001535,,2024-09-03,682,0.0889,LOW,synthetic-pd-v1.0
RISKA0001216,CUST0000156,,2022-06-28,699,0.0632,LOW,synthetic-pd-v1.0
RISKA0001217,CUST0000973,,2022-04-01,573,0.5094,HIGH,synthetic-pd-v1.0
RISKA0001218,CUST0000298,,2025-04-26,571,0.5213,HIGH,synthetic-pd-v1.0
RISKA0001219,CUST0001491,,2023-02-11,739,0.0272,LOW,synthetic-pd-v1.0
RISKA0001220,CUST0001720,,2024-05-15,643,0.1839,MEDIUM,synthetic-pd-v1.0
RISKA0001221,CUST0000874,,2024-01-08,705,0.0556,LOW,synthetic-pd-v1.0
RISKA0001222,CUST0000494,,2023-05-24,765,0.0155,LOW,synthetic-pd-v1.0
RISKA0001223,CUST0000462,,2025-06-12,699,0.0624,LOW,synthetic-pd-v1.0
RISKA0001224,CUST0000906,,2023-07-13,762,0.0166,LOW,synthetic-pd-v1.0
RISKA0001225,CUST0001728,,2024-05-04,704,0.0568,LOW,synthetic-pd-v1.0
RISKA0001226,CUST0000198,,2023-02-06,775,0.0125,LOW,synthetic-pd-v1.0
RISKA0001227,CUST0001523,,2024-08-27,621,0.2669,MEDIUM,synthetic-pd-v1.0
RISKA0001228,CUST0001041,,2025-01-20,672,0.1076,MEDIUM,synthetic-pd-v1.0
RISKA0001229,CUST0001692,,2024-05-04,706,0.054,LOW,synthetic-pd-v1.0
RISKA0001230,CUST0000379,,2024-07-20,731,0.032,LOW,synthetic-pd-v1.0
RISKA0001231,CUST0000483,,2024-02-24,652,0.1557,MEDIUM,synthetic-pd-v1.0
RISKA0001232,CUST0001386,,2024-01-16,652,0.1577,MEDIUM,synthetic-pd-v1.0
RISKA0001233,CUST0001410,,2023-06-17,755,0.0194,LOW,synthetic-pd-v1.0
RISKA0001234,CUST0000355,,2025-12-23,722,0.039,LOW,synthetic-pd-v1.0
RISKA0001235,CUST0001881,,2026-06-29,638,0.2035,MEDIUM,synthetic-pd-v1.0
RISKA0001236,CUST0001577,,2024-12-11,698,0.0634,LOW,synthetic-pd-v1.0
RISKA0001237,CUST0000632,,2022-03-28,708,0.0523,LOW,synthetic-pd-v1.0
RISKA0001238,CUST0001772,,2021-11-13,732,0.0318,LOW,synthetic-pd-v1.0
RISKA0001239,CUST0000865,,2022-07-05,672,0.1066,MEDIUM,synthetic-pd-v1.0
RISKA0001240,CUST0000924,,2021-11-23,752,0.0204,LOW,synthetic-pd-v1.0
RISKA0001241,CUST0001796,,2022-02-17,642,0.1876,MEDIUM,synthetic-pd-v1.0
RISKA0001242,CUST0000550,,2025-09-06,718,0.0424,LOW,synthetic-pd-v1.0
RISKA0001243,CUST0001314,,2024-08-11,642,0.1876,MEDIUM,synthetic-pd-v1.0
RISKA0001244,CUST0000751,,2023-06-24,716,0.0438,LOW,synthetic-pd-v1.0
RISKA0001245,CUST0000484,,2024-06-24,505,0.8221,HIGH,synthetic-pd-v1.0
RISKA0001246,CUST0000569,,2024-09-08,690,0.0749,LOW,synthetic-pd-v1.0
RISKA0001247,CUST0001365,,2025-05-11,671,0.1093,LOW,synthetic-pd-v1.0
RISKA0001248,CUST0001962,,2026-08-03,601,0.3636,HIGH,synthetic-pd-v1.0
