customer_id,first_name,last_name,date_of_birth,gender,country,city,employment_status,employment_length_years,annual_income,monthly_income,created_at
CUST0000001,Sofia,Kowalski,1980-08-23,Male,Spain,Madrid,Employed,6.7,41894.32,3491.19,2020-01-30
CUST0000002,Nina,Dubois,1999-08-24,Female,Netherlands,Utrecht,Self-employed,9.0,30415.81,2534.65,2023-07-21
CUST0000003,Tomasz,Andersson,1973-08-23,Female,Poland,Poznan,Retired,6.8,16486.83,1373.9,2026-01-18
CUST0000004,Piotr,Rossi,1971-08-24,Female,France,Lyon,Employed,9.6,85600.29,7133.36,2024-07-16
CUST0000005,Hugo,Fischer,2008-08-23,Female,Spain,Valencia,Employed,0.0,40700.94,3391.75,2019-04-01
CUST0000006,Tomasz,Fischer,2002-08-24,Female,Poland,Warsaw,Employed,6.0,66345.24,5528.77,2020-04-14
CUST0000007,Nina,Jansen,1982-08-24,Male,Spain,Madrid,Employed,1.3,52432.86,4369.4,2024-08-29
CUST0000008,Maria,Dubois,1988-08-23,Male,United Kingdom,London,Student,1.0,17732.54,1477.71,2024-08-07
CUST0000009,Piotr,Kowalski,1984-08-23,Male,Netherlands,Rotterdam,Employed,2.2,67047.5,5587.29,2021-12-28
CUST0000010,Sofia,Fischer,1996-08-23,Female,Netherlands,Rotterdam,Employed,2.2,51374.41,4281.2,2026-04-06
CUST0000011,Marco,Moreau,1972-08-23,Female,Poland,Gdansk,Employed,6.5,25420.32,2118.36,2025-10-17
CUST0000012,Elena,Smith,1973-08-23,Female,Germany,Munich,Student,0.4,6425.78,535.48,2024-09-06
CUST0000013,Hugo,Jansen,1983-08-24,Male,France,Paris,Employed,7.2,78603.82,6550.32,2024-09-20
CUST0000014,Julia,Novak,1968-08-23,Male,Poland,Gdansk,Self-employed,26.8,23248.8,1937.4,2024-12-31
CUST0000015,Julia,Andersson,1977-08-23,Female,Poland,Poznan,Employed,8.4,50150.68,4179.22,2020-02-19
CUST0000016,Elena,Nowak,1996-08-23,Male,Netherlands,Utrecht,Employed,12.0,74897.94,6241.5,2024-05-11
CUST0000017,Lucas,Andersson,1979-08-24,Female,Poland,Wroclaw,Self-employed,3.8,37808.85,3150.74,2026-03-10
CUST0000018,Piotr,Moreau,1997-08-23,Female,Germany,Munich,Employed,6.3,68183.3,5681.94,2020-09-19
CUST0000019,Maria,Novak,1972-08-23,Female,Italy,Milan,Self-employed,9.5,26742.51,2228.54,2019-02-10
CUST0000020,Marco,Smith,1985-08-23,Female,Poland,Poznan,Employed,1.9,35347.87,2945.66,2021-10-04
CUST0000021,Laura,Jansen,1987-08-24,Male,Germany,Berlin,Self-employed,6.4,64884.27,5407.02,2021-01-23
CUST0000022,Lucas,Garcia,1994-08-24,Male,Netherlands,Utrecht,Unemployed,1.4,4510.49,375.87,2026-04-05
CUST0000023,Emma,Andersson,1967-08-24,Female,Germany,Berlin,,6.5,64293.04,5357.75,2022-05-30
CUST0000024,Lucas,Garcia,1986-08-24,Male,Poland,Wroclaw,Employed,7.5,35138.86,2928.24,2024-01-21
CUST0000025,Felix,Rossi,1990-08-24,Male,Poland,Krakow,Self-employed,3.1,34333.87,2861.16,2026-07-05
CUST0000026,Felix,Garcia,1989-08-23,Male,Netherlands,Rotterdam,Student,0.8,17195.84,1432.99,2025-01-12
CUST0000027,Maria,Rossi,1977-08-23,Male,Poland,Poznan,Employed,10.1,69593.35,5799.45,2024-09-23
CUST0000028,Jan,Dubois,1979-08-24,Female,France,Marseille,Employed,15.7,48894.6,4074.55,2026-05-29
CUST0000029,Piotr,Nowak,1978-08-24,Male,Poland,Poznan,Unemployed,0.9,2053.89,171.16,2024-04-07
CUST0000030,Diego,Novak,1978-08-24,Female,Germany,Berlin,Employed,5.9,75326.08,6277.17,2020-10-08
CUST0000031,Lucas,Smith,1954-08-24,Male,Netherlands,Amsterdam,Self-employed,6.0,173322.18,14443.52,2024-07-22
CUST0000032,Diego,Lopez,1990-08-24,Female,France,Marseille,Self-employed,9.5,30550.35,2545.86,2021-06-17
CUST0000033,Laura,Muller,1991-08-24,Male,Netherlands,Rotterdam,,17.0,52110.18,4342.52,2021-07-13
CUST0000034,Julia,Andersson,1995-08-24,Female,Poland,Warsaw,Employed,12.7,83145.52,6928.79,2023-12-06
CUST0000035,Sofia,Muller,1975-08-24,Female,France,Marseille,Employed,4.5,59919.73,4993.31,2021-05-31
CUST0000036,Marco,Jansen,1968-08-23,Male,Italy,Milan,Employed,4.9,,4735.47,2019-03-10
CUST0000037,Maria,Smith,1986-08-24,Male,Germany,Berlin,Retired,2.6,24084.61,2007.05,2026-08-23
CUST0000038,Julia,Smith,1996-08-23,Female,Poland,Poznan,Employed,10.5,45329.66,3777.47,2023-05-15
CUST0000039,Sofia,Andersson,1996-08-23,Male,Italy,Milan,Employed,2.8,,4533.66,2024-02-15
CUST0000040,Sofia,Fischer,1975-08-24,Male,Germany,Hamburg,Retired,4.3,33210.05,2767.5,2025-03-08
CUST0000041,Anna,Rossi,1974-08-24,Female,France,Marseille,Employed,17.0,92684.65,7723.72,2023-11-08
CUST0000042,Nina,Fischer,1976-08-23,Male,Netherlands,Rotterdam,Unemployed,0.1,2936.34,244.7,2023-09-01
CUST0000043,Felix,Muller,1993-08-23,Female,Poland,Wroclaw,Employed,3.7,48655.38,4054.62,2025-01-20
CUST0000044,Lucas,Rossi,1981-08-23,Male,Poland,Poznan,Employed,3.6,62156.87,5179.74,2021-04-05
CUST0000045,Julia,Rossi,1982-08-24,Female,Poland,Warsaw,Employed,0.4,49139.55,4094.96,2025-05-02
CUST0000046,Elena,Lopez,1981-08-23,Female,Germany,Berlin,Self-employed,4.2,43387.62,3615.64,2024-07-15
CUST0000047,Julia,Nowak,1972-08-23,Male,Poland,Gdansk,Unemployed,0.3,6051.04,504.25,2020-05-23
CUST0000048,Tomasz,Dubois,1981-08-23,Male,United Kingdom,London,Retired,10.2,15045.03,1253.75,2020-02-12
CUST0000049,Emma,Dubois,1974-08-24,Male,Poland,Wroclaw,Student,0.1,13053.01,1087.75,2025-09-22
CUST0000050,Julia,Fischer,1983-08-24,Male,United Kingdom,London,Self-employed,0.5,68518.64,5709.89,2025-11-04
CUST0000051,Julia,Smith,1980-08-23,Male,Poland,Krakow,Unemployed,1.1,2176.71,181.39,2026-08-07
CUST0000052,Hugo,Lopez,1975-08-24,Male,Germany,Hamburg,Employed,2.9,52045.7,4337.14,2019-10-09
CUST0000053,Tomasz,Novak,2004-08-23,Male,Poland,Gdansk,Retired,2.1,19039.62,1586.64,2025-11-06
CUST0000054,Julia,Andersson,1988-08-23,Female,United Kingdom,Manchester,Self-employed,9.1,87671.15,7305.93,2025-08-08
CUST0000055,Jan,Novak,1991-08-24,Female,Germany,Berlin,Retired,6.7,31291.07,2607.59,2024-11-13
CUST0000056,Elena,Muller,1993-08-23,Female,Germany,Berlin,Employed,15.0,113840.17,9486.68,2022-10-22
CUST0000057,Elena,Smith,1988-08-23,Male,Italy,Rome,employed,4.0,82694.11,6891.18,2022-11-21
CUST0000058,Maria,Silva,1963-08-24,Female,France,Marseille,Self-employed,4.8,108198.86,9016.57,2022-04-12
CUST0000059,Sofia,Muller,1996-08-23,Female,Poland,Krakow,Employed,12.0,55583.11,4631.93,2019-03-23
CUST0000060,Felix,Nowak,1970-08-24,Male,Italy,Milan,Employed,2.8,,4499.56,2022-10-30
CUST0000061,Marco,Nowak,2008-08-23,Female,Poland,Warsaw,Student,0.7,8243.79,686.98,2020-10-24
CUST0000062,Nina,Fischer,1989-08-23,Female,Poland,Wroclaw,Employed,12.1,40070.35,3339.2,2020-07-13
CUST0000063,Nina,Andersson,1982-08-24,Male,Germany,Frankfurt,Employed,1.7,45395.37,3782.95,2019-06-06
CUST0000064,Diego,Garcia,1976-08-23,Male,Poland,Wroclaw,Employed,7.9,58979.08,4914.92,2022-07-02
CUST0000065,Anna,Novak,1974-08-24,Female,Poland,Poznan,Employed,6.5,,6089.26,2019-05-14
CUST0000066,Lucas,Andersson,1973-08-23,Female,Spain,Madrid,Self-employed,10.3,65576.6,,2025-07-01
CUST0000067,Tomasz,Fischer,1989-08-23,Female,Poland,Warsaw,Retired,7.6,26203.88,2183.66,2025-10-20
CUST0000068,Diego,Moreau,1990-08-24,Male,Spain,Valencia,Student,1.4,8011.71,667.64,2025-02-15
CUST0000069,Piotr,Moreau,1972-08-23,Male,Netherlands,Amsterdam,Self-employed,0.5,89545.18,7462.1,2021-04-20
CUST0000070,Sofia,Muller,1987-08-24,Female,France,Lyon,Self-employed,2.2,29847.58,2487.3,2020-03-31
CUST0000071,Maria,Novak,2002-08-24,Male,United Kingdom,London,Employed,6.0,69695.98,5808.0,2022-11-10
CUST0000072,Nina,Dubois,2000-08-23,Female,United Kingdom,London,Retired,2.2,40266.15,3355.51,2024-02-24
CUST0000073,Felix,Dubois,1997-08-23,Female,Netherlands,Rotterdam,Employed,11.0,33437.31,2786.44,2019-02-27
CUST0000074,Maria,Andersson,1977-08-23,Non-binary,Poland,Gdansk,Employed,13.2,81901.7,6825.14,2025-07-21
CUST0000075,Piotr,Silva,1982-08-24,Female,Poland,Warsaw,Student,1.5,9999.63,833.3,2022-05-09
CUST0000076,Sofia,Dubois,1974-08-24,Female,France,Marseille,Retired,5.9,15508.69,1292.39,2025-04-08
CUST0000077,Elena,Lopez,1990-08-24,Female,France,Lyon,Employed,3.9,48046.76,4003.9,2019-08-06
CUST0000078,Lucas,Muller,1982-08-24,Male,Poland,Poznan,Self-employed,7.6,87941.01,7328.42,2022-04-03
CUST0000079,Sofia,Nowak,1975-08-24,Male,France,Paris,Employed,9.6,34755.29,2896.27,2022-07-04
CUST0000080,Marco,Kowalski,1988-08-23,Non-binary,Poland,Gdansk,Employed,1.9,85738.7,7144.89,2019-05-15
CUST0000081,Tomasz,Fischer,1978-08-24,Female,Netherlands,Amsterdam,Employed,9.0,96733.12,8061.09,2024-05-29
CUST0000082,Emma,Dubois,1993-08-23,Female,Poland,Gdansk,Employed,9.3,58609.74,4884.14,2026-02-13
CUST0000083,Maria,Smith,1989-08-23,Male,Poland,Poznan,Employed,3.4,66841.83,5570.15,2023-02-18
CUST0000084,Diego,Andersson,1989-08-23,Female,Poland,,Employed,16.3,77056.01,6421.33,2022-01-10
CUST0000085,Emma,Smith,2001-08-23,Male,Poland,Warsaw,Employed,6.0,91441.02,7620.08,2023-11-12
CUST0000086,Sofia,Silva,1977-08-23,Male,Poland,Poznan,Employed,12.2,73120.05,6093.34,2021-10-05
CUST0000087,Hugo,Kowalski,1991-08-24,Female,Poland,Warsaw,Retired,1.4,55435.18,4619.6,2021-10-01
CUST0000088,Hugo,Muller,1984-08-23,Male,Poland,Poznan,Self-employed,14.3,92609.6,7717.47,2024-10-22
CUST0000089,Maria,Lopez,1977-08-23,Female,Poland,Poznan,Retired,9.0,15270.67,1272.56,2023-07-09
CUST0000090,Jan,Smith,1978-08-24,Female,Germany,Munich,Employed,3.2,28362.58,2363.55,2021-01-07
CUST0000091,Anna,Muller,1975-08-24,Male,Germany,Berlin,Self-employed,8.9,131013.28,10917.77,2022-02-11
CUST0000092,Nina,Dubois,1985-08-23,Male,Poland,Krakow,Retired,17.8,13896.88,1158.07,2025-05-20
CUST0000093,Laura,Rossi,1990-08-24,Male,Poland,Krakow,Employed,4.2,116333.63,9694.47,2023-01-16
CUST0000094,Nina,Garcia,1985-08-23,Male,Poland,Warsaw,Employed,4.2,78250.78,6520.9,2019-08-01
CUST0000095,Laura,Rossi,2008-08-23,Non-binary,Poland,Krakow,Employed,0.0,38752.72,3229.39,2025-07-21
CUST0000096,Emma,Novak,2004-08-23,Non-binary,Poland,Poznan,Employed,4.0,32394.19,2699.52,2024-08-30
CUST0000097,Tomasz,Nowak,2003-08-24,Male,Spain,Madrid,Employed,5.0,62303.2,5191.93,2021-01-15
CUST0000098,Hugo,Rossi,1998-08-24,Female,Netherlands,Utrecht,Employed,9.3,46677.3,3889.78,2026-05-21
CUST0000099,Emma,Smith,1978-08-24,Male,Netherlands,Utrecht,Employed,5.7,58278.53,4856.54,2026-04-12
CUST0000100,Elena,Jansen,1997-08-23,Male,France,Marseille,Self-employed,8.3,16476.15,1373.01,2026-08-13
CUST0000101,Elena,Moreau,1989-08-23,Female,France,Lyon,Employed,19.0,78052.77,6504.4,2021-11-21
CUST0000102,Nina,Moreau,1966-08-24,Female,Poland,Krakow,Employed,10.5,41810.22,3484.18,2026-01-24
CUST0000103,Felix,Rossi,1989-08-23,Female,Spain,Valencia,Self-employed,6.2,26500.07,2208.34,2025-03-02
CUST0000104,Emma,Jansen,1974-08-24,Female,Spain,Madrid,Employed,5.6,31719.25,2643.27,2025-08-29
CUST0000105,Jan,Kowalski,1997-08-23,Male,Italy,Milan,Employed,7.9,60902.82,5075.23,2023-03-09
CUST0000106,Lucas,Silva,1987-08-24,Female,Italy,Milan,Employed,12.6,43200.4,3600.03,2021-02-17
CUST0000107,Hugo,Muller,1997-08-23,Male,Germany,Hamburg,Employed,3.7,52925.92,4410.49,2020-09-25
CUST0000108,Nina,Nowak,1989-08-23,Male,Spain,Barcelona,Employed,11.5,30443.07,2536.92,2026-05-23
CUST0000109,Emma,Andersson,1972-08-23,Male,Spain,Valencia,Employed,6.1,45809.71,3817.48,2022-11-04
CUST0000110,Sofia,Muller,2008-08-23,Female,Poland,Gdansk,Employed,0.0,64811.35,5400.95,2026-02-04
CUST0000111,Lucas,Smith,1978-08-24,Female,Netherlands,Rotterdam,Student,0.1,13970.56,1164.21,2023-03-30
CUST0000112,Nina,Nowak,1981-08-23,Male,Poland,Gdansk,Retired,10.7,26025.79,2168.82,2023-02-01
CUST0000113,Anna,Novak,1992-08-23,Male,Netherlands,Amsterdam,Employed,4.5,64696.66,5391.39,2019-07-24
CUST0000114,Marco,Novak,2004-08-23,Male,Spain,Valencia,Employed,4.0,35848.85,2987.4,2022-01-28
CUST0000115,Piotr,Silva,1983-08-24,Male,Poland,Warsaw,Employed,13.1,33235.95,2769.66,2023-04-03
CUST0000116,Nina,Fischer,2027-12-26,Female,United Kingdom,Birmingham,retired,10.8,17877.62,1489.8,2019-11-02
CUST0000117,Lucas,Smith,1981-08-23,Male,Poland,Krakow,Unemployed,1.3,5161.55,430.13,2020-03-28
CUST0000118,Jan,Muller,1984-08-23,Female,Spain,Valencia,Employed,6.6,51507.89,4292.32,2023-07-08
CUST0000119,Sofia,Muller,1962-08-24,Female,Spain,Madrid,Employed,9.2,66343.49,5528.62,2020-11-24
CUST0000120,Anna,Garcia,1987-08-24,Male,France,Lyon,Employed,8.7,61855.2,5154.6,2024-05-10
CUST0000121,Lucas,Muller,1998-08-24,Female,Italy,Turin,Retired,4.8,24813.13,2067.76,2022-07-09
CUST0000122,Felix,Rossi,1981-08-23,Female,Poland,Warsaw,Retired,10.9,25937.98,2161.5,2022-02-02
CUST0000123,Tomasz,Garcia,1981-08-23,Female,Poland,Krakow,Employed,14.4,44284.06,3690.34,2019-11-24
CUST0000124,Diego,Silva,1965-08-23,Female,Germany,Berlin,Employed,1.5,55211.76,4600.98,2022-02-08
CUST0000125,Hugo,Muller,1972-08-23,Male,Poland,Krakow,Employed,1.4,91477.52,7623.13,2023-02-23
CUST0000126,Elena,Silva,1979-08-24,Female,Germany,Munich,Self-employed,8.9,83676.98,,2023-05-21
CUST0000127,Sofia,Rossi,1964-08-23,Male,Poland,Poznan,Retired,11.5,24987.79,2082.32,2021-01-24
CUST0000128,Felix,Andersson,2001-08-23,Male,Germany,Munich,Employed,4.2,54516.52,4543.04,2019-03-19
CUST0000129,Piotr,Jansen,1993-08-23,Female,Germany,Berlin,Employed,0.8,24367.42,2030.62,2026-02-23
CUST0000130,Lucas,Moreau,1997-08-23,Female,Italy,Rome,Employed,6.7,55778.93,4648.24,2026-04-29
CUST0000131,Laura,Smith,1989-08-23,Male,Poland,Gdansk,Employed,8.8,123224.03,10268.67,2025-11-30
CUST0000132,Sofia,Rossi,2003-08-24,Male,Italy,Turin,Unemployed,1.1,2820.87,235.07,2021-03-20
CUST0000133,Sofia,Silva,1975-08-24,Male,Germany,Berlin,Employed,13.3,31669.87,2639.16,2023-08-11
CUST0000134,Maria,Andersson,1987-08-24,Male,Poland,,Retired,8.4,19372.76,1614.4,2020-01-29
CUST0000135,Anna,Smith,2005-08-23,Female,France,Paris,Employed,3.0,50061.1,4171.76,2025-12-04
CUST0000136,Julia,Jansen,1998-08-24,Female,Germany,Frankfurt,Employed,4.2,45480.43,3790.04,2019-01-16
CUST0000137,Felix,Smith,1980-08-23,Male,Poland,Poznan,Employed,6.8,53370.58,4447.55,2022-08-07
CUST0000138,Piotr,Rossi,1972-08-23,Female,France,Marseille,Employed,5.1,54736.4,4561.37,2025-07-21
CUST0000139,Lucas,Rossi,1956-08-23,Male,Poland,Krakow,Employed,1.3,78484.84,6540.4,2024-07-19
CUST0000140,Elena,Moreau,1943-08-24,Male,Germany,Hamburg,Self-employed,7.9,8665.16,722.1,2025-08-07
CUST0000141,Nina,Andersson,1978-08-24,Male,France,Paris,Employed,4.3,51878.85,4323.24,2022-10-18
CUST0000142,Anna,Nowak,1998-08-24,Female,Germany,Hamburg,Employed,4.9,86098.1,7174.84,2019-09-24
CUST0000143,Julia,Lopez,2008-08-23,Female,Spain,Barcelona,Employed,0.0,45685.71,,2019-01-22
CUST0000144,Maria,Andersson,1980-08-23,Female,Poland,Krakow,Employed,18.1,48935.6,,2020-03-01
CUST0000145,Piotr,Kowalski,1995-08-24,Female,Netherlands,Utrecht,Retired,10.3,30800.08,2566.67,2019-06-10
CUST0000146,Piotr,Novak,1990-08-24,Male,Spain,Barcelona,Retired,18.0,25342.94,2111.91,2022-06-04
CUST0000147,Tomasz,Silva,1993-08-23,Female,Netherlands,Rotterdam,Employed,5.4,38196.22,3183.02,2019-05-22
CUST0000148,Piotr,Moreau,1986-08-24,Female,Spain,Madrid,Unemployed,1.4,14993.68,1249.47,2020-06-02
CUST0000149,Sofia,Smith,1969-08-23,Female,Poland,Warsaw,Self-employed,8.0,66915.29,5576.27,2022-03-17
CUST0000150,Piotr,Jansen,1982-08-24,Female,France,Marseille,Student,0.6,11043.63,920.3,2024-08-17
CUST0000151,Marco,Rossi,1986-08-24,Male,Poland,Krakow,Employed,5.3,23562.76,1963.56,2024-02-27
CUST0000152,Laura,Rossi,1998-08-24,Female,Spain,Madrid,Employed,10.0,59284.0,4940.33,2019-06-12
CUST0000153,Emma,Silva,2007-08-24,Non-binary,France,Marseille,Employed,1.0,,9572.79,2025-11-27
CUST0000154,Marco,Fischer,1991-08-24,Female,Poland,Krakow,Retired,13.4,40048.36,3337.36,2023-03-16
CUST0000155,Julia,Moreau,1985-08-23,Male,Netherlands,Rotterdam,Self-employed,7.6,96426.96,8035.58,2021-09-01
CUST0000156,Tomasz,Novak,1959-08-24,Female,Poland,Poznan,Employed,12.2,65285.68,5440.47,2021-12-05
CUST0000157,Anna,Silva,1982-08-24,Female,France,Lyon,FT,8.8,,5807.03,2025-06-27
CUST0000158,Elena,Jansen,1970-08-24,Male,United Kingdom,,Freelance,1.5,31403.12,2616.93,2022-07-22
CUST0000159,Elena,Rossi,1991-08-24,Male,Poland,Warsaw,Retired,6.6,24018.8,2001.57,2020-11-17
CUST0000160,Tomasz,Novak,2001-08-23,Male,France,Lyon,Employed,7.0,43180.39,3598.37,2022-04-01
CUST0000161,Tomasz,Rossi,1998-08-24,Female,Spain,Barcelona,,7.5,36574.81,3047.9,2019-07-11
CUST0000162,Hugo,Garcia,1994-08-24,Female,Poland,,Employed,6.8,46264.21,3855.35,2020-03-03
CUST0000163,Lucas,Moreau,1954-08-24,Male,France,Paris,Employed,7.5,78028.26,6502.36,2021-05-28
CUST0000164,Marco,Silva,1995-08-24,Female,Poland,Warsaw,Employed,1.2,112931.44,9410.95,2020-09-07
CUST0000165,Marco,Rossi,1972-08-23,Male,United Kingdom,Birmingham,Unemployed,1.0,19936.22,1661.35,2021-09-02
CUST0000166,Maria,Moreau,1997-08-23,Male,Poland,Poznan,Student,0.1,6422.58,535.22,2019-07-01
CUST0000167,Diego,Lopez,1971-08-24,Male,Netherlands,Utrecht,Employed,16.5,104465.85,8705.49,2023-08-31
CUST0000168,Marco,Rossi,1979-08-24,Male,Italy,Rome,Employed,5.1,70749.53,5895.79,2019-11-18
CUST0000169,Sofia,Jansen,1986-08-24,Male,Poland,Gdansk,Employed,9.3,53244.28,4437.02,2020-08-28
CUST0000170,Felix,Smith,1985-08-23,Female,Poland,Krakow,Employed,1.0,52943.92,4411.99,2026-06-24
CUST0000171,Julia,Andersson,1993-08-23,Female,France,Lyon,Employed,11.5,39000.81,3250.07,2019-01-17
CUST0000172,Tomasz,Lopez,1978-08-24,Male,United Kingdom,London,Employed,10.2,28791.99,2399.33,2021-02-20
CUST0000173,Piotr,Jansen,1990-08-24,Female,Germany,Frankfurt,Employed,9.7,32803.16,2733.6,2022-10-29
CUST0000174,Sofia,Fischer,2001-08-23,Female,Poland,Krakow,Employed,1.0,49504.69,4125.39,2021-05-07
CUST0000175,Hugo,Silva,2002-08-24,Female,Poland,Gdansk,Employed,3.5,43946.18,3662.18,2021-06-14
CUST0000176,Lucas,Moreau,1982-08-24,Male,Netherlands,Amsterdam,Unemployed,1.1,3389.53,282.46,2019-12-22
CUST0000177,Maria,Dubois,1962-08-24,Male,Germany,Frankfurt,Employed,14.3,29597.56,2466.46,2022-03-28
CUST0000178,Diego,Dubois,1982-08-24,Male,Italy,Milan,Employed,3.1,48718.28,4059.86,2024-10-10
CUST0000179,Emma,Dubois,1986-08-24,Female,Germany,Berlin,Retired,3.2,17671.02,1472.58,2023-07-01
CUST0000180,Laura,Lopez,1980-08-23,Female,Netherlands,Amsterdam,Employed,8.5,45560.46,3796.7,2026-01-25
CUST0000181,Marco,Silva,1966-08-24,Male,Poland,Poznan,Employed,28.5,35195.78,2932.98,2024-05-08
CUST0000182,Julia,Muller,1981-08-23,Female,Poland,Warsaw,Employed,4.0,42731.94,3561.0,2025-01-14
CUST0000183,Nina,Kowalski,1990-08-24,Male,Netherlands,Amsterdam,Employed,5.0,44044.08,3670.34,2022-04-20
CUST0000184,Elena,Jansen,1969-08-23,Male,Netherlands,Rotterdam,Employed,4.5,38715.12,3226.26,2023-09-08
CUST0000185,Piotr,Fischer,1978-08-24,Female,Poland,Krakow,Employed,6.1,75159.64,6263.3,2023-06-03
CUST0000186,Laura,Smith,1962-08-24,Female,Germany,Berlin,Employed,15.0,24822.35,2068.53,2025-03-21
CUST0000187,Elena,Jansen,1981-08-23,Female,Germany,Hamburg,Employed,6.4,22180.22,1848.35,2022-10-31
CUST0000188,Laura,Fischer,2001-08-23,Male,Germany,Hamburg,Employed,7.0,51430.93,4285.91,2022-02-03
CUST0000189,Maria,Jansen,2003-08-24,Male,Poland,Poznan,Employed,5.0,52476.46,4373.04,2019-07-15
CUST0000190,Piotr,Moreau,1961-08-23,Female,Italy,Turin,Employed,16.0,65982.62,5498.55,2025-07-28
CUST0000191,Piotr,Silva,1960-08-23,Male,Poland,Warsaw,Employed,5.3,,,2022-05-01
CUST0000192,Jan,Novak,1987-08-24,Female,United Kingdom,Manchester,Unemployed,0.4,6937.69,578.14,2025-02-08
CUST0000193,Nina,Novak,1989-08-23,Female,Poland,Krakow,Employed,6.4,34733.63,2894.47,2024-03-09
CUST0000194,Felix,Silva,1964-08-23,Male,Poland,Gdansk,Employed,9.8,52542.3,4378.53,2019-01-05
CUST0000195,Julia,Kowalski,1999-08-24,Female,United Kingdom,Manchester,Employed,3.6,41310.03,3442.5,2023-12-25
CUST0000196,Tomasz,Dubois,1997-08-23,Female,Poland,Warsaw,Employed,11.0,102208.11,8517.34,2022-09-24
CUST0000197,Nina,Nowak,1975-08-24,Male,United Kingdom,Birmingham,Retired,4.6,13906.11,1158.84,2020-10-31
CUST0000198,Emma,Jansen,1990-08-24,Female,Poland,Warsaw,Employed,2.7,43020.1,3585.01,2021-01-09
CUST0000199,Lucas,Muller,2028-08-19,Male,Netherlands,Amsterdam,Employed,24.0,56327.61,4693.97,2023-11-17
CUST0000200,Tomasz,Jansen,1986-08-24,Female,Spain,Valencia,Retired,3.4,23365.26,1947.1,2019-08-29
CUST0000201,Sofia,Rossi,1979-08-24,Female,Italy,,Self-employed,4.5,23394.25,1949.52,2023-08-21
CUST0000202,Anna,Kowalski,1964-08-23,Female,Poland,Poznan,Self-employed,11.0,35588.3,2965.69,2025-06-21
CUST0000203,Tomasz,Nowak,1983-08-24,Female,Poland,Wroclaw,Employed,5.2,142817.81,11901.48,2019-08-31
CUST0000204,Diego,Jansen,1975-08-24,Female,Germany,Frankfurt,Employed,2.8,45468.37,3789.03,2019-01-23
CUST0000205,Jan,Nowak,2031-04-23,Female,France,Lyon,Self-employed,0.0,32671.17,2722.6,2019-06-19
CUST0000206,Piotr,Fischer,1985-08-23,Male,Poland,Warsaw,Employed,22.0,72755.79,6062.98,2024-08-01
CUST0000207,Sofia,Novak,1996-08-23,Female,Poland,Warsaw,Employed,10.1,69329.45,5777.45,2025-06-25
CUST0000208,Nina,Andersson,2001-08-23,Female,Germany,Frankfurt,Unemployed,1.1,3576.83,,2026-07-23
CUST0000209,Julia,Muller,1996-08-23,Female,Poland,Warsaw,Employed,8.2,70612.06,5884.34,2019-03-22
CUST0000210,Julia,Fischer,1989-08-23,Female,Germany,Munich,Employed,9.2,59192.6,,2022-09-08
CUST0000211,Laura,Silva,1971-08-24,Female,Poland,Warsaw,Employed,4.9,54622.81,4551.9,2019-05-15
CUST0000212,Sofia,Dubois,2003-08-24,Male,Poland,Krakow,Employed,5.0,52569.26,4380.77,2021-11-02
CUST0000213,Hugo,Kowalski,1984-08-23,Female,United Kingdom,Manchester,Employed,0.9,38024.98,3168.75,2021-05-10
CUST0000214,Anna,Jansen,1991-08-24,Male,Germany,Berlin,Retired,13.0,17392.69,1449.39,2023-08-20
CUST0000215,Jan,Fischer,1989-08-23,Male,Poland,Wroclaw,Employed,4.8,57673.77,4806.15,2025-12-13
CUST0000216,Diego,Kowalski,1970-08-24,Female,France,Marseille,Employed,2.4,115232.15,9602.68,2025-02-25
CUST0000217,Laura,Kowalski,1976-08-23,Female,Spain,Madrid,Employed,7.8,86038.5,7169.88,2019-06-27
CUST0000218,Maria,Dubois,1965-08-23,Female,Germany,Berlin,Employed,5.8,57698.25,4808.19,2020-11-02
CUST0000219,Lucas,Jansen,1986-08-24,Male,France,Paris,Employed,12.7,77494.64,6457.89,2021-02-06
CUST0000220,Anna,Smith,1994-08-24,Female,Netherlands,Utrecht,Retired,6.5,15935.38,1327.95,2020-12-01
CUST0000221,Laura,Dubois,1987-08-24,Male,France,Lyon,Employed,4.1,34685.75,2890.48,2021-09-13
CUST0000222,Nina,Garcia,1981-08-23,Male,Italy,Milan,Employed,6.6,45864.86,3822.07,2023-08-23
CUST0000223,Sofia,Kowalski,1982-08-24,Male,Spain,Madrid,Student,0.2,8265.74,688.81,2024-08-27
CUST0000224,Marco,Kowalski,1999-08-24,Male,Poland,Poznan,Employed,9.0,,6491.99,2026-03-10
CUST0000225,Piotr,Nowak,1983-08-24,Non-binary,Germany,Berlin,Retired,10.1,31781.45,,2024-05-17
CUST0000226,Emma,Andersson,1981-08-23,Female,United Kingdom,Birmingham,Employed,13.4,101652.73,8471.06,2021-04-13
CUST0000227,Sofia,Fischer,1949-08-23,Female,Netherlands,Amsterdam,Employed,10.6,38404.98,3200.42,2020-05-29
CUST0000228,Piotr,Smith,1958-08-24,Female,Germany,Frankfurt,Retired,3.2,13294.73,1107.89,2021-11-18
CUST0000229,Emma,Nowak,1996-08-23,Male,Poland,Krakow,Employed,11.6,43721.71,3643.48,2025-02-11
CUST0000230,Diego,Dubois,1988-08-23,Male,France,Paris,Employed,14.4,137264.5,11438.71,2026-08-06
CUST0000231,Nina,Lopez,2004-08-23,Male,Poland,Krakow,Employed,4.0,51979.61,4331.63,2021-12-31
CUST0000232,Sofia,Garcia,1992-08-23,Female,Spain,Madrid,Self-employed,2.6,29621.0,2468.42,2020-05-07
CUST0000233,Felix,Smith,1980-08-23,Male,France,Paris,Employed,4.5,107881.12,8990.09,2019-01-14
CUST0000234,Piotr,Jansen,1967-08-24,Male,United Kingdom,Manchester,Employed,4.0,54451.03,4537.59,2019-08-03
CUST0000235,Elena,Rossi,1994-08-24,Male,Italy,Rome,Self-employed,5.3,29335.98,2444.66,2023-11-14
CUST0000236,Sofia,Smith,1993-08-23,Male,United Kingdom,Manchester,Self-employed,9.3,41241.11,3436.76,2023-07-06
CUST0000237,Julia,Smith,2008-08-23,Female,France,Marseille,Employed,0.0,53228.65,4435.72,2023-12-02
CUST0000238,Piotr,Smith,1986-08-24,Female,Spain,Madrid,Employed,7.6,45428.76,3785.73,2019-03-09
CUST0000239,Nina,Novak,1999-08-24,Male,Italy,Milan,Employed,2.0,72738.93,6061.58,2022-05-05
CUST0000240,Marco,Silva,1991-08-24,Female,Italy,Rome,Employed,4.4,88635.02,7386.25,2020-05-18
CUST0000241,Diego,Kowalski,1996-08-23,Female,Poland,Wroclaw,Employed,12.0,34807.36,2900.61,2021-07-28
CUST0000242,Jan,Kowalski,1985-08-23,Female,France,Paris,Employed,14.4,47356.43,3946.37,2023-10-04
CUST0000243,Julia,Dubois,2008-08-23,Female,Poland,Warsaw,Employed,0.0,70494.45,5874.54,2021-02-09
CUST0000244,Maria,Moreau,2005-08-23,Male,Italy,Rome,Employed,3.0,46821.82,3901.82,2024-01-17
CUST0000245,Elena,Kowalski,1954-08-24,Male,United Kingdom,Birmingham,Self-employed,8.8,-40730.85,3394.24,2021-03-18
CUST0000246,Emma,Kowalski,2002-08-24,Female,Germany,Berlin,Employed,6.0,41357.26,3446.44,2022-11-26
CUST0000247,Laura,Andersson,1999-08-24,Female,Poland,Poznan,Student,1.3,24551.49,2045.96,2022-07-06
CUST0000248,Elena,Smith,1958-08-24,Female,Poland,Gdansk,Retired,6.8,42018.47,3501.54,2021-12-07
CUST0000249,Julia,Garcia,1943-08-24,Male,United Kingdom,Manchester,Employed,10.1,80755.62,6729.63,2019-12-19
CUST0000250,Anna,Muller,2000-08-23,Male,Poland,Krakow,Student,0.4,10245.35,853.78,2023-05-29
CUST0000251,Piotr,Andersson,1989-08-23,Male,Poland,Poznan,RETIRED,6.9,27131.03,2260.92,2026-07-28
CUST0000252,Piotr,Jansen,1979-08-24,Female,Italy,Turin,Employed,5.9,80799.96,6733.33,2023-12-02
CUST0000253,Elena,Silva,1960-08-23,Female,Spain,Madrid,Self-employed,20.1,182576.59,15214.72,2024-09-14
CUST0000254,Elena,Garcia,1998-08-24,Female,Poland,Gdansk,Employed,6.9,42481.77,3540.15,2025-02-22
CUST0000255,Lucas,Jansen,1987-08-24,Male,Poland,Gdansk,Self-employed,11.1,38694.7,3224.56,2019-04-17
CUST0000256,Elena,Moreau,1973-08-23,Female,Netherlands,Amsterdam,Employed,19.1,62501.36,5208.45,2025-01-23
CUST0000257,Piotr,Rossi,1978-08-24,Male,United Kingdom,London,Employed,10.1,31812.54,2651.04,2020-11-08
CUST0000258,Laura,Dubois,1989-08-23,Male,France,Marseille,Employed,9.8,36183.0,3015.25,2024-01-31
CUST0000259,Emma,Muller,1986-08-24,Female,Poland,Warsaw,Retired,7.0,25288.95,2107.41,2026-07-10
CUST0000260,Piotr,Silva,2003-08-24,Female,Poland,Poznan,Employed,5.0,53098.07,4424.84,2025-11-02
CUST0000261,Sofia,Kowalski,1987-08-24,Female,Poland,Warsaw,Employed,5.5,51312.41,4276.03,2022-03-03
CUST0000262,Emma,Garcia,1988-08-23,Female,United Kingdom,Birmingham,Employed,20.0,38376.09,3198.01,2025-05-29
CUST0000263,Marco,Andersson,1981-08-23,Female,Poland,Krakow,Employed,2.0,36244.75,3020.4,2023-09-24
CUST0000264,Piotr,Kowalski,1992-08-23,Male,Poland,Warsaw,Retired,6.1,17727.15,1477.26,2020-01-08
CUST0000265,Marco,Lopez,1977-08-23,Female,United Kingdom,London,Self-employed,10.2,62021.86,5168.49,2020-11-01
CUST0000266,Maria,Dubois,1970-08-24,Female,Netherlands,Amsterdam,Employed,9.8,33695.78,2807.98,2026-04-26
CUST0000267,Felix,Dubois,1982-08-24,Male,Spain,Barcelona,Employed,5.5,61305.34,5108.78,2025-12-31
CUST0000268,Emma,Jansen,1979-08-24,Male,Germany,Berlin,Employed,1.4,21299.75,1774.98,2025-10-26
CUST0000269,Jan,Silva,1983-08-24,Female,Germany,Frankfurt,Employed,2.4,32138.51,2678.21,2021-12-09
CUST0000270,Tomasz,Smith,1984-08-23,Male,Germany,Hamburg,Unemployed,0.8,5101.85,425.15,2021-06-15
CUST0000271,Elena,Moreau,1994-08-24,Male,Poland,Krakow,Self-employed,1.0,31238.11,2603.18,2025-03-01
CUST0000272,Marco,Lopez,1980-08-23,Male,France,Marseille,Employed,10.7,24298.61,2024.88,2019-02-26
CUST0000273,Diego,Muller,1985-08-23,Male,Germany,Hamburg,Employed,15.2,65936.31,5494.69,2025-11-11
CUST0000274,Tomasz,Andersson,1955-08-24,Female,France,Marseille,Employed,12.0,25213.55,2101.13,2023-08-14
CUST0000275,Hugo,Rossi,1962-08-24,Male,Italy,Rome,Employed,13.7,55308.16,4609.01,2023-11-03
CUST0000276,Sofia,Lopez,1979-08-24,Female,Netherlands,Utrecht,Employed,1.0,96520.11,8043.34,2022-05-09
CUST0000277,Anna,Garcia,1995-08-24,Male,Poland,Wroclaw,Self-employed,5.7,32422.74,2701.9,2026-06-28
CUST0000278,Marco,Rossi,2000-08-23,Male,Germany,Frankfurt,Employed,3.0,99843.31,8320.28,2024-09-24
CUST0000279,Elena,Andersson,1967-08-24,Female,Poland,Wroclaw,Retired,1.6,31863.38,2655.28,2019-05-31
CUST0000280,Nina,Fischer,1980-08-23,Female,Germany,Hamburg,Employed,4.8,23561.25,1963.44,2023-01-05
CUST0000281,Nina,Nowak,1977-08-23,Male,Poland,Krakow,Employed,18.8,64638.12,5386.51,2025-07-28
CUST0000282,Elena,Jansen,2008-08-23,Male,Poland,Warsaw,Employed,0.0,31684.67,2640.39,2019-08-02
CUST0000283,Marco,Rossi,1971-08-24,Female,Spain,Madrid,Employed,3.3,30040.64,2503.39,2024-08-20
CUST0000284,Marco,Silva,1978-08-24,Male,Germany,Frankfurt,Employed,7.3,49107.02,4092.25,2020-11-14
CUST0000285,Elena,Jansen,2000-08-23,Male,Italy,Turin,Employed,8.0,86838.0,7236.5,2022-11-15
CUST0000286,Tomasz,Lopez,1991-08-24,Male,Poland,Krakow,Self-employed,5.7,15709.35,1309.11,2025-09-30
CUST0000287,Sofia,Lopez,1980-08-23,Female,Poland,Poznan,Employed,15.9,71565.66,5963.8,2022-10-07
CUST0000288,Sofia,Andersson,1983-08-24,Female,Germany,Berlin,Self-employed,4.8,16982.07,1415.17,2019-04-16
CUST0000289,Elena,Andersson,1988-08-23,Male,Poland,Warsaw,Self-employed,4.2,21397.1,1783.09,2019-02-28
CUST0000290,Anna,Moreau,1985-08-23,Female,Poland,Wroclaw,Employed,3.5,36790.63,3065.89,2024-08-19
CUST0000291,Anna,Muller,1988-08-23,Male,Netherlands,Rotterdam,Employed,5.7,68220.83,5685.07,2026-02-13
CUST0000292,Hugo,Novak,1982-08-24,Female,Poland,Gdansk,Employed,0.3,18762.1,1563.51,2021-03-26
CUST0000293,Anna,Novak,1963-08-24,Male,Poland,Poznan,Employed,5.9,37050.76,3087.56,2026-02-25
CUST0000294,Maria,Nowak,2008-08-23,Female,France,Paris,Unemployed,1.4,16404.74,1367.06,2022-06-18
CUST0000295,Felix,Moreau,1987-08-24,Female,Germany,Frankfurt,Retired,8.0,25893.66,2157.8,2019-06-13
CUST0000296,Emma,Andersson,1982-08-24,Male,France,Lyon,Employed,2.8,34910.29,2909.19,2023-01-23
CUST0000297,Hugo,Rossi,1980-08-23,Male,Germany,Frankfurt,Employed,7.9,53524.01,4460.33,2026-06-12
CUST0000298,Lucas,Smith,1989-08-23,Male,Spain,Madrid,Self-employed,7.8,54662.23,4555.19,2020-11-29
CUST0000299,Jan,Smith,2008-08-23,Male,Poland,Warsaw,Self-employed,0.0,90574.74,7547.9,2026-05-07
CUST0000300,Maria,Moreau,1979-08-24,Male,Germany,Berlin,Employed,12.2,49458.11,4121.51,2023-12-26
CUST0000301,Nina,Lopez,1960-08-23,Male,United Kingdom,Birmingham,Unemployed,0.3,4655.63,387.97,2022-01-11
CUST0000302,Jan,Fischer,2005-08-23,Female,Italy,Rome,Employed,3.0,46587.95,3882.33,2024-04-20
CUST0000303,Tomasz,Andersson,1972-08-23,Male,Germany,Frankfurt,Employed,1.3,45183.64,,2022-01-24
CUST0000304,Marco,Nowak,1989-08-23,Male,France,Marseille,Employed,11.4,53977.6,4498.13,2019-08-26
CUST0000305,Marco,Moreau,1985-08-23,Female,Poland,Warsaw,Employed,3.1,62090.02,5174.17,2025-08-29
CUST0000306,Felix,Nowak,1999-08-24,Female,Poland,Gdansk,Retired,9.0,20575.43,1714.62,2021-11-10
CUST0000307,Tomasz,Muller,1989-08-23,Male,Poland,Warsaw,Employed,13.8,58159.68,4846.64,2023-04-30
CUST0000308,Tomasz,Kowalski,1966-08-24,Female,United Kingdom,London,Employed,6.2,45237.54,3769.8,2024-09-10
CUST0000309,Marco,Lopez,1976-08-23,Male,Poland,Wroclaw,Employed,5.9,60175.2,5014.6,2019-08-20
CUST0000310,Emma,Smith,1960-08-23,Non-binary,United Kingdom,London,Employed,1.9,69199.57,5766.63,2024-07-08
CUST0000311,Laura,Garcia,1968-08-23,Male,Poland,Krakow,Employed,7.1,40701.42,3391.78,2021-10-17
CUST0000312,Anna,Nowak,1978-08-24,Female,Italy,Rome,Employed,12.1,52482.14,4373.51,2023-03-02
CUST0000313,Piotr,Dubois,1960-08-23,Female,Spain,Barcelona,Self-employed,8.6,15299.68,1274.97,2022-06-30
CUST0000314,Tomasz,Novak,1978-08-24,Female,Poland,Warsaw,Employed,17.2,-91644.18,7637.02,2024-12-12
CUST0000315,Tomasz,Lopez,1972-08-23,Female,Poland,Krakow,Unemployed,0.6,5157.34,429.78,2020-06-07
CUST0000316,Jan,Jansen,1988-08-23,Male,Poland,Wroclaw,,5.2,31776.74,2648.06,2019-10-28
CUST0000317,Nina,Silva,1983-08-24,Male,Italy,Milan,Self-employed,3.3,32532.18,2711.02,2022-02-21
CUST0000318,Julia,Fischer,2027-04-21,Female,Poland,Poznan,Unemployed,1.2,3615.74,301.31,2019-11-27
CUST0000319,Piotr,Moreau,1970-08-24,Female,France,Paris,Employed,1.9,104375.78,8697.98,2020-11-08
CUST0000320,Nina,Garcia,2000-08-23,Male,Germany,Hamburg,Employed,8.0,29539.16,2461.6,2024-01-11
CUST0000321,Felix,Lopez,1973-08-23,Female,Spain,Valencia,Retired,12.3,28904.47,2408.71,2025-04-05
CUST0000322,Emma,Jansen,1987-08-24,Male,Germany,Munich,Employed,11.9,46459.61,3871.63,2024-04-20
CUST0000323,Sofia,Lopez,1968-08-23,Female,France,Paris,Self-employed,3.6,19173.91,1597.83,2021-06-06
CUST0000324,Sofia,Nowak,1973-08-23,Male,Netherlands,Rotterdam,Employed,6.2,34201.69,2850.14,2025-03-24
CUST0000325,Tomasz,Nowak,1959-08-24,Female,Poland,Wroclaw,Employed,10.4,132830.02,11069.17,2022-02-08
CUST0000326,Anna,Moreau,1974-08-24,Male,Spain,Madrid,Employed,4.3,40524.03,3377.0,2020-05-20
CUST0000327,Lucas,Andersson,2006-08-24,Female,Poland,Wroclaw,Retired,2.0,13583.85,1131.99,2024-10-13
CUST0000328,Anna,Muller,1985-08-23,Male,Germany,Berlin,Employed,4.3,40566.76,3380.56,2022-12-14
CUST0000329,Anna,Moreau,2000-08-23,Female,Italy,Milan,Unemployed,0.3,11304.03,942.0,2021-11-01
CUST0000330,Emma,Nowak,1991-08-24,Female,United Kingdom,Birmingham,Self-employed,7.1,40588.11,3382.34,2024-01-20
CUST0000331,Hugo,Andersson,1963-08-24,Male,United Kingdom,Manchester,Employed,19.3,49006.73,4083.89,2024-07-17
CUST0000332,Elena,Muller,1975-08-24,Female,Poland,Poznan,Employed,10.6,55263.03,4605.25,2020-09-16
CUST0000333,Jan,Kowalski,1994-08-24,Female,Germany,Munich,Employed,2.3,42776.76,3564.73,2019-11-24
CUST0000334,Piotr,Fischer,1998-08-24,Female,Germany,Frankfurt,Employed,2.5,46529.25,3877.44,2022-12-14
CUST0000335,Emma,Fischer,1984-08-23,Female,France,Marseille,Self-employed,11.7,101145.41,8428.78,2019-05-24
CUST0000336,Tomasz,Nowak,2001-08-23,Female,Germany,Frankfurt,Employed,7.0,11664.98,972.08,2023-11-19
CUST0000337,Felix,Nowak,1993-08-23,Male,Poland,Poznan,Employed,15.0,56541.23,4711.77,2022-05-13
CUST0000338,Laura,Silva,1980-08-23,Female,Poland,Poznan,Self-employed,23.9,40387.1,3365.59,2020-08-21
CUST0000339,Julia,Kowalski,1968-08-23,Male,Poland,Wroclaw,Employed,3.3,49956.22,4163.02,2023-07-30
CUST0000340,Anna,Novak,1975-08-24,Male,Germany,Frankfurt,Employed,8.7,80706.69,6725.56,2021-11-14
CUST0000341,Jan,Moreau,2008-08-23,Female,Poland,Gdansk,,0.0,83179.97,6931.66,2021-12-20
CUST0000342,Maria,Novak,1980-08-23,Male,Italy,Milan,Emp.,11.5,49462.66,4121.89,2020-08-27
CUST0000343,Laura,Garcia,1983-08-24,Male,France,Paris,Self-employed,21.1,52357.65,4363.14,2024-03-03
CUST0000344,Marco,Muller,1978-08-24,Male,Poland,Warsaw,Employed,7.9,72970.26,6080.86,2025-11-26
CUST0000345,Piotr,Andersson,1961-08-23,Female,United Kingdom,London,Employed,5.1,31762.43,2646.87,2023-09-24
CUST0000346,Laura,Kowalski,2008-08-23,Female,Italy,Rome,Employed,0.0,66253.27,5521.11,2020-10-23
CUST0000347,Diego,Jansen,1992-08-23,Female,Poland,Krakow,Employed,13.2,42723.42,3560.28,2025-05-16
CUST0000348,Lucas,Smith,1976-08-23,Male,Poland,Warsaw,Employed,13.3,33065.72,2755.48,2019-12-04
CUST0000349,Elena,Novak,2006-08-24,Non-binary,Poland,Gdansk,Employed,2.0,45288.65,3774.05,2021-03-20
CUST0000350,Hugo,Muller,1963-08-24,Male,Poland,Warsaw,Retired,4.2,14109.26,1175.77,2019-04-09
CUST0000351,Hugo,Novak,1979-08-24,Female,Spain,Barcelona,Retired,8.4,17577.97,1464.83,2025-06-27
CUST0000352,Diego,Andersson,1972-08-23,Male,Netherlands,Rotterdam,Employed,5.4,91103.11,7591.93,2019-05-06
CUST0000353,Maria,Garcia,1992-08-23,Female,Poland,Warsaw,Self-employed,15.9,-134305.7,11192.14,2023-03-06
CUST0000354,Nina,Rossi,1973-08-23,Male,Spain,Valencia,Employed,5.4,54588.09,4549.01,2020-06-19
CUST0000355,Felix,Kowalski,1969-08-23,Female,Poland,Gdansk,Student,1.4,14094.58,1174.55,2020-08-15
CUST0000356,Felix,Smith,1981-08-23,Male,France,Marseille,Employed,9.2,98271.78,8189.32,2023-08-26
CUST0000357,Tomasz,Garcia,1981-08-23,Male,Spain,Valencia,Employed,1.9,35714.44,2976.2,2025-02-22
CUST0000358,Nina,Nowak,1980-08-23,Female,Germany,Hamburg,Employed,4.5,77891.39,6490.95,2019-02-19
CUST0000359,Elena,Jansen,2031-10-04,Female,Poland,Poznan,Employed,12.0,40879.25,3406.6,2020-03-19
CUST0000360,Diego,Jansen,1986-08-24,Male,France,Paris,Self-employed,12.8,68357.02,5696.42,2021-03-11
CUST0000361,Elena,Nowak,1986-08-24,Female,Netherlands,Utrecht,Employed,5.3,55561.04,4630.09,2026-03-20
CUST0000362,Diego,Muller,1979-08-24,Male,Poland,Poznan,Employed,11.6,58671.77,4889.31,2019-06-12
CUST0000363,Emma,Nowak,1970-08-24,Male,Poland,Krakow,Employed,15.8,73385.17,6115.43,2020-05-13
CUST0000364,Hugo,Andersson,1999-08-24,Male,Poland,Krakow,Retired,6.0,28750.56,2395.88,2022-02-01
CUST0000365,Emma,Rossi,1986-08-24,Female,France,Lyon,Unemployed,0.1,997.96,83.16,2021-06-28
CUST0000366,Nina,Kowalski,1963-08-24,Female,France,Paris,Employed,11.2,59303.73,4941.98,2019-05-16
CUST0000367,Nina,Muller,1994-08-24,Female,Spain,Valencia,Employed,2.6,36104.27,3008.69,2023-02-17
CUST0000368,Elena,Lopez,1996-08-23,Male,Spain,Madrid,Employed,6.0,73640.77,6136.73,2023-08-24
CUST0000369,Tomasz,Garcia,1981-08-23,Female,Italy,Rome,Retired,19.6,28671.28,2389.27,2020-05-09
CUST0000370,Lucas,Andersson,1972-08-23,Female,Spain,Madrid,Self-employed,22.8,32947.8,2745.65,2024-04-06
CUST0000371,Maria,Smith,1984-08-23,Female,Poland,Gdansk,Employed,12.9,112149.08,9345.76,2019-06-08
CUST0000372,Laura,Muller,1965-08-23,Male,France,Paris,Retired,4.3,36136.29,3011.36,2024-08-04
CUST0000373,Tomasz,Rossi,1972-08-23,Female,Poland,Wroclaw,Employed,0.7,37825.34,3152.11,2020-12-24
CUST0000374,Julia,Kowalski,1972-08-23,Male,Poland,Gdansk,Self-employed,3.9,51842.8,,2020-09-18
CUST0000375,Laura,Novak,1976-08-23,Male,Netherlands,Amsterdam,Employed,2.2,22695.46,1891.29,2020-07-02
CUST0000376,Diego,Rossi,1951-08-24,Male,United Kingdom,Birmingham,Employed,20.5,71039.55,5919.96,2025-08-22
CUST0000377,Maria,Smith,1987-08-24,Male,Netherlands,Amsterdam,Employed,1.2,42268.15,3522.35,2022-11-03
CUST0000378,Emma,Muller,2008-08-23,Male,Germany,Hamburg,Employed,0.0,45428.42,3785.7,2024-04-11
CUST0000379,Hugo,Fischer,1962-08-24,Male,France,Paris,Retired,8.3,18836.42,1569.7,2020-07-23
CUST0000380,Diego,Garcia,1990-08-24,Female,Germany,Berlin,Employed,7.0,64874.48,5406.21,2019-06-08
CUST0000381,Nina,Jansen,1982-08-24,Male,Poland,Poznan,Unemployed,0.3,4717.2,393.1,2019-04-17
CUST0000382,Nina,Moreau,1966-08-24,Male,Poland,Gdansk,Self-employed,10.8,29116.71,2426.39,2022-05-16
CUST0000383,Diego,Andersson,2006-08-24,Male,France,Marseille,Self-employed,2.0,60326.92,5027.24,2021-06-30
CUST0000384,Felix,Silva,2002-08-24,Male,Poland,Poznan,Retired,6.0,31107.73,2592.31,2024-11-14
CUST0000385,Tomasz,Moreau,2006-08-24,Male,Netherlands,Rotterdam,Employed,2.0,40419.76,3368.31,2025-01-11
CUST0000386,Piotr,Muller,1995-08-24,Male,Poland,Warsaw,Employed,13.0,48448.47,4037.37,2021-05-18
CUST0000387,Tomasz,Lopez,1978-08-24,Female,Poland,Krakow,EMPLOYED,3.4,47588.24,3965.69,2022-04-25
CUST0000388,Hugo,Jansen,1977-08-23,Female,Spain,Barcelona,Employed,6.9,95127.8,7927.32,2021-12-01
CUST0000389,Jan,Dubois,1980-08-23,Female,Poland,Krakow,Retired,0.8,23246.8,1937.23,2024-02-29
CUST0000390,Nina,Garcia,2004-08-23,Female,Italy,Milan,Employed,4.0,50554.45,4212.87,2023-10-25
CUST0000391,Julia,Novak,2008-08-23,Female,United Kingdom,London,Employed,0.0,28566.03,2380.5,2023-12-24
CUST0000392,Elena,Lopez,1983-08-24,Female,Poland,Wroclaw,Employed,20.0,34856.99,2904.75,2019-06-04
CUST0000393,Piotr,Andersson,1991-08-24,Female,United Kingdom,,Employed,5.8,53842.22,4486.85,2021-08-01
CUST0000394,Elena,Kowalski,1978-08-24,Male,United Kingdom,London,Self-employed,1.9,64100.7,5341.72,2026-05-24
CUST0000395,Lucas,Smith,1974-08-24,Female,Spain,Madrid,Employed,9.8,32796.82,2733.07,2021-08-12
CUST0000396,Tomasz,Novak,1982-08-24,Male,Spain,Barcelona,Self-employed,4.6,19355.61,1612.97,2020-05-02
CUST0000397,Laura,Dubois,1973-08-23,Male,United Kingdom,Manchester,Self-employed,12.1,-56527.7,4710.64,2020-07-11
CUST0000398,Tomasz,Novak,1981-08-23,Female,France,Paris,Unemployed,0.4,5873.87,489.49,2019-03-16
CUST0000399,Elena,Andersson,1977-08-23,Female,Poland,Wroclaw,Employed,17.7,29312.16,2442.68,2024-12-20
CUST0000400,Maria,Kowalski,1994-08-24,Female,United Kingdom,London,Self-employed,7.4,44774.1,3731.18,2019-01-15
CUST0000401,Hugo,Jansen,1987-08-24,Male,Netherlands,Amsterdam,Employed,6.3,66634.42,5552.87,2023-07-23
CUST0000402,Felix,Muller,1981-08-23,Female,France,Paris,Employed,16.9,74801.58,6233.46,2022-01-20
CUST0000403,Piotr,Smith,1973-08-23,Male,United Kingdom,Manchester,Self-employed,13.5,72772.3,6064.36,2019-09-22
CUST0000404,Sofia,Dubois,1990-08-24,Male,Germany,Frankfurt,Self-employed,3.9,80262.04,6688.5,2025-10-05
CUST0000405,Lucas,Fischer,1977-08-23,Male,Spain,Madrid,Employed,13.2,46551.99,3879.33,2024-09-03
CUST0000406,Hugo,Moreau,1988-08-23,Female,Netherlands,Amsterdam,Retired,11.4,19219.88,1601.66,2025-04-08
CUST0000407,Felix,Smith,1986-08-24,Female,Poland,Krakow,Employed,6.6,57884.59,4823.72,2026-03-01
CUST0000408,Nina,Jansen,1972-08-23,Female,Poland,Krakow,Employed,12.5,58439.68,4869.97,2025-12-22
CUST0000409,Nina,Silva,2008-08-23,Female,France,Marseille,Student,0.5,11847.95,987.33,2024-05-10
CUST0000410,Lucas,Andersson,2002-08-24,Female,Germany,Munich,Employed,6.0,,5460.71,2023-01-30
CUST0000411,Laura,Silva,2005-08-23,Male,France,Lyon,Unemployed,0.4,4187.73,348.98,2024-04-30
CUST0000412,Piotr,Novak,2008-08-23,Male,Poland,Gdansk,Employed,0.0,61879.93,5156.66,2022-06-07
CUST0000413,Lucas,Lopez,1993-08-23,Male,Germany,Frankfurt,Unemployed,1.1,9753.73,812.81,2020-05-21
CUST0000414,Piotr,Fischer,1974-08-24,Male,France,Lyon,Self-employed,6.7,65487.27,5457.27,2021-12-13
CUST0000415,Anna,Nowak,1988-08-23,Female,France,,Self-employed,6.2,39241.73,3270.14,2022-07-28
CUST0000416,Diego,Smith,1981-08-23,Male,United Kingdom,Birmingham,Employed,5.9,17014.99,1417.92,2019-05-10
CUST0000417,Nina,Smith,1969-08-23,Male,United Kingdom,,Self-employed,5.8,,7277.6,2025-06-24
CUST0000418,Julia,Jansen,1965-08-23,Male,United Kingdom,London,Employed,2.6,44516.47,3709.71,2025-12-15
CUST0000419,Anna,Jansen,1985-08-23,Male,Spain,Madrid,Student,0.6,10380.05,865.0,2022-03-19
CUST0000420,Jan,Novak,1965-08-23,Female,United Kingdom,London,Employed,4.5,62348.38,5195.7,2022-10-17
CUST0000421,Jan,Dubois,1983-08-24,Female,France,Marseille,Employed,18.3,47792.22,3982.68,2025-06-06
CUST0000422,Hugo,Garcia,1996-08-23,Female,France,Lyon,Retired,3.2,28343.85,2361.99,2022-06-25
CUST0000423,Piotr,Smith,1992-08-23,Female,Poland,Krakow,Employed,16.0,56533.09,4711.09,2024-04-05
CUST0000424,Sofia,Fischer,2005-08-23,Male,Poland,Krakow,Employed,3.0,67765.54,5647.13,2022-12-09
CUST0000425,Diego,Rossi,1996-08-23,Female,France,Paris,Self-employed,12.0,28574.09,2381.17,2021-01-27
CUST0000426,Elena,Kowalski,1989-08-23,Male,Italy,Turin,Employed,7.9,53582.59,4465.22,2025-01-27
CUST0000427,Nina,Lopez,1973-08-23,Male,United Kingdom,Manchester,Employed,2.3,92505.37,7708.78,2020-06-22
CUST0000428,Sofia,Muller,1960-08-23,Female,Poland,Gdansk,Employed,2.4,78905.57,6575.46,2020-09-18
CUST0000429,Tomasz,Silva,2003-08-24,Female,France,Paris,Employed,4.2,47586.35,3965.53,2024-04-15
CUST0000430,Piotr,Fischer,1979-08-24,Male,Poland,Wroclaw,Employed,5.1,46421.55,3868.46,2024-06-05
CUST0000431,Diego,Garcia,1999-08-24,Male,United Kingdom,London,Employed,6.9,15499.2,1291.6,2026-04-19
CUST0000432,Jan,Rossi,1977-08-23,Female,Spain,Valencia,Employed,9.1,45657.36,3804.78,2024-06-08
CUST0000433,Hugo,Garcia,1986-08-24,Female,France,Lyon,Employed,6.3,28902.36,2408.53,2019-03-10
CUST0000434,Julia,Muller,2008-08-23,Male,France,Lyon,Employed,0.0,52673.76,4389.48,2025-06-30
CUST0000435,Nina,Muller,1971-08-24,Female,Poland,Wroclaw,Self-employed,9.8,20943.19,1745.27,2022-03-02
CUST0000436,Lucas,Muller,1992-08-23,Male,Germany,Munich,Self-employed,6.1,5983.1,498.59,2019-01-25
CUST0000437,Maria,Smith,1991-08-24,Female,Italy,Turin,Employed,11.3,56966.64,4747.22,2023-06-06
CUST0000438,Nina,Jansen,1999-08-24,Female,United Kingdom,Manchester,Employed,9.0,70080.05,5840.0,2020-04-20
CUST0000439,Laura,Kowalski,1993-08-23,Male,France,Marseille,Retired,10.0,25797.04,2149.75,2022-03-07
CUST0000440,Lucas,Fischer,1978-08-24,Male,Germany,Berlin,Employed,10.4,95272.63,7939.39,2022-08-08
CUST0000441,Marco,Andersson,1987-08-24,Male,Poland,Krakow,Employed,8.2,51366.13,,2019-07-27
CUST0000442,Marco,Kowalski,1979-08-24,Female,Poland,Gdansk,,15.3,144220.46,12018.37,2025-07-03
CUST0000443,Lucas,Fischer,1979-08-24,Non-binary,Poland,Warsaw,Employed,7.1,56680.11,4723.34,2022-11-26
CUST0000444,Sofia,Kowalski,1966-08-24,Female,Germany,Berlin,Unemployed,0.8,11714.68,976.22,2026-05-19
CUST0000445,Sofia,Jansen,1989-08-23,Female,Netherlands,Utrecht,Retired,7.2,20643.25,1720.27,2022-07-22
CUST0000446,Sofia,Smith,2005-08-23,Female,France,Paris,Retired,2.3,24915.57,2076.3,2023-07-20
CUST0000447,Anna,Jansen,1969-08-23,Female,Poland,Krakow,Employed,2.1,28266.93,2355.58,2025-03-18
CUST0000448,Elena,Lopez,1989-08-23,Male,Poland,Wroclaw,Employed,13.1,42872.6,3572.72,2020-08-15
CUST0000449,Piotr,Moreau,1968-08-23,Female,Poland,Warsaw,Employed,18.5,48637.27,4053.11,2025-12-13
CUST0000450,Maria,Garcia,1979-08-24,Male,Spain,Madrid,Employed,5.5,64938.14,5411.51,2020-05-30
CUST0000451,Maria,Silva,1986-08-24,Female,Germany,Berlin,Employed,13.2,36501.09,3041.76,2026-08-13
CUST0000452,Felix,Lopez,1979-08-24,Non-binary,Spain,Madrid,Self-employed,1.1,43467.38,3622.28,2023-11-21
CUST0000453,Lucas,Novak,1957-08-23,Female,Spain,Madrid,Employed,10.0,46588.85,3882.4,2022-12-19
CUST0000454,Marco,Moreau,1955-08-24,Male,Poland,Poznan,Retired,7.1,24564.71,2047.06,2020-08-09
CUST0000455,Emma,Smith,1983-08-24,Female,France,Paris,Employed,20.5,53832.95,4486.08,2023-05-09
CUST0000456,Jan,Garcia,1982-08-24,Female,Netherlands,Amsterdam,Employed,6.4,42310.09,3525.84,2023-03-25
CUST0000457,Marco,Jansen,1969-08-23,Male,Germany,Berlin,Retired,3.0,23425.42,1952.12,2026-07-10
CUST0000458,Piotr,Fischer,1996-08-23,Male,Poland,Wroclaw,Self-employed,1.8,26856.21,2238.02,2025-05-20
CUST0000459,Nina,Lopez,1979-08-24,Male,Netherlands,Utrecht,Employed,7.2,72350.44,6029.2,2022-09-10
CUST0000460,Anna,Andersson,1984-08-23,Female,Italy,Milan,Employed,8.2,67990.44,5665.87,2021-12-24
CUST0000461,Emma,Andersson,1980-08-23,Male,France,Paris,Employed,6.1,83127.13,6927.26,2021-12-17
CUST0000462,Nina,Jansen,1996-08-23,Male,France,Paris,Employed,12.0,46782.03,3898.5,2021-11-23
CUST0000463,Diego,Rossi,2006-08-24,Male,Poland,Wroclaw,Employed,2.0,81131.01,6760.92,2019-02-07
CUST0000464,Julia,Dubois,2008-08-23,Female,Spain,Madrid,Employed,0.0,27067.19,2255.6,2019-04-11
CUST0000465,Piotr,Smith,2000-08-23,Male,Germany,Frankfurt,Employed,1.3,27139.65,2261.64,2024-09-29
CUST0000466,Marco,Fischer,1990-08-24,Male,Poland,Poznan,Employed,8.8,31366.66,2613.89,2020-12-10
CUST0000467,Piotr,Jansen,1988-08-23,Male,United Kingdom,Manchester,Self-employed,15.5,67309.63,5609.14,2022-02-22
CUST0000468,Laura,Fischer,1957-08-23,Female,Netherlands,Utrecht,Unemployed,0.3,2768.02,230.67,2024-05-04
CUST0000469,Sofia,Kowalski,1969-08-23,Female,Spain,Madrid,Employed,10.4,53197.42,4433.12,2023-08-24
CUST0000470,Laura,Novak,1997-08-23,Male,Poland,Warsaw,Employed,2.8,81762.2,6813.52,2021-10-03
CUST0000471,Laura,Jansen,1979-08-24,Male,Poland,Gdansk,Employed,8.7,40517.05,3376.42,2024-10-02
CUST0000472,Felix,Lopez,1990-08-24,Male,Netherlands,Utrecht,Unemployed,0.0,18976.04,1581.34,2020-03-18
CUST0000473,Marco,Smith,1988-08-23,Female,Netherlands,Amsterdam,Self-employed,8.8,13595.05,1132.92,2022-08-13
CUST0000474,Felix,Smith,1981-08-23,Female,France,Lyon,Self-employed,24.1,35456.9,2954.74,2019-10-23
CUST0000475,Emma,Nowak,1975-08-24,Male,United Kingdom,London,Employed,18.4,46520.28,3876.69,2023-01-24
CUST0000476,Laura,Fischer,1989-08-23,Female,Germany,Hamburg,Employed,11.8,49009.53,4084.13,2019-09-23
CUST0000477,Laura,Andersson,1969-08-23,Female,Germany,Hamburg,Employed,14.5,69908.93,5825.74,2026-03-14
CUST0000478,Diego,Moreau,2000-08-23,Male,Poland,Poznan,Employed,8.0,42417.43,3534.79,2024-01-15
CUST0000479,Lucas,Nowak,1984-08-23,Male,Poland,Wroclaw,Self-employed,6.8,65243.45,5436.95,2020-11-16
CUST0000480,Nina,Muller,1948-08-23,Male,Poland,Poznan,Employed,5.0,40284.07,3357.01,2023-09-08
CUST0000481,Marco,Moreau,1981-08-23,Female,Spain,Barcelona,Employed,2.7,28016.03,2334.67,2021-09-04
CUST0000482,Lucas,Kowalski,1964-08-23,Female,Poland,Gdansk,Employed,18.9,44888.91,3740.74,2022-12-19
CUST0000483,Lucas,Jansen,1983-08-24,Male,Poland,Warsaw,Employed,24.7,94448.67,7870.72,2020-04-12
CUST0000484,Hugo,Dubois,1976-08-23,Female,France,Lyon,Employed,7.3,53508.92,4459.08,2022-10-29
CUST0000485,Tomasz,Lopez,1985-08-23,Female,Poland,Wroclaw,Employed,7.4,37782.73,3148.56,2019-10-26
CUST0000486,Jan,Fischer,1986-08-24,Female,Poland,Wroclaw,Retired,10.9,23037.08,1919.76,2020-03-03
CUST0000487,Nina,Moreau,1995-08-24,Male,France,Paris,Unemployed,0.1,2745.51,228.79,2023-06-20
CUST0000488,Nina,Rossi,1978-08-24,Male,Germany,Munich,Retired,3.0,15656.41,1304.7,2022-10-30
CUST0000489,Jan,Silva,1996-08-23,Male,United Kingdom,Birmingham,Self-employed,2.3,23570.8,,2021-03-30
CUST0000490,Felix,Andersson,1975-08-24,Male,Italy,Rome,Self-employed,24.1,70456.88,5871.41,2019-06-17
CUST0000491,Laura,Lopez,1969-08-23,Female,Poland,Poznan,Employed,1.5,81881.26,6823.44,2022-03-28
CUST0000492,Jan,Kowalski,1979-08-24,Female,Italy,Milan,Employed,9.1,40956.32,3413.03,2026-01-29
CUST0000493,Lucas,Lopez,1988-08-23,Female,Italy,Milan,Employed,1.7,88627.26,7385.6,2024-05-31
CUST0000494,Diego,Rossi,1978-08-24,Female,Spain,Madrid,Employed,6.6,-92261.72,7688.48,2019-06-12
CUST0000495,Sofia,Nowak,1988-08-23,Female,United Kingdom,London,Employed,5.4,51796.28,4316.36,2026-03-04
CUST0000496,Elena,Silva,1971-08-24,Female,United Kingdom,London,Employed,2.0,26091.58,2174.3,2022-03-28
CUST0000497,Emma,Novak,2008-08-23,Female,United Kingdom,London,Retired,0.0,24636.32,2053.03,2023-05-28
CUST0000498,Piotr,Nowak,1989-08-23,Male,United Kingdom,London,Employed,2.8,129076.65,10756.39,2019-01-02
CUST0000499,Marco,Kowalski,2008-08-23,Male,Poland,Warsaw,Employed,0.0,56478.33,4706.53,2021-05-16
CUST0000500,Julia,Moreau,2005-08-23,Female,Netherlands,Amsterdam,Employed,3.0,43151.94,3596.0,2025-01-04
CUST0000501,Hugo,Lopez,1965-08-23,Female,France,Marseille,Employed,5.5,75664.98,6305.42,2021-07-12
CUST0000502,Elena,Muller,1971-08-24,Male,Spain,Barcelona,Retired,3.8,18810.21,1567.52,2020-04-09
CUST0000503,Piotr,Moreau,1994-08-24,Male,Germany,Berlin,Employed,12.5,72526.44,6043.87,2019-09-11
CUST0000504,Felix,Moreau,2005-08-23,Male,Poland,Poznan,Retired,2.7,17246.01,1437.17,2026-01-27
CUST0000505,Julia,Lopez,2008-08-23,Female,France,Paris,Unemployed,0.9,12298.36,1024.86,2025-03-20
CUST0000506,Maria,Garcia,1992-08-23,Male,France,Lyon,Employed,16.0,96564.88,8047.07,2019-05-03
CUST0000507,Elena,Silva,1950-08-24,Female,Germany,Berlin,Employed,22.0,43612.18,3634.35,2026-01-28
CUST0000508,Marco,Lopez,1978-08-24,Female,Poland,Warsaw,Employed,6.5,58436.15,4869.68,2025-04-11
CUST0000509,Tomasz,Moreau,1992-08-23,Female,Poland,Warsaw,Employed,6.4,31036.72,2586.39,2021-10-02
CUST0000510,Hugo,Silva,1977-08-23,Female,France,Lyon,Employed,13.0,71756.55,5979.71,2024-01-08
CUST0000511,Anna,Muller,2006-08-24,Female,Germany,Munich,Student,1.4,9635.72,802.98,2020-12-21
CUST0000512,Piotr,Nowak,1988-08-23,Female,Netherlands,Rotterdam,Employed,3.0,48965.83,4080.49,2020-11-28
CUST0000513,Laura,Garcia,1983-08-24,Male,Poland,Poznan,Unemployed,0.5,6547.95,545.66,2024-06-18
CUST0000514,Marco,Kowalski,1985-08-23,Female,Poland,Poznan,Employed,8.6,58658.13,4888.18,2020-07-19
CUST0000515,Anna,Muller,1973-08-23,Female,Poland,Poznan,Student,1.1,14251.47,1187.62,2021-09-19
CUST0000516,Anna,Nowak,1979-08-24,Female,France,Lyon,Employed,11.6,50374.49,4197.87,2021-09-25
CUST0000517,Diego,Novak,1975-08-24,Female,Germany,Hamburg,Employed,10.3,47646.99,3970.58,2020-02-24
CUST0000518,Maria,Silva,1994-08-24,Female,United Kingdom,Manchester,Employed,14.0,37999.47,3166.62,2025-05-02
CUST0000519,Jan,Jansen,1971-08-24,Female,Netherlands,Amsterdam,Employed,6.8,,5954.0,2024-02-25
CUST0000520,Julia,Fischer,1961-08-23,Female,Poland,Wroclaw,Unemployed,1.4,4611.84,384.32,2025-08-04
CUST0000521,Jan,Dubois,1998-08-24,Male,United Kingdom,London,Employed,4.6,93864.3,7822.02,2023-01-03
CUST0000522,Laura,Dubois,1996-08-23,Male,Poland,Gdansk,,11.7,42438.11,3536.51,2020-05-04
CUST0000523,Julia,Muller,1965-08-23,Male,Poland,Krakow,Employed,5.1,63651.96,5304.33,2021-02-19
CUST0000524,Laura,Smith,1987-08-24,Male,Germany,Frankfurt,Employed,6.6,61352.23,5112.69,2021-09-14
CUST0000525,Lucas,Muller,1964-08-23,Male,Poland,Gdansk,Employed,7.4,51727.63,4310.64,2026-03-15
CUST0000526,Nina,Silva,1990-08-24,Non-binary,France,Lyon,Full-time,4.9,26519.18,2209.93,2020-10-25
CUST0000527,Laura,Lopez,1964-08-23,Male,United Kingdom,Birmingham,,15.8,32176.12,2681.34,2024-04-19
CUST0000528,Emma,Jansen,1982-08-24,Male,Spain,Barcelona,EMPLOYED,5.3,36409.58,3034.13,2019-12-09
CUST0000529,Anna,Rossi,1980-08-23,Male,France,Paris,Employed,7.1,20934.78,1744.56,2026-04-24
CUST0000530,Sofia,Andersson,1962-08-24,Male,France,Paris,Retired,10.8,24443.53,,2023-12-11
CUST0000531,Maria,Fischer,1989-08-23,Female,Germany,Berlin,Employed,19.0,103185.38,8598.78,2022-04-17
CUST0000532,Anna,Smith,1997-08-23,Female,Poland,Gdansk,Self-employed,11.0,34777.05,,2021-08-24
CUST0000533,Sofia,Garcia,1990-08-24,Female,Poland,Wroclaw,Employed,7.5,60217.14,5018.1,2021-09-17
CUST0000534,Piotr,Andersson,1978-08-24,Female,United Kingdom,London,,1.1,47921.17,3993.43,2020-09-21
CUST0000535,Jan,Muller,2006-08-24,Male,Netherlands,Rotterdam,Employed,2.0,19513.46,1626.12,2023-08-03
CUST0000536,Sofia,Lopez,1975-08-24,Female,Poland,Krakow,Employed,4.2,23250.28,1937.52,2025-08-15
CUST0000537,Julia,Rossi,1992-08-23,Male,France,Marseille,Employed,5.6,,4219.85,2020-11-04
CUST0000538,Maria,Rossi,1968-08-23,Male,Spain,Valencia,Employed,5.1,115416.68,9618.06,2024-09-21
CUST0000539,Sofia,Novak,2008-08-23,Male,Spain,Madrid,Employed,0.0,35793.65,2982.8,2023-05-01
CUST0000540,Anna,Kowalski,1995-08-24,Female,France,Marseille,Student,0.9,13007.23,1083.94,2024-12-01
CUST0000541,Anna,Muller,2008-08-23,Female,France,Lyon,Employed,0.0,68992.39,5749.37,2024-11-19
CUST0000542,Maria,Nowak,1996-08-23,Male,United Kingdom,London,Employed,12.0,43946.4,3662.2,2019-04-20
CUST0000543,Lucas,Dubois,1981-08-23,Male,Italy,Turin,Employed,2.5,50354.81,4196.23,2019-03-01
CUST0000544,Laura,Jansen,1987-08-24,Non-binary,Poland,Warsaw,Employed,7.3,85783.5,7148.62,2025-12-30
CUST0000545,Nina,Muller,1988-08-23,Male,Netherlands,Amsterdam,Self-employed,6.5,46913.8,3909.48,2020-03-10
CUST0000546,Laura,Rossi,1986-08-24,Male,Poland,Warsaw,Employed,9.3,45368.93,3780.74,2023-05-25
CUST0000547,Tomasz,Novak,1981-08-23,Female,Spain,Barcelona,Employed,15.4,41454.28,3454.52,2024-10-04
CUST0000548,Elena,Lopez,1998-08-24,Female,Poland,Wroclaw,Employed,10.0,95784.49,7982.04,2022-11-08
CUST0000549,Sofia,Kowalski,1974-08-24,Female,Poland,Krakow,Employed,7.5,52596.84,4383.07,2019-01-18
CUST0000550,Nina,Silva,1975-08-24,Male,Poland,Warsaw,Retired,4.2,32333.54,2694.46,2019-01-30
CUST0000551,Elena,Kowalski,1979-08-24,Male,Germany,Berlin,Employed,3.9,78867.23,6572.27,2024-02-14
CUST0000552,Tomasz,Jansen,1976-08-23,Female,Poland,Gdansk,Unemployed,1.3,4852.64,404.39,2025-11-12
CUST0000553,Diego,Moreau,1980-08-23,Male,Poland,Gdansk,Employed,9.0,39235.19,3269.6,2021-08-17
CUST0000554,Maria,Fischer,1956-08-23,Female,Germany,Frankfurt,Retired,0.8,25815.8,2151.32,2023-02-28
CUST0000555,Elena,Garcia,1985-08-23,Female,Germany,Hamburg,Employed,2.3,88654.22,7387.85,2026-02-21
CUST0000556,Tomasz,Garcia,1988-08-23,Female,Spain,Barcelona,Employed,9.0,58691.93,4890.99,2025-04-23
CUST0000557,Piotr,Novak,1995-08-24,Female,Italy,Turin,Self-employed,13.0,74868.47,6239.04,2023-02-18
CUST0000558,Anna,Fischer,1998-08-24,Male,United Kingdom,Manchester,Employed,10.0,63378.33,5281.53,2024-01-05
CUST0000559,Hugo,Garcia,2001-08-23,Female,Poland,Wroclaw,Employed,7.0,,4523.28,2026-05-08
CUST0000560,Emma,Kowalski,1996-08-23,Male,Poland,Krakow,Student,0.6,10331.04,860.92,2025-02-03
CUST0000561,Sofia,Smith,1985-08-23,Male,Italy,Milan,Employed,15.6,44874.39,3739.53,2022-03-07
CUST0000562,Emma,Silva,1979-08-24,Female,Poland,Warsaw,Self-employed,5.3,88025.26,7335.44,2024-04-19
CUST0000563,Felix,Smith,1983-08-24,Female,Germany,Berlin,Self-employed,14.6,54765.49,4563.79,2021-07-07
CUST0000564,Emma,Lopez,1995-08-24,Male,Netherlands,Utrecht,Unemployed,0.3,5908.09,492.34,2026-01-16
CUST0000565,Jan,Fischer,1971-08-24,Female,Netherlands,Utrecht,Retired,2.3,20386.92,1698.91,2019-09-19
CUST0000566,Sofia,Fischer,1974-08-24,Male,Germany,Berlin,Employed,5.5,50604.22,4217.02,2020-09-21
CUST0000567,Maria,Kowalski,1986-08-24,Female,United Kingdom,London,Employed,1.4,40415.61,3367.97,2021-08-24
CUST0000568,Laura,Fischer,1993-08-23,Male,Germany,Berlin,Employed,10.8,79580.33,6631.69,2020-07-18
CUST0000569,Nina,Novak,1976-08-23,Male,Spain,Valencia,Employed,4.7,46147.65,3845.64,2023-07-20
CUST0000570,Diego,Dubois,1981-08-23,Female,Poland,Krakow,Unemployed,0.1,6735.48,561.29,2024-06-13
CUST0000571,Laura,Silva,2004-08-23,Female,Poland,Krakow,Employed,4.0,26626.01,2218.83,2025-10-23
CUST0000572,Nina,Fischer,1985-08-23,Male,France,Paris,Employed,5.4,24988.99,2082.42,2022-11-01
CUST0000573,Emma,Moreau,1980-08-23,Female,Poland,Gdansk,Employed,3.8,24125.64,2010.47,2023-10-02
CUST0000574,Laura,Jansen,1997-08-23,Female,United Kingdom,Manchester,Employed,10.5,68758.07,5729.84,2023-08-01
CUST0000575,Jan,Kowalski,1981-08-23,Female,Germany,Frankfurt,Unemployed,0.6,3638.81,303.23,2019-01-10
CUST0000576,Julia,Silva,2004-08-23,Female,Italy,Turin,Employed,4.0,30777.68,2564.81,2024-06-01
CUST0000577,Julia,Andersson,1965-08-23,Male,Spain,Madrid,Employed,9.3,59511.12,4959.26,2019-03-06
CUST0000578,Anna,Kowalski,1967-08-24,Male,Germany,Frankfurt,Self-employed,15.5,30620.08,2551.67,2023-03-09
CUST0000579,Julia,Fischer,1988-08-23,Female,Spain,Barcelona,Retired,14.7,22538.67,1878.22,2026-08-24
CUST0000580,Hugo,Muller,1979-08-24,Male,Poland,Poznan,Employed,4.9,53324.7,4443.72,2025-01-09
CUST0000581,Marco,Moreau,2008-08-23,Female,Germany,Berlin,Retired,0.0,29981.74,2498.48,2022-11-15
CUST0000582,Julia,Jansen,2000-08-23,Female,Poland,Gdansk,Employed,8.0,50450.09,4204.17,2021-06-09
CUST0000583,Sofia,Rossi,1988-08-23,Male,Italy,Turin,Unemployed,0.6,5307.25,442.27,2025-05-27
CUST0000584,Sofia,Kowalski,1999-08-24,Non-binary,Spain,Barcelona,Employed,9.0,,5241.47,2025-07-27
CUST0000585,Maria,Kowalski,1974-08-24,Female,Italy,Rome,Employed,1.3,51966.78,4330.56,2021-10-24
CUST0000586,Marco,Novak,1956-08-23,Female,Italy,Turin,Self-employed,0.8,33680.04,2806.67,2019-10-28
CUST0000587,Nina,Dubois,2000-08-23,Male,Netherlands,Utrecht,Employed,7.5,16534.27,1377.86,2023-06-15
CUST0000588,Elena,Fischer,1996-08-23,Male,Poland,Wroclaw,Employed,6.0,44413.67,3701.14,2023-11-06
CUST0000589,Laura,Garcia,1981-08-23,Female,Netherlands,Rotterdam,Employed,12.0,64268.72,5355.73,2026-02-21
CUST0000590,Tomasz,Moreau,1961-08-23,Female,France,Paris,Employed,3.9,99323.13,8276.93,2025-10-22
CUST0000591,Tomasz,Lopez,2001-08-23,Male,Germany,Berlin,Employed,7.0,104289.62,8690.8,2020-10-01
CUST0000592,Lucas,Nowak,1981-08-23,Female,France,Marseille,Employed,11.6,30217.72,2518.14,2020-12-06
CUST0000593,Emma,Andersson,1959-08-24,Female,Poland,Wroclaw,Employed,4.0,43100.61,3591.72,2026-08-16
CUST0000594,Tomasz,Lopez,2007-08-24,Female,Poland,Krakow,Retired,1.0,10476.63,873.05,2021-07-01
CUST0000595,Nina,Rossi,2002-08-24,Female,Poland,Poznan,Student,0.3,6381.09,531.76,2022-07-04
CUST0000596,Emma,Kowalski,1990-08-24,Female,Poland,Warsaw,Employed,12.3,27922.6,2326.88,2021-05-03
CUST0000597,Tomasz,Moreau,1991-08-24,Male,Germany,Berlin,Employed,10.6,100514.57,8376.21,2022-01-03
CUST0000598,Lucas,Smith,1973-08-23,Male,Italy,Rome,Employed,11.1,81602.6,6800.22,2023-04-25
CUST0000599,Sofia,Kowalski,1981-08-23,Male,United Kingdom,Manchester,Employed,5.9,58895.99,4908.0,2021-03-27
CUST0000600,Sofia,Fischer,2008-08-23,Non-binary,France,Lyon,Retired,0.0,31725.84,2643.82,2022-02-27
CUST0000601,Jan,Andersson,1977-08-23,Female,Germany,Berlin,Employed,6.4,54761.98,4563.5,2021-09-11
CUST0000602,Lucas,Kowalski,1992-08-23,Female,Germany,Munich,Employed,16.0,99433.2,8286.1,2019-10-29
CUST0000603,Hugo,Garcia,1966-08-24,Male,Poland,Krakow,Employed,7.1,85502.91,7125.24,2025-01-06
CUST0000604,Laura,Kowalski,1993-08-23,Female,Spain,Barcelona,Employed,14.1,89075.55,7422.96,2025-10-25
CUST0000605,Felix,Lopez,1993-08-23,Male,Poland,Wroclaw,Retired,6.0,13202.65,1100.22,2022-10-06
CUST0000606,Anna,Kowalski,1976-08-23,Male,United Kingdom,Birmingham,Self-employed,17.0,79653.6,6637.8,2020-07-25
CUST0000607,Nina,Fischer,1973-08-23,Female,Spain,Valencia,Employed,3.6,60242.24,5020.19,2023-12-02
CUST0000608,Nina,Jansen,1978-08-24,Female,France,Paris,Employed,9.7,45472.34,,2023-01-31
CUST0000609,Emma,Silva,2008-08-23,Female,Italy,Turin,Retired,0.0,14623.96,1218.66,2023-03-20
CUST0000610,Sofia,Fischer,1976-08-23,Female,Poland,Wroclaw,Employed,8.6,71944.48,5995.37,2023-07-20
CUST0000611,Marco,Moreau,1998-08-24,Female,Italy,Rome,Unemployed,0.1,3930.98,327.58,2024-06-28
CUST0000612,Laura,Nowak,1981-08-23,Female,United Kingdom,Manchester,Retired,7.1,21469.93,1789.16,2019-04-24
CUST0000613,Diego,Kowalski,2028-08-15,Male,Spain,Valencia,Employed,4.0,70327.25,5860.6,2019-10-05
CUST0000614,Laura,Nowak,1978-08-24,Male,United Kingdom,Birmingham,Retired,11.3,57091.56,4757.63,2019-09-25
CUST0000615,Julia,Andersson,1995-08-24,Male,Italy,Milan,Employed,9.9,48692.94,4057.75,2020-03-07
CUST0000616,Laura,Jansen,2002-08-24,Female,Netherlands,Amsterdam,Self-employed,4.1,24119.71,2009.98,2026-06-06
CUST0000617,Jan,Nowak,1974-08-24,Female,Germany,Berlin,Employed,4.0,43073.04,3589.42,2024-07-31
CUST0000618,Tomasz,Garcia,1981-08-23,Female,Spain,Madrid,Employed,3.4,79888.14,6657.34,2024-01-30
CUST0000619,Anna,Jansen,1993-08-23,Female,Spain,Valencia,Employed,2.8,99260.23,8271.69,2024-05-05
CUST0000620,Felix,Novak,1964-08-23,Male,Germany,Hamburg,Employed,11.9,39208.37,3267.36,2019-04-04
CUST0000621,Elena,Rossi,1990-08-24,Female,Netherlands,Rotterdam,Employed,3.2,44348.61,3695.72,2020-08-18
CUST0000622,Julia,Lopez,1984-08-23,Female,Germany,Hamburg,Employed,9.1,60684.46,5057.04,2025-01-27
CUST0000623,Marco,Lopez,1980-08-23,Male,France,Marseille,Employed,4.8,61710.63,5142.55,2022-07-16
CUST0000624,Hugo,Novak,1993-08-23,Female,Poland,Poznan,Employed,13.9,43901.91,3658.49,2022-11-21
CUST0000625,Laura,Smith,1977-08-23,Female,Poland,Warsaw,Employed,22.9,127052.61,10587.72,2024-09-26
CUST0000626,Hugo,Moreau,1991-08-24,Female,Italy,Milan,Student,0.3,10946.28,912.19,2019-07-30
CUST0000627,Julia,Novak,1990-08-24,Male,Germany,Frankfurt,Retired,3.6,44724.33,3727.03,2025-02-08
CUST0000628,Piotr,Jansen,1965-08-23,Male,Germany,Frankfurt,Employed,4.7,60003.92,5000.33,2024-03-16
CUST0000629,Jan,Smith,1999-08-24,Female,Poland,Krakow,Employed,6.1,63662.39,5305.2,2022-02-01
CUST0000630,Sofia,Fischer,2008-08-23,Male,Germany,Munich,Self-employed,0.0,40081.67,3340.14,2022-10-26
CUST0000631,Julia,Jansen,1961-08-23,Male,Spain,Valencia,Self-employed,2.2,35787.52,2982.29,2019-07-27
CUST0000632,Emma,Muller,1948-08-23,Male,Italy,Rome,Employed,23.2,120572.82,10047.74,2020-07-26
CUST0000633,Julia,Lopez,1990-08-24,Female,Poland,Wroclaw,Self-employed,6.0,44600.55,3716.71,2020-11-19
CUST0000634,Sofia,Kowalski,2008-08-23,Female,France,Paris,Employed,0.0,39749.42,3312.45,2025-09-17
CUST0000635,Felix,Andersson,1988-08-23,Male,Germany,Frankfurt,Employed,10.1,50921.16,4243.43,2019-11-11
CUST0000636,Marco,Andersson,1894-04-19,Female,France,Paris,Self-employed,1.8,23771.06,1980.92,2021-03-24
CUST0000637,Diego,Silva,1987-08-24,Male,Germany,Berlin,Self-employed,5.4,14231.97,1186.0,2020-01-03
CUST0000638,Emma,Kowalski,2000-08-23,Male,Germany,Munich,Unemployed,1.5,3121.68,,2021-03-05
CUST0000639,Lucas,Smith,1976-08-23,Female,Germany,Berlin,Employed,17.7,33373.91,2781.16,2019-01-30
CUST0000640,Tomasz,Moreau,1977-08-23,Male,France,Lyon,Employed,5.5,47103.84,3925.32,2021-01-31
CUST0000641,Sofia,Garcia,2005-08-23,Male,France,Paris,Employed,2.1,26222.92,2185.24,2024-07-14
CUST0000642,Piotr,Andersson,1974-08-24,Male,Germany,Munich,Employed,4.4,68604.44,5717.04,2024-11-13
CUST0000643,Emma,Moreau,1955-08-24,Female,Spain,Barcelona,Employed,5.3,60294.62,5024.55,2021-11-25
CUST0000644,Nina,Lopez,1982-08-24,Male,Spain,Barcelona,Employed,5.1,44906.12,3742.18,2024-05-26
CUST0000645,Maria,Jansen,1989-08-23,Male,Poland,Gdansk,Employed,3.4,47582.16,3965.18,2023-09-24
CUST0000646,Lucas,Rossi,1986-08-24,Male,Spain,Barcelona,Self-employed,1.9,64326.2,5360.52,2025-11-27
CUST0000647,Laura,Andersson,1975-08-24,Male,Italy,Milan,Employed,2.7,67874.39,5656.2,2025-02-25
CUST0000648,Hugo,Smith,2008-08-23,Male,Poland,Poznan,Employed,0.0,29789.82,2482.48,2020-10-02
CUST0000649,Emma,Silva,1982-08-24,Female,France,Paris,Self-employed,11.7,94065.79,7838.82,2023-07-03
CUST0000650,Jan,Novak,1989-08-23,Female,Poland,Poznan,Employed,14.9,60090.0,5007.5,2025-01-05
CUST0000651,Anna,Andersson,1958-08-24,Female,United Kingdom,Birmingham,Retired,7.7,33099.03,2758.25,2021-05-03
CUST0000652,Lucas,Garcia,1986-08-24,Male,Poland,Krakow,Employed,2.7,66130.96,5510.91,2023-05-20
CUST0000653,Nina,Novak,1961-08-23,Male,United Kingdom,London,Employed,4.7,23773.58,1981.13,2022-01-22
CUST0000654,Anna,Jansen,1999-08-24,Male,Poland,Krakow,Retired,0.9,27434.56,2286.21,2021-05-12
CUST0000655,Elena,Lopez,1976-08-23,Female,France,Paris,Employed,18.0,75519.39,6293.28,2020-07-10
CUST0000656,Laura,Andersson,1980-08-23,Male,Netherlands,Rotterdam,Employed,4.1,24736.42,2061.37,2019-04-10
CUST0000657,Anna,Moreau,1996-08-23,Male,Germany,Frankfurt,Self-employed,9.3,15343.24,1278.6,2024-09-25
CUST0000658,Marco,Lopez,1982-08-24,Female,Italy,Milan,Employed,14.2,52174.43,4347.87,2025-04-06
CUST0000659,Piotr,Lopez,1967-08-24,Male,Netherlands,Amsterdam,Self-employed,21.3,68633.86,5719.49,2023-12-26
CUST0000660,Felix,Novak,1989-08-23,Male,Italy,Rome,Retired,12.6,,1173.54,2020-11-04
CUST0000661,Julia,Silva,2008-08-23,Male,Poland,Poznan,Student,1.4,8825.31,735.44,2019-02-22
CUST0000662,Marco,Nowak,1984-08-23,Female,Spain,Madrid,Employed,10.2,32450.1,2704.18,2023-10-31
CUST0000663,Sofia,Dubois,1997-08-23,Male,Poland,Wroclaw,Employed,11.0,97191.63,8099.3,2020-07-12
CUST0000664,Tomasz,Smith,1989-08-23,Male,Germany,Hamburg,Self-employed,4.0,94627.88,7885.66,2023-03-13
CUST0000665,Anna,Novak,1985-08-23,Male,Italy,Rome,Employed,1.8,30055.63,2504.64,2026-06-02
CUST0000666,Sofia,Silva,2008-08-23,Male,United Kingdom,Manchester,Employed,0.0,24001.62,2000.14,2019-01-13
CUST0000667,Maria,Smith,2007-08-24,Non-binary,France,Lyon,Employed,1.0,51272.74,4272.73,2023-06-01
CUST0000668,Tomasz,Muller,1977-08-23,Female,Germany,Berlin,Employed,5.2,,3536.83,2026-08-09
CUST0000669,Laura,Novak,1991-08-24,Male,Spain,Barcelona,Employed,6.6,27199.0,2266.58,2021-07-22
CUST0000670,Lucas,Smith,2008-08-23,Female,United Kingdom,Manchester,Employed,0.0,59862.09,4988.51,2025-03-24
CUST0000671,Maria,Kowalski,1973-08-23,Non-binary,Germany,Berlin,Employed,3.3,21482.5,1790.21,2025-05-01
CUST0000672,Marco,Garcia,1980-08-23,Female,Italy,Turin,Employed,6.3,33018.73,2751.56,2022-09-20
CUST0000673,Diego,Moreau,1994-08-24,Female,Poland,Wroclaw,Retired,4.6,26519.82,2209.98,2021-05-07
CUST0000674,Piotr,Nowak,2002-08-24,Male,Poland,Warsaw,Employed,6.0,39959.97,3330.0,2024-03-15
CUST0000675,Maria,Dubois,1972-08-23,Female,United Kingdom,Birmingham,Employed,12.4,75567.64,6297.3,2023-09-27
CUST0000676,Jan,Jansen,1979-08-24,Male,Netherlands,Utrecht,Employed,5.2,87007.2,7250.6,2022-08-24
CUST0000677,Diego,Nowak,1951-08-24,Female,Poland,,Employed,5.0,80090.7,6674.22,2020-06-22
CUST0000678,Jan,Muller,1978-08-24,Male,Poland,Warsaw,Student,0.6,7760.75,646.73,2024-09-10
CUST0000679,Tomasz,Lopez,1979-08-24,Male,Poland,Krakow,Retired,20.6,23763.43,1980.29,2020-08-13
CUST0000680,Felix,Silva,1986-08-24,Female,Italy,Milan,Employed,9.7,49373.07,4114.42,2020-01-11
CUST0000681,Laura,Muller,1973-08-23,Male,Poland,Poznan,Employed,6.8,18495.35,1541.28,2019-07-07
CUST0000682,Emma,Muller,1975-08-24,Female,France,Lyon,Employed,2.3,57864.19,4822.02,2022-05-31
CUST0000683,Piotr,Dubois,1966-08-24,Male,Netherlands,Rotterdam,Employed,3.4,92044.92,7670.41,2019-12-02
CUST0000684,Anna,Novak,1991-08-24,Male,Poland,Warsaw,Employed,2.1,82283.9,6856.99,2021-07-26
CUST0000685,Maria,Novak,1990-08-24,Male,France,Lyon,Employed,14.6,66814.31,5567.86,2020-11-06
CUST0000686,Felix,Muller,1991-08-24,Female,France,,Employed,2.3,29795.26,2482.94,2022-07-07
CUST0000687,Maria,Novak,1973-08-23,Female,Spain,Barcelona,Employed,4.9,-40383.02,3365.25,2024-12-11
CUST0000688,Anna,Moreau,1963-08-24,Male,Germany,Munich,Employed,1.1,109326.96,9110.58,2022-06-12
CUST0000689,Diego,Garcia,1990-08-24,Male,Germany,Munich,Employed,1.6,26897.89,2241.49,2023-04-05
CUST0000690,Emma,Kowalski,1990-08-24,Male,Poland,Gdansk,,11.3,32988.76,2749.06,2020-02-04
CUST0000691,Marco,Lopez,1980-08-23,Female,Spain,Madrid,Employed,8.7,77516.77,6459.73,2019-11-12
CUST0000692,Hugo,Jansen,1987-08-24,Female,Spain,Madrid,Employed,7.0,42852.88,3571.07,2026-06-20
CUST0000693,Julia,Novak,1971-08-24,Male,Poland,Warsaw,Employed,5.0,30681.32,2556.78,2023-09-28
CUST0000694,Elena,Rossi,2008-08-23,Female,Germany,Frankfurt,Employed,0.0,91190.33,7599.19,2019-02-13
CUST0000695,Lucas,Rossi,1996-08-23,Female,Italy,Milan,Employed,4.5,,5073.11,2023-04-28
CUST0000696,Hugo,Garcia,1995-08-24,Male,Poland,Gdansk,Unemployed,1.1,3869.7,322.47,2019-01-29
CUST0000697,Elena,Garcia,2008-08-23,Female,Poland,Poznan,Retired,0.0,18033.29,1502.77,2019-08-04
CUST0000698,Lucas,Smith,1997-08-23,Male,France,Lyon,Employed,11.0,45386.04,3782.17,2021-11-09
CUST0000699,Sofia,Nowak,1997-08-23,Female,Poland,Wroclaw,Employed,11.0,32928.4,2744.03,2024-01-08
CUST0000700,Felix,Fischer,1987-08-24,Male,Poland,Krakow,Self-employed,8.6,71988.46,,2023-09-29
CUST0000701,Piotr,Jansen,1968-08-23,Male,Germany,Hamburg,Self-employed,6.9,36691.7,3057.64,2025-01-18
CUST0000702,Anna,Moreau,1987-08-24,Male,Poland,Poznan,Employed,8.0,122495.32,10207.94,2020-05-16
CUST0000703,Tomasz,Jansen,1998-08-24,Female,France,Marseille,Employed,4.2,49504.98,4125.42,2020-06-19
CUST0000704,Felix,Rossi,1985-08-23,Male,United Kingdom,Manchester,Employed,7.4,92709.3,7725.78,2023-01-29
CUST0000705,Jan,Jansen,1969-08-23,Male,France,Marseille,Employed,6.0,74054.11,6171.18,2025-08-23
CUST0000706,Diego,Muller,1998-08-24,Female,Poland,Gdansk,Employed,10.0,42424.78,3535.4,2024-07-11
CUST0000707,Diego,Fischer,1997-08-23,Female,Italy,Milan,Employed,8.2,41870.31,3489.19,2024-02-13
CUST0000708,Elena,Novak,1976-08-23,Female,Poland,Wroclaw,Employed,0.8,88820.85,7401.74,2019-09-20
CUST0000709,Emma,Muller,1987-08-24,Male,Spain,Madrid,Employed,4.8,92976.04,7748.0,2025-09-18
CUST0000710,Sofia,Silva,1975-08-24,Male,Germany,Munich,Employed,5.5,23021.7,1918.48,2026-07-12
CUST0000711,Julia,Jansen,1984-08-23,Male,Spain,Valencia,Self-employed,12.6,27441.63,2286.8,2023-06-15
CUST0000712,Maria,Muller,1974-08-24,Male,Poland,Warsaw,Employed,9.0,65909.75,5492.48,2021-07-29
CUST0000713,Diego,Nowak,1998-08-24,Male,Poland,,Employed,8.6,49540.57,4128.38,2024-01-25
CUST0000714,Laura,Novak,1984-08-23,Female,Germany,Hamburg,Employed,16.7,36293.61,3024.47,2023-11-30
CUST0000715,Lucas,Garcia,1987-08-24,Female,Poland,Krakow,Unemployed,0.6,,267.23,2026-02-07
CUST0000716,Julia,Jansen,2001-08-23,Male,Poland,Gdansk,Employed,7.0,57328.22,4777.35,2019-11-06
CUST0000717,Hugo,Garcia,2006-08-24,Female,United Kingdom,Manchester,Employed,2.0,27776.02,2314.67,2022-12-10
CUST0000718,Julia,Andersson,1974-08-24,Male,Spain,Madrid,Employed,5.2,41512.01,3459.33,2024-06-04
CUST0000719,Diego,Kowalski,1989-08-23,Male,Poland,Krakow,Unemployed,1.4,4828.7,402.39,2021-09-01
CUST0000720,Elena,Dubois,1998-08-24,Female,Italy,Turin,Self-employed,5.2,49898.52,4158.21,2025-06-05
CUST0000721,Felix,Jansen,1985-08-23,Male,Spain,Valencia,Retired,6.6,27008.41,2250.7,2019-06-30
CUST0000722,Tomasz,Smith,1968-08-23,Female,Italy,Turin,Employed,4.7,35937.13,2994.76,2019-10-22
CUST0000723,Hugo,Silva,2008-08-23,Male,United Kingdom,Birmingham,Employed,0.0,38911.45,3242.62,2025-01-17
CUST0000724,Sofia,Muller,2005-08-23,Male,United Kingdom,London,,3.0,47977.82,3998.15,2019-12-18
CUST0000725,Anna,Smith,1997-08-23,Male,France,Marseille,Employed,6.6,33400.68,2783.39,2022-03-14
CUST0000726,Emma,Novak,1964-08-23,Female,United Kingdom,London,Self-employed,18.3,,5211.51,2021-02-23
CUST0000727,Diego,Rossi,1980-08-23,Female,Italy,Rome,Employed,5.3,97864.07,8155.34,2024-04-05
CUST0000728,Maria,Muller,1973-08-23,Female,Poland,Poznan,Employed,4.1,61470.77,5122.56,2019-02-03
CUST0000729,Julia,Fischer,2000-08-23,Female,Poland,Wroclaw,Retired,8.0,21979.86,1831.66,2021-09-23
CUST0000730,Piotr,Novak,2000-08-23,Female,Poland,Poznan,Employed,8.0,110153.9,9179.49,2026-07-17
CUST0000731,Emma,Andersson,1978-08-24,Female,Netherlands,Utrecht,EMPLOYED,14.6,51431.2,4285.93,2021-10-27
CUST0000732,Maria,Fischer,1983-08-24,Non-binary,Germany,Berlin,Employed,6.0,40405.99,3367.17,2023-07-30
CUST0000733,Hugo,Novak,1976-08-23,Female,United Kingdom,Manchester,,11.4,36243.71,3020.31,2026-07-22
CUST0000734,Nina,Novak,1987-08-24,Female,Italy,Turin,Retired,4.5,12736.69,1061.39,2023-08-24
CUST0000735,Nina,Jansen,1980-08-23,Male,Netherlands,Rotterdam,Employed,7.3,107790.99,8982.58,2024-10-09
CUST0000736,Hugo,Kowalski,1982-08-24,Male,Poland,Wroclaw,Retired,5.5,25993.55,2166.13,2026-05-02
CUST0000737,Piotr,Silva,1973-08-23,Male,Spain,Barcelona,Retired,4.9,18508.08,1542.34,2023-09-20
CUST0000738,Julia,Garcia,1973-08-23,Male,Italy,Turin,Unemployed,1.0,7687.31,640.61,2025-05-12
CUST0000739,Jan,Novak,2007-08-24,Male,Poland,Warsaw,Retired,1.0,21002.29,1750.19,2022-11-20
CUST0000740,Marco,Smith,2008-08-23,Male,Spain,Valencia,Employed,0.0,37653.12,3137.76,2025-03-24
CUST0000741,Julia,Moreau,1970-08-24,Male,Germany,Frankfurt,,4.9,50238.15,4186.51,2023-11-29
CUST0000742,Laura,Silva,1967-08-24,Male,United Kingdom,Birmingham,Employed,12.8,50237.64,4186.47,2021-08-06
CUST0000743,Jan,Jansen,1998-08-24,Female,France,Lyon,Self-employed,3.2,41308.72,3442.39,2023-04-09
CUST0000744,Diego,Moreau,2008-08-23,Female,Poland,Wroclaw,Employed,0.0,64950.21,5412.52,2021-07-24
CUST0000745,Lucas,Smith,1983-08-24,Female,Poland,Krakow,Self-employed,2.6,22842.13,1903.51,2022-01-14
CUST0000746,Elena,Dubois,1971-08-24,Female,Poland,Krakow,Retired,2.5,27367.76,2280.65,2021-03-25
CUST0000747,Julia,Dubois,1959-08-24,Male,Poland,Gdansk,Employed,3.6,29568.91,2464.08,2022-10-03
CUST0000748,Julia,Moreau,1977-08-23,Female,United Kingdom,Manchester,Student,1.2,34762.57,2896.88,2021-08-26
CUST0000749,Hugo,Novak,1989-08-23,Female,Germany,Hamburg,Employed,2.6,66394.39,5532.87,2023-10-15
CUST0000750,Diego,Muller,1997-08-23,Female,Poland,Warsaw,Employed,6.9,65557.68,5463.14,2021-10-29
CUST0000751,Maria,Smith,1984-08-23,Male,United Kingdom,Birmingham,Employed,10.5,90392.65,7532.72,2022-10-03
CUST0000752,Julia,Dubois,1988-08-23,Female,United Kingdom,Manchester,Unemployed,1.0,6475.98,539.66,2020-01-27
CUST0000753,Anna,Andersson,1998-08-24,Male,France,Marseille,Emp.,1.3,70663.98,5888.66,2021-12-15
CUST0000754,Lucas,Kowalski,1955-08-24,Male,Netherlands,Amsterdam,Employed,5.5,87420.75,7285.06,2021-09-21
CUST0000755,Diego,Andersson,1959-08-24,Female,Germany,Hamburg,Employed,5.1,48161.79,4013.48,2026-05-08
CUST0000756,Diego,Novak,1968-08-23,Male,Spain,Barcelona,Employed,16.9,39057.24,3254.77,2022-06-01
CUST0000757,Sofia,Garcia,1997-08-23,Female,Poland,Wroclaw,Employed,5.7,123079.39,10256.62,2019-03-02
CUST0000758,Emma,Muller,1972-08-23,Female,United Kingdom,London,Retired,6.5,17287.28,1440.61,2021-05-14
CUST0000759,Julia,Silva,1975-08-24,Male,Netherlands,Rotterdam,Self-employed,1.8,60295.04,5024.59,2024-07-30
CUST0000760,Emma,Garcia,1978-08-24,Male,Italy,Rome,Unemployed,0.8,17914.62,1492.88,2020-04-06
CUST0000761,Maria,Lopez,1967-08-24,Female,France,Lyon,Employed,1.7,25709.12,2142.43,2020-03-31
CUST0000762,Sofia,Novak,1975-08-24,Male,United Kingdom,London,Student,0.2,4177.43,348.12,2021-11-08
CUST0000763,Emma,Lopez,1974-08-24,Female,Germany,,Employed,17.2,30900.65,2575.05,2021-09-23
CUST0000764,Julia,Jansen,1975-08-24,Male,United Kingdom,Manchester,Employed,3.6,63049.61,5254.13,2022-09-05
CUST0000765,Elena,Lopez,1979-08-24,Male,Spain,Madrid,Employed,5.7,100396.75,8366.4,2019-04-06
CUST0000766,Julia,Kowalski,2008-08-23,Male,Netherlands,Utrecht,Employed,0.0,51977.57,4331.46,2024-07-05
CUST0000767,Emma,Rossi,1983-08-24,Male,Germany,Hamburg,Employed,4.2,76100.17,6341.68,2020-08-20
CUST0000768,Laura,Kowalski,1992-08-23,Female,Poland,Warsaw,,7.4,65634.92,5469.58,2024-06-09
CUST0000769,Nina,Andersson,2002-08-24,Male,France,Paris,,6.0,22004.19,1833.68,2023-04-26
CUST0000770,Emma,Jansen,1960-08-23,Male,Poland,Gdansk,employed,16.7,45414.37,3784.53,2020-07-20
CUST0000771,Lucas,Rossi,1960-08-23,Male,Poland,Krakow,Self-employed,20.0,61529.6,5127.47,2022-08-04
CUST0000772,Piotr,Rossi,1965-08-23,Female,Poland,Gdansk,Student,1.1,14693.73,1224.48,2019-04-13
CUST0000773,Diego,Andersson,1980-08-23,Female,United Kingdom,Manchester,Employed,5.7,23094.11,,2024-05-14
CUST0000774,Diego,Muller,1965-08-23,Female,Poland,Krakow,Employed,5.1,70015.43,5834.62,2021-04-28
CUST0000775,Maria,Jansen,1984-08-23,Female,Poland,Krakow,Employed,3.6,25964.52,2163.71,2021-12-07
CUST0000776,Marco,Silva,1981-08-23,Female,Poland,Poznan,Employed,5.6,29636.46,2469.7,2020-03-14
CUST0000777,Sofia,Garcia,1999-08-24,Female,Italy,Rome,Employed,9.0,64927.37,5410.61,2021-10-16
CUST0000778,Elena,Garcia,1895-01-13,Male,United Kingdom,Manchester,Employed,17.3,87946.78,7328.9,2022-01-10
CUST0000779,Jan,Rossi,1983-08-24,Female,Poland,Krakow,Self-employed,25.0,58039.85,4836.65,2020-09-20
CUST0000780,Piotr,Silva,2002-08-24,Male,Poland,Warsaw,EMPLOYED,6.0,47593.84,3966.15,2026-06-28
CUST0000781,Marco,Garcia,1985-08-23,Male,France,Lyon,,2.3,62390.5,5199.21,2021-02-20
CUST0000782,Julia,Dubois,1985-08-23,Male,Poland,Wroclaw,Employed,10.0,66180.26,5515.02,2020-05-20
CUST0000783,Piotr,Jansen,1959-08-24,Female,France,Marseille,Retired,22.9,30503.96,2542.0,2023-03-12
CUST0000784,Julia,Muller,1971-08-24,Male,Germany,Berlin,Employed,18.9,52134.89,4344.57,2021-06-09
CUST0000785,Hugo,Jansen,1984-08-23,Male,Netherlands,Utrecht,,4.6,31702.58,2641.88,2022-06-21
CUST0000786,Diego,Nowak,1981-08-23,Male,Poland,Gdansk,Employed,2.5,-62373.97,5197.83,2024-07-18
CUST0000787,Jan,Nowak,1983-08-24,Male,United Kingdom,Birmingham,Self-employed,2.4,137261.96,11438.5,2019-08-07
CUST0000788,Maria,Garcia,1987-08-24,Male,Poland,Gdansk,Retired,3.8,23127.7,1927.31,2022-11-23
CUST0000789,Jan,Rossi,1999-08-24,Male,Netherlands,Rotterdam,Employed,4.3,64767.4,5397.28,2019-03-02
CUST0000790,Elena,Kowalski,1986-08-24,Male,Netherlands,Utrecht,,5.3,73577.15,6131.43,2019-05-03
CUST0000791,Laura,Lopez,1994-08-24,Female,United Kingdom,Birmingham,Employed,10.9,60686.89,5057.24,2019-09-16
CUST0000792,Julia,Rossi,2002-08-24,Male,Germany,Hamburg,Emp.,5.2,30911.37,2575.95,2020-03-27
CUST0000793,Nina,Fischer,1977-08-23,Female,Poland,Warsaw,Retired,7.1,20398.09,1699.84,2021-09-02
CUST0000794,Tomasz,Moreau,1979-08-24,Male,Spain,Barcelona,Employed,1.6,65171.17,5430.93,2026-02-25
CUST0000795,Piotr,Fischer,2008-08-23,Male,United Kingdom,Birmingham,Employed,0.0,47972.17,3997.68,2025-12-06
CUST0000796,Julia,Fischer,1986-08-24,Female,Poland,Gdansk,Unemployed,0.8,1793.16,149.43,2019-10-16
CUST0000797,Hugo,Nowak,1970-08-24,Male,Germany,Munich,Self-employed,1.3,30378.42,2531.54,2026-07-31
CUST0000798,Anna,Dubois,1969-08-23,Female,Germany,Berlin,Employed,5.1,41189.91,3432.49,2023-11-09
CUST0000799,Tomasz,Novak,1970-08-24,Female,Spain,Valencia,Employed,1.6,43091.57,3590.96,2023-03-27
CUST0000800,Lucas,Silva,1983-08-24,Female,United Kingdom,London,Employed,4.8,37644.11,3137.01,2025-01-21
CUST0000801,Jan,Kowalski,1996-08-23,Female,United Kingdom,London,Unemployed,1.2,7860.31,655.03,2022-09-15
CUST0000802,Sofia,Jansen,1999-08-24,Female,United Kingdom,Manchester,Self-employed,9.0,112817.67,9401.47,2021-01-11
CUST0000803,Lucas,Fischer,1979-08-24,Female,Poland,Gdansk,Freelance,3.3,28847.22,2403.94,2023-01-19
CUST0000804,Marco,Fischer,1979-08-24,Male,Germany,Munich,Unemployed,1.3,6099.5,508.29,2024-07-18
CUST0000805,Sofia,Dubois,1966-08-24,Male,Poland,Wroclaw,Employed,4.0,72510.84,6042.57,2024-03-21
CUST0000806,Laura,Garcia,1969-08-23,Female,Spain,Madrid,Employed,1.5,26855.79,2237.98,2020-04-19
CUST0000807,Emma,Rossi,1986-08-24,Male,Germany,,Employed,17.7,37222.21,3101.85,2026-03-05
CUST0000808,Lucas,Rossi,2001-08-23,Female,Germany,Berlin,Retired,7.0,21780.44,1815.04,2021-03-06
CUST0000809,Nina,Rossi,1988-08-23,Male,Poland,Wroclaw,Employed,9.6,45822.88,3818.57,2025-04-09
CUST0000810,Jan,Rossi,1981-08-23,Female,Poland,Wroclaw,Employed,19.7,113159.1,9429.93,2021-05-20
CUST0000811,Marco,Smith,1987-08-24,Male,France,Paris,Employed,4.8,78326.22,6527.18,2019-06-27
CUST0000812,Jan,Kowalski,1992-08-23,Female,Poland,Krakow,Self-employed,2.2,94560.69,7880.06,2026-08-15
CUST0000813,Elena,Garcia,1980-08-23,Male,Poland,,Self-employed,3.3,103629.14,8635.76,2023-07-03
CUST0000814,Maria,Rossi,2031-06-28,Female,Spain,Madrid,Self-employed,2.0,37939.08,3161.59,2020-08-22
CUST0000815,Diego,Muller,1993-08-23,Male,Germany,,Employed,14.5,27589.98,2299.16,2019-01-01
CUST0000816,Piotr,Moreau,1980-08-23,Female,Germany,Berlin,Retired,23.5,27283.5,2273.62,2019-12-27
CUST0000817,Marco,Andersson,1990-08-24,Male,Germany,Frankfurt,Self-employed,7.4,142263.14,11855.26,2020-04-19
CUST0000818,Tomasz,Moreau,1981-08-23,Male,Spain,Barcelona,Self-employed,11.2,67876.92,5656.41,2026-01-29
CUST0000819,Diego,Jansen,1980-08-23,Male,Poland,Warsaw,Self-employed,13.3,28826.77,2402.23,2020-05-09
CUST0000820,Maria,Nowak,2000-08-23,Male,Spain,Valencia,Retired,8.0,19811.69,1650.97,2020-03-28
CUST0000821,Piotr,Moreau,1991-08-24,Non-binary,Netherlands,Amsterdam,Retired,17.0,28149.81,2345.82,2025-05-28
CUST0000822,Elena,Smith,1964-08-23,Female,United Kingdom,Manchester,Employed,1.0,85517.17,7126.43,2025-09-21
CUST0000823,Marco,Andersson,2000-08-23,Female,Germany,Berlin,Employed,4.1,88070.65,7339.22,2020-08-06
CUST0000824,Piotr,Dubois,2008-08-23,Female,Spain,Valencia,Employed,0.0,29315.53,2442.96,2023-12-22
CUST0000825,Hugo,Smith,2008-08-23,Female,Germany,Hamburg,Unemployed,0.9,9481.46,790.12,2023-02-01
CUST0000826,Jan,Smith,1984-08-23,Male,Germany,Frankfurt,Self-employed,5.4,37190.49,3099.21,2023-05-31
CUST0000827,Diego,Garcia,1984-08-23,Non-binary,France,Paris,Employed,9.2,18177.77,1514.81,2021-05-19
CUST0000828,Elena,Jansen,1986-08-24,Non-binary,Poland,Krakow,Employed,9.0,50756.8,4229.73,2024-09-29
CUST0000829,Diego,Novak,1967-08-24,Male,Poland,Gdansk,Retired,13.0,24604.02,2050.34,2025-09-26
CUST0000830,Sofia,Kowalski,2008-08-23,Male,Germany,Frankfurt,Retired,0.0,19377.35,1614.78,2024-07-20
CUST0000831,Jan,Nowak,1978-08-24,Male,Poland,Warsaw,Retired,0.5,42076.36,3506.36,2025-11-27
CUST0000832,Emma,Fischer,1962-08-24,Male,Germany,Hamburg,Employed,5.1,80831.06,6735.92,2019-11-05
CUST0000833,Marco,Jansen,2000-08-23,Female,France,Marseille,Unemployed,1.2,9004.68,750.39,2024-01-10
CUST0000834,Felix,Lopez,1989-08-23,Male,Netherlands,Rotterdam,Unemployed,1.4,,463.02,2026-08-23
CUST0000835,Laura,Silva,1995-08-24,Male,Poland,Poznan,Employed,12.3,105165.44,8763.79,2023-02-05
CUST0000836,Felix,Andersson,1997-08-23,Female,United Kingdom,London,Employed,6.2,35360.93,2946.74,2026-03-15
CUST0000837,Nina,Moreau,1989-08-23,Female,Germany,Berlin,Student,0.5,5876.0,489.67,2021-08-31
CUST0000838,Hugo,Andersson,1964-08-23,Non-binary,Poland,Warsaw,FT,6.5,106698.49,8891.54,2025-11-09
CUST0000839,Jan,Rossi,1958-08-24,Non-binary,Poland,Warsaw,Employed,1.2,19056.3,1588.02,2026-03-07
CUST0000840,Jan,Jansen,1989-08-23,Male,Poland,Gdansk,Self-employed,4.2,97915.02,8159.58,2023-10-05
CUST0000841,Anna,Garcia,1957-08-23,Male,Poland,Poznan,Self-employed,15.3,94539.88,7878.32,2024-05-21
CUST0000842,Tomasz,Rossi,1984-08-23,Female,Poland,Poznan,Employed,6.4,43757.16,3646.43,2022-12-31
CUST0000843,Piotr,Andersson,1959-08-24,Female,Germany,Munich,Self-employed,8.8,24613.06,2051.09,2021-06-04
CUST0000844,Felix,Muller,1985-08-23,Male,France,Marseille,Employed,1.9,41050.14,3420.84,2023-02-06
CUST0000845,Maria,Andersson,1982-08-24,Male,Poland,Warsaw,Unemployed,1.2,6676.85,556.4,2026-05-12
CUST0000846,Felix,Silva,1979-08-24,Male,Poland,Gdansk,Employed,6.0,82553.9,6879.49,2019-02-11
CUST0000847,Laura,Rossi,1941-08-23,Male,Poland,Warsaw,Self-employed,8.6,44640.72,3720.06,2020-07-26
CUST0000848,Jan,Kowalski,1972-08-23,Female,France,Paris,Unemployed,0.2,3992.91,332.74,2022-10-27
CUST0000849,Anna,Andersson,1994-08-24,Male,Poland,Warsaw,Employed,13.2,93735.22,7811.27,2021-08-05
CUST0000850,Emma,Fischer,1970-08-24,Female,France,Marseille,Employed,7.7,77181.08,6431.76,2023-10-09
CUST0000851,Marco,Novak,1989-08-23,Female,Poland,Krakow,Unemployed,0.1,8417.25,701.44,2021-10-04
CUST0000852,Marco,Dubois,1991-08-24,Female,Poland,Wroclaw,Employed,2.3,27846.56,2320.55,2024-01-14
CUST0000853,Julia,Andersson,1971-08-24,Female,Netherlands,Rotterdam,,1.7,70130.52,5844.21,2019-10-24
CUST0000854,Maria,Dubois,1984-08-23,Male,Poland,Poznan,FT,7.6,63959.44,5329.95,2021-07-16
CUST0000855,Maria,Dubois,1980-08-23,Female,Poland,Krakow,,8.7,30168.83,2514.07,2024-04-19
CUST0000856,Hugo,Rossi,1984-08-23,Female,Poland,Warsaw,Employed,9.7,26098.08,2174.84,2022-08-09
CUST0000857,Felix,Muller,1979-08-24,Male,Netherlands,Rotterdam,Employed,3.3,20811.85,1734.32,2024-06-16
CUST0000858,Sofia,Lopez,1978-08-24,Male,France,Paris,Student,1.0,9706.28,808.86,2023-11-13
CUST0000859,Elena,Andersson,2008-08-23,Female,France,Marseille,Employed,0.0,74229.12,6185.76,2021-07-06
CUST0000860,Marco,Muller,1975-08-24,Female,Netherlands,Utrecht,Employed,4.7,46594.77,3882.9,2022-04-11
CUST0000861,Marco,Moreau,1998-08-24,Female,Poland,Warsaw,Employed,10.0,30775.99,2564.67,2026-05-18
CUST0000862,Jan,Muller,2004-08-23,Male,Netherlands,Utrecht,Employed,4.0,45740.75,3811.73,2026-05-11
CUST0000863,Emma,Silva,1985-08-23,Female,Poland,Warsaw,Employed,9.1,61019.47,5084.96,2019-04-10
CUST0000864,Lucas,Muller,1983-08-24,Female,United Kingdom,,Self-employed,12.0,57528.54,4794.04,2024-05-24
CUST0000865,Laura,Dubois,1994-08-24,Female,Germany,Munich,Employed,12.5,52153.25,4346.1,2022-10-03
CUST0000866,Maria,Andersson,1972-08-23,Male,Germany,Munich,Self-employed,4.6,33841.67,2820.14,2019-01-04
CUST0000867,Piotr,Lopez,2003-08-24,Female,Netherlands,Rotterdam,Employed,5.0,26262.89,2188.57,2023-11-07
CUST0000868,Emma,Lopez,1990-08-24,Male,Poland,Krakow,Employed,9.2,115716.8,9643.07,2019-03-07
CUST0000869,Jan,Moreau,1992-08-23,Female,Netherlands,Utrecht,Employed,10.3,80721.61,6726.8,2021-06-09
CUST0000870,Maria,Garcia,1985-08-23,Male,Germany,Frankfurt,Employed,7.4,44778.7,3731.56,2024-04-12
CUST0000871,Laura,Nowak,1980-08-23,Female,United Kingdom,Birmingham,Self-employed,12.1,233563.38,19463.62,2025-03-19
CUST0000872,Felix,Moreau,1998-08-24,Female,Netherlands,Rotterdam,Employed,8.1,45839.57,3819.96,2022-02-26
CUST0000873,Tomasz,Moreau,2030-01-25,Female,Poland,Wroclaw,Employed,2.1,56995.27,4749.61,2025-03-08
CUST0000874,Maria,Garcia,1983-08-24,Male,Netherlands,Rotterdam,Employed,7.9,32226.68,2685.56,2025-06-02
CUST0000875,Felix,Kowalski,2008-08-23,Male,France,Marseille,Unemployed,1.2,2160.43,180.04,2022-06-03
CUST0000876,Julia,Andersson,2008-08-23,Female,United Kingdom,Manchester,Employed,0.0,54966.57,4580.55,2020-04-28
CUST0000877,Hugo,Nowak,1984-08-23,Female,Poland,Wroclaw,Unemployed,0.3,9225.85,768.82,2024-01-16
CUST0000878,Piotr,Kowalski,1987-08-24,Male,France,Lyon,Employed,20.8,32937.6,2744.8,2019-02-08
CUST0000879,Tomasz,Lopez,1985-08-23,Male,United Kingdom,Manchester,Employed,6.3,49534.62,4127.88,2025-10-30
CUST0000880,Jan,Smith,1984-08-23,Female,Germany,Hamburg,Self-employed,4.4,54685.76,4557.15,2021-12-19
CUST0000881,Laura,Nowak,1981-08-23,Female,Poland,Poznan,Employed,16.7,34289.44,2857.45,2024-10-23
CUST0000882,Piotr,Andersson,1971-08-24,Male,Poland,Wroclaw,Employed,6.1,31843.0,2653.58,2024-08-17
CUST0000883,Elena,Dubois,2000-08-23,Male,Italy,Turin,Retired,7.1,-22481.6,1873.47,2022-08-13
CUST0000884,Anna,Jansen,2000-08-23,Male,Poland,Gdansk,Employed,8.0,103478.67,8623.22,2026-06-07
CUST0000885,Laura,Moreau,1999-08-24,Male,United Kingdom,Manchester,Employed,8.1,53194.89,4432.91,2025-02-02
CUST0000886,Maria,Garcia,1980-08-23,Male,Netherlands,Utrecht,Employed,10.3,57762.83,4813.57,2025-10-04
CUST0000887,Laura,Andersson,1967-08-24,Female,Poland,Warsaw,Employed,11.0,22891.86,1907.66,2019-09-20
CUST0000888,Lucas,Fischer,1990-08-24,Female,Poland,Gdansk,Unemployed,0.6,5959.56,496.63,2022-09-14
CUST0000889,Felix,Dubois,2008-08-23,Female,United Kingdom,London,Employed,0.0,37354.76,3112.9,2026-04-12
CUST0000890,Laura,Lopez,2008-08-23,Female,Poland,Wroclaw,Retired,0.0,25257.04,2104.75,2025-03-20
CUST0000891,Marco,Smith,1996-08-23,Female,France,Paris,Self-employed,12.0,48415.17,4034.6,2022-06-22
CUST0000892,Jan,Smith,1992-08-23,Female,United Kingdom,Manchester,Retired,5.7,17709.5,1475.79,2019-07-16
CUST0000893,Tomasz,Moreau,1990-08-24,Male,France,Lyon,Unemployed,1.4,4654.24,387.85,2021-02-27
CUST0000894,Lucas,Silva,1983-08-24,Female,Germany,Hamburg,Retired,11.3,22925.34,1910.44,2023-05-18
CUST0000895,Anna,Moreau,1988-08-23,Female,United Kingdom,London,Employed,7.1,62396.11,5199.68,2023-11-28
CUST0000896,Tomasz,Fischer,1969-08-23,Male,France,Marseille,Employed,3.3,53796.34,4483.03,2026-01-25
CUST0000897,Piotr,Andersson,1993-08-23,Male,Poland,Gdansk,Employed,11.4,21638.32,1803.19,2019-09-17
CUST0000898,Piotr,Garcia,1996-08-23,Male,France,Lyon,Self-employed,6.9,104317.52,8693.13,2022-01-12
CUST0000899,Anna,Dubois,1977-08-23,Male,Italy,Milan,Employed,2.4,53619.64,4468.3,2021-01-29
CUST0000900,Marco,Moreau,2005-08-23,Male,United Kingdom,Birmingham,Self-employed,3.0,36555.53,3046.29,2026-05-05
CUST0000901,Piotr,Silva,1979-08-24,Female,Germany,Berlin,Employed,1.6,56884.85,4740.4,2020-04-08
CUST0000902,Jan,Garcia,1983-08-24,Female,Poland,Poznan,Unemployed,0.9,5327.2,443.93,2020-09-08
CUST0000903,Emma,Rossi,1986-08-24,Male,Poland,Krakow,Employed,7.3,88308.78,7359.06,2021-04-11
CUST0000904,Piotr,Novak,1962-08-24,Female,Poland,Poznan,Retired,6.3,22808.24,1900.69,2019-10-23
CUST0000905,Maria,Muller,1993-08-23,Female,Poland,Krakow,Employed,5.8,38566.51,,2023-12-03
CUST0000906,Lucas,Nowak,1955-08-24,Female,Netherlands,Utrecht,Employed,7.3,20085.35,1673.78,2023-01-05
CUST0000907,Jan,Novak,1987-08-24,Female,Poland,Poznan,Unemployed,0.8,5540.97,,2023-04-07
CUST0000908,Felix,Rossi,2002-08-24,Female,Spain,Madrid,Unemployed,0.8,12344.92,1028.74,2025-12-08
CUST0000909,Lucas,Novak,1983-08-24,Female,Poland,Poznan,Self-employed,13.8,98569.59,8214.13,2022-04-24
CUST0000910,Felix,Jansen,1999-08-24,Male,Poland,Wroclaw,Student,0.6,32704.1,2725.34,2021-05-19
CUST0000911,Elena,Lopez,1995-08-24,Male,Germany,Munich,Employed,13.0,35686.59,2973.88,2021-11-14
CUST0000912,Felix,Jansen,1978-08-24,Female,Poland,Wroclaw,Unemployed,1.4,36020.34,3001.7,2025-02-12
CUST0000913,Julia,Moreau,1976-08-23,Male,Spain,Valencia,Employed,5.3,31883.13,2656.93,2023-01-15
CUST0000914,Emma,Fischer,1993-08-23,Female,Netherlands,Amsterdam,Employed,2.9,67303.09,5608.59,2020-04-17
CUST0000915,Hugo,Muller,1970-08-24,Male,Italy,Turin,Employed,9.4,16777.06,1398.09,2024-04-10
CUST0000916,Jan,Lopez,1968-08-23,Male,Poland,Gdansk,Employed,9.1,43379.46,3614.96,2024-09-13
CUST0000917,Diego,Novak,1964-08-23,Female,Spain,,Employed,4.4,91203.62,7600.3,2020-11-29
CUST0000918,Marco,Nowak,1977-08-23,Male,Poland,Poznan,Self-employed,4.5,15905.31,1325.44,2023-04-05
CUST0000919,Anna,Kowalski,1965-08-23,Male,Italy,Milan,Employed,6.2,51130.65,4260.89,2023-04-24
CUST0000920,Piotr,Garcia,2008-08-23,Male,France,,Retired,0.0,15512.96,1292.75,2020-05-03
CUST0000921,Piotr,Kowalski,1988-08-23,Male,Poland,Wroclaw,Employed,3.6,72459.02,6038.25,2019-01-26
CUST0000922,Anna,Dubois,1996-08-23,Male,Poland,Gdansk,Employed,2.6,24712.61,2059.38,2024-06-28
CUST0000923,Laura,Lopez,1982-08-24,Female,Poland,Krakow,Self-employed,14.8,38467.3,3205.61,2023-09-15
CUST0000924,Jan,Smith,1992-08-23,Male,Poland,Poznan,Employed,4.7,25643.61,2136.97,2024-06-16
CUST0000925,Diego,Kowalski,1986-08-24,Male,Italy,Turin,Employed,9.1,95768.86,7980.74,2021-11-19
CUST0000926,Lucas,Smith,1958-08-24,Male,Spain,Valencia,Self-employed,10.4,98248.33,8187.36,2022-12-10
CUST0000927,Hugo,Garcia,1986-08-24,Female,Netherlands,Rotterdam,Employed,9.4,54792.44,4566.04,2026-07-04
CUST0000928,Marco,Fischer,1978-08-24,Male,Poland,Krakow,Employed,10.8,55541.63,4628.47,2020-09-21
CUST0000929,Maria,Nowak,1987-08-24,Female,France,Lyon,Self-employed,9.3,136485.34,11373.78,2023-12-29
CUST0000930,Maria,Novak,1983-08-24,Male,Poland,Gdansk,Employed,4.1,31241.85,2603.49,2020-01-05
CUST0000931,Laura,Smith,1984-08-23,Female,France,Marseille,Unemployed,0.3,11771.53,980.96,2019-07-03
CUST0000932,Hugo,Kowalski,1978-08-24,Male,Poland,Wroclaw,Unemployed,0.2,4405.39,367.12,2026-04-27
CUST0000933,Sofia,Andersson,1968-08-23,Male,Poland,Gdansk,Employed,4.6,52378.84,4364.9,2019-12-29
CUST0000934,Marco,Smith,1961-08-23,Female,France,Lyon,Employed,6.9,31709.96,2642.5,2024-01-06
CUST0000935,Felix,Novak,1980-08-23,Male,Poland,Krakow,Employed,9.9,86841.73,7236.81,2022-12-07
CUST0000936,Diego,Silva,1976-08-23,Female,Germany,Berlin,Self-employed,18.2,32176.24,2681.35,2025-03-10
CUST0000937,Emma,Fischer,2000-08-23,Male,United Kingdom,Manchester,Employed,8.0,163016.42,13584.7,2023-03-07
CUST0000938,Piotr,Smith,1985-08-23,Male,Poland,Poznan,Ret.,3.2,28364.16,2363.68,2024-04-30
CUST0000939,Sofia,Kowalski,1971-08-24,Female,Netherlands,Utrecht,Employed,8.9,64053.34,5337.78,2025-11-02
CUST0000940,Julia,Nowak,1972-08-23,Female,France,Marseille,Self-employed,8.2,27305.54,2275.46,2025-05-05
CUST0000941,Tomasz,Smith,1981-08-23,Female,Spain,Madrid,Employed,5.5,38786.19,3232.18,2024-07-09
CUST0000942,Maria,Dubois,1972-08-23,Female,United Kingdom,Manchester,Employed,7.0,17720.52,1476.71,2020-03-29
CUST0000943,Jan,Fischer,1977-08-23,Male,United Kingdom,Birmingham,Employed,4.0,24604.93,2050.41,2020-04-18
CUST0000944,Lucas,Dubois,1967-08-24,Male,United Kingdom,Manchester,Employed,6.1,97851.87,8154.32,2022-10-19
CUST0000945,Nina,Moreau,1980-08-23,Female,Italy,Milan,Student,1.0,5618.08,468.17,2024-01-15
CUST0000946,Maria,Muller,1989-08-23,Male,France,Marseille,Employed,7.4,33459.32,2788.28,2024-02-07
CUST0000947,Emma,Dubois,1979-08-24,Female,Poland,Poznan,Employed,5.3,43254.17,3604.51,2025-01-06
CUST0000948,Maria,Novak,2008-08-23,Male,Poland,Poznan,Employed,0.0,63208.45,5267.37,2019-10-16
CUST0000949,Piotr,Nowak,1979-08-24,Female,France,Lyon,Employed,7.6,96256.18,8021.35,2020-04-29
CUST0000950,Tomasz,Rossi,2008-08-23,Male,Poland,Krakow,Retired,0.0,20107.43,1675.62,2020-02-23
CUST0000951,Sofia,Novak,2008-08-23,Male,Poland,Wroclaw,RETIRED,0.0,21192.35,1766.03,2023-02-20
CUST0000952,Sofia,Silva,1978-08-24,Female,Poland,Gdansk,Retired,5.3,20710.59,1725.88,2023-11-06
CUST0000953,Felix,Novak,1977-08-23,Male,France,,Employed,2.4,45199.73,3766.64,2019-11-19
CUST0000954,Maria,Jansen,2000-08-23,Non-binary,Poland,Poznan,Employed,8.0,43737.33,3644.78,2025-08-23
CUST0000955,Piotr,Moreau,1994-08-24,Female,France,Paris,Self-employed,14.0,74182.7,6181.89,2021-04-27
CUST0000956,Elena,Moreau,1965-08-23,Female,Spain,Valencia,Employed,4.6,51741.24,4311.77,2024-01-19
CUST0000957,Julia,Lopez,1991-08-24,Male,Spain,Madrid,Self-employed,14.5,34366.94,2863.91,2024-09-30
CUST0000958,Anna,Nowak,1953-08-23,Female,Poland,Gdansk,Employed,29.6,44252.62,3687.72,2019-04-12
CUST0000959,Emma,Silva,1984-08-23,Female,France,Lyon,Employed,22.9,45264.29,3772.02,2025-08-12
CUST0000960,Tomasz,Nowak,1978-08-24,Female,France,Marseille,Retired,16.2,78561.22,6546.77,2026-06-03
CUST0000961,Sofia,Garcia,1961-08-23,Male,Germany,Frankfurt,Employed,2.7,58605.74,4883.81,2026-05-01
CUST0000962,Julia,Rossi,1982-08-24,Female,United Kingdom,Birmingham,Student,1.3,6348.41,529.03,2020-01-25
CUST0000963,Laura,Andersson,1998-08-24,Female,Poland,,Employed,10.0,57073.14,4756.1,2022-01-01
CUST0000964,Sofia,Smith,1986-08-24,Male,Netherlands,Rotterdam,Employed,6.9,125612.14,10467.68,2020-10-11
CUST0000965,Nina,Moreau,1984-08-23,Male,Poland,Gdansk,Employed,0.9,58234.46,4852.87,2022-06-13
CUST0000966,Lucas,Rossi,2003-08-24,Male,Spain,Madrid,Employed,5.0,81734.18,6811.18,2026-06-16
CUST0000967,Felix,Silva,1988-08-23,Female,France,Paris,Employed,10.4,33791.23,2815.94,2024-11-01
CUST0000968,Jan,Novak,1994-08-24,Male,Poland,Wroclaw,Employed,6.1,63496.13,5291.34,2024-11-23
CUST0000969,Marco,Lopez,1971-08-24,Male,Spain,Valencia,Self-employed,7.0,40437.01,3369.75,2022-03-24
CUST0000970,Hugo,Garcia,1984-08-23,Female,Poland,Poznan,Retired,2.6,19527.16,1627.26,2026-02-28
CUST0000971,Elena,Novak,1988-08-23,Male,Spain,Barcelona,Employed,5.0,37201.13,3100.09,2026-01-13
CUST0000972,Piotr,Nowak,1985-08-23,Female,France,Lyon,Employed,10.8,62793.27,5232.77,2025-03-02
CUST0000973,Felix,Jansen,1981-08-23,Female,Poland,Poznan,Employed,4.8,67172.28,5597.69,2025-03-24
CUST0000974,Piotr,Dubois,1975-08-24,Female,Poland,Gdansk,Unemployed,0.9,8559.99,713.33,2023-12-26
CUST0000975,Emma,Lopez,1998-08-24,Male,Spain,Valencia,Employed,7.1,52496.09,4374.67,2019-09-24
CUST0000976,Marco,Novak,1999-08-24,Female,Poland,Warsaw,Employed,9.0,143804.61,11983.72,2021-03-05
CUST0000977,Emma,Moreau,1969-08-23,Female,Italy,Milan,Employed,10.6,96708.61,8059.05,2024-11-17
CUST0000978,Elena,Fischer,1990-08-24,Female,Spain,Barcelona,Employed,10.3,86806.18,7233.85,2021-07-01
CUST0000979,Hugo,Dubois,2004-08-23,Female,United Kingdom,Birmingham,Employed,3.1,68219.5,5684.96,2020-04-26
CUST0000980,Nina,Novak,1978-08-24,Female,Poland,Wroclaw,Employed,3.6,104290.44,8690.87,2026-03-30
CUST0000981,Sofia,Kowalski,1978-08-24,Male,United Kingdom,Birmingham,Student,0.5,8966.14,747.18,2022-09-25
CUST0000982,Felix,Jansen,2005-08-23,Female,Netherlands,Rotterdam,Emp.,3.0,27037.71,2253.14,2025-07-31
CUST0000983,Emma,Kowalski,1981-08-23,Female,Poland,Poznan,Employed,3.4,88248.32,7354.03,2021-03-04
CUST0000984,Laura,Novak,1974-08-24,Male,Poland,Warsaw,Employed,4.7,33142.2,2761.85,2021-10-01
CUST0000985,Hugo,Lopez,1979-08-24,Female,Poland,Gdansk,Employed,5.9,40105.11,3342.09,2021-08-16
CUST0000986,Laura,Andersson,1975-08-24,Male,Germany,Berlin,Employed,7.8,65502.83,5458.57,2021-11-08
CUST0000987,Tomasz,Fischer,2004-08-23,Female,Spain,Barcelona,Employed,4.0,83795.07,6982.92,2022-05-07
CUST0000988,Lucas,Garcia,1979-08-24,Female,Germany,Frankfurt,Employed,6.1,31371.84,2614.32,2021-04-11
CUST0000989,Laura,Lopez,1988-08-23,Female,France,Marseille,Self-employed,8.8,86545.21,7212.1,2025-03-24
CUST0000990,Elena,Jansen,1991-08-24,Female,Poland,Wroclaw,Employed,6.7,41296.72,3441.39,2021-06-29
CUST0000991,Emma,Andersson,1972-08-23,Female,Poland,Wroclaw,Retired,12.5,13089.36,1090.78,2022-05-18
CUST0000992,Julia,Novak,1963-08-24,Male,Poland,Warsaw,Employed,6.8,-53407.56,4450.63,2025-07-31
CUST0000993,Maria,Silva,1959-08-24,Female,Italy,Turin,Employed,18.3,52508.81,4375.73,2022-05-05
CUST0000994,Marco,Rossi,1966-08-24,Male,France,Paris,Retired,3.0,14120.62,1176.72,2019-01-30
CUST0000995,Nina,Silva,1986-08-24,Male,Germany,Berlin,Unemployed,0.6,8741.42,728.45,2019-01-02
CUST0000996,Laura,Andersson,1979-08-24,Female,Spain,Barcelona,Employed,4.1,71527.09,5960.59,2022-05-02
CUST0000997,Piotr,Moreau,1973-08-23,Male,Poland,Warsaw,Retired,8.0,33810.48,2817.54,2023-12-17
CUST0000998,Julia,Smith,1982-08-24,Female,Poland,Warsaw,Employed,3.0,209316.91,17443.08,2026-03-18
CUST0000999,Nina,Jansen,1982-08-24,Female,Poland,Poznan,Employed,1.9,58331.22,4860.94,2020-01-01
CUST0001000,Jan,Jansen,1972-08-23,Female,Netherlands,Utrecht,Unemployed,1.0,3643.23,303.6,2023-02-24
CUST0000009,Piotr,Kowalski,1984-08-23,Male,Netherlands,Rotterdam,Employed,2.2,67047.5,5587.29,2021-12-28
CUST0000112,Nina,Nowak,1981-08-23,Male,Poland,Gdansk,Retired,10.7,26025.79,2168.82,2023-02-01
CUST0000113,Anna,Novak,1992-08-23,Male,Netherlands,Amsterdam,Employed,4.5,64696.66,5391.39,2019-07-24
CUST0000259,Emma,Muller,1986-08-24,Female,Poland,Warsaw,Retired,7.0,25288.95,2107.41,2026-07-10
CUST0000325,Tomasz,Nowak,1959-08-24,Female,Poland,Wroclaw,Employed,10.4,132830.02,11069.17,2022-02-08
CUST0000723,Hugo,Silva,2008-08-23,Male,United Kingdom,Birmingham,Employed,0.0,-38911.45,3242.62,2025-01-17
CUST0000760,Emma,Garcia,1978-08-24,Male,Italy,Rome,Unemployed,0.8,17914.62,1492.88,2020-04-06
CUST0000885,Laura,Moreau,1999-08-24,Male,United Kingdom,Manchester,Employed,8.1,53194.89,4432.91,2025-02-02
CUST0000896,Tomasz,Fischer,1969-08-23,Male,France,Marseille,Employed,3.3,53796.34,4483.03,2026-01-25
CUST0000996,Laura,Andersson,1979-08-24,Female,Spain,Barcelona,Employed,4.1,71527.09,5960.59,2022-05-02
