payment_id,loan_id,customer_id,due_date,payment_date,amount_due,amount_paid,days_late,payment_status
PAY0000001,LOAN0000003,CUST0000556,2026-01-13,2026-01-13,1906.25,1906.25,0.0,On-time
PAY0000002,LOAN0000299,CUST0000136,2022-03-07,2022-03-07,486.64,486.64,0.0,On-time
PAY0000003,LOAN0000287,CUST0000874,2026-08-11,2026-08-16,1347.35,1347.35,5.0,Late
PAY0000004,LOAN0000074,CUST0000096,2025-06-08,2025-06-06,325.95,325.95,0.0,On-time
PAY0000005,LOAN0000528,CUST0000832,2025-01-02,2025-01-01,436.3,436.3,0.0,On-time
PAY0000006,LOAN0000115,CUST0000780,2024-03-13,2024-03-13,146.22,56.51,0.0,Partial
PAY0000007,LOAN0000102,CUST0000551,2024-02-19,2024-03-18,635.91,635.91,28.0,Late
PAY0000008,LOAN0000526,CUST0000184,2026-02-25,2026-02-24,341.99,341.99,0.0,On-time
PAY0000009,LOAN0000226,CUST0000893,2023-05-02,,101.32,0.0,,Missed
PAY0000010,LOAN0000379,CUST0000174,2026-05-31,2026-05-31,349.88,349.88,0.0,On-time
PAY0000011,LOAN0000294,CUST0000925,2022-04-10,2022-04-08,452.0,452.0,0.0,On-time
PAY0000012,LOAN0000042,CUST0000954,2024-08-21,,518.03,0.0,,Missed
PAY0000013,LOAN0000090,CUST0000721,2025-12-20,2025-12-20,213.64,91.48,0.0,Partial
PAY0000014,LOAN0000179,CUST0000796,2025-04-25,2025-04-23,76.24,76.24,0.0,On-time
PAY0000015,LOAN0000432,CUST0000070,2025-12-24,2025-12-22,261.4,261.4,0.0,On-time
PAY0000016,LOAN0000249,CUST0000632,2025-02-09,2025-02-09,1134.85,1134.85,0.0,On-time
PAY0000017,LOAN0000030,CUST0000694,2026-02-05,2026-03-08,925.59,925.59,31.0,Late
PAY0000018,LOAN0000328,CUST0000176,2024-12-16,,34.51,0.0,,Missed
PAY0000019,LOAN0000478,CUST0000586,2026-01-15,2026-01-15,382.05,382.05,0.0,On-time
PAY0000020,LOAN0000088,CUST0000710,2023-12-19,2023-12-18,1812.64,1812.64,0.0,On-time
PAY0000021,LOAN0000099,CUST0000232,2023-10-14,2023-10-12,124.7,124.7,0.0,On-time
PAY0000022,LOAN0000593,CUST0000684,2025-05-10,2025-05-10,300.58,300.58,0.0,On-time
PAY0000023,LOAN0000574,CUST0000356,2024-02-01,2024-01-30,2031.77,2031.77,0.0,On-time
PAY0000024,LOAN0000439,CUST0000280,2025-01-20,2025-01-19,216.4,216.4,0.0,On-time
PAY0000025,LOAN0000328,CUST0000176,2025-01-15,,34.51,0.0,,Missed
PAY0000026,LOAN0000162,CUST0000866,2026-07-19,2026-07-17,533.21,533.21,0.0,On-time
PAY0000027,LOAN0000297,CUST0000925,2025-10-16,2025-10-15,2888.78,2888.78,0.0,On-time
PAY0000028,LOAN0000023,CUST0000556,2025-03-24,2025-03-22,888.73,888.73,0.0,On-time
PAY0000029,LOAN0000574,CUST0000356,2025-01-31,2025-01-30,2031.77,2031.77,0.0,On-time
PAY0000030,LOAN0000571,CUST0000295,2022-04-18,2022-05-11,914.71,914.71,23.0,Late
PAY0000031,LOAN0000329,CUST0000886,2024-07-07,2024-07-06,1126.34,916.5,0.0,Partial
PAY0000032,LOAN0000283,CUST0000045,2026-08-14,2026-08-14,57.8,57.8,0.0,On-time
PAY0000033,LOAN0000184,CUST0000347,2026-03-12,2026-03-12,487.42,487.42,0.0,On-time
PAY0000034,LOAN0000244,CUST0000562,2025-06-30,2025-07-27,683.64,683.64,27.0,Late
PAY0000035,LOAN0000028,CUST0000016,2026-07-23,2026-07-23,196.9,196.9,0.0,On-time
PAY0000036,LOAN0000026,CUST0000233,2023-07-17,2023-07-16,1026.87,1026.87,0.0,On-time
PAY0000037,LOAN0000414,CUST0000003,2025-04-12,2025-04-10,22.1,22.1,0.0,On-time
PAY0000038,LOAN0000576,CUST0000001,2024-03-04,2024-03-03,341.13,341.13,0.0,On-time
PAY0000039,LOAN0000094,CUST0000345,2023-05-01,2023-04-30,610.74,610.74,0.0,On-time
PAY0000040,LOAN0000255,CUST0000491,2025-01-06,2025-02-03,379.26,379.26,28.0,Late
PAY0000041,LOAN0000294,CUST0000925,2023-06-10,2023-06-09,452.0,452.0,0.0,On-time
PAY0000042,LOAN0000505,CUST0000062,2026-07-19,,50.36,0.0,,Missed
PAY0000043,LOAN0000463,CUST0000684,2024-09-30,2024-09-30,397.2,397.2,0.0,On-time
PAY0000044,LOAN0000033,CUST0000373,2024-09-20,2024-09-20,2390.38,2390.38,0.0,On-time
PAY0000045,LOAN0000286,CUST0000607,2026-07-23,,448.57,0.0,,Missed
PAY0000046,LOAN0000239,CUST0000856,2026-04-10,2026-04-08,160.45,160.45,0.0,On-time
PAY0000047,LOAN0000416,CUST0000611,2024-04-08,2024-04-08,21.6,10.94,0.0,Partial
PAY0000048,LOAN0000207,CUST0000383,2026-06-17,2026-06-28,935.64,935.64,11.0,Late
PAY0000049,LOAN0000192,CUST0000222,2023-04-14,2023-04-12,834.2,834.2,0.0,On-time
PAY0000050,LOAN0000070,CUST0000916,2024-10-21,2024-10-20,592.68,592.68,0.0,On-time
PAY0000051,LOAN0000500,CUST0000918,2024-04-15,2024-04-15,199.95,199.95,0.0,On-time
PAY0000052,LOAN0000439,CUST0000280,2024-05-22,2024-05-22,216.4,216.4,0.0,On-time
PAY0000053,LOAN0000110,CUST0000466,2025-10-22,2025-10-21,434.4,178.23,0.0,Partial
PAY0000054,LOAN0000319,CUST0000112,2025-03-04,,132.31,0.0,,Missed
PAY0000055,LOAN0000280,CUST0000816,2026-01-11,2026-01-09,1002.69,1002.69,0.0,On-time
PAY0000056,LOAN0000443,CUST0000791,2024-06-01,2024-06-01,1882.62,1882.62,0.0,On-time
PAY0000057,LOAN0000028,CUST0000016,2026-04-22,2026-04-22,196.9,196.9,0.0,On-time
PAY0000058,LOAN0000493,CUST0000307,2023-06-21,2023-06-20,516.28,516.28,0.0,On-time
PAY0000059,LOAN0000539,CUST0000693,2023-12-03,2023-12-01,180.07,180.07,0.0,On-time
PAY0000060,LOAN0000492,CUST0000089,2025-05-30,,348.69,0.0,,Missed
PAY0000061,LOAN0000440,CUST0000395,2024-04-22,2024-04-21,555.31,555.31,0.0,On Time
PAY0000062,LOAN0000063,CUST0000024,2026-07-19,2026-07-19,101.19,101.19,0.0,On-time
PAY0000063,LOAN0000203,CUST0000928,2026-08-11,2026-08-10,478.83,478.83,0.0,On-time
PAY0000064,LOAN0000210,CUST0000782,2025-06-17,2025-06-15,324.08,324.08,0.0,On-time
PAY0000065,LOAN0000046,CUST0000361,2025-10-17,2025-10-16,1162.93,1162.93,0.0,On-time
PAY0000066,LOAN0000159,CUST0000902,2024-07-22,2024-07-21,47.23,47.23,0.0,On-time
PAY0000067,LOAN0000136,CUST0000678,2023-07-14,2023-07-14,62.52,62.52,0.0,On-time
PAY0000068,LOAN0000196,CUST0000862,2025-04-16,2025-04-16,272.29,272.29,0.0,On-time
PAY0000069,LOAN0000523,CUST0000015,2023-12-26,2023-12-26,566.64,566.64,0.0,On-time
PAY0000070,LOAN0000453,CUST0000869,2023-09-13,2023-09-12,1543.9,1543.9,0.0,On-time
PAY0000071,LOAN0000170,CUST0000156,2023-09-15,2023-09-15,1293.11,1293.11,0.0,On-time
PAY0000072,LOAN0000493,CUST0000307,2022-08-21,2022-08-19,516.28,516.28,0.0,On-time
PAY0000073,LOAN0000167,CUST0000260,2025-05-08,2025-05-06,974.84,974.84,0.0,On-time
PAY0000074,LOAN0000326,CUST0000348,2025-08-18,2025-08-18,1372.24,1372.24,0.0,On-time
PAY0000075,LOAN0000319,CUST0000112,2025-04-03,2025-04-03,132.31,101.67,0.0,Partial
PAY0000076,LOAN0000108,CUST0000303,2025-01-30,2025-01-30,115.22,115.22,0.0,ON-TIME
PAY0000077,LOAN0000203,CUST0000928,2026-03-12,2026-03-12,478.83,478.83,0.0,On-time
PAY0000078,LOAN0000071,CUST0000250,2024-01-22,2024-01-22,190.79,80.09,0.0,Partial
PAY0000079,LOAN0000025,CUST0000636,2026-04-30,,398.64,0.0,,Missed
PAY0000080,LOAN0000058,CUST0000978,2023-10-19,2023-10-17,909.7,909.7,0.0,On-time
PAY0000081,LOAN0000345,CUST0000724,2026-03-27,2026-03-27,906.51,906.51,0.0,On-time
PAY0000082,LOAN0000505,CUST0000062,2025-07-19,,50.36,0.0,,Missed
PAY0000083,LOAN0000429,CUST0000782,2026-04-26,2026-04-25,1011.92,1011.92,0.0,On-time
PAY0000084,LOAN0000271,CUST0000310,2025-05-02,,1002.33,0.0,,Missed
PAY0000085,LOAN0000257,CUST0000699,2025-02-23,2025-02-22,1022.97,1022.97,0.0,On-time
PAY0000086,LOAN0000012,CUST0000725,2026-02-20,2026-02-18,607.42,,0.0,On-time
PAY0000087,LOAN0000149,CUST0000764,2024-07-10,,556.36,0.0,,Missed
PAY0000088,LOAN0000530,CUST0000028,2026-01-23,2026-01-22,158.2,158.2,0.0,On-time
PAY0000089,LOAN0000578,CUST0000916,2024-04-01,2024-04-21,335.27,335.27,20.0,Late
PAY0000090,LOAN0000104,CUST0000488,2025-06-25,2025-06-23,199.65,199.65,0.0,On-time
PAY0000091,LOAN0000491,CUST0000360,2023-11-11,2023-11-10,1483.2,1483.2,0.0,On-time
PAY0000092,LOAN0000185,CUST0000327,2025-10-10,,89.29,89.29,0.0,On-time
PAY0000093,LOAN0000411,CUST0000531,2026-03-12,2026-03-10,1187.31,1187.31,0.0,On-time
PAY0000094,LOAN0000529,CUST0000838,2024-10-23,2024-10-23,513.54,513.54,0.0,On-time
PAY0000095,LOAN0000022,CUST0000637,2023-07-27,2023-07-26,78.37,78.37,0.0,On-time
PAY0000096,LOAN0000356,CUST0000951,2024-02-16,2024-02-14,208.44,208.44,0.0,On-time
PAY0000097,LOAN0000532,CUST0000330,2024-09-30,,677.86,0.0,,Missed
PAY0000098,LOAN0000246,CUST0000874,2025-02-08,2025-02-07,966.85,966.85,0.0,On-time
PAY0000099,LOAN0000256,CUST0000931,2025-12-26,2025-12-24,94.47,94.47,0.0,On-time
PAY0000100,LOAN0000397,CUST0000714,2025-08-18,2025-08-18,500.03,500.03,0.0,On-time
PAY0000101,LOAN0000090,CUST0000721,2022-10-20,,213.64,0.0,,Missed
PAY0000102,LOAN0000111,CUST0000196,2024-12-06,2024-12-04,640.44,640.44,0.0,OK
PAY0000103,LOAN0000394,CUST0000050,2025-05-21,2025-05-19,566.23,566.23,0.0,On-time
PAY0000104,LOAN0000329,CUST0000886,2025-12-06,2025-12-06,1126.34,1126.34,0.0,On-time
PAY0000105,LOAN0000590,CUST0000731,2026-08-04,2026-08-03,425.85,425.85,0.0,On-time
PAY0000106,LOAN0000410,CUST0000712,2023-11-16,2023-11-15,696.51,696.51,0.0,On-time
PAY0000107,LOAN0000168,CUST0000850,2026-03-02,2026-03-02,487.76,487.76,0.0,On-time
PAY0000108,LOAN0000477,CUST0000436,2025-01-21,2025-01-20,14.8,,0.0,On-time
PAY0000109,LOAN0000543,CUST0000901,2026-06-26,2026-06-26,2766.45,2766.45,0.0,On-time
PAY0000110,LOAN0000103,CUST0000671,2025-06-29,2025-06-28,280.45,280.45,0.0,On-time
PAY0000111,LOAN0000103,CUST0000671,2024-04-29,2024-05-05,280.45,280.45,6.0,Late
PAY0000112,LOAN0000429,CUST0000782,2025-10-25,2025-10-23,1011.92,393.71,0.0,Partial
PAY0000113,LOAN0000120,CUST0000484,2026-08-13,2026-08-13,316.36,316.36,0.0,On-time
PAY0000114,LOAN0000529,CUST0000838,2026-05-25,2026-05-25,513.54,513.54,0.0,On-time
PAY0000115,LOAN0000112,CUST0000398,2026-04-01,,275.2,0.0,,On-time
PAY0000116,LOAN0000497,CUST0000929,2021-12-10,2022-01-14,891.0,891.0,35.0,Late
PAY0000117,LOAN0000211,CUST0000060,2025-06-26,2025-06-24,609.68,609.68,0.0,On-time
PAY0000118,LOAN0000483,CUST0000418,2026-05-06,2026-05-05,191.54,191.54,0.0,On-time
PAY0000119,LOAN0000356,CUST0000951,2025-10-17,2025-10-24,208.44,208.44,7.0,Late
PAY0000120,LOAN0000027,CUST0000457,2023-01-20,2023-01-18,240.0,240.0,0.0,On-time
PAY0000121,LOAN0000494,CUST0000188,2022-10-25,2022-10-23,1276.54,1276.54,0.0,On-time
PAY0000122,LOAN0000081,CUST0000682,2022-12-19,2022-12-18,377.89,377.89,0.0,On-time
PAY0000123,LOAN0000478,CUST0000586,2025-02-14,2025-02-13,382.05,382.05,0.0,On-time
PAY0000124,LOAN0000584,CUST0000129,2023-07-07,2023-07-07,135.36,135.36,0.0,On-time
PAY0000125,LOAN0000404,CUST0000215,2026-02-27,2026-02-25,1462.43,1462.43,0.0,On-time
PAY0000126,LOAN0000331,CUST0000879,2026-03-05,2026-03-05,70.21,70.21,0.0,On-time
PAY0000127,LOAN0000589,CUST0000517,2026-05-02,2026-05-01,611.86,611.86,0.0,On-time
PAY0000128,LOAN0000074,CUST0000096,2025-05-08,2025-05-08,325.95,255.48,0.0,Partial
PAY0000129,LOAN0000318,CUST0000451,2022-11-12,2022-11-12,1389.25,727.23,0.0,Partial
PAY0000130,LOAN0000588,CUST0000382,2024-11-28,2024-11-28,148.33,148.33,0.0,On-time
PAY0000131,LOAN0000299,CUST0000136,2024-12-06,2025-01-11,486.64,486.64,36.0,Late
PAY0000132,LOAN0000397,CUST0000714,2024-04-18,2024-04-18,500.03,500.03,0.0,On-time
PAY0000133,LOAN0000156,CUST0000047,2025-10-14,2025-10-12,19.97,19.97,0.0,On-time
PAY0000134,LOAN0000169,CUST0000889,2023-12-20,2023-12-19,1012.97,1012.97,0.0,On-time
PAY0000135,LOAN0000088,CUST0000710,2024-05-19,2024-05-19,1812.64,1812.64,0.0,On-time
PAY0000136,LOAN0000067,CUST0000465,2026-08-08,2026-08-08,433.6,433.6,0.0,On-time
PAY0000137,LOAN0000382,CUST0000508,2026-06-01,2026-06-01,416.59,416.59,0.0,On-time
PAY0000138,LOAN0000332,CUST0000127,2024-09-04,2024-09-03,119.33,119.33,0.0,On-time
PAY0000139,LOAN0000383,CUST0000736,2026-03-03,2026-03-01,83.06,83.06,0.0,On-time
PAY0000140,LOAN0000569,CUST0000182,2026-07-28,,206.03,,,Missed
PAY0000141,LOAN0000039,CUST0000941,2024-10-24,2024-10-23,1194.92,1194.92,0.0,On-time
PAY0000142,LOAN0000145,CUST0000538,2023-08-21,2023-08-20,1202.85,1202.85,0.0,On-time
PAY0000143,LOAN0000520,CUST0000697,2022-05-15,2022-05-15,168.67,168.67,0.0,On-time
PAY0000144,LOAN0000026,CUST0000233,2025-11-16,2025-11-14,1026.87,1026.87,0.0,On-time
PAY0000145,LOAN0000154,CUST0000605,2024-07-07,2024-07-06,218.73,218.73,0.0,On-time
PAY0000146,LOAN0000138,CUST0000052,2026-03-05,2026-03-05,332.64,332.64,0.0,On Time
PAY0000147,LOAN0000057,CUST0000816,2024-08-24,2024-08-24,441.62,441.62,0.0,On-time
PAY0000148,LOAN0000327,CUST0000225,2024-08-26,2024-08-24,214.19,214.19,0.0,On-time
PAY0000149,LOAN0000493,CUST0000307,2024-07-21,2024-07-19,516.28,229.77,0.0,Partial
PAY0000150,LOAN0000492,CUST0000089,2025-02-28,2025-02-27,348.69,293.95,0.0,Partial
PAY0000151,LOAN0000265,CUST0000461,2024-07-03,2024-07-02,1752.19,1752.19,0.0,On-time
PAY0000152,LOAN0000390,CUST0000310,2025-03-24,2025-03-24,377.65,377.65,0.0,On-time
PAY0000153,LOAN0000143,CUST0000791,2026-04-23,2026-05-21,159.55,159.55,28.0,Late
PAY0000154,LOAN0000406,CUST0000519,2026-07-09,2026-08-01,179.61,179.61,23.0,Late
PAY0000155,LOAN0000512,CUST0000817,2025-02-13,2025-02-13,915.62,915.62,0.0,ON-TIME
PAY0000156,LOAN0000226,CUST0000893,2025-05-02,2025-05-01,101.32,101.32,0.0,On-time
PAY0000157,LOAN0000371,CUST0000522,2024-11-04,2024-11-04,1425.12,1425.12,0.0,On-time
PAY0000158,LOAN0000043,CUST0000911,2025-08-08,2025-08-06,304.1,304.1,0.0,On-time
PAY0000159,LOAN0000155,CUST0000067,2025-07-30,2025-07-29,285.87,285.87,0.0,On-time
PAY0000160,LOAN0000154,CUST0000605,2025-02-05,2025-02-28,218.73,218.73,23.0,Late
PAY0000161,LOAN0000593,CUST0000684,2025-12-09,2025-12-07,300.58,300.58,0.0,On-time
PAY0000162,LOAN0000332,CUST0000127,2025-02-03,2025-02-02,119.33,119.33,0.0,On-time
PAY0000163,LOAN0000578,CUST0000916,2024-07-01,2024-07-08,335.27,335.27,7.0,Late
PAY0000164,LOAN0000019,CUST0000441,2023-10-30,2023-10-30,2083.16,2083.16,0.0,On-time
PAY0000165,LOAN0000201,CUST0000283,2025-01-28,2025-02-26,640.87,640.87,29.0,Late
PAY0000166,LOAN0000425,CUST0000755,2025-08-30,,351.83,,,Missed
PAY0000167,LOAN0000394,CUST0000050,2024-09-20,2024-09-20,566.23,566.23,0.0,On-time
PAY0000168,LOAN0000331,CUST0000879,2025-01-03,2025-01-03,70.21,70.21,0.0,On-time
PAY0000169,LOAN0000554,CUST0000181,2025-05-16,2025-05-15,33.52,33.52,0.0,On-time
PAY0000170,LOAN0000058,CUST0000978,2023-01-18,2023-01-18,909.7,391.6,0.0,Partial
PAY0000171,LOAN0000320,CUST0000394,2026-03-23,2026-03-22,637.39,637.39,0.0,On-time
PAY0000172,LOAN0000102,CUST0000551,2022-05-21,2022-05-19,635.91,635.91,0.0,On-time
PAY0000173,LOAN0000039,CUST0000941,2023-09-25,2023-09-23,1194.92,1194.92,0.0,On-time
PAY0000174,LOAN0000377,CUST0000186,2022-05-21,2022-05-21,651.39,651.39,0.0,On-time
PAY0000175,LOAN0000519,CUST0000619,2024-02-23,2024-02-21,150.47,150.47,0.0,On-time
PAY0000176,LOAN0000187,CUST0000518,2026-05-08,2024-08-08,201.21,201.21,17.0,Late
PAY0000177,LOAN0000491,CUST0000360,2025-10-12,2025-11-16,1483.2,1483.2,35.0,Late
PAY0000178,LOAN0000184,CUST0000347,2025-04-11,2025-04-10,487.42,487.42,0.0,ON-TIME
PAY0000179,LOAN0000440,CUST0000395,2023-01-22,2023-01-21,555.31,555.31,0.0,On-time
PAY0000180,LOAN0000090,CUST0000721,2023-05-21,2023-05-20,213.64,213.64,0.0,On-time
PAY0000181,LOAN0000195,CUST0000180,2023-04-13,2023-04-13,504.44,504.44,0.0,On-time
PAY0000182,LOAN0000596,CUST0000639,2026-04-29,2026-04-27,1250.25,1250.25,0.0,On-time
PAY0000183,LOAN0000275,CUST0000306,2023-09-15,2023-09-13,384.84,384.84,0.0,On-time
PAY0000184,LOAN0000369,CUST0000699,2025-05-20,,863.87,0.0,,Missed
PAY0000185,LOAN0000015,CUST0000311,2026-04-07,2026-05-14,188.87,,37.0,Late
PAY0000186,LOAN0000581,CUST0000592,2023-06-18,2023-06-16,927.68,927.68,0.0,On-time
PAY0000187,LOAN0000362,CUST0000964,2024-06-23,2024-06-21,924.47,924.47,0.0,On-time
PAY0000188,LOAN0000133,CUST0000758,2025-07-19,2025-07-17,367.28,367.28,0.0,On-time
PAY0000189,LOAN0000371,CUST0000522,2023-06-06,2023-06-04,1425.12,1425.12,0.0,On-time
PAY0000190,LOAN0000212,CUST0000244,2022-07-17,2022-07-16,648.42,648.42,0.0,On-time
PAY0000191,LOAN0000467,CUST0000635,2024-11-02,2024-12-13,225.47,225.47,41.0,Late
PAY0000192,LOAN0000575,CUST0000725,2026-03-11,,264.71,0.0,,Missed
PAY0000193,LOAN0000593,CUST0000684,2024-08-09,2024-08-07,300.58,300.58,0.0,On-time
PAY0000194,LOAN0000554,CUST0000181,2025-11-15,2025-11-14,33.52,33.52,0.0,On-time
PAY0000195,LOAN0000571,CUST0000295,2023-04-19,2023-04-19,914.71,914.71,0.0,On-time
PAY0000196,LOAN0000178,CUST0000675,2026-06-15,2026-06-14,963.41,963.41,0.0,On-time
PAY0000197,LOAN0000091,CUST0000953,2025-10-16,2025-10-14,417.35,417.35,0.0,On-time
PAY0000198,LOAN0000012,CUST0000725,2022-09-21,,607.42,0.0,,Missed
PAY0000199,LOAN0000546,CUST0000704,2025-07-16,2025-07-15,3568.57,3568.57,0.0,On-time
PAY0000200,LOAN0000286,CUST0000607,2025-08-22,,448.57,0.0,,Missed
PAY0000201,LOAN0000233,CUST0000781,2024-07-23,2024-07-22,2150.27,2150.27,0.0,On-time
PAY0000202,LOAN0000399,CUST0000797,2026-05-23,2026-05-22,375.73,375.73,0.0,On-time
PAY0000203,LOAN0000586,CUST0000121,2022-10-04,2022-10-04,843.94,305.51,0.0,Part Payment
PAY0000204,LOAN0000039,CUST0000941,2023-04-25,2023-04-24,1194.92,1194.92,0.0,On-time
PAY0000205,LOAN0000590,CUST0000731,2025-11-04,2025-11-04,425.85,425.85,0.0,On-time
PAY0000206,LOAN0000086,CUST0000622,2026-07-15,2026-07-14,584.59,584.59,0.0,On-time
PAY0000207,LOAN0000574,CUST0000356,2022-07-03,2022-07-02,2031.77,2031.77,0.0,On-time
PAY0000208,LOAN0000337,CUST0000035,2025-10-26,2025-10-24,210.97,210.97,0.0,On-time
PAY0000209,LOAN0000423,CUST0000564,2026-08-22,,43.59,0.0,,Missed
PAY0000210,LOAN0000218,CUST0000200,2024-09-02,2024-09-02,864.08,864.08,0.0,On-time
PAY0000211,LOAN0000395,CUST0000169,2025-11-08,2025-11-06,167.52,167.52,0.0,On-time
PAY0000212,LOAN0000370,CUST0000869,2026-06-28,2026-06-28,778.37,778.37,0.0,On-time
PAY0000213,LOAN0000200,CUST0000200,2025-12-23,2025-12-22,263.49,263.49,0.0,On-time
PAY0000214,LOAN0000577,CUST0000268,2025-09-26,2025-09-25,33.72,33.72,0.0,On-time
PAY0000215,LOAN0000469,CUST0000772,2023-09-26,,35.48,0.0,,Missed
PAY0000216,LOAN0000356,CUST0000951,2023-09-17,2023-09-16,208.44,208.44,0.0,On-time
PAY0000217,LOAN0000431,CUST0000662,2024-12-09,2025-01-19,140.76,140.76,41.0,Late
PAY0000218,LOAN0000333,CUST0000449,2024-05-09,2024-05-07,427.8,427.8,0.0,On-time
PAY0000219,LOAN0000145,CUST0000538,2022-11-20,2022-11-19,1202.85,1202.85,0.0,On-time
PAY0000220,LOAN0000397,CUST0000714,2026-04-19,,500.03,0.0,,Missed
PAY0000221,LOAN0000529,CUST0000838,2026-06-24,2026-07-28,513.54,513.54,34.0,Late
PAY0000222,LOAN0000320,CUST0000394,2025-12-22,2025-12-20,637.39,637.39,0.0,On-time
PAY0000223,LOAN0000589,CUST0000517,2025-07-02,2025-07-01,611.86,611.86,0.0,On-time
PAY0000224,LOAN0000005,CUST0000678,2026-04-30,,25.92,0.0,,Missed
PAY0000225,LOAN0000119,CUST0000188,2025-05-16,2025-05-14,820.41,820.41,0.0,On-time
PAY0000226,LOAN0000046,CUST0000361,2023-09-17,2023-09-15,1162.93,1162.93,0.0,On-time
PAY0000227,LOAN0000348,CUST0000228,2024-02-13,2024-02-13,140.46,140.46,0.0,On-time
PAY0000228,LOAN0000113,CUST0000804,2024-12-27,2024-12-25,294.26,294.26,0.0,On-time
PAY0000229,LOAN0000310,CUST0000432,2025-12-23,2025-12-22,362.83,,0.0,On-time
PAY0000230,LOAN0000506,CUST0000630,2025-10-12,2025-10-11,206.27,,0.0,On-time
PAY0000231,LOAN0000488,CUST0000052,2024-12-10,2024-12-09,135.79,63.98,0.0,Partial
PAY0000232,LOAN0000540,CUST0000782,2024-09-13,2024-09-25,216.21,216.21,12.0,Late
PAY0000233,LOAN0000020,CUST0000574,2024-07-25,2024-07-24,437.5,437.5,0.0,On-time
PAY0000234,LOAN0000386,CUST0000481,2025-10-12,2025-10-11,155.17,155.17,0.0,On-time
PAY0000235,LOAN0000497,CUST0000929,2025-06-10,2025-06-09,891.0,891.0,0.0,On-time
PAY0000236,LOAN0000200,CUST0000200,2026-01-22,2026-02-04,263.49,263.49,13.0,Late
PAY0000237,LOAN0000232,CUST0000762,2022-08-23,2022-08-22,30.32,30.32,0.0,On-time
PAY0000238,LOAN0000178,CUST0000675,2026-04-15,2026-04-13,963.41,963.41,0.0,On-time
PAY0000239,LOAN0000483,CUST0000418,2023-05-06,2023-05-06,191.54,191.54,0.0,On-time
PAY0000240,LOAN0000187,CUST0000518,2025-12-07,,201.21,0.0,,Missed
PAY0000241,LOAN0000503,CUST0000314,2026-01-17,,623.39,0.0,,Missed
PAY0000242,LOAN0000569,CUST0000182,2025-08-27,2025-08-27,206.03,206.03,0.0,On-time
PAY0000243,LOAN0000139,CUST0000859,2026-04-11,2026-04-10,627.26,627.26,0.0,On-time
PAY0000244,LOAN0000062,CUST0000397,2025-08-30,2025-08-29,309.46,309.46,0.0,On-time
PAY0000245,LOAN0000456,CUST0000220,2024-05-06,2024-05-06,204.09,204.09,0.0,On-time
PAY0000246,LOAN0000078,CUST0000726,2023-10-22,,1123.26,,,Missed
PAY0000247,LOAN0000022,CUST0000637,2022-02-25,2022-02-24,78.37,78.37,0.0,On-time
PAY0000248,LOAN0000582,CUST0000328,2025-03-15,2025-03-15,2093.87,2093.87,0.0,On-time
PAY0000249,LOAN0000485,CUST0000678,2024-05-01,2024-04-30,174.48,,0.0,On-time
PAY0000250,LOAN0000418,CUST0000918,2026-03-12,2026-03-11,86.17,86.17,0.0,On-time
PAY0000251,LOAN0000227,CUST0000949,2025-03-19,2025-03-18,213.21,213.21,0.0,On-time
PAY0000252,LOAN0000157,CUST0000083,2025-11-25,2026-01-06,346.56,,42.0,Late
PAY0000253,LOAN0000092,CUST0000314,2023-09-01,2023-08-30,657.71,657.71,0.0,On-time
PAY0000254,LOAN0000131,CUST0000115,2026-01-03,2026-01-03,62.49,62.49,0.0,On-time
PAY0000255,LOAN0000070,CUST0000916,2024-09-21,,592.68,592.68,0.0,On-time
PAY0000256,LOAN0000299,CUST0000136,2023-09-06,2023-09-04,486.64,486.64,0.0,On-time
PAY0000257,LOAN0000055,CUST0000726,2023-10-28,2023-10-26,399.72,399.72,0.0,On-time
PAY0000258,LOAN0000263,CUST0000966,2025-04-11,2025-04-09,460.72,460.72,0.0,On-time
PAY0000259,LOAN0000493,CUST0000307,2025-02-19,2025-02-17,516.28,516.28,0.0,On-time
PAY0000260,LOAN0000432,CUST0000070,2026-04-25,2026-04-23,261.4,261.4,0.0,On-time
PAY0000261,LOAN0000543,CUST0000901,2025-10-25,2025-10-24,2766.45,2766.45,0.0,On-time
PAY0000262,LOAN0000538,CUST0000126,2026-07-09,2026-07-09,360.05,360.05,0.0,On-time
PAY0000263,LOAN0000442,CUST0000745,2023-01-03,2023-01-03,250.74,250.74,0.0,On-time
PAY0000264,LOAN0000088,CUST0000710,2025-04-19,2025-04-19,1812.64,1812.64,0.0,On-time
PAY0000265,LOAN0000239,CUST0000856,2026-02-08,2026-02-06,160.45,,0.0,On-time
PAY0000266,LOAN0000483,CUST0000418,2025-05-06,2025-05-06,191.54,191.54,0.0,On-time
PAY0000267,LOAN0000311,CUST0000689,2025-08-23,2025-08-23,184.19,184.19,0.0,On-time
PAY0000268,LOAN0000182,CUST0000834,2025-12-15,2026-01-27,39.57,39.57,43.0,Late
PAY0000269,LOAN0000265,CUST0000461,2025-09-03,,1752.19,0.0,,Missed
PAY0000270,LOAN0000490,CUST0000017,2023-08-27,,265.48,0.0,,NSF
PAY0000271,LOAN0000262,CUST0000208,2026-06-05,2026-06-04,125.64,125.64,0.0,On-time
PAY0000272,LOAN0000196,CUST0000862,2026-04-17,2026-04-17,272.29,272.29,0.0,On-time
PAY0000273,LOAN0000556,CUST0000773,2026-08-21,2026-08-19,76.7,76.7,0.0,On-time
PAY0000274,LOAN0000282,CUST0000724,2025-09-22,,67.12,0.0,,Missed
PAY0000275,LOAN0000190,CUST0000337,2024-11-26,2024-12-09,293.17,293.17,13.0,Late
PAY0000276,LOAN0000403,CUST0000115,2025-10-19,2025-10-18,43.28,43.28,0.0,On-time
PAY0000277,LOAN0000109,CUST0000993,2026-08-11,2026-09-09,413.87,413.87,29.0,Late
PAY0000278,LOAN0000087,CUST0000889,2024-04-05,2024-04-05,286.79,286.79,0.0,On-time
PAY0000279,LOAN0000190,CUST0000337,2025-11-26,2025-11-25,293.17,293.17,0.0,On-time
PAY0000280,LOAN0000467,CUST0000635,2026-07-04,2026-07-02,225.47,130.05,0.0,Partial
PAY0000281,LOAN0000161,CUST0000522,2023-01-27,2023-01-25,1392.51,1392.51,0.0,On-time
PAY0000282,LOAN0000100,CUST0000084,2023-03-25,2023-03-23,1277.87,1277.87,0.0,On-time
PAY0000283,LOAN0000338,CUST0000083,2023-12-31,2023-12-31,1081.84,1081.84,0.0,On-time
PAY0000284,LOAN0000560,CUST0000074,2026-01-22,2026-03-04,224.75,224.75,41.0,Late
PAY0000285,LOAN0000188,CUST0000979,2024-11-09,2024-12-17,349.2,349.2,38.0,Late
PAY0000286,LOAN0000248,CUST0000569,2024-02-06,2024-02-06,273.13,273.13,0.0,On-time
PAY0000287,LOAN0000593,CUST0000684,2026-08-10,2026-08-09,300.58,300.58,0.0,On-time
PAY0000288,LOAN0000146,CUST0000606,2025-02-23,2025-02-21,1506.71,1506.71,0.0,On-time
PAY0000289,LOAN0000002,CUST0000552,2024-05-02,2024-04-30,38.11,38.11,0.0,On-time
PAY0000290,LOAN0000386,CUST0000481,2025-02-11,2025-02-11,155.17,155.17,0.0,On-time
PAY0000291,LOAN0000562,CUST0000102,2023-09-06,2023-09-05,1887.75,1887.75,0.0,On-time
PAY0000292,LOAN0000494,CUST0000188,2026-02-24,2026-04-07,1276.54,1276.54,42.0,Late
PAY0000293,LOAN0000488,CUST0000052,2024-06-10,2024-06-10,135.79,135.79,0.0,On-time
PAY0000294,LOAN0000471,CUST0000761,2025-05-06,,123.33,123.33,0.0,On-time
PAY0000295,LOAN0000418,CUST0000918,2022-02-09,2022-02-09,86.17,86.17,0.0,On-time
PAY0000296,LOAN0000212,CUST0000244,2023-04-17,2023-04-16,648.42,648.42,0.0,On-time
PAY0000297,LOAN0000562,CUST0000102,2023-08-06,2023-08-06,1887.75,1887.75,0.0,On-time
PAY0000298,LOAN0000237,CUST0000988,2023-10-24,2023-11-09,1335.42,1335.42,16.0,Late
PAY0000299,LOAN0000198,CUST0000959,2026-01-08,,415.03,-415.03,0.0,On-time
PAY0000300,LOAN0000047,CUST0000212,2023-12-15,2023-12-14,199.31,199.31,0.0,On-time
PAY0000301,LOAN0000025,CUST0000636,2026-05-31,2026-05-31,398.64,398.64,0.0,On-time
PAY0000302,LOAN0000462,CUST0000397,2026-07-30,2026-08-22,660.43,660.43,23.0,Late
PAY0000303,LOAN0000246,CUST0000874,2023-01-09,2023-01-08,966.85,966.85,0.0,On-time
PAY0000304,LOAN0000029,CUST0000434,2025-07-16,2025-07-15,698.52,698.52,0.0,ON-TIME
PAY0000305,LOAN0000007,CUST0000718,2026-01-11,2026-01-11,669.61,669.61,0.0,On-time
PAY0000306,LOAN0000213,CUST0000023,2023-12-26,2023-12-25,1149.89,1149.89,0.0,On-time
PAY0000307,LOAN0000520,CUST0000697,2024-09-14,2024-09-14,168.67,168.67,0.0,On-time
PAY0000308,LOAN0000320,CUST0000394,2026-06-22,2026-06-20,637.39,637.39,0.0,On-time
PAY0000309,LOAN0000555,CUST0000407,2023-12-30,2024-01-26,109.67,109.67,27.0,Late
PAY0000310,LOAN0000485,CUST0000678,2025-06-01,2025-07-13,174.48,174.48,42.0,Late
PAY0000311,LOAN0000051,CUST0000838,2026-01-22,2026-01-22,1474.03,,0.0,On-time
PAY0000312,LOAN0000042,CUST0000954,2024-03-21,2024-03-21,518.03,518.03,0.0,On-time
PAY0000313,LOAN0000251,CUST0000975,2025-08-27,2025-08-27,793.09,,0.0,On-time
PAY0000314,LOAN0000090,CUST0000721,2025-01-19,,213.64,0.0,,Missed
PAY0000315,LOAN9476970,CUST0000987,2023-09-17,2023-09-17,1972.9,1972.9,0.0,On-time
PAY0000316,LOAN0000039,CUST0000941,2024-06-25,,1194.92,0.0,,Missed
PAY0000317,LOAN0000200,CUST0000200,2024-05-23,2024-07-06,263.49,263.49,44.0,Late
PAY0000318,LOAN0000200,CUST0000200,2025-04-23,2025-04-23,263.49,-263.49,0.0,On-time
PAY0000319,LOAN0000176,CUST0000098,2025-03-29,2025-03-29,654.28,654.28,0.0,On-time
PAY0000320,LOAN0000129,CUST0000236,2025-12-08,2025-12-08,453.79,453.79,0.0,On-time
PAY0000321,LOAN0000384,CUST0000497,2025-06-29,2025-06-29,97.43,97.43,0.0,On-time
PAY0000322,LOAN0000173,CUST0000500,2025-09-27,2025-09-25,41.76,41.76,0.0,On-time
PAY0000323,LOAN0000162,CUST0000866,2025-02-17,2025-02-15,533.21,533.21,0.0,OK
PAY0000324,LOAN0000142,CUST0000897,2025-06-20,2025-06-20,459.08,459.08,0.0,On-time
PAY0000325,LOAN0000555,CUST0000407,2024-06-29,2024-06-27,109.67,109.67,0.0,On-time
PAY0000326,LOAN0000238,CUST0000420,2025-09-01,2025-09-01,346.74,346.74,0.0,On-time
PAY0000327,LOAN0000410,CUST0000712,2022-12-16,2022-12-16,696.51,696.51,0.0,On-time
PAY0000328,LOAN0000424,CUST0000831,2025-11-05,2025-11-03,306.66,306.66,0.0,On-time
PAY0000329,LOAN0000530,CUST0000028,2026-05-25,2026-05-25,158.2,158.2,0.0,On-time
PAY0000330,LOAN0000122,CUST0000253,2023-04-04,,559.32,0.0,,Missed
PAY0000331,LOAN0000490,CUST0000017,2024-01-27,,265.48,0.0,,Missed
PAY0000332,LOAN0000517,CUST0000661,2025-11-27,2025-11-26,74.07,74.07,0.0,On-time
PAY0000333,LOAN0000557,CUST0000030,2025-12-30,2025-12-29,2011.13,2011.13,0.0,On Time
PAY0000334,LOAN0000553,CUST0000515,2026-02-25,2026-02-24,108.09,108.09,0.0,On-time
PAY0000335,LOAN0000465,CUST0000519,2024-11-07,2024-11-06,121.1,121.1,0.0,On-time
PAY0000336,LOAN0000110,CUST0000466,2025-03-23,2025-04-17,434.4,,25.0,Late
PAY0000337,LOAN0000370,CUST0000869,2024-09-26,2024-09-26,778.37,778.37,0.0,On-time
PAY0000338,LOAN0000164,CUST0000966,2023-03-29,2023-03-28,3556.03,3556.03,0.0,On-time
PAY0000339,LOAN0000362,CUST0000964,2023-08-24,2023-08-22,924.47,924.47,0.0,On-time
PAY0000340,LOAN0000047,CUST0000212,2022-07-15,2022-07-14,199.31,199.31,0.0,On-time
PAY0000341,LOAN0000102,CUST0000551,2022-03-21,,635.91,0.0,,Missed
PAY0000342,LOAN0000346,CUST0000988,2025-02-04,2025-02-03,186.55,-186.55,0.0,On-time
PAY0000343,LOAN0000333,CUST0000449,2024-03-09,2024-03-08,427.8,,0.0,On-time
PAY0000344,LOAN0000161,CUST0000522,2022-12-28,2022-12-27,1392.51,1392.51,0.0,On-time
PAY0000345,LOAN0000243,CUST0000094,2026-01-08,2026-01-08,227.16,227.16,0.0,On-time
PAY0000346,LOAN0000539,CUST0000693,2025-09-02,2025-09-01,180.07,180.07,0.0,On-time
PAY0000347,LOAN0000026,CUST0000233,2024-07-17,,1026.87,0.0,,Missed
PAY0000348,LOAN0000096,CUST0000078,2023-08-28,2023-08-28,811.36,811.36,0.0,On-time
PAY0000349,LOAN0000267,CUST0000745,2026-06-10,2026-06-10,122.23,122.23,0.0,On-time
PAY0000350,LOAN0000026,CUST0000233,2025-06-17,2025-06-17,1026.87,1026.87,0.0,On-time
PAY0000351,LOAN0000397,CUST0000714,2026-02-17,2026-02-16,500.03,500.03,0.0,On-time
PAY0000352,LOAN9554006,CUST0000606,2024-11-23,2024-11-23,1506.71,1506.71,0.0,OK
PAY0000353,LOAN0000362,CUST0000964,2026-04-24,2026-04-23,924.47,924.47,0.0,On-time
PAY0000354,LOAN0000282,CUST0000724,2023-11-23,2023-11-21,67.12,67.12,0.0,On-time
PAY0000355,LOAN0000522,CUST0000507,2024-12-03,2024-12-03,1893.28,1893.28,0.0,On-time
PAY0000356,LOAN0000232,CUST0000762,2022-04-23,2022-04-23,30.32,30.32,0.0,On-time
PAY0000357,LOAN0000571,CUST0000295,2022-12-18,,914.71,0.0,,Missed
PAY0000358,LOAN0000147,CUST0000364,2025-10-27,2025-10-25,150.55,150.55,0.0,On-time
PAY0000359,LOAN0000385,CUST0000435,2022-11-27,2022-11-25,394.76,394.76,0.0,On-time
PAY0000360,LOAN0000383,CUST0000736,2026-06-02,2026-05-31,83.06,83.06,0.0,On-time
PAY0000361,LOAN0000285,CUST0000506,2026-01-13,,133.87,133.87,0.0,On-time
PAY0000362,LOAN0000482,CUST0000004,2026-08-01,2026-07-30,450.66,450.66,0.0,On-time
PAY0000363,LOAN0000481,CUST0000429,2025-01-03,2025-01-02,227.01,227.01,0.0,On-time
PAY0000364,LOAN0000100,CUST0000084,2022-11-23,2022-11-23,1277.87,1277.87,0.0,On-time
PAY0000365,LOAN0000363,CUST0000783,2024-09-28,2024-11-05,630.91,630.91,38.0,Late
PAY0000366,LOAN0000102,CUST0000551,2022-07-21,2022-07-21,635.91,330.67,0.0,Partial
PAY0000367,LOAN0000362,CUST0000964,2026-08-24,2026-09-10,924.47,924.47,17.0,Late
PAY0000368,LOAN0000473,CUST0000340,2023-03-01,2023-03-01,528.94,528.94,0.0,on time
PAY0000369,LOAN0000346,CUST0000988,2023-05-06,2023-05-05,186.55,186.55,0.0,On-time
PAY0000370,LOAN0000166,CUST0000612,2026-08-23,2026-08-22,261.69,261.69,0.0,On-time
PAY0000371,LOAN0000122,CUST0000253,2025-06-04,2025-06-04,559.32,559.32,0.0,On-time
PAY0000372,LOAN0000008,CUST0000974,2024-12-08,2024-12-06,77.65,77.65,0.0,On-time
PAY0000373,LOAN0000457,CUST0000181,2025-11-26,2025-12-23,772.95,772.95,27.0,Late
PAY0000374,LOAN0000424,CUST0000831,2025-03-06,,306.66,0.0,,Missed
PAY0000375,LOAN0000229,CUST0000179,2023-08-04,2023-08-03,41.64,41.64,0.0,On-time
PAY0000376,LOAN0000259,CUST0000175,2026-08-23,2026-08-22,393.56,393.56,0.0,On-time
PAY0000377,LOAN0000294,CUST0000925,2022-11-09,2022-11-09,452.0,452.0,0.0,On-time
PAY0000378,LOAN0000064,CUST0000818,2024-07-07,2024-07-06,499.21,499.21,0.0,On-time
PAY0000379,LOAN0000483,CUST0000418,2026-02-04,2026-02-03,191.54,191.54,0.0,On-time
PAY0000380,LOAN0000282,CUST0000724,2025-12-23,2025-12-22,67.12,38.27,0.0,Partial
PAY0000381,LOAN0000495,CUST0000046,2026-01-11,2026-01-09,393.71,393.71,0.0,On-time
PAY0000382,LOAN0000153,CUST0000245,2026-02-22,2026-02-20,313.95,313.95,0.0,On-time
PAY0000383,LOAN0000587,CUST0000313,2023-10-24,2023-10-24,268.66,268.66,0.0,On-time
PAY0000384,LOAN0000002,CUST0000552,2026-08-01,2026-09-06,38.11,38.11,36.0,Late
PAY0000385,LOAN0000483,CUST0000418,2023-03-06,2023-03-04,191.54,191.54,0.0,On-time
PAY0000386,LOAN0000090,CUST0000721,2023-03-21,,213.64,0.0,,Missed
PAY0000387,LOAN0000239,CUST0000856,2025-01-08,2025-01-08,160.45,160.45,0.0,On-time
PAY0000388,LOAN0000374,CUST0000475,2025-01-21,2025-01-21,495.54,495.54,0.0,On-time
PAY0000389,LOAN0000563,CUST0000281,2025-04-23,2025-04-23,1609.44,1609.44,0.0,On-time
PAY0000390,LOAN0000333,CUST0000449,2023-04-09,2023-05-19,427.8,427.8,40.0,Late
PAY0000391,LOAN0000073,CUST0000266,2024-05-06,2024-05-05,101.83,101.83,0.0,On-time
PAY0000392,LOAN0000407,CUST0000624,2025-06-22,2025-06-27,250.13,250.13,5.0,Late
PAY0000393,LOAN0000144,CUST0000143,2026-05-18,2026-05-18,184.57,184.57,0.0,On-time
PAY0000394,LOAN0000217,CUST0000492,2025-08-04,2025-08-02,683.75,683.75,0.0,On-time
PAY0000395,LOAN0000263,CUST0000966,2026-08-11,2026-08-09,460.72,460.72,0.0,On-time
PAY0000396,LOAN0000410,CUST0000712,2024-07-16,2024-07-16,696.51,696.51,0.0,On-time
PAY0000397,LOAN0000285,CUST0000506,2025-04-14,2024-06-22,133.87,133.87,0.0,On-time
PAY0000398,LOAN0000087,CUST0000889,2025-08-05,2025-08-04,286.79,286.79,0.0,On-time
PAY0000399,LOAN0000290,CUST0000757,2026-02-12,2026-02-10,649.64,649.64,0.0,On-time
PAY0000400,LOAN0000033,CUST0000373,2023-03-22,2023-03-22,2390.38,2390.38,0.0,On-time
PAY0000401,LOAN0000051,CUST0000838,2023-06-23,2023-06-21,1474.03,614.0,0.0,Partial
PAY0000402,LOAN0000231,CUST0000896,2026-04-09,,508.99,0.0,,Missed
PAY0000403,LOAN0000229,CUST0000179,2025-12-04,2023-04-12,41.64,-41.64,0.0,On-time
PAY0000404,LOAN0000090,CUST0000721,2024-10-20,2024-10-24,213.64,213.64,4.0,Late
PAY0000405,LOAN0000060,CUST0000626,2026-03-04,,25.65,25.65,0.0,On-time
PAY0000406,LOAN0000026,CUST0000233,2025-08-16,2025-08-16,1026.87,1026.87,0.0,On-time
PAY0000407,LOAN0000458,CUST0000426,2025-10-12,2025-10-22,139.78,139.78,10.0,Late
PAY0000408,LOAN0000456,CUST0000220,2024-06-06,2024-06-06,204.09,204.09,0.0,On-time
PAY0000409,LOAN0000176,CUST0000098,2025-11-27,2025-11-25,654.28,654.28,0.0,On-time
PAY0000410,LOAN0000024,CUST0000510,2026-01-28,2026-01-26,988.87,988.87,0.0,On-time
PAY0000411,LOAN0000168,CUST0000850,2026-01-30,2026-01-30,487.76,487.76,0.0,On-time
PAY0000412,LOAN0000189,CUST0000937,2026-03-06,2026-03-11,1267.39,1267.39,5.0,Late
PAY0000413,LOAN0000065,CUST0000934,2026-05-16,2026-05-26,395.77,395.77,10.0,Late
PAY0000414,LOAN0000154,CUST0000605,2025-03-08,2025-03-07,218.73,218.73,0.0,On-time
PAY0000415,LOAN0000498,CUST0000045,2026-07-31,,122.14,56.5,0.0,Partial
PAY0000416,LOAN0000565,CUST0000504,2024-03-25,2022-07-20,554.46,554.46,0.0,On-time
PAY0000417,LOAN0000521,CUST0000273,2025-06-02,,1356.42,0.0,,Missed
PAY0000418,LOAN0000045,CUST0000566,2025-10-13,,909.16,0.0,,Missed
PAY0000419,LOAN0000283,CUST0000045,2025-11-13,2025-12-25,57.8,57.8,42.0,Late
PAY0000420,LOAN0000133,CUST0000758,2026-05-19,2026-05-17,367.28,367.28,0.0,On-time
PAY0000421,LOAN0000118,CUST0000545,2025-05-08,2025-05-08,208.58,208.58,0.0,On-time
PAY0000422,LOAN0000406,CUST0000519,2026-05-09,2026-06-06,179.61,179.61,28.0,Late
PAY0000423,LOAN0000248,CUST0000569,2024-07-07,2024-07-05,273.13,273.13,0.0,On-time
PAY0000424,LOAN0000425,CUST0000755,2025-03-31,2025-03-29,351.83,351.83,0.0,On-time
PAY0000425,LOAN0000576,CUST0000001,2024-12-03,2024-12-03,341.13,341.13,0.0,On-time
PAY0000426,LOAN0000471,CUST0000761,2026-03-06,2026-03-05,123.33,123.33,0.0,On-time
PAY0000427,LOAN0000153,CUST0000245,2026-03-24,2026-03-29,313.95,313.95,5.0,Late
PAY0000428,LOAN0000243,CUST0000094,2025-05-10,2025-05-08,227.16,227.16,0.0,On-time
PAY0000429,LOAN0000491,CUST0000360,2024-04-12,,1483.2,1483.2,0.0,On-time
PAY0000430,LOAN0000249,CUST0000632,2026-03-12,2026-03-10,1134.85,1134.85,0.0,On-time
PAY0000431,LOAN0000491,CUST0000360,2026-08-12,2026-08-11,1483.2,1483.2,0.0,On-time
PAY0000432,LOAN0000548,CUST0000347,2025-01-28,2025-01-28,480.43,480.43,0.0,On-time
PAY0000433,LOAN0000111,CUST0000196,2025-09-06,2025-10-08,640.44,640.44,32.0,Late
PAY0000434,LOAN0000576,CUST0000001,2024-02-02,2024-02-01,341.13,341.13,0.0,On-time
PAY0000435,LOAN0000111,CUST0000196,2024-01-06,2024-01-04,640.44,640.44,0.0,On-time
PAY0000436,LOAN0000592,CUST0000786,2025-01-02,2025-01-02,979.05,979.05,0.0,On-time
PAY0000437,LOAN0000215,CUST0000448,2022-10-13,2022-10-12,1912.74,1912.74,0.0,On-time
PAY0000438,LOAN0000156,CUST0000047,2026-01-13,2026-01-11,19.97,19.97,0.0,On-time
PAY0000439,LOAN0000574,CUST0000356,2022-05-03,2022-05-02,2031.77,2031.77,0.0,On-time
PAY0000440,LOAN0000593,CUST0000684,2024-06-09,2024-06-09,300.58,300.58,0.0,On-time
PAY0000441,LOAN0000361,CUST0000306,2026-05-08,2026-05-06,413.38,413.38,0.0,On-time
PAY0000442,LOAN0000466,CUST0000967,2025-11-29,2025-11-29,25.35,25.35,0.0,On-time
PAY0000443,LOAN0000381,CUST0000477,2026-06-09,2026-06-08,1402.35,1402.35,0.0,On-time
PAY0000444,LOAN0000505,CUST0000062,2024-07-18,2024-07-18,50.36,50.36,0.0,On-time
PAY0000445,LOAN0000566,CUST0000236,2024-07-31,2024-07-29,205.31,205.31,0.0,On-time
PAY0000446,LOAN0000031,CUST0000787,2024-06-18,2024-06-18,1194.04,1194.04,0.0,On-time
PAY0000447,LOAN0000271,CUST0000310,2025-06-02,2025-06-02,1002.33,1002.33,0.0,On-time
PAY0000448,LOAN0000161,CUST0000522,2022-06-28,2022-06-27,1392.51,1392.51,0.0,On-time
PAY0000449,LOAN0000290,CUST0000757,2025-03-15,2025-03-13,649.64,649.64,0.0,On-time
PAY0000450,LOAN0000070,CUST0000916,2024-06-21,2024-06-19,592.68,592.68,0.0,On-time
PAY0000451,LOAN0000532,CUST0000330,2024-05-31,2024-07-12,677.86,677.86,42.0,Late
PAY0000452,LOAN0000192,CUST0000222,2024-06-13,2024-06-13,834.2,834.2,0.0,On-time
PAY0000453,LOAN0000477,CUST0000436,2024-07-22,2024-07-22,14.8,14.8,0.0,On-time
PAY0000454,LOAN0000184,CUST0000347,2025-08-11,,487.42,0.0,,Missed
PAY0000455,LOAN0000162,CUST0000866,2026-03-19,2026-03-19,533.21,,0.0,On-time
PAY0000456,LOAN0000441,CUST0000705,2025-06-12,2025-07-19,2212.0,-2212.0,37.0,Late
PAY0000457,LOAN0000403,CUST0000115,2024-07-20,2024-07-19,43.28,43.28,0.0,On-time
PAY0000458,LOAN0000425,CUST0000755,2024-04-30,2024-04-30,351.83,351.83,0.0,On-time
PAY0000459,LOAN0000120,CUST0000484,2023-09-13,2023-09-13,316.36,316.36,0.0,On-time
PAY0000460,LOAN0000063,CUST0000024,2025-05-19,2025-05-18,101.19,101.19,0.0,On-time
PAY0000461,LOAN0000200,CUST0000200,2023-11-23,,263.49,0.0,,Missed
PAY0000462,LOAN0000138,CUST0000052,2025-02-02,2025-02-02,332.64,332.64,0.0,On-time
PAY0000463,LOAN0000540,CUST0000782,2024-04-13,2024-04-11,216.21,-216.21,0.0,On-time
PAY0000464,LOAN0000366,CUST0000111,2023-03-11,2023-03-11,668.2,668.2,0.0,On-time
PAY0000465,LOAN0000592,CUST0000786,2024-04-03,2024-04-02,979.05,979.05,0.0,On-time
PAY0000466,LOAN0000512,CUST0000817,2026-04-15,2026-04-15,915.62,577.0,0.0,Partial
PAY0000467,LOAN0000163,CUST0000003,2023-03-17,2023-03-17,488.31,488.31,0.0,On-time
PAY0000468,LOAN0000051,CUST0000838,2025-04-23,2025-04-21,1474.03,1474.03,0.0,On-time
PAY0000469,LOAN0000536,CUST0000581,2024-11-15,2024-11-15,246.77,246.77,0.0,On-time
PAY0000470,LOAN0000452,CUST0000389,2025-10-08,2025-10-08,517.19,189.07,0.0,Partial
PAY0000471,LOAN9675367,CUST0000889,2022-05-21,2022-05-19,1012.97,1012.97,0.0,On-time
PAY0000472,LOAN0000167,CUST0000260,2024-11-06,2024-11-04,974.84,974.84,0.0,On-time
PAY0000473,LOAN0000429,CUST0000782,2025-06-25,2025-06-25,1011.92,1011.92,0.0,On-time
PAY0000474,LOAN0000096,CUST0000078,2023-10-28,2023-10-27,811.36,811.36,0.0,On-time
PAY0000475,LOAN0000343,CUST0000618,2025-05-04,2025-05-02,2825.66,2013.03,0.0,Partial
PAY0000476,LOAN0000259,CUST0000175,2026-07-24,2026-07-24,393.56,393.56,0.0,On-time
PAY0000477,LOAN0000012,CUST0000725,2026-07-22,2026-07-21,607.42,607.42,0.0,On-time
PAY0000478,LOAN0000299,CUST0000136,2025-06-06,2025-06-05,486.64,486.64,0.0,On-time
PAY0000479,LOAN0000185,CUST0000327,2026-08-10,2026-08-09,89.29,89.29,0.0,On-time
PAY0000480,LOAN0000318,CUST0000451,2022-09-12,2022-09-11,1389.25,1389.25,0.0,On-time
PAY0000481,LOAN0000129,CUST0000236,2025-01-07,,453.79,0.0,,Missed
PAY0000482,LOAN9187266,CUST0000003,2023-07-17,2023-07-15,488.31,488.31,0.0,On-time
PAY0000483,LOAN0000279,CUST0000696,2023-08-24,2023-10-01,28.99,28.99,38.0,Late
PAY0000484,LOAN0000256,CUST0000931,2024-05-26,2024-05-25,94.47,94.47,0.0,On-time
PAY0000485,LOAN0000108,CUST0000303,2024-06-30,2024-06-30,115.22,115.22,0.0,On-time
PAY0000486,LOAN0000009,CUST0000316,2023-11-05,2023-12-15,201.72,201.72,40.0,Late
PAY0000487,LOAN0000257,CUST0000699,2024-01-25,2024-01-25,1022.97,1022.97,0.0,On-time
PAY0000488,LOAN0000514,CUST0000224,2022-08-20,,1266.69,0.0,,Missed
PAY0000489,LOAN0000151,CUST0000118,2024-04-02,2024-04-01,226.17,226.17,0.0,On-time
PAY0000490,LOAN0000082,CUST0000198,2026-08-01,2026-07-30,865.41,865.41,0.0,On-time
PAY0000491,LOAN0000345,CUST0000724,2025-09-26,2025-09-24,906.51,906.51,0.0,On-time
PAY0000492,LOAN0000399,CUST0000797,2024-10-22,2024-10-20,375.73,375.73,0.0,On-time
PAY0000493,LOAN0000201,CUST0000283,2025-09-29,2025-09-27,640.87,640.87,0.0,On-time
PAY0000494,LOAN0000538,CUST0000126,2024-05-09,,360.05,0.0,,Missed
PAY0000495,LOAN0000176,CUST0000098,2025-08-28,2025-08-26,654.28,654.28,0.0,On-time
PAY0000496,LOAN0000579,CUST0000002,2024-06-26,2024-06-26,467.36,467.36,0.0,On-time
PAY0000497,LOAN0000056,CUST0000793,2026-04-22,2026-04-21,145.21,145.21,0.0,On-time
PAY0000498,LOAN0000360,CUST0000875,2025-03-01,2025-03-01,17.76,17.76,0.0,On-time
PAY0000499,LOAN0000483,CUST0000418,2023-09-05,2023-09-03,191.54,191.54,0.0,On-time
PAY0000500,LOAN0000071,CUST0000250,2022-07-23,2022-07-21,190.79,90.59,0.0,Partial
PAY0000501,LOAN0000186,CUST0000776,2026-04-15,2026-04-15,726.63,,0.0,On-time
PAY0000502,LOAN0000451,CUST0000882,2023-05-21,2023-05-19,324.24,324.24,0.0,On-time
PAY0000503,LOAN0000273,CUST0000955,2023-10-28,2023-10-26,1128.57,1128.57,0.0,On-time
PAY0000504,LOAN0000578,CUST0000916,2022-12-31,2022-12-30,335.27,335.27,0.0,On-time
PAY0000505,LOAN0000416,CUST0000611,2023-01-07,,21.6,0.0,,Missed
PAY0000506,LOAN0000354,CUST0000677,2025-12-10,2025-12-10,103.03,103.03,0.0,On-time
PAY0000507,LOAN0000360,CUST0000875,2025-03-31,2025-03-30,17.76,17.76,0.0,On-time
PAY0000508,LOAN0000486,CUST0000898,2026-07-13,2026-07-13,180.53,180.53,0.0,On-time
PAY0000509,LOAN0000363,CUST0000783,2023-07-29,2023-07-28,630.91,630.91,0.0,On-time
PAY0000510,LOAN0000477,CUST0000436,2024-09-21,2024-09-21,14.8,14.8,0.0,On-time
PAY0000511,LOAN0000159,CUST0000902,2024-05-23,2024-05-22,47.23,47.23,0.0,On-time
PAY0000512,LOAN0000519,CUST0000619,2024-07-24,2024-07-22,150.47,90.87,0.0,Partial
PAY0000513,LOAN0000150,CUST0000901,2025-05-17,2025-05-16,421.66,421.66,0.0,On-time
PAY0000514,LOAN0000114,CUST0000879,2025-12-22,,203.52,0.0,,Missed
PAY0000515,LOAN0000266,CUST0000220,2025-07-11,2025-07-09,324.19,324.19,0.0,On-time
PAY0000516,LOAN0000470,CUST0000725,2024-11-02,2024-12-06,241.98,241.98,34.0,Late
PAY0000517,LOAN0000229,CUST0000179,2025-06-04,2025-06-02,41.64,41.64,0.0,On-time
PAY0000518,LOAN0000559,CUST0000824,2025-12-29,2025-12-27,176.29,176.29,0.0,On-time
PAY0000519,LOAN0000149,CUST0000764,2024-11-08,2024-11-07,556.36,556.36,0.0,On-time
PAY0000520,LOAN0000270,CUST0000115,2026-06-16,2026-06-14,188.1,188.1,0.0,On-time
PAY0000521,LOAN0000252,CUST0000521,2025-12-22,2025-12-20,1682.41,1682.41,0.0,On-time
PAY0000522,LOAN0000008,CUST0000974,2026-02-07,2026-02-06,77.65,77.65,0.0,On-time
PAY0000523,LOAN0000192,CUST0000222,2023-12-13,2023-12-11,834.2,834.2,0.0,On-time
PAY0000524,LOAN0000590,CUST0000731,2026-04-05,2026-05-14,425.85,425.85,39.0,Late
PAY0000525,LOAN0000016,CUST0000359,2025-12-13,2025-12-13,424.63,,0.0,On-time
PAY0000526,LOAN0000308,CUST0000188,2025-11-29,2025-11-29,680.08,680.08,0.0,On-time
PAY0000527,LOAN0000416,CUST0000611,2026-04-08,,21.6,0.0,,Missed
PAY0000528,LOAN0000147,CUST0000364,2022-06-27,2022-06-25,150.55,150.55,0.0,On-time
PAY0000529,LOAN0000501,CUST0000055,2026-06-05,2026-06-03,762.76,762.76,0.0,On-time
PAY0000530,LOAN0000399,CUST0000797,2026-06-23,2026-06-21,375.73,375.73,0.0,On-time
PAY0000531,LOAN0000443,CUST0000791,2026-03-03,,1882.62,0.0,,Missed
PAY0000532,LOAN0000071,CUST0000250,2025-06-22,2025-06-20,190.79,190.79,0.0,On-time
PAY0000533,LOAN0000556,CUST0000773,2024-09-20,2024-09-18,76.7,76.7,0.0,On-time
PAY0000534,LOAN0000172,CUST0000692,2025-11-29,2025-11-29,159.9,159.9,0.0,On-time
PAY0000535,LOAN0000571,CUST0000295,2022-09-18,2022-10-24,914.71,914.71,36.0,Late
PAY0000536,LOAN0000290,CUST0000757,2022-10-14,2022-10-14,649.64,649.64,0.0,On-time
PAY0000537,LOAN0000176,CUST0000098,2025-10-28,2025-10-28,654.28,-654.28,0.0,On-time
PAY0000538,LOAN0000508,CUST0000151,2025-10-23,,359.97,0.0,,Missed
PAY0000539,LOAN0000343,CUST0000618,2023-03-05,2023-04-05,2825.66,2825.66,31.0,Late
PAY0000540,LOAN0000160,CUST0000148,2023-08-16,2023-08-16,76.44,76.44,0.0,On-time
PAY0000541,LOAN0000392,CUST0000563,2024-02-25,2024-03-05,643.1,643.1,9.0,Late
PAY0000542,LOAN0000387,CUST0000070,2025-07-17,2025-08-27,284.03,284.03,41.0,Late
PAY0000543,LOAN0000548,CUST0000347,2024-02-28,2024-02-28,480.43,480.43,0.0,On-time
PAY0000544,LOAN0000402,CUST0000072,2025-08-02,2025-08-01,158.38,98.35,0.0,Partial
PAY0000545,LOAN0000577,CUST0000268,2025-01-26,2025-01-24,33.72,11.28,0.0,Partial
PAY0000546,LOAN0000418,CUST0000918,2025-01-10,,86.17,0.0,,Missed
PAY0000547,LOAN0000238,CUST0000420,2025-01-31,2025-01-31,346.74,346.74,0.0,On-time
PAY0000548,LOAN0000588,CUST0000382,2023-08-29,2023-08-28,148.33,148.33,0.0,On-time
PAY0000549,LOAN0000089,CUST0000928,2024-09-17,2024-09-21,258.83,258.83,4.0,Late
PAY0000550,LOAN0000407,CUST0000624,2026-01-21,2026-01-21,250.13,250.13,0.0,On-time
PAY0000551,LOAN0000386,CUST0000481,2025-07-13,2025-07-13,155.17,155.17,0.0,On-time
PAY0000552,LOAN0000443,CUST0000791,2024-07-02,2024-07-01,1882.62,1882.62,0.0,On-time
PAY0000553,LOAN0000195,CUST0000180,2025-07-12,2025-07-12,504.44,504.44,0.0,On-time
PAY0000554,LOAN0000193,CUST0000003,2023-08-27,2023-08-26,466.75,466.75,0.0,On-time
PAY0000555,LOAN0000575,CUST0000725,2025-03-10,2025-03-08,264.71,264.71,0.0,On-time
PAY0000556,LOAN0000215,CUST0000448,2023-03-14,2023-03-13,1912.74,1912.74,0.0,On-time
PAY0000557,LOAN0000147,CUST0000364,2023-06-27,2023-06-26,150.55,150.55,0.0,OK
PAY0000558,LOAN0000283,CUST0000045,2023-08-14,,57.8,0.0,,Missed
PAY0000559,LOAN0000359,CUST0000161,2026-06-03,,1100.09,0.0,,Missed
PAY0000560,LOAN0000358,CUST0000899,2025-10-07,2025-10-05,368.63,368.63,0.0,On-time
PAY0000561,LOAN0000212,CUST0000244,2021-12-16,2021-12-14,648.42,648.42,0.0,On-time
PAY0000562,LOAN0000399,CUST0000797,2025-12-22,2025-12-22,375.73,375.73,0.0,On-time
PAY0000563,LOAN0000061,CUST0000973,2026-08-23,2026-08-22,352.23,352.23,0.0,On-time
PAY0000564,LOAN0000207,CUST0000383,2024-03-17,2024-03-15,935.64,935.64,0.0,On-time
PAY0000565,LOAN0000243,CUST0000094,2024-02-08,2024-02-07,227.16,227.16,0.0,On-time
PAY0000566,LOAN0000075,CUST0000330,2026-06-01,2026-06-14,300.89,300.89,13.0,Late
PAY0000567,LOAN0000017,CUST0000733,2022-07-20,2022-07-20,646.87,646.87,0.0,On-time
PAY0000568,LOAN0000392,CUST0000563,2024-08-25,,643.1,0.0,,Missed
PAY0000569,LOAN0000509,CUST0000598,2025-02-22,2025-03-26,671.21,671.21,32.0,Late
PAY0000570,LOAN0000265,CUST0000461,2026-02-02,2026-02-01,1752.19,1752.19,0.0,On-time
PAY0000571,LOAN0000216,CUST0000899,2026-02-19,2026-02-19,545.77,545.77,0.0,On-time
PAY0000572,LOAN0000100,CUST0000084,2022-07-24,2022-07-23,1277.87,1277.87,0.0,On-time
PAY0000573,LOAN0000067,CUST0000465,2026-04-08,,433.6,0.0,,Missed
PAY0000574,LOAN0000168,CUST0000850,2024-03-01,2024-02-28,487.76,487.76,0.0,On-time
PAY0000575,LOAN0000224,CUST0000556,2026-06-25,2026-06-25,1054.15,1054.15,0.0,On-time
PAY0000576,LOAN0000039,CUST0000941,2025-02-23,2025-02-22,1194.92,1194.92,0.0,On-time
PAY0000577,LOAN0000356,CUST0000951,2024-03-18,2024-03-18,208.44,208.44,0.0,On-time
PAY0000578,LOAN0000100,CUST0000084,2023-11-23,2023-11-21,1277.87,1277.87,0.0,On-time
PAY0000579,LOAN0000155,CUST0000067,2026-03-01,2026-03-01,285.87,285.87,0.0,On-time
PAY0000580,LOAN0000094,CUST0000345,2023-08-31,2023-08-29,610.74,610.74,0.0,On-time
PAY0000581,LOAN0000434,CUST0000010,2026-05-06,2026-05-04,237.04,237.04,0.0,On-time
PAY0000582,LOAN0000049,CUST0000064,2026-08-04,2026-08-04,420.04,420.04,0.0,On-time
PAY0000583,LOAN0000249,CUST0000632,2025-12-10,2025-12-10,1134.85,1134.85,0.0,On-time
PAY0000584,LOAN0000299,CUST0000136,2022-09-06,2022-09-06,486.64,486.64,0.0,On-time
PAY0000585,LOAN0000418,CUST0000918,2026-02-10,2026-02-08,86.17,86.17,0.0,On-time
PAY0000586,LOAN0000103,CUST0000671,2026-04-30,2026-06-01,280.45,280.45,32.0,Late
PAY0000587,LOAN0000075,CUST0000330,2025-04-01,,300.89,0.0,,Missed
PAY0000588,LOAN0000457,CUST0000181,2026-06-27,2026-06-27,772.95,772.95,0.0,On-time
PAY0000589,LOAN0000113,CUST0000804,2024-04-27,2024-06-05,294.26,294.26,39.0,Late
PAY0000590,LOAN0000248,CUST0000569,2026-03-08,2026-03-06,273.13,273.13,0.0,On-time
PAY0000591,LOAN0000071,CUST0000250,2025-03-23,2025-03-22,190.79,190.79,0.0,On-time
PAY0000592,LOAN0000111,CUST0000196,2025-11-06,2025-11-05,640.44,640.44,0.0,On-time
PAY0000593,LOAN0000521,CUST0000273,2025-10-02,2025-10-06,1356.42,1356.42,4.0,Late
PAY0000594,LOAN0000275,CUST0000306,2023-11-15,2023-12-20,384.84,384.84,35.0,Late
PAY0000595,LOAN0000495,CUST0000046,2026-05-13,2026-05-19,393.71,393.71,6.0,Late
PAY0000596,LOAN0000275,CUST0000306,2025-11-14,,384.84,0.0,,Missed
PAY0000597,LOAN0000403,CUST0000115,2023-04-20,2023-04-20,43.28,43.28,0.0,On-time
PAY0000598,LOAN0000131,CUST0000115,2023-05-05,2023-05-05,62.49,62.49,0.0,On-time
PAY0000599,LOAN0000263,CUST0000966,2025-09-10,2025-09-09,460.72,308.84,0.0,Partial
PAY0000600,LOAN0000542,CUST0000668,2026-02-03,,286.55,0.0,,Missed
PAY0000601,LOAN0000412,CUST0000828,2022-07-05,2022-07-03,1316.93,1316.93,0.0,On-time
PAY0000602,LOAN0000103,CUST0000671,2025-08-29,2025-08-28,280.45,280.45,0.0,On-time
PAY0000603,LOAN0000065,CUST0000934,2025-09-14,,395.77,0.0,,Missed
PAY0000604,LOAN0000273,CUST0000955,2022-08-28,2022-08-26,1128.57,1128.57,0.0,On-time
PAY0000605,LOAN0000296,CUST0000997,2026-03-08,2026-03-08,305.84,125.73,0.0,Partial
PAY0000606,LOAN0000532,CUST0000330,2024-11-30,,677.86,0.0,,Missed
PAY0000607,LOAN0000148,CUST0000105,2023-05-09,2023-05-07,2311.29,2311.29,0.0,OK
PAY0000608,LOAN0000115,CUST0000780,2024-07-13,2024-07-12,146.22,146.22,0.0,On-time
PAY0000609,LOAN0000441,CUST0000705,2024-05-13,2024-05-12,2212.0,2212.0,0.0,On-time
PAY0000610,LOAN0000345,CUST0000724,2024-06-26,2024-06-25,906.51,906.51,0.0,On-time
PAY0000611,LOAN0000319,CUST0000112,2023-04-04,2023-05-01,132.31,132.31,27.0,Late
PAY0000612,LOAN0000335,CUST0000661,2026-05-05,2026-05-05,117.54,117.54,0.0,On-time
PAY0000613,LOAN0000572,CUST0000379,2024-12-30,2024-12-28,199.55,199.55,0.0,On-time
PAY0000614,LOAN0000168,CUST0000850,2024-05-01,2024-04-30,487.76,487.76,0.0,On-time
PAY0000615,LOAN0000289,CUST0000790,2025-11-09,2025-11-07,777.75,577.06,0.0,Partial
PAY0000616,LOAN0000157,CUST0000083,2026-01-25,2026-01-24,346.56,346.56,0.0,On-time
PAY0000617,LOAN0000335,CUST0000661,2026-07-05,,117.54,0.0,,Missed
PAY0000618,LOAN0000388,CUST0000135,2024-05-12,2024-05-22,1240.37,1240.37,10.0,Late
PAY0000619,LOAN0000201,CUST0000283,2024-11-28,2024-11-28,640.87,640.87,0.0,On-time
PAY0000620,LOAN0000041,CUST0000778,2025-04-12,2025-05-08,450.04,450.04,26.0,Late
PAY0000621,LOAN0000509,CUST0000598,2025-04-24,,671.21,0.0,,Missed
PAY0000622,LOAN0000074,CUST0000096,2024-07-08,2024-07-08,325.95,325.95,0.0,On-time
PAY0000623,LOAN0000252,CUST0000521,2025-10-22,2025-10-21,1682.41,1682.41,0.0,On-time
PAY0000624,LOAN0000202,CUST0000060,2024-07-22,2024-07-21,65.87,65.87,0.0,On-time
PAY0000625,LOAN0000373,CUST0000783,2025-10-25,2025-10-25,1017.53,1017.53,0.0,On-time
PAY0000626,LOAN0000470,CUST0000725,2025-10-02,2025-10-01,241.98,241.98,0.0,On-time
PAY0000627,LOAN0000274,CUST0000327,2024-01-03,2024-01-03,125.44,125.44,0.0,On-time
PAY0000628,LOAN0000245,CUST0000346,2023-10-23,,1602.5,1602.5,0.0,On-time
PAY0000629,LOAN0000028,CUST0000016,2024-04-22,2024-04-20,196.9,196.9,0.0,On-time
PAY0000630,LOAN0000493,CUST0000307,2025-12-20,2025-12-20,516.28,516.28,0.0,On-time
PAY0000631,LOAN0000059,CUST0000961,2024-08-23,2024-08-23,1372.66,1372.66,0.0,On-time
PAY0000632,LOAN0000245,CUST0000346,2023-06-23,2023-06-23,1602.5,1602.5,0.0,On-time
PAY0000633,LOAN0000007,CUST0000718,2025-06-12,2025-06-11,669.61,669.61,0.0,On-time
PAY0000634,LOAN0000425,CUST0000755,2025-10-30,2025-10-28,351.83,351.83,0.0,On-time
PAY0000635,LOAN0000513,CUST0000621,2025-05-01,2025-04-29,667.76,667.76,0.0,On-time
PAY0000636,LOAN0000354,CUST0000677,2025-06-11,2025-06-11,103.03,103.03,0.0,On-time
PAY0000637,LOAN0000336,CUST0000690,2025-01-24,2025-01-23,52.94,52.94,0.0,On-time
PAY0000638,LOAN0000211,CUST0000060,2024-02-25,2024-02-24,609.68,609.68,0.0,On-time
PAY0000639,LOAN0000501,CUST0000055,2025-12-04,2025-12-03,762.76,762.76,0.0,On-time
PAY0000640,LOAN0000073,CUST0000266,2024-06-06,2024-06-06,101.83,101.83,0.0,On-time
PAY0000641,LOAN0000429,CUST0000782,2025-05-26,2025-05-25,1011.92,1011.92,0.0,OK
PAY0000642,LOAN0000081,CUST0000682,2025-06-19,2025-06-18,377.89,,0.0,On-time
PAY0000643,LOAN0000404,CUST0000215,2026-03-30,2026-03-29,1462.43,781.12,0.0,Partial
PAY0000644,LOAN0000308,CUST0000188,2026-01-28,2026-02-02,680.08,680.08,5.0,Late
PAY0000645,LOAN0000201,CUST0000283,2026-07-30,2026-07-29,640.87,640.87,0.0,On-time
PAY0000646,LOAN0000397,CUST0000714,2026-05-19,,500.03,,,Missed
PAY0000647,LOAN0000169,CUST0000889,2023-07-21,2023-07-20,1012.97,1012.97,0.0,On-time
PAY0000648,LOAN0000564,CUST0000695,2026-02-13,2026-02-11,471.54,471.54,0.0,On-time
PAY0000649,LOAN0000064,CUST0000818,2024-09-06,2024-09-05,499.21,499.21,0.0,On-time
PAY0000650,LOAN0000118,CUST0000545,2025-01-06,2025-01-05,208.58,208.58,0.0,On-time
PAY0000651,LOAN0000309,CUST0000107,2025-04-11,2025-04-10,3173.09,3173.09,0.0,On-time
PAY0000652,LOAN0000494,CUST0000188,2022-09-25,2022-09-27,1276.54,1276.54,2.0,Late
PAY0000653,LOAN0000232,CUST0000762,2024-04-23,2024-04-22,30.32,30.32,0.0,On-time
PAY0000654,LOAN0000348,CUST0000228,2024-08-13,2024-08-12,140.46,140.46,0.0,On-time
PAY0000655,LOAN0000461,CUST0000893,2023-09-24,2023-09-24,13.08,13.08,0.0,On-time
PAY0000656,LOAN0000275,CUST0000306,2025-04-15,2025-05-28,384.84,384.84,43.0,Late
PAY0000657,LOAN0000251,CUST0000975,2026-04-27,2026-04-27,793.09,793.09,0.0,On-time
PAY0000658,LOAN0000161,CUST0000522,2021-12-27,2021-12-27,1392.51,1392.51,0.0,On-time
PAY0000659,LOAN0000410,CUST0000712,2026-07-17,2026-07-16,696.51,696.51,0.0,On-time
PAY0000660,LOAN0000055,CUST0000726,2022-11-27,2022-11-26,399.72,399.72,0.0,On-time
PAY0000661,LOAN0000412,CUST0000828,2023-01-04,2023-01-03,1316.93,1316.93,0.0,On-time
PAY0000662,LOAN0000265,CUST0000461,2025-01-02,2025-01-25,1752.19,1752.19,23.0,Late
PAY0000663,LOAN0000392,CUST0000563,2025-01-25,2025-01-25,643.1,643.1,0.0,On-time
PAY0000664,LOAN0000432,CUST0000070,2025-06-25,2025-06-24,261.4,261.4,0.0,On-time
PAY0000665,LOAN0000104,CUST0000488,2024-07-25,2024-07-25,199.65,199.65,0.0,On-time
PAY0000666,LOAN0000387,CUST0000070,2026-05-18,2026-05-18,284.03,284.03,0.0,On-time
PAY0000667,LOAN0000536,CUST0000581,2022-07-17,2022-07-17,246.77,246.77,0.0,On-time
PAY0000668,LOAN0000193,CUST0000003,2023-11-26,2023-11-25,466.75,466.75,0.0,On-time
PAY0000669,LOAN0000399,CUST0000797,2025-08-22,2025-08-21,375.73,375.73,0.0,On-time
PAY0000670,LOAN0000429,CUST0000782,2024-07-26,2024-08-16,1011.92,1011.92,21.0,Late
PAY0000671,LOAN0000387,CUST0000070,2025-11-16,2025-11-16,284.03,284.03,0.0,On-time
PAY0000672,LOAN0000192,CUST0000222,2022-12-13,2022-12-11,834.2,,0.0,On-time
PAY0000673,LOAN0000472,CUST0000609,2026-06-11,2026-06-09,666.25,666.25,0.0,On-time
PAY0000674,LOAN0000555,CUST0000407,2026-05-31,2026-05-31,109.67,109.67,0.0,On-time
PAY0000675,LOAN0000588,CUST0000382,2022-11-28,2022-11-28,148.33,148.33,0.0,On-time
PAY0000676,LOAN0000140,CUST0000221,2025-01-23,2025-01-22,83.09,83.09,0.0,On-time
PAY0000677,LOAN0000414,CUST0000003,2025-05-12,2025-05-11,22.1,22.1,0.0,On-time
PAY0000678,LOAN0000463,CUST0000684,2024-05-01,2024-04-30,397.2,397.2,0.0,On-time
PAY0000679,LOAN0000195,CUST0000180,2022-12-12,2022-12-12,504.44,504.44,0.0,On-time
PAY0000680,LOAN0000295,CUST0000369,2025-01-02,2025-01-20,638.67,638.67,18.0,Late
PAY0000681,LOAN0000371,CUST0000522,2023-07-06,2023-07-05,1425.12,1425.12,0.0,On-time
PAY0000682,LOAN0000396,CUST0000533,2026-05-12,2026-06-21,668.92,668.92,40.0,Late
PAY0000683,LOAN0000173,CUST0000500,2024-03-28,2024-03-27,41.76,41.76,0.0,On-time
PAY0000684,LOAN0000466,CUST0000967,2026-05-31,2026-07-05,25.35,25.35,35.0,Late
PAY0000685,LOAN0000318,CUST0000451,2024-10-12,2024-10-10,1389.25,1389.25,0.0,On-time
PAY0000686,LOAN0000571,CUST0000295,2022-08-18,2022-09-08,914.71,914.71,21.0,Late
PAY0000687,LOAN0000362,CUST0000964,2025-02-22,,924.47,0.0,,Missed
PAY0000688,LOAN0000359,CUST0000161,2026-05-03,2026-05-01,1100.09,1100.09,0.0,On-time
PAY0000689,LOAN0000282,CUST0000724,2026-05-24,2026-05-30,67.12,67.12,6.0,Late
PAY0000690,LOAN0000226,CUST0000893,2026-05-02,,101.32,0.0,,Missed
PAY0000691,LOAN0000575,CUST0000725,2024-09-09,2024-09-07,264.71,264.71,0.0,On-time
PAY0000692,LOAN0000332,CUST0000127,2023-08-05,2023-08-03,119.33,119.33,0.0,On-time
PAY0000693,LOAN0000444,CUST0000147,2026-07-04,2026-07-02,195.17,195.17,0.0,On-time
PAY0000694,LOAN0000117,CUST0000975,2026-05-01,2026-06-01,466.71,466.71,31.0,Late
PAY0000695,LOAN0000172,CUST0000692,2026-05-30,2026-05-30,159.9,48.19,0.0,Partial
PAY0000696,LOAN0000383,CUST0000736,2026-01-01,2025-12-31,83.06,83.06,0.0,On-time
PAY0000697,LOAN0000084,CUST0000835,2025-04-02,2025-03-31,1480.27,1480.27,0.0,On-time
PAY0000698,LOAN0000488,CUST0000052,2024-08-10,2024-08-09,135.79,135.79,0.0,On-time
PAY0000699,LOAN0000256,CUST0000931,2025-10-26,2025-10-24,94.47,94.47,0.0,On-time
PAY0000700,LOAN0000315,CUST0000259,2023-03-01,2023-02-28,962.31,962.31,0.0,On-time
PAY0000701,LOAN0000110,CUST0000466,2024-05-23,2024-05-21,434.4,434.4,0.0,On-time
PAY0000702,LOAN0000131,CUST0000115,2023-09-04,2023-09-02,62.49,62.49,0.0,On-time
PAY0000703,LOAN0000004,CUST0000293,2023-08-13,2023-08-13,715.28,715.28,0.0,On-time
PAY0000704,LOAN0000454,CUST0000926,2025-08-01,2025-07-30,1716.2,1716.2,0.0,On-time
PAY0000705,LOAN0000470,CUST0000725,2025-12-02,2025-12-11,241.98,241.98,9.0,Late
PAY0000706,LOAN0000334,CUST0000824,2025-09-05,2025-09-05,98.19,98.19,0.0,On-time
PAY0000707,LOAN0000385,CUST0000435,2024-06-28,2024-07-13,394.76,394.76,15.0,Late
PAY0000708,LOAN0000232,CUST0000762,2023-10-23,,30.32,0.0,,Missed
PAY0000709,LOAN0000484,CUST0000147,2025-12-19,2025-12-18,133.74,,0.0,On-time
PAY0000710,LOAN0000532,CUST0000330,2026-03-02,,677.86,0.0,,Missed
PAY0000711,LOAN0000481,CUST0000429,2023-12-04,2023-12-04,227.01,227.01,0.0,On-time
PAY0000712,LOAN0000432,CUST0000070,2024-05-25,2024-05-23,261.4,261.4,0.0,On-time
PAY0000713,LOAN0000070,CUST0000916,2024-07-22,2024-07-21,592.68,592.68,0.0,On-time
PAY0000714,LOAN0000131,CUST0000115,2026-06-05,2026-06-05,62.49,49.04,0.0,Partial
PAY0000715,LOAN0000034,CUST0000621,2026-01-11,2026-01-09,145.27,145.27,0.0,On-time
PAY0000716,LOAN0000583,CUST0000516,2024-02-26,,843.06,0.0,,Missed
PAY0000717,LOAN0000466,CUST0000967,2026-03-31,2026-03-30,25.35,25.35,0.0,On-time
PAY0000718,LOAN0000022,CUST0000637,2023-04-27,2023-04-25,78.37,78.37,0.0,On-time
PAY0000719,LOAN0000329,CUST0000886,2025-02-05,2025-02-04,1126.34,1126.34,0.0,On-time
PAY0000720,LOAN0000274,CUST0000327,2023-11-03,2023-11-03,125.44,125.44,0.0,On-time
PAY0000721,LOAN0000208,CUST0000886,2025-04-09,2025-04-08,682.55,682.55,0.0,On-time
PAY0000722,LOAN0000169,CUST0000889,2023-11-20,2023-11-19,1012.97,1012.97,0.0,On-time
PAY0000723,LOAN0000546,CUST0000704,2026-07-16,2026-07-15,3568.57,3568.57,0.0,On-time
PAY0000724,LOAN0000563,CUST0000281,2025-05-24,2025-05-22,1609.44,1609.44,0.0,On-time
PAY0000725,LOAN0000589,CUST0000517,2025-10-01,2025-09-29,611.86,611.86,0.0,On-time
PAY0000726,LOAN0000131,CUST0000115,2025-06-04,2025-06-03,62.49,62.49,0.0,On-time
PAY0000727,LOAN0000182,CUST0000834,2025-11-15,2025-11-15,39.57,39.57,0.0,On-time
PAY0000728,LOAN0000540,CUST0000782,2025-02-12,2025-02-10,216.21,216.21,0.0,On-time
PAY0000729,LOAN0000002,CUST0000552,2024-07-01,2024-06-29,38.11,38.11,0.0,On-time
PAY0000730,LOAN0000143,CUST0000791,2024-02-21,2024-02-20,159.55,159.55,0.0,On-time
PAY0000731,LOAN0000530,CUST0000028,2025-11-23,2025-11-22,158.2,158.2,0.0,On-time
PAY0000732,LOAN0000321,CUST0000418,2023-04-30,2023-04-30,172.06,172.06,0.0,On-time
PAY0000733,LOAN0000249,CUST0000632,2024-04-11,2024-04-10,1134.85,1134.85,0.0,On-time
PAY0000734,LOAN0000126,CUST0000058,2024-01-10,2024-01-09,3092.58,3092.58,0.0,On-time
PAY0000735,LOAN0000220,CUST0000997,2025-09-02,2025-09-01,519.56,519.56,0.0,On-time
PAY0000736,LOAN0000342,CUST0000666,2026-05-12,2026-05-12,103.82,103.82,0.0,On-time
PAY0000737,LOAN0000321,CUST0000418,2022-10-29,2022-10-29,172.06,172.06,0.0,On-time
PAY0000738,LOAN0000521,CUST0000273,2025-01-31,,1356.42,0.0,,Missed
PAY0000739,LOAN0000202,CUST0000060,2024-03-22,2024-03-21,65.87,65.87,0.0,On-time
PAY0000740,LOAN0000530,CUST0000028,2025-06-24,,158.2,0.0,,MISSED
PAY0000741,LOAN0000493,CUST0000307,2022-06-21,2022-06-21,516.28,516.28,0.0,On-time
PAY0000742,LOAN0000331,CUST0000879,2024-08-04,2024-08-04,70.21,70.21,0.0,On-time
PAY0000743,LOAN0000096,CUST0000078,2023-04-29,,811.36,0.0,,Missed
PAY0000744,LOAN0000407,CUST0000624,2025-09-22,,250.13,0.0,,Missed
PAY0000745,LOAN0000139,CUST0000859,2023-12-10,2023-12-09,627.26,627.26,0.0,On-time
PAY0000746,LOAN0000529,CUST0000838,2026-04-24,2026-05-24,513.54,513.54,30.0,Late
PAY0000747,LOAN9546966,CUST0000296,2025-08-26,2025-08-24,449.87,449.87,0.0,On-time
PAY0000748,LOAN0000208,CUST0000886,2025-06-09,2025-06-07,682.55,212.63,0.0,Partial
PAY0000749,LOAN0000119,CUST0000188,2023-11-15,,820.41,820.41,42.0,Late
PAY0000750,LOAN0000008,CUST0000974,2025-08-09,2025-08-08,77.65,77.65,0.0,On-time
PAY0000751,LOAN0000147,CUST0000364,2024-05-27,2024-06-06,150.55,150.55,10.0,Late
PAY0000752,LOAN0000450,CUST0000307,2024-01-02,2024-01-02,205.25,205.25,0.0,On-time
PAY0000753,LOAN0000071,CUST0000250,2022-04-22,2022-04-21,190.79,190.79,0.0,On-time
PAY0000754,LOAN0000315,CUST0000259,2023-04-30,2023-04-29,962.31,962.31,0.0,On-time
PAY0000755,LOAN0000410,CUST0000712,2024-11-15,2024-11-14,696.51,696.51,0.0,On-time
PAY0000756,LOAN0000002,CUST0000552,2024-12-01,2024-11-30,38.11,38.11,0.0,On-time
PAY0000757,LOAN0000058,CUST0000978,2025-01-18,2025-01-18,909.7,909.7,0.0,On-time
PAY0000758,LOAN0000160,CUST0000148,2023-11-16,,76.44,0.0,,Missed
PAY0000759,LOAN0000285,CUST0000506,2025-11-13,2025-11-12,133.87,133.87,0.0,On-time
PAY0000760,LOAN0000237,CUST0000988,2024-09-23,,1335.42,0.0,,Missed
PAY0000761,LOAN0000242,CUST0000420,2026-05-15,,711.72,0.0,,Missed
PAY0000762,LOAN0000213,CUST0000023,2022-09-26,2022-09-25,1149.89,1149.89,0.0,On-time
PAY0000763,LOAN0000027,CUST0000457,2025-02-19,2025-02-18,240.0,240.0,0.0,On-time
PAY0000764,LOAN0000543,CUST0000901,2025-09-25,2025-09-23,2766.45,2766.45,0.0,On-time
PAY0000765,LOAN0000274,CUST0000327,2025-10-04,2025-10-04,125.44,125.44,0.0,OK
PAY0000766,LOAN0000496,CUST0000211,2026-03-30,2026-03-29,488.18,488.18,0.0,On-time
PAY0000767,LOAN0000418,CUST0000918,2023-10-11,2023-10-13,86.17,86.17,2.0,Late
PAY0000768,LOAN0000497,CUST0000929,2024-07-11,2024-07-10,891.0,,0.0,On-time
PAY0000769,LOAN0000470,CUST0000725,2025-05-03,2025-05-01,241.98,142.01,0.0,Partial
PAY0000770,LOAN0000153,CUST0000245,2026-04-24,,313.95,0.0,,Missed
PAY0000771,LOAN0000593,CUST0000684,2025-06-10,2025-06-10,300.58,300.58,0.0,On-time
PAY0000772,LOAN0000244,CUST0000562,2025-11-29,,683.64,,,Missed
PAY0000773,LOAN0000572,CUST0000379,2025-05-01,2025-05-01,199.55,199.55,0.0,On-time
PAY0000774,LOAN0000331,CUST0000879,2025-03-05,2025-03-05,70.21,70.21,0.0,On-time
PAY0000775,LOAN0000331,CUST0000879,2026-06-05,2026-06-05,70.21,70.21,0.0,On-time
PAY0000776,LOAN0000415,CUST0000528,2025-07-23,2025-07-22,661.37,661.37,0.0,On-time
PAY0000777,LOAN0000077,CUST0000473,2026-01-20,2026-02-08,171.08,171.08,19.0,Late
PAY0000778,LOAN0000089,CUST0000928,2026-05-19,2026-05-18,258.83,258.83,0.0,On-time
PAY0000779,LOAN0000168,CUST0000850,2023-06-01,,487.76,487.76,0.0,On-time
PAY0000780,LOAN0000076,CUST0000869,2024-12-27,2024-12-27,241.76,241.76,0.0,On-time
PAY0000781,LOAN0000403,CUST0000115,2025-02-18,2025-02-16,43.28,43.28,0.0,On-time
PAY0000782,LOAN0000088,CUST0000710,2024-10-19,2024-11-19,1812.64,1812.64,31.0,Late
PAY0000783,LOAN0000395,CUST0000169,2026-08-09,2026-08-08,167.52,167.52,0.0,On-time
PAY0000784,LOAN9338563,CUST0000225,2025-03-27,2025-03-25,214.19,214.19,0.0,On-time
PAY0000785,LOAN0000195,CUST0000180,2023-03-13,2023-03-12,504.44,254.33,0.0,Partial
PAY0000786,LOAN0000136,CUST0000678,2025-11-12,2025-11-10,62.52,62.52,0.0,On-time
PAY0000787,LOAN0000098,CUST0000913,2025-04-28,,205.08,205.08,0.0,On-time
PAY0000788,LOAN0000110,CUST0000466,2024-12-22,2024-12-20,434.4,434.4,0.0,On-time
PAY0000789,LOAN0000078,CUST0000726,2023-03-23,2023-03-23,1123.26,1123.26,0.0,On-time
PAY0000790,LOAN0000022,CUST0000637,2022-06-27,2022-06-27,78.37,78.37,0.0,On-time
PAY0000791,LOAN0000129,CUST0000236,2025-10-08,2025-10-08,453.79,453.79,0.0,On-time
PAY0000792,LOAN0000211,CUST0000060,2023-01-25,2023-01-23,609.68,609.68,0.0,On-time
PAY0000793,LOAN0000176,CUST0000098,2024-09-27,2024-09-27,654.28,654.28,0.0,On-time
PAY0000794,LOAN0000203,CUST0000928,2026-07-12,2026-07-10,478.83,478.83,0.0,On-time
PAY0000795,LOAN0000485,CUST0000678,2024-01-01,2024-01-01,174.48,174.48,0.0,On-time
PAY0000796,LOAN0000530,CUST0000028,2026-06-24,2025-02-05,158.2,158.2,0.0,On-time
PAY0000797,LOAN0000520,CUST0000697,2022-12-14,2022-12-14,168.67,168.67,0.0,On-time
PAY0000798,LOAN0000494,CUST0000188,2023-03-27,2023-03-27,1276.54,1276.54,0.0,On-time
PAY0000799,LOAN0000057,CUST0000816,2025-06-25,2025-06-24,441.62,441.62,0.0,On-time
PAY0000800,LOAN0000481,CUST0000429,2025-02-02,2025-02-01,227.01,227.01,0.0,On-time
PAY0000801,LOAN0000016,CUST0000359,2024-09-13,2024-09-13,424.63,424.63,0.0,On-time
PAY0000802,LOAN0000020,CUST0000574,2025-05-26,2025-05-26,437.5,437.5,0.0,On-time
PAY0000803,LOAN0000589,CUST0000517,2025-04-01,2025-03-31,611.86,611.86,0.0,On-time
PAY0000804,LOAN0000364,CUST0000322,2024-10-03,,86.55,86.55,0.0,On-time
PAY0000805,LOAN0000397,CUST0000714,2026-06-19,2026-06-18,500.03,500.03,0.0,On-time
PAY0000806,LOAN0000328,CUST0000176,2025-08-16,2025-08-16,34.51,23.14,0.0,Partial
PAY0000807,LOAN0000098,CUST0000913,2026-06-28,2026-06-27,205.08,205.08,0.0,On-time
PAY0000808,LOAN0000577,CUST0000268,2025-03-28,2025-04-26,33.72,33.72,29.0,Late
PAY0000809,LOAN0000533,CUST0000725,2023-10-25,2023-12-06,1461.65,1461.65,42.0,Late
PAY0000810,LOAN0000051,CUST0000838,2023-01-22,2023-01-22,1474.03,1188.27,0.0,Partial
PAY0000811,LOAN0000387,CUST0000070,2024-06-17,,284.03,0.0,,Missed
PAY0000812,LOAN0000319,CUST0000112,2024-01-03,2024-01-03,132.31,132.31,0.0,On-time
PAY0000813,LOAN0000587,CUST0000313,2023-03-25,2023-03-25,268.66,268.66,0.0,On-time
PAY0000814,LOAN0000343,CUST0000618,2024-11-03,2024-11-03,2825.66,1781.43,0.0,Partial
PAY0000815,LOAN0000418,CUST0000918,2022-06-11,2022-06-10,86.17,86.17,0.0,On-time
PAY0000816,LOAN0000195,CUST0000180,2023-06-12,2023-06-12,504.44,504.44,0.0,On-time
PAY0000817,LOAN0000215,CUST0000448,2022-12-13,2022-12-13,1912.74,1912.74,0.0,On-time
PAY0000818,LOAN0000102,CUST0000551,2026-08-21,2026-08-20,635.91,635.91,0.0,On-time
PAY0000819,LOAN0000099,CUST0000232,2025-05-14,2025-05-12,124.7,124.7,0.0,On-time
PAY0000820,LOAN0000577,CUST0000268,2024-05-27,2024-05-26,33.72,33.72,0.0,On-time
PAY0000821,LOAN0000593,CUST0000684,2023-10-10,2023-10-08,300.58,300.58,0.0,On-time
PAY0000822,LOAN0000403,CUST0000115,2022-06-20,,43.28,43.28,0.0,On-time
PAY0000823,LOAN0000385,CUST0000435,2023-07-29,2023-07-29,394.76,,0.0,ON-TIME
PAY0000824,LOAN0000501,CUST0000055,2024-10-04,2024-10-04,762.76,762.76,0.0,On-time
PAY0000825,LOAN0000306,CUST0000956,2025-01-03,2025-01-02,605.15,605.15,0.0,On-time
PAY0000826,LOAN0000185,CUST0000327,2026-05-11,2026-05-10,89.29,,0.0,On-time
PAY0000827,LOAN0000001,CUST0000112,2026-05-09,,248.64,0.0,,Missed
PAY0000828,LOAN0000408,CUST0000493,2026-04-21,2026-05-01,10242.29,10242.29,10.0,Late
PAY0000829,LOAN0000051,CUST0000838,2024-03-23,2024-03-21,1474.03,1474.03,0.0,On-time
PAY0000830,LOAN0000302,CUST0000408,2026-05-07,,254.69,0.0,,Missed
PAY0000831,LOAN0000451,CUST0000882,2024-01-19,2024-01-18,324.24,324.24,0.0,On-time
PAY0000832,LOAN0000449,CUST0000617,2024-01-17,2024-01-15,464.05,464.05,0.0,On-time
PAY0000833,LOAN0000490,CUST0000017,2025-01-26,2025-01-25,265.48,265.48,0.0,On-time
PAY0000834,LOAN0000477,CUST0000436,2023-07-23,2023-07-22,14.8,14.8,0.0,On-time
PAY0000835,LOAN0000412,CUST0000828,2023-05-05,2023-05-05,1316.93,1316.93,0.0,On-time
PAY0000836,LOAN0000450,CUST0000307,2023-11-02,2023-11-02,205.25,205.25,0.0,On-time
PAY0000837,LOAN0000434,CUST0000010,2026-02-04,2026-02-03,237.04,237.04,0.0,On-time
PAY0000838,LOAN0000504,CUST0000953,2026-06-21,2026-06-21,228.62,228.62,0.0,On-time
PAY0000839,LOAN0000044,CUST0000363,2023-08-04,2023-08-02,1557.81,1557.81,0.0,On-time
PAY0000840,LOAN0000151,CUST0000118,2024-02-01,2024-01-30,226.17,226.17,0.0,On-time
PAY0000841,LOAN0000039,CUST0000941,2024-08-24,2024-08-23,1194.92,1194.92,0.0,On-time
PAY0000842,LOAN0000508,CUST0000151,2023-09-23,2023-09-21,359.97,359.97,0.0,On-time
PAY0000843,LOAN0000476,CUST0000898,2026-02-16,2026-02-16,642.92,642.92,0.0,On-time
PAY0000844,LOAN0000295,CUST0000369,2024-06-03,2024-06-01,638.67,638.67,0.0,On-time
PAY0000845,LOAN0000149,CUST0000764,2023-09-09,2023-09-09,556.36,556.36,0.0,On-time
PAY0000846,LOAN0000385,CUST0000435,2024-02-27,2024-02-27,394.76,394.76,0.0,On-time
PAY0000847,LOAN0000039,CUST0000941,2024-02-24,2024-02-22,1194.92,1194.92,0.0,On-time
PAY0000848,LOAN0000074,CUST0000096,2024-12-07,2024-12-06,325.95,325.95,0.0,On-time
PAY0000849,LOAN0000508,CUST0000151,2024-03-24,2024-03-23,359.97,359.97,0.0,On-time
PAY0000850,LOAN0000203,CUST0000928,2025-11-10,2025-11-10,478.83,478.83,0.0,On-time
PAY0000851,LOAN0000349,CUST0000776,2026-01-08,2026-01-07,367.15,367.15,0.0,On-time
PAY0000852,LOAN0000194,CUST0000341,2024-10-08,2024-10-07,1014.07,1014.07,0.0,On-time
PAY0000853,LOAN0000556,CUST0000773,2023-11-20,2023-11-19,76.7,76.7,0.0,On-time
PAY0000854,LOAN0000027,CUST0000457,2023-02-20,2023-02-18,240.0,240.0,0.0,On-time
PAY0000855,LOAN0000144,CUST0000143,2022-11-16,2022-11-16,184.57,184.57,0.0,On-time
PAY0000856,LOAN0000483,CUST0000418,2025-04-05,2025-04-03,191.54,191.54,0.0,On-time
PAY0000857,LOAN0000418,CUST0000918,2026-07-12,2026-07-10,86.17,,0.0,On-time
PAY0000858,LOAN0000009,CUST0000316,2024-04-05,2024-04-03,201.72,201.72,0.0,On-time
PAY0000859,LOAN0000459,CUST0000783,2026-05-07,2026-05-06,183.08,183.08,0.0,On-time
PAY0000860,LOAN0000263,CUST0000966,2025-06-10,2025-06-10,460.72,460.72,0.0,On-time
PAY0000861,LOAN0000540,CUST0000782,2024-05-14,2024-05-14,216.21,216.21,0.0,On-time
PAY0000862,LOAN0000434,CUST0000010,2023-10-06,2023-10-05,237.04,237.04,0.0,On-time
PAY0000863,LOAN0000557,CUST0000030,2025-07-31,2025-07-30,2011.13,2011.13,0.0,On-time
PAY0000864,LOAN0000423,CUST0000564,2025-02-20,2025-02-20,43.59,43.59,0.0,On-time
PAY0000865,LOAN0000047,CUST0000212,2024-06-14,2024-06-13,199.31,199.31,0.0,On-time
PAY0000866,LOAN0000574,CUST0000356,2024-07-02,2024-06-30,2031.77,2031.77,0.0,On-time
PAY0000867,LOAN0000238,CUST0000420,2026-07-02,2026-07-02,346.74,346.74,0.0,On-time
PAY0000868,LOAN0000583,CUST0000516,2022-08-28,2022-08-28,843.06,843.06,0.0,On-time
PAY0000869,LOAN0000593,CUST0000684,2026-04-10,2026-04-08,300.58,300.58,0.0,On-time
PAY0000870,LOAN0000488,CUST0000052,2024-04-11,2024-04-09,135.79,135.79,0.0,On-time
PAY0000871,LOAN0000292,CUST0000778,2023-06-19,2023-06-18,3468.2,3468.2,0.0,On-time
PAY0000872,LOAN0000027,CUST0000457,2022-11-20,2022-11-19,240.0,240.0,0.0,On-time
PAY0000873,LOAN0000373,CUST0000783,2024-05-26,2024-06-30,1017.53,1017.53,35.0,Late
PAY0000874,LOAN0000386,CUST0000481,2026-04-13,2026-04-11,155.17,155.17,0.0,On-time
PAY0000875,LOAN0000022,CUST0000637,2022-01-25,2022-01-23,78.37,78.37,0.0,On-time
PAY0000876,LOAN0000166,CUST0000612,2026-04-23,2026-05-28,261.69,261.69,35.0,Late
PAY0000877,LOAN0000125,CUST0000580,2025-06-08,2025-06-06,179.61,179.61,0.0,On-time
PAY0000878,LOAN0000033,CUST0000373,2024-11-20,,2390.38,0.0,,Missed
PAY0000879,LOAN0000536,CUST0000581,2025-08-16,2025-09-22,246.77,246.77,37.0,Late
PAY0000880,LOAN0000248,CUST0000569,2025-12-07,2025-12-05,273.13,273.13,0.0,On-time
PAY0000881,LOAN0000185,CUST0000327,2025-07-10,2025-07-08,89.29,89.29,0.0,On-time
PAY0000882,LOAN0000273,CUST0000955,2022-02-26,2022-02-24,1128.57,1128.57,0.0,On-time
PAY0000883,LOAN0000252,CUST0000521,2024-06-22,2024-06-22,1682.41,1682.41,0.0,On-time
PAY0000884,LOAN0000193,CUST0000003,2026-04-27,2026-04-25,466.75,466.75,0.0,On-time
PAY0000885,LOAN0000091,CUST0000953,2026-03-17,2026-03-17,417.35,417.35,0.0,On-time
PAY0000886,LOAN0000187,CUST0000518,2025-07-07,2025-08-16,201.21,201.21,40.0,Late
PAY0000887,LOAN0000180,CUST0000371,2026-01-10,2026-01-09,422.07,422.07,0.0,On-time
PAY0000888,LOAN0000483,CUST0000418,2024-08-05,2024-08-04,191.54,191.54,0.0,On-time
PAY0000889,LOAN0000403,CUST0000115,2024-11-19,2024-11-19,43.28,43.28,0.0,On-time
PAY0000890,LOAN0000100,CUST0000084,2022-09-23,2022-09-21,1277.87,1277.87,0.0,On-time
PAY0000891,LOAN0000461,CUST0000893,2023-10-25,2023-10-25,13.08,13.08,0.0,ON-TIME
PAY0000892,LOAN0000332,CUST0000127,2023-12-05,2023-12-04,119.33,119.33,0.0,On-time
PAY0000893,LOAN0000229,CUST0000179,2025-02-02,2025-02-02,41.64,41.64,0.0,On-time
PAY0000894,LOAN0000449,CUST0000617,2024-12-17,2024-12-17,464.05,464.05,0.0,On-time
PAY0000895,LOAN0000045,CUST0000566,2026-06-14,,909.16,0.0,,Missed
PAY0000896,LOAN0000051,CUST0000838,2024-07-23,2024-07-23,1474.03,1474.03,0.0,On-time
PAY0000897,LOAN0000062,CUST0000397,2026-05-31,2026-05-29,309.46,-309.46,0.0,On-time
PAY0000898,LOAN0000081,CUST0000682,2026-02-18,2026-03-04,377.89,377.89,14.0,Late
PAY0000899,LOAN0000443,CUST0000791,2026-01-31,2026-01-31,1882.62,1882.62,0.0,On-time
PAY0000900,LOAN0000057,CUST0000816,2024-06-25,2024-06-25,441.62,441.62,0.0,On-time
PAY0000901,LOAN0000483,CUST0000418,2023-07-06,2023-07-04,191.54,191.54,0.0,On-time
PAY0000902,LOAN0000505,CUST0000062,2025-12-18,,50.36,0.0,,Missed
PAY0000903,LOAN0000150,CUST0000901,2025-08-17,2025-08-15,421.66,421.66,0.0,On-time
PAY0000904,LOAN0000027,CUST0000457,2023-07-22,2023-07-22,240.0,240.0,0.0,On-time
PAY0000905,LOAN0000112,CUST0000398,2025-09-30,2025-09-30,275.2,275.2,0.0,On-time
PAY0000906,LOAN0000201,CUST0000283,2024-02-28,2024-02-27,640.87,640.87,0.0,On-time
PAY0000907,LOAN0000073,CUST0000266,2026-03-07,2026-03-07,101.83,101.83,0.0,On-time
PAY0000908,LOAN0000072,CUST0000349,2023-09-08,2023-09-07,809.24,809.24,0.0,On-time
PAY0000909,LOAN0000386,CUST0000481,2025-11-12,2025-11-12,155.17,155.17,0.0,On-time
PAY0000910,LOAN0000410,CUST0000712,2023-09-16,2023-09-15,696.51,696.51,0.0,On-time
PAY0000911,LOAN0000512,CUST0000817,2026-06-15,2026-06-14,915.62,915.62,0.0,On-time
PAY0000912,LOAN0000139,CUST0000859,2024-12-10,,627.26,0.0,,Missed
PAY0000913,LOAN0000132,CUST0000669,2024-04-16,2024-04-14,628.47,628.47,0.0,On-time
PAY0000914,LOAN0000305,CUST0000286,2024-03-24,2024-03-24,34.75,34.75,0.0,On-time
PAY0000915,LOAN0000074,CUST0000096,2025-01-06,2025-01-04,325.95,325.95,0.0,On-time
PAY0000916,LOAN0000068,CUST0000510,2024-04-14,2024-04-12,1394.11,1394.11,0.0,On-time
PAY0000917,LOAN0000059,CUST0000961,2025-09-23,2025-09-22,1372.66,1372.66,0.0,On-time
PAY0000918,LOAN0000205,CUST0000080,2023-12-27,2023-12-27,709.8,709.8,0.0,On-time
PAY0000919,LOAN0000390,CUST0000310,2023-11-23,2023-11-23,377.65,377.65,0.0,On-time
PAY0000920,LOAN0000406,CUST0000519,2025-07-09,2025-07-08,179.61,179.61,0.0,On-time
PAY0000921,LOAN0000488,CUST0000052,2023-12-11,2023-12-25,135.79,135.79,14.0,Late
PAY0000922,LOAN0000431,CUST0000662,2024-07-09,2024-07-09,140.76,140.76,0.0,On-time
PAY0000923,LOAN0000508,CUST0000151,2024-08-23,2024-08-23,359.97,359.97,0.0,On-time
PAY0000924,LOAN0000094,CUST0000345,2022-08-31,2022-08-29,610.74,610.74,0.0,On-time
PAY0000925,LOAN0000332,CUST0000127,2023-06-05,2023-06-05,119.33,119.33,0.0,On-time
PAY0000926,LOAN0000541,CUST0000470,2023-08-30,2023-08-28,1284.91,1284.91,0.0,On-time
PAY0000927,LOAN0000176,CUST0000098,2024-05-28,,654.28,0.0,,Missed
PAY0000928,LOAN0000418,CUST0000918,2024-02-10,,86.17,86.17,0.0,On-time
PAY0000929,LOAN0000047,CUST0000212,2023-10-15,,199.31,0.0,,Missed
PAY0000930,LOAN0000272,CUST0000177,2024-08-01,2024-07-31,248.57,248.57,0.0,On-time
PAY0000931,LOAN0000494,CUST0000188,2023-10-26,2023-11-15,1276.54,1276.54,20.0,Late
PAY0000932,LOAN0000363,CUST0000783,2022-03-29,2022-03-28,630.91,630.91,0.0,On-time
PAY0000933,LOAN0000243,CUST0000094,2023-06-09,2023-06-08,227.16,227.16,0.0,On-time
PAY0000934,LOAN0000323,CUST0000103,2024-07-30,2024-08-15,50.87,50.87,16.0,Late
PAY0000935,LOAN0000328,CUST0000176,2026-05-17,2026-05-15,34.51,34.51,0.0,On-time
PAY0000936,LOAN0000191,CUST0000044,2025-06-01,2025-05-30,1957.75,1957.75,0.0,On-time
PAY0000937,LOAN0000221,CUST0000720,2025-12-25,2025-12-25,836.91,836.91,0.0,On-time
PAY0000938,LOAN0000274,CUST0000327,2024-03-04,2024-03-03,125.44,125.44,0.0,On-time
PAY0000939,LOAN0000055,CUST0000726,2026-04-28,2026-04-27,399.72,399.72,0.0,On-time
PAY0000940,LOAN0000526,CUST0000184,2024-05-26,2024-05-26,341.99,341.99,0.0,On-time
PAY0000941,LOAN0000055,CUST0000726,2022-12-27,2022-12-25,399.72,399.72,0.0,On-time
PAY0000942,LOAN0000392,CUST0000563,2025-03-26,2025-04-01,643.1,643.1,6.0,Late
PAY0000943,LOAN0000440,CUST0000395,2022-08-22,2022-08-20,555.31,555.31,0.0,On-time
PAY0000944,LOAN0000369,CUST0000699,2023-07-20,,863.87,0.0,,Missed
PAY0000945,LOAN0000289,CUST0000790,2026-08-10,2026-08-08,777.75,777.75,0.0,On-time
PAY0000946,LOAN0000323,CUST0000103,2024-12-30,2024-12-28,50.87,50.87,0.0,On-time
PAY0000947,LOAN0000115,CUST0000780,2025-08-13,,146.22,0.0,,Missed
PAY0000948,LOAN0000150,CUST0000901,2024-10-16,2024-10-31,421.66,421.66,15.0,Late
PAY0000949,LOAN0000572,CUST0000379,2024-11-30,,199.55,0.0,,Missed
PAY0000950,LOAN0000417,CUST0000487,2026-05-17,2026-05-16,14.34,-14.34,0.0,On-time
PAY0000951,LOAN0000035,CUST0000788,2022-12-03,2022-12-20,1926.73,1926.73,17.0,Late
PAY0000952,LOAN0000064,CUST0000818,2026-04-07,2026-04-05,499.21,499.21,0.0,On-time
PAY0000953,LOAN0000075,CUST0000330,2026-04-01,2026-03-31,300.89,300.89,0.0,On-time
PAY0000954,LOAN0000335,CUST0000661,2026-03-05,2026-03-04,117.54,117.54,0.0,On-time
PAY0000955,LOAN0000183,CUST0000713,2023-07-23,2023-07-21,588.68,588.68,0.0,On-time
PAY0000956,LOAN0000299,CUST0000136,2024-02-05,2024-02-03,486.64,-486.64,0.0,On-time
PAY0000957,LOAN0000577,CUST0000268,2023-08-27,2023-08-26,33.72,33.72,0.0,On-time
PAY0000958,LOAN0000176,CUST0000098,2026-03-29,2026-03-28,654.28,654.28,0.0,On-time
PAY0000959,LOAN0000308,CUST0000188,2025-08-29,2025-08-29,680.08,680.08,0.0,On-time
PAY0000960,LOAN0000418,CUST0000918,2025-05-12,2025-05-12,86.17,86.17,0.0,On-time
PAY0000961,LOAN0000009,CUST0000316,2024-12-05,2023-05-22,201.72,201.72,0.0,On-time
PAY0000962,LOAN0000416,CUST0000611,2022-05-08,,21.6,0.0,,Missed
PAY0000963,LOAN0000175,CUST0000265,2026-03-02,2026-02-28,344.59,344.59,0.0,On-time
PAY0000964,LOAN0000412,CUST0000828,2025-06-04,2025-06-03,1316.93,1316.93,0.0,ON-TIME
PAY0000965,LOAN0000221,CUST0000720,2025-02-24,2025-02-22,836.91,836.91,0.0,On-time
PAY0000966,LOAN0000559,CUST0000824,2024-07-29,2024-07-29,176.29,67.65,0.0,Partial
PAY0000967,LOAN0000298,CUST0000259,2026-08-21,2026-08-19,1082.37,1082.37,0.0,On-time
PAY0000968,LOAN0000316,CUST0000547,2026-07-26,2026-07-25,258.01,258.01,0.0,On-time
PAY0000969,LOAN0000099,CUST0000232,2025-09-13,2025-09-13,124.7,124.7,0.0,On-time
PAY0000970,LOAN0000091,CUST0000953,2024-05-16,2024-05-16,417.35,417.35,0.0,On-time
PAY0000971,LOAN0000201,CUST0000283,2023-08-30,2023-08-29,640.87,,0.0,On-time
PAY0000972,LOAN0000362,CUST0000964,2024-12-23,2024-12-21,924.47,924.47,0.0,On-time
PAY0000973,LOAN0000015,CUST0000311,2025-11-05,2025-11-05,188.87,188.87,0.0,On-time
PAY0000974,LOAN0000444,CUST0000147,2026-01-02,2026-02-05,195.17,195.17,34.0,Late
PAY0000975,LOAN0000226,CUST0000893,2023-09-01,2023-08-31,101.32,101.32,0.0,On-time
PAY0000976,LOAN0000275,CUST0000306,2025-06-15,,384.84,0.0,,Missed
PAY0000977,LOAN0000172,CUST0000692,2025-08-29,2025-08-29,159.9,159.9,0.0,On-time
PAY0000978,LOAN0000229,CUST0000179,2025-05-05,2025-05-05,41.64,41.64,0.0,On-time
PAY0000979,LOAN0000129,CUST0000236,2026-04-09,2026-04-09,453.79,453.79,0.0,On-time
PAY0000980,LOAN0000556,CUST0000773,2023-03-22,2023-03-20,76.7,76.7,0.0,On-time
PAY0000981,LOAN0000363,CUST0000783,2022-12-28,2022-12-28,630.91,630.91,0.0,On-time
PAY0000982,LOAN0000113,CUST0000804,2024-02-26,2024-02-26,294.26,294.26,0.0,On-time
PAY0000983,LOAN0000098,CUST0000913,2024-08-27,2024-08-28,205.08,205.08,1.0,Late
PAY0000984,LOAN0000473,CUST0000340,2023-04-01,2023-03-30,528.94,,0.0,On-time
PAY0000985,LOAN0000508,CUST0000151,2025-12-23,,359.97,0.0,,Missed
PAY0000986,LOAN0000125,CUST0000580,2026-07-09,2026-07-09,179.61,179.61,0.0,On-time
PAY0000987,LOAN0000133,CUST0000758,2025-08-18,2025-08-17,367.28,,0.0,On-time
PAY0000988,LOAN0000567,CUST0000627,2024-05-29,2024-05-28,73.42,73.42,0.0,On-time
PAY0000989,LOAN0000356,CUST0000951,2024-05-18,2024-05-18,208.44,,0.0,On-time
PAY0000990,LOAN0000557,CUST0000030,2024-01-30,2024-01-29,2011.13,2011.13,0.0,On-time
PAY0000991,LOAN0000528,CUST0000832,2025-11-02,2025-11-01,436.3,436.3,0.0,On-time
PAY0000992,LOAN0000543,CUST0000901,2026-03-26,2026-03-26,2766.45,2766.45,0.0,On-time
PAY0000993,LOAN0000386,CUST0000481,2026-01-12,,155.17,155.17,0.0,On-time
PAY0000994,LOAN0000290,CUST0000757,2022-03-15,,649.64,0.0,,Missed
PAY0000995,LOAN0000577,CUST0000268,2024-07-27,2024-07-26,33.72,33.72,0.0,On-time
PAY0000996,LOAN0000548,CUST0000347,2025-02-27,2025-02-27,480.43,480.43,0.0,On-time
PAY0000997,LOAN0000062,CUST0000397,2026-03-31,2026-03-31,309.46,309.46,0.0,On-time
PAY0000998,LOAN0000369,CUST0000699,2025-08-19,2025-08-18,863.87,721.58,0.0,Partial
PAY0000999,LOAN0000473,CUST0000340,2021-11-30,2021-11-28,528.94,528.94,0.0,On-time
PAY0001000,LOAN0000591,CUST0000472,2025-09-21,2025-09-21,173.16,173.16,0.0,On-time
PAY0001001,LOAN0000523,CUST0000015,2024-03-26,2024-03-24,566.64,566.64,0.0,On-time
PAY0001002,LOAN0000471,CUST0000761,2026-08-06,2026-08-05,123.33,123.33,0.0,On-time
PAY0001003,LOAN0000497,CUST0000929,2025-08-10,2025-09-13,891.0,891.0,34.0,Late
PAY0001004,LOAN0000417,CUST0000487,2024-02-15,2024-02-14,14.34,14.34,0.0,On-time
PAY0001005,LOAN0000361,CUST0000306,2025-05-07,2025-06-11,413.38,413.38,35.0,Late
PAY0001006,LOAN0000132,CUST0000669,2025-11-15,2025-11-14,628.47,628.47,0.0,On-time
PAY0001007,LOAN0000520,CUST0000697,2022-03-15,2022-03-15,168.67,168.67,0.0,On-time
PAY0001008,LOAN0000560,CUST0000074,2026-03-24,2026-03-22,224.75,224.75,0.0,On-time
PAY0001009,LOAN0000568,CUST0000389,2026-03-12,2026-03-10,206.47,206.47,0.0,On-time
PAY0001010,LOAN0000271,CUST0000310,2024-10-01,2024-09-30,1002.33,1002.33,0.0,on time
PAY0001011,LOAN0000012,CUST0000725,2023-07-22,2023-07-21,607.42,607.42,0.0,On-time
PAY0001012,LOAN0000402,CUST0000072,2026-06-02,2026-06-02,158.38,158.38,0.0,On-time
PAY0001013,LOAN0000275,CUST0000306,2026-01-14,,384.84,-233.3595235754906,,Missed
PAY0001014,LOAN0000387,CUST0000070,2025-08-17,2025-08-15,284.03,284.03,0.0,On-time
PAY0001015,LOAN0000564,CUST0000695,2026-05-15,2026-05-15,471.54,471.54,0.0,On-time
PAY0001016,LOAN0000046,CUST0000361,2026-08-17,2026-08-17,1162.93,1162.93,0.0,On-time
PAY0001017,LOAN0000211,CUST0000060,2023-10-26,2023-10-24,609.68,609.68,0.0,On-time
PAY0001018,LOAN0000347,CUST0000702,2025-05-02,2025-05-02,1078.58,1078.58,0.0,On-time
PAY0001019,LOAN0000327,CUST0000225,2024-05-27,2024-05-27,214.19,214.19,0.0,On-time
PAY0001020,LOAN0000520,CUST0000697,2023-05-16,2023-05-14,168.67,168.67,0.0,On-time
PAY0001021,LOAN0000370,CUST0000869,2024-11-26,,778.37,778.37,6.0,Late
PAY0001022,LOAN0000098,CUST0000913,2025-02-26,2025-02-24,205.08,205.08,0.0,On-time
PAY0001023,LOAN0000565,CUST0000504,2023-07-25,2023-07-24,554.46,554.46,0.0,On-time
PAY0001024,LOAN0000190,CUST0000337,2024-09-26,2024-11-07,293.17,293.17,42.0,Late
PAY0001025,LOAN0000556,CUST0000773,2025-01-20,2025-02-21,76.7,76.7,32.0,Late
PAY0001026,LOAN0000156,CUST0000047,2024-08-14,2024-08-13,19.97,19.97,0.0,On-time
PAY0001027,LOAN0000331,CUST0000879,2023-07-05,2023-08-05,70.21,,31.0,Late
PAY0001028,LOAN0000068,CUST0000510,2024-02-13,2024-02-13,1394.11,1394.11,0.0,On-time
PAY0001029,LOAN0000571,CUST0000295,2023-06-19,2023-06-19,914.71,431.67,0.0,Partial
PAY0001030,LOAN0000039,CUST0000941,2025-07-25,2025-08-28,1194.92,1194.92,34.0,Late
PAY0001031,LOAN0000143,CUST0000791,2024-05-22,,159.55,0.0,,Missed
PAY0001032,LOAN0000283,CUST0000045,2026-06-14,2026-07-20,57.8,57.8,36.0,Late
PAY0001033,LOAN0000477,CUST0000436,2024-12-22,2024-12-20,14.8,14.8,0.0,On-time
PAY0001034,LOAN0000359,CUST0000161,2026-04-03,2026-04-03,1100.09,1100.09,0.0,On-time
PAY0001035,LOAN0000360,CUST0000875,2025-01-29,2025-01-29,17.76,17.76,0.0,On-time
PAY0001036,LOAN0000594,CUST0000856,2026-07-05,2026-07-04,46.1,46.1,0.0,On-time
PAY0001037,LOAN0000101,CUST0000422,2026-02-14,2026-02-13,479.38,479.38,0.0,On-time
PAY0001038,LOAN0000533,CUST0000725,2023-11-25,2023-11-24,1461.65,1461.65,0.0,On-time
PAY0001039,LOAN0000491,CUST0000360,2025-03-12,2025-03-11,1483.2,1483.2,0.0,On-time
PAY0001040,LOAN0000549,CUST0000293,2025-04-02,2025-04-01,155.52,155.52,0.0,On-time
PAY0001041,LOAN0000586,CUST0000121,2022-08-04,,843.94,0.0,,Missed
PAY0001042,LOAN0000323,CUST0000103,2024-08-30,,50.87,0.0,,Missed
PAY0001043,LOAN0000154,CUST0000605,2024-03-07,2024-03-05,218.73,,0.0,On-time
PAY0001044,LOAN0000494,CUST0000188,2025-04-26,2025-04-26,1276.54,1276.54,0.0,On-time
PAY0001045,LOAN0000483,CUST0000418,2023-04-06,2023-04-04,191.54,191.54,0.0,On-time
PAY0001046,LOAN0000532,CUST0000330,2026-08-01,,677.86,0.0,,Missed
PAY0001047,LOAN0000134,CUST0000241,2025-07-06,,373.64,0.0,,Missed
PAY0001048,LOAN0000109,CUST0000993,2025-07-11,2025-07-09,413.87,413.87,0.0,On-time
PAY0001049,LOAN0000371,CUST0000522,2024-12-05,2024-12-04,1425.12,1425.12,0.0,On-time
PAY0001050,LOAN0000092,CUST0000314,2023-08-01,2023-08-19,657.71,657.71,18.0,Late
PAY0001051,LOAN0000253,CUST0000066,2024-06-23,2024-06-21,384.38,384.38,0.0,On-time
PAY0001052,LOAN0000349,CUST0000776,2026-04-09,2026-04-08,367.15,367.15,0.0,On-time
PAY0001053,LOAN0000064,CUST0000818,2024-05-07,2024-05-07,499.21,499.21,0.0,On-time
PAY0001054,LOAN0000531,CUST0000891,2024-08-02,2024-08-02,344.43,344.43,0.0,On-time
PAY0001055,LOAN0000170,CUST0000156,2025-11-15,2025-11-13,1293.11,1293.11,0.0,On-time
PAY0001056,LOAN0000383,CUST0000736,2025-08-02,2025-07-31,83.06,83.06,0.0,On-time
PAY0001057,LOAN0000274,CUST0000327,2023-12-04,2023-12-03,125.44,125.44,0.0,On-time
PAY0001058,LOAN0000055,CUST0000726,2023-07-28,2023-07-28,399.72,399.72,0.0,On-time
PAY0001059,LOAN0000311,CUST0000689,2023-09-23,2023-09-22,184.19,184.19,0.0,On-time
PAY0001060,LOAN0000076,CUST0000869,2026-02-27,2026-02-27,241.76,241.76,0.0,On-time
PAY0001061,LOAN0000016,CUST0000359,2024-07-14,2024-07-12,424.63,424.63,0.0,On-time
PAY0001062,LOAN0000596,CUST0000639,2025-09-28,,1250.25,0.0,,Missed
PAY0001063,LOAN0000284,CUST0000557,2026-06-02,,1030.27,0.0,,Missed
PAY0001064,LOAN0000246,CUST0000874,2024-06-09,2024-06-09,966.85,966.85,0.0,On-time
PAY0001065,LOAN0000490,CUST0000017,2024-11-26,,265.48,0.0,,Missed
PAY0001066,LOAN0000461,CUST0000893,2024-04-25,2024-04-23,13.08,13.08,0.0,On-time
PAY0001067,LOAN0000263,CUST0000966,2024-01-10,2024-01-10,460.72,460.72,0.0,On-time
PAY0001068,LOAN0000159,CUST0000902,2024-09-21,2024-09-19,47.23,47.23,0.0,On-time
PAY0001069,LOAN0000425,CUST0000755,2024-12-30,2024-12-30,351.83,351.83,0.0,On-time
PAY0001070,LOAN0000295,CUST0000369,2025-07-04,2025-07-02,638.67,638.67,0.0,On-time
PAY0001071,LOAN0000119,CUST0000188,2022-04-15,,820.41,0.0,,Missed
PAY0001072,LOAN0000508,CUST0000151,2023-06-24,,359.97,0.0,,Missed
PAY0001073,LOAN0000080,CUST0000004,2023-07-19,2023-07-18,855.13,658.58,0.0,Partial
PAY0001074,LOAN0000461,CUST0000893,2023-12-25,2024-01-17,13.08,13.08,23.0,Late
PAY0001075,LOAN0000349,CUST0000776,2026-02-07,2026-02-06,367.15,367.15,0.0,On-time
PAY0001076,LOAN0000416,CUST0000611,2023-10-08,2023-10-06,21.6,21.6,0.0,On-time
PAY0001077,LOAN0000181,CUST0000393,2026-03-22,2026-03-21,114.46,114.46,0.0,ON-TIME
PAY0001078,LOAN0000088,CUST0000710,2025-01-18,2025-01-16,1812.64,1812.64,0.0,On-time
PAY0001079,LOAN0000134,CUST0000241,2026-05-06,2026-05-05,373.64,373.64,0.0,On-time
PAY0001080,LOAN0000001,CUST0000112,2026-06-08,2026-06-06,248.64,248.64,0.0,On-time
PAY0001081,LOAN0000002,CUST0000552,2025-12-01,,38.11,38.11,0.0,On-time
PAY0001082,LOAN0000556,CUST0000773,2021-11-20,2021-11-19,76.7,76.7,0.0,On-time
PAY0001083,LOAN0000346,CUST0000988,2023-04-06,2023-04-06,186.55,186.55,0.0,On-time
PAY0001084,LOAN0000248,CUST0000569,2026-08-07,2026-09-03,273.13,273.13,27.0,Late
PAY0001085,LOAN0000148,CUST0000105,2022-10-08,2022-10-06,2311.29,2311.29,0.0,On-time
PAY0001086,LOAN0000385,CUST0000435,2022-01-27,,394.76,394.76,9.0,Late
PAY0001087,LOAN0000470,CUST0000725,2026-04-03,,241.98,0.0,,Missed
PAY0001088,LOAN0000140,CUST0000221,2025-12-24,,83.09,83.09,0.0,On-time
PAY0001089,LOAN0000510,CUST0000702,2025-12-22,2025-12-25,892.11,,3.0,Late
PAY0001090,LOAN0000501,CUST0000055,2026-05-06,2026-05-05,762.76,762.76,0.0,On-time
PAY0001091,LOAN0000527,CUST0000770,2024-12-22,2024-12-21,449.74,449.74,0.0,On-time
PAY0001092,LOAN0000188,CUST0000979,2024-08-10,2024-08-10,349.2,349.2,0.0,On-time
PAY0001093,LOAN0000078,CUST0000726,2024-02-21,2024-02-21,1123.26,1123.26,0.0,On-time
PAY0001094,LOAN0000587,CUST0000313,2025-05-24,2025-05-23,268.66,268.66,0.0,On-time
PAY0001095,LOAN0000184,CUST0000347,2024-10-10,2024-10-08,487.42,487.42,0.0,On-time
PAY0001096,LOAN0000336,CUST0000690,2025-04-26,2025-04-26,52.94,52.94,0.0,On-time
PAY0001097,LOAN0000123,CUST0000662,2026-05-23,2026-05-21,276.96,276.96,0.0,On-time
PAY0001098,LOAN0000227,CUST0000949,2024-10-17,2024-10-15,213.21,213.21,0.0,On-time
PAY0001099,LOAN0000139,CUST0000859,2025-02-09,2025-02-07,627.26,627.26,0.0,On-time
PAY0001100,LOAN0000337,CUST0000035,2024-11-26,2024-11-24,210.97,210.97,0.0,On-time
PAY0001101,LOAN0000340,CUST0000532,2026-04-23,,498.01,0.0,,Missed
PAY0001102,LOAN0000271,CUST0000310,2022-09-01,2022-09-01,1002.33,1002.33,0.0,On-time
PAY0001103,LOAN0000256,CUST0000931,2025-02-24,2025-02-24,94.47,94.47,0.0,On-time
PAY0001104,LOAN0000520,CUST0000697,2023-07-15,2023-07-14,168.67,168.67,0.0,On-time
PAY0001105,LOAN0000543,CUST0000901,2025-12-25,2026-01-26,2766.45,2766.45,32.0,Late
PAY0001106,LOAN0000161,CUST0000522,2023-03-29,2023-03-28,1392.51,1392.51,0.0,On-time
PAY0001107,LOAN0000339,CUST0000384,2025-02-21,2025-02-21,83.06,83.06,0.0,On-time
PAY0001108,LOAN0000327,CUST0000225,2025-12-26,2025-12-26,214.19,214.19,0.0,On-time
PAY0001109,LOAN0000577,CUST0000268,2022-02-25,2022-02-23,33.72,33.72,0.0,On-time
PAY0001110,LOAN0000283,CUST0000045,2022-12-14,2022-12-25,57.8,57.8,11.0,Late
PAY0001111,LOAN0000284,CUST0000557,2025-09-01,2025-08-30,1030.27,1030.27,0.0,On-time
PAY0001112,LOAN0000500,CUST0000918,2024-09-14,2024-09-13,199.95,77.16,0.0,Partial
PAY0001113,LOAN0000566,CUST0000236,2024-05-01,2024-04-29,205.31,205.31,0.0,On-time
PAY0001114,LOAN0000147,CUST0000364,2025-04-27,2025-04-25,150.55,150.55,0.0,On-time
PAY0001115,LOAN0000491,CUST0000360,2025-02-10,2025-02-08,1483.2,1483.2,0.0,On-time
PAY0001116,LOAN0000210,CUST0000782,2025-12-17,2025-12-17,324.08,324.08,0.0,On-time
PAY0001117,LOAN0000182,CUST0000834,2025-10-15,2025-10-13,39.57,39.57,0.0,On-time
PAY0001118,LOAN0000363,CUST0000783,2025-10-28,2025-10-27,630.91,630.91,0.0,On-time
PAY0001119,LOAN0000055,CUST0000726,2025-01-26,2025-01-24,399.72,399.72,0.0,On-time
PAY0001120,LOAN0000443,CUST0000791,2025-04-02,2025-04-01,1882.62,1882.62,0.0,On-time
PAY0001121,LOAN0000131,CUST0000115,2024-12-04,2024-12-04,62.49,62.49,0.0,On-time
PAY0001122,LOAN0000553,CUST0000515,2026-07-27,2026-07-26,108.09,108.09,0.0,On-time
PAY0001123,LOAN0000541,CUST0000470,2025-01-29,2025-01-27,1284.91,1284.91,0.0,On-time
PAY0001124,LOAN0000206,CUST0000997,2025-01-23,2025-02-06,153.63,153.63,14.0,Late
PAY0001125,LOAN0000111,CUST0000196,2026-07-08,2026-07-13,640.44,640.44,5.0,Late
PAY0001126,LOAN0000090,CUST0000721,2024-11-19,2024-11-17,213.64,213.64,0.0,On-time
PAY0001127,LOAN0000375,CUST0000107,2023-09-02,2023-09-01,1121.15,942.78,0.0,Partial
PAY0001128,LOAN0000224,CUST0000556,2025-04-25,2025-05-16,1054.15,1054.15,21.0,Late
PAY0001129,LOAN0000403,CUST0000115,2024-01-19,2024-01-19,43.28,43.28,0.0,On-time
PAY0001130,LOAN0000202,CUST0000060,2023-08-22,2023-08-20,65.87,,0.0,On-time
PAY0001131,LOAN0000456,CUST0000220,2023-07-07,2023-07-07,204.09,204.09,0.0,ON-TIME
PAY0001132,LOAN0000363,CUST0000783,2023-09-28,2023-09-28,630.91,630.91,0.0,On-time
PAY0001133,LOAN0000321,CUST0000418,2024-04-29,2024-04-28,172.06,172.06,0.0,On-time
PAY0001134,LOAN0000020,CUST0000574,2025-02-23,2025-03-21,437.5,437.5,26.0,Late
PAY0001135,LOAN0000558,CUST0000843,2026-01-22,,115.54,0.0,,Missed
PAY0001136,LOAN0000497,CUST0000929,2021-11-09,2021-11-09,891.0,891.0,0.0,On-time
PAY0001137,LOAN0000272,CUST0000177,2024-01-31,2024-03-11,248.57,248.57,40.0,Late
PAY0001138,LOAN0000203,CUST0000928,2026-04-12,2026-04-10,478.83,478.83,0.0,On-time
PAY0001139,LOAN0000257,CUST0000699,2025-01-24,2025-01-23,1022.97,1022.97,0.0,On-time
PAY0001140,LOAN0000493,CUST0000307,2025-09-20,2025-10-12,516.28,516.28,22.0,Late
PAY0001141,LOAN0000103,CUST0000671,2024-08-29,2024-08-29,280.45,280.45,0.0,On-time
PAY0001142,LOAN0000362,CUST0000964,2024-09-23,2024-09-23,924.47,924.47,0.0,On-time
PAY0001143,LOAN0000154,CUST0000605,2024-04-07,2024-04-07,218.73,218.73,0.0,On-time
PAY0001144,LOAN0000286,CUST0000607,2024-06-22,2024-07-09,448.57,448.57,17.0,Late
PAY0001145,LOAN0000218,CUST0000200,2024-07-03,2024-07-01,864.08,864.08,0.0,On-time
PAY0001146,LOAN0000339,CUST0000384,2024-11-22,2024-11-22,83.06,83.06,0.0,On-time
PAY0001147,LOAN0000249,CUST0000632,2023-06-11,2023-06-11,1134.85,1134.85,0.0,On-time
PAY0001148,LOAN0000327,CUST0000225,2023-07-27,2023-07-25,214.19,214.19,0.0,On-time
PAY0001149,LOAN0000082,CUST0000198,2026-04-01,2026-03-31,865.41,865.41,0.0,On-time
PAY0001150,LOAN0000167,CUST0000260,2025-07-08,2025-08-12,974.84,974.84,35.0,Late
PAY0001151,LOAN0000231,CUST0000896,2026-01-08,2026-01-21,508.99,508.99,13.0,Late
PAY0001152,LOAN0000335,CUST0000661,2026-04-05,2026-04-05,117.54,117.54,0.0,On-time
PAY0001153,LOAN0000085,CUST0000020,2025-02-07,2025-02-05,1832.83,1832.83,0.0,On-time
PAY0001154,LOAN0000275,CUST0000306,2025-05-16,2025-05-16,384.84,384.84,0.0,On-time
PAY0001155,LOAN0000440,CUST0000395,2023-09-22,2023-09-20,555.31,555.31,0.0,On-time
PAY0001156,LOAN0000323,CUST0000103,2025-08-30,2025-08-31,50.87,50.87,1.0,Late
PAY0001157,LOAN0000073,CUST0000266,2023-10-06,2023-10-04,101.83,101.83,0.0,On-time
PAY0001158,LOAN0000104,CUST0000488,2024-08-25,2024-08-24,199.65,199.65,0.0,On-time
PAY0001159,LOAN0000056,CUST0000793,2025-11-20,,145.21,0.0,,Missed
PAY0001160,LOAN0000466,CUST0000967,2026-01-29,2026-01-31,25.35,25.35,2.0,Late
PAY0001161,LOAN0000081,CUST0000682,2025-10-19,,377.89,377.89,0.0,On-time
PAY0001162,LOAN0000282,CUST0000724,2024-02-22,2024-03-31,67.12,67.12,38.0,Late
PAY0001163,LOAN0000010,CUST0000577,2023-07-16,2023-07-14,3029.07,3029.07,0.0,On-time
PAY0001164,LOAN0000142,CUST0000897,2024-10-20,2024-10-18,459.08,459.08,0.0,On-time
PAY0001165,LOAN0000316,CUST0000547,2026-06-26,2026-06-26,258.01,258.01,0.0,On-time
PAY0001166,LOAN0000153,CUST0000245,2025-08-23,2025-08-21,313.95,313.95,0.0,On-time
PAY0001167,LOAN0000459,CUST0000783,2025-06-07,2025-06-06,183.08,183.08,0.0,On-time
PAY0001168,LOAN0000505,CUST0000062,2023-04-19,2023-04-18,50.36,50.36,0.0,On-time
PAY0001169,LOAN0000232,CUST0000762,2024-03-23,,30.32,0.0,,Missed
PAY0001170,LOAN0000480,CUST0000765,2026-03-07,2026-03-05,517.76,517.76,0.0,On-time
PAY0001171,LOAN0000132,CUST0000669,2026-06-16,2026-06-14,628.47,628.47,0.0,On-time
PAY0001172,LOAN0000373,CUST0000783,2025-12-25,2025-12-24,1017.53,1017.53,0.0,On-time
PAY0001173,LOAN0000496,CUST0000211,2025-05-29,2025-05-27,488.18,488.18,0.0,On-time
PAY0001174,LOAN0000526,CUST0000184,2026-03-27,2026-04-27,341.99,341.99,31.0,Late
PAY0001175,LOAN0000283,CUST0000045,2023-12-14,2023-12-13,57.8,57.8,0.0,On-time
PAY0001176,LOAN0000252,CUST0000521,2025-09-21,,1682.41,0.0,,Missed
PAY0001177,LOAN0000167,CUST0000260,2024-02-06,2024-02-05,974.84,-974.84,0.0,On-time
PAY0001178,LOAN0000149,CUST0000764,2023-11-09,2023-11-09,556.36,556.36,0.0,On-time
PAY0001179,LOAN0000031,CUST0000787,2022-12-18,2022-12-18,1194.04,1194.04,0.0,On-time
PAY0001180,LOAN0000027,CUST0000457,2022-04-21,,240.0,0.0,,Missed
PAY0001181,LOAN0000283,CUST0000045,2025-02-12,2025-02-12,57.8,19.67,0.0,Partial
PAY0001182,LOAN0000062,CUST0000397,2024-04-30,2024-05-08,309.46,309.46,8.0,Late
PAY0001183,LOAN0000019,CUST0000441,2023-07-31,2023-07-29,2083.16,2083.16,0.0,On-time
PAY0001184,LOAN0000447,CUST0000186,2025-09-16,2025-09-15,350.47,350.47,0.0,On-time
PAY0001185,LOAN0000090,CUST0000721,2024-01-20,2024-01-18,213.64,213.64,0.0,On-time
PAY0001186,LOAN0000425,CUST0000755,2024-07-31,2024-07-31,351.83,351.83,0.0,On-time
PAY0001187,LOAN0000406,CUST0000519,2023-12-08,2023-12-06,179.61,179.61,0.0,On-time
PAY0001188,LOAN0000479,CUST0000957,2026-04-02,2026-04-02,284.06,149.33,0.0,Partial
PAY0001189,LOAN0000246,CUST0000874,2023-07-10,2023-07-08,966.85,966.85,0.0,On-time
PAY0001190,LOAN0000034,CUST0000621,2023-05-13,2023-05-11,145.27,145.27,0.0,On-time
PAY0001191,LOAN0000542,CUST0000668,2025-01-03,2025-01-03,286.55,286.55,0.0,On-time
PAY0001192,LOAN0000369,CUST0000699,2025-09-18,2025-09-16,863.87,863.87,0.0,On-time
PAY0001193,LOAN0000578,CUST0000916,2024-08-31,2024-08-30,335.27,335.27,0.0,On-time
PAY0001194,LOAN0000240,CUST0000608,2024-11-19,2024-11-18,533.89,533.89,0.0,On-time
PAY0001195,LOAN0000087,CUST0000889,2025-09-04,2025-09-04,286.79,,0.0,On-time
PAY0001196,LOAN0000589,CUST0000517,2026-01-31,2026-01-31,611.86,611.86,0.0,On-time
PAY0001197,LOAN0000143,CUST0000791,2026-03-23,2026-03-22,159.55,159.55,0.0,On-time
PAY0001198,LOAN0000346,CUST0000988,2023-12-05,2023-12-15,186.55,186.55,10.0,Late
PAY0001199,LOAN0000337,CUST0000035,2025-12-26,2025-12-25,210.97,210.97,0.0,On-time
PAY0001200,LOAN0000343,CUST0000618,2025-08-04,2025-08-04,2825.66,2825.66,0.0,On-time
PAY0001201,LOAN0000584,CUST0000129,2025-06-06,,135.36,0.0,,Missed
PAY0001202,LOAN0000064,CUST0000818,2024-12-06,2024-12-04,499.21,499.21,0.0,On-time
PAY0001203,LOAN0000424,CUST0000831,2026-08-06,2026-08-05,306.66,306.66,0.0,On-time
PAY0001204,LOAN0000226,CUST0000893,2025-12-31,,101.32,0.0,,Missed
PAY0001205,LOAN0000347,CUST0000702,2026-01-31,2026-01-29,1078.58,1078.58,0.0,OK
PAY0001206,LOAN0000201,CUST0000283,2026-05-30,2026-05-30,640.87,640.87,0.0,On-time
PAY0001207,LOAN0000013,CUST0000091,2025-10-03,,1833.33,0.0,,missed
PAY0001208,LOAN0000549,CUST0000293,2026-07-03,2026-08-09,155.52,155.52,37.0,Late
PAY0001209,LOAN0000074,CUST0000096,2026-05-08,2026-05-07,325.95,325.95,0.0,On-time
PAY0001210,LOAN0000399,CUST0000797,2024-07-22,2024-07-21,375.73,375.73,0.0,On-time
PAY0001211,LOAN0000508,CUST0000151,2024-09-23,2024-09-21,359.97,359.97,0.0,On-time
PAY0001212,LOAN0000449,CUST0000617,2024-03-18,2024-03-18,464.05,464.05,0.0,On-time
PAY0001213,LOAN0000386,CUST0000481,2025-08-13,2025-09-11,155.17,155.17,29.0,Late
PAY0001214,LOAN0000168,CUST0000850,2023-10-31,2023-10-29,487.76,487.76,0.0,On-time
PAY0001215,LOAN0000589,CUST0000517,2025-03-02,2025-03-24,611.86,611.86,22.0,Late
PAY0001216,LOAN0000143,CUST0000791,2025-11-21,2025-11-20,159.55,159.55,0.0,On-time
PAY0001217,LOAN0000397,CUST0000714,2024-11-17,2024-11-17,500.03,,0.0,On-time
PAY0001218,LOAN0000104,CUST0000488,2024-06-25,2024-07-12,199.65,199.65,17.0,Late
PAY0001219,LOAN0000394,CUST0000050,2023-02-20,2023-02-20,566.23,566.23,0.0,On-time
PAY0001220,LOAN0000211,CUST0000060,2023-02-25,2023-02-23,609.68,609.68,0.0,On-time
PAY0001221,LOAN0000579,CUST0000002,2023-06-27,2023-06-26,467.36,467.36,0.0,On-time
PAY0001222,LOAN0000296,CUST0000997,2025-01-06,2025-01-04,305.84,305.84,0.0,On-time
PAY0001223,LOAN0000126,CUST0000058,2024-08-10,,3092.58,-501.6238034080986,,Missed
PAY0001224,LOAN0000113,CUST0000804,2024-03-28,2024-03-27,294.26,294.26,0.0,On-time
PAY0001225,LOAN0000125,CUST0000580,2025-12-08,2025-12-06,179.61,179.61,0.0,On-time
PAY0001226,LOAN0000443,CUST0000791,2025-10-01,2025-09-30,1882.62,1882.62,0.0,On-time
PAY0001227,LOAN0000125,CUST0000580,2025-08-08,,179.61,179.61,0.0,On-time
PAY0001228,LOAN0000392,CUST0000563,2024-07-26,2024-07-25,643.1,643.1,0.0,On-time
PAY0001229,LOAN0000326,CUST0000348,2025-04-18,2025-04-17,1372.24,1372.24,0.0,On-time
PAY0001230,LOAN0000588,CUST0000382,2022-12-29,2022-12-28,148.33,148.33,0.0,On-time
PAY0001231,LOAN0000533,CUST0000725,2023-12-25,2023-12-23,1461.65,1461.65,0.0,On-time
PAY0001232,LOAN0000109,CUST0000993,2026-06-11,2026-06-09,413.87,413.87,0.0,On-time
PAY0001233,LOAN0000371,CUST0000522,2025-09-05,2025-09-05,1425.12,1425.12,0.0,On-time
PAY0001234,LOAN0000288,CUST0000370,2026-02-18,2026-02-18,476.12,346.42,0.0,Partial
PAY0001235,LOAN0000046,CUST0000361,2023-06-18,2023-06-16,1162.93,1162.93,0.0,On-time
PAY0001236,LOAN0000592,CUST0000786,2025-10-03,2025-10-02,979.05,979.05,0.0,On-time
PAY0001237,LOAN0000144,CUST0000143,2023-09-17,2023-10-04,184.57,184.57,17.0,Late
PAY0001238,LOAN0000137,CUST0000463,2026-01-18,,1149.63,0.0,,Missed
PAY0001239,LOAN0000320,CUST0000394,2024-05-22,2024-05-20,637.39,637.39,0.0,On-time
PAY0001240,LOAN0000160,CUST0000148,2024-09-15,2024-09-13,76.44,76.44,0.0,On-time
PAY0001241,LOAN0000325,CUST0000206,2026-05-20,2026-05-19,2758.6,2758.6,0.0,On-time
PAY0001242,LOAN0000074,CUST0000096,2026-06-08,2026-06-08,325.95,325.95,0.0,On-time
PAY0001243,LOAN0000566,CUST0000236,2024-09-30,2024-09-30,205.31,205.31,0.0,On-time
PAY0001244,LOAN0000058,CUST0000978,2022-08-19,2022-08-19,909.7,909.7,0.0,On-time
PAY0001245,LOAN0000119,CUST0000188,2025-06-15,,820.41,0.0,,Missed
PAY0001246,LOAN0000429,CUST0000782,2026-02-24,2026-02-22,1011.92,1011.92,0.0,On-time
PAY0001247,LOAN0000571,CUST0000295,2023-08-18,,914.71,0.0,,Missed
PAY0001248,LOAN0000453,CUST0000869,2024-05-14,2024-05-12,1543.9,1543.9,0.0,On-time
PAY0001249,LOAN0000271,CUST0000310,2026-03-03,2026-03-01,1002.33,1002.33,0.0,On-time
PAY0001250,LOAN0000540,CUST0000782,2022-12-13,2022-12-11,216.21,216.21,0.0,On-time
PAY0001251,LOAN0000592,CUST0000786,2026-01-03,2026-01-02,979.05,979.05,0.0,On-time
PAY0001252,LOAN0000023,CUST0000556,2025-07-24,2025-07-23,888.73,888.73,0.0,On Time
PAY0001253,LOAN0000279,CUST0000696,2024-12-23,2024-12-21,28.99,28.99,0.0,On-time
PAY0001254,LOAN0000055,CUST0000726,2025-11-27,2025-11-27,399.72,399.72,0.0,On-time
PAY0001255,LOAN0000138,CUST0000052,2025-07-05,2025-07-05,332.64,212.78,0.0,Partial
PAY0001256,LOAN0000457,CUST0000181,2025-02-25,,772.95,-389.2697199859417,,Missed
PAY0001257,LOAN0000041,CUST0000778,2025-03-13,,450.04,0.0,,Missed
PAY0001258,LOAN0000051,CUST0000838,2025-10-22,2025-10-20,1474.03,1474.03,0.0,On-time
PAY0001259,LOAN0000284,CUST0000557,2025-06-02,2025-06-01,1030.27,1030.27,0.0,On-time
PAY0001260,LOAN0000192,CUST0000222,2024-07-13,2024-07-11,834.2,834.2,0.0,On-time
PAY0001261,LOAN0000131,CUST0000115,2023-04-05,,62.49,-466.5546519011576,,Missed
PAY0001262,LOAN0000022,CUST0000637,2023-03-28,2023-03-26,78.37,-78.37,0.0,On-time
PAY0001263,LOAN0000056,CUST0000793,2024-08-21,2024-08-21,145.21,145.21,0.0,On-time
PAY0001264,LOAN0000242,CUST0000420,2024-12-13,,711.72,0.0,,Missed
PAY0001265,LOAN0000265,CUST0000461,2025-05-04,2025-05-02,1752.19,1752.19,0.0,On-time
PAY0001266,LOAN0000489,CUST0000219,2024-07-26,2024-07-24,3381.18,3381.18,0.0,On-time
PAY0001267,LOAN0000008,CUST0000974,2025-04-09,2025-04-07,77.65,77.65,0.0,On-time
PAY0001268,LOAN0000224,CUST0000556,2025-07-25,2025-07-25,1054.15,1054.15,0.0,On-time
PAY0001269,LOAN0000579,CUST0000002,2024-05-27,2024-05-26,467.36,467.36,0.0,On-time
PAY0001270,LOAN0000461,CUST0000893,2024-01-24,2024-01-24,13.08,13.08,0.0,On-time
PAY0001271,LOAN0000319,CUST0000112,2024-02-02,,132.31,0.0,,Missed
PAY0001272,LOAN0000588,CUST0000382,2026-04-29,,148.33,0.0,,Missed
PAY0001273,LOAN0000090,CUST0000721,2022-06-20,2022-06-20,213.64,213.64,0.0,On-time
PAY0001274,LOAN0000426,CUST0000297,2022-06-16,2022-07-21,370.17,370.17,35.0,Late
PAY0001275,LOAN0000588,CUST0000382,2022-09-28,2022-09-28,148.33,148.33,0.0,On-time
PAY0001276,LOAN0000439,CUST0000280,2025-10-21,,216.4,0.0,,Missed
PAY0001277,LOAN0000395,CUST0000169,2026-03-10,2026-03-09,167.52,119.62,0.0,Partial
PAY0001278,LOAN0000321,CUST0000418,2024-06-29,2024-06-28,172.06,,0.0,On-time
PAY0001279,LOAN0000467,CUST0000635,2025-09-03,2025-09-12,225.47,225.47,9.0,Late
PAY0001280,LOAN0000387,CUST0000070,2023-11-16,2023-11-15,284.03,284.03,0.0,On-time
PAY0001281,LOAN0000178,CUST0000675,2025-09-14,2025-10-24,963.41,963.41,40.0,Late
PAY0001282,LOAN0000119,CUST0000188,2023-08-15,2023-08-13,820.41,663.43,0.0,Partial
PAY0001283,LOAN0000345,CUST0000724,2024-10-26,2024-10-25,906.51,906.51,0.0,On-time
PAY0001284,LOAN0000190,CUST0000337,2026-07-28,2026-08-08,293.17,293.17,11.0,Late
PAY0001285,LOAN0000108,CUST0000303,2024-09-30,2024-09-29,115.22,,0.0,On-time
PAY0001286,LOAN0000308,CUST0000188,2026-04-30,2026-04-30,680.08,680.08,0.0,On-time
PAY0001287,LOAN0000452,CUST0000389,2025-06-08,,517.19,0.0,,NSF
PAY0001288,LOAN0000248,CUST0000569,2026-07-08,2026-07-06,273.13,273.13,0.0,On-time
PAY0001289,LOAN0000138,CUST0000052,2026-06-04,2026-06-04,332.64,332.64,0.0,On-time
PAY0001290,LOAN0000136,CUST0000678,2022-09-13,2022-09-11,62.52,62.52,0.0,On-time
PAY0001291,LOAN0000027,CUST0000457,2023-10-21,,240.0,0.0,,Missed
PAY0001292,LOAN0000481,CUST0000429,2023-09-04,2023-09-15,227.01,227.01,11.0,Late
PAY0001293,LOAN0000449,CUST0000617,2023-01-17,2023-01-15,464.05,464.05,0.0,On-time
PAY0001294,LOAN0000564,CUST0000695,2025-02-12,2025-03-01,471.54,471.54,17.0,Late
PAY0001295,LOAN0000094,CUST0000345,2023-04-01,2023-03-31,610.74,610.74,0.0,On-time
PAY0001296,LOAN0000473,CUST0000340,2024-09-30,2024-09-30,528.94,528.94,0.0,On-time
PAY0001297,LOAN0000358,CUST0000899,2025-05-08,2025-05-07,368.63,368.63,0.0,On-time
PAY0001298,LOAN0000557,CUST0000030,2024-04-30,2024-04-28,2011.13,2011.13,0.0,On-time
PAY0001299,LOAN0000290,CUST0000757,2025-02-12,2025-02-10,649.64,649.64,0.0,On-time
PAY0001300,LOAN0000449,CUST0000617,2022-05-18,2022-05-18,464.05,464.05,0.0,On-time
PAY0001301,LOAN0000205,CUST0000080,2026-01-26,2026-01-24,709.8,709.8,0.0,On-time
PAY0001302,LOAN0000019,CUST0000441,2022-10-30,2022-10-28,2083.16,2083.16,0.0,On-time
PAY0001303,LOAN0000195,CUST0000180,2025-06-12,2025-06-10,504.44,504.44,0.0,On-time
PAY0001304,LOAN0000112,CUST0000398,2025-07-01,2025-08-05,275.2,275.2,35.0,On-time
PAY0001305,LOAN0000471,CUST0000761,2026-01-05,2026-01-03,123.33,81.38,0.0,Partial
PAY0001306,LOAN0000531,CUST0000891,2024-02-02,2024-02-02,344.43,344.43,0.0,On-time
PAY0001307,LOAN0000432,CUST0000070,2024-09-24,2024-09-22,261.4,261.4,0.0,On-time
PAY0001308,LOAN0000118,CUST0000545,2024-11-06,2024-11-04,208.58,208.58,0.0,On-time
PAY0001309,LOAN0000283,CUST0000045,2023-09-14,2023-09-15,57.8,57.8,1.0,Late
PAY0001310,LOAN0000147,CUST0000364,2024-01-27,2024-02-03,150.55,150.55,7.0,Late
PAY0001311,LOAN0000494,CUST0000188,2025-11-25,2025-12-12,1276.54,1276.54,17.0,Late
PAY0001312,LOAN0000529,CUST0000838,2024-08-23,2024-08-21,513.54,,0.0,On-time
PAY0001313,LOAN0000472,CUST0000609,2026-07-11,,666.25,0.0,,Missed
PAY0001314,LOAN0000045,CUST0000566,2026-04-14,2026-04-21,909.16,909.16,7.0,Late
PAY0001315,LOAN0000462,CUST0000397,2026-06-30,,660.43,0.0,,Missed
PAY0001316,LOAN0000236,CUST0000945,2025-04-23,2025-05-10,123.89,123.89,17.0,Late
PAY0001317,LOAN0000078,CUST0000726,2023-01-21,2023-01-21,1123.26,1123.26,0.0,On-time
PAY0001318,LOAN0000449,CUST0000617,2022-12-18,2022-12-18,464.05,464.05,0.0,On-time
PAY0001319,LOAN0000455,CUST0000819,2026-08-03,2026-08-03,320.83,320.83,0.0,On-time
PAY0001320,LOAN0000188,CUST0000979,2022-10-10,2022-10-09,349.2,-349.2,0.0,On-time
PAY0001321,LOAN0000138,CUST0000052,2023-11-04,2023-11-04,332.64,332.64,0.0,On-time
PAY0001322,LOAN0000367,CUST0000236,2026-08-19,2026-08-17,898.01,898.01,0.0,On-time
PAY0001323,LOAN0000541,CUST0000470,2025-09-29,2025-09-29,1284.91,1284.91,0.0,On-time
PAY0001324,LOAN0000057,CUST0000816,2025-03-26,2025-03-25,441.62,441.62,0.0,On-time
PAY0001325,LOAN0000041,CUST0000778,2026-08-12,2026-08-12,450.04,450.04,0.0,On-time
PAY0001326,LOAN0000032,CUST0000569,2025-10-15,2025-10-13,1505.11,1505.11,0.0,On-time
PAY0001327,LOAN0000159,CUST0000902,2024-06-22,2024-06-20,47.23,47.23,0.0,On-time
PAY0001328,LOAN0000494,CUST0000188,2024-10-25,2024-10-25,1276.54,1276.54,0.0,On-time
PAY0001329,LOAN0000417,CUST0000487,2025-07-16,2025-08-04,14.34,14.34,19.0,Late
PAY0001330,LOAN0000345,CUST0000724,2026-02-25,2026-02-23,906.51,906.51,0.0,On-time
PAY0001331,LOAN0000131,CUST0000115,2023-07-05,2023-07-03,62.49,62.49,0.0,On-time
PAY0001332,LOAN0000131,CUST0000115,2026-04-05,2026-04-05,62.49,62.49,0.0,On-time
PAY0001333,LOAN0000467,CUST0000635,2025-05-04,2025-05-03,225.47,225.47,0.0,On-time
PAY0001334,LOAN0000337,CUST0000035,2023-12-27,,210.97,210.97,0.0,On-time
PAY0001335,LOAN0000394,CUST0000050,2022-05-22,2022-05-20,566.23,566.23,0.0,On-time
PAY0001336,LOAN0000012,CUST0000725,2024-01-21,2024-01-19,607.42,607.42,0.0,On-time
PAY0001337,LOAN0000196,CUST0000862,2026-06-17,2026-06-16,272.29,272.29,0.0,On-time
PAY0001338,LOAN0000136,CUST0000678,2022-05-14,,62.52,0.0,,Missed
PAY0001339,LOAN0000484,CUST0000147,2026-05-21,,133.74,,,Missed
PAY0001340,LOAN0000078,CUST0000726,2024-11-21,2024-11-21,1123.26,1123.26,0.0,On-time
PAY0001341,LOAN0000416,CUST0000611,2023-06-08,2023-06-07,21.6,21.6,0.0,On-time
PAY0001342,LOAN0000058,CUST0000978,2024-06-19,2024-06-19,909.7,909.7,0.0,On-time
PAY0001343,LOAN0000233,CUST0000781,2026-03-24,2026-03-24,2150.27,-2150.27,0.0,On-time
PAY0001344,LOAN0000081,CUST0000682,2025-05-20,2025-05-20,377.89,377.89,0.0,On-time
PAY0001345,LOAN0000043,CUST0000911,2025-09-07,2025-09-06,304.1,304.1,0.0,On-time
PAY0001346,LOAN0000311,CUST0000689,2024-04-23,2024-04-21,184.19,184.19,0.0,On-time
PAY0001347,LOAN0000156,CUST0000047,2024-02-13,2024-02-13,19.97,19.97,0.0,On-time
PAY0001348,LOAN0000156,CUST0000047,2024-05-14,2024-05-13,19.97,19.97,0.0,On-time
PAY0001349,LOAN0000249,CUST0000632,2025-01-10,2025-01-08,1134.85,1134.85,0.0,On Time
PAY0001350,LOAN0000499,CUST0000110,2026-04-02,2026-04-30,435.21,435.21,28.0,Late
PAY0001351,LOAN0000362,CUST0000964,2023-12-24,2023-12-23,924.47,-924.47,0.0,On-time
PAY0001352,LOAN0000266,CUST0000220,2026-08-11,2026-08-11,324.19,324.19,0.0,On-time
PAY0001353,LOAN0000132,CUST0000669,2025-12-16,2025-12-15,628.47,628.47,0.0,On-time
PAY0001354,LOAN0000074,CUST0000096,2025-08-07,2025-08-07,325.95,-325.95,0.0,On-time
PAY0001355,LOAN0000084,CUST0000835,2025-12-02,2025-11-30,1480.27,1480.27,0.0,On-time
PAY0001356,LOAN0000207,CUST0000383,2024-04-16,,935.64,0.0,,Missed
PAY0001357,LOAN0000484,CUST0000147,2026-08-20,2026-08-18,133.74,133.74,0.0,On-time
PAY0001358,LOAN0000490,CUST0000017,2024-12-26,2024-12-24,265.48,265.48,0.0,On-time
PAY0001359,LOAN0000012,CUST0000725,2023-09-21,2023-09-21,607.42,607.42,0.0,On-time
PAY0001360,LOAN0000070,CUST0000916,2025-01-20,2025-01-20,592.68,592.68,0.0,On-time
PAY0001361,LOAN0000318,CUST0000451,2023-09-13,2023-09-28,1389.25,1389.25,15.0,Late
PAY0001362,LOAN0000310,CUST0000432,2026-05-24,,362.83,0.0,,Missed
PAY0001363,LOAN0000381,CUST0000477,2026-07-09,2026-08-02,1402.35,1402.35,24.0,Late
PAY0001364,LOAN0000396,CUST0000533,2026-07-12,2026-07-10,668.92,668.92,0.0,On Time
PAY0001365,LOAN0000461,CUST0000893,2026-01-24,2026-01-23,13.08,13.08,0.0,On-time
PAY0001366,LOAN0000243,CUST0000094,2026-05-10,2026-06-23,227.16,227.16,44.0,Late
PAY0001367,LOAN0000333,CUST0000449,2025-02-07,2025-02-07,427.8,427.8,0.0,On-time
PAY0001368,LOAN0000547,CUST0000422,2026-08-19,2026-08-18,244.53,244.53,0.0,On-time
PAY0001369,LOAN0000371,CUST0000522,2022-11-05,2022-11-04,1425.12,1425.12,0.0,On-time
PAY0001370,LOAN0000403,CUST0000115,2025-04-20,2025-04-18,43.28,43.28,0.0,On-time
PAY0001371,LOAN0000251,CUST0000975,2026-05-28,2026-05-26,793.09,793.09,0.0,On-time
PAY0001372,LOAN0000151,CUST0000118,2023-09-01,2023-09-01,226.17,226.17,0.0,On-time
PAY0001373,LOAN0000362,CUST0000964,2025-11-23,2025-11-23,924.47,924.47,0.0,On-time
PAY0001374,LOAN0000371,CUST0000522,2024-04-05,2024-04-05,1425.12,1425.12,0.0,On-time
PAY0001375,LOAN0000026,CUST0000233,2024-11-15,2024-12-06,1026.87,1026.87,21.0,Late
PAY0001376,LOAN0000076,CUST0000869,2026-03-29,2026-03-27,241.76,241.76,0.0,On-time
PAY0001377,LOAN0000444,CUST0000147,2026-06-04,2026-06-04,195.17,195.17,0.0,On-time
PAY0001378,LOAN0000528,CUST0000832,2023-05-04,2023-05-02,436.3,436.3,0.0,On-time
PAY0001379,LOAN0000345,CUST0000724,2023-07-27,2023-07-25,906.51,906.51,0.0,On-time
PAY0001380,LOAN0000142,CUST0000897,2024-04-20,2024-04-19,459.08,459.08,0.0,On-time
PAY0001381,LOAN0000229,CUST0000179,2025-03-05,2025-03-03,41.64,41.64,0.0,On-time
PAY0001382,LOAN0000132,CUST0000669,2026-08-16,2026-08-15,628.47,628.47,0.0,On-time
PAY0001383,LOAN0000154,CUST0000605,2024-09-06,2024-09-05,218.73,164.1,0.0,Partial
PAY0001384,LOAN0000476,CUST0000898,2025-11-17,2025-11-17,642.92,642.92,0.0,On-time
PAY0001385,LOAN0000215,CUST0000448,2023-05-14,2023-05-14,1912.74,1912.74,0.0,On-time
PAY0001386,LOAN0000439,CUST0000280,2024-07-22,,216.4,0.0,,Missed
PAY0001387,LOAN0000485,CUST0000678,2024-03-02,2024-03-02,174.48,174.48,0.0,On-time
PAY0001388,LOAN0000223,CUST0000379,2025-09-05,2025-09-05,176.49,176.49,0.0,On-time
PAY0001389,LOAN0000122,CUST0000253,2022-09-03,2022-09-02,559.32,559.32,0.0,On-time
PAY0001390,LOAN0000558,CUST0000843,2024-04-23,2024-04-21,115.54,115.54,0.0,On-time
PAY0001391,LOAN0000275,CUST0000306,2024-04-15,2024-04-15,384.84,384.84,0.0,On-time
PAY0001392,LOAN0000108,CUST0000303,2025-12-30,2025-12-29,115.22,115.22,0.0,On-time
PAY0001393,LOAN0000555,CUST0000407,2024-04-30,2024-06-05,109.67,109.67,36.0,Late
PAY0001394,LOAN0000270,CUST0000115,2026-05-17,2026-05-16,188.1,188.1,0.0,On-time
PAY0001395,LOAN0000500,CUST0000918,2024-06-15,2024-06-14,199.95,199.95,0.0,On-time
PAY0001396,LOAN0000160,CUST0000148,2024-05-16,2024-05-16,76.44,76.44,0.0,On-time
PAY0001397,LOAN0000286,CUST0000607,2025-10-22,2025-10-21,448.57,379.66,0.0,Partial
PAY0001398,LOAN0000512,CUST0000817,2025-05-15,2025-05-15,915.62,915.62,0.0,On-time
PAY0001399,LOAN0000070,CUST0000916,2025-06-21,2025-07-04,592.68,592.68,13.0,Late
PAY0001400,LOAN0000450,CUST0000307,2024-08-02,2024-08-02,205.25,147.76,0.0,Partial
PAY0001401,LOAN0000054,CUST0000039,2026-05-29,2026-07-08,1066.58,1066.58,40.0,Late
PAY0001402,LOAN0000154,CUST0000605,2025-01-06,2025-01-05,218.73,218.73,0.0,On-time
PAY0001403,LOAN0000176,CUST0000098,2025-06-28,,654.28,654.28,0.0,On-time
PAY0001404,LOAN0000481,CUST0000429,2024-01-04,2024-01-02,227.01,227.01,0.0,On-time
PAY0001405,LOAN0000406,CUST0000519,2024-01-08,2024-01-08,179.61,179.61,0.0,On-time
PAY0001406,LOAN0000353,CUST0000832,2022-05-31,2022-05-30,1665.78,1665.78,0.0,On-time
PAY0001407,LOAN0000585,CUST0000929,2026-05-16,2026-06-11,2744.63,2744.63,26.0,Late
PAY0001408,LOAN0000272,CUST0000177,2023-03-02,2022-02-21,248.57,248.57,0.0,On-time
PAY0001409,LOAN0000294,CUST0000925,2023-09-09,2023-09-07,452.0,452.0,0.0,On-time
PAY0001410,LOAN0000463,CUST0000684,2024-08-31,2024-08-30,397.2,397.2,0.0,On-time
PAY0001411,LOAN0000025,CUST0000636,2025-10-30,2025-10-29,398.64,398.64,0.0,On-time
PAY0001412,LOAN0000188,CUST0000979,2024-02-09,,349.2,0.0,,Missed
PAY0001413,LOAN0000111,CUST0000196,2026-05-08,2026-05-07,640.44,640.44,0.0,On-time
PAY0001414,LOAN0000392,CUST0000563,2024-01-25,2024-01-25,643.1,643.1,0.0,On-time
PAY0001415,LOAN0000099,CUST0000232,2025-08-14,,124.7,124.7,0.0,On-time
PAY0001416,LOAN0000255,CUST0000491,2025-10-07,2025-10-06,379.26,379.26,0.0,On-time
PAY0001417,LOAN0000580,CUST0000130,2025-02-13,2025-02-13,5371.95,5371.95,0.0,On-time
PAY0001418,LOAN0000042,CUST0000954,2023-09-21,2023-09-21,518.03,518.03,0.0,On-time
PAY0001419,LOAN0000111,CUST0000196,2025-06-07,2025-06-07,640.44,640.44,0.0,On-time
PAY0001420,LOAN0000189,CUST0000937,2026-04-06,2026-04-12,1267.39,1267.39,6.0,Late
PAY0001421,LOAN0000464,CUST0000434,2025-11-02,2025-12-12,368.61,368.61,40.0,Late
PAY0001422,LOAN0000343,CUST0000618,2024-09-03,2024-09-01,2825.66,,0.0,On-time
PAY0001423,LOAN0000315,CUST0000259,2022-01-29,2022-01-28,962.31,962.31,0.0,On-time
PAY0001424,LOAN9807597,CUST0000225,2023-12-26,2023-12-25,214.19,214.19,0.0,On-time
PAY0001425,LOAN0000349,CUST0000776,2026-03-10,2026-03-08,367.15,367.15,0.0,On-time
PAY0001426,LOAN0000591,CUST0000472,2026-07-23,2026-07-22,173.16,97.76,0.0,Partial
PAY0001427,LOAN0000434,CUST0000010,2024-11-04,,237.04,0.0,,Missed
PAY0001428,LOAN0000536,CUST0000581,2024-08-16,2024-08-16,246.77,246.77,0.0,On-time
PAY0001429,LOAN0000120,CUST0000484,2026-02-12,2026-02-10,316.36,316.36,0.0,On-time
PAY0001430,LOAN0000060,CUST0000626,2026-08-03,2026-08-03,25.65,25.65,0.0,On-time
PAY0001431,LOAN0000179,CUST0000796,2024-05-25,2024-05-25,76.24,76.24,0.0,On-time
PAY0001432,LOAN0000138,CUST0000052,2026-01-03,2026-01-01,332.64,332.64,0.0,On-time
PAY0001433,LOAN0000235,CUST0000767,2026-04-04,2026-04-02,1358.58,513.2,0.0,Partial
PAY0001434,LOAN0000318,CUST0000451,2024-06-13,2024-06-11,1389.25,1389.25,0.0,On-time
PAY0001435,LOAN0000087,CUST0000889,2025-05-06,2025-05-04,286.79,286.79,0.0,On-time
PAY0001436,LOAN0000282,CUST0000724,2024-04-23,2024-04-21,67.12,67.12,0.0,On-time
PAY0001437,LOAN0000073,CUST0000266,2024-09-05,2024-09-03,101.83,101.83,0.0,On-time
PAY0001438,LOAN0000171,CUST0000710,2026-02-01,2026-01-31,119.92,119.92,0.0,On-time
PAY0001439,LOAN0000144,CUST0000143,2024-07-17,,184.57,0.0,,Missed
PAY0001440,LOAN0000300,CUST0000058,2026-07-18,2026-07-18,2887.49,2887.49,0.0,On-time
PAY0001441,LOAN0000353,CUST0000832,2022-04-30,2022-06-01,1665.78,1665.78,32.0,Late
PAY0001442,LOAN0000136,CUST0000678,2022-08-13,2022-08-12,62.52,62.52,0.0,On-time
PAY0001443,LOAN0000176,CUST0000098,2025-12-28,2025-12-27,654.28,654.28,0.0,On-time
PAY0001444,LOAN0000205,CUST0000080,2024-04-26,2024-05-12,709.8,709.8,16.0,Late
PAY0001445,LOAN0000354,CUST0000677,2025-02-09,2025-03-08,103.03,,27.0,Late
PAY0001446,LOAN0000470,CUST0000725,2024-02-02,2024-01-31,241.98,241.98,0.0,On-time
PAY0001447,LOAN0000209,CUST0000225,2025-08-07,2025-08-07,295.37,295.37,0.0,On-time
PAY0001448,LOAN0000211,CUST0000060,2025-02-24,2025-02-22,609.68,609.68,0.0,On-time
PAY0001449,LOAN0000207,CUST0000383,2024-09-15,2024-09-14,935.64,935.64,0.0,On-time
PAY0001450,LOAN0000090,CUST0000721,2024-06-20,2024-06-19,213.64,213.64,0.0,On-time
PAY0001451,LOAN0000333,CUST0000449,2025-10-09,2025-10-07,427.8,427.8,0.0,On-time
PAY0001452,LOAN0000199,CUST0000422,2023-01-27,2023-01-26,225.67,225.67,0.0,On-time
PAY0001453,LOAN0000153,CUST0000245,2025-03-24,,313.95,0.0,,Missed
PAY0001454,LOAN0000090,CUST0000721,2025-08-20,2025-08-20,213.64,213.64,0.0,On-time
PAY0001455,LOAN0000522,CUST0000507,2024-04-03,,1893.28,1893.28,0.0,On-time
PAY0001456,LOAN0000418,CUST0000918,2022-08-11,2022-08-10,86.17,86.17,0.0,OK
PAY0001457,LOAN0000162,CUST0000866,2025-08-18,2025-09-29,533.21,533.21,42.0,Late
PAY0001458,LOAN0000249,CUST0000632,2025-06-11,2025-06-10,1134.85,1134.85,0.0,On-time
PAY0001459,LOAN0000354,CUST0000677,2025-11-10,2025-11-08,103.03,103.03,0.0,On-time
PAY0001460,LOAN0000041,CUST0000778,2025-06-12,2025-06-17,450.04,450.04,5.0,Late
PAY0001461,LOAN0000063,CUST0000024,2025-12-18,2025-12-16,101.19,101.19,0.0,On-time
PAY0001462,LOAN0000102,CUST0000551,2024-05-21,2024-05-19,635.91,635.91,0.0,On-time
PAY0001463,LOAN0000306,CUST0000956,2025-05-05,2025-05-07,605.15,605.15,2.0,Late
PAY0001464,LOAN0000202,CUST0000060,2023-07-23,,65.87,0.0,,Missed
PAY0001465,LOAN0000028,CUST0000016,2023-12-22,2023-12-20,196.9,196.9,0.0,On-time
PAY0001466,LOAN0000205,CUST0000080,2024-01-26,2024-01-25,709.8,-709.8,0.0,On-time
PAY0001467,LOAN0000485,CUST0000678,2025-03-02,2025-02-28,174.48,174.48,0.0,On-time
PAY0001468,LOAN0000428,CUST0000264,2025-11-03,2025-11-02,182.59,182.59,0.0,On-time
PAY0001469,LOAN0000002,CUST0000552,2025-08-01,2025-07-30,38.11,38.11,0.0,On-time
PAY0001470,LOAN0000144,CUST0000143,2022-12-17,,184.57,0.0,,Missed
PAY0001471,LOAN0000338,CUST0000083,2023-11-30,2023-11-29,1081.84,1081.84,0.0,On-time
PAY0001472,LOAN0000547,CUST0000422,2025-11-18,2025-11-16,244.53,244.53,0.0,On-time
PAY0001473,LOAN0000227,CUST0000949,2026-04-18,2026-04-18,213.21,213.21,0.0,On-time
PAY0001474,LOAN0000207,CUST0000383,2024-10-16,2024-10-14,935.64,-935.64,0.0,On-time
PAY0001475,LOAN0000319,CUST0000112,2025-06-03,2025-06-03,132.31,132.31,0.0,On-time
PAY0001476,LOAN0000574,CUST0000356,2025-03-03,2025-03-01,2031.77,2031.77,0.0,On-time
PAY0001477,LOAN0000137,CUST0000463,2025-12-19,2025-12-19,1149.63,1149.63,0.0,On-time
PAY0001478,LOAN0000567,CUST0000627,2023-04-29,2023-04-29,73.42,,0.0,On-time
PAY0001479,LOAN0000168,CUST0000850,2025-01-30,2025-01-30,487.76,487.76,0.0,On-time
PAY0001480,LOAN0000584,CUST0000129,2026-06-06,2026-06-06,135.36,,0.0,On-time
PAY0001481,LOAN0000587,CUST0000313,2023-09-24,2023-09-23,268.66,268.66,0.0,On-time
PAY0001482,LOAN0000456,CUST0000220,2022-11-05,2022-11-03,204.09,204.09,0.0,On-time
PAY0001483,LOAN0000259,CUST0000175,2025-10-23,2025-10-23,393.56,393.56,0.0,On-time
PAY0001484,LOAN0000152,CUST0000805,2026-08-16,2026-08-15,546.78,546.78,0.0,On-time
PAY0001485,LOAN0000174,CUST0000976,2025-12-11,2025-12-11,2107.17,2107.17,0.0,On-time
PAY0001486,LOAN0000576,CUST0000001,2024-09-03,2024-10-08,341.13,341.13,35.0,Late
PAY0001487,LOAN0000090,CUST0000721,2023-01-20,2023-01-18,213.64,213.64,0.0,On-time
PAY0001488,LOAN0000054,CUST0000039,2025-10-27,2025-10-27,1066.58,1066.58,0.0,On-time
PAY0001489,LOAN0000102,CUST0000551,2022-06-21,2022-06-21,635.91,635.91,0.0,On-time
PAY0001490,LOAN0000031,CUST0000787,2023-09-18,2023-09-18,1194.04,1194.04,0.0,On-time
PAY0001491,LOAN0000180,CUST0000371,2026-04-11,2026-04-09,422.07,422.07,0.0,On-time
PAY0001492,LOAN0000399,CUST0000797,2023-10-22,2023-10-20,375.73,375.73,0.0,On-time
PAY0001493,LOAN0000195,CUST0000180,2024-06-12,2024-06-10,504.44,504.44,0.0,On-time
PAY0001494,LOAN0000569,CUST0000182,2026-05-28,,206.03,0.0,,Missed
PAY0001495,LOAN0000071,CUST0000250,2026-03-23,2026-03-23,190.79,190.79,0.0,On-time
PAY0001496,LOAN0000205,CUST0000080,2024-09-26,2024-09-25,709.8,709.8,0.0,On-time
PAY0001497,LOAN0000362,CUST0000964,2025-08-24,2025-08-22,924.47,309.69,0.0,Partial
PAY0001498,LOAN0000539,CUST0000693,2025-01-01,2024-12-30,180.07,180.07,0.0,On-time
PAY0001499,LOAN0000147,CUST0000364,2025-01-26,2025-01-25,150.55,150.55,0.0,On-time
PAY0001500,LOAN0000556,CUST0000773,2025-12-20,2025-12-18,76.7,76.7,0.0,On-time
PAY0001501,LOAN0000160,CUST0000148,2024-11-15,2024-11-15,76.44,76.44,0.0,On-time
PAY0001502,LOAN0000350,CUST0000987,2025-03-18,2025-03-17,1972.9,1972.9,0.0,On-time
PAY0001503,LOAN0000282,CUST0000724,2026-02-22,2026-02-21,67.12,67.12,0.0,On-time
PAY0001504,LOAN0000266,CUST0000220,2024-07-11,2024-07-10,324.19,324.19,0.0,On-time
PAY0001505,LOAN0000090,CUST0000721,2025-07-21,2025-07-21,213.64,84.73,0.0,Partial
PAY0001506,LOAN0000271,CUST0000310,2022-05-02,2022-04-30,1002.33,1002.33,0.0,On-time
PAY0001507,LOAN0000216,CUST0000899,2024-11-19,2024-11-17,545.77,545.77,0.0,OK
PAY0001508,LOAN0000578,CUST0000916,2025-12-31,2025-12-29,335.27,335.27,0.0,On-time
PAY0001509,LOAN0000465,CUST0000519,2025-05-09,2025-05-09,121.1,121.1,0.0,On-time
PAY0001510,LOAN0000033,CUST0000373,2025-05-22,2025-05-22,2390.38,2390.38,0.0,On-time
PAY0001511,LOAN0000458,CUST0000426,2026-08-12,2026-08-12,139.78,115.07,0.0,Partial
PAY0001512,LOAN0000051,CUST0000838,2023-09-22,2023-09-20,1474.03,1474.03,0.0,On-time
PAY0001513,LOAN0000132,CUST0000669,2026-01-15,2026-01-15,628.47,628.47,0.0,On-time
PAY0001514,LOAN0000071,CUST0000250,2025-10-22,2025-11-04,190.79,190.79,13.0,Late
PAY0001515,LOAN0000511,CUST0000465,2025-10-17,,839.55,0.0,,Missed
PAY0001516,LOAN0000255,CUST0000491,2024-07-07,,379.26,,,Missed
PAY0001517,LOAN0000570,CUST0000530,2026-04-27,2026-04-25,390.97,390.97,0.0,On-time
PAY0001518,LOAN0000484,CUST0000147,2025-10-20,2025-10-18,133.74,133.74,0.0,On-time
PAY0001519,LOAN0000449,CUST0000617,2023-08-18,2023-08-17,464.05,464.05,0.0,On-time
PAY0001520,LOAN0000194,CUST0000341,2025-09-08,2025-09-06,1014.07,1014.07,0.0,On-time
PAY0001521,LOAN0000478,CUST0000586,2025-09-15,2025-09-13,382.05,382.05,0.0,On-time
PAY0001522,LOAN0000134,CUST0000241,2026-06-06,2026-06-06,373.64,373.64,0.0,On-time
PAY0001523,LOAN0000465,CUST0000519,2026-08-09,2026-08-09,121.1,121.1,0.0,On-time
PAY0001524,LOAN0000566,CUST0000236,2024-03-31,2024-03-31,205.31,205.31,0.0,On-time
PAY0001525,LOAN0000015,CUST0000311,2026-03-07,2026-03-05,188.87,188.87,0.0,On-time
PAY0001526,LOAN0000271,CUST0000310,2025-10-01,2025-09-29,1002.33,1002.33,0.0,On-time
PAY0001527,LOAN0000051,CUST0000838,2024-05-23,2024-05-21,1474.03,1474.03,0.0,On-time
PAY0001528,LOAN0000491,CUST0000360,2025-09-11,2025-09-10,1483.2,1483.2,0.0,On-time
PAY0001529,LOAN0000332,CUST0000127,2024-12-04,2024-12-04,119.33,119.33,0.0,On-time
PAY0001530,LOAN0000528,CUST0000832,2024-04-03,2024-04-02,436.3,436.3,0.0,On-time
PAY0001531,LOAN0000592,CUST0000786,2025-02-02,2025-02-02,979.05,979.05,0.0,On-time
PAY0001532,LOAN0000085,CUST0000020,2023-09-09,2023-09-09,1832.83,1832.83,0.0,On-time
PAY0001533,LOAN0000225,CUST0000127,2026-03-16,2026-03-16,70.31,70.31,0.0,On-time
PAY0001534,LOAN0000206,CUST0000997,2024-12-24,,153.63,0.0,,NSF
PAY0001535,LOAN0000470,CUST0000725,2023-03-04,2023-03-02,241.98,241.98,0.0,On-time
PAY0001536,LOAN0000407,CUST0000624,2025-01-21,2025-01-19,250.13,125.95,0.0,Partial
PAY0001537,LOAN0000044,CUST0000363,2024-02-02,2024-02-01,1557.81,1557.81,0.0,On-time
PAY0001538,LOAN0000016,CUST0000359,2025-02-12,2025-02-11,424.63,424.63,0.0,On-time
PAY0001539,LOAN0000422,CUST0000388,2025-01-13,2025-01-13,394.51,394.51,0.0,On-time
PAY0001540,LOAN0000497,CUST0000929,2023-06-11,2023-07-19,891.0,891.0,38.0,Late
PAY0001541,LOAN0000583,CUST0000516,2026-05-28,2026-05-28,843.06,843.06,0.0,On-time
PAY0001542,LOAN0000090,CUST0000721,2023-08-21,,213.64,0.0,,Missed
PAY0001543,LOAN0000003,CUST0000556,2025-07-14,2025-07-14,1906.25,1906.25,0.0,On-time
PAY0001544,LOAN0000279,CUST0000696,2026-07-25,2026-07-24,28.99,28.99,0.0,On-time
PAY0001545,LOAN0000451,CUST0000882,2024-04-19,2024-04-19,324.24,324.24,0.0,On-time
PAY0001546,LOAN0000152,CUST0000805,2025-12-16,,546.78,0.0,,Missed
PAY0001547,LOAN0000556,CUST0000773,2026-01-20,,76.7,0.0,,Missed
PAY0001548,LOAN0000368,CUST0000389,2026-04-20,2026-04-20,207.2,207.2,0.0,On-time
PAY0001549,LOAN0000481,CUST0000429,2023-11-04,2023-11-02,227.01,227.01,0.0,On-time
PAY0001550,LOAN0000160,CUST0000148,2024-08-15,2024-08-15,76.44,76.44,0.0,On-time
PAY0001551,LOAN0000304,CUST0000594,2025-06-22,2025-06-21,284.1,284.1,0.0,On-time
PAY0001552,LOAN0000005,CUST0000678,2025-07-30,,25.92,0.0,,Missed
PAY0001553,LOAN0000187,CUST0000518,2025-01-06,2025-02-09,201.21,-201.21,34.0,Late
PAY0001554,LOAN0000216,CUST0000899,2026-07-21,2026-07-21,545.77,545.77,0.0,On-time
PAY0001555,LOAN0000190,CUST0000337,2026-02-25,2026-02-25,293.17,293.17,0.0,On-time
PAY0001556,LOAN0000380,CUST0000036,2024-11-27,2024-11-25,719.07,719.07,0.0,On-time
PAY0001557,LOAN0000192,CUST0000222,2023-06-13,2023-06-12,834.2,834.2,0.0,On-time
PAY0001558,LOAN0000039,CUST0000941,2023-08-25,2023-08-25,1194.92,1194.92,0.0,On-time
PAY0001559,LOAN0000180,CUST0000371,2026-08-11,2026-09-21,422.07,422.07,41.0,Late
PAY0001560,LOAN0000167,CUST0000260,2024-08-07,2024-09-10,974.84,974.84,34.0,Late
PAY0001561,LOAN0000249,CUST0000632,2026-08-11,2026-08-11,1134.85,1134.85,0.0,On-time
PAY0001562,LOAN0000104,CUST0000488,2024-04-25,2024-04-25,199.65,199.65,0.0,On-time
PAY0001563,LOAN0000046,CUST0000361,2024-10-17,2024-10-17,1162.93,1162.93,0.0,On-time
PAY0001564,LOAN0000159,CUST0000902,2024-01-22,2024-01-22,47.23,47.23,0.0,On-time
PAY0001565,LOAN0000334,CUST0000824,2026-04-06,2026-04-06,98.19,98.19,0.0,ON-TIME
PAY0001566,LOAN0000560,CUST0000074,2026-08-23,2026-10-04,224.75,224.75,42.0,Late
PAY0001567,LOAN0000193,CUST0000003,2023-04-27,2023-04-27,466.75,466.75,0.0,On-time
PAY0001568,LOAN0000593,CUST0000684,2023-12-10,2023-12-08,300.58,300.58,0.0,On-time
PAY0001569,LOAN0000309,CUST0000107,2024-12-10,2024-12-10,3173.09,3173.09,0.0,On-time
PAY0001570,LOAN0000403,CUST0000115,2024-04-19,2024-04-18,43.28,43.28,0.0,On-time
PAY0001571,LOAN0000563,CUST0000281,2025-02-21,2025-02-20,1609.44,1609.44,0.0,On-time
PAY0001572,LOAN0000232,CUST0000762,2026-03-24,2026-03-23,30.32,30.32,0.0,On-time
PAY0001573,LOAN0000028,CUST0000016,2026-08-22,2026-08-21,196.9,196.9,0.0,On-time
PAY0001574,LOAN0000156,CUST0000047,2024-12-13,2024-12-11,19.97,19.97,0.0,On-time
PAY0001575,LOAN0000063,CUST0000024,2026-06-19,2026-06-19,101.19,101.19,0.0,On-time
PAY0001576,LOAN0000468,CUST0000469,2026-07-11,2026-07-11,418.52,418.52,0.0,On-time
PAY0001577,LOAN0000092,CUST0000314,2024-04-01,2024-04-01,657.71,657.71,0.0,OK
PAY0001578,LOAN0000034,CUST0000621,2026-03-13,2026-03-12,145.27,145.27,0.0,On-time
PAY0001579,LOAN0000209,CUST0000225,2025-05-07,2025-05-06,295.37,154.84,0.0,Partial
PAY0001580,LOAN0000047,CUST0000212,2026-04-15,2026-04-13,199.31,199.31,0.0,On-time
PAY0001581,LOAN0000058,CUST0000978,2022-07-19,2022-07-18,909.7,909.7,0.0,On-time
PAY0001582,LOAN0000402,CUST0000072,2025-07-03,2025-07-01,158.38,158.38,0.0,On-time
PAY0001583,LOAN0000132,CUST0000669,2024-12-15,2024-12-15,628.47,628.47,0.0,On-time
PAY0001584,LOAN0000232,CUST0000762,2024-06-23,2024-07-21,30.32,30.32,28.0,Late
PAY0001585,LOAN0000442,CUST0000745,2023-07-05,2023-07-03,250.74,250.74,0.0,On-time
PAY0001586,LOAN0000067,CUST0000465,2026-06-08,2026-06-13,433.6,433.6,5.0,Late
PAY0001587,LOAN0000131,CUST0000115,2026-02-03,2026-02-01,62.49,62.49,0.0,On-time
PAY0001588,LOAN0000412,CUST0000828,2024-02-03,2024-02-03,1316.93,-1316.93,0.0,On-time
PAY0001589,LOAN0000318,CUST0000451,2022-10-13,2022-10-13,1389.25,1389.25,0.0,On-time
PAY0001590,LOAN0000584,CUST0000129,2024-03-06,2024-03-16,135.36,135.36,10.0,Late
PAY0001591,LOAN0000120,CUST0000484,2023-07-14,2023-07-13,316.36,316.36,0.0,On-time
PAY0001592,LOAN0000168,CUST0000850,2024-11-30,2024-11-29,487.76,487.76,0.0,On-time
PAY0001593,LOAN0000271,CUST0000310,2025-09-01,2025-08-30,1002.33,,0.0,On-time
PAY0001594,LOAN0000440,CUST0000395,2023-10-23,2023-10-23,555.31,555.31,0.0,On-time
PAY0001595,LOAN0000292,CUST0000778,2023-02-17,2023-03-28,3468.2,3468.2,39.0,Late
PAY0001596,LOAN0000326,CUST0000348,2025-01-16,2025-01-16,1372.24,1372.24,0.0,On-time
PAY0001597,LOAN0000089,CUST0000928,2025-07-18,2025-07-31,258.83,258.83,13.0,Late
PAY0001598,LOAN0000353,CUST0000832,2022-06-30,2022-06-28,1665.78,1665.78,0.0,On-time
PAY0001599,LOAN0000189,CUST0000937,2025-11-04,2025-11-02,1267.39,1267.39,0.0,On-time
PAY0001600,LOAN0000142,CUST0000897,2024-09-20,,459.08,0.0,,Missed
PAY0001601,LOAN0000544,CUST0000897,2024-12-05,2024-12-04,1086.9,1086.9,0.0,On-time
PAY0001602,LOAN0000403,CUST0000115,2025-05-20,2025-05-18,43.28,43.28,0.0,On-time
PAY0001603,LOAN0000059,CUST0000961,2023-09-23,2023-09-21,1372.66,1372.66,0.0,On-time
PAY0001604,LOAN0000567,CUST0000627,2025-06-28,2025-06-26,73.42,-73.42,0.0,On-time
PAY0001605,LOAN0000144,CUST0000143,2023-03-18,2023-03-17,184.57,184.57,0.0,On-time
PAY0001606,LOAN0000268,CUST0000062,2025-01-05,2025-01-04,60.75,60.75,0.0,On-time
PAY0001607,LOAN0000103,CUST0000671,2026-03-30,2026-03-30,280.45,280.45,0.0,On-time
PAY0001608,LOAN0000553,CUST0000515,2025-10-26,2025-10-24,108.09,108.09,0.0,On-time
PAY0001609,LOAN0000243,CUST0000094,2024-05-09,2024-05-08,227.16,227.16,0.0,On-time
PAY0001610,LOAN0000027,CUST0000457,2022-03-22,2022-03-20,240.0,240.0,0.0,On-time
PAY0001611,LOAN0000350,CUST0000987,2024-07-17,2024-07-16,1972.9,1972.9,0.0,On-time
PAY0001612,LOAN0000114,CUST0000879,2025-09-22,2025-09-22,203.52,203.52,0.0,On-time
PAY0001613,LOAN0000192,CUST0000222,2024-08-13,2024-08-12,834.2,834.2,0.0,On-time
PAY0001614,LOAN0000464,CUST0000434,2025-12-03,2025-12-03,368.61,368.61,0.0,On-time
PAY0001615,LOAN0000442,CUST0000745,2026-07-05,2026-07-04,250.74,250.74,0.0,On-time
PAY0001616,LOAN0000537,CUST0000611,2026-08-05,2026-09-16,29.05,29.05,42.0,Late
PAY0001617,LOAN0000051,CUST0000838,2025-07-23,2025-07-21,1474.03,1474.03,0.0,On-time
PAY0001618,LOAN0000085,CUST0000020,2023-05-10,2023-05-10,1832.83,1832.83,0.0,On-time
PAY0001619,LOAN0000043,CUST0000911,2026-03-09,2026-04-17,304.1,304.1,39.0,Late
PAY0001620,LOAN0000232,CUST0000762,2026-06-23,,30.32,0.0,,Missed
PAY0001621,LOAN0000589,CUST0000517,2026-03-02,,611.86,0.0,,Missed
PAY0001622,LOAN0000350,CUST0000987,2023-08-17,2023-08-16,1972.9,1972.9,0.0,On-time
PAY0001623,LOAN0000250,CUST0000398,2026-02-28,2026-02-28,194.67,194.67,0.0,On-time
PAY0001624,LOAN0000279,CUST0000696,2025-03-25,2025-04-25,28.99,28.99,31.0,Late
PAY0001625,LOAN0000329,CUST0000886,2024-06-06,2024-06-05,1126.34,1126.34,0.0,On-time
PAY0001626,LOAN0000153,CUST0000245,2026-06-24,2026-06-22,313.95,313.95,0.0,On-time
PAY0001627,LOAN0000464,CUST0000434,2026-03-04,2026-03-03,368.61,368.61,0.0,On-time
PAY0001628,LOAN0000243,CUST0000094,2025-03-10,2025-03-09,227.16,227.16,0.0,On-time
PAY0001629,LOAN0000583,CUST0000516,2023-04-28,2023-04-28,843.06,843.06,0.0,On-time
PAY0001630,LOAN0000342,CUST0000666,2026-01-10,2026-01-16,103.82,103.82,6.0,Late
PAY0001631,LOAN0000472,CUST0000609,2026-03-12,2026-03-12,666.25,666.25,0.0,On-time
PAY0001632,LOAN0000519,CUST0000619,2023-06-24,2023-06-24,150.47,150.47,0.0,On-time
PAY0001633,LOAN0000253,CUST0000066,2023-07-24,,384.38,0.0,,Missed
PAY0001634,LOAN0000057,CUST0000816,2025-08-25,2025-08-24,441.62,217.23,0.0,Partial
PAY0001635,LOAN0000132,CUST0000669,2025-07-16,,628.47,0.0,,Missed
PAY0001636,LOAN0000490,CUST0000017,2025-03-28,,265.48,0.0,,Missed
PAY0001637,LOAN0000098,CUST0000913,2024-11-27,2024-11-25,205.08,205.08,0.0,On-time
PAY0001638,LOAN0000416,CUST0000611,2023-09-07,2023-09-16,21.6,21.6,9.0,Late
PAY0001639,LOAN0000062,CUST0000397,2024-10-30,,309.46,0.0,,Missed
PAY0001640,LOAN0000559,CUST0000824,2025-02-28,2025-02-27,176.29,176.29,0.0,On-time
PAY0001641,LOAN0000120,CUST0000484,2025-05-14,2025-05-14,316.36,316.36,0.0,On-time
PAY0001642,LOAN0000451,CUST0000882,2023-10-20,2023-10-20,324.24,324.24,0.0,On-time
PAY0001643,LOAN0000462,CUST0000397,2026-02-28,,660.43,0.0,,Missed
PAY0001644,LOAN0000587,CUST0000313,2025-07-24,2025-07-22,268.66,268.66,0.0,On-time
PAY0001645,LOAN0000434,CUST0000010,2024-07-06,2024-07-06,237.04,237.04,0.0,On-time
PAY0001646,LOAN0000511,CUST0000465,2026-04-18,2026-04-16,839.55,,0.0,On-time
PAY0001647,LOAN0000318,CUST0000451,2023-10-13,2023-10-11,1389.25,1389.25,0.0,On-time
PAY0001648,LOAN0000263,CUST0000966,2025-10-10,2025-10-08,460.72,460.72,0.0,On-time
PAY0001649,LOAN0000583,CUST0000516,2022-05-28,2022-06-30,843.06,843.06,33.0,Late
PAY0001650,LOAN0000541,CUST0000470,2025-07-30,2025-07-29,1284.91,1284.91,0.0,On-time
PAY0001651,LOAN0000058,CUST0000978,2024-09-18,2024-09-16,909.7,909.7,0.0,On-time
PAY0001652,LOAN0000071,CUST0000250,2022-08-22,2022-09-09,190.79,190.79,18.0,Late
PAY0001653,LOAN0000100,CUST0000084,2025-12-23,2025-12-22,1277.87,1277.87,0.0,On-time
PAY0001654,LOAN0000388,CUST0000135,2025-10-12,2025-10-11,1240.37,1240.37,0.0,On-time
PAY0001655,LOAN0000356,CUST0000951,2023-06-18,2023-06-18,208.44,208.44,0.0,On-time
PAY0001656,LOAN0000333,CUST0000449,2023-08-09,2023-08-07,427.8,427.8,0.0,On-time
PAY0001657,LOAN0000569,CUST0000182,2025-12-27,2025-12-25,206.03,206.03,0.0,On-time
PAY0001658,LOAN0000491,CUST0000360,2025-05-12,2025-05-11,1483.2,1483.2,0.0,On-time
PAY0001659,LOAN0000146,CUST0000606,2023-09-24,2023-09-22,1506.71,1506.71,0.0,On-time
PAY0001660,LOAN0000046,CUST0000361,2023-01-16,2023-01-15,1162.93,1162.93,0.0,On-time
PAY0001661,LOAN0000230,CUST0000869,2026-07-24,2026-07-23,271.38,-271.38,0.0,On-time
PAY0001662,LOAN0000232,CUST0000762,2023-01-22,2023-02-09,30.32,30.32,18.0,Late
PAY0001663,LOAN0000168,CUST0000850,2025-09-30,2025-09-29,487.76,487.76,0.0,On-time
PAY0001664,LOAN0000441,CUST0000705,2024-12-12,2024-12-11,2212.0,2212.0,0.0,On-time
PAY0001665,LOAN0000490,CUST0000017,2023-06-27,,265.48,0.0,,Missed
PAY0001666,LOAN0000558,CUST0000843,2026-07-24,2026-07-22,115.54,93.48,0.0,Partial
PAY0001667,LOAN0000478,CUST0000586,2025-10-16,2025-10-14,382.05,382.05,0.0,On-time
PAY0001668,LOAN0000417,CUST0000487,2024-03-16,2024-03-14,14.34,14.34,0.0,On-time
PAY0001669,LOAN0000497,CUST0000929,2022-06-11,2022-06-15,891.0,891.0,4.0,Late
PAY0001670,LOAN0000528,CUST0000832,2024-05-03,2024-05-03,436.3,436.3,0.0,On-time
PAY0001671,LOAN0000442,CUST0000745,2023-04-05,2023-04-04,250.74,250.74,0.0,On-time
PAY0001672,LOAN0000129,CUST0000236,2023-05-10,2023-05-08,453.79,453.79,0.0,On-time
PAY0001673,LOAN0000386,CUST0000481,2022-08-13,2022-08-11,155.17,155.17,0.0,On-time
PAY0001674,LOAN0000533,CUST0000725,2023-05-26,2023-05-24,1461.65,1461.65,0.0,On-time
PAY0001675,LOAN0000516,CUST0000138,2026-06-08,2026-06-07,158.04,158.04,0.0,On-time
PAY0001676,LOAN0000214,CUST0000290,2023-11-17,2023-11-15,883.07,883.07,0.0,On-time
PAY0001677,LOAN0000504,CUST0000953,2025-07-21,2025-07-21,228.62,228.62,0.0,On-time
PAY0001678,LOAN0000028,CUST0000016,2023-11-22,2022-10-12,196.9,196.9,0.0,On-time
PAY0001679,LOAN0000410,CUST0000712,2025-06-16,,696.51,0.0,,Missed
PAY0001680,LOAN0000072,CUST0000349,2022-09-07,2022-09-05,809.24,809.24,0.0,On-time
PAY0001681,LOAN0000060,CUST0000626,2025-12-03,2025-12-01,25.65,25.65,0.0,On-time
PAY0001682,LOAN0000173,CUST0000500,2025-08-28,2025-08-26,41.76,41.76,0.0,On-time
PAY0001683,LOAN0000387,CUST0000070,2024-11-16,2024-12-07,284.03,284.03,21.0,Late
PAY0001684,LOAN0000371,CUST0000522,2024-01-05,,1425.12,0.0,,Missed
PAY0001685,LOAN0000481,CUST0000429,2024-04-04,2024-04-03,227.01,227.01,0.0,On-time
PAY0001686,LOAN0000343,CUST0000618,2025-06-04,2025-06-05,2825.66,2825.66,1.0,Late
PAY0001687,LOAN0000135,CUST0000757,2026-01-13,2026-01-20,192.49,192.49,7.0,Late
PAY0001688,LOAN0000385,CUST0000435,2022-09-27,2022-11-07,394.76,394.76,41.0,Late
PAY0001689,LOAN0000157,CUST0000083,2025-09-25,2025-10-29,346.56,346.56,34.0,Late
PAY0001690,LOAN0000461,CUST0000893,2023-11-24,2023-11-22,13.08,13.08,0.0,On-time
PAY0001691,LOAN0000044,CUST0000363,2024-03-04,2024-03-02,1557.81,1557.81,0.0,On-time
PAY0001692,LOAN0000415,CUST0000528,2025-09-22,2025-09-20,661.37,661.37,0.0,On-time
PAY0001693,LOAN0000555,CUST0000407,2026-02-28,2026-02-27,109.67,109.67,0.0,On-time
PAY0001694,LOAN9948372,CUST0000346,2023-11-22,2023-11-20,1602.5,1602.5,0.0,On-time
PAY0001695,LOAN0000451,CUST0000882,2023-09-19,2023-09-18,324.24,324.24,0.0,On-time
PAY0001696,LOAN0000292,CUST0000778,2023-04-19,2023-06-01,3468.2,3468.2,43.0,Late
PAY0001697,LOAN0000583,CUST0000516,2024-07-28,2024-07-27,843.06,843.06,0.0,On-time
PAY0001698,LOAN0000200,CUST0000200,2026-06-23,2026-06-22,263.49,103.32,0.0,Partial
PAY0001699,LOAN0000165,CUST0000907,2023-05-29,2023-05-27,48.21,48.21,0.0,On-time
PAY0001700,LOAN0000155,CUST0000067,2026-07-31,,285.87,285.87,41.0,Late
PAY0001701,LOAN0000200,CUST0000200,2023-10-23,2023-10-23,263.49,263.49,0.0,On-time
PAY0001702,LOAN0000285,CUST0000506,2025-03-15,2025-03-13,133.87,133.87,0.0,On-time
PAY0001703,LOAN0000290,CUST0000757,2026-03-15,2026-03-15,649.64,649.64,0.0,On-time
PAY0001704,LOAN0000230,CUST0000869,2024-08-23,2024-08-21,271.38,271.38,0.0,On-time
PAY0001705,LOAN0000088,CUST0000710,2024-12-18,,1812.64,1812.64,0.0,On-time
PAY0001706,LOAN0000317,CUST0000372,2025-12-31,2025-12-29,1076.49,1076.49,0.0,On-time
PAY0001707,LOAN0000522,CUST0000507,2025-11-03,2025-12-14,1893.28,1893.28,41.0,Late
PAY0001708,LOAN0000539,CUST0000693,2024-04-02,2024-04-01,180.07,180.07,0.0,On-time
PAY0001709,LOAN0000567,CUST0000627,2025-03-29,2025-03-29,73.42,73.42,0.0,On-time
PAY0001710,LOAN0000022,CUST0000637,2023-08-27,2023-08-27,78.37,78.37,0.0,On-time
PAY0001711,LOAN0000473,CUST0000340,2023-12-31,2023-12-30,528.94,528.94,0.0,On-time
PAY0001712,LOAN0000055,CUST0000726,2022-10-28,2022-10-27,399.72,399.72,0.0,On-time
PAY0001713,LOAN0000290,CUST0000757,2024-06-14,2024-06-14,649.64,649.64,0.0,On-time
PAY0001714,LOAN0000556,CUST0000773,2022-05-22,2022-05-22,76.7,76.7,0.0,On-time
PAY0001715,LOAN0000019,CUST0000441,2023-03-31,2023-03-29,2083.16,2083.16,0.0,On-time
PAY0001716,LOAN0000053,CUST0000300,2026-06-26,2026-06-25,820.68,820.68,0.0,On-time
PAY0001717,LOAN0000285,CUST0000506,2026-03-15,2026-03-14,133.87,133.87,0.0,On-time
PAY0001718,LOAN0000021,CUST0000826,2026-04-19,2026-04-17,38.77,,0.0,On-time
PAY0001719,LOAN0000583,CUST0000516,2025-03-28,2025-03-27,843.06,843.06,0.0,On-time
PAY0001720,LOAN0000332,CUST0000127,2024-02-04,2024-02-03,119.33,119.33,0.0,On-time
PAY0001721,LOAN0000041,CUST0000778,2024-02-11,2024-02-09,450.04,301.16,0.0,Partial
PAY0001722,LOAN0000069,CUST0000061,2026-01-01,2026-01-01,147.06,147.06,0.0,On-time
PAY0001723,LOAN0000559,CUST0000824,2025-04-29,2025-04-28,176.29,176.29,0.0,ON-TIME
PAY0001724,LOAN0000066,CUST0000604,2023-03-19,2023-03-18,277.59,195.81,0.0,Partial
PAY0001725,LOAN0000101,CUST0000422,2025-11-15,2025-11-15,479.38,479.38,0.0,On-time
PAY0001726,LOAN0000406,CUST0000519,2026-03-09,,179.61,0.0,,Missed
PAY0001727,LOAN0000415,CUST0000528,2026-01-21,2026-01-21,661.37,661.37,0.0,On-time
PAY0001728,LOAN0000406,CUST0000519,2026-04-09,,179.61,0.0,,Missed
PAY0001729,LOAN0000021,CUST0000826,2026-05-19,2026-05-19,38.77,38.77,0.0,On-time
PAY0001730,LOAN0000494,CUST0000188,2024-02-24,2024-03-13,1276.54,1276.54,18.0,Late
PAY0001731,LOAN0000259,CUST0000175,2025-11-23,2025-11-23,393.56,393.56,0.0,On-time
PAY0001732,LOAN0000283,CUST0000045,2025-08-14,,57.8,0.0,,Missed
PAY0001733,LOAN0000299,CUST0000136,2022-07-07,2022-07-05,486.64,486.64,0.0,On-time
PAY0001734,LOAN0000081,CUST0000682,2022-06-19,2022-06-18,377.89,377.89,0.0,On-time
PAY0001735,LOAN0000142,CUST0000897,2024-02-19,2024-02-18,459.08,276.01,0.0,Partial
PAY0001736,LOAN0000242,CUST0000420,2025-05-14,2025-05-12,711.72,711.72,0.0,On-time
PAY0001737,LOAN0000547,CUST0000422,2025-09-18,2025-09-16,244.53,244.53,0.0,On-time
PAY0001738,LOAN0000315,CUST0000259,2023-03-31,2023-03-30,962.31,962.31,0.0,On-time
PAY0001739,LOAN0000126,CUST0000058,2024-02-10,2024-02-22,3092.58,3092.58,12.0,Late
PAY0001740,LOAN0000354,CUST0000677,2025-08-11,2025-08-10,103.03,-103.03,0.0,On Time
PAY0001741,LOAN0000057,CUST0000816,2025-01-24,2025-01-22,441.62,441.62,0.0,On-time
PAY0001742,LOAN0000188,CUST0000979,2025-02-08,2025-02-07,349.2,349.2,0.0,On-time
PAY0001743,LOAN0000429,CUST0000782,2024-06-25,2024-07-26,1011.92,1011.92,31.0,Late
PAY0001744,LOAN0000373,CUST0000783,2025-06-26,2025-06-25,1017.53,1017.53,0.0,On-time
PAY0001745,LOAN0000320,CUST0000394,2024-07-22,2024-07-22,637.39,637.39,0.0,On-time
PAY0001746,LOAN0000547,CUST0000422,2024-02-18,2024-02-16,244.53,-244.53,0.0,On-time
PAY0001747,LOAN0000075,CUST0000330,2026-08-01,2026-07-31,300.89,300.89,0.0,On-time
PAY0001748,LOAN0000110,CUST0000466,2026-04-23,,434.4,0.0,,Missed
PAY0001749,LOAN0000122,CUST0000253,2025-11-03,2025-11-03,559.32,465.38,0.0,Partial
PAY0001750,LOAN0000547,CUST0000422,2024-05-19,2024-05-17,244.53,244.53,0.0,On-time
PAY0001751,LOAN0000403,CUST0000115,2025-11-19,2025-12-17,43.28,43.28,28.0,Late
PAY0001752,LOAN0000329,CUST0000886,2025-05-07,2025-05-07,1126.34,1126.34,0.0,On-time
PAY0001753,LOAN0000305,CUST0000286,2025-05-24,2025-05-23,34.75,34.75,0.0,On-time
PAY0001754,LOAN0000411,CUST0000531,2026-02-09,2026-02-07,1187.31,1187.31,0.0,On-time
PAY0001755,LOAN0000046,CUST0000361,2026-01-16,2026-01-16,1162.93,1162.93,0.0,On-time
PAY0001756,LOAN0000306,CUST0000956,2024-04-04,,605.15,0.0,,Missed
PAY0001757,LOAN0000145,CUST0000538,2024-07-21,2024-07-21,1202.85,1202.85,0.0,On-time
PAY0001758,LOAN0000450,CUST0000307,2026-04-02,2026-04-02,205.25,205.25,0.0,On-time
PAY0001759,LOAN0000288,CUST0000370,2026-03-21,2026-03-21,476.12,476.12,0.0,On-time
PAY0001760,LOAN0000452,CUST0000389,2026-02-07,2026-02-05,517.19,517.19,0.0,On-time
PAY0001761,LOAN0000176,CUST0000098,2024-11-27,2024-11-27,654.28,654.28,0.0,On-time
PAY0001762,LOAN9995013,CUST0000945,2024-07-23,2024-07-21,123.89,123.89,0.0,On-time
PAY0001763,LOAN0000154,CUST0000605,2024-10-07,2024-10-27,218.73,218.73,20.0,Late
PAY0001764,LOAN0000201,CUST0000283,2025-05-30,2025-05-29,640.87,640.87,0.0,On-time
PAY0001765,LOAN0000070,CUST0000916,2024-04-21,2024-04-19,592.68,592.68,0.0,On-time
PAY0001766,LOAN0000085,CUST0000020,2024-09-08,,1832.83,0.0,,Missed
PAY0001767,LOAN0000081,CUST0000682,2024-12-19,2024-12-18,377.89,377.89,0.0,On-time
PAY0001768,LOAN0000170,CUST0000156,2025-07-16,,1293.11,0.0,,Missed
PAY0001769,LOAN0000273,CUST0000955,2022-09-27,2022-09-27,1128.57,1128.57,0.0,On-time
PAY0001770,LOAN0000332,CUST0000127,2025-03-06,,119.33,0.0,,Missed
PAY0001771,LOAN0000237,CUST0000988,2023-09-23,2023-09-22,1335.42,1335.42,0.0,On-time
PAY0001772,LOAN0000156,CUST0000047,2024-03-14,2024-03-12,19.97,19.97,0.0,On-time
PAY0001773,LOAN0000533,CUST0000725,2023-01-24,2023-01-23,1461.65,1461.65,0.0,On-time
PAY0001774,LOAN0000016,CUST0000359,2024-10-13,2024-10-11,424.63,424.63,0.0,On-time
PAY0001775,LOAN0000290,CUST0000757,2026-04-14,2026-04-13,649.64,649.64,0.0,On-time
PAY0001776,LOAN0000031,CUST0000787,2024-11-17,2024-11-17,1194.04,1194.04,0.0,On-time
PAY0001777,LOAN0000348,CUST0000228,2024-09-13,2024-09-11,140.46,140.46,0.0,On-time
PAY0001778,LOAN0000350,CUST0000987,2024-05-17,2024-05-16,1972.9,1972.9,0.0,On-time
PAY0001779,LOAN0000565,CUST0000504,2023-12-24,2023-12-24,554.46,554.46,0.0,On-time
PAY0001780,LOAN0000129,CUST0000236,2025-07-09,2025-07-07,453.79,453.79,0.0,On-time
PAY0001781,LOAN0000071,CUST0000250,2023-10-22,2023-10-22,190.79,190.79,0.0,On-time
PAY0001782,LOAN0000450,CUST0000307,2026-05-03,2026-05-01,205.25,205.25,0.0,On-time
PAY0001783,LOAN0000416,CUST0000611,2024-06-07,2024-06-05,21.6,21.6,0.0,On-time
PAY0001784,LOAN0000585,CUST0000929,2026-08-16,2026-08-16,2744.63,2744.63,0.0,On-time
PAY0001785,LOAN0000484,CUST0000147,2026-02-18,2026-03-12,133.74,133.74,22.0,Late
PAY0001786,LOAN0000394,CUST0000050,2025-07-21,2025-07-20,566.23,566.23,0.0,On-time
PAY0001787,LOAN0000566,CUST0000236,2025-03-01,2025-02-28,205.31,205.31,0.0,On-time
PAY0001788,LOAN0000578,CUST0000916,2024-10-01,2024-09-29,335.27,335.27,0.0,On-time
PAY0001789,LOAN0000100,CUST0000084,2025-02-22,2025-02-20,1277.87,1277.87,0.0,On-time
PAY0001790,LOAN0000576,CUST0000001,2025-08-03,2025-08-03,341.13,341.13,0.0,On-time
PAY0001791,LOAN0000257,CUST0000699,2024-03-26,2024-03-24,1022.97,1022.97,0.0,On-time
PAY0001792,LOAN0000339,CUST0000384,2024-03-23,2024-03-21,83.06,83.06,0.0,On-time
PAY0001793,LOAN0000249,CUST0000632,2023-09-11,2023-09-11,1134.85,1134.85,0.0,On-time
PAY0001794,LOAN0000108,CUST0000303,2024-12-30,2024-12-30,115.22,115.22,0.0,On-time
PAY0001795,LOAN0000237,CUST0000988,2025-03-24,2025-03-22,1335.42,1335.42,0.0,On-time
PAY0001796,LOAN0000348,CUST0000228,2023-05-15,2023-05-15,140.46,140.46,0.0,On-time
PAY0001797,LOAN0000070,CUST0000916,2025-10-21,2025-10-21,592.68,592.68,0.0,On-time
PAY0001798,LOAN0000572,CUST0000379,2023-12-31,,199.55,0.0,,Missed
PAY0001799,LOAN0000584,CUST0000129,2026-08-06,2026-08-04,135.36,135.36,0.0,On-time
PAY0001800,LOAN0000214,CUST0000290,2024-05-17,2024-05-15,883.07,883.07,0.0,On-time
PAY0001801,LOAN0000144,CUST0000143,2021-12-16,2021-12-16,184.57,184.57,0.0,On-time
PAY0001802,LOAN0000072,CUST0000349,2023-04-09,2023-04-09,809.24,809.24,0.0,On-time
PAY0001803,LOAN0000008,CUST0000974,2026-01-08,2026-01-07,77.65,77.65,0.0,On-time
PAY0001804,LOAN0000230,CUST0000869,2026-05-24,2026-05-22,271.38,271.38,0.0,On-time
PAY0001805,LOAN0000286,CUST0000607,2025-04-22,2025-04-21,448.57,448.57,0.0,On-time
PAY0001806,LOAN0000101,CUST0000422,2026-03-17,2026-03-15,479.38,479.38,0.0,On-time
PAY0001807,LOAN0000519,CUST0000619,2022-03-25,2022-03-25,150.47,150.47,0.0,On-time
PAY0001808,LOAN0000173,CUST0000500,2023-09-27,2023-09-25,41.76,41.76,0.0,On-time
PAY0001809,LOAN0000429,CUST0000782,2026-01-24,2026-01-23,1011.92,1011.92,0.0,On-time
PAY0001810,LOAN0000440,CUST0000395,2024-11-21,2024-11-20,555.31,555.31,0.0,On-time
PAY0001811,LOAN0000252,CUST0000521,2024-01-22,2024-01-31,1682.41,1682.41,9.0,Late
PAY0001812,LOAN0000275,CUST0000306,2024-08-15,2024-08-13,384.84,232.01,0.0,Part Payment
PAY0001813,LOAN0000560,CUST0000074,2026-05-24,2026-05-23,224.75,224.75,0.0,On-time
PAY0001814,LOAN0000169,CUST0000889,2025-02-18,2025-02-17,1012.97,1012.97,0.0,On-time
PAY0001815,LOAN0000286,CUST0000607,2025-09-21,2025-09-20,448.57,448.57,0.0,On-time
PAY0001816,LOAN0000514,CUST0000224,2022-04-20,2022-04-19,1266.69,1266.69,0.0,On-time
PAY0001817,LOAN0000022,CUST0000637,2023-01-26,2023-01-25,78.37,78.37,0.0,On-time
PAY0001818,LOAN0000363,CUST0000783,2024-10-28,2024-11-19,630.91,630.91,22.0,Late
PAY0001819,LOAN0000102,CUST0000551,2025-01-19,2025-01-18,635.91,635.91,0.0,On-time
PAY0001820,LOAN0000085,CUST0000020,2024-03-09,2024-03-09,1832.83,1832.83,0.0,On-time
PAY0001821,LOAN0000089,CUST0000928,2024-04-18,2024-04-17,258.83,258.83,0.0,On-time
PAY0001822,LOAN0000527,CUST0000770,2024-08-22,2024-08-21,449.74,449.74,0.0,On-time
PAY0001823,LOAN0000564,CUST0000695,2024-03-15,2024-03-15,471.54,471.54,0.0,On-time
PAY0001824,LOAN0000459,CUST0000783,2025-05-07,2025-05-05,183.08,183.08,0.0,On-time
PAY0001825,LOAN0000249,CUST0000632,2023-04-11,2023-04-09,1134.85,1134.85,0.0,On-time
PAY0001826,LOAN0000485,CUST0000678,2024-08-01,2024-07-30,174.48,174.48,0.0,On-time
PAY0001827,LOAN0000336,CUST0000690,2026-07-26,2026-07-25,52.94,52.94,0.0,On-time
PAY0001828,LOAN0000184,CUST0000347,2024-05-11,2024-05-09,487.42,487.42,0.0,On-time
PAY0001829,LOAN0000592,CUST0000786,2025-09-03,2025-09-01,979.05,979.05,0.0,On-time
PAY0001830,LOAN0000358,CUST0000899,2026-02-05,,368.63,0.0,,Missed
PAY0001831,LOAN0000494,CUST0000188,2024-01-25,2024-01-24,1276.54,1276.54,0.0,On-time
PAY0001832,LOAN0000199,CUST0000422,2023-02-26,2023-02-25,225.67,225.67,0.0,On-time
PAY0001833,LOAN0000275,CUST0000306,2024-12-14,2024-12-13,384.84,384.84,0.0,On-time
PAY0001834,LOAN0000421,CUST0000034,2026-04-14,,2573.12,0.0,,Missed
PAY0001835,LOAN0000233,CUST0000781,2025-06-23,2025-06-23,2150.27,2150.27,0.0,On-time
PAY0001836,LOAN0000441,CUST0000705,2024-04-12,2024-04-12,2212.0,2212.0,0.0,On-time
PAY0001837,LOAN0000394,CUST0000050,2023-05-22,2023-05-20,566.23,566.23,0.0,On-time
PAY0001838,LOAN0000356,CUST0000951,2024-08-17,2024-08-17,208.44,208.44,0.0,On-time
PAY0001839,LOAN0000588,CUST0000382,2024-01-28,2024-01-26,148.33,48.68,0.0,Partial
PAY0001840,LOAN0000045,CUST0000566,2026-02-12,2024-11-28,909.16,909.16,0.0,On-time
PAY0001841,LOAN0000506,CUST0000630,2025-11-12,2025-11-12,206.27,206.27,0.0,On-time
PAY0001842,LOAN0000321,CUST0000418,2022-11-28,2022-11-27,172.06,,0.0,On-time
PAY0001843,LOAN0000568,CUST0000389,2026-08-11,2026-08-09,206.47,206.47,0.0,On-time
PAY0001844,LOAN0000188,CUST0000979,2022-12-10,2023-01-22,349.2,349.2,43.0,Late
PAY0001845,LOAN0000140,CUST0000221,2025-03-25,2025-03-23,83.09,83.09,0.0,On-time
PAY0001846,LOAN0000122,CUST0000253,2023-03-05,2023-03-03,559.32,559.32,0.0,On-time
PAY0001847,LOAN0000547,CUST0000422,2023-08-19,2023-08-19,244.53,244.53,0.0,On-time
PAY0001848,LOAN0000094,CUST0000345,2024-03-31,2024-03-30,610.74,442.73,0.0,Partial
PAY0001849,LOAN0000215,CUST0000448,2022-11-13,2022-11-11,1912.74,1912.74,0.0,On-time
PAY0001850,LOAN0000478,CUST0000586,2024-09-15,2024-09-14,382.05,382.05,0.0,On-time
PAY0001851,LOAN0000391,CUST0000702,2026-08-09,,2780.8,0.0,,Missed
PAY0001852,LOAN0000232,CUST0000762,2025-12-22,2025-12-20,30.32,30.32,0.0,On-time
PAY0001853,LOAN0000173,CUST0000500,2024-12-27,2024-12-25,41.76,33.65,0.0,Partial
PAY0001854,LOAN0000362,CUST0000964,2025-06-24,,924.47,0.0,,Missed
PAY0001855,LOAN0000073,CUST0000266,2026-06-06,2026-06-04,101.83,101.83,0.0,On-time
PAY0001856,LOAN0000477,CUST0000436,2025-07-23,2025-07-23,14.8,14.8,0.0,On-time
PAY0001857,LOAN0000141,CUST0000292,2026-01-16,2026-01-14,2633.83,2633.83,0.0,On-time
PAY0001858,LOAN0000081,CUST0000682,2023-01-19,2023-01-17,377.89,377.89,0.0,On-time
PAY0001859,LOAN0000349,CUST0000776,2025-10-09,2025-10-09,367.15,367.15,0.0,On-time
PAY0001860,LOAN0000434,CUST0000010,2024-01-05,,237.04,0.0,,Missed
PAY0001861,LOAN0000434,CUST0000010,2024-03-06,2024-03-06,237.04,237.04,0.0,On-time
PAY0001862,LOAN0000328,CUST0000176,2024-09-15,2024-09-14,34.51,34.51,0.0,On-time
PAY0001863,LOAN0000350,CUST0000987,2025-01-16,2025-01-16,1972.9,1972.9,0.0,On-time
PAY0001864,LOAN0000193,CUST0000003,2026-07-27,2026-07-25,466.75,466.75,0.0,On-time
PAY0001865,LOAN0000117,CUST0000975,2026-06-01,2026-06-20,466.71,466.71,19.0,Late
PAY0001866,LOAN0000423,CUST0000564,2025-12-22,,43.59,0.0,,Missed
PAY0001867,LOAN0000547,CUST0000422,2023-05-20,2023-05-18,244.53,,0.0,On-time
PAY0001868,LOAN0000362,CUST0000964,2024-03-24,2024-03-23,924.47,924.47,0.0,On-time
PAY0001869,LOAN0000567,CUST0000627,2024-07-28,2024-07-28,73.42,73.42,0.0,On-time
PAY0001870,LOAN0000553,CUST0000515,2025-12-26,2025-12-24,108.09,77.5,0.0,Partial
PAY0001871,LOAN0000506,CUST0000630,2026-08-13,2026-08-12,206.27,206.27,0.0,On-time
PAY0001872,LOAN0000222,CUST0000435,2024-11-26,2024-12-19,384.39,384.39,23.0,Late
PAY0001873,LOAN0000137,CUST0000463,2026-03-20,2026-03-18,1149.63,1149.63,0.0,On-time
PAY0001874,LOAN0000296,CUST0000997,2025-08-07,2025-08-07,305.84,305.84,0.0,On-time
PAY0001875,LOAN0000034,CUST0000621,2026-07-13,2026-07-11,145.27,145.27,0.0,On-time
PAY0001876,LOAN0000587,CUST0000313,2023-02-22,2023-02-22,268.66,268.66,0.0,On-time
PAY0001877,LOAN0000155,CUST0000067,2025-12-30,2026-02-10,285.87,285.87,42.0,Late
PAY0001878,LOAN0000148,CUST0000105,2024-10-08,2024-10-07,2311.29,2311.29,0.0,On-time
PAY0001879,LOAN0000242,CUST0000420,2025-04-14,2025-04-13,711.72,711.72,0.0,On-time
PAY0001880,LOAN0000238,CUST0000420,2025-04-02,2025-04-02,346.74,346.74,0.0,On-time
PAY0001881,LOAN0000151,CUST0000118,2024-05-02,2024-05-01,226.17,226.17,0.0,On-time
PAY0001882,LOAN0000540,CUST0000782,2023-08-14,2023-08-13,216.21,216.21,0.0,On-time
PAY0001883,LOAN0000043,CUST0000911,2026-08-08,2026-08-07,304.1,304.1,0.0,On-time
PAY0001884,LOAN0000532,CUST0000330,2023-10-01,2023-11-08,677.86,677.86,38.0,Late
PAY0001885,LOAN0000491,CUST0000360,2024-08-11,2024-08-09,1483.2,1483.2,0.0,On-time
PAY0001886,LOAN0000473,CUST0000340,2024-07-31,2024-07-31,528.94,528.94,0.0,On-time
PAY0001887,LOAN0000292,CUST0000778,2024-06-18,2024-06-18,3468.2,3468.2,0.0,On-time
PAY0001888,LOAN0000317,CUST0000372,2026-07-02,2026-07-01,1076.49,1076.49,0.0,On-time
PAY0001889,LOAN0000088,CUST0000710,2024-08-19,2024-08-18,1812.64,1812.64,0.0,On-time
PAY0001890,LOAN0000370,CUST0000869,2024-02-26,2024-02-26,778.37,778.37,0.0,On-time
PAY0001891,LOAN0000462,CUST0000397,2025-09-29,,660.43,-660.43,35.0,Late
PAY0001892,LOAN0000485,CUST0000678,2024-10-31,2024-10-30,174.48,174.48,0.0,On-time
PAY0001893,LOAN0000574,CUST0000356,2024-04-02,2024-03-31,2031.77,2031.77,0.0,On-time
PAY0001894,LOAN0000362,CUST0000964,2025-01-23,2025-01-21,924.47,924.47,0.0,On-time
PAY0001895,LOAN0000157,CUST0000083,2026-02-25,2026-02-25,346.56,346.56,0.0,On-time
PAY0001896,LOAN0000155,CUST0000067,2026-06-30,2026-06-30,285.87,285.87,0.0,On-time
PAY0001897,LOAN0000440,CUST0000395,2025-06-22,2025-06-20,555.31,555.31,0.0,On-time
PAY0001898,LOAN0000564,CUST0000695,2026-08-14,2026-08-15,471.54,471.54,1.0,Late
PAY0001899,LOAN0000028,CUST0000016,2023-06-23,2023-06-23,196.9,196.9,0.0,On-time
PAY0001900,LOAN0000526,CUST0000184,2024-09-25,2024-09-23,341.99,341.99,0.0,On-time
PAY0001901,LOAN0000458,CUST0000426,2026-05-13,2026-06-20,139.78,139.78,38.0,Late
PAY0001902,LOAN0000289,CUST0000790,2025-10-10,2025-10-10,777.75,777.75,0.0,On-time
PAY0001903,LOAN0000559,CUST0000824,2024-02-28,,176.29,0.0,,Missed
PAY0001904,LOAN0000153,CUST0000245,2026-08-24,2026-08-22,313.95,313.95,0.0,On-time
PAY0001905,LOAN0000148,CUST0000105,2022-02-07,2022-02-05,2311.29,2311.29,0.0,On-time
PAY0001906,LOAN0000311,CUST0000689,2024-10-23,2024-10-23,184.19,184.19,0.0,On-time
PAY0001907,LOAN0000572,CUST0000379,2024-03-31,2024-04-04,199.55,199.55,4.0,Late
PAY0001908,LOAN0000545,CUST0000318,2025-07-26,2025-07-24,34.17,-34.17,0.0,On-time
PAY0001909,LOAN0000099,CUST0000232,2023-11-14,2023-11-14,124.7,124.7,0.0,On-time
PAY0001910,LOAN0000529,CUST0000838,2025-01-22,2025-01-21,513.54,513.54,0.0,On-time
PAY0001911,LOAN0000162,CUST0000866,2025-10-18,2025-10-17,533.21,533.21,0.0,On-time
PAY0001912,LOAN0000299,CUST0000136,2024-01-06,2024-01-05,486.64,486.64,0.0,On-time
PAY0001913,LOAN0000549,CUST0000293,2025-05-03,2025-05-03,155.52,155.52,0.0,On-time
PAY0001914,LOAN0000308,CUST0000188,2025-07-30,2025-07-29,680.08,680.08,0.0,On-time
PAY0001915,LOAN0000047,CUST0000212,2026-06-15,2026-06-13,199.31,199.31,0.0,On-time
PAY0001916,LOAN0000107,CUST0000522,2026-05-01,2026-04-29,316.22,316.22,0.0,On-time
PAY0001917,LOAN0000193,CUST0000003,2025-10-27,2025-10-25,466.75,466.75,0.0,On-time
PAY0001918,LOAN0000501,CUST0000055,2025-02-03,2025-02-01,762.76,762.76,0.0,On-time
PAY0001919,LOAN0000209,CUST0000225,2024-11-06,2024-11-04,295.37,295.37,0.0,On-time
PAY0001920,LOAN0000371,CUST0000522,2024-09-05,,1425.12,0.0,,Missed
PAY0001921,LOAN0000579,CUST0000002,2024-07-27,2024-07-29,467.36,467.36,2.0,Late
PAY0001922,LOAN0000345,CUST0000724,2025-06-26,2025-06-26,906.51,906.51,0.0,On-time
PAY0001923,LOAN0000355,CUST0000771,2025-11-27,2025-11-26,2611.51,2611.51,0.0,On-time
PAY0001924,LOAN0000411,CUST0000531,2024-08-10,2024-08-10,1187.31,1187.31,0.0,On-time
PAY0001925,LOAN0000118,CUST0000545,2024-04-07,,208.58,0.0,,Missed
PAY0001926,LOAN0000513,CUST0000621,2024-05-01,2024-05-17,667.76,667.76,16.0,Late
PAY0001927,LOAN0000570,CUST0000530,2025-09-26,2025-09-25,390.97,390.97,0.0,On-time
PAY0001928,LOAN0000035,CUST0000788,2023-05-04,2023-05-02,1926.73,1926.73,0.0,On-time
PAY0001929,LOAN0000584,CUST0000129,2025-08-06,2025-08-25,135.36,135.36,19.0,Late
PAY0001930,LOAN0000454,CUST0000926,2025-07-02,,1716.2,0.0,,Missed
PAY0001931,LOAN0000150,CUST0000901,2024-04-17,2024-04-15,421.66,421.66,0.0,On-time
PAY0001932,LOAN0000155,CUST0000067,2025-11-29,2025-12-05,285.87,285.87,6.0,Late
PAY0001933,LOAN0000089,CUST0000928,2024-03-18,2024-03-18,258.83,258.83,0.0,On-time
PAY0001934,LOAN0000504,CUST0000953,2026-05-21,2026-05-19,228.62,228.62,0.0,On-time
PAY0001935,LOAN0000353,CUST0000832,2022-10-30,2022-11-26,1665.78,1665.78,27.0,Late
PAY0001936,LOAN0000497,CUST0000929,2026-01-09,2026-02-19,891.0,891.0,41.0,Late
PAY0001937,LOAN0000037,CUST0000595,2026-01-07,2026-02-05,36.52,36.52,29.0,Late
PAY0001938,LOAN0000274,CUST0000327,2024-08-03,2024-09-15,125.44,125.44,43.0,Late
PAY0001939,LOAN0000055,CUST0000726,2026-07-28,2026-07-26,399.72,399.72,0.0,On-time
PAY0001940,LOAN0000290,CUST0000757,2023-01-13,2023-01-12,649.64,649.64,0.0,On-time
PAY0001941,LOAN0000461,CUST0000893,2025-11-24,,13.08,0.0,,Missed
PAY0001942,LOAN0000493,CUST0000307,2023-12-21,,516.28,0.0,,Missed
PAY0001943,LOAN0000559,CUST0000824,2024-09-28,2024-11-07,176.29,176.29,40.0,Late
PAY0001944,LOAN0000012,CUST0000725,2022-11-21,2022-11-19,607.42,607.42,0.0,On-time
PAY0001945,LOAN0000532,CUST0000330,2023-12-31,2023-12-29,677.86,677.86,0.0,On-time
PAY0001946,LOAN0000547,CUST0000422,2023-06-19,2023-06-18,244.53,244.53,0.0,On-time
PAY0001947,LOAN0000512,CUST0000817,2026-07-15,2026-08-20,915.62,915.62,36.0,Late
PAY0001948,LOAN0000306,CUST0000956,2024-10-04,2024-10-03,605.15,-605.15,0.0,On-time
PAY0001949,LOAN0000125,CUST0000580,2026-08-08,2026-08-07,179.61,179.61,0.0,On-time
PAY0001950,LOAN0000064,CUST0000818,2023-11-06,2023-11-05,499.21,499.21,0.0,On-time
PAY0001951,LOAN0000497,CUST0000929,2026-06-11,2026-06-19,891.0,,8.0,Delayed
PAY0001952,LOAN0000031,CUST0000787,2022-08-18,2022-08-18,1194.04,1194.04,0.0,On-time
PAY0001953,LOAN0000026,CUST0000233,2024-08-16,2024-08-14,1026.87,1026.87,0.0,On-time
PAY0001954,LOAN0000350,CUST0000987,2023-11-17,2023-11-16,1972.9,1972.9,0.0,On-time
PAY0001955,LOAN0000509,CUST0000598,2026-06-24,2026-07-23,671.21,671.21,29.0,Late
PAY0001956,LOAN0000397,CUST0000714,2025-12-18,2025-12-16,500.03,500.03,0.0,On-time
PAY0001957,LOAN0000090,CUST0000721,2025-09-20,2025-09-20,213.64,213.64,0.0,On-time
PAY0001958,LOAN0000170,CUST0000156,2025-12-15,2025-12-14,1293.11,1293.11,0.0,On-time
PAY0001959,LOAN0000022,CUST0000637,2022-12-26,2022-12-26,78.37,78.37,0.0,On-time
PAY0001960,LOAN0000155,CUST0000067,2025-09-29,,285.87,0.0,,Missed
PAY0001961,LOAN0000580,CUST0000130,2025-05-15,,5371.95,5371.95,0.0,On-time
PAY0001962,LOAN0000208,CUST0000886,2024-08-08,2024-08-06,682.55,682.55,0.0,On-time
PAY0001963,LOAN0000243,CUST0000094,2024-04-09,2024-04-08,227.16,227.16,0.0,On-time
PAY0001964,LOAN0000337,CUST0000035,2024-09-26,2024-09-26,210.97,210.97,0.0,On-time
PAY0001965,LOAN0000230,CUST0000869,2025-12-23,,271.38,271.38,0.0,On-time
PAY0001966,LOAN0000188,CUST0000979,2022-04-10,2022-04-09,349.2,349.2,0.0,On-time
PAY0001967,LOAN0000555,CUST0000407,2023-09-30,2023-09-30,109.67,109.67,0.0,On-time
PAY0001968,LOAN0000201,CUST0000283,2023-05-30,2023-05-30,640.87,640.87,0.0,On-time
PAY0001969,LOAN0000047,CUST0000212,2026-05-16,2026-05-16,199.31,199.31,0.0,On-time
PAY0001970,LOAN0000477,CUST0000436,2022-09-22,2022-09-22,14.8,14.8,0.0,On-time
PAY0001971,LOAN0000540,CUST0000782,2024-02-13,2024-02-12,216.21,216.21,0.0,On-time
PAY0001972,LOAN0000321,CUST0000418,2022-12-29,2022-12-29,172.06,172.06,0.0,On-time
PAY0001973,LOAN0000441,CUST0000705,2024-03-13,2024-03-13,2212.0,,0.0,on time
PAY0001974,LOAN0000505,CUST0000062,2024-04-18,,50.36,0.0,,Missed
PAY0001975,LOAN0000291,CUST0000987,2024-08-29,2024-08-27,424.49,424.49,0.0,On-time
PAY0001976,LOAN0000587,CUST0000313,2024-03-24,2024-03-23,268.66,268.66,0.0,On Time
PAY0001977,LOAN0000031,CUST0000787,2023-05-19,2023-05-17,1194.04,1194.04,0.0,On-time
PAY0001978,LOAN0000058,CUST0000978,2023-06-19,2023-06-18,909.7,909.7,0.0,On-time
PAY0001979,LOAN0000557,CUST0000030,2024-03-01,2024-03-01,2011.13,2011.13,0.0,On-time
PAY0001980,LOAN0000148,CUST0000105,2023-12-08,2023-12-08,2311.29,2311.29,0.0,On-time
PAY0001981,LOAN0000080,CUST0000004,2024-04-18,,855.13,0.0,,Missed
PAY0001982,LOAN0000554,CUST0000181,2026-05-16,2026-05-16,33.52,33.52,0.0,On-time
PAY0001983,LOAN0000217,CUST0000492,2025-11-03,2025-11-02,683.75,683.75,0.0,On-time
PAY0001984,LOAN0000193,CUST0000003,2024-10-26,2024-10-24,466.75,466.75,0.0,On-time
PAY0001985,LOAN0000224,CUST0000556,2025-02-23,2025-02-23,1054.15,1054.15,0.0,On-time
PAY0001986,LOAN0000265,CUST0000461,2024-10-03,2024-10-01,1752.19,1752.19,0.0,On-time
PAY0001987,LOAN0000058,CUST0000978,2024-12-18,,909.7,0.0,,Missed
PAY0001988,LOAN0000140,CUST0000221,2025-05-25,2023-08-10,83.09,83.09,0.0,On-time
PAY0001989,LOAN0000499,CUST0000110,2025-06-01,2025-06-01,435.21,435.21,0.0,On-time
PAY0001990,LOAN0000289,CUST0000790,2025-07-10,,777.75,0.0,,Missed
PAY0001991,LOAN0000199,CUST0000422,2023-03-29,2023-03-28,225.67,225.67,0.0,On-time
PAY0001992,LOAN0000388,CUST0000135,2025-03-12,2025-03-16,1240.37,1240.37,4.0,Late
PAY0001993,LOAN0000211,CUST0000060,2023-06-27,2023-06-26,609.68,609.68,0.0,On-time
PAY0001994,LOAN0000228,CUST0000683,2026-07-11,2026-07-09,1186.95,1186.95,0.0,On-time
PAY0001995,LOAN0000255,CUST0000491,2025-06-07,2025-07-11,379.26,379.26,34.0,Late
PAY0001996,LOAN0000168,CUST0000850,2025-11-30,2025-11-28,487.76,487.76,0.0,On-time
PAY0001997,LOAN0000572,CUST0000379,2024-05-01,2024-05-01,199.55,199.55,0.0,On-time
PAY0001998,LOAN0000337,CUST0000035,2025-06-27,2025-08-06,210.97,210.97,40.0,Late
PAY0001999,LOAN0000470,CUST0000725,2025-11-02,2025-11-01,241.98,241.98,0.0,On-time
PAY0002000,LOAN0000205,CUST0000080,2023-06-27,2023-06-25,709.8,533.07,0.0,Partial
PAY0002001,LOAN0000432,CUST0000070,2025-04-25,2025-04-24,261.4,261.4,0.0,On-time
PAY0002002,LOAN0000465,CUST0000519,2025-06-09,2025-06-08,121.1,121.1,0.0,On-time
PAY0002003,LOAN0000282,CUST0000724,2023-08-23,,67.12,0.0,,Missed
PAY0002004,LOAN0000248,CUST0000569,2023-09-07,2023-09-07,273.13,273.13,0.0,On-time
PAY0002005,LOAN0000485,CUST0000678,2023-10-01,2023-10-01,174.48,174.48,0.0,On-time
PAY0002006,LOAN0000467,CUST0000635,2024-08-03,,225.47,0.0,,Missed
PAY0002007,LOAN0000414,CUST0000003,2025-09-11,2025-09-10,22.1,22.1,0.0,On-time
PAY0002008,LOAN0000231,CUST0000896,2026-02-07,2026-02-13,508.99,508.99,6.0,Late
PAY0002009,LOAN0000594,CUST0000856,2026-04-05,,46.1,0.0,,Missed
PAY0002010,LOAN0000577,CUST0000268,2024-10-26,2024-10-24,33.72,33.72,0.0,On-time
PAY0002011,LOAN0000369,CUST0000699,2024-07-19,2024-07-18,863.87,863.87,0.0,On-time
PAY0002012,LOAN0000436,CUST0000075,2024-12-14,2024-12-12,179.3,179.3,0.0,On-time
PAY0002013,LOAN0000191,CUST0000044,2024-11-30,2024-11-29,1957.75,1957.75,0.0,On-time
PAY0002014,LOAN0000409,CUST0000196,2022-11-03,2022-11-02,4513.98,4513.98,0.0,On-time
PAY0002015,LOAN0000478,CUST0000586,2026-05-17,2026-06-09,382.05,-382.05,23.0,Late
PAY0002016,LOAN0000319,CUST0000112,2026-05-04,2026-05-10,132.31,132.31,6.0,Late
PAY0002017,LOAN0000055,CUST0000726,2026-02-26,2026-02-26,399.72,399.72,0.0,On-time
PAY0002018,LOAN0000439,CUST0000280,2025-04-21,2025-04-20,216.4,170.85,0.0,Partial
PAY0002019,LOAN0000479,CUST0000957,2025-10-31,2025-10-30,284.06,210.57,0.0,Partial
PAY0002020,LOAN0000439,CUST0000280,2024-12-21,,216.4,216.4,24.0,Late
PAY0002021,LOAN0000590,CUST0000731,2025-04-04,2025-04-02,425.85,425.85,0.0,On-time
PAY0002022,LOAN0000578,CUST0000916,2023-10-01,2023-10-01,335.27,335.27,0.0,On-time
PAY0002023,LOAN0000173,CUST0000500,2025-02-26,2025-02-24,41.76,41.76,0.0,On-time
PAY0002024,LOAN0000527,CUST0000770,2026-05-23,2026-05-23,449.74,449.74,0.0,On-time
PAY0002025,LOAN0000488,CUST0000052,2023-09-10,2023-09-08,135.79,135.79,0.0,On-time
PAY0002026,LOAN0000442,CUST0000745,2025-04-04,,250.74,0.0,,Missed
PAY0002027,LOAN0000120,CUST0000484,2023-01-12,,316.36,316.36,0.0,On-time
PAY0002028,LOAN0000184,CUST0000347,2024-08-10,2024-08-08,487.42,281.37,0.0,Partial
PAY0002029,LOAN0000334,CUST0000824,2025-08-05,2025-08-05,98.19,98.19,0.0,On-time
PAY0002030,LOAN0000493,CUST0000307,2024-04-20,2024-05-10,516.28,516.28,20.0,Late
PAY0002031,LOAN0000422,CUST0000388,2022-08-14,2022-08-14,394.51,394.51,0.0,On-time
PAY0002032,LOAN0000513,CUST0000621,2025-08-01,2025-08-01,667.76,667.76,0.0,On-time
PAY0002033,LOAN0000547,CUST0000422,2024-06-19,2024-06-17,244.53,244.53,0.0,On-time
PAY0002034,LOAN0000535,CUST0000528,2023-06-27,2023-06-27,1034.18,1034.18,0.0,On-time
PAY0002035,LOAN0000472,CUST0000609,2026-08-11,2026-09-20,666.25,666.25,40.0,Late
PAY0002036,LOAN0000492,CUST0000089,2025-06-30,2025-07-12,348.69,348.69,12.0,delayed
PAY0002037,LOAN0000322,CUST0000697,2026-07-25,2026-07-24,303.76,303.76,0.0,On-time
PAY0002038,LOAN0000461,CUST0000893,2025-07-25,2025-07-25,13.08,13.08,0.0,On-time
PAY0002039,LOAN0000534,CUST0000170,2026-08-07,2026-08-05,80.99,80.99,0.0,On-time
PAY0002040,LOAN0000047,CUST0000212,2026-08-15,2026-08-14,199.31,199.31,0.0,On-time
PAY0002041,LOAN0000353,CUST0000832,2021-11-29,2021-11-29,1665.78,1665.78,0.0,On-time
PAY0002042,LOAN0000516,CUST0000138,2026-02-06,2026-03-11,158.04,158.04,33.0,Late
PAY0002043,LOAN0000003,CUST0000556,2025-06-14,2025-06-12,1906.25,1906.25,0.0,On-time
PAY0002044,LOAN0000496,CUST0000211,2026-02-27,2026-02-27,488.18,488.18,0.0,On-time
PAY0002045,LOAN0000371,CUST0000522,2023-05-06,2023-06-04,1425.12,1425.12,29.0,Late
PAY0002046,LOAN0000138,CUST0000052,2024-11-03,2024-11-03,332.64,332.64,0.0,On-time
PAY0002047,LOAN0000058,CUST0000978,2024-03-19,2024-03-18,909.7,909.7,0.0,On-time
PAY0002048,LOAN0000426,CUST0000297,2023-01-15,2023-02-17,370.17,370.17,33.0,Late
PAY0002049,LOAN0000402,CUST0000072,2026-03-03,2026-03-03,158.38,158.38,0.0,On-time
PAY0002050,LOAN0000234,CUST0000396,2022-01-08,2022-01-08,235.35,235.35,0.0,On-time
PAY0002051,LOAN0000549,CUST0000293,2026-01-01,2025-12-31,155.52,155.52,0.0,On-time
PAY0002052,LOAN0000115,CUST0000780,2024-08-12,2024-08-10,146.22,146.22,0.0,On-time
PAY0002053,LOAN0000432,CUST0000070,2026-05-25,2026-05-25,261.4,261.4,0.0,On-time
PAY0002054,LOAN0000191,CUST0000044,2025-10-01,2025-09-29,1957.75,1957.75,0.0,On-time
PAY0002055,LOAN0000449,CUST0000617,2023-06-18,2023-06-16,464.05,464.05,0.0,On-time
PAY0002056,LOAN0000162,CUST0000866,2026-02-17,2026-02-16,533.21,533.21,0.0,On-time
PAY0002057,LOAN0000136,CUST0000678,2022-10-13,2022-10-11,62.52,62.52,0.0,On-time
PAY0002058,LOAN0000547,CUST0000422,2024-11-18,2024-11-17,244.53,244.53,0.0,On-time
PAY0002059,LOAN0000285,CUST0000506,2025-06-14,2025-06-14,133.87,133.87,0.0,On-time
PAY0002060,LOAN0000115,CUST0000780,2025-03-13,2025-03-12,146.22,101.01,0.0,Partial
PAY0002061,LOAN0000100,CUST0000084,2023-07-24,2023-07-23,1277.87,1277.87,0.0,On-time
PAY0002062,LOAN0000437,CUST0000668,2026-03-18,2026-03-17,572.37,572.37,0.0,On-time
PAY0002063,LOAN0000360,CUST0000875,2023-07-31,2023-07-31,17.76,17.76,0.0,On-time
PAY0002064,LOAN0000273,CUST0000955,2023-02-26,,1128.57,0.0,,Missed
PAY0002065,LOAN0000559,CUST0000824,2026-04-30,2026-06-12,176.29,176.29,43.0,Late
PAY0002066,LOAN0000554,CUST0000181,2025-02-14,2025-02-14,33.52,33.52,0.0,On-time
PAY0002067,LOAN0000346,CUST0000988,2024-12-05,2024-12-03,186.55,83.27,0.0,Partial
PAY0002068,LOAN0000121,CUST0000032,2022-11-11,,685.92,0.0,,Missed
PAY0002069,LOAN0000167,CUST0000260,2024-07-08,2024-07-08,974.84,974.84,0.0,On-time
PAY0002070,LOAN0000154,CUST0000605,2025-08-07,2025-08-06,218.73,218.73,0.0,On-time
PAY0002071,LOAN0000179,CUST0000796,2024-12-25,,76.24,0.0,,Missed
PAY0002072,LOAN0000211,CUST0000060,2024-06-26,2024-06-26,609.68,609.68,0.0,On-time
PAY0002073,LOAN0000037,CUST0000595,2026-08-09,2026-08-09,36.52,36.52,0.0,On-time
PAY0002074,LOAN0000183,CUST0000713,2023-12-22,,588.68,0.0,,Missed
PAY0002075,LOAN0000256,CUST0000931,2024-09-25,2024-09-24,94.47,94.47,0.0,On-time
PAY0002076,LOAN0000256,CUST0000931,2023-10-26,2023-11-04,94.47,94.47,9.0,Late
PAY0002077,LOAN0000342,CUST0000666,2026-03-12,2026-03-13,103.82,103.82,1.0,Late
PAY0002078,LOAN0000051,CUST0000838,2024-09-22,2024-09-22,1474.03,1474.03,0.0,On-time
PAY0002079,LOAN0000003,CUST0000556,2025-05-14,2025-05-13,1906.25,-1906.25,0.0,On-time
PAY0002080,LOAN0000005,CUST0000678,2025-12-29,2025-12-28,25.92,21.27,0.0,Partial
PAY0002081,LOAN0000081,CUST0000682,2026-03-20,2026-03-19,377.89,377.89,0.0,On-time
PAY0002082,LOAN0000118,CUST0000545,2024-06-07,2024-06-05,208.58,208.58,0.0,On-time
PAY0002083,LOAN0000230,CUST0000869,2024-09-23,2024-09-22,271.38,271.38,0.0,On-time
PAY0002084,LOAN0000589,CUST0000517,2024-08-31,2024-08-31,611.86,-611.86,0.0,On-time
PAY0002085,LOAN0000358,CUST0000899,2026-05-08,2026-06-05,368.63,368.63,28.0,Late
PAY0002086,LOAN0000520,CUST0000697,2024-05-15,2024-05-15,168.67,168.67,0.0,On-time
PAY0002087,LOAN0000270,CUST0000115,2025-11-15,2025-11-14,188.1,188.1,0.0,On-time
PAY0002088,LOAN0000587,CUST0000313,2023-06-24,2023-06-22,268.66,268.66,0.0,on time
PAY0002089,LOAN0000575,CUST0000725,2026-06-10,2026-06-08,264.71,124.07,0.0,Partial
PAY0002090,LOAN0000569,CUST0000182,2024-11-26,2024-11-26,206.03,206.03,0.0,On-time
PAY0002091,LOAN0000140,CUST0000221,2024-10-24,2024-10-22,83.09,83.09,0.0,On-time
PAY0002092,LOAN0000385,CUST0000435,2022-10-28,2022-10-26,394.76,394.76,0.0,On-time
PAY0002093,LOAN0000564,CUST0000695,2026-03-15,2026-03-13,471.54,471.54,0.0,On-time
PAY0002094,LOAN0000145,CUST0000538,2022-06-21,2022-06-19,1202.85,1202.85,0.0,On-time
PAY0002095,LOAN0000147,CUST0000364,2025-08-27,2025-08-27,150.55,150.55,0.0,On-time
PAY0002096,LOAN0000416,CUST0000611,2024-12-07,,21.6,0.0,,Missed
PAY0002097,LOAN0000301,CUST0000438,2026-05-05,2026-05-03,160.1,160.1,0.0,On-time
PAY0002098,LOAN0000102,CUST0000551,2026-04-21,2026-04-21,635.91,635.91,0.0,On-time
PAY0002099,LOAN0000136,CUST0000678,2022-11-13,2022-11-13,62.52,62.52,0.0,On-time
PAY0002100,LOAN0000311,CUST0000689,2024-12-23,2024-12-23,184.19,184.19,0.0,On-time
PAY0002101,LOAN0000248,CUST0000569,2025-02-05,2025-02-03,273.13,273.13,0.0,On-time
PAY0002102,LOAN0000311,CUST0000689,2025-04-24,,184.19,184.19,0.0,On-time
PAY0002103,LOAN0000184,CUST0000347,2024-07-11,2024-07-10,487.42,487.42,0.0,On-time
PAY0002104,LOAN0000046,CUST0000361,2023-04-18,2023-04-18,1162.93,1162.93,0.0,On-time
PAY0002105,LOAN0000541,CUST0000470,2023-07-31,2023-07-30,1284.91,1284.91,0.0,On-time
PAY0002106,LOAN0000020,CUST0000574,2026-05-26,2026-05-25,437.5,437.5,0.0,On-time
PAY0002107,LOAN0000051,CUST0000838,2024-04-23,2024-04-22,1474.03,1474.03,0.0,On-time
PAY0002108,LOAN0000099,CUST0000232,2025-10-14,2025-10-13,124.7,124.7,0.0,On-time
PAY0002109,LOAN0000415,CUST0000528,2026-07-23,2026-07-22,661.37,661.37,0.0,On-time
PAY0002110,LOAN0000149,CUST0000764,2026-03-10,2026-03-10,556.36,,0.0,On-time
PAY0002111,LOAN0000027,CUST0000457,2023-05-22,2023-05-22,240.0,240.0,0.0,On-time
PAY0002112,LOAN0000248,CUST0000569,2023-11-07,2023-11-07,273.13,273.13,0.0,On-time
PAY0002113,LOAN0000242,CUST0000420,2024-08-13,2024-08-11,711.72,711.72,0.0,On-time
PAY0002114,LOAN0000239,CUST0000856,2026-01-09,2026-01-09,160.45,160.45,0.0,On-time
PAY0002115,LOAN0000110,CUST0000466,2023-10-23,2023-10-22,434.4,434.4,0.0,On-time
PAY0002116,LOAN0000470,CUST0000725,2023-10-03,2023-10-09,241.98,241.98,6.0,Late
PAY0002117,LOAN0000522,CUST0000507,2025-05-04,2025-05-02,1893.28,1893.28,0.0,On-time
PAY0002118,LOAN0000051,CUST0000838,2022-07-23,2022-07-21,1474.03,1474.03,0.0,On-time
PAY0002119,LOAN0000339,CUST0000384,2023-11-23,2023-11-23,83.06,83.06,0.0,On-time
PAY0002120,LOAN0000241,CUST0000791,2026-02-22,2026-02-21,386.8,386.8,0.0,On-time
PAY0002121,LOAN0000021,CUST0000826,2026-08-18,2026-08-18,38.77,38.77,0.0,On-time
PAY0002122,LOAN0000571,CUST0000295,2023-01-17,2023-01-17,914.71,667.18,0.0,Partial
PAY0002123,LOAN0000180,CUST0000371,2026-03-12,2026-03-11,422.07,422.07,0.0,On-time
PAY0002124,LOAN0000493,CUST0000307,2024-06-20,2024-06-18,516.28,516.28,0.0,On-time
PAY0002125,LOAN0000591,CUST0000472,2026-02-20,2026-02-18,173.16,,0.0,On-time
PAY0002126,LOAN0000547,CUST0000422,2025-12-19,2025-12-19,244.53,244.53,0.0,On-time
PAY0002127,LOAN0000008,CUST0000974,2024-11-08,2024-11-06,77.65,77.65,0.0,On Time
PAY0002128,LOAN0000299,CUST0000136,2021-11-05,2021-11-03,486.64,,0.0,On-time
PAY0002129,LOAN0000053,CUST0000300,2025-11-25,2025-11-24,820.68,820.68,0.0,On-time
PAY0002130,LOAN0000074,CUST0000096,2026-04-08,2026-04-08,325.95,325.95,0.0,On-time
PAY0002131,LOAN0000392,CUST0000563,2025-12-25,2025-12-23,643.1,511.41,0.0,Partial
PAY0002132,LOAN0000456,CUST0000220,2023-02-05,2023-02-05,204.09,204.09,0.0,On-time
PAY0002133,LOAN0000272,CUST0000177,2022-04-01,2022-04-21,248.57,248.57,20.0,Late
PAY0002134,LOAN0000282,CUST0000724,2026-07-24,2026-07-23,67.12,35.44,0.0,Partial
PAY0002135,LOAN0000202,CUST0000060,2026-02-20,2026-02-20,65.87,65.87,0.0,On-time
PAY0002136,LOAN0000057,CUST0000816,2023-12-25,2023-12-24,441.62,441.62,0.0,On-time
PAY0002137,LOAN0000477,CUST0000436,2023-11-22,2023-11-21,14.8,14.8,0.0,On-time
PAY0002138,LOAN0000173,CUST0000500,2024-10-27,2024-11-19,41.76,41.76,23.0,Late
PAY0002139,LOAN0000252,CUST0000521,2026-02-21,,1682.41,0.0,,Missed
PAY0002140,LOAN0000160,CUST0000148,2025-07-16,,76.44,0.0,,Missed
PAY0002141,LOAN0000217,CUST0000492,2025-09-03,2025-09-02,683.75,683.75,0.0,On-time
PAY0002142,LOAN0000132,CUST0000669,2026-03-17,2026-03-17,628.47,628.47,0.0,On-time
PAY0002143,LOAN0000564,CUST0000695,2024-08-14,2024-08-12,471.54,471.54,0.0,On-time
PAY0002144,LOAN0000216,CUST0000899,2024-08-20,2024-08-18,545.77,545.77,0.0,On-time
PAY0002145,LOAN0000483,CUST0000418,2024-10-05,2024-10-04,191.54,191.54,0.0,On-time
PAY0002146,LOAN0000229,CUST0000179,2025-07-04,2025-07-03,41.64,41.64,0.0,On-time
PAY0002147,LOAN0000506,CUST0000630,2025-06-13,2025-06-11,206.27,206.27,0.0,On-time
PAY0002148,LOAN0000224,CUST0000556,2025-01-23,2025-01-23,1054.15,662.42,0.0,Partial
PAY0002149,LOAN0000584,CUST0000129,2026-05-06,2026-05-06,135.36,135.36,0.0,On-time
PAY0002150,LOAN0000057,CUST0000816,2023-11-25,2023-11-23,441.62,441.62,0.0,On-time
PAY0002151,LOAN0000192,CUST0000222,2022-11-12,2022-11-10,834.2,834.2,0.0,On-time
PAY0002152,LOAN0000382,CUST0000508,2026-05-02,2026-05-02,416.59,416.59,0.0,On-time
PAY0002153,LOAN0000325,CUST0000206,2025-09-19,2025-09-18,2758.6,2758.6,0.0,On-time
PAY0002154,LOAN0000090,CUST0000721,2023-06-21,2023-06-19,213.64,213.64,0.0,On-time
PAY0002155,LOAN0000028,CUST0000016,2023-09-22,2023-09-21,196.9,92.06,0.0,Partial
PAY0002156,LOAN0000340,CUST0000532,2026-07-23,2026-08-19,498.01,498.01,27.0,Late
PAY0002157,LOAN0000213,CUST0000023,2023-02-25,2023-02-24,1149.89,1149.89,0.0,On-time
PAY0002158,LOAN0000556,CUST0000773,2026-05-22,2026-05-20,76.7,76.7,0.0,On-time
PAY0002159,LOAN0000571,CUST0000295,2022-10-18,,914.71,914.71,0.0,On-time
PAY0002160,LOAN0000003,CUST0000556,2025-10-14,2025-10-14,1906.25,1906.25,0.0,On-time
PAY0002161,LOAN0000425,CUST0000755,2026-07-01,2026-06-29,351.83,351.83,0.0,On-time
PAY0002162,LOAN0000266,CUST0000220,2025-05-11,2025-05-09,324.19,324.19,0.0,On-time
PAY0002163,LOAN0000416,CUST0000611,2025-10-07,2025-10-08,21.6,21.6,1.0,Late
PAY0002164,LOAN0000096,CUST0000078,2024-01-27,2024-01-26,811.36,811.36,0.0,On-time
PAY0002165,LOAN0000323,CUST0000103,2025-12-30,2025-12-30,50.87,50.87,0.0,On-time
PAY0002166,LOAN0000027,CUST0000457,2023-04-21,2023-04-21,240.0,240.0,0.0,On-time
PAY0002167,LOAN0000174,CUST0000976,2026-01-10,2026-01-09,2107.17,1497.98,0.0,Partial
PAY0002168,LOAN0000136,CUST0000678,2025-02-11,2025-02-09,62.52,62.52,0.0,On-time
PAY0002169,LOAN0000119,CUST0000188,2023-10-15,2023-10-14,820.41,820.41,0.0,On-time
PAY0002170,LOAN0000493,CUST0000307,2023-09-20,,516.28,516.28,26.0,Late
PAY0002171,LOAN0000277,CUST0000636,2026-07-05,2026-07-03,286.48,286.48,0.0,On-time
PAY0002172,LOAN0000140,CUST0000221,2025-02-23,2025-02-23,83.09,83.09,0.0,On-time
PAY0002173,LOAN0000529,CUST0000838,2024-11-23,2024-12-28,513.54,513.54,35.0,Late
PAY0002174,LOAN0000268,CUST0000062,2025-04-07,2025-04-05,60.75,60.75,0.0,On-time
PAY0002175,LOAN0000106,CUST0000453,2026-05-13,2026-05-12,775.35,775.35,0.0,On-time
PAY0002176,LOAN0000557,CUST0000030,2025-05-31,2025-05-30,2011.13,2011.13,0.0,On-time
PAY0002177,LOAN0000316,CUST0000547,2026-04-26,,258.01,0.0,,Missed
PAY0002178,LOAN0000353,CUST0000832,2021-12-29,2021-12-27,1665.78,-1665.78,0.0,On-time
PAY0002179,LOAN0000501,CUST0000055,2025-07-05,2025-07-05,762.76,762.76,0.0,On-time
PAY0002180,LOAN0000290,CUST0000757,2023-03-15,2023-03-13,649.64,-100.0,0.0,On-time
PAY0002181,LOAN0000207,CUST0000383,2023-11-16,,935.64,,,Missed
PAY0002182,LOAN0000382,CUST0000508,2026-03-02,2026-03-02,416.59,416.59,0.0,On-time
PAY0002183,LOAN0000224,CUST0000556,2026-03-25,,1054.15,1054.15,0.0,On-time
PAY0002184,LOAN0000224,CUST0000556,2026-05-25,2026-05-24,1054.15,598.93,0.0,Partial
PAY0002185,LOAN0000025,CUST0000636,2026-02-28,2026-02-28,398.64,398.64,0.0,On-time
PAY0002186,LOAN0000426,CUST0000297,2024-05-16,2024-05-14,370.17,370.17,0.0,On-time
PAY0002187,LOAN0000345,CUST0000724,2025-07-27,2025-07-26,906.51,906.51,0.0,On-time
PAY0002188,LOAN0000368,CUST0000389,2026-03-20,,207.2,0.0,,Missed
PAY0002189,LOAN0000237,CUST0000988,2024-06-23,2024-06-21,1335.42,1335.42,0.0,On-time
PAY0002190,LOAN0000013,CUST0000091,2025-01-02,2025-01-01,1833.33,1833.33,0.0,On-time
PAY0002191,LOAN0000209,CUST0000225,2024-08-06,2024-08-04,295.37,295.37,0.0,on time
PAY0002192,LOAN0000370,CUST0000869,2025-08-27,2025-08-29,778.37,778.37,2.0,Late
PAY0002193,LOAN0000015,CUST0000311,2026-01-05,2026-01-05,188.87,188.87,0.0,On-time
PAY0002194,LOAN0000132,CUST0000669,2026-07-17,2026-07-16,628.47,628.47,0.0,On-time
PAY0002195,LOAN0000506,CUST0000630,2026-07-13,2026-07-12,206.27,206.27,0.0,On-time
PAY0002196,LOAN0000423,CUST0000564,2025-09-21,2025-09-21,43.59,43.59,0.0,On-time
PAY0002197,LOAN0000384,CUST0000497,2025-09-29,2025-09-29,97.43,97.43,0.0,On-time
PAY0002198,LOAN0000185,CUST0000327,2024-03-10,2024-03-08,89.29,89.29,0.0,On-time
PAY0002199,LOAN0000519,CUST0000619,2023-02-23,2023-02-22,150.47,150.47,0.0,On-time
PAY0002200,LOAN0000261,CUST0000085,2026-06-13,2026-06-13,279.09,279.09,0.0,On-time
PAY0002201,LOAN0000521,CUST0000273,2024-10-01,,1356.42,0.0,,Missed
PAY0002202,LOAN0000343,CUST0000618,2025-03-04,2025-03-02,2825.66,,0.0,On-time
PAY0002203,LOAN0000467,CUST0000635,2026-05-04,2026-05-03,225.47,225.47,0.0,On-time
PAY0002204,LOAN0000492,CUST0000089,2024-11-28,2024-11-27,348.69,165.81,0.0,Partial
PAY0002205,LOAN0000058,CUST0000978,2024-01-18,2024-01-18,909.7,909.7,0.0,On-time
PAY0002206,LOAN0000274,CUST0000327,2025-03-04,2025-03-22,125.44,125.44,18.0,Late
PAY0002207,LOAN0000139,CUST0000859,2024-05-11,2024-05-27,627.26,627.26,16.0,Late
PAY0002208,LOAN0000081,CUST0000682,2022-09-19,2022-09-17,377.89,377.89,0.0,On-time
PAY0002209,LOAN0000034,CUST0000621,2025-03-13,2025-03-13,145.27,145.27,0.0,On-time
PAY0002210,LOAN0000070,CUST0000916,2024-11-20,2024-11-18,592.68,592.68,0.0,On-time
PAY0002211,LOAN0000440,CUST0000395,2025-03-23,2025-03-23,555.31,555.31,0.0,On-time
PAY0002212,LOAN0000055,CUST0000726,2024-06-27,2024-06-26,399.72,399.72,0.0,On-time
PAY0002213,LOAN0000385,CUST0000435,2021-12-27,2021-12-26,394.76,394.76,0.0,On-time
PAY0002214,LOAN0000170,CUST0000156,2025-01-14,2025-01-29,1293.11,1293.11,15.0,Late
PAY0002215,LOAN0000578,CUST0000916,2023-04-02,2023-03-31,335.27,335.27,0.0,On-time
PAY0002216,LOAN0000386,CUST0000481,2025-04-13,,155.17,-155.17,0.0,On-time
PAY0002217,LOAN0000136,CUST0000678,2025-12-13,2025-12-13,62.52,62.52,0.0,On-time
PAY0002218,LOAN0000243,CUST0000094,2024-10-08,2024-10-06,227.16,227.16,0.0,On-time
PAY0002219,LOAN0000576,CUST0000001,2025-03-04,,341.13,0.0,,Missed
PAY0002220,LOAN0000027,CUST0000457,2025-04-21,2025-04-21,240.0,240.0,0.0,On-time
PAY0002221,LOAN0000493,CUST0000307,2025-03-21,2025-03-19,516.28,516.28,0.0,On-time
PAY0002222,LOAN0000167,CUST0000260,2024-12-07,2024-12-05,974.84,974.84,0.0,On-time
PAY0002223,LOAN0000358,CUST0000899,2024-12-06,2024-12-05,368.63,368.63,0.0,On-time
PAY0002224,LOAN0000388,CUST0000135,2023-03-13,2023-03-13,1240.37,1240.37,0.0,On-time
PAY0002225,LOAN0000308,CUST0000188,2026-05-30,2026-05-30,680.08,680.08,0.0,On-time
PAY0002226,LOAN0000201,CUST0000283,2026-02-28,2026-02-27,640.87,640.87,0.0,On-time
PAY0002227,LOAN0000002,CUST0000552,2026-03-02,2026-03-23,38.11,38.11,21.0,Late
PAY0002228,LOAN0000236,CUST0000945,2024-06-22,2024-06-29,123.89,123.89,7.0,Late
PAY0002229,LOAN0000461,CUST0000893,2025-10-24,2025-10-23,13.08,13.08,0.0,On-time
PAY0002230,LOAN0000184,CUST0000347,2024-11-10,,487.42,0.0,,Missed
PAY0002231,LOAN0000489,CUST0000219,2024-12-25,2024-12-25,3381.18,3381.18,0.0,On-time
PAY0002232,LOAN0000205,CUST0000080,2025-01-25,2025-02-17,709.8,709.8,23.0,Late
PAY0002233,LOAN9116739,CUST0000435,2024-08-28,2024-08-27,394.76,394.76,0.0,On-time
PAY0002234,LOAN0000257,CUST0000699,2023-10-25,2023-10-23,1022.97,1022.97,0.0,On-time
PAY0002235,LOAN0000255,CUST0000491,2024-08-07,2024-08-05,379.26,379.26,0.0,On-time
PAY0002236,LOAN0000183,CUST0000713,2023-10-22,2023-10-26,588.68,588.68,4.0,Late
PAY0002237,LOAN0000066,CUST0000604,2023-02-16,2023-02-21,277.59,277.59,5.0,Late
PAY0002238,LOAN0000167,CUST0000260,2025-04-07,2025-04-06,974.84,974.84,0.0,On-time
PAY0002239,LOAN0000103,CUST0000671,2025-09-29,,280.45,0.0,,Missed
PAY0002240,LOAN0000589,CUST0000517,2025-06-01,2025-05-31,611.86,611.86,0.0,On-time
PAY0002241,LOAN0000267,CUST0000745,2026-08-10,,122.23,0.0,,Missed
PAY0002242,LOAN0000295,CUST0000369,2025-08-03,2025-08-01,638.67,638.67,0.0,On-time
PAY0002243,LOAN0000315,CUST0000259,2022-08-30,,962.31,962.31,0.0,On-time
PAY0002244,LOAN0000240,CUST0000608,2025-09-19,2025-09-19,533.89,533.89,0.0,On-time
PAY0002245,LOAN0000263,CUST0000966,2023-12-11,2023-12-09,460.72,460.72,0.0,On-time
PAY0002246,LOAN0000402,CUST0000072,2025-09-01,2025-09-25,158.38,158.38,24.0,Late
PAY0002247,LOAN0000108,CUST0000303,2024-11-30,2024-11-30,115.22,115.22,0.0,On-time
PAY0002248,LOAN0000351,CUST0000434,2022-12-31,2022-12-29,901.14,901.14,0.0,On-time
PAY0002249,LOAN0000500,CUST0000918,2024-11-14,2024-11-12,199.95,199.95,0.0,On-time
PAY0002250,LOAN0000348,CUST0000228,2024-01-13,2024-01-13,140.46,140.46,0.0,On-time
PAY0002251,LOAN0000119,CUST0000188,2026-03-16,,820.41,0.0,,Missed
PAY0002252,LOAN0000129,CUST0000236,2025-04-09,2025-04-09,453.79,453.79,0.0,On-time
PAY0002253,LOAN0000319,CUST0000112,2023-10-04,,132.31,132.31,40.0,Late
PAY0002254,LOAN0000318,CUST0000451,2023-01-12,2023-01-11,1389.25,1389.25,0.0,On-time
PAY0002255,LOAN0000279,CUST0000696,2024-10-24,2024-10-22,28.99,28.99,0.0,On-time
PAY0002256,LOAN0000229,CUST0000179,2024-06-04,2024-07-06,41.64,41.64,32.0,Late
PAY0002257,LOAN0000098,CUST0000913,2024-07-28,2024-07-28,205.08,205.08,0.0,On-time
PAY0002258,LOAN0000505,CUST0000062,2023-05-19,,50.36,50.36,0.0,On-time
PAY0002259,LOAN0000156,CUST0000047,2023-04-15,2023-04-14,19.97,19.97,0.0,On-time
PAY0002260,LOAN0000385,CUST0000435,2024-07-28,2024-07-26,394.76,394.76,0.0,On-time
PAY0002261,LOAN0000121,CUST0000032,2022-09-11,2022-09-11,685.92,685.92,0.0,On-time
PAY0002262,LOAN0000139,CUST0000859,2025-06-10,2025-06-10,627.26,627.26,0.0,On-time
PAY0002263,LOAN0000541,CUST0000470,2025-12-30,2025-12-30,1284.91,1284.91,0.0,On-time
PAY0002264,LOAN0000022,CUST0000637,2024-07-27,2024-07-27,78.37,78.37,0.0,On-time
PAY0002265,LOAN0000259,CUST0000175,2025-05-24,2025-05-24,393.56,393.56,0.0,On-time
PAY0002266,LOAN0000087,CUST0000889,2026-03-06,2026-03-05,286.79,286.79,0.0,On-time
PAY0002267,LOAN0000249,CUST0000632,2025-10-11,2025-10-09,1134.85,1134.85,0.0,On-time
PAY0002268,LOAN0000153,CUST0000245,2024-04-23,2024-04-23,313.95,260.51,0.0,Partial
PAY0002269,LOAN0000248,CUST0000569,2024-08-06,2024-08-04,273.13,273.13,0.0,On-time
PAY0002270,LOAN0000390,CUST0000310,2026-01-22,2026-01-21,377.65,377.65,0.0,On-time
PAY0002271,LOAN0000117,CUST0000975,2026-03-01,2026-02-27,466.71,466.71,0.0,On-time
PAY0002272,LOAN0000122,CUST0000253,2024-04-04,2024-04-02,559.32,559.32,0.0,On-time
PAY0002273,LOAN0000112,CUST0000398,2025-06-01,,275.2,0.0,,On-time
PAY0002274,LOAN0000178,CUST0000675,2024-09-13,,963.41,0.0,,Missed
PAY0002275,LOAN0000154,CUST0000605,2025-04-07,,218.73,218.73,0.0,On-time
PAY0002276,LOAN0000115,CUST0000780,2023-10-13,,146.22,0.0,,Missed
PAY0002277,LOAN0000147,CUST0000364,2026-07-28,2026-07-27,150.55,,0.0,On-time
PAY0002278,LOAN0000209,CUST0000225,2024-12-06,2024-12-04,295.37,295.37,0.0,On-time
PAY0002279,LOAN0000088,CUST0000710,2024-09-18,2024-09-18,1812.64,1812.64,0.0,On-time
PAY0002280,LOAN0000063,CUST0000024,2026-08-19,2026-08-18,101.19,101.19,0.0,On-time
PAY0002281,LOAN0000162,CUST0000866,2025-03-19,2025-03-19,533.21,533.21,0.0,On-time
PAY0002282,LOAN0000346,CUST0000988,2024-11-04,,186.55,186.55,0.0,On-time
PAY0002283,LOAN0000055,CUST0000726,2023-12-28,2023-12-27,399.72,399.72,0.0,On-time
PAY0002284,LOAN0000062,CUST0000397,2024-08-30,,309.46,0.0,,Missed
PAY0002285,LOAN0000525,CUST0000266,2026-07-18,2026-07-18,1088.92,1088.92,0.0,On-time
PAY0002286,LOAN0000140,CUST0000221,2025-07-25,2025-07-23,83.09,83.09,0.0,On-time
PAY0002287,LOAN0000410,CUST0000712,2022-08-16,2022-08-31,696.51,696.51,15.0,Late
PAY0002288,LOAN0000073,CUST0000266,2023-07-07,2023-07-07,101.83,101.83,0.0,On Time
PAY0002289,LOAN0000052,CUST0000697,2022-05-24,2022-05-23,1339.51,1339.51,0.0,On-time
PAY0002290,LOAN0000584,CUST0000129,2025-02-04,2025-02-04,135.36,135.36,0.0,On-time
PAY0002291,LOAN0000019,CUST0000441,2023-01-29,2023-01-28,2083.16,2083.16,0.0,On-time
PAY0002292,LOAN0000450,CUST0000307,2025-09-01,2025-09-01,205.25,205.25,0.0,On-time
PAY0002293,LOAN0000369,CUST0000699,2023-04-20,2023-04-20,863.87,863.87,0.0,On-time
PAY0002294,LOAN0000450,CUST0000307,2024-11-01,2024-11-17,205.25,205.25,16.0,Late
PAY0002295,LOAN0000381,CUST0000477,2026-04-09,2026-04-07,1402.35,1402.35,0.0,On-time
PAY0002296,LOAN0000537,CUST0000611,2026-02-03,2026-02-01,29.05,29.05,0.0,On-time
PAY0002297,LOAN0000233,CUST0000781,2025-08-23,2025-08-21,2150.27,2150.27,0.0,On-time
PAY0002298,LOAN0000452,CUST0000389,2026-04-08,,517.19,0.0,,Missed
PAY0002299,LOAN0000345,CUST0000724,2024-05-27,2024-05-27,906.51,906.51,0.0,On-time
PAY0002300,LOAN0000340,CUST0000532,2025-11-22,2025-11-21,498.01,498.01,0.0,On-time
PAY0002301,LOAN0000568,CUST0000389,2025-12-11,2025-12-11,206.47,-206.47,0.0,On-time
PAY0002302,LOAN0000023,CUST0000556,2025-04-23,2025-04-23,888.73,888.73,0.0,On-time
PAY0002303,LOAN0000213,CUST0000023,2023-05-27,2023-05-26,1149.89,1149.89,0.0,On-time
PAY0002304,LOAN0000156,CUST0000047,2024-01-14,2024-01-12,19.97,19.97,0.0,On-time
PAY0002305,LOAN0000232,CUST0000762,2024-02-22,2024-02-22,30.32,30.32,0.0,On-time
PAY0002306,LOAN0000371,CUST0000522,2025-06-05,2025-06-04,1425.12,1425.12,0.0,On-time
PAY0002307,LOAN0000027,CUST0000457,2022-10-21,2022-10-19,240.0,240.0,0.0,On-time
PAY0002308,LOAN0000345,CUST0000724,2026-05-27,2026-05-27,906.51,906.51,0.0,on time
PAY0002309,LOAN0000221,CUST0000720,2025-08-25,2025-08-24,836.91,836.91,0.0,On-time
PAY0002310,LOAN0000102,CUST0000551,2023-11-20,2023-11-18,635.91,635.91,0.0,On-time
PAY0002311,LOAN0000233,CUST0000781,2024-03-24,2024-03-23,2150.27,2150.27,0.0,On-time
PAY0002312,LOAN0000089,CUST0000928,2026-04-18,2026-05-10,258.83,258.83,22.0,Late
PAY0002313,LOAN0000012,CUST0000725,2026-06-21,2026-06-21,607.42,607.42,0.0,On-time
PAY0002314,LOAN0000161,CUST0000522,2022-03-29,2022-03-27,1392.51,1392.51,0.0,On-time
PAY0002315,LOAN0000526,CUST0000184,2025-02-24,2025-02-24,341.99,341.99,0.0,On-time
PAY0002316,LOAN0000188,CUST0000979,2025-10-10,2025-10-09,349.2,349.2,0.0,On-time
PAY0002317,LOAN0000442,CUST0000745,2025-11-03,2025-11-05,250.74,-250.74,2.0,Late
PAY0002318,LOAN0000479,CUST0000957,2025-12-01,2025-12-31,284.06,284.06,30.0,Late
PAY0002319,LOAN0000470,CUST0000725,2024-07-03,2024-07-01,241.98,241.98,0.0,On-time
PAY0002320,LOAN0000188,CUST0000979,2024-12-10,2024-12-08,349.2,349.2,0.0,On-time
PAY0002321,LOAN0000254,CUST0000296,2025-04-26,2025-04-25,449.87,449.87,0.0,On-time
PAY0002322,LOAN0000058,CUST0000978,2025-03-20,2025-03-18,909.7,909.7,0.0,On-time
PAY0002323,LOAN0000064,CUST0000818,2025-02-05,2025-02-03,499.21,-499.21,0.0,On-time
PAY0002324,LOAN0000029,CUST0000434,2025-05-16,2025-05-15,698.52,698.52,0.0,On-time
PAY0002325,LOAN0000555,CUST0000407,2023-03-31,2023-03-30,109.67,109.67,0.0,On-time
PAY0002326,LOAN0000538,CUST0000126,2026-03-09,2026-03-09,360.05,360.05,0.0,On-time
PAY0002327,LOAN0000232,CUST0000762,2021-10-22,2021-10-22,30.32,30.32,0.0,On-time
PAY0002328,LOAN0000274,CUST0000327,2024-06-04,2024-06-10,125.44,125.44,6.0,Late
PAY0002329,LOAN0000237,CUST0000988,2024-07-24,,1335.42,0.0,,Missed
PAY0002330,LOAN0000274,CUST0000327,2026-02-02,2026-02-02,125.44,125.44,0.0,On-time
PAY0002331,LOAN0000473,CUST0000340,2022-09-30,2022-09-28,528.94,528.94,0.0,On-time
PAY0002332,LOAN0000343,CUST0000618,2026-01-03,2026-01-03,2825.66,2825.66,0.0,On-time
PAY0002333,LOAN0000394,CUST0000050,2025-11-20,2025-11-20,566.23,566.23,0.0,On-time
PAY0002334,LOAN0000536,CUST0000581,2024-03-17,2024-03-16,246.77,246.77,0.0,On-time
PAY0002335,LOAN0000034,CUST0000621,2022-08-12,2022-08-12,145.27,145.27,0.0,On-time
PAY0002336,LOAN0000028,CUST0000016,2025-02-20,2025-02-20,196.9,196.9,0.0,On-time
PAY0002337,LOAN0000425,CUST0000755,2025-12-30,2025-12-30,351.83,351.83,0.0,On-time
PAY0002338,LOAN0000347,CUST0000702,2025-08-02,2025-08-01,1078.58,1078.58,0.0,On-time
PAY0002339,LOAN0000043,CUST0000911,2025-12-08,2025-12-07,304.1,304.1,0.0,On-time
PAY0002340,LOAN0000363,CUST0000783,2026-04-29,2026-04-28,630.91,630.91,0.0,On-time
PAY0002341,LOAN0000115,CUST0000780,2024-01-12,,146.22,0.0,,Missed
PAY0002342,LOAN0000469,CUST0000772,2022-01-25,2022-02-26,35.48,35.48,32.0,Late
PAY0002343,LOAN0000187,CUST0000518,2025-05-08,2025-05-06,201.21,155.7,0.0,Partial
PAY0002344,LOAN0000263,CUST0000966,2026-05-11,2026-05-10,460.72,460.72,0.0,On-time
PAY0002345,LOAN0000019,CUST0000441,2023-12-30,2023-12-29,2083.16,2083.16,0.0,On-time
PAY0002346,LOAN0000020,CUST0000574,2024-08-25,,437.5,0.0,,Missed
PAY0002347,LOAN0000055,CUST0000726,2025-04-28,2025-04-26,399.72,399.72,0.0,On-time
PAY0002348,LOAN0000436,CUST0000075,2025-07-15,2025-07-13,179.3,78.27,0.0,Partial
PAY0002349,LOAN0000213,CUST0000023,2023-08-26,2023-08-25,1149.89,1149.89,0.0,On-time
PAY0002350,LOAN0000566,CUST0000236,2023-10-31,2023-10-29,205.31,205.31,0.0,On-time
PAY0002351,LOAN0000556,CUST0000773,2024-02-20,2024-02-19,76.7,76.7,0.0,On-time
PAY0002352,LOAN0000467,CUST0000635,2026-03-04,2026-03-02,225.47,225.47,0.0,On-time
PAY0002353,LOAN0000337,CUST0000035,2024-06-26,2024-06-25,210.97,210.97,0.0,On-time
PAY0002354,LOAN0000138,CUST0000052,2024-02-03,2024-02-02,332.64,332.64,0.0,On-time
PAY0002355,LOAN0000306,CUST0000956,2025-09-04,2025-09-03,605.15,605.15,0.0,On-time
PAY0002356,LOAN0000365,CUST0000603,2026-08-03,2026-08-20,8074.3,8074.3,17.0,Late
PAY0002357,LOAN0000120,CUST0000484,2024-07-13,2024-07-11,316.36,316.36,0.0,On-time
PAY0002358,LOAN0000028,CUST0000016,2025-04-22,2025-05-09,196.9,196.9,17.0,Late
PAY0002359,LOAN0000043,CUST0000911,2026-06-08,2026-06-08,304.1,304.1,0.0,On-time
PAY0002360,LOAN0000574,CUST0000356,2024-08-02,2024-07-31,2031.77,2031.77,0.0,On-time
PAY0002361,LOAN0000098,CUST0000913,2026-01-27,2026-01-26,205.08,205.08,0.0,On-time
PAY0002362,LOAN0000017,CUST0000733,2023-10-20,2023-10-20,646.87,646.87,0.0,On-time
PAY0002363,LOAN0000374,CUST0000475,2024-10-22,2024-10-20,495.54,495.54,0.0,On-time
PAY0002364,LOAN0000265,CUST0000461,2024-11-02,2024-11-22,1752.19,1752.19,20.0,Late
PAY0002365,LOAN0000346,CUST0000988,2024-10-05,2024-10-03,186.55,186.55,0.0,On-time
PAY0002366,LOAN0000356,CUST0000951,2023-11-17,2023-11-15,208.44,208.44,0.0,On-time
PAY0002367,LOAN0000023,CUST0000556,2025-05-24,2025-05-22,888.73,888.73,0.0,On-time
PAY0002368,LOAN0000588,CUST0000382,2026-06-29,2026-06-27,148.33,148.33,0.0,On-time
PAY0002369,LOAN0000283,CUST0000045,2023-06-14,2023-06-20,57.8,57.8,6.0,delayed
PAY0002370,LOAN0000291,CUST0000987,2025-10-29,2025-10-27,424.49,424.49,0.0,On-time
PAY0002371,LOAN0000239,CUST0000856,2025-12-09,2025-12-08,160.45,160.45,0.0,On-time
PAY0002372,LOAN0000226,CUST0000893,2026-04-02,2026-03-31,101.32,101.32,0.0,On-time
PAY0002373,LOAN0000110,CUST0000466,2026-06-23,2026-06-22,434.4,434.4,0.0,On-time
PAY0002374,LOAN0000412,CUST0000828,2023-12-04,2023-12-02,1316.93,1316.93,0.0,On-time
PAY0002375,LOAN0000320,CUST0000394,2024-08-22,2024-08-22,637.39,637.39,0.0,On-time
PAY0002376,LOAN0000232,CUST0000762,2025-06-23,,30.32,0.0,,Missed
PAY0002377,LOAN0000098,CUST0000913,2026-05-29,2026-05-27,205.08,205.08,0.0,On-time
PAY0002378,LOAN0000457,CUST0000181,2026-07-27,,772.95,0.0,,Missed
PAY0002379,LOAN0000491,CUST0000360,2026-06-12,2026-06-11,1483.2,1483.2,0.0,On-time
PAY0002380,LOAN0000305,CUST0000286,2026-07-24,2026-07-23,34.75,34.75,0.0,On-time
PAY0002381,LOAN0000450,CUST0000307,2024-12-01,2024-12-01,205.25,205.25,0.0,On-time
PAY0002382,LOAN0000023,CUST0000556,2026-05-24,2026-05-22,888.73,888.73,0.0,On-time
PAY0002383,LOAN0000279,CUST0000696,2026-03-25,2026-03-25,28.99,28.99,0.0,On-time
PAY0002384,LOAN0000411,CUST0000531,2025-07-11,2025-07-22,1187.31,1187.31,11.0,Late
PAY0002385,LOAN0000017,CUST0000733,2023-09-19,2022-01-25,646.87,646.87,10.0,Late
PAY0002386,LOAN0000063,CUST0000024,2026-03-19,2026-03-17,101.19,101.19,0.0,On-time
PAY0002387,LOAN0000579,CUST0000002,2023-12-26,2023-12-24,467.36,467.36,0.0,On-time
PAY0002388,LOAN0000223,CUST0000379,2025-02-03,2025-02-03,176.49,176.49,0.0,On-time
PAY0002389,LOAN0000296,CUST0000997,2025-04-08,2025-04-07,305.84,305.84,0.0,On-time
PAY0002390,LOAN0000519,CUST0000619,2022-04-24,2022-04-23,150.47,150.47,0.0,On-time
PAY0002391,LOAN0000345,CUST0000724,2025-04-26,2025-04-26,906.51,906.51,0.0,On-time
PAY0002392,LOAN0000286,CUST0000607,2024-05-22,,448.57,0.0,,Missed
PAY0002393,LOAN0000117,CUST0000975,2025-07-01,2025-06-30,466.71,466.71,0.0,On-time
PAY0002394,LOAN0000390,CUST0000310,2024-09-22,2024-09-22,377.65,377.65,0.0,On-time
PAY0002395,LOAN0000266,CUST0000220,2025-03-11,2025-03-11,324.19,324.19,0.0,On-time
PAY0002396,LOAN0000234,CUST0000396,2022-03-10,2022-03-09,235.35,235.35,0.0,On-time
PAY0002397,LOAN0000230,CUST0000869,2025-06-23,2025-06-23,271.38,271.38,0.0,On-time
PAY0002398,LOAN0000210,CUST0000782,2025-09-16,2025-09-14,324.08,324.08,0.0,On-time
PAY0002399,LOAN0000496,CUST0000211,2025-11-28,2025-11-27,488.18,488.18,0.0,On-time
PAY0002400,LOAN0000047,CUST0000212,2022-10-15,2022-10-13,199.31,62.54,0.0,Partial
PAY0002401,LOAN0000116,CUST0000269,2026-07-29,,259.68,0.0,,Missed
PAY0002402,LOAN0000476,CUST0000898,2025-10-17,2025-11-24,642.92,642.92,38.0,Late
PAY0002403,LOAN0000098,CUST0000913,2025-12-27,,205.08,0.0,,Missed
PAY0002404,LOAN0000144,CUST0000143,2025-08-17,2025-08-16,184.57,184.57,0.0,On-time
PAY0002405,LOAN0000371,CUST0000522,2025-07-06,2025-07-06,1425.12,1425.12,0.0,On-time
PAY0002406,LOAN0000412,CUST0000828,2023-06-05,2023-06-03,1316.93,1316.93,0.0,On-time
PAY0002407,LOAN0000263,CUST0000966,2023-10-11,2023-10-10,460.72,460.72,0.0,On-time
PAY0002408,LOAN0000296,CUST0000997,2025-12-07,2025-12-06,305.84,305.84,0.0,On-time
PAY0002409,LOAN0000164,CUST0000966,2023-07-29,,3556.03,3556.03,0.0,On-time
PAY0002410,LOAN0000108,CUST0000303,2025-03-31,2025-03-30,115.22,115.22,0.0,On-time
PAY0002411,LOAN0000449,CUST0000617,2025-02-16,2025-02-16,464.05,464.05,0.0,On-time
PAY0002412,LOAN0000046,CUST0000361,2026-04-17,2026-04-17,1162.93,1162.93,0.0,On-time
PAY0002413,LOAN0000205,CUST0000080,2024-06-26,2024-06-26,709.8,251.23,0.0,Partial
PAY0002414,LOAN0000295,CUST0000369,2024-12-03,2024-12-03,638.67,638.67,0.0,On-time
PAY0002415,LOAN0000100,CUST0000084,2024-02-23,2024-03-02,1277.87,1277.87,8.0,Late
PAY0002416,LOAN0000536,CUST0000581,2023-02-15,2023-02-13,246.77,136.27,0.0,Partial
PAY0002417,LOAN0000039,CUST0000941,2025-10-25,2025-10-31,1194.92,1194.92,6.0,Late
PAY0002418,LOAN0000494,CUST0000188,2022-08-25,2022-09-05,1276.54,1276.54,11.0,Late
PAY0002419,LOAN0000299,CUST0000136,2023-08-07,2023-08-05,486.64,486.64,0.0,On-time
PAY0002420,LOAN0000272,CUST0000177,2022-06-01,2022-05-30,248.57,248.57,0.0,On-time
PAY0002421,LOAN0000295,CUST0000369,2023-10-04,2023-10-04,638.67,638.67,0.0,On-time
PAY0002422,LOAN0000234,CUST0000396,2021-12-09,2021-12-07,235.35,235.35,0.0,On-time
PAY0002423,LOAN0000245,CUST0000346,2024-07-23,2024-08-11,1602.5,1602.5,19.0,Late
PAY0002424,LOAN0000571,CUST0000295,2024-02-17,,914.71,0.0,,Missed
PAY0002425,LOAN0000066,CUST0000604,2023-12-18,2024-01-14,277.59,277.59,27.0,Late
PAY0002426,LOAN0000147,CUST0000364,2022-10-27,2022-11-15,150.55,150.55,19.0,Late
PAY0002427,LOAN0000428,CUST0000264,2025-10-04,2025-10-28,182.59,182.59,24.0,Late
PAY0002428,LOAN0000504,CUST0000953,2025-11-20,2025-11-20,228.62,228.62,0.0,On-time
PAY0002429,LOAN0000089,CUST0000928,2026-06-18,2026-06-17,258.83,258.83,0.0,On-time
PAY0002430,LOAN0000576,CUST0000001,2025-07-04,2025-07-04,341.13,341.13,0.0,On-time
PAY0002431,LOAN0000242,CUST0000420,2024-06-13,2024-06-13,711.72,711.72,0.0,On-time
PAY0002432,LOAN0000481,CUST0000429,2025-04-04,,227.01,0.0,,Missed
PAY0002433,LOAN0000547,CUST0000422,2024-03-19,2024-03-19,244.53,244.53,0.0,On-time
PAY0002434,LOAN0000588,CUST0000382,2024-08-28,2024-08-26,148.33,148.33,0.0,On-time
PAY0002435,LOAN0000321,CUST0000418,2023-10-29,2023-10-27,172.06,172.06,0.0,On-time
PAY0002436,LOAN0000240,CUST0000608,2026-04-20,2026-04-18,533.89,533.89,0.0,On-time
PAY0002437,LOAN0000424,CUST0000831,2025-08-06,2025-08-05,306.66,,0.0,Partial
PAY0002438,LOAN0000247,CUST0000511,2026-08-09,2026-08-08,31.95,31.95,0.0,On-time
PAY0002439,LOAN0000190,CUST0000337,2025-08-27,,293.17,0.0,,Missed
PAY0002440,LOAN0000531,CUST0000891,2024-01-02,2024-01-02,344.43,344.43,0.0,On-time
PAY0002441,LOAN0000231,CUST0000896,2024-12-08,2024-12-31,508.99,508.99,23.0,Late
PAY0002442,LOAN0000223,CUST0000379,2026-02-04,2026-02-04,176.49,176.49,0.0,On-time
PAY0002443,LOAN0000345,CUST0000724,2024-04-26,2024-04-24,906.51,906.51,0.0,On-time
PAY0002444,LOAN0000513,CUST0000621,2025-04-01,2025-03-31,667.76,667.76,0.0,On-time
PAY0002445,LOAN0000254,CUST0000296,2026-02-24,2026-02-24,449.87,449.87,0.0,On-time
PAY0002446,LOAN0000294,CUST0000925,2022-01-08,2022-01-08,452.0,452.0,0.0,On-time
PAY0002447,LOAN0000040,CUST0000456,2026-06-11,2026-06-11,288.91,288.91,0.0,On-time
PAY0002448,LOAN0000584,CUST0000129,2024-09-05,2024-09-03,135.36,135.36,0.0,On-time
PAY0002449,LOAN0000392,CUST0000563,2024-04-26,2024-04-26,643.1,255.78,0.0,Partial
PAY0002450,LOAN0000209,CUST0000225,2026-04-07,2026-04-07,295.37,295.37,0.0,On-time
PAY0002451,LOAN0000388,CUST0000135,2024-06-11,,1240.37,0.0,,Missed
PAY0002452,LOAN0000534,CUST0000170,2025-07-07,2025-07-05,80.99,80.99,0.0,On-time
PAY0002453,LOAN0000175,CUST0000265,2025-11-30,2025-11-29,344.59,344.59,0.0,On-time
PAY0002454,LOAN0000415,CUST0000528,2025-06-22,2025-06-22,661.37,661.37,0.0,On-time
PAY0002455,LOAN0000331,CUST0000879,2025-10-04,,70.21,0.0,,Missed
PAY0002456,LOAN0000308,CUST0000188,2025-09-29,2025-09-29,680.08,680.08,0.0,On-time
PAY0002457,LOAN0000007,CUST0000718,2025-11-11,2025-11-09,669.61,669.61,0.0,On-time
PAY0002458,LOAN0000243,CUST0000094,2024-09-08,2024-09-06,227.16,133.69,0.0,Partial
PAY0002459,LOAN0000311,CUST0000689,2023-10-24,2023-10-24,184.19,184.19,0.0,On-time
PAY0002460,LOAN9435723,CUST0000250,2023-07-23,2023-07-21,190.79,190.79,0.0,On-time
PAY0002461,LOAN0000461,CUST0000893,2026-04-25,2026-04-24,13.08,13.08,0.0,On-time
PAY0002462,LOAN0000059,CUST0000961,2023-05-25,2023-05-23,1372.66,1372.66,0.0,On-time
PAY0002463,LOAN0000441,CUST0000705,2025-09-12,2025-09-11,2212.0,2212.0,0.0,On-time
PAY0002464,LOAN0000099,CUST0000232,2023-08-14,2023-08-13,124.7,124.7,0.0,On-time
PAY0002465,LOAN0000477,CUST0000436,2025-09-21,2025-09-21,14.8,14.8,0.0,On-time
PAY0002466,LOAN0000085,CUST0000020,2024-04-09,2024-04-07,1832.83,1832.83,0.0,On-time
PAY0002467,LOAN0000252,CUST0000521,2023-08-22,2023-08-21,1682.41,1682.41,0.0,On-time
PAY0002468,LOAN0000050,CUST0000550,2026-03-13,2026-03-12,269.09,269.09,0.0,On-time
PAY0002469,LOAN0000272,CUST0000177,2023-12-01,2023-12-09,248.57,248.57,8.0,Late
PAY0002470,LOAN0000369,CUST0000699,2024-10-19,2024-10-18,863.87,863.87,0.0,On-time
PAY0002471,LOAN0000090,CUST0000721,2022-09-20,2022-09-18,213.64,213.64,0.0,On-time
PAY0002472,LOAN0000262,CUST0000208,2026-04-05,2026-04-04,125.64,125.64,0.0,On-time
PAY0002473,LOAN0000139,CUST0000859,2025-01-09,2025-01-09,627.26,627.26,0.0,On-time
PAY0002474,LOAN0000213,CUST0000023,2022-12-26,2022-12-25,1149.89,1149.89,0.0,On-time
PAY0002475,LOAN0000253,CUST0000066,2024-02-22,2024-02-20,384.38,384.38,0.0,On-time
PAY0002476,LOAN0000493,CUST0000307,2024-11-19,,516.28,0.0,,Missed
PAY0002477,LOAN0000135,CUST0000757,2026-06-14,,192.49,0.0,,Missed
PAY0002478,LOAN0000034,CUST0000621,2025-11-11,2025-11-11,145.27,145.27,0.0,On-time
PAY0002479,LOAN0000089,CUST0000928,2024-08-18,2024-08-18,258.83,258.83,0.0,On-time
PAY0002480,LOAN0000129,CUST0000236,2026-08-09,,453.79,453.79,0.0,On-time
PAY0002481,LOAN0000275,CUST0000306,2026-07-16,,384.84,0.0,,Missed
PAY0002482,LOAN0000023,CUST0000556,2025-08-23,2025-08-21,888.73,888.73,0.0,On-time
PAY0002483,LOAN9480122,CUST0000956,2025-08-04,2025-08-05,605.15,605.15,1.0,Late
PAY0002484,LOAN0000416,CUST0000611,2026-07-08,2026-07-06,21.6,21.6,0.0,On-time
PAY0002485,LOAN0000286,CUST0000607,2023-09-22,2023-10-22,448.57,448.57,30.0,Late
PAY0002486,LOAN0000412,CUST0000828,2026-05-05,2026-05-03,1316.93,1316.93,0.0,On-time
PAY0002487,LOAN0000592,CUST0000786,2024-11-03,2024-11-02,979.05,-979.05,0.0,On-time
PAY0002488,LOAN0000528,CUST0000832,2025-03-04,2025-03-04,436.3,436.3,0.0,On-time
PAY0002489,LOAN0000339,CUST0000384,2026-02-21,2026-02-20,83.06,83.06,0.0,on time
PAY0002490,LOAN0000190,CUST0000337,2025-10-27,,293.17,0.0,,Missed
PAY0002491,LOAN0000354,CUST0000677,2024-08-10,2024-08-10,103.03,103.03,0.0,On-time
PAY0002492,LOAN0000209,CUST0000225,2025-06-07,2025-06-05,295.37,295.37,0.0,On-time
PAY0002493,LOAN0000182,CUST0000834,2025-05-16,,39.57,0.0,,Missed
PAY0002494,LOAN0000503,CUST0000314,2026-04-18,2026-05-30,623.39,623.39,42.0,Late
PAY0002495,LOAN0000360,CUST0000875,2024-03-31,2024-03-31,17.76,17.76,0.0,On-time
PAY0002496,LOAN0000304,CUST0000594,2026-02-21,2026-02-21,284.1,284.1,0.0,On-time
PAY0002497,LOAN0000290,CUST0000757,2025-12-14,2025-12-14,649.64,649.64,0.0,On-time
PAY0002498,LOAN0000568,CUST0000389,2025-09-11,2025-09-10,206.47,206.47,0.0,On-time
PAY0002499,LOAN0000488,CUST0000052,2024-09-10,2024-09-13,135.79,135.79,3.0,Late
PAY0002500,LOAN0000002,CUST0000552,2026-06-02,2026-06-01,38.11,38.11,0.0,On-time
PAY0002501,LOAN0000541,CUST0000470,2023-06-30,2023-06-28,1284.91,1284.91,0.0,On-time
PAY0002502,LOAN0000519,CUST0000619,2023-09-24,2023-09-24,150.47,150.47,0.0,On-time
PAY0002503,LOAN0000290,CUST0000757,2024-02-13,2024-02-12,649.64,649.64,0.0,On-time
PAY0002504,LOAN0000329,CUST0000886,2023-02-05,2023-02-05,1126.34,1126.34,0.0,On-time
PAY0002505,LOAN0000461,CUST0000893,2025-05-25,2025-05-24,13.08,13.08,0.0,On-time
PAY0002506,LOAN0000519,CUST0000619,2024-09-23,2024-11-03,150.47,150.47,41.0,Late
PAY0002507,LOAN0000440,CUST0000395,2024-02-21,2024-02-19,555.31,555.31,0.0,On-time
PAY0002508,LOAN0000309,CUST0000107,2025-05-11,2025-05-11,3173.09,3173.09,0.0,On-time
PAY0002509,LOAN0000588,CUST0000382,2023-07-30,2023-07-30,148.33,148.33,0.0,On-time
PAY0002510,LOAN0000307,CUST0000607,2026-03-18,,683.32,0.0,,Missed
PAY0002511,LOAN0000499,CUST0000110,2025-12-31,2026-02-10,435.21,435.21,41.0,Late
PAY0002512,LOAN0000520,CUST0000697,2024-07-15,2024-07-13,168.67,168.67,0.0,On-time
PAY0002513,LOAN0000042,CUST0000954,2023-07-22,2023-07-22,518.03,518.03,0.0,On-time
PAY0002514,LOAN0000327,CUST0000225,2022-10-26,2022-10-24,214.19,214.19,0.0,On-time
PAY0002515,LOAN0000318,CUST0000451,2023-03-14,2023-03-13,1389.25,1389.25,0.0,On-time
PAY0002516,LOAN0000305,CUST0000286,2024-12-23,2024-12-21,34.75,-34.75,0.0,On-time
PAY0002517,LOAN0000595,CUST0000910,2026-03-30,2026-03-30,161.28,161.28,0.0,On-time
PAY0002518,LOAN0000583,CUST0000516,2026-01-27,2026-03-03,843.06,843.06,35.0,Late
PAY0002519,LOAN0000319,CUST0000112,2023-11-03,2023-11-02,132.31,132.31,0.0,On-time
PAY0002520,LOAN0000099,CUST0000232,2024-06-14,2024-06-12,124.7,124.7,0.0,On-time
PAY0002521,LOAN0000383,CUST0000736,2025-07-03,2025-07-28,83.06,83.06,25.0,Late
PAY0002522,LOAN0000363,CUST0000783,2024-06-28,2024-06-28,630.91,378.16,0.0,Partial
PAY0002523,LOAN0000081,CUST0000682,2024-02-18,2024-02-18,377.89,377.89,0.0,On-time
PAY0002524,LOAN0000388,CUST0000135,2023-11-11,2023-11-10,1240.37,1240.37,0.0,On-time
PAY0002525,LOAN0000410,CUST0000712,2024-02-15,2024-02-15,696.51,696.51,0.0,On-time
PAY0002526,LOAN0000208,CUST0000886,2025-01-08,2025-01-06,682.55,682.55,0.0,On-time
PAY0002527,LOAN0000236,CUST0000945,2024-05-23,2024-05-23,123.89,123.89,0.0,On-time
PAY0002528,LOAN0000149,CUST0000764,2024-05-10,2024-05-09,556.36,556.36,0.0,On-time
PAY0002529,LOAN0000132,CUST0000669,2026-05-17,2026-05-15,628.47,628.47,0.0,On-time
PAY0002530,LOAN0000538,CUST0000126,2024-03-09,2024-03-08,360.05,360.05,0.0,On-time
PAY0002531,LOAN0000533,CUST0000725,2024-02-24,2024-02-23,1461.65,1461.65,0.0,On-time
PAY0002532,LOAN0000371,CUST0000522,2022-10-05,2022-10-20,1425.12,-1425.12,15.0,Late
PAY0002533,LOAN0000020,CUST0000574,2025-04-25,2025-04-25,437.5,437.5,0.0,On-time
PAY0002534,LOAN0000283,CUST0000045,2024-11-13,,57.8,57.8,26.0,Late
PAY0002535,LOAN0000170,CUST0000156,2024-10-15,,1293.11,1293.11,0.0,On-time
PAY0002536,LOAN0000248,CUST0000569,2023-06-07,2023-06-08,273.13,273.13,1.0,Late
PAY0002537,LOAN0000356,CUST0000951,2025-09-17,2025-09-15,208.44,208.44,0.0,On-time
PAY0002538,LOAN0000094,CUST0000345,2023-01-30,2023-01-28,610.74,610.74,0.0,On-time
PAY0002539,LOAN0000031,CUST0000787,2023-01-17,2023-01-30,1194.04,1194.04,13.0,Late
PAY0002540,LOAN0000337,CUST0000035,2025-05-27,2025-05-27,210.97,210.97,0.0,On-time
PAY0002541,LOAN0000242,CUST0000420,2024-10-13,2024-10-13,711.72,711.72,0.0,On-time
PAY0002542,LOAN0000358,CUST0000899,2025-04-07,2025-04-06,368.63,368.63,0.0,On-time
PAY0002543,LOAN0000012,CUST0000725,2022-07-22,2022-07-22,607.42,607.42,0.0,On-time
PAY0002544,LOAN0000471,CUST0000761,2025-04-06,2025-04-05,123.33,123.33,0.0,On-time
PAY0002545,LOAN0000283,CUST0000045,2024-10-13,2024-10-31,57.8,57.8,18.0,Late
PAY0002546,LOAN0000165,CUST0000907,2025-07-29,2025-07-28,48.21,48.21,0.0,On-time
PAY0002547,LOAN0000291,CUST0000987,2026-02-28,2026-02-27,424.49,424.49,0.0,On-time
PAY0002548,LOAN0000115,CUST0000780,2025-09-12,,146.22,0.0,,Missed
PAY0002549,LOAN0000044,CUST0000363,2025-01-02,2025-01-01,1557.81,1557.81,0.0,On-time
PAY0002550,LOAN0000159,CUST0000902,2023-09-22,2023-09-20,47.23,47.23,0.0,On-time
PAY0002551,LOAN0000412,CUST0000828,2026-02-03,2026-02-02,1316.93,1316.93,0.0,On-time
PAY0002552,LOAN0000410,CUST0000712,2023-05-17,2023-05-15,696.51,696.51,0.0,On-time
PAY0002553,LOAN0000232,CUST0000762,2023-02-21,2023-03-16,30.32,30.32,23.0,Late
PAY0002554,LOAN0000162,CUST0000866,2026-04-19,2026-04-19,533.21,533.21,0.0,On-time
PAY0002555,LOAN0000275,CUST0000306,2026-03-16,2026-03-16,384.84,384.84,0.0,On-time
PAY0002556,LOAN0000305,CUST0000286,2025-03-24,2025-03-23,34.75,-34.75,0.0,On-time
PAY0002557,LOAN0000521,CUST0000273,2025-07-02,2025-07-01,1356.42,1356.42,0.0,On-time
PAY0002558,LOAN0000135,CUST0000757,2026-05-14,2026-05-12,192.49,192.49,0.0,On Time
PAY0002559,LOAN0000493,CUST0000307,2025-11-20,2025-11-19,516.28,516.28,0.0,On-time
PAY0002560,LOAN0000013,CUST0000091,2025-08-03,2025-08-03,1833.33,1833.33,0.0,On-time
PAY0002561,LOAN0000173,CUST0000500,2024-06-27,2024-06-26,41.76,41.76,0.0,On-time
PAY0002562,LOAN0000256,CUST0000931,2023-07-27,2023-07-27,94.47,94.47,0.0,On-time
PAY0002563,LOAN0000002,CUST0000552,2025-03-02,2025-02-28,38.11,38.11,0.0,On-time
PAY0002564,LOAN0000466,CUST0000967,2025-07-31,,25.35,0.0,,Missed
PAY0002565,LOAN0000377,CUST0000186,2022-04-20,2022-04-20,651.39,651.39,0.0,On-time
PAY0002566,LOAN0000595,CUST0000910,2025-11-28,2025-11-27,161.28,161.28,0.0,OK
PAY0002567,LOAN0000282,CUST0000724,2026-06-23,2026-06-21,67.12,67.12,0.0,On-time
PAY0002568,LOAN0000034,CUST0000621,2024-12-11,2024-12-10,145.27,145.27,0.0,On-time
PAY0002569,LOAN0000389,CUST0000725,2026-01-07,2026-01-19,389.39,389.39,12.0,Late
PAY0002570,LOAN0000223,CUST0000379,2026-01-04,2026-01-03,176.49,176.49,0.0,On-time
PAY0002571,LOAN0000452,CUST0000389,2025-07-09,,517.19,-549.1753194138664,,Missed
PAY0002572,LOAN0000047,CUST0000212,2024-08-14,2024-08-12,199.31,199.31,0.0,On-time
PAY0002573,LOAN0000028,CUST0000016,2024-10-22,2024-10-21,196.9,196.9,0.0,On-time
PAY0002574,LOAN0000503,CUST0000314,2025-02-16,,623.39,0.0,,NSF
PAY0002575,LOAN0000168,CUST0000850,2025-04-01,,487.76,0.0,,Missed
PAY0002576,LOAN0000495,CUST0000046,2026-06-12,2026-06-12,393.71,393.71,0.0,On-time
PAY0002577,LOAN0000523,CUST0000015,2024-07-26,2024-07-24,566.64,566.64,0.0,On-time
PAY0002578,LOAN0000290,CUST0000757,2024-12-13,2024-12-11,649.64,649.64,0.0,On-time
PAY0002579,LOAN0000523,CUST0000015,2023-11-26,2023-11-26,566.64,566.64,0.0,On-time
PAY0002580,LOAN0000403,CUST0000115,2022-05-20,2022-05-20,43.28,43.28,0.0,On-time
PAY0002581,LOAN0000163,CUST0000003,2023-10-16,2023-11-04,488.31,488.31,19.0,Late
PAY0002582,LOAN0000114,CUST0000879,2026-02-21,2026-02-20,203.52,203.52,0.0,On-time
PAY0002583,LOAN0000103,CUST0000671,2024-10-29,,280.45,0.0,,Missed
PAY0002584,LOAN0000092,CUST0000314,2023-05-02,2023-04-30,657.71,657.71,0.0,On-time
PAY0002585,LOAN0000068,CUST0000510,2022-11-13,2022-11-13,1394.11,1394.11,0.0,On-time
PAY0002586,LOAN0000526,CUST0000184,2024-06-26,2024-06-26,341.99,341.99,0.0,On-time
PAY0002587,LOAN0000223,CUST0000379,2026-08-05,2026-08-03,176.49,72.26,0.0,Partial
PAY0002588,LOAN0000299,CUST0000136,2025-05-07,2025-05-07,486.64,486.64,0.0,On-time
PAY0002589,LOAN0000402,CUST0000072,2025-04-02,2025-04-01,158.38,158.38,0.0,On-time
PAY0002590,LOAN0000063,CUST0000024,2024-11-17,2024-12-19,101.19,101.19,32.0,Late
PAY0002591,LOAN0000062,CUST0000397,2025-03-31,2025-03-29,309.46,309.46,0.0,On-time
PAY0002592,LOAN0000584,CUST0000129,2023-05-07,2023-05-06,135.36,135.36,0.0,On-time
PAY0002593,LOAN0000464,CUST0000434,2026-04-04,2026-04-03,368.61,368.61,0.0,On-time
PAY0002594,LOAN0000434,CUST0000010,2024-04-05,2024-04-04,237.04,,0.0,On-time
PAY0002595,LOAN0000111,CUST0000196,2024-09-06,2024-09-06,640.44,640.44,0.0,On-time
PAY0002596,LOAN0000017,CUST0000733,2023-02-18,2023-04-01,646.87,646.87,42.0,Delayed
PAY0002597,LOAN0000375,CUST0000107,2024-02-01,2024-01-30,1121.15,1121.15,0.0,On-time
PAY0002598,LOAN0000020,CUST0000574,2026-06-25,2026-06-24,437.5,437.5,0.0,On-time
PAY0002599,LOAN0000424,CUST0000831,2025-12-05,,306.66,0.0,,Missed
PAY0002600,LOAN0000473,CUST0000340,2022-12-31,2022-12-29,528.94,528.94,0.0,On-time
PAY0002601,LOAN0000394,CUST0000050,2024-08-21,2024-08-19,566.23,566.23,0.0,On-time
PAY0002602,LOAN0000388,CUST0000135,2024-04-12,,1240.37,-0.0,,Missed
PAY0002603,LOAN0000176,CUST0000098,2024-02-27,2024-04-04,654.28,654.28,37.0,Late
PAY0002604,LOAN0000390,CUST0000310,2026-04-24,2026-04-22,377.65,377.65,0.0,On-time
PAY0002605,LOAN0000057,CUST0000816,2025-10-25,2025-10-25,441.62,441.62,0.0,On-time
PAY0002606,LOAN0000212,CUST0000244,2021-10-16,2021-10-15,648.42,648.42,0.0,On-time
PAY0002607,LOAN0000412,CUST0000828,2022-06-04,2022-06-03,1316.93,1316.93,0.0,On-time
PAY0002608,LOAN0000143,CUST0000791,2025-03-23,2025-03-23,159.55,159.55,0.0,On-time
PAY0002609,LOAN0000210,CUST0000782,2026-02-16,2026-02-14,324.08,324.08,0.0,On-time
PAY0002610,LOAN0000437,CUST0000668,2025-11-16,2025-11-16,572.37,572.37,0.0,On-time
PAY0002611,LOAN0000254,CUST0000296,2026-07-27,2026-07-27,449.87,449.87,0.0,On-time
PAY0002612,LOAN0000013,CUST0000091,2024-10-02,,1833.33,0.0,,Missed
PAY0002613,LOAN0000164,CUST0000966,2023-06-29,2023-06-28,3556.03,3556.03,0.0,On-time
PAY0002614,LOAN0000306,CUST0000956,2024-02-03,2024-02-03,605.15,605.15,0.0,On-time
PAY0002615,LOAN0000556,CUST0000773,2026-02-19,2026-02-19,76.7,76.7,0.0,On-time
PAY0002616,LOAN0000558,CUST0000843,2025-12-22,2025-12-20,115.54,115.54,0.0,On-time
PAY0002617,LOAN0000046,CUST0000361,2023-08-17,2023-08-15,1162.93,1162.93,0.0,On-time
PAY0002618,LOAN0000339,CUST0000384,2025-09-22,2025-09-21,83.06,29.62,0.0,partial
PAY0002619,LOAN0000565,CUST0000504,2023-05-25,,554.46,0.0,,Missed
PAY0002620,LOAN0000570,CUST0000530,2025-06-27,2025-06-26,390.97,390.97,0.0,On-time
PAY0002621,LOAN0000538,CUST0000126,2023-07-09,2023-07-07,360.05,360.05,0.0,On-time
PAY0002622,LOAN0000440,CUST0000395,2023-06-23,2023-06-22,555.31,555.31,0.0,On-time
PAY0002623,LOAN0000249,CUST0000632,2024-09-10,2024-09-10,1134.85,1134.85,0.0,On-time
PAY0002624,LOAN0000559,CUST0000824,2025-10-29,,176.29,0.0,,Missed
PAY0002625,LOAN0000394,CUST0000050,2022-10-21,2022-10-19,566.23,566.23,0.0,On-time
PAY0002626,LOAN0000566,CUST0000236,2023-12-01,2023-12-01,205.31,205.31,0.0,On-time
PAY0002627,LOAN0000236,CUST0000945,2025-03-23,2025-03-27,123.89,123.89,4.0,Late
PAY0002628,LOAN0000414,CUST0000003,2026-03-13,2026-04-08,22.1,22.1,26.0,Late
PAY0002629,LOAN0000584,CUST0000129,2025-07-06,2025-07-05,135.36,135.36,0.0,On-time
PAY0002630,LOAN0000416,CUST0000611,2025-07-08,2025-07-29,21.6,21.6,21.0,Late
PAY0002631,LOAN0000454,CUST0000926,2026-01-31,2026-01-31,1716.2,1716.2,0.0,On-time
PAY0002632,LOAN0000449,CUST0000617,2024-11-17,2024-11-17,464.05,464.05,0.0,On-time
PAY0002633,LOAN0000557,CUST0000030,2024-07-31,,2011.13,0.0,,Missed
PAY0002634,LOAN0000496,CUST0000211,2025-04-29,,488.18,0.0,,Missed
PAY0002635,LOAN0000031,CUST0000787,2024-10-18,2024-10-16,1194.04,1194.04,0.0,On-time
PAY0002636,LOAN0000442,CUST0000745,2024-04-04,2024-04-04,250.74,250.74,0.0,On-time
PAY0002637,LOAN0000265,CUST0000461,2024-08-03,2024-08-01,1752.19,1419.31,0.0,Partial
PAY0002638,LOAN0000039,CUST0000941,2025-12-25,2025-12-23,1194.92,1194.92,0.0,On-time
PAY0002639,LOAN0000067,CUST0000465,2026-05-08,2026-05-07,433.6,433.6,0.0,On-time
PAY0002640,LOAN0000079,CUST0000763,2026-08-03,2026-08-26,86.52,86.52,23.0,Late
PAY0002641,LOAN0000292,CUST0000778,2024-05-19,2024-05-19,3468.2,3468.2,0.0,On-time
PAY0002642,LOAN0000488,CUST0000052,2025-07-11,2025-07-09,135.79,135.79,0.0,On-time
PAY0002643,LOAN0000584,CUST0000129,2023-04-06,2023-04-05,135.36,135.36,0.0,On-time
PAY0002644,LOAN0000517,CUST0000661,2025-12-27,2026-01-31,74.07,74.07,35.0,Late
PAY0002645,LOAN0000422,CUST0000388,2024-04-14,2024-04-12,394.51,394.51,0.0,On-time
PAY0002646,LOAN0000102,CUST0000551,2024-07-21,2024-07-20,635.91,470.81,0.0,Partial
PAY0002647,LOAN0000181,CUST0000393,2026-05-22,2026-05-20,114.46,114.46,0.0,On-time
PAY0002648,LOAN0000557,CUST0000030,2026-07-01,2026-06-30,2011.13,2011.13,0.0,On-time
PAY0002649,LOAN0000059,CUST0000961,2022-12-23,2022-12-23,1372.66,1372.66,0.0,On-time
PAY0002650,LOAN0000218,CUST0000200,2024-08-03,2024-08-03,864.08,864.08,0.0,On-time
PAY0002651,LOAN0000216,CUST0000899,2025-05-21,,545.77,545.77,0.0,On-time
PAY0002652,LOAN0000346,CUST0000988,2023-07-06,2023-07-04,186.55,186.55,0.0,On-time
PAY0002653,LOAN0000087,CUST0000889,2024-03-05,,286.79,286.79,0.0,On-time
PAY0002654,LOAN0000131,CUST0000115,2024-02-03,2024-02-18,62.49,62.49,15.0,Late
PAY0002655,LOAN0000494,CUST0000188,2024-05-26,2024-06-19,1276.54,1276.54,24.0,Late
PAY0002656,LOAN0000080,CUST0000004,2024-09-17,2024-09-16,855.13,855.13,0.0,On-time
PAY0002657,LOAN0000242,CUST0000420,2025-02-12,2025-02-10,711.72,711.72,0.0,On-time
PAY0002658,LOAN0000578,CUST0000916,2024-12-31,2024-12-31,335.27,335.27,0.0,On-time
PAY0002659,LOAN0000397,CUST0000714,2025-02-17,2025-02-17,500.03,500.03,0.0,On-time
PAY0002660,LOAN0000091,CUST0000953,2025-03-17,2025-04-26,417.35,417.35,40.0,Late
PAY0002661,LOAN0000168,CUST0000850,2023-08-01,2023-08-01,487.76,487.76,0.0,On-time
PAY0002662,LOAN0000275,CUST0000306,2025-01-14,,384.84,0.0,,Missed
PAY0002663,LOAN0000471,CUST0000761,2025-01-04,2025-01-03,123.33,123.33,0.0,On-time
PAY0002664,LOAN0000252,CUST0000521,2024-05-22,2024-05-22,1682.41,1682.41,0.0,On-time
PAY0002665,LOAN9113942,CUST0000725,2024-01-02,2023-12-31,241.98,241.98,0.0,On-time
PAY0002666,LOAN0000329,CUST0000886,2026-07-07,2026-07-07,1126.34,1126.34,0.0,On-time
PAY0002667,LOAN0000466,CUST0000967,2026-06-30,2026-06-29,25.35,25.35,0.0,On-time
PAY0002668,LOAN0000457,CUST0000181,2025-03-27,2025-03-26,772.95,772.95,0.0,On-time
PAY0002669,LOAN0000243,CUST0000094,2023-09-09,2023-09-09,227.16,227.16,0.0,On-time
PAY0002670,LOAN0000419,CUST0000808,2026-04-04,,441.37,0.0,,Missed
PAY0002671,LOAN0000574,CUST0000356,2023-07-03,2023-07-01,2031.77,2031.77,0.0,On-time
PAY0002672,LOAN0000430,CUST0000464,2026-07-28,2026-07-26,419.95,419.95,0.0,On-time
PAY0002673,LOAN0000542,CUST0000668,2026-03-06,2026-03-05,286.55,286.55,0.0,On-time
PAY0002674,LOAN0000589,CUST0000517,2025-01-31,2025-01-31,611.86,405.87,0.0,Partial
PAY0002675,LOAN0000326,CUST0000348,2025-11-17,2025-11-15,1372.24,1372.24,0.0,On-time
PAY0002676,LOAN0000047,CUST0000212,2026-01-14,2026-01-13,199.31,-199.31,0.0,On-time
PAY0002677,LOAN0000332,CUST0000127,2024-11-04,2024-11-04,119.33,119.33,0.0,On-time
PAY0002678,LOAN0000584,CUST0000129,2023-10-06,2023-10-05,135.36,135.36,0.0,On-time
PAY0002679,LOAN0000112,CUST0000398,2025-03-01,2025-03-26,275.2,275.2,25.0,On-time
PAY0002680,LOAN0000362,CUST0000964,2024-11-23,2024-11-21,924.47,924.47,0.0,On-time
PAY0002681,LOAN0000453,CUST0000869,2023-04-14,2023-04-14,1543.9,1543.9,0.0,On-time
PAY0002682,LOAN0000440,CUST0000395,2024-09-21,2024-09-21,555.31,555.31,0.0,On-time
PAY0002683,LOAN0000542,CUST0000668,2026-05-05,2026-05-30,286.55,286.55,25.0,Late
PAY0002684,LOAN0000117,CUST0000975,2025-10-30,2025-10-30,466.71,210.88,0.0,Partial
PAY0002685,LOAN0000092,CUST0000314,2022-12-31,2022-12-30,657.71,657.71,0.0,On-time
PAY0002686,LOAN0000392,CUST0000563,2025-02-24,,643.1,0.0,,Missed
PAY0002687,LOAN0000117,CUST0000975,2025-09-30,2025-11-10,466.71,466.71,41.0,Late
PAY0002688,LOAN0000039,CUST0000941,2026-03-26,2026-03-25,1194.92,1194.92,0.0,On-time
PAY0002689,LOAN0000129,CUST0000236,2023-10-09,2023-10-08,453.79,453.79,0.0,on time
PAY0002690,LOAN0000512,CUST0000817,2025-12-14,2025-12-13,915.62,915.62,0.0,On-time
PAY0002691,LOAN0000103,CUST0000671,2025-03-30,,280.45,280.45,2.0,Late
PAY0002692,LOAN0000458,CUST0000426,2026-01-11,,139.78,139.78,0.0,On-time
PAY0002693,LOAN0000115,CUST0000780,2026-05-14,2026-05-13,146.22,146.22,0.0,On-time
PAY0002694,LOAN0000494,CUST0000188,2023-07-26,2023-08-12,1276.54,1276.54,17.0,Late
PAY0002695,LOAN0000485,CUST0000678,2023-03-02,2023-03-02,174.48,174.48,0.0,On-time
PAY0002696,LOAN0000253,CUST0000066,2024-04-23,2024-04-23,384.38,384.38,0.0,On-time
PAY0002697,LOAN0000562,CUST0000102,2023-10-06,2023-10-06,1887.75,1887.75,0.0,On-time
PAY0002698,LOAN0000044,CUST0000363,2023-05-04,2023-05-04,1557.81,1557.81,0.0,On-time
PAY0002699,LOAN0000538,CUST0000126,2025-12-08,2025-12-30,360.05,360.05,22.0,Late
PAY0002700,LOAN0000029,CUST0000434,2025-08-16,2025-08-17,698.52,698.52,1.0,Late
PAY0002701,LOAN0000392,CUST0000563,2026-05-27,2026-06-17,643.1,643.1,21.0,Late
PAY0002702,LOAN0000120,CUST0000484,2024-12-12,2024-12-11,316.36,316.36,0.0,On-time
PAY0002703,LOAN0000102,CUST0000551,2025-03-21,2025-03-21,635.91,635.91,0.0,On-time
PAY0002704,LOAN0000099,CUST0000232,2025-11-13,2025-11-12,124.7,124.7,0.0,On-time
PAY0002705,LOAN0000159,CUST0000902,2024-08-22,2024-08-22,47.23,47.23,0.0,On-time
PAY0002706,LOAN0000436,CUST0000075,2026-03-15,2026-04-25,179.3,179.3,41.0,Late
PAY0002707,LOAN0000102,CUST0000551,2022-04-21,2022-04-19,635.91,635.91,0.0,On-time
PAY0002708,LOAN0000421,CUST0000034,2026-08-14,,2573.12,0.0,,Missed
PAY0002709,LOAN0000520,CUST0000697,2023-02-13,2023-02-13,168.67,168.67,0.0,On-time
PAY0002710,LOAN0000588,CUST0000382,2022-08-29,2022-08-27,148.33,148.33,0.0,On-time
PAY0002711,LOAN0000152,CUST0000805,2026-05-17,2026-06-21,546.78,546.78,35.0,Late
PAY0002712,LOAN0000187,CUST0000518,2025-04-07,,201.21,0.0,,Missed
PAY0002713,LOAN0000351,CUST0000434,2022-05-01,2022-05-01,901.14,901.14,0.0,On-time
PAY0002714,LOAN0000339,CUST0000384,2025-04-23,2025-04-21,83.06,83.06,0.0,On-time
PAY0002715,LOAN0000390,CUST0000310,2026-02-22,2026-02-20,377.65,377.65,0.0,On-time
PAY0002716,LOAN0000350,CUST0000987,2023-06-17,2023-06-16,1972.9,1972.9,0.0,On-time
PAY0002717,LOAN0000232,CUST0000762,2024-12-22,2024-12-24,30.32,-30.32,2.0,Late
PAY0002718,LOAN0000039,CUST0000941,2023-11-25,2023-11-24,1194.92,514.93,0.0,Partial
PAY0002719,LOAN0000327,CUST0000225,2024-09-25,2024-09-23,214.19,214.19,0.0,On-time
PAY0002720,LOAN0000140,CUST0000221,2024-08-24,2024-08-23,83.09,83.09,0.0,On-time
PAY0002721,LOAN0000299,CUST0000136,2022-08-06,2022-08-04,486.64,486.64,0.0,On-time
PAY0002722,LOAN0000238,CUST0000420,2026-05-02,2026-05-01,346.74,346.74,0.0,On-time
PAY0002723,LOAN0000143,CUST0000791,2023-09-22,,159.55,0.0,,Missed
PAY0002724,LOAN0000012,CUST0000725,2023-12-21,2023-12-20,607.42,607.42,0.0,On-time
PAY0002725,LOAN0000178,CUST0000675,2025-06-14,,963.41,0.0,,Missed
PAY0002726,LOAN0000483,CUST0000418,2024-12-05,2022-11-07,191.54,191.54,39.0,Late
PAY0002727,LOAN0000285,CUST0000506,2025-07-14,2025-07-13,133.87,133.87,0.0,On-time
PAY0002728,LOAN0000461,CUST0000893,2024-11-24,2024-11-22,13.08,13.08,0.0,On-time
PAY0002729,LOAN0000136,CUST0000678,2023-10-13,2023-10-13,62.52,62.52,0.0,On-time
PAY0002730,LOAN0000350,CUST0000987,2023-10-17,2023-10-15,1972.9,1972.9,0.0,On-time
PAY0002731,LOAN0000529,CUST0000838,2026-02-22,2026-03-30,513.54,513.54,36.0,Late
PAY0002732,LOAN0000114,CUST0000879,2026-05-23,2026-05-23,203.52,203.52,0.0,On-time
PAY0002733,LOAN0000027,CUST0000457,2025-08-21,2025-08-20,240.0,240.0,0.0,On-time
PAY0002734,LOAN0000310,CUST0000432,2025-03-24,2025-03-24,362.83,169.93,0.0,Partial
PAY0002735,LOAN0000440,CUST0000395,2023-02-21,2023-02-20,555.31,555.31,0.0,On-time
PAY0002736,LOAN0000119,CUST0000188,2025-08-15,2025-08-15,820.41,820.41,0.0,On-time
PAY0002737,LOAN0000549,CUST0000293,2025-06-02,2025-06-01,155.52,155.52,0.0,On-time
PAY0002738,LOAN0000383,CUST0000736,2025-06-02,,83.06,83.06,0.0,On-time
PAY0002739,LOAN0000470,CUST0000725,2025-08-03,2025-08-02,241.98,241.98,0.0,On-time
PAY0002740,LOAN0000443,CUST0000791,2024-08-01,,1882.62,0.0,,Missed
PAY0002741,LOAN0000221,CUST0000720,2024-12-25,2024-12-25,836.91,836.91,0.0,On-time
PAY0002742,LOAN0000087,CUST0000889,2025-10-05,2025-10-04,286.79,286.79,0.0,On-time
PAY0002743,LOAN0000354,CUST0000677,2024-12-10,2024-12-08,103.03,-103.03,0.0,On-time
PAY0002744,LOAN0000373,CUST0000783,2024-09-25,2024-11-03,1017.53,1017.53,39.0,Late
PAY0002745,LOAN0000291,CUST0000987,2025-09-29,2025-09-29,424.49,424.49,0.0,On-time
PAY0002746,LOAN0000032,CUST0000569,2025-04-15,2025-04-15,1505.11,1505.11,0.0,On-time
PAY0002747,LOAN0000085,CUST0000020,2024-05-09,2024-05-09,1832.83,1832.83,0.0,On-time
PAY0002748,LOAN0000068,CUST0000510,2022-05-14,2022-05-12,1394.11,1394.11,0.0,On-time
PAY0002749,LOAN0000064,CUST0000818,2025-06-07,2025-06-14,499.21,499.21,7.0,Late
PAY0002750,LOAN0000392,CUST0000563,2023-12-26,,643.1,0.0,,Missed
PAY0002751,LOAN0000451,CUST0000882,2024-09-19,2024-09-18,324.24,324.24,0.0,On-time
PAY0002752,LOAN0000593,CUST0000684,2026-01-09,,300.58,300.58,0.0,On-time
PAY0002753,LOAN0000004,CUST0000293,2024-03-13,2024-03-11,715.28,715.28,0.0,On-time
PAY0002754,LOAN0000452,CUST0000389,2025-04-08,2025-04-06,517.19,517.19,0.0,On-time
PAY0002755,LOAN0000170,CUST0000156,2024-02-15,2024-03-26,1293.11,,40.0,Late
PAY0002756,LOAN0000233,CUST0000781,2025-02-21,2025-02-20,2150.27,2150.27,0.0,On-time
PAY0002757,LOAN0000425,CUST0000755,2025-07-31,2025-07-30,351.83,351.83,0.0,On-time
PAY0002758,LOAN0000102,CUST0000551,2026-01-19,2026-01-19,635.91,635.91,0.0,On-time
PAY0002759,LOAN0000169,CUST0000889,2024-08-20,2024-08-18,1012.97,1012.97,0.0,On-time
PAY0002760,LOAN0000130,CUST0000431,2026-06-01,,570.84,0.0,,Missed
PAY0002761,LOAN0000080,CUST0000004,2025-07-18,2025-07-19,855.13,855.13,1.0,Late
PAY0002762,LOAN0000575,CUST0000725,2025-04-10,,264.71,0.0,,Missed
PAY0002763,LOAN0000574,CUST0000356,2024-12-02,2024-11-30,2031.77,2031.77,0.0,On-time
PAY0002764,LOAN0000477,CUST0000436,2023-08-22,2023-08-22,14.8,14.8,0.0,On-time
PAY0002765,LOAN0000297,CUST0000925,2026-04-16,2026-04-16,2888.78,-2888.78,0.0,On-time
PAY0002766,LOAN0000559,CUST0000824,2023-09-29,2023-09-29,176.29,176.29,0.0,On-time
PAY0002767,LOAN0000098,CUST0000913,2025-01-27,,205.08,0.0,,Missed
PAY0002768,LOAN0000380,CUST0000036,2026-02-26,2026-02-25,719.07,719.07,0.0,On-time
PAY0002769,LOAN0000383,CUST0000736,2026-05-03,2026-05-01,83.06,83.06,0.0,On-time
PAY0002770,LOAN0000004,CUST0000293,2023-09-12,2023-09-11,715.28,715.28,0.0,On-time
PAY0002771,LOAN0000378,CUST0000321,2024-09-10,2024-09-12,1615.06,1615.06,2.0,delayed
PAY0002772,LOAN0000047,CUST0000212,2024-02-14,2024-02-12,199.31,199.31,0.0,On-time
PAY0002773,LOAN0000442,CUST0000745,2023-06-05,2023-06-05,250.74,250.74,0.0,On-time
PAY0002774,LOAN0000321,CUST0000418,2023-12-29,2022-08-19,172.06,172.06,16.0,Late
PAY0002775,LOAN0000025,CUST0000636,2025-11-29,2025-11-29,398.64,398.64,0.0,On-time
PAY0002776,LOAN0000023,CUST0000556,2025-12-23,2025-12-22,888.73,888.73,0.0,On-time
PAY0002777,LOAN0000315,CUST0000259,2021-12-29,2021-12-27,962.31,962.31,0.0,On-time
PAY0002778,LOAN0000188,CUST0000979,2023-02-09,2023-02-07,349.2,349.2,0.0,On-time
PAY0002779,LOAN0000574,CUST0000356,2024-05-02,2024-05-02,2031.77,2031.77,0.0,On-time
PAY0002780,LOAN0000327,CUST0000225,2023-06-27,2023-06-27,214.19,214.19,0.0,On-time
PAY0002781,LOAN0000173,CUST0000500,2023-08-28,,41.76,0.0,,Missed
PAY0002782,LOAN0000134,CUST0000241,2025-10-05,2025-10-05,373.64,373.64,0.0,On-time
PAY0002783,LOAN0000172,CUST0000692,2025-10-29,2025-10-27,159.9,159.9,0.0,On-time
PAY0002784,LOAN0000138,CUST0000052,2024-01-04,2024-01-04,332.64,332.64,0.0,On-time
PAY0002785,LOAN0000282,CUST0000724,2026-08-23,,67.12,67.12,0.0,On-time
PAY0002786,LOAN0000263,CUST0000966,2023-05-11,2023-05-09,460.72,,0.0,On-time
PAY0002787,LOAN0000506,CUST0000630,2025-12-12,2025-12-11,206.27,206.27,0.0,On-time
PAY0002788,LOAN0000463,CUST0000684,2023-03-02,2023-03-02,397.2,397.2,0.0,On-time
PAY0002789,LOAN0000449,CUST0000617,2022-08-18,2022-08-17,464.05,464.05,0.0,On-time
PAY0002790,LOAN0000369,CUST0000699,2025-10-19,2025-11-24,863.87,863.87,36.0,Late
PAY0002791,LOAN0000255,CUST0000491,2025-03-08,2025-03-08,379.26,379.26,0.0,On-time
PAY0002792,LOAN0000122,CUST0000253,2026-07-04,2026-07-04,559.32,559.32,0.0,On-time
PAY0002793,LOAN0000301,CUST0000438,2026-07-05,2026-07-04,160.1,160.1,0.0,On-time
PAY0002794,LOAN0000212,CUST0000244,2022-11-16,2022-11-15,648.42,648.42,0.0,On-time
PAY0002795,LOAN0000523,CUST0000015,2025-01-25,2025-01-25,566.64,566.64,0.0,On-time
PAY0002796,LOAN0000348,CUST0000228,2024-04-13,,140.46,140.46,0.0,On-time
PAY0002797,LOAN0000316,CUST0000547,2026-02-24,,258.01,0.0,,Missed
PAY0002798,LOAN0000467,CUST0000635,2025-10-03,2025-10-01,225.47,225.47,0.0,On-time
PAY0002799,LOAN0000556,CUST0000773,2023-01-20,2023-01-20,76.7,76.7,0.0,On-time
PAY0002800,LOAN0000334,CUST0000824,2025-02-03,2025-02-03,98.19,98.19,0.0,On-time
PAY0002801,LOAN0000324,CUST0000425,2026-06-25,2026-06-23,257.13,257.13,0.0,On-time
PAY0002802,LOAN0000318,CUST0000451,2023-05-14,2023-05-12,1389.25,1389.25,0.0,On-time
PAY0002803,LOAN0000007,CUST0000718,2026-03-13,2026-04-21,669.61,669.61,39.0,Late
PAY0002804,LOAN0000216,CUST0000899,2025-01-19,2025-02-16,545.77,545.77,28.0,Late
PAY0002805,LOAN0000477,CUST0000436,2023-02-21,2023-02-23,14.8,14.8,2.0,Late
PAY0002806,LOAN0000363,CUST0000783,2023-03-30,2023-03-29,630.91,630.91,0.0,On-time
PAY0002807,LOAN0000319,CUST0000112,2026-02-02,2026-01-31,132.31,80.49,0.0,Partial
PAY0002808,LOAN0000432,CUST0000070,2024-07-25,2024-07-23,261.4,261.4,0.0,On-time
PAY0002809,LOAN0000490,CUST0000017,2025-07-27,2025-09-04,265.48,265.48,39.0,Late
PAY0002810,LOAN0000447,CUST0000186,2026-07-18,2026-07-16,350.47,350.47,0.0,On-time
PAY0002811,LOAN0000159,CUST0000902,2022-11-22,2022-11-22,47.23,47.23,0.0,On-time
PAY0002812,LOAN0000140,CUST0000221,2026-04-25,2026-04-25,83.09,83.09,0.0,On-time
PAY0002813,LOAN0000013,CUST0000091,2026-07-04,2026-07-16,1833.33,1833.33,12.0,Late
PAY0002814,LOAN0000549,CUST0000293,2026-06-02,2026-05-31,155.52,155.52,0.0,On-time
PAY0002815,LOAN0000227,CUST0000949,2025-02-16,,213.21,0.0,,Missed
PAY0002816,LOAN0000530,CUST0000028,2025-03-24,,158.2,,,Missed
PAY0002817,LOAN0000193,CUST0000003,2024-05-27,2024-05-26,466.75,466.75,0.0,On-time
PAY0002818,LOAN0000490,CUST0000017,2026-06-27,2026-06-25,265.48,-265.48,0.0,On-time
PAY0002819,LOAN0000331,CUST0000879,2025-02-03,2025-03-08,70.21,70.21,33.0,Late
PAY0002820,LOAN0000051,CUST0000838,2022-11-22,2022-11-20,1474.03,1474.03,0.0,On-time
PAY0002821,LOAN0000144,CUST0000143,2022-02-15,2022-02-28,184.57,184.57,13.0,Late
PAY0002822,LOAN0000493,CUST0000307,2023-10-21,,516.28,0.0,,Missed
PAY0002823,LOAN0000142,CUST0000897,2024-07-21,2024-07-20,459.08,459.08,0.0,On-time
PAY0002824,LOAN0000431,CUST0000662,2024-08-09,2024-08-07,140.76,140.76,0.0,On-time
PAY0002825,LOAN0000414,CUST0000003,2026-07-12,2026-07-10,22.1,22.1,0.0,On-time
PAY0002826,LOAN0000328,CUST0000176,2026-02-15,2026-02-15,34.51,34.51,0.0,On-time
PAY0002827,LOAN0000296,CUST0000997,2026-05-08,2026-05-07,305.84,305.84,0.0,On-time
PAY0002828,LOAN0000068,CUST0000510,2023-11-13,2023-11-11,1394.11,,0.0,On-time
PAY0002829,LOAN0000254,CUST0000296,2025-11-25,2025-11-25,449.87,449.87,0.0,On-time
PAY0002830,LOAN0000559,CUST0000824,2025-06-29,2025-06-28,176.29,176.29,0.0,On-time
PAY0002831,LOAN0000325,CUST0000206,2025-11-19,2025-11-19,2758.6,2758.6,0.0,On-time
PAY0002832,LOAN0000193,CUST0000003,2024-04-27,2024-04-26,466.75,466.75,0.0,On-time
PAY0002833,LOAN0000546,CUST0000704,2026-05-16,2026-05-15,3568.57,3568.57,0.0,On-time
PAY0002834,LOAN0000080,CUST0000004,2026-08-18,2026-09-12,855.13,855.13,25.0,Late
PAY0002835,LOAN0000012,CUST0000725,2025-08-21,,607.42,607.42,0.0,On-time
PAY0002836,LOAN0000374,CUST0000475,2025-03-23,2025-03-22,495.54,495.54,0.0,On-time
PAY0002837,LOAN0000026,CUST0000233,2025-03-17,2025-03-17,1026.87,1026.87,0.0,On-time
PAY0002838,LOAN0000546,CUST0000704,2025-02-14,2025-02-14,3568.57,3568.57,0.0,On-time
PAY0002839,LOAN0000179,CUST0000796,2024-09-24,2024-09-24,76.24,76.24,0.0,On-time
PAY0002840,LOAN0000282,CUST0000724,2026-03-24,2026-03-23,67.12,67.12,0.0,On-time
PAY0002841,LOAN0000348,CUST0000228,2023-07-15,2023-07-13,140.46,140.46,0.0,On-time
PAY0002842,LOAN0000002,CUST0000552,2025-05-02,2025-04-30,38.11,38.11,0.0,On-time
PAY0002843,LOAN0000174,CUST0000976,2026-07-12,2026-07-11,2107.17,2107.17,0.0,On-time
PAY0002844,LOAN0000166,CUST0000612,2026-05-24,2026-05-23,261.69,261.69,0.0,On-time
PAY0002845,LOAN0000309,CUST0000107,2025-07-11,2025-07-09,3173.09,3173.09,0.0,On-time
PAY0002846,LOAN0000394,CUST0000050,2023-12-21,,566.23,566.23,0.0,On-time
PAY0002847,LOAN0000339,CUST0000384,2023-10-23,2023-10-22,83.06,83.06,0.0,On-time
PAY0002848,LOAN0000390,CUST0000310,2025-06-23,2025-06-22,377.65,377.65,0.0,On-time
PAY0002849,LOAN0000021,CUST0000826,2025-08-18,2025-08-17,38.77,38.77,0.0,On-time
PAY0002850,LOAN0000279,CUST0000696,2026-01-23,2026-01-21,28.99,28.99,0.0,On-time
PAY0002851,LOAN0000209,CUST0000225,2026-07-08,2026-07-07,295.37,295.37,0.0,On-time
PAY0002852,LOAN0000074,CUST0000096,2026-08-08,2026-08-13,325.95,325.95,5.0,Late
PAY0002853,LOAN0000496,CUST0000211,2025-07-29,2025-07-28,488.18,488.18,0.0,On-time
PAY0002854,LOAN0000272,CUST0000177,2024-05-01,2024-05-01,248.57,248.57,0.0,On-time
PAY0002855,LOAN0000200,CUST0000200,2023-07-24,,263.49,0.0,,Missed
PAY0002856,LOAN0000281,CUST0000194,2024-04-19,2024-04-17,226.29,226.29,0.0,On-time
PAY0002857,LOAN0000270,CUST0000115,2026-02-14,2026-02-14,188.1,188.1,0.0,On-time
PAY0002858,LOAN0000523,CUST0000015,2024-12-25,2024-12-25,566.64,566.64,0.0,On-time
PAY0002859,LOAN0000201,CUST0000283,2025-10-29,2025-10-27,640.87,640.87,0.0,On-time
PAY0002860,LOAN0000473,CUST0000340,2023-06-01,2023-05-31,528.94,528.94,0.0,On-time
PAY0002861,LOAN0000593,CUST0000684,2025-04-10,2025-04-10,300.58,300.58,0.0,On-time
PAY0002862,LOAN0000333,CUST0000449,2026-03-10,2026-03-09,427.8,427.8,0.0,On-time
PAY0002863,LOAN0000410,CUST0000712,2023-10-16,,696.51,696.51,0.0,On-time
PAY0002864,LOAN0000580,CUST0000130,2025-04-14,2025-04-12,5371.95,5371.95,0.0,On-time
PAY0002865,LOAN0000219,CUST0000901,2026-06-24,2026-06-24,358.56,358.56,0.0,On-time
PAY0002866,LOAN0000568,CUST0000389,2026-07-12,2026-07-12,206.47,206.47,0.0,On-time
PAY0002867,LOAN0000362,CUST0000964,2023-07-25,2023-07-23,924.47,924.47,0.0,On-time
PAY0002868,LOAN0000150,CUST0000901,2024-11-16,2024-11-14,421.66,421.66,0.0,On-time
PAY0002869,LOAN0000239,CUST0000856,2026-08-10,2026-08-09,160.45,160.45,0.0,On-time
PAY0002870,LOAN0000188,CUST0000979,2022-08-10,2022-08-08,349.2,349.2,0.0,On-time
PAY0002871,LOAN0000055,CUST0000726,2026-05-28,2026-05-27,399.72,271.72,0.0,Partial
PAY0002872,LOAN0000268,CUST0000062,2025-10-06,2025-10-05,60.75,60.75,0.0,On-time
PAY0002873,LOAN0000574,CUST0000356,2023-08-02,2023-08-01,2031.77,2031.77,0.0,On-time
PAY0002874,LOAN0000034,CUST0000621,2023-03-13,2023-04-26,145.27,145.27,44.0,Late
PAY0002875,LOAN0000013,CUST0000091,2025-03-04,2025-03-04,1833.33,1833.33,0.0,On-time
PAY0002876,LOAN0000238,CUST0000420,2025-10-01,2025-09-30,346.74,116.46,0.0,Partial
PAY0002877,LOAN0000223,CUST0000379,2025-10-05,2025-10-04,176.49,176.49,0.0,On-time
PAY0002878,LOAN0000235,CUST0000767,2026-03-05,2026-03-03,1358.58,1358.58,0.0,On-time
PAY0002879,LOAN0000191,CUST0000044,2025-04-01,2025-03-30,1957.75,1957.75,0.0,On-time
PAY0002880,LOAN0000045,CUST0000566,2025-12-13,2025-12-18,909.16,909.16,5.0,Late
PAY0002881,LOAN0000091,CUST0000953,2025-01-15,2025-02-27,417.35,417.35,43.0,Late
PAY0002882,LOAN0000486,CUST0000898,2026-04-13,2026-04-11,180.53,180.53,0.0,On-time
PAY0002883,LOAN0000278,CUST0000535,2026-04-27,2026-04-25,110.19,110.19,0.0,On-time
PAY0002884,LOAN0000022,CUST0000637,2022-03-27,2022-03-27,78.37,78.37,0.0,On-time
PAY0002885,LOAN0000270,CUST0000115,2026-08-16,2026-08-16,188.1,188.1,0.0,On-time
PAY0002886,LOAN0000310,CUST0000432,2025-05-24,2025-05-22,362.83,362.83,0.0,On-time
PAY0002887,LOAN0000406,CUST0000519,2024-04-08,2024-04-07,179.61,179.61,0.0,On-time
PAY0002888,LOAN0000242,CUST0000420,2024-09-13,2024-09-11,711.72,711.72,0.0,On-time
PAY0002889,LOAN0000241,CUST0000791,2026-08-24,2026-08-24,386.8,386.8,0.0,On-time
PAY0002890,LOAN0000232,CUST0000762,2021-12-22,2021-12-21,30.32,11.12,0.0,Partial
PAY0002891,LOAN0000555,CUST0000407,2023-04-30,2023-04-30,109.67,109.67,0.0,On-time
PAY0002892,LOAN0000206,CUST0000997,2025-02-23,2025-02-22,153.63,153.63,0.0,On-time
PAY0002893,LOAN0000338,CUST0000083,2025-07-01,2025-08-10,1081.84,1081.84,40.0,Late
PAY0002894,LOAN0000263,CUST0000966,2024-12-10,2024-12-08,460.72,460.72,0.0,On-time
PAY0002895,LOAN0000494,CUST0000188,2025-08-25,2025-08-24,1276.54,1276.54,0.0,On-time
PAY0002896,LOAN0000471,CUST0000761,2026-04-06,2026-04-13,123.33,123.33,7.0,Late
PAY0002897,LOAN0000198,CUST0000959,2026-03-10,2026-03-10,415.03,415.03,0.0,On-time
PAY0002898,LOAN0000071,CUST0000250,2024-10-22,2024-10-22,190.79,190.79,0.0,On-time
PAY0002899,LOAN0000480,CUST0000765,2026-08-07,2026-08-07,517.76,164.95,0.0,Partial
PAY0002900,LOAN0000170,CUST0000156,2026-04-16,2026-04-15,1293.11,1293.11,0.0,On-time
PAY0002901,LOAN0000453,CUST0000869,2024-12-13,2024-12-12,1543.9,1543.9,0.0,On-time
PAY0002902,LOAN0000311,CUST0000689,2025-05-24,2025-05-22,184.19,184.19,0.0,On-time
PAY0002903,LOAN0000191,CUST0000044,2025-03-02,2025-03-01,1957.75,1957.75,0.0,On-time
PAY0002904,LOAN0000288,CUST0000370,2025-11-19,2025-11-17,476.12,476.12,0.0,On-time
PAY0002905,LOAN0000492,CUST0000089,2025-11-29,,348.69,0.0,,Missed
PAY0002906,LOAN0000268,CUST0000062,2025-02-05,2025-02-03,60.75,60.75,0.0,On-time
PAY0002907,LOAN0000424,CUST0000831,2025-02-04,2025-02-03,306.66,161.62,0.0,Partial
PAY0002908,LOAN0000142,CUST0000897,2024-11-19,2024-11-18,459.08,459.08,0.0,On-time
PAY0002909,LOAN0000025,CUST0000636,2025-06-30,2025-06-29,398.64,152.21,0.0,Partial
PAY0002910,LOAN0000291,CUST0000987,2024-11-29,2024-11-28,424.49,359.49,0.0,Partial
PAY0002911,LOAN0000271,CUST0000310,2026-04-02,2026-05-03,1002.33,1002.33,31.0,Late
PAY0002912,LOAN0000291,CUST0000987,2024-04-29,2024-04-29,424.49,233.9,0.0,Partial
PAY0002913,LOAN0000587,CUST0000313,2026-03-25,2026-04-10,268.66,268.66,16.0,Late
PAY0002914,LOAN0000115,CUST0000780,2026-01-12,,146.22,0.0,,Missed
PAY0002915,LOAN0000531,CUST0000891,2024-10-02,2024-10-02,344.43,344.43,0.0,On-time
PAY0002916,LOAN0000050,CUST0000550,2026-08-13,2026-08-12,269.09,269.09,0.0,On-time
PAY0002917,LOAN0000411,CUST0000531,2024-12-10,2024-12-09,1187.31,1187.31,0.0,On-time
PAY0002918,LOAN0000466,CUST0000967,2025-10-30,2025-10-29,25.35,,0.0,Partial
PAY0002919,LOAN0000386,CUST0000481,2023-04-13,2023-04-13,155.17,155.17,0.0,On-time
PAY0002920,LOAN9712606,CUST0000979,2023-01-09,2023-01-09,349.2,180.82,0.0,Partial
PAY0002921,LOAN0000153,CUST0000245,2025-02-22,,313.95,0.0,,Missed
PAY0002922,LOAN0000090,CUST0000721,2023-11-20,2023-11-18,213.64,213.64,0.0,On-time
PAY0002923,LOAN0000381,CUST0000477,2025-12-08,2025-12-08,1402.35,1402.35,0.0,On-time
PAY0002924,LOAN0000201,CUST0000283,2023-10-30,2023-10-28,640.87,640.87,0.0,On-time
PAY0002925,LOAN0000506,CUST0000630,2024-12-12,2024-12-12,206.27,206.27,0.0,On-time
PAY0002926,LOAN0000091,CUST0000953,2024-08-16,2024-08-15,417.35,417.35,0.0,On-time
PAY0002927,LOAN0000132,CUST0000669,2025-10-16,2025-10-15,628.47,628.47,0.0,On-time
PAY0002928,LOAN0000200,CUST0000200,2025-07-23,,263.49,0.0,,Missed
PAY0002929,LOAN0000526,CUST0000184,2025-08-26,2025-09-09,341.99,341.99,14.0,Late
PAY0002930,LOAN0000044,CUST0000363,2024-06-03,2024-06-03,1557.81,1557.81,0.0,On-time
PAY0002931,LOAN0000296,CUST0000997,2026-06-08,2026-06-06,305.84,305.84,0.0,On-time
PAY0002932,LOAN0000436,CUST0000075,2024-07-15,,179.3,0.0,,Missed
PAY0002933,LOAN0000294,CUST0000925,2023-02-08,2023-02-06,452.0,452.0,0.0,On-time
PAY0002934,LOAN0000564,CUST0000695,2025-01-13,2025-01-12,471.54,471.54,0.0,On-time
PAY0002935,LOAN0000046,CUST0000361,2024-12-16,2024-12-16,1162.93,1162.93,0.0,On-time
PAY0002936,LOAN0000432,CUST0000070,2026-02-23,2026-03-10,261.4,261.4,15.0,Late
PAY0002937,LOAN0000213,CUST0000023,2023-06-27,2023-06-25,1149.89,1149.89,0.0,On-time
PAY0002938,LOAN0000045,CUST0000566,2025-01-12,2025-01-11,909.16,909.16,0.0,On-time
PAY0002939,LOAN0000566,CUST0000236,2025-01-30,2025-01-29,205.31,205.31,0.0,On-time
PAY0002940,LOAN0000087,CUST0000889,2026-01-04,2026-01-02,286.79,286.79,0.0,On-time
PAY0002941,LOAN0000111,CUST0000196,2025-05-07,2025-05-07,640.44,640.44,0.0,On-time
PAY0002942,LOAN0000549,CUST0000293,2025-10-02,2025-10-13,155.52,155.52,11.0,Late
PAY0002943,LOAN0000047,CUST0000212,2024-05-15,2024-06-27,199.31,199.31,43.0,Late
PAY0002944,LOAN0000226,CUST0000893,2025-06-01,2025-06-03,101.32,101.32,2.0,Late
PAY0002945,LOAN0000213,CUST0000023,2024-01-26,2024-01-25,1149.89,1149.89,0.0,On-time
PAY0002946,LOAN0000110,CUST0000466,2024-02-22,2024-02-21,434.4,434.4,0.0,On-time
PAY0002947,LOAN0000169,CUST0000889,2023-03-21,2023-03-19,1012.97,1012.97,0.0,On-time
PAY0002948,LOAN0000332,CUST0000127,2023-04-05,2023-04-03,119.33,119.33,0.0,On-time
PAY0002949,LOAN0000339,CUST0000384,2024-12-22,2024-12-20,83.06,83.06,0.0,On-time
PAY0002950,LOAN0000249,CUST0000632,2026-06-11,2026-06-09,1134.85,1134.85,0.0,On-time
PAY0002951,LOAN0000543,CUST0000901,2026-02-24,,2766.45,0.0,,Missed
PAY0002952,LOAN0000333,CUST0000449,2024-08-08,2024-08-07,427.8,427.8,0.0,On-time
PAY0002953,LOAN0000279,CUST0000696,2025-10-24,2025-11-09,28.99,28.99,16.0,Late
PAY0002954,LOAN0000295,CUST0000369,2025-02-02,2025-02-02,638.67,638.67,0.0,On-time
PAY0002955,LOAN0000392,CUST0000563,2024-11-25,2024-11-25,643.1,643.1,0.0,On-time
PAY0002956,LOAN0000282,CUST0000724,2024-07-23,2024-07-21,67.12,67.12,0.0,On-time
PAY0002957,LOAN0000007,CUST0000718,2025-05-13,2025-05-29,669.61,669.61,16.0,Late
PAY0002958,LOAN0000185,CUST0000327,2025-08-10,2025-08-08,89.29,89.29,0.0,On-time
PAY0002959,LOAN0000411,CUST0000531,2025-02-09,2025-02-28,1187.31,1187.31,19.0,Delayed
PAY0002960,LOAN0000147,CUST0000364,2025-07-27,2025-07-26,150.55,150.55,0.0,On-time
PAY0002961,LOAN0000520,CUST0000697,2022-07-15,2022-07-15,168.67,168.67,0.0,On-time
PAY0002962,LOAN0000218,CUST0000200,2024-05-03,2024-05-03,864.08,864.08,0.0,On-time
PAY0002963,LOAN0000237,CUST0000988,2025-04-24,,1335.42,0.0,,Missed
PAY0002964,LOAN0000175,CUST0000265,2026-06-01,2026-05-31,344.59,344.59,0.0,On-time
PAY0002965,LOAN0000422,CUST0000388,2023-06-14,2023-06-12,394.51,394.51,0.0,On-time
PAY0002966,LOAN0000112,CUST0000398,2026-06-01,,275.2,275.2,14.0,On-time
PAY0002967,LOAN0000174,CUST0000976,2026-05-12,2026-05-11,2107.17,2107.17,0.0,On-time
PAY0002968,LOAN0000483,CUST0000418,2023-06-06,2023-07-06,191.54,191.54,30.0,Late
PAY0002969,LOAN0000583,CUST0000516,2024-01-27,2024-01-27,843.06,843.06,0.0,On-time
PAY0002970,LOAN0000473,CUST0000340,2023-08-01,2023-08-01,528.94,198.2,0.0,Partial
PAY0002971,LOAN0000185,CUST0000327,2025-11-09,2025-11-07,89.29,89.29,0.0,On-time
PAY0002972,LOAN0000577,CUST0000268,2023-11-27,,33.72,33.72,0.0,On-time
PAY0002973,LOAN0000273,CUST0000955,2022-11-27,2022-11-27,1128.57,1128.57,0.0,On-time
PAY0002974,LOAN0000385,CUST0000435,2023-11-28,2023-11-26,394.76,394.76,0.0,On-time
PAY0002975,LOAN0000421,CUST0000034,2025-09-13,2025-09-11,2573.12,2573.12,0.0,On-time
PAY0002976,LOAN0000565,CUST0000504,2022-08-24,2022-08-22,554.46,554.46,0.0,On-time
PAY0002977,LOAN0000477,CUST0000436,2025-06-22,2025-06-20,14.8,14.8,0.0,On-time
PAY0002978,LOAN0000443,CUST0000791,2025-01-31,2025-01-29,1882.62,1882.62,0.0,On-time
PAY0002979,LOAN0000169,CUST0000889,2024-06-20,2024-06-18,1012.97,1012.97,0.0,On-time
PAY0002980,LOAN0000363,CUST0000783,2025-08-28,2025-08-26,630.91,630.91,0.0,On-time
PAY0002981,LOAN0000403,CUST0000115,2025-03-20,,43.28,0.0,,Missed
PAY0002982,LOAN0000028,CUST0000016,2024-11-21,2024-11-21,196.9,196.9,0.0,On-time
PAY0002983,LOAN0000548,CUST0000347,2025-03-30,2025-03-28,480.43,344.57,0.0,Partial
PAY0002984,LOAN0000520,CUST0000697,2023-04-15,2023-04-14,168.67,-168.67,0.0,On-time
PAY0002985,LOAN0000104,CUST0000488,2024-05-26,2024-07-06,199.65,199.65,41.0,Late
PAY0002986,LOAN0000177,CUST0000681,2026-02-26,2026-02-24,93.84,93.84,0.0,On-time
PAY0002987,LOAN0000508,CUST0000151,2023-01-23,2023-02-22,359.97,-359.97,30.0,Late
PAY0002988,LOAN0000351,CUST0000434,2022-10-01,2022-10-01,901.14,901.14,0.0,On-time
PAY0002989,LOAN0000020,CUST0000574,2024-05-25,2024-05-24,437.5,437.5,0.0,On-time
PAY0002990,LOAN0000115,CUST0000780,2025-12-12,2025-12-22,146.22,146.22,10.0,Late
PAY0002991,LOAN0000028,CUST0000016,2026-06-22,2026-06-21,196.9,196.9,0.0,On-time
PAY0002992,LOAN0000159,CUST0000902,2024-03-23,2024-03-22,47.23,47.23,0.0,On-time
PAY0002993,LOAN0000243,CUST0000094,2024-12-08,2024-12-08,227.16,227.16,0.0,On-time
PAY0002994,LOAN0000205,CUST0000080,2026-03-28,2026-03-28,709.8,709.8,0.0,On-time
PAY0002995,LOAN0000058,CUST0000978,2024-05-19,2024-05-18,909.7,909.7,0.0,On-time
PAY0002996,LOAN0000583,CUST0000516,2026-06-28,2026-06-27,843.06,843.06,0.0,On-time
PAY0002997,LOAN0000275,CUST0000306,2024-09-14,2024-10-28,384.84,384.84,44.0,Late
PAY0002998,LOAN0000216,CUST0000899,2024-05-20,2024-06-07,545.77,545.77,18.0,Late
PAY0002999,LOAN0000299,CUST0000136,2023-02-05,2023-02-04,486.64,342.4,0.0,Partial
PAY0003000,LOAN0000187,CUST0000518,2025-02-05,,201.21,0.0,,Missed
PAY0003001,LOAN0000058,CUST0000978,2024-08-18,2024-08-16,909.7,909.7,0.0,On-time
PAY0003002,LOAN0000329,CUST0000886,2024-03-07,2024-03-06,1126.34,1126.34,0.0,On-time
PAY0003003,LOAN0000173,CUST0000500,2023-02-26,2023-02-24,41.76,41.76,0.0,On-time
PAY0003004,LOAN0000012,CUST0000725,2025-01-20,2025-01-18,607.42,607.42,0.0,On-time
PAY0003005,LOAN0000217,CUST0000492,2025-06-04,2025-06-03,683.75,683.75,0.0,On-time
PAY0003006,LOAN0000488,CUST0000052,2024-07-11,2024-07-11,135.79,135.79,0.0,On-time
PAY0003007,LOAN0000031,CUST0000787,2025-03-19,2025-03-18,1194.04,1194.04,0.0,On-time
PAY0003008,LOAN0000202,CUST0000060,2026-07-22,2026-07-22,65.87,65.87,0.0,On-time
PAY0003009,LOAN0000582,CUST0000328,2025-10-14,2025-10-13,2093.87,1319.22,0.0,Partial
PAY0003010,LOAN0000411,CUST0000531,2024-11-10,2024-11-24,1187.31,1187.31,14.0,Late
PAY0003011,LOAN0000534,CUST0000170,2026-01-06,2026-01-04,80.99,80.99,0.0,On-time
PAY0003012,LOAN0000362,CUST0000964,2023-10-24,2023-10-23,924.47,924.47,0.0,On-time
PAY0003013,LOAN0000169,CUST0000889,2024-05-20,2024-06-20,1012.97,1012.97,31.0,Late
PAY0003014,LOAN0000493,CUST0000307,2022-10-20,2022-12-02,516.28,516.28,43.0,Late
PAY0003015,LOAN0000279,CUST0000696,2024-09-23,2024-09-23,28.99,28.99,0.0,On-time
PAY0003016,LOAN0000369,CUST0000699,2023-06-20,2023-06-20,863.87,863.87,0.0,On-time
PAY0003017,LOAN0000325,CUST0000206,2026-08-20,2026-08-18,2758.6,2758.6,0.0,On-time
PAY0003018,LOAN0000200,CUST0000200,2024-02-22,2024-02-20,263.49,263.49,0.0,On-time
PAY0003019,LOAN0000338,CUST0000083,2024-11-29,2024-11-29,1081.84,1081.84,0.0,On-time
PAY0003020,LOAN0000012,CUST0000725,2025-05-22,2025-05-21,607.42,607.42,0.0,On-time
PAY0003021,LOAN0000423,CUST0000564,2026-04-22,2026-04-22,43.59,43.59,0.0,On-time
PAY0003022,LOAN0000224,CUST0000556,2025-05-25,,1054.15,0.0,,Missed
PAY0003023,LOAN0000285,CUST0000506,2026-04-14,2026-04-13,133.87,133.87,0.0,On-time
PAY0003024,LOAN0000302,CUST0000408,2026-04-06,2026-04-04,254.69,254.69,0.0,On-time
PAY0003025,LOAN0000090,CUST0000721,2022-11-20,2022-11-18,213.64,213.64,0.0,On-time
PAY0003026,LOAN0000347,CUST0000702,2026-04-02,2026-03-31,1078.58,1078.58,0.0,On-time
PAY0003027,LOAN0000343,CUST0000618,2024-03-04,,2825.66,0.0,,Missed
PAY0003028,LOAN0000414,CUST0000003,2025-07-12,2025-07-10,22.1,22.1,0.0,On-time
PAY0003029,LOAN0000108,CUST0000303,2024-10-30,2024-10-30,115.22,115.22,0.0,On Time
PAY0003030,LOAN0000371,CUST0000522,2023-04-06,,1425.12,0.0,,Missed
PAY0003031,LOAN0000365,CUST0000603,2026-07-03,2026-07-01,8074.3,6313.68,0.0,Partial
PAY0003032,LOAN0000318,CUST0000451,2024-11-12,2024-11-11,1389.25,1389.25,0.0,On-time
PAY0003033,LOAN0000222,CUST0000435,2025-05-28,2025-06-12,384.39,384.39,15.0,Late
PAY0003034,LOAN0000048,CUST0000676,2026-05-18,2026-05-16,372.81,159.18,0.0,Partial
PAY0003035,LOAN0000568,CUST0000389,2026-05-12,2026-05-11,206.47,206.47,0.0,On-time
PAY0003036,LOAN0000094,CUST0000345,2025-05-01,2025-05-01,610.74,610.74,0.0,On-time
PAY0003037,LOAN0000402,CUST0000072,2026-01-01,2026-01-01,158.38,158.38,0.0,On-time
PAY0003038,LOAN0000570,CUST0000530,2025-10-27,2025-10-27,390.97,390.97,0.0,On-time
PAY0003039,LOAN0000462,CUST0000397,2024-08-29,2024-08-27,660.43,660.43,0.0,On-time
PAY0003040,LOAN0000019,CUST0000441,2022-07-31,2022-07-29,2083.16,,0.0,On-time
PAY0003041,LOAN0000394,CUST0000050,2023-08-21,2023-08-30,566.23,566.23,9.0,Late
PAY0003042,LOAN0000426,CUST0000297,2023-09-15,2023-09-13,370.17,370.17,0.0,On-time
PAY0003043,LOAN0000510,CUST0000702,2026-03-23,2026-03-23,892.11,892.11,0.0,On-time
PAY0003044,LOAN0000406,CUST0000519,2024-06-08,2024-06-08,179.61,179.61,0.0,On-time
PAY0003045,LOAN0000016,CUST0000359,2026-08-14,2026-08-13,424.63,424.63,0.0,On-time
PAY0003046,LOAN0000555,CUST0000407,2024-01-29,2024-01-29,109.67,109.67,0.0,On-time
PAY0003047,LOAN0000236,CUST0000945,2024-09-21,2024-09-19,123.89,123.89,0.0,On-time
PAY0003048,LOAN0000244,CUST0000562,2024-09-29,2024-09-28,683.64,683.64,0.0,On-time
PAY0003049,LOAN0000295,CUST0000369,2025-05-04,2025-05-02,638.67,638.67,0.0,On-time
PAY0003050,LOAN0000473,CUST0000340,2024-08-30,2024-08-28,528.94,528.94,0.0,On-time
PAY0003051,LOAN0000273,CUST0000955,2023-03-29,2023-03-28,1128.57,1128.57,0.0,On-time
PAY0003052,LOAN0000012,CUST0000725,2023-04-22,2023-04-22,607.42,607.42,0.0,On-time
PAY0003053,LOAN0000456,CUST0000220,2023-08-06,2023-08-05,204.09,204.09,0.0,On-time
PAY0003054,LOAN0000156,CUST0000047,2023-05-15,2023-05-13,19.97,19.97,0.0,On-time
PAY0003055,LOAN0000002,CUST0000552,2025-09-01,2025-08-30,38.11,38.11,0.0,On-time
PAY0003056,LOAN0000191,CUST0000044,2024-06-01,2024-05-30,1957.75,1957.75,0.0,On-time
PAY0003057,LOAN0000300,CUST0000058,2026-06-17,2026-06-15,2887.49,2887.49,0.0,On-time
PAY0003058,LOAN0000362,CUST0000964,2023-04-24,2023-04-22,924.47,924.47,0.0,On-time
PAY0003059,LOAN0000345,CUST0000724,2023-12-26,,906.51,0.0,,Missed
PAY0003060,LOAN0000553,CUST0000515,2026-04-27,2026-04-25,108.09,108.09,0.0,On-time
PAY0003061,LOAN0000130,CUST0000431,2026-03-02,2026-03-02,570.84,570.84,0.0,On-time
PAY0003062,LOAN0000189,CUST0000937,2026-07-06,,1267.39,0.0,,Missed
PAY0003063,LOAN0000114,CUST0000879,2026-01-21,2026-01-20,203.52,203.52,0.0,On-time
PAY0003064,LOAN0000136,CUST0000678,2025-04-13,2025-04-11,62.52,62.52,0.0,On-time
PAY0003065,LOAN0000515,CUST0000228,2026-01-24,2026-01-23,89.12,89.12,0.0,On-time
PAY0003066,LOAN0000147,CUST0000364,2024-07-27,2024-07-25,150.55,150.55,0.0,On-time
PAY0003067,LOAN0000327,CUST0000225,2026-01-25,2026-01-25,214.19,214.19,0.0,On-time
PAY0003068,LOAN0000363,CUST0000783,2026-03-30,2026-03-29,630.91,630.91,0.0,On-time
PAY0003069,LOAN0000299,CUST0000136,2024-08-06,2024-09-10,486.64,486.64,35.0,delayed
PAY0003070,LOAN0000102,CUST0000551,2026-07-21,2026-07-21,635.91,635.91,0.0,On-time
PAY0003071,LOAN0000471,CUST0000761,2024-12-05,2024-12-04,123.33,-123.33,0.0,On-time
PAY0003072,LOAN0000375,CUST0000107,2024-04-02,2024-04-01,1121.15,1121.15,0.0,On-time
PAY0003073,LOAN0000056,CUST0000793,2025-04-21,2025-04-19,145.21,145.21,0.0,On-time
PAY0003074,LOAN0000348,CUST0000228,2023-11-13,2023-11-11,140.46,140.46,0.0,On-time
PAY0003075,LOAN0000154,CUST0000605,2026-07-08,2026-07-07,218.73,218.73,0.0,On-time
PAY0003076,LOAN0000044,CUST0000363,2023-07-04,,1557.81,0.0,,Missed
PAY0003077,LOAN0000047,CUST0000212,2024-12-14,2024-12-12,199.31,199.31,0.0,On-time
PAY0003078,LOAN0000453,CUST0000869,2024-09-13,2024-10-04,1543.9,1543.9,21.0,Late
PAY0003079,LOAN0000559,CUST0000824,2025-11-29,2025-11-28,176.29,176.29,0.0,ON-TIME
PAY0003080,LOAN0000370,CUST0000869,2024-08-27,2024-09-28,778.37,778.37,32.0,Late
PAY0003081,LOAN0000331,CUST0000879,2025-11-04,2025-11-02,70.21,70.21,0.0,On-time
PAY0003082,LOAN0000302,CUST0000408,2026-08-06,,254.69,0.0,,Missed
PAY0003083,LOAN0000426,CUST0000297,2023-08-16,2023-08-15,370.17,370.17,0.0,On-time
PAY0003084,LOAN0000587,CUST0000313,2025-08-24,2025-08-24,268.66,173.75,0.0,Partial
PAY0003085,LOAN0000257,CUST0000699,2024-05-26,2024-05-24,1022.97,1022.97,0.0,On-time
PAY0003086,LOAN0000129,CUST0000236,2023-06-09,2023-06-09,453.79,453.79,0.0,On-time
PAY0003087,LOAN0000428,CUST0000264,2026-04-05,2026-04-25,182.59,182.59,20.0,Late
PAY0003088,LOAN0000411,CUST0000531,2024-07-11,2024-07-11,1187.31,1187.31,0.0,On-time
PAY0003089,LOAN0000266,CUST0000220,2025-12-10,2025-12-10,324.19,324.19,0.0,On-time
PAY0003090,LOAN0000164,CUST0000966,2023-10-28,2023-10-28,3556.03,,0.0,On-time
PAY0003091,LOAN0000062,CUST0000397,2025-01-29,2025-01-31,309.46,309.46,2.0,Late
PAY0003092,LOAN0000356,CUST0000951,2024-11-16,2024-11-14,208.44,208.44,0.0,On Time
PAY0003093,LOAN0000244,CUST0000562,2025-01-29,2025-01-27,683.64,683.64,0.0,On-time
PAY0003094,LOAN0000182,CUST0000834,2025-06-16,2025-06-16,39.57,39.57,0.0,On-time
PAY0003095,LOAN0000173,CUST0000500,2023-07-29,2023-07-28,41.76,41.76,0.0,On-time
PAY0003096,LOAN0000463,CUST0000684,2022-12-01,2022-11-30,397.2,397.2,0.0,On-time
PAY0003097,LOAN0000363,CUST0000783,2026-07-29,2026-08-14,630.91,630.91,16.0,Late
PAY0003098,LOAN0000591,CUST0000472,2025-05-22,,173.16,0.0,,Missed
PAY0003099,LOAN0000577,CUST0000268,2025-10-27,2025-10-25,33.72,33.72,0.0,On-time
PAY0003100,LOAN0000272,CUST0000177,2024-10-31,2024-12-08,248.57,248.57,38.0,Late
PAY0003101,LOAN0000593,CUST0000684,2024-09-09,2024-09-07,300.58,300.58,0.0,On-time
PAY0003102,LOAN0000070,CUST0000916,2024-02-20,2024-02-19,592.68,592.68,0.0,On-time
PAY0003103,LOAN0000036,CUST0000435,2026-06-08,2026-07-20,635.66,635.66,42.0,Late
PAY0003104,LOAN0000529,CUST0000838,2025-02-22,2025-03-11,513.54,513.54,17.0,Late
PAY0003105,LOAN0000055,CUST0000726,2025-06-28,2025-06-27,399.72,399.72,0.0,On-time
PAY0003106,LOAN0000386,CUST0000481,2023-08-13,2023-08-13,155.17,155.17,0.0,On-time
PAY0003107,LOAN0000557,CUST0000030,2025-01-29,2025-01-29,2011.13,2011.13,0.0,On-time
PAY0003108,LOAN0000315,CUST0000259,2022-06-30,2022-06-28,962.31,962.31,0.0,On-time
PAY0003109,LOAN0000497,CUST0000929,2026-03-11,2026-03-11,891.0,891.0,0.0,On-time
PAY0003110,LOAN0000119,CUST0000188,2023-06-15,2023-07-16,820.41,820.41,31.0,Late
PAY0003111,LOAN0000290,CUST0000757,2026-01-13,2026-01-18,649.64,649.64,5.0,Late
PAY0003112,LOAN0000506,CUST0000630,2025-09-12,,206.27,0.0,,Missed
PAY0003113,LOAN0000231,CUST0000896,2025-11-08,2025-11-08,508.99,355.22,0.0,Partial
PAY0003114,LOAN0000437,CUST0000668,2026-01-16,,572.37,0.0,,Missed
PAY0003115,LOAN0000558,CUST0000843,2025-03-23,2025-03-22,115.54,115.54,0.0,On-time
PAY0003116,LOAN0000092,CUST0000314,2023-10-01,2023-09-30,657.71,657.71,0.0,On-time
PAY0003117,LOAN0000007,CUST0000718,2025-10-12,2025-10-10,669.61,669.61,0.0,On-time
PAY0003118,LOAN0000432,CUST0000070,2025-11-24,2025-11-22,261.4,261.4,0.0,On-time
PAY0003119,LOAN0000465,CUST0000519,2026-04-09,2026-04-09,121.1,121.1,0.0,On-time
PAY0003120,LOAN0000578,CUST0000916,2022-04-01,2022-03-30,335.27,335.27,0.0,On-time
PAY0003121,LOAN0000156,CUST0000047,2025-04-14,2025-04-14,19.97,19.97,0.0,On-time
PAY0003122,LOAN0000194,CUST0000341,2024-05-09,2024-05-19,1014.07,1014.07,10.0,Late
PAY0003123,LOAN0000076,CUST0000869,2024-09-27,2024-09-25,241.76,241.76,0.0,On-time
PAY0003124,LOAN0000442,CUST0000745,2026-03-05,2026-03-05,250.74,250.74,0.0,On-time
PAY0003125,LOAN0000122,CUST0000253,2022-11-03,2022-11-03,559.32,559.32,0.0,ON-TIME
PAY0003126,LOAN0000151,CUST0000118,2023-10-02,2023-09-30,226.17,226.17,0.0,On-time
PAY0003127,LOAN0000422,CUST0000388,2024-08-13,2024-08-12,394.51,394.51,0.0,On-time
PAY0003128,LOAN0000071,CUST0000250,2025-02-20,2025-02-19,190.79,190.79,0.0,On-time
PAY0003129,LOAN0000337,CUST0000035,2023-09-26,2023-09-26,210.97,146.64,0.0,Partial
PAY0003130,LOAN0000183,CUST0000713,2023-05-23,2023-05-21,588.68,588.68,0.0,On-time
PAY0003131,LOAN0000437,CUST0000668,2026-02-16,2026-02-14,572.37,572.37,0.0,On-time
PAY0003132,LOAN0000456,CUST0000220,2023-06-06,2023-06-04,204.09,204.09,0.0,On-time
PAY0003133,LOAN0000242,CUST0000420,2025-06-14,2025-06-12,711.72,711.72,0.0,On-time
PAY0003134,LOAN0000432,CUST0000070,2025-10-24,2025-10-24,261.4,261.4,0.0,On-time
PAY0003135,LOAN0000578,CUST0000916,2023-03-02,2023-03-01,335.27,335.27,0.0,On-time
PAY0003136,LOAN0000355,CUST0000771,2025-07-29,,2611.51,0.0,,Missed
PAY0003137,LOAN0000233,CUST0000781,2025-05-24,2025-05-23,2150.27,2150.27,0.0,On-time
PAY0003138,LOAN0000366,CUST0000111,2023-12-10,2023-12-09,668.2,668.2,0.0,On-time
PAY0003139,LOAN0000181,CUST0000393,2025-08-21,2025-08-19,114.46,114.46,0.0,On-time
PAY0003140,LOAN0000432,CUST0000070,2025-09-24,2025-09-22,261.4,261.4,0.0,On-time
PAY0003141,LOAN0000426,CUST0000297,2022-11-15,,370.17,0.0,,Missed
PAY0003142,LOAN0000331,CUST0000879,2024-12-04,2025-01-04,70.21,70.21,31.0,Late
PAY0003143,LOAN0000539,CUST0000693,2025-04-03,2025-04-01,180.07,180.07,0.0,On-time
PAY0003144,LOAN0000370,CUST0000869,2025-10-27,,778.37,0.0,,Missed
PAY0003145,LOAN0000346,CUST0000988,2023-08-06,2023-08-04,186.55,186.55,0.0,On-time
PAY0003146,LOAN0000410,CUST0000712,2022-10-16,2022-10-16,696.51,696.51,0.0,On-time
PAY0003147,LOAN0000004,CUST0000293,2023-07-13,,715.28,0.0,,Missed
PAY0003148,LOAN0000329,CUST0000886,2024-12-06,2024-12-06,1126.34,1126.34,0.0,On-time
PAY0003149,LOAN0000546,CUST0000704,2026-06-16,2026-06-15,3568.57,3568.57,0.0,On-time
PAY0003150,LOAN0000208,CUST0000886,2024-12-08,2024-12-07,682.55,682.55,0.0,On-time
PAY0003151,LOAN0000505,CUST0000062,2023-12-18,,50.36,0.0,,Missed
PAY0003152,LOAN0000461,CUST0000893,2025-09-24,2025-09-26,13.08,13.08,2.0,Late
PAY0003153,LOAN0000592,CUST0000786,2024-12-03,2024-12-01,979.05,979.05,0.0,On-time
PAY0003154,LOAN0000450,CUST0000307,2025-12-02,2025-11-30,205.25,205.25,0.0,On-time
PAY0003155,LOAN0000488,CUST0000052,2023-11-10,2023-11-09,135.79,135.79,0.0,On-time
PAY0003156,LOAN0000194,CUST0000341,2025-04-08,2025-04-08,1014.07,1014.07,0.0,On-time
PAY0003157,LOAN0000210,CUST0000782,2026-03-18,,324.08,0.0,,Missed
PAY0003158,LOAN0000120,CUST0000484,2024-03-13,2024-03-13,316.36,110.54,0.0,Partial
PAY0003159,LOAN0000332,CUST0000127,2024-01-04,2024-01-03,119.33,119.33,0.0,On-time
PAY0003160,LOAN0000098,CUST0000913,2025-05-28,2025-05-27,205.08,205.08,0.0,On-time
PAY0003161,LOAN0000512,CUST0000817,2025-10-14,2025-10-14,915.62,915.62,0.0,On-time
PAY0003162,LOAN0000397,CUST0000714,2024-03-19,2023-12-23,500.03,500.03,0.0,On-time
PAY0003163,LOAN0000339,CUST0000384,2024-09-22,2024-09-22,83.06,83.06,0.0,On-time
PAY0003164,LOAN0000449,CUST0000617,2023-09-17,2023-09-15,464.05,464.05,0.0,On-time
PAY0003165,LOAN0000462,CUST0000397,2024-12-29,2024-12-27,660.43,660.43,0.0,On-time
PAY0003166,LOAN0000377,CUST0000186,2022-10-20,2022-10-20,651.39,651.39,0.0,On-time
PAY0003167,LOAN0000477,CUST0000436,2023-06-23,2023-07-26,14.8,14.8,33.0,Late
PAY0003168,LOAN0000063,CUST0000024,2025-10-18,2025-10-18,101.19,101.19,0.0,On-time
PAY0003169,LOAN0000594,CUST0000856,2026-08-05,2026-01-18,46.1,46.1,0.0,On-time
PAY0003170,LOAN0000144,CUST0000143,2021-10-16,2021-11-28,184.57,184.57,43.0,Late
PAY0003171,LOAN0000290,CUST0000757,2023-10-14,2023-10-12,649.64,649.64,0.0,On-time
PAY0003172,LOAN0000132,CUST0000669,2024-03-16,2024-03-14,628.47,628.47,0.0,On-time
PAY0003173,LOAN0000331,CUST0000879,2025-05-05,2025-05-03,70.21,70.21,0.0,On-time
PAY0003174,LOAN0000170,CUST0000156,2024-04-16,2024-04-15,1293.11,970.06,0.0,Partial
PAY0003175,LOAN0000206,CUST0000997,2025-08-24,,153.63,0.0,,Missed
PAY0003176,LOAN0000177,CUST0000681,2026-04-28,2026-04-27,93.84,93.84,0.0,On-time
PAY0003177,LOAN0000518,CUST0000585,2026-02-17,2026-02-17,1847.26,1847.26,0.0,On-time
PAY0003178,LOAN0000459,CUST0000783,2024-11-05,2024-11-05,183.08,183.08,0.0,On-time
PAY0003179,LOAN0000232,CUST0000762,2024-11-22,2024-11-26,30.32,30.32,4.0,Late
PAY0003180,LOAN0000403,CUST0000115,2023-11-19,2023-12-15,43.28,43.28,26.0,Late
PAY0003181,LOAN0000183,CUST0000713,2022-03-23,2022-03-21,588.68,-588.68,0.0,On-time
PAY0003182,LOAN0000019,CUST0000441,2022-11-29,2022-11-27,2083.16,2083.16,0.0,On-time
PAY0003183,LOAN0000032,CUST0000569,2025-06-15,2025-07-01,1505.11,,16.0,Late
PAY0003184,LOAN0000178,CUST0000675,2026-08-15,2026-08-15,963.41,963.41,0.0,On-time
PAY0003185,LOAN0000046,CUST0000361,2026-06-17,,1162.93,0.0,,Missed
PAY0003186,LOAN0000328,CUST0000176,2026-03-17,2026-03-15,34.51,34.51,0.0,On-time
PAY0003187,LOAN0000336,CUST0000690,2026-02-24,,52.94,52.94,0.0,On-time
PAY0003188,LOAN0000456,CUST0000220,2022-09-05,2022-09-03,204.09,204.09,0.0,On-time
PAY0003189,LOAN0000315,CUST0000259,2022-10-30,2022-11-28,962.31,962.31,29.0,Late
PAY0003190,LOAN0000538,CUST0000126,2024-06-08,2024-06-08,360.05,360.05,0.0,On-time
PAY0003191,LOAN0000226,CUST0000893,2023-07-02,,101.32,0.0,,Missed
PAY0003192,LOAN0000115,CUST0000780,2024-12-12,2025-01-21,146.22,146.22,40.0,Late
PAY0003193,LOAN0000112,CUST0000398,2025-11-30,,275.2,208.62,0.0,On-time
PAY0003194,LOAN0000246,CUST0000874,2024-12-09,2024-12-13,966.85,966.85,4.0,Late
PAY0003195,LOAN0000394,CUST0000050,2022-09-20,2022-09-18,566.23,566.23,0.0,On-time
PAY0003196,LOAN0000439,CUST0000280,2025-11-21,2025-11-19,216.4,216.4,0.0,On-time
PAY0003197,LOAN0000481,CUST0000429,2024-11-03,2024-11-01,227.01,227.01,0.0,On-time
PAY0003198,LOAN0000147,CUST0000364,2022-04-27,2022-05-27,150.55,150.55,30.0,Late
PAY0003199,LOAN0000371,CUST0000522,2025-05-06,2025-05-04,1425.12,,0.0,On-time
PAY0003200,LOAN0000189,CUST0000937,2026-02-04,,1267.39,0.0,,Missed
PAY0003201,LOAN0000418,CUST0000918,2024-10-11,,86.17,0.0,,Missed
PAY0003202,LOAN0000576,CUST0000001,2025-02-02,2025-02-11,341.13,341.13,9.0,Late
PAY0003203,LOAN0000292,CUST0000778,2022-08-18,2022-08-17,3468.2,3468.2,0.0,On-time
PAY0003204,LOAN0000042,CUST0000954,2025-04-21,,518.03,0.0,,Missed
PAY0003205,LOAN0000371,CUST0000522,2025-11-05,2025-11-05,1425.12,1425.12,0.0,On-time
PAY0003206,LOAN0000073,CUST0000266,2025-12-06,2025-12-04,101.83,101.83,0.0,On-time
PAY0003207,LOAN0000509,CUST0000598,2026-08-24,2026-08-24,671.21,671.21,0.0,OK
PAY0003208,LOAN0000422,CUST0000388,2024-09-13,2024-09-12,394.51,,0.0,On-time
PAY0003209,LOAN0000076,CUST0000869,2024-05-28,2024-05-28,241.76,241.76,0.0,On-time
PAY0003210,LOAN0000033,CUST0000373,2025-09-21,2025-09-20,2390.38,2390.38,0.0,On-time
PAY0003211,LOAN0000520,CUST0000697,2024-08-14,2024-08-12,168.67,168.67,0.0,On-time
PAY0003212,LOAN0000576,CUST0000001,2025-11-03,2025-11-02,341.13,341.13,0.0,On-time
PAY0003213,LOAN0000133,CUST0000758,2024-10-18,2024-10-16,367.28,367.28,0.0,On-time
PAY0003214,LOAN0000288,CUST0000370,2024-09-19,2024-09-17,476.12,476.12,0.0,On-time
PAY0003215,LOAN0000231,CUST0000896,2025-02-07,2025-02-06,508.99,508.99,0.0,On-time
PAY0003216,LOAN0000319,CUST0000112,2024-06-03,,132.31,0.0,,Missed
PAY0003217,LOAN0000282,CUST0000724,2023-10-23,2023-10-23,67.12,67.12,0.0,On-time
PAY0003218,LOAN0000139,CUST0000859,2025-04-10,2025-04-09,627.26,627.26,0.0,On-time
PAY0003219,LOAN0000236,CUST0000945,2024-11-21,2024-11-20,123.89,123.89,0.0,On-time
PAY0003220,LOAN0000098,CUST0000913,2026-07-28,2026-07-27,205.08,205.08,0.0,On-time
PAY0003221,LOAN0000047,CUST0000212,2023-03-16,2023-03-14,199.31,199.31,0.0,On-time
PAY0003222,LOAN0000217,CUST0000492,2025-05-04,2025-05-02,683.75,683.75,0.0,On-time
PAY0003223,LOAN0000256,CUST0000931,2023-06-27,2023-06-27,94.47,94.47,0.0,On-time
PAY0003224,LOAN0000477,CUST0000436,2024-05-22,,14.8,-782.9320523407058,,Missed
PAY0003225,LOAN0000051,CUST0000838,2026-02-21,,1474.03,0.0,,Missed
PAY0003226,LOAN0000319,CUST0000112,2023-12-03,2023-12-27,132.31,132.31,24.0,Late
PAY0003227,LOAN0000432,CUST0000070,2024-10-24,2024-10-24,261.4,261.4,0.0,On-time
PAY0003228,LOAN0000233,CUST0000781,2023-11-23,2023-11-22,2150.27,2150.27,0.0,On-time
PAY0003229,LOAN0000102,CUST0000551,2025-11-20,2025-11-19,635.91,635.91,0.0,On-time
PAY0003230,LOAN0000483,CUST0000418,2026-06-05,2026-06-04,191.54,191.54,0.0,On-time
PAY0003231,LOAN0000386,CUST0000481,2023-12-13,2023-12-12,155.17,155.17,0.0,On-time
PAY0003232,LOAN0000231,CUST0000896,2025-04-09,2025-04-29,508.99,508.99,20.0,Late
PAY0003233,LOAN0000348,CUST0000228,2023-08-14,2023-08-14,140.46,140.46,0.0,On-time
PAY0003234,LOAN0000559,CUST0000824,2024-05-30,2024-06-22,176.29,176.29,23.0,Late
PAY0003235,LOAN0000471,CUST0000761,2025-02-04,2025-02-03,123.33,,0.0,On-time
PAY0003236,LOAN0000094,CUST0000345,2022-07-31,2022-07-31,610.74,610.74,0.0,On-time
PAY0003237,LOAN0000239,CUST0000856,2026-05-10,,160.45,0.0,,Missed
PAY0003238,LOAN0000572,CUST0000379,2024-07-31,2024-07-29,199.55,199.55,0.0,On-time
PAY0003239,LOAN0000179,CUST0000796,2025-02-23,2025-02-22,76.24,76.24,0.0,On-time
PAY0003240,LOAN0000147,CUST0000364,2023-11-27,2023-11-25,150.55,150.55,0.0,On-time
PAY0003241,LOAN0000047,CUST0000212,2025-09-14,2025-09-12,199.31,-199.31,0.0,On-time
PAY0003242,LOAN0000299,CUST0000136,2025-10-06,2025-10-06,486.64,486.64,0.0,On-time
PAY0003243,LOAN0000239,CUST0000856,2025-10-09,2025-10-07,160.45,160.45,0.0,On-time
PAY0003244,LOAN0000118,CUST0000545,2026-07-08,2026-07-07,208.58,208.58,0.0,On-time
PAY0003245,LOAN0000462,CUST0000397,2026-04-30,,660.43,0.0,,Missed
PAY0003246,LOAN0000478,CUST0000586,2024-10-15,2024-10-13,382.05,382.05,0.0,On-time
PAY0003247,LOAN0000558,CUST0000843,2024-06-23,2024-06-21,115.54,42.65,0.0,Partial
PAY0003248,LOAN0000188,CUST0000979,2025-12-10,,349.2,0.0,,Missed
PAY0003249,LOAN0000503,CUST0000314,2026-07-18,2026-07-18,623.39,623.39,0.0,On-time
PAY0003250,LOAN0000587,CUST0000313,2025-11-23,2025-11-21,268.66,268.66,0.0,On-time
PAY0003251,LOAN0000027,CUST0000457,2023-12-21,2023-12-20,240.0,240.0,0.0,On-time
PAY0003252,LOAN0000207,CUST0000383,2023-12-17,2023-12-15,935.64,935.64,0.0,On-time
PAY0003253,LOAN0000041,CUST0000778,2023-07-13,2023-08-16,450.04,450.04,34.0,Late
PAY0003254,LOAN0000190,CUST0000337,2025-04-27,,293.17,0.0,,Missed
PAY0003255,LOAN0000286,CUST0000607,2026-04-23,2026-05-20,448.57,448.57,27.0,Late
PAY0003256,LOAN0000073,CUST0000266,2026-08-06,2026-08-06,101.83,101.83,0.0,On-time
PAY0003257,LOAN0000081,CUST0000682,2023-11-19,2023-11-19,377.89,377.89,0.0,On-time
PAY0003258,LOAN0000362,CUST0000964,2026-06-24,2026-06-23,924.47,924.47,0.0,On-time
PAY0003259,LOAN0000144,CUST0000143,2026-07-18,2026-07-18,184.57,184.57,0.0,On-time
PAY0003260,LOAN0000450,CUST0000307,2026-02-01,2026-01-31,205.25,98.66,0.0,Partial
PAY0003261,LOAN0000509,CUST0000598,2024-12-23,,671.21,0.0,,Missed
PAY0003262,LOAN0000540,CUST0000782,2024-12-13,2024-12-12,216.21,216.21,0.0,On-time
PAY0003263,LOAN0000274,CUST0000327,2024-04-04,,125.44,0.0,,Missed
PAY0003264,LOAN0000583,CUST0000516,2024-05-28,2024-05-28,843.06,843.06,0.0,On-time
PAY0003265,LOAN0000556,CUST0000773,2022-02-19,,76.7,0.0,,Missed
PAY0003266,LOAN0000536,CUST0000581,2025-12-16,2025-12-16,246.77,246.77,0.0,On-time
PAY0003267,LOAN0000533,CUST0000725,2022-09-24,2022-09-23,1461.65,1461.65,0.0,On-time
PAY0003268,LOAN0000101,CUST0000422,2025-12-15,2025-12-14,479.38,479.38,0.0,On-time
PAY0003269,LOAN0000299,CUST0000136,2022-11-06,2022-11-05,486.64,486.64,0.0,On-time
PAY0003270,LOAN0000511,CUST0000465,2026-07-18,2026-08-03,839.55,839.55,16.0,Late
PAY0003271,LOAN0000092,CUST0000314,2023-01-31,,657.71,0.0,,Missed
PAY0003272,LOAN0000426,CUST0000297,2024-06-15,,370.17,0.0,,Missed
PAY0003273,LOAN0000384,CUST0000497,2026-04-30,,97.43,97.43,0.0,On-time
PAY0003274,LOAN0000407,CUST0000624,2026-04-23,2026-04-22,250.13,250.13,0.0,On-time
PAY0003275,LOAN0000472,CUST0000609,2025-08-10,,666.25,666.25,29.0,Late
PAY0003276,LOAN0000579,CUST0000002,2023-07-27,2023-07-26,467.36,467.36,0.0,On-time
PAY0003277,LOAN0000542,CUST0000668,2025-05-05,2025-05-05,286.55,286.55,0.0,ON-TIME
PAY0003278,LOAN0000193,CUST0000003,2024-03-27,2024-03-27,466.75,466.75,0.0,On-time
PAY0003279,LOAN0000008,CUST0000974,2025-11-08,2025-11-07,77.65,77.65,0.0,On Time
PAY0003280,LOAN0000275,CUST0000306,2026-02-14,2026-03-13,384.84,384.84,27.0,Late
PAY0003281,LOAN0000394,CUST0000050,2023-01-20,2023-01-20,566.23,566.23,0.0,On-time
PAY0003282,LOAN0000339,CUST0000384,2024-08-22,2024-08-22,83.06,83.06,0.0,On-time
PAY0003283,LOAN0000569,CUST0000182,2026-01-26,2026-01-25,206.03,206.03,0.0,On-time
PAY0003284,LOAN0000251,CUST0000975,2026-02-26,2026-02-24,793.09,793.09,0.0,On-time
PAY0003285,LOAN0000439,CUST0000280,2025-02-20,2025-02-18,216.4,216.4,0.0,On-time
PAY0003286,LOAN0000173,CUST0000500,2023-12-28,2023-12-26,41.76,,0.0,On-time
PAY0003287,LOAN0000146,CUST0000606,2024-03-25,2024-03-23,1506.71,1506.71,0.0,On-time
PAY0003288,LOAN0000342,CUST0000666,2026-04-12,2026-04-10,103.82,103.82,0.0,On-time
PAY0003289,LOAN0000555,CUST0000407,2024-03-30,2024-03-28,109.67,109.67,0.0,On-time
PAY0003290,LOAN0000339,CUST0000384,2024-02-22,2024-02-22,83.06,83.06,0.0,On-time
PAY0003291,LOAN0000380,CUST0000036,2024-07-28,,719.07,0.0,,Missed
PAY0003292,LOAN0000413,CUST0000242,2026-07-20,2026-07-24,536.55,536.55,4.0,Late
PAY0003293,LOAN0000246,CUST0000874,2024-09-09,2024-09-07,966.85,966.85,0.0,On-time
PAY0003294,LOAN0000553,CUST0000515,2024-04-26,2024-04-25,108.09,108.09,0.0,On-time
PAY0003295,LOAN0000332,CUST0000127,2023-11-05,2023-11-04,119.33,119.33,0.0,On-time
PAY0003296,LOAN0000201,CUST0000283,2023-11-29,2023-11-28,640.87,640.87,0.0,On-time
PAY0003297,LOAN0000434,CUST0000010,2025-06-06,2025-07-03,237.04,237.04,27.0,Late
PAY0003298,LOAN0000533,CUST0000725,2024-05-25,2024-05-24,1461.65,1461.65,0.0,On-time
PAY0003299,LOAN9368813,CUST0000699,2022-12-19,2022-12-18,863.87,863.87,0.0,On-time
PAY0003300,LOAN0000562,CUST0000102,2023-06-07,2023-06-05,1887.75,1887.75,0.0,On-time
PAY0003301,LOAN0000115,CUST0000780,2026-02-11,,146.22,0.0,,Missed
PAY0003302,LOAN0000051,CUST0000838,2026-04-23,2026-05-08,1474.03,1474.03,15.0,Late
PAY0003303,LOAN0000184,CUST0000347,2025-09-10,2025-09-17,487.42,487.42,7.0,Late
PAY0003304,LOAN0000122,CUST0000253,2026-03-05,2026-03-03,559.32,559.32,0.0,On-time
PAY0003305,LOAN0000419,CUST0000808,2026-06-04,2026-06-04,441.37,441.37,0.0,On-time
PAY0003306,LOAN0000238,CUST0000420,2024-12-31,2024-12-31,346.74,346.74,0.0,On-time
PAY0003307,LOAN0000428,CUST0000264,2026-05-05,2026-05-03,182.59,182.59,0.0,on time
PAY0003308,LOAN0000252,CUST0000521,2025-11-21,2025-11-20,1682.41,1682.41,0.0,On-time
PAY0003309,LOAN0000123,CUST0000662,2026-03-23,,276.96,0.0,,Missed
PAY0003310,LOAN0000531,CUST0000891,2023-11-02,2023-10-31,344.43,344.43,0.0,On-time
PAY0003311,LOAN0000185,CUST0000327,2026-02-09,,89.29,0.0,,Missed
PAY0003312,LOAN0000347,CUST0000702,2026-01-01,2025-12-31,1078.58,1078.58,0.0,On-time
PAY0003313,LOAN0000439,CUST0000280,2024-10-21,2024-10-19,216.4,216.4,0.0,On-time
PAY0003314,LOAN0000160,CUST0000148,2025-05-16,2025-05-16,76.44,62.93,0.0,Partial
PAY0003315,LOAN0000183,CUST0000713,2022-08-22,2022-08-22,588.68,588.68,0.0,On-time
PAY0003316,LOAN0000409,CUST0000196,2022-12-03,2022-12-01,4513.98,4513.98,0.0,On-time
PAY0003317,LOAN0000012,CUST0000725,2024-08-21,2024-08-20,607.42,607.42,0.0,On-time
PAY0003318,LOAN0000068,CUST0000510,2022-08-14,2022-08-12,1394.11,1394.11,0.0,On-time
PAY0003319,LOAN0000317,CUST0000372,2025-10-01,2025-09-29,1076.49,1076.49,0.0,On-time
PAY0003320,LOAN0000050,CUST0000550,2026-07-13,2026-07-13,269.09,269.09,0.0,On-time
PAY0003321,LOAN0000032,CUST0000569,2025-02-13,2025-02-11,1505.11,1505.11,0.0,On-time
PAY0003322,LOAN0000119,CUST0000188,2024-03-15,2024-03-13,820.41,820.41,0.0,On-time
PAY0003323,LOAN0000402,CUST0000072,2025-03-03,2025-03-02,158.38,158.38,0.0,On-time
PAY0003324,LOAN0000594,CUST0000856,2026-03-05,2026-03-03,46.1,46.1,0.0,On-time
PAY0003325,LOAN0000103,CUST0000671,2026-05-30,2026-05-30,280.45,280.45,0.0,On-time
PAY0003326,LOAN0000184,CUST0000347,2024-09-10,2024-09-09,487.42,,0.0,On-time
PAY0003327,LOAN0000548,CUST0000347,2024-09-28,,480.43,0.0,,Missed
PAY0003328,LOAN0000392,CUST0000563,2025-11-25,,643.1,0.0,,Missed
PAY0003329,LOAN0000508,CUST0000151,2024-10-23,2024-10-22,359.97,359.97,0.0,On-time
PAY0003330,LOAN0000152,CUST0000805,2025-08-16,2025-08-14,546.78,546.78,0.0,On-time
PAY0003331,LOAN0000012,CUST0000725,2025-04-21,2025-04-20,607.42,607.42,0.0,On-time
PAY0003332,LOAN9982478,CUST0000987,2025-02-28,2025-02-26,424.49,424.49,0.0,On-time
PAY0003333,LOAN0000080,CUST0000004,2026-02-16,,855.13,0.0,,Missed
PAY0003334,LOAN0000591,CUST0000472,2025-07-22,2025-07-21,173.16,173.16,0.0,On-time
PAY0003335,LOAN0000350,CUST0000987,2024-02-16,2024-02-14,1972.9,1972.9,0.0,On-time
PAY0003336,LOAN0000120,CUST0000484,2026-04-13,2026-04-11,316.36,316.36,0.0,On-time
PAY0003337,LOAN0000311,CUST0000689,2025-07-24,2025-07-23,184.19,184.19,0.0,On-time
PAY0003338,LOAN0000500,CUST0000918,2025-01-14,2025-01-13,199.95,199.95,0.0,OK
PAY0003339,LOAN0000336,CUST0000690,2025-06-26,2025-06-25,52.94,52.94,0.0,On-time
PAY0003340,LOAN0000159,CUST0000902,2023-12-22,2023-12-21,47.23,,0.0,On-time
PAY0003341,LOAN0000360,CUST0000875,2025-05-01,2025-04-30,17.76,17.76,0.0,ON-TIME
PAY0003342,LOAN0000436,CUST0000075,2025-04-15,2025-04-15,179.3,179.3,0.0,On-time
PAY0003343,LOAN0000041,CUST0000778,2023-09-12,2023-10-06,450.04,450.04,24.0,Late
PAY0003344,LOAN0000571,CUST0000295,2023-11-18,2023-11-16,914.71,914.71,0.0,On-time
PAY0003345,LOAN0000279,CUST0000696,2024-08-24,2024-08-22,28.99,28.99,0.0,On-time
PAY0003346,LOAN0000587,CUST0000313,2024-09-23,2024-10-16,268.66,268.66,23.0,Late
PAY0003347,LOAN0000156,CUST0000047,2022-08-14,2022-08-14,19.97,19.97,0.0,On-time
PAY0003348,LOAN0000490,CUST0000017,2025-11-26,2025-12-29,265.48,265.48,33.0,Late
PAY0003349,LOAN0000387,CUST0000070,2024-09-16,2024-09-14,284.03,284.03,0.0,On-time
PAY0003350,LOAN0000206,CUST0000997,2026-05-25,2026-05-24,153.63,128.62,0.0,Partial
PAY0003351,LOAN0000205,CUST0000080,2026-05-27,,709.8,0.0,,Missed
PAY0003352,LOAN0000003,CUST0000556,2025-04-14,2025-04-13,1906.25,-1906.25,0.0,On-time
PAY0003353,LOAN0000180,CUST0000371,2025-10-10,2025-10-09,422.07,422.07,0.0,On-time
PAY0003354,LOAN0000492,CUST0000089,2025-01-28,2025-01-28,348.69,348.69,0.0,On-time
PAY0003355,LOAN0000017,CUST0000733,2022-10-20,2022-10-19,646.87,646.87,0.0,On-time
PAY0003356,LOAN0000295,CUST0000369,2025-09-03,,638.67,0.0,,Missed
PAY0003357,LOAN0000564,CUST0000695,2025-03-15,2025-03-14,471.54,471.54,0.0,On-time
PAY0003358,LOAN0000237,CUST0000988,2025-05-24,2025-05-22,1335.42,1335.42,0.0,On-time
PAY0003359,LOAN0000572,CUST0000379,2025-09-30,2025-09-30,199.55,199.55,0.0,On-time
PAY0003360,LOAN0000461,CUST0000893,2024-05-25,2024-05-23,13.08,13.08,0.0,On-time
PAY0003361,LOAN0000296,CUST0000997,2026-01-07,2026-01-07,305.84,305.84,0.0,On-time
PAY0003362,LOAN0000503,CUST0000314,2025-08-18,2025-08-17,623.39,623.39,0.0,On-time
PAY0003363,LOAN0000138,CUST0000052,2025-10-04,2025-10-04,332.64,332.64,0.0,On-time
PAY0003364,LOAN0000249,CUST0000632,2024-01-10,2024-01-10,1134.85,1134.85,0.0,On-time
PAY0003365,LOAN0000521,CUST0000273,2026-03-03,,1356.42,0.0,,Missed
PAY0003366,LOAN0000533,CUST0000725,2023-07-26,,1461.65,1461.65,0.0,On-time
PAY0003367,LOAN0000134,CUST0000241,2024-11-04,2024-11-24,373.64,373.64,20.0,Late
PAY0003368,LOAN0000215,CUST0000448,2023-02-12,,1912.74,0.0,,Missed
PAY0003369,LOAN0000280,CUST0000816,2026-04-12,,1002.69,0.0,,Missed
PAY0003370,LOAN0000068,CUST0000510,2023-12-14,,1394.11,0.0,,Missed
PAY0003371,LOAN0000363,CUST0000783,2025-02-27,2025-02-26,630.91,630.91,0.0,On-time
PAY0003372,LOAN0000122,CUST0000253,2023-06-04,,559.32,0.0,,Missed
PAY0003373,LOAN0000375,CUST0000107,2023-07-03,2023-08-05,1121.15,1121.15,33.0,Late
PAY0003374,LOAN0000288,CUST0000370,2024-07-20,2024-08-02,476.12,476.12,13.0,Late
PAY0003375,LOAN0000188,CUST0000979,2025-06-10,,349.2,0.0,,Missed
PAY0003376,LOAN0000202,CUST0000060,2024-02-21,2024-03-19,65.87,65.87,27.0,Late
PAY0003377,LOAN0000517,CUST0000661,2026-03-29,2026-03-29,74.07,74.07,0.0,On-time
PAY0003378,LOAN0000363,CUST0000783,2025-05-29,2025-05-29,630.91,630.91,0.0,On-time
PAY0003379,LOAN0000510,CUST0000702,2025-06-22,,892.11,0.0,,Missed
PAY0003380,LOAN0000363,CUST0000783,2023-11-28,2023-11-28,630.91,630.91,0.0,On-time
PAY0003381,LOAN0000388,CUST0000135,2025-04-12,2025-04-12,1240.37,1240.37,0.0,On-time
PAY0003382,LOAN0000243,CUST0000094,2026-08-09,2026-09-21,227.16,227.16,43.0,Late
PAY0003383,LOAN0000318,CUST0000451,2023-04-14,2023-04-13,1389.25,1389.25,0.0,On-time
PAY0003384,LOAN0000368,CUST0000389,2026-05-20,2026-05-18,207.2,207.2,0.0,On-time
PAY0003385,LOAN0000224,CUST0000556,2025-08-24,2025-08-23,1054.15,1054.15,0.0,On-time
PAY0003386,LOAN0000156,CUST0000047,2022-02-12,2022-02-11,19.97,19.97,0.0,On-time
PAY0003387,LOAN0000217,CUST0000492,2025-07-04,2025-07-02,683.75,683.75,0.0,On-time
PAY0003388,LOAN0000071,CUST0000250,2023-02-21,,190.79,0.0,,Missed
PAY0003389,LOAN0000528,CUST0000832,2025-08-03,,436.3,0.0,,Missed
PAY0003390,LOAN0000239,CUST0000856,2025-04-10,2025-04-09,160.45,160.45,0.0,On-time
PAY0003391,LOAN0000111,CUST0000196,2025-07-07,2025-07-06,640.44,640.44,0.0,On-time
PAY0003392,LOAN0000158,CUST0000766,2026-07-24,2026-07-24,248.32,248.32,0.0,On-time
PAY0003393,LOAN0000022,CUST0000637,2022-09-26,2022-09-26,78.37,78.37,0.0,On-time
PAY0003394,LOAN0000592,CUST0000786,2025-07-04,2025-07-02,979.05,979.05,0.0,On-time
PAY0003395,LOAN0000424,CUST0000831,2025-05-06,,306.66,0.0,,Missed
PAY0003396,LOAN0000012,CUST0000725,2024-02-20,2024-02-20,607.42,607.42,0.0,On-time
PAY0003397,LOAN0000078,CUST0000726,2024-06-22,2024-06-21,1123.26,1123.26,0.0,On-time
PAY0003398,LOAN0000094,CUST0000345,2026-07-31,2026-07-30,610.74,610.74,0.0,On-time
PAY0003399,LOAN0000481,CUST0000429,2026-06-04,2026-06-02,227.01,227.01,0.0,On-time
PAY0003400,LOAN0000579,CUST0000002,2023-01-26,,467.36,0.0,,Missed
PAY0003401,LOAN0000047,CUST0000212,2025-07-15,,199.31,0.0,,Missed
PAY0003402,LOAN0000441,CUST0000705,2024-08-12,2024-08-12,2212.0,2212.0,0.0,On-time
PAY0003403,LOAN0000104,CUST0000488,2024-01-25,2024-01-24,199.65,199.65,0.0,On-time
PAY0003404,LOAN0000451,CUST0000882,2024-07-20,2024-08-15,324.24,324.24,26.0,Late
PAY0003405,LOAN0000058,CUST0000978,2024-11-18,2024-11-16,909.7,719.79,0.0,Partial
PAY0003406,LOAN0000375,CUST0000107,2023-10-02,2023-10-02,1121.15,1121.15,0.0,On-time
PAY0003407,LOAN0000577,CUST0000268,2022-01-26,2022-01-26,33.72,33.72,0.0,On-time
PAY0003408,LOAN0000041,CUST0000778,2023-11-12,2023-11-10,450.04,450.04,0.0,On-time
PAY0003409,LOAN0000041,CUST0000778,2025-12-12,2025-12-11,450.04,450.04,0.0,On-time
PAY0003410,LOAN0000382,CUST0000508,2025-06-01,,416.59,416.59,0.0,On-time
PAY0003411,LOAN0000225,CUST0000127,2026-06-16,2026-06-15,70.31,70.31,0.0,On-time
PAY0003412,LOAN0000009,CUST0000316,2025-02-04,2025-02-03,201.72,72.9,0.0,Partial
PAY0003413,LOAN0000534,CUST0000170,2025-12-06,2026-01-05,80.99,80.99,30.0,Late
PAY0003414,LOAN0000490,CUST0000017,2025-05-28,,265.48,0.0,,Missed
PAY0003415,LOAN0000132,CUST0000669,2025-06-16,2025-06-15,628.47,628.47,0.0,On-time
PAY0003416,LOAN0000032,CUST0000569,2025-12-15,2025-12-13,1505.11,1505.11,0.0,On-time
PAY0003417,LOAN0000429,CUST0000782,2026-07-26,,1011.92,0.0,,Missed
PAY0003418,LOAN0000285,CUST0000506,2024-11-13,2024-11-13,133.87,133.87,0.0,On-time
PAY0003419,LOAN0000309,CUST0000107,2024-10-10,2024-10-09,3173.09,3173.09,0.0,On-time
PAY0003420,LOAN0000356,CUST0000951,2023-12-18,2023-12-16,208.44,208.44,0.0,On-time
PAY0003421,LOAN0000418,CUST0000918,2024-04-11,2024-04-10,86.17,86.17,0.0,On-time
PAY0003422,LOAN0000230,CUST0000869,2024-03-24,2024-03-23,271.38,271.38,0.0,On-time
PAY0003423,LOAN0000591,CUST0000472,2026-04-22,2026-04-22,173.16,173.16,0.0,On-time
PAY0003424,LOAN0000524,CUST0000760,2026-08-09,2026-08-09,321.01,321.01,0.0,On-time
PAY0003425,LOAN0000131,CUST0000115,2025-08-04,2025-08-02,62.49,31.68,0.0,Partial
PAY0003426,LOAN0000290,CUST0000757,2022-07-15,2022-07-13,649.64,649.64,0.0,On-time
PAY0003427,LOAN0000108,CUST0000303,2026-04-01,2026-03-30,115.22,115.22,0.0,On-time
PAY0003428,LOAN0000363,CUST0000783,2022-08-29,2022-08-28,630.91,630.91,0.0,On-time
PAY0003429,LOAN0000244,CUST0000562,2025-03-31,2025-03-30,683.64,683.64,0.0,On-time
PAY0003430,LOAN0000467,CUST0000635,2025-06-03,2025-06-02,225.47,225.47,0.0,On-time
PAY0003431,LOAN0000340,CUST0000532,2025-10-22,2025-10-20,498.01,498.01,0.0,On-time
PAY0003432,LOAN0000473,CUST0000340,2022-10-31,2022-10-31,528.94,215.19,0.0,Partial
PAY0003433,LOAN0000540,CUST0000782,2022-04-14,2022-04-13,216.21,216.21,0.0,On-time
PAY0003434,LOAN0000139,CUST0000859,2024-09-09,2024-09-09,627.26,627.26,0.0,On-time
PAY0003435,LOAN0000328,CUST0000176,2026-08-17,2026-08-15,34.51,34.51,0.0,On-time
PAY0003436,LOAN0000320,CUST0000394,2026-01-21,,637.39,0.0,,Missed
PAY0003437,LOAN0000491,CUST0000360,2026-01-11,2026-01-09,1483.2,1483.2,0.0,On-time
PAY0003438,LOAN0000319,CUST0000112,2024-03-04,2024-03-21,132.31,132.31,17.0,Late
PAY0003439,LOAN0000156,CUST0000047,2022-07-15,2022-07-14,19.97,19.97,0.0,On-time
PAY0003440,LOAN0000161,CUST0000522,2022-07-29,2022-07-29,1392.51,,0.0,On-time
PAY0003441,LOAN0000369,CUST0000699,2025-01-18,2025-01-16,863.87,863.87,0.0,On-time
PAY0003442,LOAN0000120,CUST0000484,2024-10-13,2024-10-12,316.36,316.36,0.0,On-time
PAY0003443,LOAN0000279,CUST0000696,2026-06-24,2026-06-23,28.99,28.99,0.0,On-time
PAY0003444,LOAN0000143,CUST0000791,2025-08-22,2025-08-21,159.55,159.55,0.0,On-time
PAY0003445,LOAN0000196,CUST0000862,2025-07-17,2025-07-16,272.29,272.29,0.0,On-time
PAY0003446,LOAN0000549,CUST0000293,2025-07-03,2025-08-02,155.52,155.52,30.0,Late
PAY0003447,LOAN0000088,CUST0000710,2023-10-19,,1812.64,0.0,,Missed
PAY0003448,LOAN0000023,CUST0000556,2025-10-23,2025-10-21,888.73,888.73,0.0,On-time
PAY0003449,LOAN0000071,CUST0000250,2026-07-23,2026-07-21,190.79,190.79,0.0,On-time
PAY0003450,LOAN0000304,CUST0000594,2025-09-22,2025-09-20,284.1,284.1,0.0,On-time
PAY0003451,LOAN0000109,CUST0000993,2025-12-10,2025-12-08,413.87,413.87,0.0,ON-TIME
PAY0003452,LOAN0000327,CUST0000225,2025-01-25,2025-01-24,214.19,214.19,0.0,On-time
PAY0003453,LOAN0000043,CUST0000911,2025-05-09,2025-05-08,304.1,304.1,0.0,On-time
PAY0003454,LOAN0000038,CUST0000515,2025-12-15,2025-12-13,169.73,169.73,0.0,On-time
PAY0003455,LOAN0000540,CUST0000782,2023-11-13,2023-11-13,216.21,216.21,0.0,On-time
PAY0003456,LOAN0000560,CUST0000074,2025-10-22,2025-10-22,224.75,224.75,0.0,On-time
PAY0003457,LOAN0000556,CUST0000773,2022-12-21,2022-12-20,76.7,76.7,0.0,On-time
PAY0003458,LOAN0000495,CUST0000046,2026-03-13,2026-03-11,393.71,393.71,0.0,On-time
PAY0003459,LOAN0000488,CUST0000052,2024-03-11,2024-03-09,135.79,135.79,0.0,On-time
PAY0003460,LOAN0000573,CUST0000880,2026-01-20,2026-01-20,884.49,884.49,0.0,On-time
PAY0003461,LOAN0000191,CUST0000044,2024-08-31,2024-08-29,1957.75,1957.75,0.0,On-time
PAY0003462,LOAN0000136,CUST0000678,2023-02-12,2023-02-12,62.52,62.52,0.0,On-time
PAY0003463,LOAN0000261,CUST0000085,2026-08-13,2026-08-12,279.09,279.09,0.0,On-time
PAY0003464,LOAN0000435,CUST0000593,2026-05-03,2026-05-02,856.63,856.63,0.0,On-time
PAY0003465,LOAN0000160,CUST0000148,2024-07-16,2024-07-16,76.44,76.44,0.0,On-time
PAY0003466,LOAN0000252,CUST0000521,2024-10-21,2024-10-21,1682.41,1682.41,0.0,On-time
PAY0003467,LOAN0000577,CUST0000268,2022-04-27,2022-04-25,33.72,-33.72,0.0,On-time
PAY0003468,LOAN0000357,CUST0000439,2026-05-16,2026-06-22,341.58,,37.0,Late
PAY0003469,LOAN0000089,CUST0000928,2025-10-18,2025-10-18,258.83,258.83,0.0,On-time
PAY0003470,LOAN0000215,CUST0000448,2022-06-13,2022-07-22,1912.74,1912.74,39.0,Late
PAY0003471,LOAN0000176,CUST0000098,2024-07-28,2024-07-26,654.28,654.28,0.0,On-time
PAY0003472,LOAN0000077,CUST0000473,2026-08-21,2026-08-21,171.08,171.08,0.0,On-time
PAY0003473,LOAN0000574,CUST0000356,2022-08-02,2022-08-01,2031.77,2031.77,0.0,On-time
PAY0003474,LOAN0000034,CUST0000621,2025-04-12,2025-04-11,145.27,145.27,0.0,On-time
PAY0003475,LOAN0000007,CUST0000718,2026-04-13,2026-04-13,669.61,669.61,0.0,On-time
PAY0003476,LOAN0000291,CUST0000987,2025-06-30,2025-06-29,424.49,424.49,0.0,On-time
PAY0003477,LOAN0000390,CUST0000310,2026-05-24,2023-07-04,377.65,377.65,0.0,On-time
PAY0003478,LOAN0000497,CUST0000929,2025-04-10,2025-05-21,891.0,891.0,41.0,Late
PAY0003479,LOAN0000078,CUST0000726,2023-02-21,2023-02-21,1123.26,,0.0,On-time
PAY0003480,LOAN0000417,CUST0000487,2024-11-15,2024-11-13,14.34,14.34,0.0,On-time
PAY0003481,LOAN0000338,CUST0000083,2024-09-30,2024-09-30,1081.84,1081.84,0.0,On-time
PAY0003482,LOAN0000227,CUST0000949,2026-03-19,2026-03-18,213.21,213.21,0.0,On-time
PAY0003483,LOAN0000231,CUST0000896,2026-03-09,,508.99,0.0,,Missed
PAY0003484,LOAN0000263,CUST0000966,2024-05-11,2024-05-10,460.72,460.72,0.0,On-time
PAY0003485,LOAN0000306,CUST0000956,2024-11-03,2024-11-01,605.15,605.15,0.0,On-time
PAY0003486,LOAN0000453,CUST0000869,2022-11-13,2022-11-12,1543.9,1543.9,0.0,On-time
PAY0003487,LOAN0000286,CUST0000607,2025-06-22,2025-07-06,448.57,448.57,14.0,Late
PAY0003488,LOAN0000422,CUST0000388,2023-05-15,2023-05-13,394.51,394.51,0.0,On-time
PAY0003489,LOAN0000562,CUST0000102,2022-12-06,2022-12-04,1887.75,1887.75,0.0,On-time
PAY0003490,LOAN0000542,CUST0000668,2025-09-04,2025-09-03,286.55,286.55,0.0,On-time
PAY0003491,LOAN0000094,CUST0000345,2024-09-30,2024-09-30,610.74,610.74,0.0,On-time
PAY0003492,LOAN0000504,CUST0000953,2025-06-20,2025-06-19,228.62,228.62,0.0,On-time
PAY0003493,LOAN0000040,CUST0000456,2026-08-11,2026-08-11,288.91,288.91,0.0,On-time
PAY0003494,LOAN0000577,CUST0000268,2024-01-26,2024-01-24,33.72,33.72,0.0,On-time
PAY0003495,LOAN0000028,CUST0000016,2023-04-23,2023-04-21,196.9,196.9,0.0,On-time
PAY0003496,LOAN0000136,CUST0000678,2023-09-13,2023-09-11,62.52,62.52,0.0,On-time
PAY0003497,LOAN0000191,CUST0000044,2024-05-01,2024-04-29,1957.75,1053.36,0.0,Partial
PAY0003498,LOAN0000339,CUST0000384,2024-06-23,2024-06-22,83.06,83.06,0.0,On-time
PAY0003499,LOAN0000564,CUST0000695,2024-04-14,2024-04-14,471.54,471.54,0.0,On-time
PAY0003500,LOAN0000252,CUST0000521,2023-11-22,2023-11-21,1682.41,1682.41,0.0,On-time
PAY0003501,LOAN0000519,CUST0000619,2023-11-24,2023-11-22,150.47,150.47,0.0,On-time
PAY0003502,LOAN0000052,CUST0000697,2022-04-24,2022-04-23,1339.51,1339.51,0.0,On-time
PAY0003503,LOAN0000486,CUST0000898,2026-05-13,2026-05-13,180.53,180.53,0.0,On-time
PAY0003504,LOAN0000202,CUST0000060,2025-05-22,2025-05-22,65.87,65.87,0.0,On-time
PAY0003505,LOAN0000138,CUST0000052,2025-11-03,2025-11-02,332.64,332.64,0.0,On-time
PAY0003506,LOAN0000399,CUST0000797,2026-02-21,2026-02-20,375.73,375.73,0.0,On-time
PAY0003507,LOAN0000567,CUST0000627,2024-08-28,2024-08-27,73.42,73.42,0.0,On-time
PAY0003508,LOAN0000371,CUST0000522,2025-08-05,2025-08-03,1425.12,-1425.12,0.0,On-time
PAY0003509,LOAN0000520,CUST0000697,2024-06-14,2024-06-12,168.67,168.67,0.0,On-time
PAY0003510,LOAN0000272,CUST0000177,2023-08-01,2023-09-08,248.57,248.57,38.0,Late
PAY0003511,LOAN0000519,CUST0000619,2024-08-24,,150.47,0.0,,Missed
PAY0003512,LOAN0000190,CUST0000337,2024-12-26,2024-12-26,293.17,293.17,0.0,On-time
PAY0003513,LOAN0000485,CUST0000678,2023-05-02,2023-04-30,174.48,174.48,0.0,On-time
PAY0003514,LOAN0000202,CUST0000060,2025-10-22,,65.87,65.87,16.0,Late
PAY0003515,LOAN0000155,CUST0000067,2025-10-30,2025-10-30,285.87,285.87,0.0,On-time
PAY0003516,LOAN0000528,CUST0000832,2024-10-02,2024-10-01,436.3,318.89,0.0,Partial
PAY0003517,LOAN0000040,CUST0000456,2026-05-11,,288.91,0.0,,Missed
PAY0003518,LOAN0000314,CUST0000362,2026-08-22,,1865.88,-0.0,,Missed
PAY0003519,LOAN0000575,CUST0000725,2026-02-08,2026-02-07,264.71,264.71,0.0,On-time
PAY0003520,LOAN0000489,CUST0000219,2024-09-25,2024-09-24,3381.18,3381.18,0.0,On-time
PAY0003521,LOAN0000449,CUST0000617,2023-04-18,2023-05-27,464.05,464.05,39.0,Late
PAY0003522,LOAN0000363,CUST0000783,2023-08-29,2023-08-30,630.91,,1.0,Late
PAY0003523,LOAN0000294,CUST0000925,2022-03-10,2022-03-10,452.0,452.0,0.0,On-time
PAY0003524,LOAN0000409,CUST0000196,2022-10-03,2022-10-03,4513.98,4513.98,0.0,On-time
PAY0003525,LOAN0000211,CUST0000060,2025-08-26,2025-08-24,609.68,609.68,0.0,On-time
PAY0003526,LOAN0000556,CUST0000773,2023-12-21,2023-12-21,76.7,76.7,0.0,On-time
PAY0003527,LOAN0000097,CUST0000674,2025-12-11,,41.25,41.25,0.0,On-time
PAY0003528,LOAN0000483,CUST0000418,2025-11-04,2025-11-04,191.54,,0.0,On-time
PAY0003529,LOAN0000129,CUST0000236,2024-02-07,2024-02-06,453.79,453.79,0.0,On-time
PAY0003530,LOAN0000071,CUST0000250,2023-11-22,2023-11-21,190.79,190.79,0.0,On-time
PAY0003531,LOAN0000195,CUST0000180,2022-09-11,2022-09-10,504.44,504.44,0.0,On-time
PAY0003532,LOAN0000536,CUST0000581,2025-06-16,,246.77,0.0,,Missed
PAY0003533,LOAN0000100,CUST0000084,2023-09-23,2023-09-22,1277.87,1277.87,0.0,On-time
PAY0003534,LOAN0000309,CUST0000107,2025-03-11,2025-03-09,3173.09,3173.09,0.0,On-time
PAY0003535,LOAN0000453,CUST0000869,2023-12-14,,1543.9,0.0,,Missed
PAY0003536,LOAN0000240,CUST0000608,2025-11-19,2025-11-17,533.89,533.89,0.0,On-time
PAY0003537,LOAN0000004,CUST0000293,2024-02-12,2024-03-23,715.28,715.28,40.0,Late
PAY0003538,LOAN0000362,CUST0000964,2023-03-25,2023-03-25,924.47,924.47,0.0,On-time
PAY0003539,LOAN0000447,CUST0000186,2026-02-16,2026-02-16,350.47,350.47,0.0,On-time
PAY0003540,LOAN0000396,CUST0000533,2025-09-10,2025-09-09,668.92,668.92,0.0,On-time
PAY0003541,LOAN0000055,CUST0000726,2024-11-27,,399.72,0.0,,Missed
PAY0003542,LOAN0000089,CUST0000928,2025-08-18,2025-08-17,258.83,258.83,0.0,On-time
PAY0003543,LOAN0000051,CUST0000838,2022-12-23,2023-01-02,1474.03,1474.03,10.0,Late
PAY0003544,LOAN0000119,CUST0000188,2024-10-15,2024-10-14,820.41,820.41,0.0,On-time
PAY0003545,LOAN0000386,CUST0000481,2022-07-13,2022-07-13,155.17,155.17,0.0,On-time
PAY0003546,LOAN0000195,CUST0000180,2023-07-13,2023-07-22,504.44,504.44,9.0,Late
PAY0003547,LOAN0000160,CUST0000148,2025-04-16,2025-04-14,76.44,76.44,0.0,On-time
PAY0003548,LOAN0000259,CUST0000175,2026-04-24,2026-04-23,393.56,393.56,0.0,On-time
PAY0003549,LOAN0000153,CUST0000245,2025-06-23,2025-06-21,313.95,313.95,0.0,On-time
PAY0003550,LOAN0000153,CUST0000245,2025-05-24,,313.95,0.0,,Missed
PAY0003551,LOAN0000358,CUST0000899,2025-11-06,2025-12-01,368.63,368.63,25.0,Late
PAY0003552,LOAN0000205,CUST0000080,2023-05-28,2023-06-20,709.8,709.8,23.0,Late
PAY0003553,LOAN0000055,CUST0000726,2022-06-28,2022-02-12,399.72,399.72,0.0,On-time
PAY0003554,LOAN0000500,CUST0000918,2024-03-15,2024-03-13,199.95,89.31,0.0,Partial
PAY0003555,LOAN0000490,CUST0000017,2024-08-27,,265.48,0.0,,Missed
PAY0003556,LOAN0000027,CUST0000457,2025-05-21,2025-05-20,240.0,240.0,0.0,On-time
PAY0003557,LOAN0000056,CUST0000793,2024-11-20,2024-11-18,145.21,,0.0,On-time
PAY0003558,LOAN0000410,CUST0000712,2023-03-17,2023-03-17,696.51,696.51,0.0,On-time
PAY0003559,LOAN0000246,CUST0000874,2023-06-10,2023-06-08,966.85,966.85,0.0,On-time
PAY0003560,LOAN0000310,CUST0000432,2025-02-21,,362.83,0.0,,Missed
PAY0003561,LOAN0000566,CUST0000236,2023-12-31,2023-12-31,205.31,205.31,0.0,On-time
PAY0003562,LOAN0000444,CUST0000147,2026-04-04,2026-04-02,195.17,,0.0,On-time
PAY0003563,LOAN0000449,CUST0000617,2022-06-18,,464.05,464.05,0.0,On-time
PAY0003564,LOAN0000348,CUST0000228,2024-05-14,2024-05-13,140.46,140.46,0.0,On-time
PAY0003565,LOAN0000102,CUST0000551,2026-03-21,2026-03-28,635.91,635.91,7.0,Late
PAY0003566,LOAN0000212,CUST0000244,2022-03-18,2022-03-18,648.42,648.42,0.0,On-time
PAY0003567,LOAN0000557,CUST0000030,2024-03-31,,2011.13,0.0,,Missed
PAY0003568,LOAN0000279,CUST0000696,2024-11-23,2024-11-21,28.99,28.99,0.0,On-time
PAY0003569,LOAN0000369,CUST0000699,2024-04-19,2024-04-17,863.87,863.87,0.0,On-time
PAY0003570,LOAN0000205,CUST0000080,2024-05-27,,709.8,-709.8,0.0,On-time
PAY0003571,LOAN0000205,CUST0000080,2025-11-26,2025-11-26,709.8,709.8,0.0,On-time
PAY0003572,LOAN0000137,CUST0000463,2025-09-18,,1149.63,0.0,,Missed
PAY0003573,LOAN0000080,CUST0000004,2026-04-18,2026-04-18,855.13,855.13,0.0,On-time
PAY0003574,LOAN0000439,CUST0000280,2024-04-21,2024-04-20,216.4,216.4,0.0,On-time
PAY0003575,LOAN0000306,CUST0000956,2025-03-05,2025-03-05,605.15,605.15,0.0,On-time
PAY0003576,LOAN0000449,CUST0000617,2022-10-18,2022-10-18,464.05,464.05,0.0,On-time
PAY0003577,LOAN0000304,CUST0000594,2026-06-23,2026-06-23,284.1,284.1,0.0,On-time
PAY0003578,LOAN0000526,CUST0000184,2024-12-26,2024-12-25,341.99,341.99,0.0,On-time
PAY0003579,LOAN0000477,CUST0000436,2022-10-22,2022-11-15,14.8,14.8,24.0,Late
PAY0003580,LOAN0000346,CUST0000988,2024-04-05,2024-04-04,186.55,186.55,0.0,On-time
PAY0003581,LOAN0000587,CUST0000313,2023-07-25,,268.66,268.66,0.0,On-time
PAY0003582,LOAN0000458,CUST0000426,2025-08-12,2025-08-12,139.78,49.14,0.0,Partial
PAY0003583,LOAN0000321,CUST0000418,2023-03-30,2023-03-30,172.06,172.06,0.0,On-time
PAY0003584,LOAN0000305,CUST0000286,2024-09-22,2024-09-20,34.75,34.75,0.0,On-time
PAY0003585,LOAN0000558,CUST0000843,2025-04-23,2025-04-21,115.54,115.54,0.0,On-time
PAY0003586,LOAN0000499,CUST0000110,2024-08-31,2024-08-30,435.21,435.21,0.0,On-time
PAY0003587,LOAN0000422,CUST0000388,2024-01-13,2024-01-12,394.51,394.51,0.0,On-time
PAY0003588,LOAN0000043,CUST0000911,2024-11-07,2024-11-06,304.1,304.1,0.0,On-time
PAY0003589,LOAN0000513,CUST0000621,2024-12-30,2024-12-28,667.76,667.76,0.0,On-time
PAY0003590,LOAN0000380,CUST0000036,2025-07-28,2025-07-28,719.07,719.07,0.0,On-time
PAY0003591,LOAN0000188,CUST0000979,2023-08-10,2023-08-10,349.2,349.2,0.0,On-time
PAY0003592,LOAN0000370,CUST0000869,2026-03-28,2026-03-26,778.37,778.37,0.0,On-time
PAY0003593,LOAN0000138,CUST0000052,2024-09-03,2024-09-03,332.64,332.64,0.0,On-time
PAY0003594,LOAN0000205,CUST0000080,2023-09-26,2023-09-24,709.8,352.59,0.0,Partial
PAY0003595,LOAN0000556,CUST0000773,2024-07-21,2024-07-20,76.7,76.7,0.0,On-time
PAY0003596,LOAN0000299,CUST0000136,2025-02-05,2025-02-05,486.64,-486.64,0.0,On-time
PAY0003597,LOAN0000099,CUST0000232,2026-07-15,2026-07-13,124.7,124.7,0.0,On-time
PAY0003598,LOAN0000144,CUST0000143,2022-07-17,2022-07-17,184.57,184.57,0.0,On-time
PAY0003599,LOAN0000201,CUST0000283,2024-03-30,2024-03-30,640.87,640.87,0.0,On-time
PAY0003600,LOAN0000073,CUST0000266,2023-09-06,2023-09-05,101.83,101.83,0.0,On-time
PAY0003601,LOAN0000295,CUST0000369,2024-11-02,2024-11-02,638.67,638.67,0.0,On-time
PAY0003602,LOAN0000080,CUST0000004,2023-04-18,2023-05-24,855.13,855.13,36.0,Late
PAY0003603,LOAN0000502,CUST0000631,2025-12-25,2025-12-24,35.74,35.74,0.0,On-time
PAY0003604,LOAN0000027,CUST0000457,2024-05-21,2024-05-20,240.0,240.0,0.0,On-time
PAY0003605,LOAN0000067,CUST0000465,2026-02-06,2026-02-04,433.6,433.6,0.0,On-time
PAY0003606,LOAN0000086,CUST0000622,2026-06-15,,584.59,0.0,,Missed
PAY0003607,LOAN0000418,CUST0000918,2024-12-10,2025-01-01,86.17,86.17,22.0,Late
PAY0003608,LOAN0000149,CUST0000764,2023-10-10,2023-10-10,556.36,556.36,0.0,On-time
PAY0003609,LOAN0000593,CUST0000684,2025-02-08,2025-02-06,300.58,300.58,0.0,On-time
PAY0003610,LOAN0000279,CUST0000696,2025-01-23,2025-01-21,28.99,28.99,0.0,On-time
PAY0003611,LOAN0000331,CUST0000879,2024-04-04,,70.21,0.0,,Missed
PAY0003612,LOAN0000146,CUST0000606,2024-06-24,2024-06-24,1506.71,1506.71,0.0,On-time
PAY0003613,LOAN0000254,CUST0000296,2026-05-27,2026-05-26,449.87,449.87,0.0,On-time
PAY0003614,LOAN0000012,CUST0000725,2023-06-22,2023-06-21,607.42,607.42,0.0,On-time
PAY0003615,LOAN0000240,CUST0000608,2026-03-21,,533.89,0.0,,Missed
PAY0003616,LOAN0000337,CUST0000035,2026-04-27,2026-04-27,210.97,210.97,0.0,On-time
PAY0003617,LOAN0000233,CUST0000781,2024-01-23,2024-01-21,2150.27,2150.27,0.0,On-time
PAY0003618,LOAN0000137,CUST0000463,2026-06-19,2026-06-19,1149.63,1149.63,0.0,On-time
PAY0003619,LOAN0000147,CUST0000364,2026-06-27,2026-06-26,150.55,150.55,0.0,On-time
PAY0003620,LOAN0000412,CUST0000828,2024-10-04,2024-10-02,1316.93,1316.93,0.0,On-time
PAY0003621,LOAN0000291,CUST0000987,2026-06-30,2026-06-29,424.49,424.49,0.0,On-time
PAY0003622,LOAN0000211,CUST0000060,2022-11-25,2022-11-24,609.68,609.68,0.0,On-time
PAY0003623,LOAN0000386,CUST0000481,2024-05-13,2024-06-08,155.17,155.17,26.0,Late
PAY0003624,LOAN0000565,CUST0000504,2023-03-26,2023-05-03,554.46,554.46,38.0,Late
PAY0003625,LOAN0000152,CUST0000805,2023-09-16,2023-09-16,546.78,263.91,0.0,Partial
PAY0003626,LOAN0000108,CUST0000303,2025-05-31,2025-05-30,115.22,115.22,0.0,On-time
PAY0003627,LOAN0000526,CUST0000184,2025-03-27,2025-03-25,341.99,341.99,0.0,On-time
PAY0003628,LOAN0000583,CUST0000516,2025-11-27,2025-11-25,843.06,843.06,0.0,On-time
PAY0003629,LOAN0000173,CUST0000500,2026-01-27,2026-01-26,41.76,41.76,0.0,On-time
PAY0003630,LOAN0000424,CUST0000831,2025-07-06,,306.66,,,Missed
PAY0003631,LOAN0000375,CUST0000107,2023-12-02,2023-12-02,1121.15,1121.15,0.0,On-time
PAY0003632,LOAN0000521,CUST0000273,2025-09-01,,1356.42,0.0,,Missed
PAY0003633,LOAN0000318,CUST0000451,2022-12-13,2022-12-12,1389.25,1389.25,0.0,On-time
PAY0003634,LOAN0000538,CUST0000126,2023-09-08,2023-09-06,360.05,360.05,0.0,On-time
PAY0003635,LOAN0000210,CUST0000782,2025-10-17,2025-10-25,324.08,324.08,8.0,Late
PAY0003636,LOAN0000527,CUST0000770,2025-02-21,2025-02-21,449.74,449.74,0.0,On-time
PAY0003637,LOAN0000326,CUST0000348,2025-12-17,2025-12-15,1372.24,1372.24,0.0,On-time
PAY0003638,LOAN0000026,CUST0000233,2025-12-16,2025-12-15,1026.87,1026.87,0.0,On-time
PAY0003639,LOAN0000346,CUST0000988,2024-07-05,,186.55,0.0,,missed
PAY0003640,LOAN0000129,CUST0000236,2026-05-09,2026-05-09,453.79,453.79,0.0,On-time
PAY0003641,LOAN0000010,CUST0000577,2023-02-13,,3029.07,0.0,,Missed
PAY0003642,LOAN0000557,CUST0000030,2023-11-30,2023-11-28,2011.13,2011.13,0.0,On-time
PAY0003643,LOAN0000103,CUST0000671,2026-06-30,2026-06-28,280.45,280.45,0.0,On-time
PAY0003644,LOAN0000195,CUST0000180,2024-10-11,2024-10-09,504.44,504.44,0.0,On-time
PAY0003645,LOAN0000350,CUST0000987,2024-04-17,2024-04-16,1972.9,1972.9,0.0,On-time
PAY0003646,LOAN0000545,CUST0000318,2025-04-25,,34.17,0.0,,Missed
PAY0003647,LOAN0000347,CUST0000702,2026-08-02,2026-08-02,1078.58,788.39,0.0,Partial
PAY0003648,LOAN0000557,CUST0000030,2025-11-30,2025-11-29,2011.13,2011.13,0.0,On-time
PAY0003649,LOAN0000117,CUST0000975,2024-06-30,2024-07-15,466.71,466.71,15.0,Late
PAY0003650,LOAN0000149,CUST0000764,2025-02-08,,556.36,0.0,,Missed
PAY0003651,LOAN0000184,CUST0000347,2025-02-09,2025-02-09,487.42,487.42,0.0,On-time
PAY0003652,LOAN0000026,CUST0000233,2025-02-15,2025-02-14,1026.87,1026.87,0.0,On-time
PAY0003653,LOAN0000567,CUST0000627,2025-11-27,2025-11-26,73.42,73.42,0.0,On-time
PAY0003654,LOAN0000031,CUST0000787,2023-03-19,2023-03-18,1194.04,1194.04,0.0,On-time
PAY0003655,LOAN0000343,CUST0000618,2025-04-04,2025-04-02,2825.66,2825.66,0.0,On-time
PAY0003656,LOAN0000290,CUST0000757,2024-07-14,2024-07-13,649.64,649.64,0.0,On-time
PAY0003657,LOAN0000351,CUST0000434,2022-07-01,2022-06-29,901.14,901.14,0.0,On-time
PAY0003658,LOAN0000268,CUST0000062,2025-05-07,2025-05-07,60.75,60.75,0.0,On-time
PAY0003659,LOAN0000110,CUST0000466,2023-12-23,2023-12-23,434.4,434.4,0.0,On-time
PAY0003660,LOAN0000494,CUST0000188,2026-05-26,2026-05-26,1276.54,-1276.54,0.0,On-time
PAY0003661,LOAN0000440,CUST0000395,2023-08-23,2023-08-21,555.31,555.31,0.0,On-time
PAY0003662,LOAN0000288,CUST0000370,2024-08-19,2024-08-17,476.12,476.12,0.0,On-time
PAY0003663,LOAN0000046,CUST0000361,2024-01-17,2024-01-16,1162.93,1162.93,0.0,On-time
PAY0003664,LOAN0000496,CUST0000211,2026-05-29,2026-07-08,488.18,488.18,40.0,Late
PAY0003665,LOAN0000185,CUST0000327,2025-02-08,2025-02-07,89.29,89.29,0.0,On-time
PAY0003666,LOAN0000081,CUST0000682,2023-10-19,2023-10-18,377.89,377.89,0.0,On-time
PAY0003667,LOAN0000002,CUST0000552,2025-10-01,2025-09-30,38.11,38.11,0.0,On-time
PAY0003668,LOAN0000111,CUST0000196,2025-03-07,2025-03-07,640.44,640.44,0.0,On-time
PAY0003669,LOAN0000331,CUST0000879,2026-01-04,,70.21,0.0,,Missed
PAY0003670,LOAN0000355,CUST0000771,2025-12-28,2025-12-26,2611.51,2611.51,0.0,On-time
PAY0003671,LOAN0000495,CUST0000046,2026-04-12,2026-04-20,393.71,393.71,8.0,Late
PAY0003672,LOAN0000192,CUST0000222,2023-05-14,,834.2,,0.0,On-time
PAY0003673,LOAN0000094,CUST0000345,2025-05-31,2025-06-12,610.74,610.74,12.0,Late
PAY0003674,LOAN0000110,CUST0000466,2025-02-21,2025-02-19,434.4,434.4,0.0,On-time
PAY0003675,LOAN0000390,CUST0000310,2024-06-23,,377.65,377.65,0.0,On-time
PAY0003676,LOAN0000057,CUST0000816,2024-09-24,,441.62,0.0,,Missed
PAY0003677,LOAN0000117,CUST0000975,2026-07-31,2026-07-30,466.71,466.71,0.0,On-time
PAY0003678,LOAN0000056,CUST0000793,2024-12-21,2024-12-21,145.21,145.21,0.0,On-time
PAY0003679,LOAN0000508,CUST0000151,2026-02-22,,359.97,0.0,,Missed
PAY0003680,LOAN0000422,CUST0000388,2024-11-13,2024-11-12,394.51,394.51,0.0,On-time
PAY0003681,LOAN0000136,CUST0000678,2022-12-13,,62.52,0.0,,Missed
PAY0003682,LOAN0000321,CUST0000418,2024-03-29,2024-03-28,172.06,172.06,0.0,On-time
PAY0003683,LOAN0000416,CUST0000611,2023-07-09,2023-07-09,21.6,9.58,0.0,Partial
PAY0003684,LOAN0000534,CUST0000170,2026-07-07,2026-07-06,80.99,80.99,0.0,On-time
PAY0003685,LOAN0000533,CUST0000725,2024-04-25,2024-04-23,1461.65,1461.65,0.0,On-time
PAY0003686,LOAN0000193,CUST0000003,2024-06-26,2024-06-25,466.75,466.75,0.0,On-time
PAY0003687,LOAN0000179,CUST0000796,2025-11-24,2025-11-22,76.24,76.24,0.0,On-time
PAY0003688,LOAN0000163,CUST0000003,2022-12-15,2022-12-14,488.31,488.31,0.0,On-time
PAY0003689,LOAN0000292,CUST0000778,2023-08-19,2023-08-19,3468.2,3468.2,0.0,On-time
PAY0003690,LOAN0000122,CUST0000253,2023-11-03,2023-11-03,559.32,559.32,0.0,On-time
PAY0003691,LOAN0000072,CUST0000349,2024-05-08,2024-05-08,809.24,809.24,0.0,on time
PAY0003692,LOAN0000149,CUST0000764,2025-10-09,,556.36,0.0,,Missed
PAY0003693,LOAN0000256,CUST0000931,2023-01-25,2023-01-23,94.47,94.47,0.0,On-time
PAY0003694,LOAN0000318,CUST0000451,2023-11-13,2023-11-12,1389.25,1389.25,0.0,On-time
PAY0003695,LOAN0000359,CUST0000161,2026-08-03,2026-08-16,1100.09,1100.09,13.0,Late
PAY0003696,LOAN0000382,CUST0000508,2025-11-30,2025-11-30,416.59,416.59,0.0,On-time
PAY0003697,LOAN0000333,CUST0000449,2026-07-10,2026-07-10,427.8,427.8,0.0,On-time
PAY0003698,LOAN0000179,CUST0000796,2026-05-26,2026-05-24,76.24,76.24,0.0,OK
PAY0003699,LOAN0000102,CUST0000551,2022-12-20,2023-01-26,635.91,635.91,37.0,Late
PAY0003700,LOAN0000449,CUST0000617,2024-02-17,2024-02-17,464.05,464.05,0.0,On-time
PAY0003701,LOAN0000170,CUST0000156,2024-11-15,,1293.11,,,Missed
PAY0003702,LOAN0000246,CUST0000874,2023-02-08,,966.85,0.0,,Missed
PAY0003703,LOAN0000462,CUST0000397,2026-03-31,2026-03-29,660.43,660.43,0.0,On-time
PAY0003704,LOAN0000320,CUST0000394,2025-05-23,2025-05-21,637.39,637.39,0.0,On-time
PAY0003705,LOAN0000071,CUST0000250,2023-03-23,2023-03-22,190.79,190.79,0.0,On-time
PAY0003706,LOAN0000066,CUST0000604,2023-07-19,2023-07-26,277.59,277.59,7.0,Late
PAY0003707,LOAN0000468,CUST0000469,2026-03-12,2026-03-11,418.52,418.52,0.0,On-time
PAY0003708,LOAN0000443,CUST0000791,2025-12-01,,1882.62,0.0,,Missed
PAY0003709,LOAN0000144,CUST0000143,2023-12-17,2023-12-17,184.57,114.46,0.0,Partial
PAY0003710,LOAN0000002,CUST0000552,2026-05-02,2026-05-02,38.11,38.11,0.0,On-time
PAY0003711,LOAN0000335,CUST0000661,2025-11-03,2025-11-01,117.54,117.54,0.0,On-time
PAY0003712,LOAN0000111,CUST0000196,2023-11-06,2023-11-05,640.44,640.44,0.0,On-time
PAY0003713,LOAN0000358,CUST0000899,2025-12-07,2025-12-07,368.63,193.87,0.0,Partial
PAY0003714,LOAN0000084,CUST0000835,2024-12-02,2024-12-02,1480.27,1480.27,0.0,On-time
PAY0003715,LOAN0000574,CUST0000356,2023-05-03,2023-05-03,2031.77,2031.77,0.0,On-time
PAY0003716,LOAN0000009,CUST0000316,2025-04-06,2025-04-06,201.72,201.72,0.0,On-time
PAY0003717,LOAN0000295,CUST0000369,2025-06-03,2025-06-03,638.67,638.67,0.0,On-time
PAY0003718,LOAN0000271,CUST0000310,2022-12-02,,1002.33,0.0,,Missed
PAY0003719,LOAN0000412,CUST0000828,2025-04-04,2025-04-03,1316.93,527.46,0.0,Partial
PAY0003720,LOAN0000567,CUST0000627,2023-08-29,2023-08-29,73.42,73.42,0.0,On-time
PAY0003721,LOAN0000054,CUST0000039,2025-11-27,2025-11-25,1066.58,1066.58,0.0,On-time
PAY0003722,LOAN0000496,CUST0000211,2026-01-28,2026-01-28,488.18,488.18,0.0,On-time
PAY0003723,LOAN0000545,CUST0000318,2025-05-26,2025-05-26,34.17,34.17,0.0,On-time
PAY0003724,LOAN0000094,CUST0000345,2024-03-01,2024-02-29,610.74,610.74,0.0,On-time
PAY0003725,LOAN0000292,CUST0000778,2024-02-17,2024-02-16,3468.2,3468.2,0.0,On-time
PAY0003726,LOAN0000417,CUST0000487,2026-04-16,2026-04-15,14.34,14.34,0.0,On-time
PAY0003727,LOAN0000138,CUST0000052,2024-10-04,2024-10-02,332.64,332.64,0.0,On-time
PAY0003728,LOAN0000528,CUST0000832,2023-09-03,2023-09-01,436.3,436.3,0.0,On-time
PAY0003729,LOAN0000022,CUST0000637,2024-02-25,2024-02-25,78.37,78.37,0.0,On-time
PAY0003730,LOAN0000194,CUST0000341,2025-03-09,2025-03-07,1014.07,1014.07,0.0,On-time
PAY0003731,LOAN0000371,CUST0000522,2022-08-06,,1425.12,0.0,,Missed
PAY0003732,LOAN0000396,CUST0000533,2025-11-10,2025-11-10,668.92,668.92,0.0,On-time
PAY0003733,LOAN0000531,CUST0000891,2023-12-03,2023-12-20,344.43,344.43,17.0,Late
PAY0003734,LOAN0000434,CUST0000010,2025-09-05,,237.04,237.04,0.0,On-time
PAY0003735,LOAN0000165,CUST0000907,2024-01-28,2024-01-26,48.21,48.21,0.0,ON-TIME
PAY0003736,LOAN0000025,CUST0000636,2025-05-30,2025-06-17,398.64,398.64,18.0,Late
PAY0003737,LOAN0000458,CUST0000426,2025-09-11,2025-09-10,139.78,139.78,0.0,On-time
PAY0003738,LOAN0000523,CUST0000015,2023-07-27,2023-07-25,566.64,566.64,0.0,On-time
PAY0003739,LOAN0000238,CUST0000420,2025-06-02,,346.74,126.07,0.0,Partial
PAY0003740,LOAN0000488,CUST0000052,2026-02-09,2026-02-09,135.79,135.79,0.0,On-time
PAY0003741,LOAN0000514,CUST0000224,2022-12-20,2022-12-20,1266.69,1266.69,0.0,On-time
PAY0003742,LOAN0000342,CUST0000666,2026-02-10,2026-02-10,103.82,103.82,0.0,On-time
PAY0003743,LOAN0000320,CUST0000394,2025-11-21,2025-11-20,637.39,637.39,0.0,On-time
PAY0003744,LOAN0000442,CUST0000745,2025-07-05,2025-07-04,250.74,250.74,0.0,On-time
PAY0003745,LOAN0000497,CUST0000929,2025-10-10,2025-10-10,891.0,891.0,0.0,On-time
PAY0003746,LOAN0000205,CUST0000080,2023-04-27,2023-04-25,709.8,709.8,0.0,On-time
PAY0003747,LOAN0000549,CUST0000293,2025-03-03,2025-03-03,155.52,155.52,0.0,On-time
PAY0003748,LOAN0000481,CUST0000429,2026-02-03,2026-02-02,227.01,227.01,0.0,On-time
PAY0003749,LOAN0000114,CUST0000879,2025-10-22,2025-10-21,203.52,203.52,0.0,On-time
PAY0003750,LOAN0000016,CUST0000359,2024-04-13,2024-04-17,424.63,424.63,4.0,Late
PAY0003751,LOAN0000539,CUST0000693,2025-08-02,2025-08-01,180.07,180.07,0.0,On-time
PAY0003752,LOAN0000144,CUST0000143,2023-01-16,,184.57,0.0,,Missed
PAY0003753,LOAN0000385,CUST0000435,2023-12-28,2023-12-26,394.76,394.76,0.0,On-time
PAY0003754,LOAN0000102,CUST0000551,2021-11-19,,635.91,0.0,,Missed
PAY0003755,LOAN0000252,CUST0000521,2025-04-22,2025-04-20,1682.41,1682.41,0.0,On-time
PAY0003756,LOAN0000249,CUST0000632,2026-05-12,2026-05-10,1134.85,1134.85,0.0,On-time
PAY0003757,LOAN0000535,CUST0000528,2023-03-28,2023-03-27,1034.18,1034.18,0.0,On-time
PAY0003758,LOAN0000263,CUST0000966,2025-07-11,2025-07-11,460.72,460.72,0.0,On-time
PAY0003759,LOAN0000389,CUST0000725,2025-11-07,,389.39,0.0,,Missed
PAY0003760,LOAN0000553,CUST0000515,2025-07-27,,108.09,0.0,,Missed
PAY0003761,LOAN0000547,CUST0000422,2024-10-18,2024-10-16,244.53,244.53,0.0,On-time
PAY0003762,LOAN0000125,CUST0000580,2025-05-09,2025-05-07,179.61,139.46,0.0,Partial
PAY0003763,LOAN0000356,CUST0000951,2024-04-17,,208.44,0.0,,Missed
PAY0003764,LOAN0000052,CUST0000697,2022-10-23,2022-10-23,1339.51,1339.51,0.0,On-time
PAY0003765,LOAN0000477,CUST0000436,2024-01-22,2024-01-21,14.8,14.8,0.0,On-time
PAY0003766,LOAN0000243,CUST0000094,2025-08-09,,227.16,0.0,,Missed
PAY0003767,LOAN0000122,CUST0000253,2024-06-03,2024-06-03,559.32,559.32,0.0,On-time
PAY0003768,LOAN0000119,CUST0000188,2024-12-14,,820.41,0.0,,Missed
PAY0003769,LOAN0000149,CUST0000764,2024-03-10,2024-03-09,556.36,556.36,0.0,On-time
PAY0003770,LOAN0000485,CUST0000678,2024-04-01,,174.48,0.0,,Missed
PAY0003771,LOAN0000202,CUST0000060,2024-09-21,2024-09-27,65.87,65.87,6.0,Late
PAY0003772,LOAN0000179,CUST0000796,2025-10-25,2025-11-11,76.24,76.24,17.0,Late
PAY0003773,LOAN0000383,CUST0000736,2026-04-03,2026-04-03,83.06,83.06,0.0,On-time
PAY0003774,LOAN0000099,CUST0000232,2025-03-15,2025-03-19,124.7,124.7,4.0,Late
PAY0003775,LOAN0000283,CUST0000045,2022-09-13,2022-09-12,57.8,57.8,0.0,On-time
PAY0003776,LOAN0000232,CUST0000762,2023-07-24,2023-09-06,30.32,30.32,44.0,Late
PAY0003777,LOAN0000012,CUST0000725,2025-09-20,2025-09-18,607.42,607.42,0.0,On-time
PAY0003778,LOAN0000046,CUST0000361,2025-01-16,2025-01-16,1162.93,1162.93,0.0,On-time
PAY0003779,LOAN0000114,CUST0000879,2025-02-21,2025-02-20,203.52,203.52,0.0,On-time
PAY0003780,LOAN0000047,CUST0000212,2023-08-15,2023-08-14,199.31,199.31,0.0,On-time
PAY0003781,LOAN0000160,CUST0000148,2025-10-16,2025-11-05,76.44,76.44,20.0,Late
PAY0003782,LOAN0000428,CUST0000264,2026-06-04,2026-06-05,182.59,182.59,1.0,Late
PAY0003783,LOAN0000490,CUST0000017,2024-04-27,,265.48,265.48,0.0,On-time
PAY0003784,LOAN0000012,CUST0000725,2026-05-22,2026-05-21,607.42,607.42,0.0,On-time
PAY0003785,LOAN0000479,CUST0000957,2025-08-31,2025-08-30,284.06,284.06,0.0,On-time
PAY0003786,LOAN0000191,CUST0000044,2024-04-01,2024-04-01,1957.75,1957.75,0.0,On-time
PAY0003787,LOAN0000477,CUST0000436,2024-04-22,2024-04-22,14.8,14.8,0.0,On-time
PAY0003788,LOAN0000242,CUST0000420,2025-11-13,2025-11-12,711.72,711.72,0.0,On-time
PAY0003789,LOAN0000296,CUST0000997,2025-07-08,2025-07-08,305.84,305.84,0.0,On-time
PAY0003790,LOAN0000521,CUST0000273,2026-06-02,,1356.42,1356.42,0.0,On-time
PAY0003791,LOAN0000508,CUST0000151,2025-01-22,2025-02-18,359.97,359.97,27.0,Late
PAY0003792,LOAN0000462,CUST0000397,2024-11-29,2024-11-29,660.43,660.43,0.0,On-time
PAY0003793,LOAN0000583,CUST0000516,2022-02-26,2022-02-25,843.06,843.06,0.0,On-time
PAY0003794,LOAN0000345,CUST0000724,2023-04-27,2023-04-25,906.51,906.51,0.0,On-time
PAY0003795,LOAN0000017,CUST0000733,2023-11-19,,646.87,0.0,,missed
PAY0003796,LOAN0000102,CUST0000551,2022-02-19,2022-02-19,635.91,635.91,0.0,On-time
PAY0003797,LOAN0000326,CUST0000348,2025-07-18,,1372.24,0.0,,Missed
PAY0003798,LOAN0000279,CUST0000696,2025-04-24,2025-05-28,28.99,28.99,34.0,Late
PAY0003799,LOAN0000200,CUST0000200,2026-08-23,2026-08-22,263.49,174.78,0.0,Partial
PAY0003800,LOAN0000226,CUST0000893,2023-04-02,2023-03-31,101.32,101.32,0.0,On-time
PAY0003801,LOAN0000112,CUST0000398,2026-07-01,2026-07-28,275.2,275.2,27.0,On-time
PAY0003802,LOAN0000483,CUST0000418,2023-12-05,2023-12-03,191.54,191.54,0.0,On-time
PAY0003803,LOAN0000313,CUST0000400,2026-07-19,2026-07-18,296.44,296.44,0.0,On-time
PAY0003804,LOAN0000409,CUST0000196,2023-04-04,2023-04-03,4513.98,4513.98,0.0,On-time
PAY0003805,LOAN0000211,CUST0000060,2023-09-26,2023-09-26,609.68,609.68,0.0,On-time
PAY0003806,LOAN0000588,CUST0000382,2023-06-29,2023-06-28,148.33,148.33,0.0,On-time
PAY0003807,LOAN0000242,CUST0000420,2026-02-12,2026-02-12,711.72,711.72,0.0,On-time
PAY0003808,LOAN0000549,CUST0000293,2026-08-02,2026-08-28,155.52,155.52,26.0,Late
PAY0003809,LOAN0000096,CUST0000078,2024-03-28,2024-03-28,811.36,811.36,0.0,On-time
PAY0003810,LOAN0000457,CUST0000181,2026-03-27,2026-04-01,772.95,772.95,5.0,Late
PAY0003811,LOAN0000087,CUST0000889,2024-11-04,2024-11-03,286.79,286.79,0.0,On-time
PAY0003812,LOAN0000235,CUST0000767,2026-06-04,2026-06-04,1358.58,1358.58,0.0,On-time
PAY0003813,LOAN0000059,CUST0000961,2025-06-24,2025-06-24,1372.66,584.18,0.0,Partial
PAY0003814,LOAN0000457,CUST0000181,2025-01-25,2025-02-27,772.95,772.95,33.0,Late
PAY0003815,LOAN0000290,CUST0000757,2023-11-14,2023-11-12,649.64,649.64,0.0,On Time
PAY0003816,LOAN0000520,CUST0000697,2022-06-15,2022-06-14,168.67,168.67,0.0,On-time
PAY0003817,LOAN0000413,CUST0000242,2025-12-19,2025-12-19,536.55,536.55,0.0,On-time
PAY0003818,LOAN0000033,CUST0000373,2023-05-22,2023-05-21,2390.38,2390.38,0.0,On-time
PAY0003819,LOAN0000197,CUST0000932,2025-11-19,2025-11-19,110.21,110.21,0.0,On-time
PAY0003820,LOAN0000195,CUST0000180,2025-05-13,2025-05-13,504.44,504.44,0.0,On-time
PAY0003821,LOAN0000074,CUST0000096,2025-03-08,2025-04-20,325.95,325.95,43.0,Late
PAY0003822,LOAN0000521,CUST0000273,2025-11-01,2025-10-31,1356.42,1356.42,0.0,On-time
PAY0003823,LOAN0000173,CUST0000500,2024-04-27,2024-04-26,41.76,41.76,0.0,On-time
PAY0003824,LOAN0000530,CUST0000028,2025-07-24,2025-08-10,158.2,158.2,17.0,Late
PAY0003825,LOAN0000246,CUST0000874,2022-03-10,2022-03-09,966.85,966.85,0.0,On-time
PAY0003826,LOAN0000176,CUST0000098,2025-02-26,2025-03-04,654.28,-654.28,6.0,Late
PAY0003827,LOAN0000514,CUST0000224,2023-03-21,2023-03-21,1266.69,1266.69,0.0,On-time
PAY0003828,LOAN0000290,CUST0000757,2024-05-14,2024-05-24,649.64,649.64,10.0,delayed
PAY0003829,LOAN0000242,CUST0000420,2026-03-15,2026-03-13,711.72,711.72,0.0,On-time
PAY0003830,LOAN0000361,CUST0000306,2026-01-06,2026-01-06,413.38,413.38,0.0,On-time
PAY0003831,LOAN0000557,CUST0000030,2026-05-01,2026-04-29,2011.13,2011.13,0.0,On-time
PAY0003832,LOAN0000540,CUST0000782,2023-02-12,2023-02-11,216.21,216.21,0.0,On-time
PAY0003833,LOAN0000279,CUST0000696,2023-10-24,2023-10-22,28.99,28.99,0.0,On-time
PAY0003834,LOAN0000441,CUST0000705,2024-01-12,2024-01-12,2212.0,2212.0,0.0,On-time
PAY0003835,LOAN0000527,CUST0000770,2025-03-23,2025-03-23,449.74,449.74,0.0,On-time
PAY0003836,LOAN0000338,CUST0000083,2023-08-31,2023-08-29,1081.84,1081.84,0.0,On-time
PAY0003837,LOAN0000309,CUST0000107,2026-02-09,2026-02-07,3173.09,3173.09,0.0,On-time
PAY0003838,LOAN0000375,CUST0000107,2024-06-02,2024-06-01,1121.15,1121.15,0.0,On-time
PAY0003839,LOAN0000027,CUST0000457,2022-07-22,2022-07-21,240.0,240.0,0.0,On-time
PAY0003840,LOAN0000075,CUST0000330,2025-11-30,2025-11-28,300.89,300.89,0.0,On-time
PAY0003841,LOAN0000295,CUST0000369,2024-07-04,2024-07-04,638.67,638.67,0.0,On-time
PAY0003842,LOAN0000192,CUST0000222,2022-10-13,2022-10-12,834.2,834.2,0.0,On-time
PAY0003843,LOAN0000538,CUST0000126,2024-09-07,2024-09-07,360.05,360.05,0.0,On-time
PAY0003844,LOAN0000547,CUST0000422,2024-08-18,2024-08-18,244.53,244.53,0.0,On-time
PAY0003845,LOAN0000051,CUST0000838,2026-03-24,2026-03-22,1474.03,1474.03,0.0,On-time
PAY0003846,LOAN0000232,CUST0000762,2025-01-22,,30.32,0.0,,Missed
PAY0003847,LOAN0000392,CUST0000563,2026-01-25,2026-01-24,643.1,544.22,0.0,Partial
PAY0003848,LOAN0000327,CUST0000225,2025-11-25,2025-11-25,214.19,214.19,0.0,On-time
PAY0003849,LOAN0000119,CUST0000188,2025-02-13,2025-03-15,820.41,820.41,30.0,Late
PAY0003850,LOAN0000063,CUST0000024,2025-07-19,2025-07-19,101.19,101.19,0.0,On-time
PAY0003851,LOAN0000364,CUST0000322,2023-12-03,2023-12-01,86.55,86.55,0.0,On-time
PAY0003852,LOAN0000100,CUST0000084,2022-05-24,2022-05-22,1277.87,1277.87,0.0,On-time
PAY0003853,LOAN0000546,CUST0000704,2025-12-15,2025-12-15,3568.57,3568.57,0.0,On-time
PAY0003854,LOAN0000471,CUST0000761,2025-06-06,2025-06-05,123.33,123.33,0.0,On-time
PAY0003855,LOAN0000198,CUST0000959,2025-10-09,2025-10-07,415.03,415.03,0.0,On-time
PAY0003856,LOAN0000541,CUST0000470,2025-06-30,2025-06-29,1284.91,1284.91,0.0,On-time
PAY0003857,LOAN0000057,CUST0000816,2024-07-25,2024-07-23,441.62,441.62,0.0,On-time
PAY0003858,LOAN0000520,CUST0000697,2024-04-14,2024-04-13,168.67,168.67,0.0,On-time
PAY0003859,LOAN0000331,CUST0000879,2025-12-04,,70.21,0.0,,MISSED
PAY0003860,LOAN0000245,CUST0000346,2023-03-24,2023-04-22,1602.5,1602.5,29.0,Late
PAY0003861,LOAN0000272,CUST0000177,2024-12-31,2024-12-31,248.57,248.57,0.0,On-time
PAY0003862,LOAN0000542,CUST0000668,2025-11-04,2025-11-02,286.55,,0.0,On-time
PAY0003863,LOAN0000295,CUST0000369,2024-02-02,2024-01-31,638.67,638.67,0.0,On-time
PAY0003864,LOAN0000096,CUST0000078,2024-08-28,2024-08-27,811.36,811.36,0.0,On-time
PAY0003865,LOAN0000477,CUST0000436,2026-02-21,2026-02-19,14.8,14.8,0.0,On-time
PAY0003866,LOAN0000074,CUST0000096,2024-09-07,2024-09-06,325.95,227.61,0.0,Partial
PAY0003867,LOAN0000085,CUST0000020,2024-06-09,2024-06-07,1832.83,1832.83,0.0,On-time
PAY0003868,LOAN0000100,CUST0000084,2024-05-24,2024-05-23,1277.87,1277.87,0.0,On-time
PAY0003869,LOAN0000185,CUST0000327,2025-04-10,,89.29,0.0,,Missed
PAY0003870,LOAN0000306,CUST0000956,2024-08-04,2024-08-03,605.15,605.15,0.0,On-time
PAY0003871,LOAN0000290,CUST0000757,2022-12-14,2022-12-14,649.64,649.64,0.0,On-time
PAY0003872,LOAN0000492,CUST0000089,2026-05-30,2026-07-09,348.69,348.69,40.0,Late
PAY0003873,LOAN0000102,CUST0000551,2025-10-20,2025-10-20,635.91,635.91,0.0,On-time
PAY0003874,LOAN0000523,CUST0000015,2025-04-26,2025-04-26,566.64,566.64,0.0,On-time
PAY0003875,LOAN0000120,CUST0000484,2026-06-13,2026-06-11,316.36,316.36,0.0,On-time
PAY0003876,LOAN0000479,CUST0000957,2025-10-01,2025-10-01,284.06,284.06,0.0,On-time
PAY0003877,LOAN0000138,CUST0000052,2025-06-04,2025-06-02,332.64,332.64,0.0,On-time
PAY0003878,LOAN0000282,CUST0000724,2024-01-23,2024-01-21,67.12,67.12,0.0,On-time
PAY0003879,LOAN0000386,CUST0000481,2023-10-13,2023-10-13,155.17,155.17,0.0,On-time
PAY0003880,LOAN0000230,CUST0000869,2026-02-22,2026-02-22,271.38,271.38,0.0,On-time
PAY0003881,LOAN0000272,CUST0000177,2022-09-01,2022-08-30,248.57,248.57,0.0,On-time
PAY0003882,LOAN0000536,CUST0000581,2023-11-16,2023-11-16,246.77,246.77,0.0,On-time
PAY0003883,LOAN0000163,CUST0000003,2023-02-14,2023-02-12,488.31,488.31,0.0,On-time
PAY0003884,LOAN0000142,CUST0000897,2026-05-21,,459.08,0.0,,Missed
PAY0003885,LOAN0000193,CUST0000003,2023-03-28,2023-03-27,466.75,466.75,0.0,OK
PAY0003886,LOAN0000059,CUST0000961,2023-07-24,2023-07-22,1372.66,1372.66,0.0,On-time
PAY0003887,LOAN0000559,CUST0000824,2026-01-28,2026-01-27,176.29,176.29,0.0,On-time
PAY0003888,LOAN0000294,CUST0000925,2022-10-09,2022-10-09,452.0,452.0,0.0,On-time
PAY0003889,LOAN0000480,CUST0000765,2026-02-05,,517.76,0.0,,Missed
PAY0003890,LOAN0000453,CUST0000869,2024-03-14,2024-03-13,1543.9,1543.9,0.0,On-time
PAY0003891,LOAN0000442,CUST0000745,2026-02-03,2026-02-02,250.74,250.74,0.0,On-time
PAY0003892,LOAN0000110,CUST0000466,2024-09-22,2024-09-20,434.4,434.4,0.0,On-time
PAY0003893,LOAN0000156,CUST0000047,2026-06-14,2026-06-13,19.97,19.97,0.0,On-time
PAY0003894,LOAN0000462,CUST0000397,2025-01-28,2025-01-26,660.43,660.43,0.0,On-time
PAY0003895,LOAN0000372,CUST0000689,2025-09-20,2025-09-19,1023.33,1023.33,0.0,On-time
PAY0003896,LOAN0000416,CUST0000611,2024-10-07,2024-10-05,21.6,21.6,0.0,On-time
PAY0003897,LOAN0000306,CUST0000956,2024-12-04,2024-12-03,605.15,605.15,0.0,On-time
PAY0003898,LOAN0000382,CUST0000508,2025-03-02,2025-03-01,416.59,416.59,0.0,On-time
PAY0003899,LOAN0000102,CUST0000551,2023-05-21,2023-05-21,635.91,635.91,0.0,On-time
PAY0003900,LOAN0000244,CUST0000562,2026-05-01,2026-05-01,683.64,683.64,0.0,On-time
PAY0003901,LOAN0000360,CUST0000875,2023-12-31,2023-12-31,17.76,17.76,0.0,On-time
PAY0003902,LOAN0000229,CUST0000179,2023-12-04,2023-12-22,41.64,41.64,18.0,Late
PAY0003903,LOAN0000027,CUST0000457,2023-09-21,2023-09-20,240.0,240.0,0.0,On-time
PAY0003904,LOAN0000272,CUST0000177,2022-08-01,2022-09-09,248.57,248.57,39.0,Late
PAY0003905,LOAN0000361,CUST0000306,2025-12-06,2025-12-05,413.38,413.38,0.0,On-time
PAY0003906,LOAN0000125,CUST0000580,2026-05-09,2026-05-08,179.61,179.61,0.0,On-time
PAY0003907,LOAN0000418,CUST0000918,2022-04-11,2022-04-11,86.17,86.17,0.0,On-time
PAY0003908,LOAN0000227,CUST0000949,2025-11-17,2025-11-17,213.21,213.21,0.0,On-time
PAY0003909,LOAN0000574,CUST0000356,2024-10-02,2024-09-30,2031.77,2031.77,0.0,On-time
PAY0003910,LOAN0000031,CUST0000787,2024-09-17,2024-09-17,1194.04,1194.04,0.0,On-time
PAY0003911,LOAN0000176,CUST0000098,2026-01-27,2026-01-26,654.28,654.28,0.0,On-time
PAY0003912,LOAN0000402,CUST0000072,2025-01-01,,158.38,0.0,,Missed
PAY0003913,LOAN0000593,CUST0000684,2025-08-10,2025-08-10,300.58,300.58,0.0,On-time
PAY0003914,LOAN0000336,CUST0000690,2026-05-26,2026-06-08,52.94,52.94,13.0,Late
PAY0003915,LOAN0000194,CUST0000341,2024-01-08,2024-01-07,1014.07,1014.07,0.0,On-time
PAY0003916,LOAN0000081,CUST0000682,2025-07-20,2025-07-19,377.89,377.89,0.0,On-time
PAY0003917,LOAN0000494,CUST0000188,2023-08-26,2023-09-18,1276.54,1276.54,23.0,Late
PAY0003918,LOAN0000081,CUST0000682,2024-08-19,2024-08-17,377.89,377.89,0.0,On-time
PAY0003919,LOAN0000555,CUST0000407,2025-07-30,2025-07-30,109.67,109.67,0.0,On-time
PAY0003920,LOAN0000360,CUST0000875,2025-07-31,2025-07-29,17.76,17.76,0.0,On-time
PAY0003921,LOAN0000569,CUST0000182,2025-01-26,2025-01-24,206.03,206.03,0.0,On-time
PAY0003922,LOAN0000441,CUST0000705,2025-02-11,2025-02-09,2212.0,2212.0,0.0,On-time
PAY0003923,LOAN0000434,CUST0000010,2025-07-06,2025-07-05,237.04,237.04,0.0,On-time
PAY0003924,LOAN0000182,CUST0000834,2026-03-17,2026-04-15,39.57,39.57,29.0,Late
PAY0003925,LOAN0000139,CUST0000859,2024-11-09,2024-11-07,627.26,627.26,0.0,On-time
PAY0003926,LOAN0000451,CUST0000882,2023-04-20,2023-04-19,324.24,324.24,0.0,On-time
PAY0003927,LOAN0000119,CUST0000188,2024-01-15,2024-01-15,820.41,820.41,0.0,On-time
PAY0003928,LOAN0000151,CUST0000118,2023-11-01,2023-10-30,226.17,226.17,0.0,On-time
PAY0003929,LOAN0000539,CUST0000693,2025-06-03,2025-06-01,180.07,180.07,0.0,On-time
PAY0003930,LOAN0000273,CUST0000955,2022-03-28,2022-04-10,1128.57,1128.57,13.0,Late
PAY0003931,LOAN0000254,CUST0000296,2025-01-25,2025-02-11,449.87,449.87,17.0,Late
PAY0003932,LOAN0000361,CUST0000306,2025-08-07,2025-08-06,413.38,413.38,0.0,On-time
PAY0003933,LOAN0000593,CUST0000684,2026-03-11,2026-03-10,300.58,300.58,0.0,On-time
PAY0003934,LOAN0000584,CUST0000129,2023-11-05,2023-11-05,135.36,135.36,0.0,On-time
PAY0003935,LOAN0000337,CUST0000035,2025-11-26,2025-11-24,210.97,210.97,0.0,On-time
PAY0003936,LOAN0000112,CUST0000398,2024-10-30,,275.2,0.0,,On-time
PAY0003937,LOAN0000149,CUST0000764,2025-01-08,,556.36,556.36,37.0,Late
PAY0003938,LOAN0000480,CUST0000765,2025-09-06,2025-09-06,517.76,270.96,0.0,Partial
PAY0003939,LOAN0000031,CUST0000787,2024-01-18,2024-02-13,1194.04,1194.04,26.0,Late
PAY0003940,LOAN0000194,CUST0000341,2024-04-08,2024-04-07,1014.07,1014.07,0.0,On-time
PAY0003941,LOAN0000287,CUST0000874,2025-09-10,2025-09-09,1347.35,1347.35,0.0,On-time
PAY0003942,LOAN0000541,CUST0000470,2024-06-30,2024-06-28,1284.91,1284.91,0.0,On-time
PAY0003943,LOAN0000327,CUST0000225,2022-11-26,2022-11-26,214.19,214.19,0.0,On-time
PAY0003944,LOAN0000021,CUST0000826,2025-05-19,2025-05-17,38.77,38.77,0.0,On-time
PAY0003945,LOAN0000457,CUST0000181,2026-01-25,2026-01-24,772.95,772.95,0.0,On-time
PAY0003946,LOAN0000385,CUST0000435,2024-04-28,2024-04-27,394.76,394.76,0.0,On-time
PAY0003947,LOAN9776400,CUST0000916,2022-12-01,2022-11-30,335.27,335.27,0.0,On-time
PAY0003948,LOAN0000124,CUST0000801,2022-12-26,2023-01-22,715.13,715.13,27.0,Late
PAY0003949,LOAN0000078,CUST0000726,2023-12-22,2023-12-20,1123.26,1123.26,0.0,On-time
PAY0003950,LOAN0000068,CUST0000510,2023-02-12,2023-03-12,1394.11,1394.11,28.0,Late
PAY0003951,LOAN0000122,CUST0000253,2022-06-04,2022-06-04,559.32,559.32,0.0,On-time
PAY0003952,LOAN0000470,CUST0000725,2024-08-02,2024-08-01,241.98,241.98,0.0,On-time
PAY0003953,LOAN0000122,CUST0000253,2025-10-03,2025-10-03,559.32,559.32,0.0,On-time
PAY0003954,LOAN0000386,CUST0000481,2024-02-12,2024-02-11,155.17,155.17,0.0,On-time
PAY0003955,LOAN0000577,CUST0000268,2023-12-27,2023-12-25,33.72,18.2,0.0,Partial
PAY0003956,LOAN0000382,CUST0000508,2025-10-31,2025-10-31,416.59,416.59,0.0,On-time
PAY0003957,LOAN0000490,CUST0000017,2026-07-28,,265.48,0.0,,Missed
PAY0003958,LOAN0000102,CUST0000551,2025-08-20,2025-08-19,635.91,635.91,0.0,On-time
PAY0003959,LOAN0000039,CUST0000941,2025-03-26,2025-03-25,1194.92,1194.92,0.0,On-time
PAY0003960,LOAN0000515,CUST0000228,2025-12-25,2025-12-24,89.12,89.12,0.0,On-time
PAY0003961,LOAN0000541,CUST0000470,2023-09-30,2023-09-29,1284.91,1284.91,0.0,On-time
PAY0003962,LOAN0000380,CUST0000036,2024-05-28,2024-05-27,719.07,719.07,0.0,On-time
PAY0003963,LOAN0000436,CUST0000075,2025-05-15,,179.3,0.0,,Missed
PAY0003964,LOAN0000590,CUST0000731,2025-07-05,2025-07-04,425.85,425.85,0.0,On-time
PAY0003965,LOAN0000345,CUST0000724,2026-01-25,2026-01-25,906.51,906.51,0.0,On-time
PAY0003966,LOAN0000183,CUST0000713,2022-06-22,2022-06-21,588.68,588.68,0.0,On-time
PAY0003967,LOAN0000084,CUST0000835,2026-06-03,2026-06-03,1480.27,1480.27,0.0,On-time
PAY0003968,LOAN0000202,CUST0000060,2023-03-23,,65.87,65.87,35.0,Late
PAY0003969,LOAN0000034,CUST0000621,2026-05-13,2026-05-12,145.27,145.27,0.0,On-time
PAY0003970,LOAN0000250,CUST0000398,2026-04-30,2026-04-30,194.67,194.67,0.0,On-time
PAY0003971,LOAN0000120,CUST0000484,2024-09-12,2024-09-11,316.36,316.36,0.0,On-time
PAY0003972,LOAN0000411,CUST0000531,2026-05-11,2026-05-10,1187.31,1187.31,0.0,On-time
PAY0003973,LOAN0000362,CUST0000964,2024-08-23,,924.47,,,Missed
PAY0003974,LOAN0000078,CUST0000726,2023-04-23,2023-04-22,1123.26,1123.26,0.0,On Time
PAY0003975,LOAN0000133,CUST0000758,2024-12-18,2024-12-17,367.28,367.28,0.0,On-time
PAY0003976,LOAN0000164,CUST0000966,2023-09-28,,3556.03,,,Missed
PAY0003977,LOAN0000573,CUST0000880,2025-11-20,2025-11-20,884.49,366.67,0.0,Partial
PAY0003978,LOAN0000586,CUST0000121,2022-11-03,2022-11-02,843.94,843.94,0.0,On-time
PAY0003979,LOAN0000171,CUST0000710,2026-07-03,2026-07-02,119.92,119.92,0.0,On-time
PAY0003980,LOAN0000226,CUST0000893,2025-07-02,2025-07-02,101.32,101.32,0.0,On-time
PAY0003981,LOAN0000065,CUST0000934,2025-12-15,2025-12-13,395.77,395.77,0.0,On-time
PAY0003982,LOAN0000193,CUST0000003,2023-09-27,2023-09-25,466.75,345.55,0.0,Partial
PAY0003983,LOAN0000172,CUST0000692,2026-01-29,2026-01-28,159.9,159.9,0.0,On-time
PAY0003984,LOAN0000438,CUST0000804,2026-06-08,2026-06-07,18.56,18.56,0.0,On-time
PAY0003985,LOAN0000354,CUST0000677,2024-11-10,2024-11-10,103.03,103.03,0.0,On-time
PAY0003986,LOAN0000288,CUST0000370,2024-12-19,2024-12-18,476.12,476.12,0.0,On-time
PAY0003987,LOAN0000502,CUST0000631,2025-11-24,2025-11-24,35.74,35.74,0.0,On-time
PAY0003988,LOAN0000132,CUST0000669,2024-08-16,2024-08-14,628.47,628.47,0.0,On-time
PAY0003989,LOAN0000120,CUST0000484,2023-05-14,2023-05-12,316.36,316.36,0.0,On-time
PAY0003990,LOAN0000592,CUST0000786,2025-06-04,2025-07-17,979.05,979.05,43.0,Late
PAY0003991,LOAN0000394,CUST0000050,2023-07-22,2023-07-20,566.23,566.23,0.0,On-time
PAY0003992,LOAN0000289,CUST0000790,2026-01-09,,777.75,0.0,,Missed
PAY0003993,LOAN0000054,CUST0000039,2026-01-27,2026-01-26,1066.58,1066.58,0.0,On-time
PAY0003994,LOAN0000442,CUST0000745,2026-05-05,2026-05-05,250.74,250.74,0.0,On-time
PAY0003995,LOAN0000167,CUST0000260,2026-07-08,2026-07-08,974.84,974.84,0.0,On-time
PAY0003996,LOAN0000246,CUST0000874,2022-06-10,,966.85,0.0,,Missed
PAY0003997,LOAN0000436,CUST0000075,2025-01-13,2025-01-31,179.3,179.3,18.0,Late
PAY0003998,LOAN0000349,CUST0000776,2025-06-09,2025-06-07,367.15,367.15,0.0,On-time
PAY0003999,LOAN0000263,CUST0000966,2023-08-11,2023-08-09,460.72,460.72,0.0,On-time
PAY0004000,LOAN0000114,CUST0000879,2025-08-22,,203.52,203.52,0.0,On-time
PAY0004001,LOAN0000181,CUST0000393,2025-11-21,2025-11-20,114.46,114.46,0.0,On-time
PAY0004002,LOAN0000329,CUST0000886,2026-06-07,2026-06-06,1126.34,1126.34,0.0,On-time
PAY0004003,LOAN0000073,CUST0000266,2024-04-06,2024-04-04,101.83,101.83,0.0,On-time
PAY0004004,LOAN0000149,CUST0000764,2026-08-10,2026-08-10,556.36,556.36,0.0,On-time
PAY0004005,LOAN0000532,CUST0000330,2024-10-30,2024-10-30,677.86,439.8,0.0,Partial
PAY0004006,LOAN0000089,CUST0000928,2025-06-18,2025-06-16,258.83,258.83,0.0,On-time
PAY0004007,LOAN0000309,CUST0000107,2024-11-10,2024-11-08,3173.09,3173.09,0.0,On-time
PAY0004008,LOAN0000523,CUST0000015,2025-03-27,2025-03-27,566.64,566.64,0.0,On-time
PAY0004009,LOAN0000346,CUST0000988,2023-06-06,2023-06-06,186.55,186.55,0.0,On-time
PAY0004010,LOAN0000136,CUST0000678,2024-07-13,,62.52,0.0,,Missed
PAY0004011,LOAN0000493,CUST0000307,2022-07-21,,516.28,0.0,,Missed
PAY0004012,LOAN0000202,CUST0000060,2026-06-22,2026-06-22,65.87,65.87,0.0,On-time
PAY0004013,LOAN0000002,CUST0000552,2023-12-01,2023-11-29,38.11,38.11,0.0,On-time
PAY0004014,LOAN0000274,CUST0000327,2025-09-03,2025-09-19,125.44,125.44,16.0,Late
PAY0004015,LOAN0000210,CUST0000782,2026-05-18,2026-05-17,324.08,324.08,0.0,On-time
PAY0004016,LOAN0000155,CUST0000067,2026-05-31,2026-05-29,285.87,285.87,0.0,On-time
PAY0004017,LOAN0000529,CUST0000838,2023-11-23,2023-11-22,513.54,414.71,0.0,Partial
PAY0004018,LOAN0000160,CUST0000148,2025-02-14,2025-02-12,76.44,76.44,0.0,On-time
PAY0004019,LOAN0000215,CUST0000448,2022-08-13,2022-08-11,1912.74,1912.74,0.0,On-time
PAY0004020,LOAN0000008,CUST0000974,2026-05-10,2026-05-08,77.65,77.65,0.0,On-time
PAY0004021,LOAN0000386,CUST0000481,2025-05-13,2025-05-11,155.17,155.17,0.0,On-time
PAY0004022,LOAN9474885,CUST0000225,2025-12-06,2026-01-16,295.37,295.37,41.0,Late
PAY0004023,LOAN0000169,CUST0000889,2024-09-19,,1012.97,0.0,,Missed
PAY0004024,LOAN0000028,CUST0000016,2025-05-23,2025-05-23,196.9,196.9,0.0,On-time
PAY0004025,LOAN0000327,CUST0000225,2024-11-25,2024-11-24,214.19,214.19,0.0,On-time
PAY0004026,LOAN0000522,CUST0000507,2025-07-04,2025-07-02,1893.28,1893.28,0.0,On-time
PAY0004027,LOAN0000372,CUST0000689,2025-11-20,2025-11-20,1023.33,1023.33,0.0,On-time
PAY0004028,LOAN0000290,CUST0000757,2022-04-14,2022-04-12,649.64,649.64,0.0,On-time
PAY0004029,LOAN0000362,CUST0000964,2025-05-24,2025-05-22,924.47,924.47,0.0,On-time
PAY0004030,LOAN0000129,CUST0000236,2026-02-07,2026-02-07,453.79,453.79,0.0,On-time
PAY0004031,LOAN0000094,CUST0000345,2024-05-31,2024-06-22,610.74,610.74,22.0,Late
PAY0004032,LOAN0000473,CUST0000340,2024-07-01,2024-06-30,528.94,528.94,0.0,On-time
PAY0004033,LOAN0000468,CUST0000469,2026-01-10,2026-01-09,418.52,418.52,0.0,On-time
PAY0004034,LOAN0000272,CUST0000177,2022-07-02,,248.57,248.57,0.0,On-time
PAY0004035,LOAN0000325,CUST0000206,2026-01-19,2026-01-18,2758.6,2758.6,0.0,On-time
PAY0004036,LOAN0000281,CUST0000194,2023-09-18,2023-09-17,226.29,226.29,0.0,On-time
PAY0004037,LOAN0000135,CUST0000757,2025-08-13,,192.49,0.0,,Missed
PAY0004038,LOAN0000017,CUST0000733,2022-06-20,2022-06-18,646.87,646.87,0.0,On-time
PAY0004039,LOAN0000319,CUST0000112,2023-03-04,,132.31,132.31,41.0,Late
PAY0004040,LOAN0000387,CUST0000070,2026-03-18,2026-03-18,284.03,284.03,0.0,On-time
PAY0004041,LOAN0000521,CUST0000273,2025-05-03,2025-05-03,1356.42,1356.42,0.0,On-time
PAY0004042,LOAN0000477,CUST0000436,2026-04-23,2026-04-21,14.8,14.8,0.0,On-time
PAY0004043,LOAN0000353,CUST0000832,2023-04-30,2023-04-29,1665.78,1665.78,0.0,On-time
PAY0004044,LOAN0000373,CUST0000783,2026-03-27,2026-05-05,1017.53,1017.53,39.0,Late
PAY0004045,LOAN0000160,CUST0000148,2023-10-16,2023-10-15,76.44,76.44,0.0,On-time
PAY0004046,LOAN0000315,CUST0000259,2022-05-31,2022-05-29,962.31,962.31,0.0,On-time
PAY0004047,LOAN0000110,CUST0000466,2026-01-22,2026-01-21,434.4,434.4,0.0,On-time
PAY0004048,LOAN0000133,CUST0000758,2025-09-18,2025-09-17,367.28,367.28,0.0,On-time
PAY0004049,LOAN0000185,CUST0000327,2024-09-09,2024-09-07,89.29,89.29,0.0,On-time
PAY0004050,LOAN0000511,CUST0000465,2026-02-16,2026-02-15,839.55,839.55,0.0,On-time
PAY0004051,LOAN0000017,CUST0000733,2022-08-20,2022-08-18,646.87,646.87,0.0,On-time
PAY0004052,LOAN0000562,CUST0000102,2022-11-05,2022-11-04,1887.75,1887.75,0.0,On-time
PAY0004053,LOAN0000212,CUST0000244,2023-07-18,2023-07-17,648.42,648.42,0.0,On-time
PAY0004054,LOAN0000160,CUST0000148,2024-10-15,2024-10-14,76.44,76.44,0.0,On-time
PAY0004055,LOAN0000084,CUST0000835,2025-08-02,2025-08-02,1480.27,,0.0,On-time
PAY0004056,LOAN0000188,CUST0000979,2022-05-11,2022-05-10,349.2,349.2,0.0,On-time
PAY0004057,LOAN0000589,CUST0000517,2026-08-01,,611.86,0.0,,Missed
PAY0004058,LOAN0000337,CUST0000035,2025-01-25,2025-01-25,210.97,210.97,0.0,On-time
PAY0004059,LOAN0000026,CUST0000233,2023-08-17,2023-08-16,1026.87,,0.0,On-time
PAY0004060,LOAN0000386,CUST0000481,2024-09-12,2024-09-12,155.17,155.17,0.0,On-time
PAY0004061,LOAN0000466,CUST0000967,2025-05-31,2025-07-03,25.35,25.35,33.0,Late
PAY0004062,LOAN0000417,CUST0000487,2025-06-16,2025-06-14,14.34,14.34,0.0,On-time
PAY0004063,LOAN0000243,CUST0000094,2025-12-09,2025-12-09,227.16,227.16,0.0,On-time
PAY0004064,LOAN0000496,CUST0000211,2025-06-29,2025-06-29,488.18,488.18,0.0,On-time
PAY0004065,LOAN0000137,CUST0000463,2025-10-19,2025-11-20,1149.63,1149.63,32.0,Late
PAY0004066,LOAN0000447,CUST0000186,2026-03-18,,350.47,0.0,,Missed
PAY0004067,LOAN0000469,CUST0000772,2022-06-26,2022-06-24,35.48,35.48,0.0,On-time
PAY0004068,LOAN0000450,CUST0000307,2024-07-02,,205.25,205.25,42.0,Late
PAY0004069,LOAN0000410,CUST0000712,2024-06-16,2024-06-14,696.51,696.51,0.0,On-time
PAY0004070,LOAN0000520,CUST0000697,2022-09-14,2022-09-12,168.67,168.67,0.0,On-time
PAY0004071,LOAN0000252,CUST0000521,2026-06-22,2026-06-22,1682.41,1682.41,0.0,On-time
PAY0004072,LOAN0000215,CUST0000448,2023-01-13,2023-01-12,1912.74,1912.74,0.0,On-time
PAY0004073,LOAN0000588,CUST0000382,2024-05-29,2024-05-27,148.33,148.33,0.0,On-time
PAY0004074,LOAN0000149,CUST0000764,2025-09-09,2025-09-07,556.36,556.36,0.0,On-time
PAY0004075,LOAN0000105,CUST0000330,2026-02-23,,1277.68,0.0,,Missed
PAY0004076,LOAN0000133,CUST0000758,2026-02-17,2026-02-16,367.28,219.22,0.0,Partial
PAY0004077,LOAN0000045,CUST0000566,2026-01-13,2026-01-11,909.16,909.16,0.0,On-time
PAY0004078,LOAN0000493,CUST0000307,2025-04-21,2025-05-04,516.28,516.28,13.0,Late
PAY0004079,LOAN0000563,CUST0000281,2025-10-23,2025-10-22,1609.44,1609.44,0.0,On-time
PAY0004080,LOAN0000577,CUST0000268,2022-10-27,,33.72,0.0,,Missed
PAY0004081,LOAN0000051,CUST0000838,2022-09-22,2022-09-20,1474.03,1474.03,0.0,On-time
PAY0004082,LOAN0000586,CUST0000121,2022-09-03,2022-09-02,843.94,843.94,0.0,On-time
PAY0004083,LOAN0000233,CUST0000781,2025-09-22,2025-09-20,2150.27,2150.27,0.0,On-time
PAY0004084,LOAN0000558,CUST0000843,2024-08-22,,115.54,0.0,,Missed
PAY0004085,LOAN0000514,CUST0000224,2022-07-21,2022-07-21,1266.69,1266.69,0.0,On-time
PAY0004086,LOAN0000160,CUST0000148,2023-07-17,,76.44,0.0,,Missed
PAY0004087,LOAN0000094,CUST0000345,2025-12-30,,610.74,610.74,0.0,On-time
PAY0004088,LOAN0000020,CUST0000574,2025-01-24,2025-01-23,437.5,437.5,0.0,On-time
PAY0004089,LOAN0000272,CUST0000177,2024-12-01,2024-12-21,248.57,248.57,20.0,Late
PAY0004090,LOAN0000199,CUST0000422,2022-11-27,2022-11-26,225.67,-225.67,0.0,On-time
PAY0004091,LOAN0000458,CUST0000426,2025-07-12,2025-07-12,139.78,139.78,0.0,on time
PAY0004092,LOAN0000299,CUST0000136,2025-09-06,2025-09-06,486.64,486.64,0.0,On-time
PAY0004093,LOAN0000284,CUST0000557,2025-10-02,2025-10-02,1030.27,1030.27,0.0,On-time
PAY0004094,LOAN0000194,CUST0000341,2025-05-09,2025-05-09,1014.07,1014.07,0.0,On-time
PAY0004095,LOAN0000557,CUST0000030,2024-11-29,2024-11-29,2011.13,2011.13,0.0,On-time
PAY0004096,LOAN0000569,CUST0000182,2024-10-27,2024-10-25,206.03,206.03,0.0,On-time
PAY0004097,LOAN0000503,CUST0000314,2025-03-18,2025-03-16,623.39,623.39,0.0,On-time
PAY0004098,LOAN0000590,CUST0000731,2026-07-05,2026-07-30,425.85,425.85,25.0,Late
PAY0004099,LOAN0000336,CUST0000690,2025-08-25,2025-08-25,52.94,41.96,0.0,Partial
PAY0004100,LOAN0000156,CUST0000047,2023-10-14,2023-10-12,19.97,19.97,0.0,On-time
PAY0004101,LOAN0000521,CUST0000273,2025-01-01,2025-01-10,1356.42,1356.42,9.0,Late
PAY0004102,LOAN0000412,CUST0000828,2025-03-05,2025-03-03,1316.93,1316.93,0.0,On-time
PAY0004103,LOAN0000350,CUST0000987,2024-03-17,2024-03-17,1972.9,1972.9,0.0,On-time
PAY0004104,LOAN0000390,CUST0000310,2025-05-24,2025-05-23,377.65,377.65,0.0,On-time
PAY0004105,LOAN0000462,CUST0000397,2025-08-29,2025-08-27,660.43,326.65,0.0,Partial
PAY0004106,LOAN0000567,CUST0000627,2023-05-29,2023-05-27,73.42,73.42,0.0,On-time
PAY0004107,LOAN0000418,CUST0000918,2022-05-12,,86.17,0.0,,Missed
PAY0004108,LOAN0000071,CUST0000250,2022-05-23,2022-05-23,190.79,190.79,0.0,On-time
PAY0004109,LOAN0000213,CUST0000023,2024-03-27,2024-03-26,1149.89,-1149.89,0.0,On-time
PAY0004110,LOAN0000140,CUST0000221,2024-05-25,2024-05-23,83.09,83.09,0.0,On-time
PAY0004111,LOAN0000078,CUST0000726,2024-04-22,2024-04-21,1123.26,1123.26,0.0,On-time
PAY0004112,LOAN0000333,CUST0000449,2025-09-08,2025-10-01,427.8,427.8,23.0,Late
PAY0004113,LOAN0000145,CUST0000538,2024-10-21,2024-10-21,1202.85,1202.85,0.0,On-time
PAY0004114,LOAN0000131,CUST0000115,2025-04-04,2025-04-02,62.49,62.49,0.0,On-time
PAY0004115,LOAN0000008,CUST0000974,2024-10-08,2024-10-06,77.65,77.65,0.0,On-time
PAY0004116,LOAN0000345,CUST0000724,2026-07-27,2026-07-26,906.51,906.51,0.0,On-time
PAY0004117,LOAN0000526,CUST0000184,2025-05-27,2025-05-27,341.99,341.99,0.0,On-time
PAY0004118,LOAN0000144,CUST0000143,2023-10-17,2023-10-15,184.57,184.57,0.0,On-time
PAY0004119,LOAN0000311,CUST0000689,2024-05-24,,184.19,0.0,,Missed
PAY0004120,LOAN0000096,CUST0000078,2024-04-28,2024-04-27,811.36,811.36,0.0,On-time
PAY0004121,LOAN0000109,CUST0000993,2026-02-09,2026-03-10,413.87,413.87,29.0,Late
PAY0004122,LOAN0000102,CUST0000551,2024-06-20,2024-06-20,635.91,635.91,0.0,On-time
PAY0004123,LOAN0000494,CUST0000188,2025-01-24,2025-01-22,1276.54,1276.54,0.0,On-time
PAY0004124,LOAN0000354,CUST0000677,2026-01-10,2026-01-08,103.03,103.03,0.0,On-time
PAY0004125,LOAN0000492,CUST0000089,2026-06-30,2026-06-29,348.69,348.69,0.0,On-time
PAY0004126,LOAN0000397,CUST0000714,2024-10-18,2024-10-17,500.03,,0.0,On-time
PAY0004127,LOAN0000356,CUST0000951,2026-04-18,2026-04-17,208.44,208.44,0.0,On-time
PAY0004128,LOAN0000145,CUST0000538,2023-11-21,2023-11-19,1202.85,1202.85,0.0,On-time
PAY0004129,LOAN0000185,CUST0000327,2025-06-10,2025-06-10,89.29,89.29,0.0,On-time
PAY0004130,LOAN0000266,CUST0000220,2026-03-12,2026-03-11,324.19,324.19,0.0,On-time
PAY0004131,LOAN0000361,CUST0000306,2026-04-07,2026-04-06,413.38,413.38,0.0,On-time
PAY0004132,LOAN0000170,CUST0000156,2025-10-15,2025-10-14,1293.11,1293.11,0.0,On-time
PAY0004133,LOAN0000111,CUST0000196,2026-04-07,2026-04-06,640.44,640.44,0.0,On-time
PAY0004134,LOAN9866800,CUST0000052,2024-04-04,2024-04-02,332.64,332.64,0.0,On-time
PAY0004135,LOAN0000423,CUST0000564,2024-12-21,2024-12-19,43.59,43.59,0.0,ON-TIME
PAY0004136,LOAN0000548,CUST0000347,2024-05-29,2024-05-27,480.43,480.43,0.0,On-time
PAY0004137,LOAN0000470,CUST0000725,2023-11-02,2023-11-02,241.98,241.98,0.0,On-time
PAY0004138,LOAN0000195,CUST0000180,2022-11-11,2022-11-09,504.44,504.44,0.0,On-time
PAY0004139,LOAN0000510,CUST0000702,2025-10-22,2025-11-14,892.11,892.11,23.0,Late
PAY0004140,LOAN0000354,CUST0000677,2024-10-10,2024-10-08,103.03,103.03,0.0,On-time
PAY0004141,LOAN0000069,CUST0000061,2025-09-01,2025-08-30,147.06,147.06,0.0,On-time
PAY0004142,LOAN0000371,CUST0000522,2024-07-06,2024-08-04,1425.12,1425.12,29.0,Late
PAY0004143,LOAN0000568,CUST0000389,2026-04-12,2026-04-12,206.47,206.47,0.0,On-time
PAY0004144,LOAN0000564,CUST0000695,2024-09-13,2024-09-18,471.54,471.54,5.0,Late
PAY0004145,LOAN0000020,CUST0000574,2025-09-24,,437.5,0.0,,Missed
PAY0004146,LOAN0000063,CUST0000024,2025-09-18,2025-09-17,101.19,101.19,0.0,On-time
PAY0004147,LOAN0000478,CUST0000586,2025-04-16,2025-04-15,382.05,382.05,0.0,On-time
PAY0004148,LOAN0000528,CUST0000832,2025-02-01,2025-01-31,436.3,436.3,0.0,On-time
PAY0004149,LOAN0000243,CUST0000094,2026-07-10,,227.16,0.0,,Missed
PAY0004150,LOAN0000193,CUST0000003,2026-06-27,2026-07-19,466.75,466.75,22.0,Late
PAY0004151,LOAN0000171,CUST0000710,2026-01-01,,119.92,0.0,,Missed
PAY0004152,LOAN0000220,CUST0000997,2025-11-02,,519.56,0.0,,Missed
PAY0004153,LOAN0000549,CUST0000293,2026-05-03,,155.52,0.0,,Missed
PAY0004154,LOAN0000104,CUST0000488,2025-05-26,2025-05-26,199.65,199.65,0.0,On-time
PAY0004155,LOAN0000131,CUST0000115,2026-05-05,,62.49,0.0,,Missed
PAY0004156,LOAN0000100,CUST0000084,2023-01-23,,1277.87,1277.87,0.0,On-time
PAY0004157,LOAN0000046,CUST0000361,2025-05-18,2025-05-18,1162.93,1162.93,0.0,On-time
PAY0004158,LOAN0000363,CUST0000783,2025-01-27,2025-01-27,630.91,630.91,0.0,On-time
PAY0004159,LOAN0000070,CUST0000916,2025-07-22,2025-07-20,592.68,592.68,0.0,On-time
PAY0004160,LOAN0000345,CUST0000724,2026-06-27,2026-06-26,906.51,906.51,0.0,On-time
PAY0004161,LOAN0000157,CUST0000083,2026-05-27,2026-05-25,346.56,346.56,0.0,On-time
PAY0004162,LOAN0000541,CUST0000470,2024-11-29,,1284.91,1284.91,0.0,On-time
PAY0004163,LOAN0000202,CUST0000060,2024-06-21,2024-06-19,65.87,65.87,0.0,On-time
PAY0004164,LOAN0000187,CUST0000518,2025-06-07,2025-07-18,201.21,201.21,41.0,Late
PAY0004165,LOAN0000471,CUST0000761,2025-07-06,2025-07-06,123.33,123.33,0.0,On-time
PAY0004166,LOAN0000193,CUST0000003,2026-05-28,2026-05-26,466.75,466.75,0.0,On-time
PAY0004167,LOAN0000161,CUST0000522,2023-04-28,2023-04-28,1392.51,1392.51,0.0,On-time
PAY0004168,LOAN0000415,CUST0000528,2025-08-22,2025-08-20,661.37,35641.08,0.0,On-time
PAY0004169,LOAN0000374,CUST0000475,2025-04-22,2024-03-26,495.54,495.54,0.0,On-time
PAY0004170,LOAN0000115,CUST0000780,2025-04-13,2025-04-13,146.22,146.22,0.0,On-time
PAY0004171,LOAN0000206,CUST0000997,2024-11-23,2024-11-22,153.63,153.63,0.0,On-time
PAY0004172,LOAN0000377,CUST0000186,2022-01-19,2022-01-18,651.39,651.39,0.0,On-time
PAY0004173,LOAN0000497,CUST0000929,2024-09-09,2024-09-08,891.0,891.0,0.0,On-time
PAY0004174,LOAN0000173,CUST0000500,2023-11-27,2023-11-26,41.76,41.76,0.0,On-time
PAY0004175,LOAN0000106,CUST0000453,2026-07-13,2026-07-25,775.35,775.35,12.0,Late
PAY0004176,LOAN0000100,CUST0000084,2024-08-23,2024-08-22,1277.87,1277.87,0.0,On-time
PAY0004177,LOAN0000318,CUST0000451,2023-08-13,2023-08-12,1389.25,1389.25,0.0,On-time
PAY0004178,LOAN0000081,CUST0000682,2023-02-18,2023-02-17,377.89,377.89,0.0,On-time
PAY0004179,LOAN0000417,CUST0000487,2025-01-14,2025-01-12,14.34,14.34,0.0,On-time
PAY0004180,LOAN0000392,CUST0000563,2024-05-26,2024-05-25,643.1,643.1,0.0,On-time
PAY0004181,LOAN0000015,CUST0000311,2026-07-07,,188.87,0.0,,Missed
PAY0004182,LOAN0000081,CUST0000682,2024-07-19,2024-07-18,377.89,377.89,0.0,On-time
PAY0004183,LOAN0000356,CUST0000951,2023-10-18,,208.44,208.44,0.0,On-time
PAY0004184,LOAN0000156,CUST0000047,2024-09-13,2024-09-11,19.97,19.97,0.0,On-time
PAY0004185,LOAN0000303,CUST0000179,2026-02-20,2026-02-20,811.48,811.48,0.0,On-time
PAY0004186,LOAN0000059,CUST0000961,2025-02-22,2025-02-22,1372.66,1372.66,0.0,on time
PAY0004187,LOAN0000336,CUST0000690,2025-10-25,2025-10-25,52.94,52.94,0.0,On-time
PAY0004188,LOAN0000567,CUST0000627,2024-03-29,2024-03-29,73.42,73.42,0.0,On-time
PAY0004189,LOAN0000529,CUST0000838,2025-06-24,2025-06-22,513.54,513.54,0.0,On-time
PAY0004190,LOAN0000046,CUST0000361,2023-07-18,2023-07-16,1162.93,1162.93,0.0,On-time
PAY0004191,LOAN0000501,CUST0000055,2025-08-05,2025-08-05,762.76,762.76,0.0,On-time
PAY0004192,LOAN0000051,CUST0000838,2022-08-23,2022-08-23,1474.03,1474.03,0.0,On-time
PAY0004193,LOAN0000476,CUST0000898,2026-01-17,,642.92,0.0,,Missed
PAY0004194,LOAN0000470,CUST0000725,2022-11-02,2022-11-23,241.98,241.98,21.0,Late
PAY0004195,LOAN0000100,CUST0000084,2023-12-24,2023-12-24,1277.87,1277.87,0.0,On-time
PAY0004196,LOAN0000353,CUST0000832,2022-08-30,2022-09-27,1665.78,1665.78,28.0,Late
PAY0004197,LOAN0000336,CUST0000690,2025-09-25,2025-09-24,52.94,52.94,0.0,On-time
PAY0004198,LOAN0000513,CUST0000621,2024-10-31,2024-10-31,667.76,667.76,0.0,On-time
PAY0004199,LOAN0000545,CUST0000318,2025-09-25,2025-09-23,34.17,34.17,0.0,On-time
PAY0004200,LOAN0000325,CUST0000206,2025-10-19,2025-10-17,2758.6,2758.6,0.0,On-time
PAY0004201,LOAN0000094,CUST0000345,2025-07-31,2025-07-29,610.74,610.74,0.0,On-time
PAY0004202,LOAN0000248,CUST0000569,2025-08-07,2025-08-05,273.13,273.13,0.0,On-time
PAY0004203,LOAN0000147,CUST0000364,2024-04-27,2024-04-25,150.55,150.55,0.0,On-time
PAY0004204,LOAN0000520,CUST0000697,2024-11-14,2024-11-12,168.67,168.67,0.0,On-time
PAY0004205,LOAN0000161,CUST0000522,2023-06-28,2023-06-28,1392.51,1392.51,0.0,On-time
PAY0004206,LOAN0000217,CUST0000492,2026-08-04,2026-09-01,683.75,683.75,28.0,Late
PAY0004207,LOAN0000432,CUST0000070,2026-03-26,2026-03-24,261.4,261.4,0.0,On-time
PAY0004208,LOAN0000232,CUST0000762,2025-07-23,2025-07-23,30.32,30.32,0.0,On-time
PAY0004209,LOAN0000355,CUST0000771,2026-06-28,2026-06-27,2611.51,2611.51,0.0,On-time
PAY0004210,LOAN0000232,CUST0000762,2023-12-23,,30.32,0.0,,Missed
PAY0004211,LOAN0000178,CUST0000675,2026-01-13,2026-01-12,963.41,963.41,0.0,On-time
PAY0004212,LOAN0000169,CUST0000889,2024-01-20,2024-01-18,1012.97,1012.97,0.0,On-time
PAY0004213,LOAN0000592,CUST0000786,2024-10-03,2024-10-01,979.05,979.05,0.0,On-time
PAY0004214,LOAN0000373,CUST0000783,2024-04-25,2024-04-23,1017.53,1017.53,0.0,On-time
PAY0004215,LOAN0000412,CUST0000828,2025-07-05,2025-07-03,1316.93,1316.93,0.0,On-time
PAY0004216,LOAN0000455,CUST0000819,2026-05-03,,320.83,0.0,,Missed
PAY0004217,LOAN0000180,CUST0000371,2026-06-11,2026-06-11,422.07,422.07,0.0,On-time
PAY0004218,LOAN0000348,CUST0000228,2024-06-13,2024-06-12,140.46,140.46,0.0,On-time
PAY0004219,LOAN0000579,CUST0000002,2023-03-28,,467.36,0.0,,Missed
PAY0004220,LOAN0000090,CUST0000721,2022-07-21,,213.64,0.0,,Missed
PAY0004221,LOAN0000248,CUST0000569,2025-07-07,2025-07-05,273.13,273.13,0.0,On-time
PAY0004222,LOAN0000512,CUST0000817,2026-02-13,2026-02-21,915.62,915.62,8.0,Late
PAY0004223,LOAN0000468,CUST0000469,2026-08-11,2026-08-09,418.52,418.52,0.0,On-time
PAY0004224,LOAN0000319,CUST0000112,2024-12-03,,132.31,132.31,0.0,On-time
PAY0004225,LOAN0000129,CUST0000236,2026-07-09,2026-07-08,453.79,189.13,0.0,Partial
PAY0004226,LOAN0000052,CUST0000697,2023-07-24,2023-07-24,1339.51,1339.51,0.0,On-time
PAY0004227,LOAN0000173,CUST0000500,2022-12-27,,41.76,0.0,,Missed
PAY0004228,LOAN0000453,CUST0000869,2022-01-12,2022-01-10,1543.9,1067.59,0.0,Partial
PAY0004229,LOAN0000080,CUST0000004,2024-03-18,2024-03-18,855.13,855.13,0.0,On-time
PAY0004230,LOAN0000190,CUST0000337,2026-06-27,,293.17,0.0,,Missed
PAY0004231,LOAN0000168,CUST0000850,2025-08-31,2025-08-29,487.76,298.53,0.0,Partial
PAY0004232,LOAN0000150,CUST0000901,2023-09-16,2023-09-14,421.66,421.66,0.0,On-time
PAY0004233,LOAN0000392,CUST0000563,2025-09-25,2025-09-30,643.1,643.1,5.0,Late
PAY0004234,LOAN0000426,CUST0000297,2024-08-15,2024-08-14,370.17,370.17,0.0,On-time
PAY0004235,LOAN0000031,CUST0000787,2023-11-18,2023-11-16,1194.04,1194.04,0.0,On-time
PAY0004236,LOAN0000123,CUST0000662,2025-11-22,2025-11-20,276.96,218.01,0.0,Partial
PAY0004237,LOAN0000508,CUST0000151,2026-03-24,2026-04-27,359.97,359.97,34.0,Late
PAY0004238,LOAN0000044,CUST0000363,2023-03-04,,1557.81,0.0,,Missed
PAY0004239,LOAN0000274,CUST0000327,2024-07-04,2024-07-03,125.44,125.44,0.0,On-time
PAY0004240,LOAN0000418,CUST0000918,2024-05-11,2024-06-04,86.17,86.17,24.0,Late
PAY0004241,LOAN0000372,CUST0000689,2025-08-21,2025-08-21,1023.33,1023.33,0.0,On-time
PAY0004242,LOAN0000588,CUST0000382,2023-10-29,,148.33,0.0,,Missed
PAY0004243,LOAN0000494,CUST0000188,2025-07-26,2025-07-24,1276.54,1276.54,0.0,On-time
PAY0004244,LOAN0000287,CUST0000874,2026-02-10,2026-02-10,1347.35,1347.35,0.0,On-time
PAY0004245,LOAN0000579,CUST0000002,2022-08-26,2022-08-25,467.36,467.36,0.0,On-time
PAY0004246,LOAN0000280,CUST0000816,2026-03-13,2026-03-12,1002.69,1002.69,0.0,On-time
PAY0004247,LOAN0000407,CUST0000624,2024-10-22,2024-12-01,250.13,250.13,40.0,Late
PAY0004248,LOAN0000578,CUST0000916,2025-06-01,2025-05-30,335.27,335.27,0.0,On-time
PAY0004249,LOAN0000074,CUST0000096,2026-02-06,2026-03-22,325.95,325.95,44.0,Late
PAY0004250,LOAN0000425,CUST0000755,2024-05-31,2024-05-31,351.83,351.83,0.0,On-time
PAY0004251,LOAN0000138,CUST0000052,2023-08-04,2023-08-04,332.64,332.64,0.0,On-time
PAY0004252,LOAN0000024,CUST0000510,2026-05-30,2026-05-29,988.87,988.87,0.0,OK
PAY0004253,LOAN0000349,CUST0000776,2025-05-09,2025-05-07,367.15,367.15,0.0,On-time
PAY0004254,LOAN0000021,CUST0000826,2026-01-17,2026-01-17,38.77,38.77,0.0,On-time
PAY0004255,LOAN0000168,CUST0000850,2025-06-01,2025-05-31,487.76,487.76,0.0,On-time
PAY0004256,LOAN0000172,CUST0000692,2026-06-30,2026-06-29,159.9,159.9,0.0,On-time
PAY0004257,LOAN0000034,CUST0000621,2023-01-11,2023-01-10,145.27,145.27,0.0,On-time
PAY0004258,LOAN0000371,CUST0000522,2025-04-06,2025-04-06,1425.12,1425.12,0.0,On-time
PAY0004259,LOAN0000453,CUST0000869,2022-06-14,2022-06-14,1543.9,1543.9,0.0,on time
PAY0004260,LOAN0000081,CUST0000682,2023-07-20,2023-07-19,377.89,377.89,0.0,On-time
PAY0004261,LOAN0000120,CUST0000484,2023-02-12,2023-02-10,316.36,316.36,0.0,On-time
PAY0004262,LOAN0000047,CUST0000212,2026-02-13,2026-02-12,199.31,199.31,0.0,On-time
PAY0004263,LOAN0000022,CUST0000637,2023-11-26,2023-11-25,78.37,78.37,0.0,On-time
PAY0004264,LOAN0000027,CUST0000457,2025-01-20,2025-01-19,240.0,240.0,0.0,On-time
PAY0004265,LOAN0000032,CUST0000569,2026-01-14,2026-01-13,1505.11,1505.11,0.0,On-time
PAY0004266,LOAN0000075,CUST0000330,2025-05-01,2025-04-30,300.89,300.89,0.0,On-time
PAY0004267,LOAN0000145,CUST0000538,2023-07-22,2023-07-21,1202.85,1202.85,0.0,On-time
PAY0004268,LOAN0000193,CUST0000003,2025-09-26,2025-09-25,466.75,466.75,0.0,On-time
PAY0004269,LOAN0000369,CUST0000699,2023-05-20,2023-05-19,863.87,863.87,0.0,On-time
PAY0004270,LOAN0000494,CUST0000188,2023-02-24,2023-03-04,1276.54,1276.54,8.0,Late
PAY0004271,LOAN0000102,CUST0000551,2023-06-21,2023-06-21,635.91,635.91,0.0,On-time
PAY0004272,LOAN0000502,CUST0000631,2025-09-24,2025-09-23,35.74,35.74,0.0,On-time
PAY0004273,LOAN0000502,CUST0000631,2026-01-24,2026-02-09,35.74,35.74,16.0,Late
PAY0004274,LOAN0000333,CUST0000449,2025-08-09,2025-08-08,427.8,427.8,0.0,On-time
PAY0004275,LOAN0000593,CUST0000684,2024-02-09,2024-02-07,300.58,300.58,0.0,On-time
PAY0004276,LOAN0000394,CUST0000050,2025-01-20,2025-01-19,566.23,566.23,0.0,On-time
PAY0004277,LOAN0000098,CUST0000913,2025-03-28,2025-03-26,205.08,205.08,0.0,On-time
PAY0004278,LOAN0000485,CUST0000678,2025-09-01,2025-08-31,174.48,174.48,0.0,On-time
PAY0004279,LOAN0000410,CUST0000712,2025-03-17,2025-04-23,696.51,696.51,37.0,Late
PAY0004280,LOAN0000568,CUST0000389,2026-02-10,2026-02-08,206.47,206.47,0.0,On-time
PAY0004281,LOAN0000491,CUST0000360,2026-03-13,2026-03-13,1483.2,1483.2,0.0,On-time
PAY0004282,LOAN0000221,CUST0000720,2025-11-25,2025-11-25,836.91,836.91,0.0,On-time
PAY0004283,LOAN0000019,CUST0000441,2022-02-28,2022-02-28,2083.16,2083.16,0.0,On-time
PAY0004284,LOAN0000443,CUST0000791,2025-08-01,,1882.62,0.0,,Missed
PAY0004285,LOAN0000149,CUST0000764,2025-06-09,2025-06-07,556.36,556.36,0.0,On-time
PAY0004286,LOAN0000157,CUST0000083,2025-07-26,2025-07-25,346.56,346.56,0.0,On-time
PAY0004287,LOAN0000020,CUST0000574,2026-07-26,2026-07-25,437.5,437.5,0.0,On-time
PAY0004288,LOAN0000211,CUST0000060,2023-08-26,2023-08-24,609.68,609.68,0.0,On-time
PAY0004289,LOAN0000033,CUST0000373,2025-08-21,2025-09-03,2390.38,2390.38,13.0,Late
PAY0004290,LOAN0000125,CUST0000580,2026-04-09,2026-04-09,179.61,179.61,0.0,On-time
PAY0004291,LOAN0000389,CUST0000725,2025-10-07,2025-10-16,389.39,389.39,9.0,Late
PAY0004292,LOAN0000144,CUST0000143,2024-12-16,2024-12-16,184.57,107.13,0.0,Partial
PAY0004293,LOAN0000513,CUST0000621,2024-04-01,2024-03-31,667.76,667.76,0.0,On-time
PAY0004294,LOAN0000519,CUST0000619,2023-08-24,2023-08-24,150.47,150.47,0.0,On-time
PAY0004295,LOAN0000187,CUST0000518,2025-10-07,2025-10-14,201.21,201.21,7.0,Late
PAY0004296,LOAN0000170,CUST0000156,2025-02-14,2025-02-12,1293.11,1293.11,0.0,On-time
PAY0004297,LOAN0000108,CUST0000303,2025-05-01,2025-05-01,115.22,115.22,0.0,On-time
PAY0004298,LOAN0000225,CUST0000127,2025-06-15,2025-06-15,70.31,70.31,0.0,On-time
PAY0004299,LOAN0000233,CUST0000781,2026-05-24,2026-05-24,2150.27,987.39,0.0,Partial
PAY0004300,LOAN0000008,CUST0000974,2026-04-09,2026-04-08,77.65,77.65,0.0,On-time
PAY0004301,LOAN0000584,CUST0000129,2023-03-07,2023-03-05,135.36,135.36,0.0,On-time
PAY0004302,LOAN0000146,CUST0000606,2024-10-24,2024-10-23,1506.71,1506.71,0.0,On-time
PAY0004303,LOAN0000394,CUST0000050,2022-07-22,2022-07-22,566.23,566.23,0.0,On-time
PAY0004304,LOAN0000209,CUST0000225,2026-01-06,2026-01-05,295.37,295.37,0.0,On-time
PAY0004305,LOAN0000114,CUST0000879,2024-10-22,2024-10-20,203.52,203.52,0.0,On-time
PAY0004306,LOAN0000572,CUST0000379,2026-06-01,2026-05-31,199.55,199.55,0.0,OK
PAY0004307,LOAN0000364,CUST0000322,2024-12-03,,86.55,0.0,,Missed
PAY0004308,LOAN0000588,CUST0000382,2023-04-29,2023-04-27,148.33,52.27,0.0,Partial
PAY0004309,LOAN0000329,CUST0000886,2026-01-06,2026-01-05,1126.34,1126.34,0.0,On-time
PAY0004310,LOAN0000202,CUST0000060,2024-10-21,2024-11-13,65.87,65.87,23.0,Late
PAY0004311,LOAN0000426,CUST0000297,2023-05-16,2023-06-02,370.17,370.17,17.0,Late
PAY0004312,LOAN0000129,CUST0000236,2024-08-08,,453.79,453.79,0.0,On-time
PAY0004313,LOAN0000134,CUST0000241,2025-08-05,2025-09-15,373.64,373.64,41.0,Late
PAY0004314,LOAN0000034,CUST0000621,2024-04-12,2024-04-10,145.27,-145.27,0.0,On-time
PAY0004315,LOAN0000417,CUST0000487,2024-01-15,2024-01-14,14.34,14.34,0.0,On-time
PAY0004316,LOAN0000442,CUST0000745,2023-02-03,2023-02-02,250.74,250.74,0.0,On-time
PAY0004317,LOAN0000154,CUST0000605,2025-11-06,2025-11-06,218.73,218.73,0.0,On-time
PAY0004318,LOAN0000012,CUST0000725,2025-02-19,2025-02-17,607.42,607.42,0.0,On-time
PAY0004319,LOAN0000055,CUST0000726,2025-03-28,,399.72,0.0,,Missed
PAY0004320,LOAN0000452,CUST0000389,2025-02-06,2025-02-05,517.19,517.19,0.0,On-time
PAY0004321,LOAN0000569,CUST0000182,2026-02-26,2026-02-25,206.03,206.03,0.0,On-time
PAY0004322,LOAN0000205,CUST0000080,2025-02-25,2025-02-23,709.8,709.8,0.0,On-time
PAY0004323,LOAN0000493,CUST0000307,2026-02-19,2026-02-17,516.28,516.28,0.0,On-time
PAY0004324,LOAN0000072,CUST0000349,2022-10-08,2022-10-07,809.24,809.24,0.0,On-time
PAY0004325,LOAN0000297,CUST0000925,2025-07-16,2025-07-16,2888.78,2888.78,0.0,On-time
PAY0004326,LOAN0000386,CUST0000481,2024-03-13,2024-04-25,155.17,155.17,43.0,Late
PAY0004327,LOAN0000157,CUST0000083,2026-04-26,2026-04-26,346.56,346.56,0.0,OK
PAY0004328,LOAN0000266,CUST0000220,2024-11-10,2024-11-10,324.19,324.19,0.0,On-time
PAY0004329,LOAN0000381,CUST0000477,2025-10-08,2025-10-08,1402.35,1402.35,0.0,On-time
PAY0004330,LOAN0000250,CUST0000398,2026-03-31,2026-03-30,194.67,194.67,0.0,On-time
PAY0004331,LOAN0000418,CUST0000918,2025-10-11,2025-10-09,86.17,86.17,0.0,On-time
PAY0004332,LOAN0000348,CUST0000228,2024-11-13,2024-11-12,140.46,140.46,0.0,On-time
PAY0004333,LOAN0000338,CUST0000083,2025-05-01,2025-04-30,1081.84,1081.84,0.0,On-time
PAY0004334,LOAN0000339,CUST0000384,2023-09-23,2023-09-21,83.06,83.06,0.0,On-time
PAY0004335,LOAN0000042,CUST0000954,2024-12-20,2024-12-18,518.03,518.03,0.0,On-time
PAY0004336,LOAN0000417,CUST0000487,2025-09-15,2025-09-13,14.34,14.34,0.0,On-time
PAY0004337,LOAN0000358,CUST0000899,2024-11-06,2024-11-06,368.63,368.63,0.0,On-time
PAY0004338,LOAN0000404,CUST0000215,2025-12-29,,1462.43,0.0,,Missed
PAY0004339,LOAN0000518,CUST0000585,2026-07-20,2026-07-18,1847.26,1847.26,0.0,On Time
PAY0004340,LOAN0000329,CUST0000886,2024-01-06,,1126.34,0.0,,Missed
PAY0004341,LOAN0000026,CUST0000233,2025-07-17,2025-07-21,1026.87,1026.87,4.0,Late
PAY0004342,LOAN0000439,CUST0000280,2026-04-22,2026-06-01,216.4,216.4,40.0,Late
PAY0004343,LOAN0000467,CUST0000635,2025-07-04,2025-07-08,225.47,225.47,4.0,Late
PAY0004344,LOAN0000002,CUST0000552,2026-01-31,2026-01-30,38.11,38.11,0.0,On Time
PAY0004345,LOAN0000547,CUST0000422,2023-11-19,2023-12-21,244.53,244.53,32.0,Late
PAY0004346,LOAN0000242,CUST0000420,2024-11-13,2024-11-11,711.72,711.72,0.0,On-time
PAY0004347,LOAN0000476,CUST0000898,2026-06-18,2026-06-17,642.92,642.92,0.0,On-time
PAY0004348,LOAN0000033,CUST0000373,2026-01-20,2026-01-19,2390.38,2390.38,0.0,On-time
PAY0004349,LOAN0000574,CUST0000356,2023-04-03,2023-04-01,2031.77,2031.77,0.0,On-time
PAY0004350,LOAN0000592,CUST0000786,2026-03-05,2026-03-04,979.05,979.05,0.0,On-time
PAY0004351,LOAN0000064,CUST0000818,2025-04-07,2025-04-07,499.21,499.21,0.0,On-time
PAY0004352,LOAN0000295,CUST0000369,2023-08-04,2023-08-03,638.67,638.67,0.0,On-time
PAY0004353,LOAN0000373,CUST0000783,2025-04-26,2025-04-26,1017.53,418.69,0.0,Partial
PAY0004354,LOAN0000233,CUST0000781,2024-11-22,2024-11-22,2150.27,2150.27,0.0,On-time
PAY0004355,LOAN0000222,CUST0000435,2025-01-26,2025-03-10,384.39,384.39,43.0,Late
PAY0004356,LOAN0000117,CUST0000975,2025-01-30,2025-01-29,466.71,466.71,0.0,On-time
PAY0004357,LOAN0000200,CUST0000200,2024-11-22,2024-11-22,263.49,263.49,0.0,On-time
PAY0004358,LOAN0000497,CUST0000929,2022-03-11,2022-03-09,891.0,891.0,0.0,On-time
PAY0004359,LOAN0000072,CUST0000349,2023-01-07,2023-01-06,809.24,-809.24,0.0,On-time
PAY0004360,LOAN0000082,CUST0000198,2026-05-02,2026-05-01,865.41,865.41,0.0,On-time
PAY0004361,LOAN0000497,CUST0000929,2024-01-10,,891.0,0.0,,Missed
PAY0004362,LOAN0000318,CUST0000451,2025-01-12,2025-01-10,1389.25,1389.25,0.0,On-time
PAY0004363,LOAN0000102,CUST0000551,2024-09-19,2024-09-19,635.91,635.91,0.0,On-time
PAY0004364,LOAN0000090,CUST0000721,2023-09-20,,213.64,0.0,,Missed
PAY0004365,LOAN0000205,CUST0000080,2024-08-26,2024-08-26,709.8,709.8,0.0,On-time
PAY0004366,LOAN0000576,CUST0000001,2026-01-03,2026-01-19,341.13,341.13,16.0,Late
PAY0004367,LOAN0000222,CUST0000435,2025-06-27,,384.39,0.0,,Missed
PAY0004368,LOAN0000295,CUST0000369,2025-10-03,2025-10-02,638.67,638.67,0.0,On-time
PAY0004369,LOAN0000162,CUST0000866,2026-06-19,2026-06-19,533.21,-192.56,0.0,Partial
PAY0004370,LOAN0000572,CUST0000379,2025-10-31,2025-10-31,199.55,199.55,0.0,On-time
PAY0004371,LOAN0000059,CUST0000961,2023-04-24,2023-04-24,1372.66,1060.35,0.0,Partial
PAY0004372,LOAN0000022,CUST0000637,2024-12-26,2024-12-24,78.37,78.37,0.0,On-time
PAY0004373,LOAN0000112,CUST0000398,2025-04-01,2025-03-31,275.2,107.87,0.0,On-time
PAY0004374,LOAN0000595,CUST0000910,2026-04-30,2026-04-29,161.28,161.28,0.0,On-time
PAY0004375,LOAN0000248,CUST0000569,2026-04-07,2026-04-07,273.13,-273.13,0.0,On-time
PAY0004376,LOAN0000100,CUST0000084,2022-04-24,2022-04-22,1277.87,1277.87,0.0,On-time
PAY0004377,LOAN0000549,CUST0000293,2025-11-01,2025-11-01,155.52,155.52,0.0,On-time
PAY0004378,LOAN0000498,CUST0000045,2026-05-31,2026-06-07,122.14,122.14,7.0,Late
PAY0004379,LOAN0000228,CUST0000683,2026-06-10,,1186.95,,,Missed
PAY0004380,LOAN0000154,CUST0000605,2025-06-07,2025-06-06,218.73,218.73,0.0,On-time
PAY0004381,LOAN0000473,CUST0000340,2023-05-01,2023-05-01,528.94,528.94,0.0,On-time
PAY0004382,LOAN0000532,CUST0000330,2024-03-01,2024-02-28,677.86,677.86,0.0,On-time
PAY0004383,LOAN0000579,CUST0000002,2022-11-26,2022-11-26,467.36,467.36,0.0,On-time
PAY0004384,LOAN0000196,CUST0000862,2026-01-15,2026-01-14,272.29,272.29,0.0,On-time
PAY0004385,LOAN0000096,CUST0000078,2022-09-27,,811.36,0.0,,Missed
PAY0004386,LOAN0000007,CUST0000718,2026-07-13,2026-07-13,669.61,669.61,0.0,on time
PAY0004387,LOAN0000283,CUST0000045,2024-09-13,2024-09-12,57.8,,0.0,On-time
PAY0004388,LOAN0000201,CUST0000283,2025-02-28,2025-02-28,640.87,640.87,0.0,On-time
PAY0004389,LOAN0000143,CUST0000791,2025-10-22,2025-10-22,159.55,159.55,0.0,On-time
PAY0004390,LOAN0000081,CUST0000682,2025-04-19,,377.89,0.0,,Missed
PAY0004391,LOAN0000407,CUST0000624,2025-05-23,2025-05-21,250.13,250.13,0.0,On-time
PAY0004392,LOAN0000224,CUST0000556,2026-04-25,2026-04-24,1054.15,1054.15,0.0,On-time
PAY0004393,LOAN0000210,CUST0000782,2026-08-17,,324.08,0.0,,Missed
PAY0004394,LOAN0000299,CUST0000136,2023-12-06,2023-12-05,486.64,486.64,0.0,On-time
PAY0004395,LOAN0000434,CUST0000010,2025-04-06,2025-04-04,237.04,237.04,0.0,On-time
PAY0004396,LOAN0000154,CUST0000605,2026-04-07,2026-04-07,218.73,218.73,0.0,On-time
PAY0004397,LOAN0000579,CUST0000002,2023-04-27,2023-04-25,467.36,467.36,0.0,On-time
PAY0004398,LOAN0000060,CUST0000626,2026-02-02,2026-01-31,25.65,25.65,0.0,On-time
PAY0004399,LOAN0000147,CUST0000364,2023-04-28,,150.55,0.0,,Missed
PAY0004400,LOAN0000058,CUST0000978,2023-05-20,2023-05-18,909.7,909.7,0.0,On-time
PAY0004401,LOAN0000043,CUST0000911,2026-01-07,2026-01-06,304.1,304.1,0.0,On-time
PAY0004402,LOAN0000467,CUST0000635,2026-02-02,2026-02-05,225.47,225.47,3.0,Late
PAY0004403,LOAN0000537,CUST0000611,2026-05-06,2026-05-06,29.05,29.05,0.0,On-time
PAY0004404,LOAN0000529,CUST0000838,2024-05-24,2024-05-22,513.54,513.54,0.0,On-time
PAY0004405,LOAN0000086,CUST0000622,2026-03-15,,584.59,584.59,0.0,On-time
PAY0004406,LOAN0000090,CUST0000721,2026-02-19,,213.64,0.0,,Missed
PAY0004407,LOAN0000160,CUST0000148,2024-12-15,,76.44,0.0,,Missed
PAY0004408,LOAN0000051,CUST0000838,2025-05-23,2025-05-22,1474.03,1474.03,0.0,On-time
PAY0004409,LOAN0000477,CUST0000436,2023-01-21,2023-01-20,14.8,14.8,0.0,On-time
PAY0004410,LOAN0000338,CUST0000083,2023-10-31,,1081.84,1081.84,16.0,Late
PAY0004411,LOAN0000278,CUST0000535,2025-12-26,,110.19,0.0,,Missed
PAY0004412,LOAN0000485,CUST0000678,2025-12-01,2025-11-29,174.48,174.48,0.0,On-time
PAY0004413,LOAN0000159,CUST0000902,2023-05-23,2023-05-23,47.23,47.23,0.0,On-time
PAY0004414,LOAN0000143,CUST0000791,2026-07-23,2026-07-22,159.55,159.55,0.0,on time
PAY0004415,LOAN0000038,CUST0000515,2026-03-16,2026-03-14,169.73,87.16,0.0,Partial
PAY0004416,LOAN0000325,CUST0000206,2026-06-20,2026-06-20,2758.6,2758.6,0.0,On-time
PAY0004417,LOAN0000566,CUST0000236,2024-12-30,,205.31,0.0,,Missed
PAY0004418,LOAN0000468,CUST0000469,2026-05-12,2026-05-11,418.52,418.52,0.0,On-time
PAY0004419,LOAN0000187,CUST0000518,2025-03-08,,201.21,0.0,,Missed
PAY0004420,LOAN0000230,CUST0000869,2025-09-23,2025-09-22,271.38,271.38,0.0,On-time
PAY0004421,LOAN0000047,CUST0000212,2024-10-14,2024-10-12,199.31,81.1,0.0,Partial
PAY0004422,LOAN0000313,CUST0000400,2026-06-19,,296.44,0.0,,Missed
PAY0004423,LOAN0000244,CUST0000562,2025-10-30,2025-10-29,683.64,683.64,0.0,On-time
PAY0004424,LOAN0000354,CUST0000677,2025-05-11,2025-05-09,103.03,103.03,0.0,ON-TIME
PAY0004425,LOAN0000003,CUST0000556,2026-07-14,2026-07-14,1906.25,1906.25,0.0,On-time
PAY0004426,LOAN0000213,CUST0000023,2023-04-27,2023-04-26,1149.89,1149.89,0.0,On-time
PAY0004427,LOAN0000439,CUST0000280,2024-06-21,2024-08-02,216.4,216.4,42.0,Late
PAY0004428,LOAN0000447,CUST0000186,2026-08-17,2026-08-15,350.47,350.47,0.0,On-time
PAY0004429,LOAN0000346,CUST0000988,2024-05-06,2024-05-06,186.55,186.55,0.0,On-time
PAY0004430,LOAN0000429,CUST0000782,2025-04-25,2025-04-25,1011.92,1011.92,0.0,On-time
PAY0004431,LOAN0000569,CUST0000182,2025-04-27,2025-05-18,206.03,206.03,21.0,Late
PAY0004432,LOAN0000329,CUST0000886,2024-05-07,2024-05-07,1126.34,1126.34,0.0,On-time
PAY0004433,LOAN0000491,CUST0000360,2024-05-12,2024-05-11,1483.2,835.32,0.0,Partial
PAY0004434,LOAN0000183,CUST0000713,2022-11-21,,588.68,0.0,,Missed
PAY0004435,LOAN0000026,CUST0000233,2025-05-17,2025-06-05,1026.87,1026.87,19.0,Late
PAY0004436,LOAN0000002,CUST0000552,2026-04-02,2026-03-31,38.11,38.11,0.0,On-time
PAY0004437,LOAN0000490,CUST0000017,2025-10-27,,265.48,0.0,,Missed
PAY0004438,LOAN0000577,CUST0000268,2022-09-26,,33.72,0.0,,Missed
PAY0004439,LOAN0000371,CUST0000522,2024-05-06,,1425.12,1425.12,0.0,On-time
PAY0004440,LOAN0000273,CUST0000955,2022-10-27,2022-10-26,1128.57,1128.57,0.0,On-time
PAY0004441,LOAN0000425,CUST0000755,2026-05-01,2026-04-29,351.83,351.83,0.0,On-time
PAY0004442,LOAN0000122,CUST0000253,2025-02-02,2025-02-02,559.32,559.32,0.0,On-time
PAY0004443,LOAN0000013,CUST0000091,2025-07-03,2025-07-01,1833.33,1833.33,0.0,On-time
PAY0004444,LOAN0000123,CUST0000662,2026-01-21,2026-01-22,276.96,276.96,1.0,Late
PAY0004445,LOAN0000391,CUST0000702,2026-06-09,2026-07-09,2780.8,2780.8,30.0,Late
PAY0004446,LOAN0000176,CUST0000098,2025-04-28,2025-04-28,654.28,654.28,0.0,On-time
PAY0004447,LOAN0000157,CUST0000083,2026-07-27,2026-07-26,346.56,346.56,0.0,On-time
PAY0004448,LOAN0000564,CUST0000695,2023-12-14,2023-12-14,471.54,471.54,0.0,On-time
PAY0004449,LOAN0000110,CUST0000466,2025-12-22,2025-12-22,434.4,434.4,0.0,On-time
PAY0004450,LOAN0000271,CUST0000310,2023-12-02,2023-12-01,1002.33,1002.33,0.0,On-time
PAY0004451,LOAN0000172,CUST0000692,2025-09-29,2025-09-29,159.9,159.9,0.0,On-time
PAY0004452,LOAN0000565,CUST0000504,2024-07-25,2024-07-24,554.46,554.46,0.0,On-time
PAY0004453,LOAN0000071,CUST0000250,2023-01-21,2023-01-19,190.79,190.79,0.0,On-time
PAY0004454,LOAN0000069,CUST0000061,2026-01-31,2026-01-31,147.06,147.06,0.0,On-time
PAY0004455,LOAN0000089,CUST0000928,2024-06-18,2024-06-16,258.83,258.83,0.0,On-time
PAY0004456,LOAN0000024,CUST0000510,2026-02-28,2026-02-26,988.87,,0.0,On-time
PAY0004457,LOAN0000501,CUST0000055,2025-03-06,2025-03-05,762.76,762.76,0.0,On-time
PAY0004458,LOAN0000249,CUST0000632,2025-05-11,2025-05-20,1134.85,1134.85,9.0,Late
PAY0004459,LOAN0000033,CUST0000373,2023-04-22,2023-04-21,2390.38,2390.38,0.0,On-time
PAY0004460,LOAN0000439,CUST0000280,2024-09-20,2024-09-19,216.4,216.4,0.0,On-time
PAY0004461,LOAN0000218,CUST0000200,2024-10-03,2024-10-01,864.08,864.08,0.0,On-time
PAY0004462,LOAN0000371,CUST0000522,2026-07-06,,1425.12,0.0,,Missed
PAY0004463,LOAN0000527,CUST0000770,2026-04-23,2026-05-24,449.74,449.74,31.0,Late
PAY0004464,LOAN0000412,CUST0000828,2022-10-04,2022-10-03,1316.93,1316.93,0.0,On-time
PAY0004465,LOAN0000165,CUST0000907,2023-08-29,2023-10-05,48.21,48.21,37.0,Late
PAY0004466,LOAN0000044,CUST0000363,2023-11-03,2023-11-02,1557.81,1557.81,0.0,On-time
PAY0004467,LOAN0000063,CUST0000024,2025-06-18,2025-06-16,101.19,101.19,0.0,On-time
PAY0004468,LOAN0000129,CUST0000236,2023-12-09,2023-12-08,453.79,453.79,0.0,On-time
PAY0004469,LOAN0000062,CUST0000397,2025-09-30,2025-09-29,309.46,309.46,0.0,On-time
PAY0004470,LOAN0000536,CUST0000581,2024-10-16,2024-10-14,246.77,246.77,0.0,On-time
PAY0004471,LOAN0000360,CUST0000875,2025-11-30,2025-11-30,17.76,17.76,0.0,On-time
PAY0004472,LOAN0000443,CUST0000791,2025-03-02,2025-04-06,1882.62,1882.62,35.0,Late
PAY0004473,LOAN0000338,CUST0000083,2024-10-30,2024-10-29,1081.84,1081.84,0.0,On-time
PAY0004474,LOAN0000369,CUST0000699,2025-03-20,2025-03-20,863.87,863.87,0.0,On-time
PAY0004475,LOAN0000130,CUST0000431,2026-07-02,2026-07-25,570.84,570.84,23.0,Late
PAY0004476,LOAN0000477,CUST0000436,2025-10-22,,14.8,0.0,,Missed
PAY0004477,LOAN0000140,CUST0000221,2023-10-25,2023-10-23,83.09,83.09,0.0,On-time
PAY0004478,LOAN0000416,CUST0000611,2024-11-07,2024-12-06,21.6,21.6,29.0,Late
PAY0004479,LOAN0000189,CUST0000937,2026-01-04,2026-01-02,1267.39,1267.39,0.0,On-time
PAY0004480,LOAN0000453,CUST0000869,2024-04-13,2024-05-01,1543.9,1543.9,18.0,Late
PAY0004481,LOAN0000238,CUST0000420,2025-03-02,2025-03-02,346.74,346.74,0.0,On-time
PAY0004482,LOAN0000353,CUST0000832,2022-12-30,2022-12-30,1665.78,1665.78,0.0,On-time
PAY0004483,LOAN0000073,CUST0000266,2024-11-05,2024-12-07,101.83,101.83,32.0,Late
PAY0004484,LOAN0000056,CUST0000793,2025-10-21,2025-10-21,145.21,145.21,0.0,On-time
PAY0004485,LOAN0000190,CUST0000337,2025-01-26,2025-01-26,293.17,293.17,0.0,On-time
PAY0004486,LOAN0000211,CUST0000060,2023-11-26,2023-11-24,609.68,609.68,0.0,On-time
PAY0004487,LOAN0000539,CUST0000693,2024-06-02,2024-06-02,180.07,180.07,0.0,On-time
PAY0004488,LOAN0000156,CUST0000047,2025-11-13,2025-11-11,19.97,19.97,0.0,On-time
PAY0004489,LOAN0000583,CUST0000516,2024-12-27,2024-12-26,843.06,843.06,0.0,On-time
PAY0004490,LOAN9289518,CUST0000010,2024-12-05,2024-12-05,237.04,,0.0,On-time
PAY0004491,LOAN0000170,CUST0000156,2025-05-16,2025-05-15,1293.11,1293.11,0.0,On-time
PAY0004492,LOAN0000027,CUST0000457,2023-03-22,2023-03-22,240.0,240.0,0.0,On-time
PAY0004493,LOAN0000512,CUST0000817,2025-07-15,2025-08-15,915.62,915.62,31.0,Late
PAY0004494,LOAN0000414,CUST0000003,2026-06-12,2026-06-12,22.1,22.1,0.0,On-time
PAY0004495,LOAN0000096,CUST0000078,2023-01-27,,811.36,0.0,,Missed
PAY0004496,LOAN0000323,CUST0000103,2025-03-01,2025-03-10,50.87,50.87,9.0,Late
PAY0004497,LOAN0000508,CUST0000151,2023-03-25,2023-04-09,359.97,359.97,15.0,Late
PAY0004498,LOAN0000179,CUST0000796,2026-01-24,2026-01-24,76.24,76.24,0.0,On-time
PAY0004499,LOAN0000555,CUST0000407,2025-03-30,2025-03-30,109.67,109.67,0.0,On-time
PAY0004500,LOAN0000253,CUST0000066,2025-05-24,2025-05-23,384.38,384.38,0.0,On-time
PAY0004501,LOAN0000548,CUST0000347,2023-12-29,,480.43,0.0,,Missed
PAY0004502,LOAN0000084,CUST0000835,2026-02-01,2026-01-31,1480.27,1480.27,0.0,On-time
PAY0004503,LOAN0000580,CUST0000130,2024-11-13,2024-12-18,5371.95,5371.95,35.0,Late
PAY0004504,LOAN0000143,CUST0000791,2024-12-21,2024-12-19,159.55,159.55,0.0,On-time
PAY0004505,LOAN0000389,CUST0000725,2026-02-06,,389.39,0.0,,Missed
PAY0004506,LOAN0000541,CUST0000470,2024-01-30,2024-01-29,1284.91,1284.91,0.0,On-time
PAY0004507,LOAN0000418,CUST0000918,2023-09-11,,86.17,0.0,,MISSED
PAY0004508,LOAN0000439,CUST0000280,2024-01-21,2024-01-21,216.4,216.4,0.0,ON-TIME
PAY0004509,LOAN9840736,CUST0000170,2025-11-06,2025-11-04,80.99,80.99,0.0,On-time
PAY0004510,LOAN0000198,CUST0000959,2025-11-08,2025-11-07,415.03,415.03,0.0,On-time
PAY0004511,LOAN0000368,CUST0000389,2026-01-18,2026-01-18,207.2,207.2,0.0,On-time
PAY0004512,LOAN0000145,CUST0000538,2024-08-21,2024-08-20,1202.85,1202.85,0.0,On-time
PAY0004513,LOAN0000555,CUST0000407,2026-04-30,2026-04-29,109.67,109.67,0.0,On-time
PAY0004514,LOAN0000167,CUST0000260,2025-11-07,2025-11-27,974.84,974.84,20.0,Late
PAY0004515,LOAN0000059,CUST0000961,2024-05-24,2024-05-24,1372.66,1372.66,0.0,On-time
PAY0004516,LOAN0000150,CUST0000901,2024-01-16,2024-01-16,421.66,421.66,0.0,On-time
PAY0004517,LOAN0000143,CUST0000791,2024-07-22,2024-08-02,159.55,159.55,11.0,Late
PAY0004518,LOAN0000457,CUST0000181,2024-10-26,2024-12-09,772.95,772.95,44.0,Late
PAY0004519,LOAN0000061,CUST0000973,2026-06-23,2026-06-23,352.23,352.23,0.0,On-time
PAY0004520,LOAN0000118,CUST0000545,2025-02-05,2025-02-03,208.58,208.58,0.0,On-time
PAY0004521,LOAN0000055,CUST0000726,2023-08-28,2023-08-26,399.72,399.72,0.0,On-time
PAY0004522,LOAN0000292,CUST0000778,2023-12-18,2023-12-18,3468.2,3468.2,0.0,On-time
PAY0004523,LOAN0000547,CUST0000422,2026-02-17,2026-02-17,244.53,244.53,0.0,On-time
PAY0004524,LOAN0000354,CUST0000677,2026-08-11,,103.03,0.0,,Missed
PAY0004525,LOAN0000518,CUST0000585,2026-08-19,2026-09-27,1847.26,1847.26,39.0,Late
PAY0004526,LOAN0000192,CUST0000222,2024-01-12,2024-01-10,834.2,834.2,0.0,On-time
PAY0004527,LOAN0000595,CUST0000910,2025-09-28,2025-11-02,161.28,161.28,35.0,Late
PAY0004528,LOAN0000584,CUST0000129,2024-11-05,2024-11-04,135.36,135.36,0.0,On-time
PAY0004529,LOAN0000020,CUST0000574,2024-10-25,,437.5,0.0,,Missed
PAY0004530,LOAN0000445,CUST0000768,2026-07-22,,375.99,,,Missed
PAY0004531,LOAN0000136,CUST0000678,2022-07-14,2022-07-12,62.52,62.52,0.0,On-time
PAY0004532,LOAN0000442,CUST0000745,2025-05-05,2025-05-24,250.74,250.74,19.0,Late
PAY0004533,LOAN0000232,CUST0000762,2026-08-23,2026-09-17,30.32,30.32,25.0,Late
PAY0004534,LOAN0000008,CUST0000974,2025-09-08,2025-09-06,77.65,77.65,0.0,On-time
PAY0004535,LOAN0000384,CUST0000497,2026-05-30,2026-07-11,97.43,97.43,42.0,Late
PAY0004536,LOAN0000074,CUST0000096,2025-09-07,2025-09-06,325.95,325.95,0.0,On-time
PAY0004537,LOAN0000384,CUST0000497,2026-06-30,2026-06-28,97.43,97.43,0.0,On-time
PAY0004538,LOAN0000241,CUST0000791,2026-04-24,2026-04-23,386.8,180.79,0.0,Partial
PAY0004539,LOAN0000163,CUST0000003,2023-08-16,2023-08-15,488.31,488.31,0.0,ON-TIME
PAY0004540,LOAN0000578,CUST0000916,2022-06-01,2022-06-25,335.27,335.27,24.0,Late
PAY0004541,LOAN0000226,CUST0000893,2023-06-02,2023-05-31,101.32,101.32,0.0,On-time
PAY0004542,LOAN0000554,CUST0000181,2024-12-15,2024-12-14,33.52,33.52,0.0,On-time
PAY0004543,LOAN0000034,CUST0000621,2024-05-12,2024-05-11,145.27,145.27,0.0,On-time
PAY0004544,LOAN0000176,CUST0000098,2024-10-27,2024-12-03,654.28,654.28,37.0,Late
PAY0004545,LOAN0000173,CUST0000500,2025-01-26,2025-03-05,41.76,41.76,38.0,Late
PAY0004546,LOAN0000443,CUST0000791,2024-04-01,2024-03-30,1882.62,1882.62,0.0,On-time
PAY0004547,LOAN0000385,CUST0000435,2023-02-27,,394.76,0.0,,Missed
PAY0004548,LOAN0000301,CUST0000438,2025-10-04,2025-10-02,160.1,160.1,0.0,On-time
PAY0004549,LOAN0000191,CUST0000044,2025-08-31,2025-08-30,1957.75,1957.75,0.0,On-time
PAY0004550,LOAN0000205,CUST0000080,2026-04-27,2026-04-27,709.8,709.8,0.0,On-time
PAY0004551,LOAN0000569,CUST0000182,2025-11-26,,206.03,0.0,,Missed
PAY0004552,LOAN0000182,CUST0000834,2026-01-15,2026-02-20,39.57,39.57,36.0,Late
PAY0004553,LOAN0000191,CUST0000044,2025-08-01,2025-07-31,1957.75,1957.75,0.0,On-time
PAY0004554,LOAN0000497,CUST0000929,2025-01-09,2025-01-08,891.0,891.0,0.0,On-time
PAY0004555,LOAN0000345,CUST0000724,2025-10-26,2025-10-25,906.51,906.51,0.0,On-time
PAY0004556,LOAN0000449,CUST0000617,2022-09-17,2022-09-17,464.05,464.05,0.0,On-time
PAY0004557,LOAN0000277,CUST0000636,2026-03-05,,286.48,0.0,,Missed
PAY0004558,LOAN9049095,CUST0000039,2026-04-28,2026-04-28,1066.58,1066.58,0.0,On-time
PAY0004559,LOAN0000104,CUST0000488,2024-03-26,2024-03-25,199.65,199.65,0.0,On-time
PAY0004560,LOAN0000541,CUST0000470,2026-04-30,2026-04-28,1284.91,1284.91,0.0,On-time
PAY0004561,LOAN0000237,CUST0000988,2023-12-24,2023-12-23,1335.42,1335.42,0.0,On-time
PAY0004562,LOAN0000069,CUST0000061,2026-04-02,2026-04-02,147.06,147.06,0.0,On-time
PAY0004563,LOAN0000051,CUST0000838,2025-01-22,2025-01-21,1474.03,1474.03,0.0,On-time
PAY0004564,LOAN0000023,CUST0000556,2025-06-23,2025-06-22,888.73,888.73,0.0,On-time
PAY0004565,LOAN0000286,CUST0000607,2023-10-22,,448.57,0.0,,Missed
PAY0004566,LOAN0000434,CUST0000010,2024-08-05,2024-08-05,237.04,237.04,0.0,On-time
PAY0004567,LOAN0000380,CUST0000036,2025-10-27,2025-10-25,719.07,719.07,0.0,On-time
PAY0004568,LOAN0000411,CUST0000531,2024-04-10,2024-04-08,1187.31,1187.31,0.0,On-time
PAY0004569,LOAN0000023,CUST0000556,2025-11-22,2025-11-20,888.73,888.73,0.0,On-time
PAY0004570,LOAN0000275,CUST0000306,2024-01-15,2024-01-15,384.84,384.84,0.0,On-time
PAY0004571,LOAN0000583,CUST0000516,2022-09-27,2022-10-24,843.06,843.06,27.0,Late
PAY0004572,LOAN0000051,CUST0000838,2024-01-22,2024-01-22,1474.03,1474.03,0.0,On-time
PAY0004573,LOAN0000406,CUST0000519,2024-11-07,2024-11-07,179.61,179.61,0.0,On-time
PAY0004574,LOAN0000296,CUST0000997,2025-05-08,,305.84,0.0,,Missed
PAY0004575,LOAN0000057,CUST0000816,2023-09-25,2023-10-11,441.62,441.62,16.0,Late
PAY0004576,LOAN0000235,CUST0000767,2026-05-05,2026-05-20,1358.58,1358.58,15.0,Late
PAY0004577,LOAN0000141,CUST0000292,2025-11-16,,2633.83,0.0,,Missed
PAY0004578,LOAN0000596,CUST0000639,2026-02-27,2026-02-25,1250.25,1250.25,0.0,On-time
PAY0004579,LOAN0000057,CUST0000816,2024-11-24,2024-11-24,441.62,441.62,0.0,On-time
PAY0004580,LOAN0000532,CUST0000330,2025-12-31,2025-12-29,677.86,677.86,0.0,On-time
PAY0004581,LOAN0000491,CUST0000360,2024-02-11,2024-02-11,1483.2,1483.2,0.0,On-time
PAY0004582,LOAN0000102,CUST0000551,2023-09-20,2023-09-19,635.91,635.91,0.0,On-time
PAY0004583,LOAN0000417,CUST0000487,2024-12-15,2024-12-13,14.34,14.34,0.0,On-time
PAY0004584,LOAN0000227,CUST0000949,2025-04-18,2025-04-17,213.21,112.12,0.0,Partial
PAY0004585,LOAN0000103,CUST0000671,2024-11-28,2025-01-03,280.45,,36.0,Late
PAY0004586,LOAN0000591,CUST0000472,2025-11-21,2025-11-21,173.16,173.16,0.0,On-time
PAY0004587,LOAN0000551,CUST0000153,2026-06-23,2026-06-22,1259.61,1259.61,0.0,On-time
PAY0004588,LOAN0000033,CUST0000373,2025-12-21,2025-12-21,2390.38,2390.38,0.0,On-time
PAY0004589,LOAN0000494,CUST0000188,2023-12-25,2023-12-23,1276.54,1276.54,0.0,On-time
PAY0004590,LOAN0000056,CUST0000793,2025-01-20,2025-01-20,145.21,145.21,0.0,On-time
PAY0004591,LOAN0000566,CUST0000236,2024-05-31,2024-05-30,205.31,205.31,0.0,On-time
PAY0004592,LOAN0000555,CUST0000407,2023-10-30,2023-10-29,109.67,109.67,0.0,On-time
PAY0004593,LOAN0000418,CUST0000918,2023-11-11,2023-11-11,86.17,86.17,0.0,On-time
PAY0004594,LOAN0000545,CUST0000318,2025-10-25,2025-10-23,34.17,34.17,0.0,On-time
PAY0004595,LOAN0000240,CUST0000608,2024-08-19,2024-08-19,533.89,533.89,0.0,On-time
PAY0004596,LOAN0000493,CUST0000307,2023-05-21,2023-05-19,516.28,209.98,0.0,Partial
PAY0004597,LOAN0000450,CUST0000307,2025-07-02,2025-07-02,205.25,205.25,0.0,On-time
PAY0004598,LOAN0000453,CUST0000869,2022-08-14,2022-08-14,1543.9,1543.9,0.0,On-time
PAY0004599,LOAN0000208,CUST0000886,2024-09-08,2024-09-07,682.55,682.55,0.0,On-time
PAY0004600,LOAN0000148,CUST0000105,2022-09-08,2022-09-06,2311.29,2311.29,0.0,On-time
PAY0004601,LOAN0000564,CUST0000695,2025-07-15,2025-07-13,471.54,471.54,0.0,On-time
PAY0004602,LOAN0000125,CUST0000580,2025-10-08,,179.61,179.61,0.0,On-time
PAY0004603,LOAN0000354,CUST0000677,2026-06-11,2026-06-09,103.03,103.03,0.0,On-time
PAY0004604,LOAN0000044,CUST0000363,2024-11-02,2024-11-01,1557.81,1557.81,0.0,On-time
PAY0004605,LOAN0000231,CUST0000896,2026-06-09,2026-06-09,508.99,341.36,0.0,Partial
PAY0004606,LOAN0000002,CUST0000552,2023-10-01,2023-10-01,38.11,38.11,0.0,On-time
PAY0004607,LOAN0000065,CUST0000934,2026-04-16,2026-04-16,395.77,395.77,0.0,On-time
PAY0004608,LOAN0000386,CUST0000481,2023-05-14,2023-05-14,155.17,155.17,0.0,On-time
PAY0004609,LOAN0000034,CUST0000621,2025-02-10,2025-02-09,145.27,145.27,0.0,On-time
PAY0004610,LOAN0000478,CUST0000586,2026-06-16,2026-07-05,382.05,382.05,19.0,Late
PAY0004611,LOAN0000543,CUST0000901,2025-08-25,,2766.45,0.0,,Missed
PAY0004612,LOAN0000307,CUST0000607,2026-02-16,2026-02-14,683.32,683.32,0.0,On-time
PAY0004613,LOAN0000551,CUST0000153,2026-08-22,2026-09-02,1259.61,1259.61,11.0,Late
PAY0004614,LOAN0000417,CUST0000487,2024-10-15,2024-10-14,14.34,14.34,0.0,On-time
PAY0004615,LOAN0000099,CUST0000232,2025-07-14,2025-07-23,124.7,-124.7,9.0,Late
PAY0004616,LOAN0000255,CUST0000491,2025-02-05,,379.26,0.0,,Missed
PAY0004617,LOAN0000102,CUST0000551,2023-01-20,2023-01-20,635.91,635.91,0.0,On-time
PAY0004618,LOAN0000307,CUST0000607,2026-08-18,2026-08-17,683.32,683.32,0.0,On-time
PAY0004619,LOAN0000136,CUST0000678,2026-03-14,2026-03-12,62.52,62.52,0.0,On-time
PAY0004620,LOAN0000373,CUST0000783,2024-07-26,2024-07-25,1017.53,1017.53,0.0,On-time
PAY0004621,LOAN0000410,CUST0000712,2026-05-17,,696.51,0.0,,Missed
PAY0004622,LOAN0000505,CUST0000062,2024-12-18,2025-01-15,50.36,50.36,28.0,Late
PAY0004623,LOAN0000237,CUST0000988,2025-02-22,,1335.42,0.0,,Missed
PAY0004624,LOAN0000061,CUST0000973,2026-03-24,2026-03-24,352.23,352.23,0.0,On-time
PAY0004625,LOAN0000287,CUST0000874,2026-05-12,,1347.35,0.0,,Missed
PAY0004626,LOAN0000257,CUST0000699,2025-07-26,2025-09-07,1022.97,1022.97,43.0,Late
PAY0004627,LOAN0000248,CUST0000569,2025-05-07,2025-05-06,273.13,273.13,0.0,On-time
PAY0004628,LOAN0000575,CUST0000725,2024-06-09,2024-06-08,264.71,,0.0,On-time
PAY0004629,LOAN0000338,CUST0000083,2024-05-31,2024-05-30,1081.84,1081.84,0.0,On-time
PAY0004630,LOAN0000470,CUST0000725,2025-02-01,2025-01-31,241.98,241.98,0.0,On-time
PAY0004631,LOAN0000274,CUST0000327,2026-06-04,2026-06-02,125.44,125.44,0.0,On-time
PAY0004632,LOAN0000583,CUST0000516,2025-08-27,2025-08-25,843.06,843.06,0.0,On-time
PAY0004633,LOAN0000388,CUST0000135,2025-05-12,2025-05-10,1240.37,1240.37,0.0,On-time
PAY0004634,LOAN0000089,CUST0000928,2025-12-18,2025-12-18,258.83,258.83,0.0,On-time
PAY0004635,LOAN0000144,CUST0000143,2022-08-17,2022-08-15,184.57,184.57,0.0,On-time
PAY0004636,LOAN0000091,CUST0000953,2024-06-16,2024-06-16,417.35,417.35,0.0,On-time
PAY0004637,LOAN0000167,CUST0000260,2025-09-07,2025-09-24,974.84,,17.0,Late
PAY0004638,LOAN0000558,CUST0000843,2025-11-22,2025-12-21,115.54,115.54,29.0,Late
PAY0004639,LOAN0000528,CUST0000832,2025-06-03,2025-06-03,436.3,436.3,0.0,On-time
PAY0004640,LOAN0000361,CUST0000306,2024-11-06,2024-11-06,413.38,306.46,0.0,Partial
PAY0004641,LOAN0000587,CUST0000313,2025-09-23,2025-09-23,268.66,268.66,0.0,On-time
PAY0004642,LOAN0000490,CUST0000017,2023-07-28,2023-07-28,265.48,265.48,0.0,On-time
PAY0004643,LOAN0000195,CUST0000180,2023-12-12,2023-12-12,504.44,504.44,0.0,On-time
PAY0004644,LOAN0000073,CUST0000266,2024-03-07,2024-03-06,101.83,101.83,0.0,On-time
PAY0004645,LOAN0000005,CUST0000678,2026-03-30,,25.92,-359.5414239190939,,Missed
PAY0004646,LOAN0000349,CUST0000776,2026-07-10,2026-07-10,367.15,367.15,0.0,On-time
PAY0004647,LOAN0000265,CUST0000461,2025-07-04,2025-07-03,1752.19,1752.19,0.0,On-time
PAY0004648,LOAN0000138,CUST0000052,2024-06-04,2024-06-02,332.64,332.64,0.0,On-time
PAY0004649,LOAN0000553,CUST0000515,2025-09-26,2025-09-25,108.09,108.09,0.0,On-time
PAY0004650,LOAN0000289,CUST0000790,2026-07-11,,777.75,0.0,,Missed
PAY0004651,LOAN0000436,CUST0000075,2026-04-15,2026-04-13,179.3,179.3,0.0,On-time
PAY0004652,LOAN0000003,CUST0000556,2026-05-15,2026-05-13,1906.25,1906.25,0.0,On-time
PAY0004653,LOAN0000508,CUST0000151,2023-07-24,,359.97,0.0,,Missed
PAY0004654,LOAN0000009,CUST0000316,2023-08-06,2023-08-04,201.72,201.72,0.0,On-time
PAY0004655,LOAN0000013,CUST0000091,2026-01-02,2026-01-02,1833.33,1833.33,0.0,ON-TIME
PAY0004656,LOAN0000291,CUST0000987,2024-06-29,2024-06-27,424.49,424.49,0.0,On-time
PAY0004657,LOAN0000055,CUST0000726,2025-10-27,2025-10-26,399.72,399.72,0.0,On-time
PAY0004658,LOAN0000256,CUST0000931,2024-12-26,2024-12-26,94.47,94.47,0.0,On-time
PAY0004659,LOAN0000379,CUST0000174,2026-03-31,2026-03-31,349.88,349.88,0.0,On-time
PAY0004660,LOAN0000170,CUST0000156,2024-08-15,2024-08-13,1293.11,1293.11,0.0,On-time
PAY0004661,LOAN0000566,CUST0000236,2023-08-01,2023-08-01,205.31,,0.0,On-time
PAY0004662,LOAN0000463,CUST0000684,2023-01-30,2023-02-13,397.2,397.2,14.0,Late
PAY0004663,LOAN0000119,CUST0000188,2026-08-15,2026-09-02,820.41,820.41,18.0,Late
PAY0004664,LOAN0000210,CUST0000782,2025-01-16,2025-01-16,324.08,324.08,0.0,On-time
PAY0004665,LOAN0000380,CUST0000036,2024-10-27,2024-10-27,719.07,719.07,0.0,On-time
PAY0004666,LOAN0000115,CUST0000780,2023-11-12,2023-11-30,146.22,146.22,18.0,Late
PAY0004667,LOAN0000576,CUST0000001,2024-04-03,2024-04-02,341.13,341.13,0.0,On-time
PAY0004668,LOAN0000493,CUST0000307,2024-12-20,2024-12-19,516.28,516.28,0.0,On-time
PAY0004669,LOAN0000292,CUST0000778,2023-01-18,,3468.2,3468.2,0.0,On-time
PAY0004670,LOAN0000257,CUST0000699,2023-12-25,2023-12-23,1022.97,1022.97,0.0,On-time
PAY0004671,LOAN0000407,CUST0000624,2025-08-22,2025-08-22,250.13,250.13,0.0,On-time
PAY0004672,LOAN0000009,CUST0000316,2024-10-05,2024-10-05,201.72,201.72,0.0,On-time
PAY0004673,LOAN0000557,CUST0000030,2024-10-30,2024-10-30,2011.13,2011.13,0.0,On-time
PAY0004674,LOAN0000345,CUST0000724,2023-03-27,2023-03-26,906.51,906.51,0.0,On-time
PAY0004675,LOAN0000546,CUST0000704,2026-02-14,2026-02-13,3568.57,3568.57,0.0,On-time
PAY0004676,LOAN0000476,CUST0000898,2025-09-17,,642.92,0.0,,Missed
PAY0004677,LOAN0000485,CUST0000678,2026-03-02,,174.48,0.0,,Missed
PAY0004678,LOAN0000197,CUST0000932,2026-08-20,2026-08-18,110.21,110.21,0.0,On-time
PAY0004679,LOAN0000160,CUST0000148,2026-03-17,2026-03-15,76.44,76.44,0.0,On-time
PAY0004680,LOAN0000171,CUST0000710,2026-08-03,2026-08-01,119.92,119.92,0.0,On-time
PAY0004681,LOAN0000207,CUST0000383,2026-07-17,2026-07-16,935.64,935.64,0.0,On-time
PAY0004682,LOAN0000194,CUST0000341,2024-12-08,2024-12-06,1014.07,1014.07,0.0,On-time
PAY0004683,LOAN0000293,CUST0000376,2026-06-12,2026-06-11,150.12,150.12,0.0,On-time
PAY0004684,LOAN0000476,CUST0000898,2025-12-17,2025-12-17,642.92,642.92,0.0,On-time
PAY0004685,LOAN0000092,CUST0000314,2023-12-31,2023-12-31,657.71,657.71,0.0,On-time
PAY0004686,LOAN0000481,CUST0000429,2024-08-04,2024-08-04,227.01,227.01,0.0,On-time
PAY0004687,LOAN0000256,CUST0000931,2025-09-26,2025-09-24,94.47,94.47,0.0,On-time
PAY0004688,LOAN0000168,CUST0000850,2025-10-31,2025-10-31,487.76,487.76,0.0,On-time
PAY0004689,LOAN0000009,CUST0000316,2025-03-06,2025-03-06,201.72,201.72,0.0,On-time
PAY0004690,LOAN0000419,CUST0000808,2026-05-05,2026-05-04,441.37,441.37,0.0,On-time
PAY0004691,LOAN0000167,CUST0000260,2026-06-08,,974.84,0.0,,Missed
PAY0004692,LOAN0000520,CUST0000697,2025-01-13,2025-01-11,168.67,168.67,0.0,On-time
PAY0004693,LOAN0000548,CUST0000347,2024-07-29,2024-07-29,480.43,480.43,0.0,On-time
PAY0004694,LOAN0000074,CUST0000096,2024-08-07,,325.95,0.0,,Missed
PAY0004695,LOAN0000497,CUST0000929,2025-05-11,2025-05-11,891.0,891.0,0.0,On-time
PAY0004696,LOAN0000578,CUST0000916,2024-03-01,2024-02-29,335.27,335.27,0.0,On-time
PAY0004697,LOAN0000389,CUST0000725,2025-09-07,2025-09-05,389.39,389.39,0.0,On-time
PAY0004698,LOAN0000064,CUST0000818,2025-01-06,2025-01-05,499.21,499.21,0.0,On-time
PAY0004699,LOAN0000429,CUST0000782,2024-10-25,,1011.92,0.0,,Missed
PAY0004700,LOAN0000165,CUST0000907,2024-02-27,,48.21,0.0,,Missed
PAY0004701,LOAN0000283,CUST0000045,2022-11-13,2022-11-29,57.8,57.8,16.0,Late
PAY0004702,LOAN0000188,CUST0000979,2025-07-11,2025-07-11,349.2,349.2,0.0,On-time
PAY0004703,LOAN0000528,CUST0000832,2023-06-03,2023-06-02,436.3,436.3,0.0,On-time
PAY0004704,LOAN0000485,CUST0000678,2026-05-02,,174.48,0.0,,Missed
PAY0004705,LOAN0000147,CUST0000364,2023-02-26,2023-02-24,150.55,150.55,0.0,On-time
PAY0004706,LOAN0000188,CUST0000979,2024-07-10,2024-07-10,349.2,349.2,0.0,On-time
PAY0004707,LOAN0000167,CUST0000260,2025-12-07,2025-12-07,974.84,974.84,0.0,On-time
PAY0004708,LOAN0000436,CUST0000075,2024-02-13,2024-02-13,179.3,179.3,0.0,On-time
PAY0004709,LOAN0000236,CUST0000945,2024-01-22,,123.89,123.89,0.0,On-time
PAY0004710,LOAN0000123,CUST0000662,2026-08-22,2026-08-21,276.96,276.96,0.0,On-time
PAY0004711,LOAN0000175,CUST0000265,2025-10-31,2025-10-29,344.59,344.59,0.0,On-time
PAY0004712,LOAN0000569,CUST0000182,2026-06-27,2026-06-25,206.03,206.03,0.0,On-time
PAY0004713,LOAN0000309,CUST0000107,2025-12-10,2026-01-17,3173.09,3173.09,38.0,Late
PAY0004714,LOAN0000031,CUST0000787,2024-12-18,2024-12-16,1194.04,1194.04,0.0,On Time
PAY0004715,LOAN0000161,CUST0000522,2023-09-28,2023-09-28,1392.51,1392.51,0.0,On-time
PAY0004716,LOAN0000192,CUST0000222,2024-03-13,2024-03-13,834.2,594.76,0.0,Partial
PAY0004717,LOAN0000512,CUST0000817,2025-03-15,2025-03-14,915.62,915.62,0.0,On-time
PAY0004718,LOAN0000050,CUST0000550,2026-06-13,2026-06-13,269.09,269.09,0.0,On-time
PAY0004719,LOAN0000145,CUST0000538,2022-10-21,2022-10-19,1202.85,1202.85,0.0,On-time
PAY0004720,LOAN0000222,CUST0000435,2026-01-26,2026-03-07,384.39,,40.0,Late
PAY0004721,LOAN0000077,CUST0000473,2026-05-22,2026-05-22,171.08,171.08,0.0,On-time
PAY0004722,LOAN0000575,CUST0000725,2024-08-09,2024-08-21,264.71,264.71,12.0,Late
PAY0004723,LOAN0000035,CUST0000788,2022-08-03,2022-08-02,1926.73,1926.73,0.0,On-time
PAY0004724,LOAN0000451,CUST0000882,2024-02-19,,324.24,0.0,,Missed
PAY0004725,LOAN0000508,CUST0000151,2024-06-23,2024-07-09,359.97,359.97,16.0,Late
PAY0004726,LOAN0000282,CUST0000724,2025-06-23,2025-06-22,67.12,67.12,0.0,On-time
PAY0004727,LOAN0000377,CUST0000186,2022-11-19,2022-11-18,651.39,651.39,0.0,On-time
PAY0004728,LOAN0000195,CUST0000180,2023-09-12,2023-09-10,504.44,504.44,0.0,On-time
PAY0004729,LOAN0000073,CUST0000266,2026-07-07,2026-07-08,101.83,101.83,1.0,Late
PAY0004730,LOAN0000574,CUST0000356,2024-01-02,2024-01-01,2031.77,2031.77,0.0,On-time
PAY0004731,LOAN0000426,CUST0000297,2023-11-15,2023-12-19,370.17,370.17,34.0,Late
PAY0004732,LOAN0000417,CUST0000487,2024-07-16,2024-07-15,14.34,14.34,0.0,On-time
PAY0004733,LOAN0000161,CUST0000522,2022-01-27,2022-01-26,1392.51,1392.51,0.0,ON-TIME
PAY0004734,LOAN0000136,CUST0000678,2024-11-12,2024-11-12,62.52,62.52,0.0,On-time
PAY0004735,LOAN0000306,CUST0000956,2025-06-04,2025-06-02,605.15,605.15,0.0,On-time
PAY0004736,LOAN0000563,CUST0000281,2025-07-24,2025-07-22,1609.44,1609.44,0.0,On-time
PAY0004737,LOAN0000109,CUST0000993,2025-03-11,2025-03-10,413.87,413.87,0.0,On-time
PAY0004738,LOAN0000127,CUST0000994,2026-05-15,2026-05-13,234.33,234.33,0.0,On-time
PAY0004739,LOAN0000237,CUST0000988,2023-11-23,2023-11-23,1335.42,1335.42,0.0,On-time
PAY0004740,LOAN0000555,CUST0000407,2025-01-29,2025-01-29,109.67,109.67,0.0,On-time
PAY0004741,LOAN0000203,CUST0000928,2025-12-11,2025-12-10,478.83,478.83,0.0,On-time
PAY0004742,LOAN0000339,CUST0000384,2024-07-23,,83.06,0.0,,Missed
PAY0004743,LOAN0000042,CUST0000954,2024-09-20,,518.03,0.0,,Missed
PAY0004744,LOAN0000277,CUST0000636,2025-12-04,,286.48,0.0,,Missed
PAY0004745,LOAN0000226,CUST0000893,2024-06-01,,101.32,0.0,,Missed
PAY0004746,LOAN0000469,CUST0000772,2022-10-26,2022-10-26,35.48,35.48,0.0,On-time
PAY0004747,LOAN0000148,CUST0000105,2024-02-07,2024-02-06,2311.29,2311.29,0.0,On-time
PAY0004748,LOAN0000588,CUST0000382,2024-12-28,,148.33,0.0,,Missed
PAY0004749,LOAN0000331,CUST0000879,2024-06-04,2024-07-06,70.21,70.21,32.0,Late
PAY0004750,LOAN0000380,CUST0000036,2025-04-28,2025-04-28,719.07,719.07,0.0,On-time
PAY0004751,LOAN0000122,CUST0000253,2022-05-04,2022-05-02,559.32,559.32,0.0,On-time
PAY0004752,LOAN0000501,CUST0000055,2025-10-05,2025-10-05,762.76,762.76,0.0,On-time
PAY0004753,LOAN0000179,CUST0000796,2026-03-26,2026-03-26,76.24,76.24,0.0,On-time
PAY0004754,LOAN0000188,CUST0000979,2025-04-10,2025-04-09,349.2,349.2,0.0,On-time
PAY0004755,LOAN0000188,CUST0000979,2023-03-11,2023-03-11,349.2,349.2,0.0,On-time
PAY0004756,LOAN0000169,CUST0000889,2024-12-20,2024-12-18,1012.97,346.27,0.0,Partial
PAY0004757,LOAN0000454,CUST0000926,2025-09-01,2025-09-01,1716.2,1716.2,0.0,On-time
PAY0004758,LOAN0000072,CUST0000349,2023-10-08,2023-11-14,809.24,809.24,37.0,Late
PAY0004759,LOAN0000200,CUST0000200,2024-03-23,2024-03-23,263.49,263.49,0.0,On-time
PAY0004760,LOAN0000449,CUST0000617,2024-04-18,2024-04-18,464.05,464.05,0.0,On-time
PAY0004761,LOAN0000477,CUST0000436,2022-05-23,2022-05-23,14.8,14.8,0.0,On-time
PAY0004762,LOAN0000232,CUST0000762,2022-02-21,2022-02-19,30.32,19.07,0.0,Partial
PAY0004763,LOAN0000122,CUST0000253,2024-10-03,2024-10-01,559.32,461.05,0.0,Partial
PAY0004764,LOAN0000234,CUST0000396,2022-05-10,,235.35,0.0,,Missed
PAY0004765,LOAN0000094,CUST0000345,2022-09-30,2022-09-29,610.74,610.74,0.0,On-time
PAY0004766,LOAN0000578,CUST0000916,2022-09-01,2022-08-30,335.27,335.27,0.0,On-time
PAY0004767,LOAN0000122,CUST0000253,2024-01-03,,559.32,0.0,,Missed
PAY0004768,LOAN0000089,CUST0000928,2026-01-17,2026-01-16,258.83,214.63,0.0,Partial
PAY0004769,LOAN0000188,CUST0000979,2024-04-10,2024-04-09,349.2,349.2,0.0,On-time
PAY0004770,LOAN0000071,CUST0000250,2024-11-21,2024-11-21,190.79,190.79,0.0,On-time
PAY0004771,LOAN0000016,CUST0000359,2026-02-12,2026-02-10,424.63,424.63,0.0,On-time
PAY0004772,LOAN0000363,CUST0000783,2024-11-28,2024-11-28,630.91,630.91,0.0,On-time
PAY0004773,LOAN0000165,CUST0000907,2023-07-29,,48.21,0.0,,Missed
PAY0004774,LOAN0000510,CUST0000702,2025-11-21,2025-11-19,892.11,892.11,0.0,On-time
PAY0004775,LOAN0000206,CUST0000997,2025-07-25,,153.63,0.0,,Missed
PAY0004776,LOAN0000461,CUST0000893,2025-08-25,2025-08-23,13.08,13.08,0.0,On-time
PAY0004777,LOAN0000275,CUST0000306,2024-06-15,2024-06-13,384.84,384.84,0.0,On-time
PAY0004778,LOAN0000146,CUST0000606,2025-11-24,2025-11-24,1506.71,1506.71,0.0,On-time
PAY0004779,LOAN0000309,CUST0000107,2025-09-10,2025-09-10,3173.09,3173.09,0.0,On-time
PAY0004780,LOAN0000577,CUST0000268,2021-12-26,2021-12-26,33.72,33.72,0.0,On-time
PAY0004781,LOAN0000505,CUST0000062,2025-03-19,,50.36,0.0,,Missed
PAY0004782,LOAN0000519,CUST0000619,2022-01-23,2022-02-17,150.47,150.47,25.0,Late
PAY0004783,LOAN0000336,CUST0000690,2025-05-26,2025-07-06,52.94,52.94,41.0,Late
PAY0004784,LOAN0000543,CUST0000901,2025-06-25,2025-06-23,2766.45,2766.45,0.0,On-time
PAY0004785,LOAN0000087,CUST0000889,2024-06-05,2024-06-04,286.79,286.79,0.0,On-time
PAY0004786,LOAN0000395,CUST0000169,2026-07-10,2026-07-10,167.52,167.52,0.0,On-time
PAY0004787,LOAN0000328,CUST0000176,2025-07-17,2025-07-15,34.51,34.51,0.0,On-time
PAY0004788,LOAN0000442,CUST0000745,2025-02-02,2025-02-01,250.74,250.74,0.0,On-time
PAY0004789,LOAN0000519,CUST0000619,2023-04-24,2023-04-22,150.47,150.47,0.0,On-time
PAY0004790,LOAN0000005,CUST0000678,2025-11-29,,25.92,0.0,,Missed
PAY0004791,LOAN0000101,CUST0000422,2025-10-15,2025-10-14,479.38,479.38,0.0,On-time
PAY0004792,LOAN0000467,CUST0000635,2025-03-04,2025-03-04,225.47,225.47,0.0,On-time
PAY0004793,LOAN0000287,CUST0000874,2025-11-10,2025-11-10,1347.35,1347.35,0.0,On-time
PAY0004794,LOAN0000034,CUST0000621,2024-11-11,2024-11-09,145.27,145.27,0.0,On-time
PAY0004795,LOAN0000564,CUST0000695,2026-04-15,2026-04-14,471.54,471.54,0.0,On-time
PAY0004796,LOAN0000370,CUST0000869,2023-09-27,2023-09-26,778.37,778.37,0.0,On-time
PAY0004797,LOAN0000334,CUST0000824,2026-07-06,2026-07-06,98.19,98.19,0.0,On-time
PAY0004798,LOAN0000229,CUST0000179,2024-07-04,2024-07-04,41.64,41.64,0.0,On-time
PAY0004799,LOAN0000320,CUST0000394,2026-02-21,2026-02-21,637.39,637.39,0.0,On-time
PAY0004800,LOAN0000216,CUST0000899,2025-10-20,2025-10-18,545.77,545.77,0.0,On-time
PAY0004801,LOAN0000512,CUST0000817,2026-08-15,2026-08-15,915.62,915.62,0.0,On-time
PAY0004802,LOAN0000505,CUST0000062,2026-04-19,,50.36,0.0,,Missed
PAY0004803,LOAN0000229,CUST0000179,2026-03-05,2026-03-05,41.64,41.64,0.0,On-time
PAY0004804,LOAN0000144,CUST0000143,2025-10-17,2025-10-17,184.57,184.57,0.0,On-time
PAY0004805,LOAN0000029,CUST0000434,2026-06-16,2026-06-15,698.52,698.52,0.0,On Time
PAY0004806,LOAN0000165,CUST0000907,2024-03-29,2024-03-29,48.21,48.21,0.0,On-time
PAY0004807,LOAN0000596,CUST0000639,2026-03-30,2026-03-28,1250.25,1250.25,0.0,On-time
PAY0004808,LOAN0000388,CUST0000135,2023-12-12,2023-12-11,1240.37,1240.37,0.0,On-time
PAY0004809,LOAN0000286,CUST0000607,2025-11-21,,448.57,0.0,,Missed
PAY0004810,LOAN0000416,CUST0000611,2025-05-08,2025-05-15,21.6,21.6,7.0,Late
PAY0004811,LOAN0000022,CUST0000637,2024-01-26,2024-01-26,78.37,78.37,0.0,On-time
PAY0004812,LOAN0000200,CUST0000200,2024-10-22,2024-10-21,263.49,139.97,0.0,Partial
PAY0004813,LOAN0000104,CUST0000488,2024-09-24,2024-09-22,199.65,199.65,0.0,On-time
PAY0004814,LOAN0000394,CUST0000050,2022-04-21,2022-04-20,566.23,566.23,0.0,On-time
PAY0004815,LOAN0000539,CUST0000693,2026-07-03,2026-07-01,180.07,180.07,0.0,On-time
PAY0004816,LOAN0000584,CUST0000129,2023-01-05,,135.36,0.0,,Missed
PAY0004817,LOAN0000179,CUST0000796,2024-11-24,2024-12-11,76.24,76.24,17.0,Late
PAY0004818,LOAN0000567,CUST0000627,2023-02-27,2023-02-27,73.42,73.42,0.0,On-time
PAY0004819,LOAN0000226,CUST0000893,2025-12-01,2025-12-21,101.32,101.32,20.0,Late
PAY0004820,LOAN0000271,CUST0000310,2026-06-02,,1002.33,0.0,,Missed
PAY0004821,LOAN0000348,CUST0000228,2023-01-13,2023-01-12,140.46,140.46,0.0,ON-TIME
PAY0004822,LOAN0000536,CUST0000581,2024-09-15,2024-09-14,246.77,246.77,0.0,On-time
PAY0004823,LOAN0000207,CUST0000383,2025-06-16,2025-06-15,935.64,935.64,0.0,On-time
PAY0004824,LOAN0000327,CUST0000225,2023-01-26,2023-01-24,214.19,-214.19,0.0,On-time
PAY0004825,LOAN0000425,CUST0000755,2024-09-29,2024-09-27,351.83,351.83,0.0,On-time
PAY0004826,LOAN0000311,CUST0000689,2025-03-24,2025-03-23,184.19,184.19,0.0,On-time
PAY0004827,LOAN0000134,CUST0000241,2024-10-05,2024-10-04,373.64,373.64,0.0,On-time
PAY0004828,LOAN0000165,CUST0000907,2024-08-28,2024-08-27,48.21,48.21,0.0,On-time
PAY0004829,LOAN0000297,CUST0000925,2026-02-15,2026-02-14,2888.78,2888.78,0.0,On-time
PAY0004830,LOAN0000169,CUST0000889,2025-03-21,,1012.97,0.0,,Missed
PAY0004831,LOAN0000411,CUST0000531,2025-08-10,2025-08-09,1187.31,1187.31,0.0,On-time
PAY0004832,LOAN0000471,CUST0000761,2024-11-04,2024-11-02,123.33,123.33,0.0,On-time
PAY0004833,LOAN0000529,CUST0000838,2023-09-23,,513.54,0.0,,Missed
PAY0004834,LOAN0000297,CUST0000925,2026-01-15,2026-01-14,2888.78,2888.78,0.0,On-time
PAY0004835,LOAN9762251,CUST0000060,2023-09-22,2023-09-20,65.87,65.87,0.0,On-time
PAY0004836,LOAN0000017,CUST0000733,2024-01-19,2024-01-19,646.87,646.87,0.0,On-time
PAY0004837,LOAN0000069,CUST0000061,2025-07-02,,147.06,0.0,,Missed
PAY0004838,LOAN0000144,CUST0000143,2024-05-17,2024-05-17,184.57,184.57,0.0,On-time
PAY0004839,LOAN0000143,CUST0000791,2024-08-22,2024-09-25,159.55,159.55,34.0,Late
PAY0004840,LOAN0000319,CUST0000112,2023-08-04,2023-08-02,132.31,132.31,0.0,On-time
PAY0004841,LOAN0000418,CUST0000918,2026-01-10,2026-01-10,86.17,86.17,0.0,On-time
PAY0004842,LOAN0000064,CUST0000818,2026-02-05,2026-02-05,499.21,499.21,0.0,On-time
PAY0004843,LOAN0000041,CUST0000778,2026-06-12,2026-06-12,450.04,450.04,0.0,On-time
PAY0004844,LOAN0000092,CUST0000314,2024-03-01,2024-03-01,657.71,657.71,0.0,On-time
PAY0004845,LOAN0000476,CUST0000898,2026-08-18,2026-08-16,642.92,642.92,0.0,On-time
PAY0004846,LOAN0000148,CUST0000105,2023-08-09,2023-08-07,2311.29,2311.29,0.0,On-time
PAY0004847,LOAN0000451,CUST0000882,2023-12-20,,324.24,324.24,0.0,On-time
PAY0004848,LOAN0000059,CUST0000961,2024-10-23,,1372.66,0.0,,Missed
PAY0004849,LOAN0000372,CUST0000689,2025-05-21,2025-05-31,1023.33,1023.33,10.0,Late
PAY0004850,LOAN0000168,CUST0000850,2024-05-31,2024-05-29,487.76,487.76,0.0,On-time
PAY0004851,LOAN0000094,CUST0000345,2023-11-30,2023-12-15,610.74,610.74,15.0,Late
PAY0004852,LOAN0000413,CUST0000242,2026-06-20,2026-06-18,536.55,536.55,0.0,on time
PAY0004853,LOAN0000100,CUST0000084,2022-06-24,2022-06-24,1277.87,1277.87,0.0,On-time
PAY0004854,LOAN0000481,CUST0000429,2023-10-04,2023-10-03,227.01,136.37,0.0,Partial
PAY0004855,LOAN0000161,CUST0000522,2023-05-29,2023-05-29,1392.51,1392.51,0.0,On-time
PAY0004856,LOAN0000020,CUST0000574,2024-12-25,,437.5,0.0,,Missed
PAY0004857,LOAN0000202,CUST0000060,2025-03-22,,65.87,0.0,,Missed
PAY0004858,LOAN0000356,CUST0000951,2025-01-16,,208.44,208.44,0.0,On-time
PAY0004859,LOAN0000069,CUST0000061,2025-10-02,2025-09-30,147.06,147.06,0.0,On-time
PAY0004860,LOAN0000153,CUST0000245,2024-10-23,2024-10-21,313.95,313.95,0.0,On-time
PAY0004861,LOAN0000212,CUST0000244,2023-02-15,2023-02-14,648.42,648.42,0.0,On-time
PAY0004862,LOAN0000557,CUST0000030,2024-05-31,2024-05-30,2011.13,2011.13,0.0,OK
PAY0004863,LOAN0000528,CUST0000832,2026-06-03,2026-06-01,436.3,436.3,0.0,On-time
PAY0004864,LOAN0000469,CUST0000772,2021-12-25,2021-12-30,35.48,35.48,5.0,Late
PAY0004865,LOAN0000173,CUST0000500,2024-09-27,,41.76,0.0,,missed
PAY0004866,LOAN0000470,CUST0000725,2023-01-02,2022-12-31,241.98,241.98,0.0,On-time
PAY0004867,LOAN0000453,CUST0000869,2024-07-14,2024-07-13,1543.9,1543.9,0.0,On-time
PAY0004868,LOAN0000329,CUST0000886,2024-08-06,2024-08-04,1126.34,1126.34,0.0,On-time
PAY0004869,LOAN0000545,CUST0000318,2025-08-25,2025-08-23,34.17,34.17,0.0,On-time
PAY0004870,LOAN0000505,CUST0000062,2024-05-19,2024-06-30,50.36,50.36,42.0,Late
PAY0004871,LOAN0000233,CUST0000781,2025-11-22,2025-12-12,2150.27,2150.27,20.0,Late
PAY0004872,LOAN0000536,CUST0000581,2022-08-16,2022-08-15,246.77,246.77,0.0,On-time
PAY0004873,LOAN0000574,CUST0000356,2023-12-02,2023-12-01,2031.77,2031.77,0.0,On-time
PAY0004874,LOAN0000416,CUST0000611,2023-08-08,2023-08-09,21.6,21.6,1.0,Late
PAY0004875,LOAN0000412,CUST0000828,2024-01-04,2024-01-03,1316.93,1316.93,0.0,On-time
PAY0004876,LOAN0000423,CUST0000564,2026-02-21,2026-02-20,43.59,14.81,0.0,Partial
PAY0004877,LOAN0000299,CUST0000136,2024-06-06,2024-06-17,486.64,486.64,11.0,Late
PAY0004878,LOAN0000416,CUST0000611,2026-03-09,,21.6,0.0,,Missed
PAY0004879,LOAN0000559,CUST0000824,2024-04-29,2024-04-28,176.29,176.29,0.0,On-time
PAY0004880,LOAN0000230,CUST0000869,2024-07-24,2024-07-23,271.38,271.38,0.0,On-time
PAY0004881,LOAN0000407,CUST0000624,2024-11-21,2024-11-19,250.13,250.13,0.0,On-time
PAY0004882,LOAN0000176,CUST0000098,2024-03-28,2024-03-26,654.28,-100.0,0.0,On-time
PAY0004883,LOAN0000567,CUST0000627,2023-01-28,,73.42,0.0,,Missed
PAY0004884,LOAN0000360,CUST0000875,2025-08-30,2025-08-29,17.76,17.76,0.0,On-time
PAY0004885,LOAN0000494,CUST0000188,2023-06-26,2023-06-26,1276.54,1276.54,0.0,On-time
PAY0004886,LOAN0000207,CUST0000383,2024-07-17,2024-07-15,935.64,935.64,0.0,On-time
PAY0004887,LOAN0000152,CUST0000805,2024-08-16,2024-08-16,546.78,546.78,0.0,On-time
PAY0004888,LOAN0000311,CUST0000689,2023-12-24,2023-12-22,184.19,184.19,0.0,On-time
PAY0004889,LOAN0000441,CUST0000705,2023-12-12,2023-12-11,2212.0,2212.0,0.0,On-time
PAY0004890,LOAN0000581,CUST0000592,2023-10-18,2023-10-16,927.68,927.68,0.0,On-time
PAY0004891,LOAN0000580,CUST0000130,2024-08-14,2024-08-14,5371.95,5371.95,0.0,On-time
PAY0004892,LOAN0000519,CUST0000619,2022-10-24,2022-10-24,150.47,150.47,0.0,On-time
PAY0004893,LOAN0000408,CUST0000493,2025-05-21,2025-06-16,10242.29,10242.29,26.0,Late
PAY0004894,LOAN0000499,CUST0000110,2026-03-02,2026-03-02,435.21,435.21,0.0,On-time
PAY0004895,LOAN0000539,CUST0000693,2024-12-02,2024-12-02,180.07,180.07,0.0,On-time
PAY0004896,LOAN0000522,CUST0000507,2025-06-03,2025-06-01,1893.28,1893.28,0.0,On-time
PAY0004897,LOAN0000589,CUST0000517,2024-12-31,2024-12-31,611.86,611.86,0.0,On-time
PAY0004898,LOAN0000414,CUST0000003,2025-11-11,2025-11-09,22.1,22.1,0.0,On-time
PAY0004899,LOAN0000283,CUST0000045,2024-12-13,2024-12-12,57.8,57.8,0.0,On-time
PAY0004900,LOAN0000369,CUST0000699,2025-04-19,2025-04-18,863.87,863.87,0.0,On-time
PAY0004901,LOAN0000454,CUST0000926,2025-11-01,2025-11-01,1716.2,1015.71,0.0,Partial
PAY0004902,LOAN0000271,CUST0000310,2024-05-02,2024-05-02,1002.33,1002.33,0.0,On-time
PAY0004903,LOAN0000555,CUST0000407,2023-08-30,2023-08-30,109.67,109.67,0.0,On-time
PAY0004904,LOAN0000315,CUST0000259,2022-09-29,2022-09-29,962.31,962.31,0.0,On-time
PAY0004905,LOAN0000331,CUST0000879,2026-04-05,2026-04-27,70.21,70.21,22.0,Late
PAY0004906,LOAN0000041,CUST0000778,2025-05-13,2025-05-11,450.04,450.04,0.0,On-time
PAY0004907,LOAN0000141,CUST0000292,2025-12-17,2025-12-15,2633.83,2633.83,0.0,On-time
PAY0004908,LOAN0000145,CUST0000538,2023-10-21,2023-10-19,1202.85,1202.85,0.0,On-time
PAY0004909,LOAN0000133,CUST0000758,2024-11-17,2024-11-15,367.28,367.28,0.0,On-time
PAY0004910,LOAN0000536,CUST0000581,2025-07-17,2025-07-16,246.77,246.77,0.0,On-time
PAY0004911,LOAN0000457,CUST0000181,2024-11-25,2024-11-25,772.95,772.95,0.0,On-time
PAY0004912,LOAN0000072,CUST0000349,2023-08-08,2023-08-07,809.24,809.24,0.0,On-time
PAY0004913,LOAN0000394,CUST0000050,2022-08-21,2022-08-21,566.23,566.23,0.0,On-time
PAY0004914,LOAN0000293,CUST0000376,2026-02-10,2026-03-05,150.12,150.12,23.0,Late
PAY0004915,LOAN0000449,CUST0000617,2023-12-18,2023-12-17,464.05,464.05,0.0,On-time
PAY0004916,LOAN0000080,CUST0000004,2026-05-19,2026-05-18,855.13,855.13,0.0,On-time
PAY0004917,LOAN0000567,CUST0000627,2026-02-27,2026-03-02,73.42,73.42,3.0,Late
PAY0004918,LOAN0000226,CUST0000893,2023-03-02,2023-04-10,101.32,101.32,39.0,Late
PAY0004919,LOAN0000440,CUST0000395,2024-10-22,2024-10-22,555.31,555.31,0.0,On-time
PAY0004920,LOAN0000091,CUST0000953,2026-02-15,2026-02-14,417.35,417.35,0.0,On-time
PAY0004921,LOAN0000333,CUST0000449,2024-01-08,,427.8,0.0,,Missed
PAY0004922,LOAN0000272,CUST0000177,2024-01-01,2023-12-30,248.57,248.57,0.0,On-time
PAY0004923,LOAN0000529,CUST0000838,2026-03-25,2026-03-25,513.54,513.54,0.0,On-time
PAY0004924,LOAN0000200,CUST0000200,2024-07-23,2024-07-21,263.49,263.49,0.0,On-time
PAY0004925,LOAN0000211,CUST0000060,2023-12-26,2023-12-25,609.68,609.68,0.0,On-time
PAY0004926,LOAN0000146,CUST0000606,2023-10-25,2023-10-23,1506.71,1506.71,0.0,On-time
PAY0004927,LOAN0000085,CUST0000020,2024-01-08,2024-01-08,1832.83,1832.83,0.0,On-time
PAY0004928,LOAN0000494,CUST0000188,2024-12-25,,1276.54,0.0,,Missed
PAY0004929,LOAN0000099,CUST0000232,2024-09-13,2024-09-12,124.7,67.38,0.0,Partial
PAY0004930,LOAN0000501,CUST0000055,2026-07-06,2026-07-06,762.76,762.76,0.0,On-time
PAY0004931,LOAN0000354,CUST0000677,2025-01-10,2025-01-10,103.03,103.03,0.0,On-time
PAY0004932,LOAN0000243,CUST0000094,2023-08-09,2023-08-07,227.16,121.48,0.0,Partial
PAY0004933,LOAN0000251,CUST0000975,2026-03-28,2026-03-26,793.09,793.09,0.0,On-time
PAY0004934,LOAN0000047,CUST0000212,2023-05-16,2023-05-14,199.31,199.31,0.0,On-time
PAY0004935,LOAN0000114,CUST0000879,2025-03-23,2025-03-21,203.52,203.52,0.0,On-time
PAY0004936,LOAN0000485,CUST0000678,2025-01-30,,174.48,0.0,,Missed
PAY0004937,LOAN0000311,CUST0000689,2024-08-23,2024-08-23,184.19,184.19,0.0,On-time
PAY0004938,LOAN0000588,CUST0000382,2025-12-28,2025-12-26,148.33,148.33,0.0,On-time
PAY0004939,LOAN0000589,CUST0000517,2025-08-01,2025-09-07,611.86,611.86,37.0,Late
PAY0004940,LOAN0000030,CUST0000694,2026-06-07,2026-06-06,925.59,925.59,0.0,On-time
PAY0004941,LOAN0000045,CUST0000566,2025-11-13,2025-11-23,909.16,909.16,10.0,Late
PAY0004942,LOAN0000581,CUST0000592,2023-08-18,2023-08-16,927.68,927.68,0.0,On-time
PAY0004943,LOAN0000100,CUST0000084,2025-04-24,2025-04-22,1277.87,1277.87,0.0,On-time
PAY0004944,LOAN0000071,CUST0000250,2026-02-21,2026-02-21,190.79,190.79,0.0,OK
PAY0004945,LOAN0000513,CUST0000621,2023-12-31,2023-12-30,667.76,667.76,0.0,On-time
PAY0004946,LOAN0000083,CUST0000233,2026-06-23,2026-06-23,1268.93,1268.93,0.0,On-time
PAY0004947,LOAN0000506,CUST0000630,2026-04-13,2026-04-12,206.27,206.27,0.0,On-time
PAY0004948,LOAN0000005,CUST0000678,2025-08-29,2025-09-15,25.92,25.92,17.0,Late
PAY0004949,LOAN0000422,CUST0000388,2023-09-14,2023-09-13,394.51,394.51,0.0,On-time
PAY0004950,LOAN0000508,CUST0000151,2025-09-23,2025-09-21,359.97,359.97,0.0,On-time
PAY0004951,LOAN0000212,CUST0000244,2022-05-18,2022-05-17,648.42,648.42,0.0,On-time
PAY0004952,LOAN0000331,CUST0000879,2025-04-05,2025-04-05,70.21,70.21,0.0,On-time
PAY0004953,LOAN0000386,CUST0000481,2024-12-12,2024-12-10,155.17,155.17,0.0,On-time
PAY0004954,LOAN0000537,CUST0000611,2026-07-06,2026-07-04,29.05,29.05,0.0,On-time
PAY0004955,LOAN0000212,CUST0000244,2023-03-18,2023-03-17,648.42,648.42,0.0,On-time
PAY0004956,LOAN0000152,CUST0000805,2024-04-16,2024-04-14,546.78,,0.0,On-time
PAY0004957,LOAN0000230,CUST0000869,2024-04-23,2024-04-21,271.38,271.38,0.0,On-time
PAY0004958,LOAN0000009,CUST0000316,2024-02-05,2024-02-03,201.72,201.72,0.0,On-time
PAY0004959,LOAN0000227,CUST0000949,2025-06-18,2025-06-17,213.21,213.21,0.0,On-time
PAY0004960,LOAN0000043,CUST0000911,2025-02-06,2025-02-05,304.1,304.1,0.0,On-time
PAY0004961,LOAN0000429,CUST0000782,2024-03-26,2024-03-26,1011.92,1011.92,0.0,On-time
PAY0004962,LOAN0000256,CUST0000931,2024-11-25,2024-11-25,94.47,94.47,0.0,On-time
PAY0004963,LOAN0000371,CUST0000522,2022-01-04,2022-01-03,1425.12,1425.12,0.0,On-time
PAY0004964,LOAN0000131,CUST0000115,2024-08-04,,62.49,0.0,,Missed
PAY0004965,LOAN0000233,CUST0000781,2023-08-23,2023-08-22,2150.27,2150.27,0.0,On-time
PAY0004966,LOAN0000329,CUST0000886,2025-06-07,2025-06-05,1126.34,1126.34,0.0,On-time
PAY0004967,LOAN0000545,CUST0000318,2026-01-24,2026-01-24,34.17,34.17,0.0,On-time
PAY0004968,LOAN0000123,CUST0000662,2025-10-22,2025-10-20,276.96,276.96,0.0,On-time
PAY0004969,LOAN0000377,CUST0000186,2022-09-19,2022-09-17,651.39,651.39,0.0,On-time
PAY0004970,LOAN0000418,CUST0000918,2024-01-11,2024-01-15,86.17,86.17,4.0,Late
PAY0004971,LOAN0000290,CUST0000757,2024-11-13,2024-11-12,649.64,649.64,0.0,On-time
PAY0004972,LOAN0000573,CUST0000880,2026-05-21,2026-05-20,884.49,884.49,0.0,On-time
PAY0004973,LOAN0000473,CUST0000340,2022-04-01,2022-03-31,528.94,528.94,0.0,On-time
PAY0004974,LOAN0000527,CUST0000770,2026-07-23,2026-07-22,449.74,449.74,0.0,On-time
PAY0004975,LOAN0000467,CUST0000635,2026-01-02,2026-01-01,225.47,225.47,0.0,On-time
PAY0004976,LOAN0000463,CUST0000684,2024-10-31,2024-10-31,397.2,397.2,0.0,On-time
PAY0004977,LOAN0000144,CUST0000143,2025-06-17,2025-06-23,184.57,184.57,6.0,Late
PAY0004978,LOAN0000029,CUST0000434,2025-11-15,2025-11-14,698.52,698.52,0.0,On-time
PAY0004979,LOAN0000216,CUST0000899,2025-04-20,2025-05-28,545.77,545.77,38.0,Late
PAY0004980,LOAN0000263,CUST0000966,2024-06-10,2024-06-09,460.72,460.72,0.0,On-time
PAY0004981,LOAN0000255,CUST0000491,2026-04-08,2026-04-08,379.26,379.26,0.0,On-time
PAY0004982,LOAN0000234,CUST0000396,2022-09-09,2022-09-09,235.35,235.35,0.0,On-time
PAY0004983,LOAN0000294,CUST0000925,2022-09-09,2022-09-07,452.0,452.0,0.0,On-time
PAY0004984,LOAN0000124,CUST0000801,2022-08-26,2022-08-25,715.13,715.13,0.0,On-time
PAY0004985,LOAN0000521,CUST0000273,2025-12-02,2025-12-01,1356.42,1356.42,0.0,On-time
PAY0004986,LOAN0000201,CUST0000283,2025-04-30,2025-04-30,640.87,640.87,0.0,On-time
PAY0004987,LOAN0000140,CUST0000221,2026-06-25,2026-06-24,83.09,83.09,0.0,On-time
PAY0004988,LOAN0000450,CUST0000307,2024-06-02,2024-06-02,205.25,161.62,0.0,Partial
PAY0004989,LOAN0000034,CUST0000621,2026-04-12,2026-04-12,145.27,145.27,0.0,On-time
PAY0004990,LOAN0000347,CUST0000702,2026-05-02,2026-05-02,1078.58,1078.58,0.0,On-time
PAY0004991,LOAN0000012,CUST0000725,2024-05-21,2024-05-20,607.42,607.42,0.0,On-time
PAY0004992,LOAN0000274,CUST0000327,2024-02-03,2024-02-01,125.44,125.44,0.0,On-time
PAY0004993,LOAN0000064,CUST0000818,2025-08-07,2025-08-06,499.21,499.21,0.0,On-time
PAY0004994,LOAN0000156,CUST0000047,2022-10-14,2022-10-20,19.97,19.97,6.0,Late
PAY0004995,LOAN0000064,CUST0000818,2024-03-07,2024-03-05,499.21,499.21,0.0,ON-TIME
PAY0004996,LOAN0000307,CUST0000607,2026-07-18,2026-08-03,683.32,683.32,16.0,Late
PAY0004997,LOAN0000563,CUST0000281,2025-11-22,2025-11-22,1609.44,1609.44,0.0,On-time
PAY0004998,LOAN0000345,CUST0000724,2023-11-26,2023-11-25,906.51,906.51,0.0,On-time
PAY0004999,LOAN0000311,CUST0000689,2026-08-24,2026-08-22,184.19,184.19,0.0,On-time
PAY0005000,LOAN0000494,CUST0000188,2025-05-26,2025-05-25,1276.54,1276.54,0.0,On-time
PAY0005001,LOAN0000102,CUST0000551,2024-03-21,2024-03-21,635.91,635.91,0.0,On-time
PAY0005002,LOAN0000366,CUST0000111,2024-02-09,2024-02-09,668.2,668.2,0.0,On-time
PAY0005003,LOAN0000163,CUST0000003,2023-06-16,2023-06-16,488.31,488.31,0.0,On-time
PAY0005004,LOAN0000329,CUST0000886,2024-10-06,2024-10-04,1126.34,1126.34,0.0,On-time
PAY0005005,LOAN0000017,CUST0000733,2023-01-19,2023-01-18,646.87,646.87,0.0,On-time
PAY0005006,LOAN0000250,CUST0000398,2026-07-31,2026-07-30,194.67,194.67,0.0,On-time
PAY0005007,LOAN0000271,CUST0000310,2022-06-02,2022-05-31,1002.33,1002.33,0.0,On-time
PAY0005008,LOAN0000321,CUST0000418,2023-07-30,2023-07-28,172.06,172.06,0.0,On-time
PAY0005009,LOAN0000501,CUST0000055,2025-01-04,2025-01-04,762.76,762.76,0.0,On-time
PAY0005010,LOAN0000584,CUST0000129,2026-03-07,2026-03-06,135.36,135.36,0.0,On-time
PAY0005011,LOAN0000062,CUST0000397,2025-10-30,2025-10-29,309.46,309.46,0.0,On-time
PAY0005012,LOAN0000323,CUST0000103,2024-11-29,2025-01-12,50.87,50.87,44.0,Late
PAY0005013,LOAN0000367,CUST0000236,2026-04-19,2026-04-17,898.01,898.01,0.0,On-time
PAY0005014,LOAN0000490,CUST0000017,2023-12-27,2023-12-26,265.48,80.78,0.0,Partial
PAY0005015,LOAN0000452,CUST0000389,2025-05-09,,517.19,0.0,,Missed
PAY0005016,LOAN0000138,CUST0000052,2024-08-04,2024-08-04,332.64,332.64,0.0,On-time
PAY0005017,LOAN0000096,CUST0000078,2023-12-28,2024-01-12,811.36,811.36,15.0,Late
PAY0005018,LOAN0000055,CUST0000726,2023-09-27,2023-09-27,399.72,399.72,0.0,On-time
PAY0005019,LOAN0000536,CUST0000581,2024-06-16,2024-06-14,246.77,246.77,0.0,On-time
PAY0005020,LOAN0000262,CUST0000208,2026-07-05,2026-07-03,125.64,125.64,0.0,On-time
PAY0005021,LOAN0000450,CUST0000307,2024-04-02,2024-04-01,205.25,205.25,0.0,On-time
PAY0005022,LOAN0000015,CUST0000311,2025-12-06,2025-12-06,188.87,188.87,0.0,On-time
PAY0005023,LOAN0000511,CUST0000465,2026-06-18,2026-06-16,839.55,839.55,0.0,On-time
PAY0005024,LOAN0000336,CUST0000690,2026-01-25,2026-01-23,52.94,52.94,0.0,On-time
PAY0005025,LOAN0000374,CUST0000475,2024-05-22,2024-05-20,495.54,495.54,0.0,On-time
PAY0005026,LOAN0000110,CUST0000466,2026-08-23,2026-08-23,434.4,434.4,0.0,On-time
PAY0005027,LOAN0000591,CUST0000472,2026-06-22,2026-06-21,173.16,173.16,0.0,On-time
PAY0005028,LOAN0000527,CUST0000770,2025-08-22,2025-08-22,449.74,449.74,0.0,On-time
PAY0005029,LOAN0000387,CUST0000070,2024-05-17,2024-05-15,284.03,284.03,0.0,On-time
PAY0005030,LOAN0000484,CUST0000147,2025-11-19,2025-11-17,133.74,133.74,0.0,On-time
PAY0005031,LOAN0000323,CUST0000103,2025-10-30,,50.87,0.0,,Missed
PAY0005032,LOAN0000403,CUST0000115,2023-07-20,2023-07-19,43.28,43.28,0.0,On-time
PAY0005033,LOAN0000305,CUST0000286,2025-11-23,2025-11-22,34.75,34.75,0.0,On-time
PAY0005034,LOAN0000138,CUST0000052,2024-07-04,2024-07-02,332.64,332.64,0.0,On-time
PAY0005035,LOAN0000305,CUST0000286,2024-05-24,2024-05-22,34.75,34.75,0.0,On-time
PAY0005036,LOAN0000574,CUST0000356,2024-09-01,2024-09-01,2031.77,2031.77,0.0,On-time
PAY0005037,LOAN0000141,CUST0000292,2026-04-18,2026-04-16,2633.83,2633.83,0.0,On-time
PAY0005038,LOAN0000389,CUST0000725,2026-06-08,2026-06-08,389.39,389.39,0.0,On-time
PAY0005039,LOAN0000118,CUST0000545,2026-04-07,2026-04-05,208.58,208.58,0.0,On-time
PAY0005040,LOAN0000523,CUST0000015,2024-11-25,2024-11-25,566.64,566.64,0.0,On-time
PAY0005041,LOAN0000343,CUST0000618,2024-08-03,2024-09-03,2825.66,2825.66,31.0,Late
PAY0005042,LOAN0000283,CUST0000045,2025-05-15,2025-05-14,57.8,57.8,0.0,On-time
PAY0005043,LOAN0000038,CUST0000515,2025-11-14,2025-11-12,169.73,169.73,0.0,On-time
PAY0005044,LOAN0000538,CUST0000126,2023-04-09,2023-04-14,360.05,360.05,5.0,Late
PAY0005045,LOAN0000187,CUST0000518,2024-11-06,2024-12-15,201.21,201.21,39.0,Late
PAY0005046,LOAN0000030,CUST0000694,2025-10-06,2025-10-06,925.59,925.59,0.0,On-time
PAY0005047,LOAN0000362,CUST0000964,2023-06-24,2023-06-23,924.47,592.64,0.0,Partial
PAY0005048,LOAN0000170,CUST0000156,2024-07-16,2024-07-14,1293.11,1293.11,0.0,On-time
PAY0005049,LOAN0000463,CUST0000684,2022-07-01,2022-06-29,397.2,397.2,0.0,On-time
PAY0005050,LOAN0000568,CUST0000389,2025-08-11,2025-09-21,206.47,206.47,41.0,Late
PAY0005051,LOAN0000541,CUST0000470,2024-02-29,2024-02-27,1284.91,1284.91,0.0,On-time
PAY0005052,LOAN0000489,CUST0000219,2024-03-26,2024-05-06,3381.18,3381.18,41.0,Late
PAY0005053,LOAN0000132,CUST0000669,2026-02-15,2026-02-14,628.47,628.47,0.0,On-time
PAY0005054,LOAN0000147,CUST0000364,2026-01-26,,150.55,,,Missed
PAY0005055,LOAN0000283,CUST0000045,2022-10-14,2022-10-12,57.8,18.64,0.0,Partial
PAY0005056,LOAN0000412,CUST0000828,2023-09-04,,1316.93,1316.93,0.0,On-time
PAY0005057,LOAN0000043,CUST0000911,2024-10-07,2024-10-06,304.1,304.1,0.0,On-time
PAY0005058,LOAN0000200,CUST0000200,2025-06-23,2025-06-21,263.49,263.49,0.0,On-time
PAY0005059,LOAN0000129,CUST0000236,2024-10-08,,453.79,0.0,,Missed
PAY0005060,LOAN0000388,CUST0000135,2024-03-12,2024-03-12,1240.37,1240.37,0.0,On-time
PAY0005061,LOAN0000111,CUST0000196,2026-08-07,2026-08-05,640.44,640.44,0.0,On-time
PAY0005062,LOAN0000380,CUST0000036,2026-05-28,2026-05-27,719.07,349.53,0.0,Partial
PAY0005063,LOAN0000464,CUST0000434,2026-07-04,2026-07-04,368.61,368.61,0.0,On-time
PAY0005064,LOAN0000108,CUST0000303,2026-07-01,2026-07-01,115.22,115.22,0.0,On-time
PAY0005065,LOAN0000522,CUST0000507,2025-01-02,2025-01-01,1893.28,1893.28,0.0,On-time
PAY0005066,LOAN0000558,CUST0000843,2025-01-22,2025-01-20,115.54,115.54,0.0,On-time
PAY0005067,LOAN0000263,CUST0000966,2025-05-11,2025-05-09,460.72,460.72,0.0,On-time
PAY0005068,LOAN0000505,CUST0000062,2024-01-18,,50.36,0.0,,Missed
PAY0005069,LOAN0000592,CUST0000786,2025-12-03,2025-12-02,979.05,979.05,0.0,On-time
PAY0005070,LOAN0000118,CUST0000545,2025-12-07,2025-12-07,208.58,208.58,0.0,On-time
PAY0005071,LOAN0000207,CUST0000383,2025-11-16,2025-11-14,935.64,935.64,0.0,On-time
PAY0005072,LOAN0000038,CUST0000515,2026-01-14,2026-01-12,169.73,169.73,0.0,OK
PAY0005073,LOAN0000207,CUST0000383,2026-03-17,2026-03-16,935.64,617.1,0.0,Partial
PAY0005074,LOAN0000581,CUST0000592,2023-05-18,,927.68,0.0,,Missed
PAY0005075,LOAN0000470,CUST0000725,2025-03-03,2025-03-03,241.98,241.98,0.0,On-time
PAY0005076,LOAN0000108,CUST0000303,2025-07-01,2025-07-01,115.22,115.22,0.0,On-time
PAY0005077,LOAN0000122,CUST0000253,2024-05-04,2024-05-02,559.32,559.32,0.0,On-time
PAY0005078,LOAN0000461,CUST0000893,2025-12-24,2025-12-23,13.08,13.08,0.0,On-time
PAY0005079,LOAN0000528,CUST0000832,2025-12-03,,436.3,0.0,,Missed
PAY0005080,LOAN0000076,CUST0000869,2024-08-28,2024-08-28,241.76,241.76,0.0,On-time
PAY0005081,LOAN0000337,CUST0000035,2024-07-27,2024-07-27,210.97,210.97,0.0,On-time
PAY0005082,LOAN0000063,CUST0000024,2026-01-17,2026-01-17,101.19,101.19,0.0,On-time
PAY0005083,LOAN0000266,CUST0000220,2025-10-10,2025-10-10,324.19,324.19,0.0,On-time
PAY0005084,LOAN0000181,CUST0000393,2025-10-21,2025-10-19,114.46,114.46,0.0,On-time
PAY0005085,LOAN0000114,CUST0000879,2025-04-22,2025-04-20,203.52,168.9,0.0,Partial
PAY0005086,LOAN0000421,CUST0000034,2025-12-13,2025-12-13,2573.12,2573.12,0.0,On-time
PAY0005087,LOAN0000169,CUST0000889,2022-10-20,2022-10-19,1012.97,1012.97,0.0,On-time
PAY0005088,LOAN0000161,CUST0000522,2023-08-28,2023-08-26,1392.51,1392.51,0.0,On-time
PAY0005089,LOAN0000020,CUST0000574,2025-07-26,2025-07-24,437.5,437.5,0.0,On-time
PAY0005090,LOAN0000523,CUST0000015,2025-02-24,2025-02-24,566.64,566.64,0.0,On-time
PAY0005091,LOAN0000407,CUST0000624,2026-07-23,2026-07-21,250.13,250.13,0.0,On-time
PAY0005092,LOAN0000292,CUST0000778,2022-09-18,2022-09-18,3468.2,3468.2,0.0,On-time
PAY0005093,LOAN0000020,CUST0000574,2025-06-25,2025-06-23,437.5,437.5,0.0,On-time
PAY0005094,LOAN0000451,CUST0000882,2024-11-19,2024-11-17,324.24,324.24,0.0,On-time
PAY0005095,LOAN0000527,CUST0000770,2025-05-23,2025-05-21,449.74,449.74,0.0,On-time
PAY0005096,LOAN0000051,CUST0000838,2022-05-23,,1474.03,0.0,,Missed
PAY0005097,LOAN0000406,CUST0000519,2025-01-07,2025-02-04,179.61,179.61,28.0,LATE
PAY0005098,LOAN0000590,CUST0000731,2025-12-04,2025-12-03,425.85,425.85,0.0,On-time
PAY0005099,LOAN0000240,CUST0000608,2025-10-20,2025-10-20,533.89,533.89,0.0,On-time
PAY0005100,LOAN0000106,CUST0000453,2026-08-12,,775.35,0.0,,Missed
PAY0005101,LOAN0000031,CUST0000787,2024-07-18,2024-07-16,1194.04,1194.04,0.0,On-time
PAY0005102,LOAN0000134,CUST0000241,2025-01-04,2025-01-04,373.64,373.64,0.0,On-time
PAY0005103,LOAN0000483,CUST0000418,2024-02-04,,191.54,0.0,,Missed
PAY0005104,LOAN0000248,CUST0000569,2025-09-06,2025-09-05,273.13,273.13,0.0,On-time
PAY0005105,LOAN0000404,CUST0000215,2025-07-29,2025-07-29,1462.43,1462.43,0.0,On-time
PAY0005106,LOAN0000567,CUST0000627,2023-12-28,2023-12-27,73.42,73.42,0.0,On-time
PAY0005107,LOAN0000295,CUST0000369,2023-07-04,2023-07-02,638.67,638.67,0.0,On-time
PAY0005108,LOAN0000073,CUST0000266,2025-04-06,2025-04-05,101.83,101.83,0.0,On-time
PAY0005109,LOAN0000221,CUST0000720,2026-03-26,2026-03-26,836.91,836.91,0.0,On-time
PAY0005110,LOAN0000193,CUST0000003,2025-12-26,,466.75,466.75,0.0,On-time
PAY0005111,LOAN0000554,CUST0000181,2026-07-16,2026-07-15,33.52,33.52,0.0,On-time
PAY0005112,LOAN0000402,CUST0000072,2026-02-01,2026-02-01,158.38,116.75,0.0,Part Payment
PAY0005113,LOAN0000031,CUST0000787,2023-12-18,2023-12-16,1194.04,1194.04,0.0,On-time
PAY0005114,LOAN0000378,CUST0000321,2024-12-10,2024-12-09,1615.06,1615.06,0.0,On-time
PAY0005115,LOAN0000198,CUST0000959,2025-06-09,2025-06-09,415.03,-415.03,0.0,On-time
PAY0005116,LOAN0000170,CUST0000156,2025-04-16,2025-05-29,1293.11,1293.11,43.0,Late
PAY0005117,LOAN0000254,CUST0000296,2024-12-25,2024-12-25,449.87,449.87,0.0,On-time
PAY0005118,LOAN0000548,CUST0000347,2023-07-30,,480.43,0.0,,Missed
PAY0005119,LOAN0000368,CUST0000389,2025-10-19,2025-10-17,207.2,207.2,0.0,On-time
PAY0005120,LOAN0000271,CUST0000310,2025-11-01,2025-10-30,1002.33,565.51,0.0,Partial
PAY0005121,LOAN0000424,CUST0000831,2026-04-06,2026-04-06,306.66,306.66,0.0,On-time
PAY0005122,LOAN0000536,CUST0000581,2023-03-17,2023-03-17,246.77,246.77,0.0,On-time
PAY0005123,LOAN0000331,CUST0000879,2025-09-04,2025-09-04,70.21,70.21,0.0,On-time
PAY0005124,LOAN0000085,CUST0000020,2024-07-09,2024-07-09,1832.83,1832.83,0.0,On-time
PAY0005125,LOAN0000321,CUST0000418,2023-02-28,2023-02-28,172.06,127.51,0.0,Partial
PAY0005126,LOAN0000285,CUST0000506,2025-02-12,2025-03-15,133.87,133.87,31.0,Late
PAY0005127,LOAN0000442,CUST0000745,2023-05-05,2023-05-22,250.74,250.74,17.0,Late
PAY0005128,LOAN0000308,CUST0000188,2025-10-29,2025-10-29,680.08,680.08,0.0,On Time
PAY0005129,LOAN0000569,CUST0000182,2024-12-27,2024-12-27,206.03,206.03,0.0,On-time
PAY0005130,LOAN0000429,CUST0000782,2024-02-24,2024-04-04,1011.92,1011.92,40.0,Late
PAY0005131,LOAN0000008,CUST0000974,2025-12-08,2025-12-08,77.65,77.65,0.0,On-time
PAY0005132,LOAN0000540,CUST0000782,2023-12-14,2023-12-27,216.21,216.21,13.0,Late
PAY0005133,LOAN0000450,CUST0000307,2025-05-03,2025-05-03,205.25,205.25,0.0,On-time
PAY0005134,LOAN0000583,CUST0000516,2025-07-28,2025-07-26,843.06,843.06,0.0,On-time
PAY0005135,LOAN0000143,CUST0000791,2024-11-21,2024-11-20,159.55,159.55,0.0,On-time
PAY0005136,LOAN0000426,CUST0000297,2023-02-14,2023-02-12,370.17,370.17,0.0,On-time
PAY0005137,LOAN0000481,CUST0000429,2025-09-03,2025-09-02,227.01,227.01,0.0,On-time
PAY0005138,LOAN0000271,CUST0000310,2022-08-02,2022-08-01,1002.33,1002.33,0.0,On-time
PAY0005139,LOAN0000527,CUST0000770,2025-06-22,,449.74,0.0,,Missed
PAY0005140,LOAN0000271,CUST0000310,2023-01-01,2022-12-30,1002.33,681.77,0.0,Partial
PAY0005141,LOAN0000254,CUST0000296,2024-08-25,2024-08-23,449.87,449.87,0.0,On-time
PAY0005142,LOAN0000545,CUST0000318,2025-06-25,2025-06-25,34.17,34.17,0.0,On-time
PAY0005143,LOAN0000125,CUST0000580,2026-02-07,2026-02-06,179.61,179.61,0.0,On-time
PAY0005144,LOAN0000358,CUST0000899,2026-04-07,2026-04-05,368.63,368.63,0.0,On-time
PAY0005145,LOAN0000436,CUST0000075,2024-08-14,,179.3,0.0,,Missed
PAY0005146,LOAN0000593,CUST0000684,2025-11-09,2025-11-08,300.58,300.58,0.0,On-time
PAY0005147,LOAN0000232,CUST0000762,2025-11-22,2025-12-30,30.32,30.32,38.0,Late
PAY0005148,LOAN0000227,CUST0000949,2025-09-17,2025-09-17,213.21,213.21,0.0,On-time
PAY0005149,LOAN0000363,CUST0000783,2022-07-29,2022-07-29,630.91,630.91,0.0,On-time
PAY0005150,LOAN0000103,CUST0000671,2024-03-30,2024-03-30,280.45,280.45,0.0,OK
PAY0005151,LOAN0000348,CUST0000228,2024-03-14,2024-03-13,140.46,140.46,0.0,On-time
PAY0005152,LOAN0000494,CUST0000188,2023-05-26,,1276.54,0.0,,Missed
PAY0005153,LOAN0000292,CUST0000778,2022-11-18,2022-11-18,3468.2,3468.2,0.0,On-time
PAY0005154,LOAN0000465,CUST0000519,2024-12-08,2025-01-18,121.1,121.1,41.0,Late
PAY0005155,LOAN0000497,CUST0000929,2023-03-11,2023-03-09,891.0,891.0,0.0,On-time
PAY0005156,LOAN0000031,CUST0000787,2024-08-18,2024-08-18,1194.04,1194.04,0.0,On-time
PAY0005157,LOAN0000279,CUST0000696,2025-08-24,2025-08-24,28.99,28.99,0.0,On-time
PAY0005158,LOAN0000100,CUST0000084,2025-01-22,2025-01-20,1277.87,1277.87,0.0,On-time
PAY0005159,LOAN0000559,CUST0000824,2023-07-30,,176.29,176.29,0.0,On-time
PAY0005160,LOAN0000290,CUST0000757,2023-05-15,2023-05-15,649.64,649.64,0.0,On-time
PAY0005161,LOAN0000489,CUST0000219,2025-01-25,2025-02-14,3381.18,3381.18,20.0,Late
PAY0005162,LOAN0000534,CUST0000170,2026-02-05,2026-02-03,80.99,80.99,0.0,On-time
PAY0005163,LOAN0000371,CUST0000522,2024-08-05,,1425.12,0.0,,Missed
PAY0005164,LOAN0000547,CUST0000422,2024-12-18,2024-12-18,244.53,244.53,0.0,On-time
PAY0005165,LOAN0000149,CUST0000764,2025-04-10,2025-04-09,556.36,556.36,0.0,On-time
PAY0005166,LOAN0000173,CUST0000500,2024-08-27,2024-08-25,41.76,41.76,0.0,On-time
PAY0005167,LOAN0000105,CUST0000330,2026-01-23,2026-01-21,1277.68,1277.68,0.0,On-time
PAY0005168,LOAN0000183,CUST0000713,2022-10-22,2022-10-22,588.68,588.68,0.0,On-time
PAY0005169,LOAN0000131,CUST0000115,2025-09-04,,62.49,0.0,,Missed
PAY0005170,LOAN0000396,CUST0000533,2025-08-11,2025-08-09,668.92,668.92,0.0,On-time
PAY0005171,LOAN0000583,CUST0000516,2025-04-28,2025-04-27,843.06,843.06,0.0,On-time
PAY0005172,LOAN0000279,CUST0000696,2024-07-24,2024-07-22,28.99,28.99,0.0,On-time
PAY0005173,LOAN0000191,CUST0000044,2025-01-30,2025-02-10,1957.75,1957.75,11.0,Late
PAY0005174,LOAN0000193,CUST0000003,2024-11-26,,466.75,0.0,,Missed
PAY0005175,LOAN0000522,CUST0000507,2025-02-02,2025-01-31,1893.28,1893.28,0.0,On-time
PAY0005176,LOAN0000479,CUST0000957,2026-05-02,2026-04-30,284.06,284.06,0.0,On-time
PAY0005177,LOAN0000331,CUST0000879,2024-03-05,,70.21,0.0,,Missed
PAY0005178,LOAN0000554,CUST0000181,2025-07-16,2025-07-16,33.52,33.52,0.0,On-time
PAY0005179,LOAN0000084,CUST0000835,2024-08-02,2024-07-31,1480.27,1480.27,0.0,On-time
PAY0005180,LOAN0000404,CUST0000215,2026-01-28,,1462.43,0.0,,Missed
PAY0005181,LOAN0000411,CUST0000531,2026-06-11,2026-06-10,1187.31,1187.31,0.0,On-time
PAY0005182,LOAN0000439,CUST0000280,2025-06-21,2025-06-20,216.4,216.4,0.0,On-time
PAY0005183,LOAN0000229,CUST0000179,2024-01-04,2024-01-03,41.64,41.64,0.0,On-time
PAY0005184,LOAN0000252,CUST0000521,2026-08-22,2026-08-22,1682.41,1682.41,0.0,On-time
PAY0005185,LOAN0000238,CUST0000420,2025-07-02,2025-07-02,346.74,346.74,0.0,On-time
PAY0005186,LOAN0000337,CUST0000035,2025-09-26,2025-09-24,210.97,210.97,0.0,On-time
PAY0005187,LOAN0000281,CUST0000194,2024-02-18,2024-02-16,226.29,226.29,0.0,On-time
PAY0005188,LOAN0000323,CUST0000103,2025-01-29,2025-02-06,50.87,50.87,8.0,Late
PAY0005189,LOAN0000161,CUST0000522,2022-02-26,2022-02-24,1392.51,1392.51,0.0,OK
PAY0005190,LOAN0000088,CUST0000710,2024-03-20,2024-03-18,1812.64,1812.64,0.0,On-time
PAY0005191,LOAN0000334,CUST0000824,2025-03-06,2025-03-04,98.19,74.93,0.0,Partial
PAY0005192,LOAN0000058,CUST0000978,2023-04-19,,909.7,909.7,0.0,On-time
PAY0005193,LOAN0000450,CUST0000307,2026-01-01,2026-01-25,205.25,205.25,24.0,Late
PAY0005194,LOAN0000534,CUST0000170,2025-10-06,2025-10-04,80.99,80.99,0.0,On-time
PAY0005195,LOAN0000356,CUST0000951,2025-11-17,2025-11-15,208.44,208.44,0.0,On-time
PAY0005196,LOAN0000170,CUST0000156,2024-09-15,2024-09-14,1293.11,1293.11,0.0,On-time
PAY0005197,LOAN0000046,CUST0000361,2022-11-16,2022-12-16,1162.93,1162.93,30.0,Late
PAY0005198,LOAN0000193,CUST0000003,2025-04-27,2025-04-26,466.75,466.75,0.0,On-time
PAY0005199,LOAN0000434,CUST0000010,2024-06-05,2024-07-01,237.04,237.04,26.0,Late
PAY0005200,LOAN0000027,CUST0000457,2024-09-20,2024-10-19,240.0,240.0,29.0,Late
PAY0005201,LOAN0000539,CUST0000693,2026-06-03,2026-06-02,180.07,,0.0,On-time
PAY0005202,LOAN0000059,CUST0000961,2025-04-24,2025-04-26,1372.66,1372.66,2.0,Late
PAY0005203,LOAN0000573,CUST0000880,2025-07-21,2025-07-21,884.49,884.49,0.0,On-time
PAY0005204,LOAN0000274,CUST0000327,2026-05-05,2026-05-08,125.44,125.44,3.0,Late
PAY0005205,LOAN0000110,CUST0000466,2023-09-22,2023-09-22,434.4,434.4,0.0,On-time
PAY0005206,LOAN0000449,CUST0000617,2023-02-16,2023-02-14,464.05,464.05,0.0,On-time
PAY0005207,LOAN0000384,CUST0000497,2025-05-30,2025-05-30,97.43,97.43,0.0,On-time
PAY0005208,LOAN0000223,CUST0000379,2026-05-06,2026-05-04,176.49,176.49,0.0,On-time
PAY0005209,LOAN0000051,CUST0000838,2024-12-22,2025-01-03,1474.03,1474.03,12.0,Late
PAY0005210,LOAN0000152,CUST0000805,2023-12-16,2023-12-16,546.78,546.78,0.0,On-time
PAY0005211,LOAN0000505,CUST0000062,2026-02-17,2026-02-15,50.36,19.31,0.0,Partial
PAY0005212,LOAN0000047,CUST0000212,2025-06-15,2025-06-15,199.31,199.31,0.0,On-time
PAY0005213,LOAN0000274,CUST0000327,2025-06-04,,125.44,0.0,,Missed
PAY0005214,LOAN0000043,CUST0000911,2026-04-08,2026-04-08,304.1,304.1,0.0,On-time
PAY0005215,LOAN0000380,CUST0000036,2025-06-28,2025-08-07,719.07,719.07,40.0,Late
PAY0005216,LOAN0000587,CUST0000313,2024-12-23,2024-12-21,268.66,268.66,0.0,On-time
PAY0005217,LOAN0000498,CUST0000045,2026-07-01,2026-07-24,122.14,122.14,23.0,Late
PAY0005218,LOAN0000133,CUST0000758,2025-02-17,2025-02-16,367.28,367.28,0.0,On-time
PAY0005219,LOAN0000315,CUST0000259,2022-04-30,2022-04-28,962.31,962.31,0.0,On-time
PAY0005220,LOAN0000139,CUST0000859,2024-02-09,2024-02-09,627.26,627.26,0.0,On-time
PAY0005221,LOAN0000287,CUST0000874,2026-06-11,2026-06-10,1347.35,1347.35,0.0,On-time
PAY0005222,LOAN0000521,CUST0000273,2026-08-02,,1356.42,0.0,,Missed
PAY0005223,LOAN0000366,CUST0000111,2023-09-10,2023-09-10,668.2,668.2,0.0,On-time
PAY0005224,LOAN0000299,CUST0000136,2025-01-05,2025-01-04,486.64,486.64,0.0,On-time
PAY0005225,LOAN0000073,CUST0000266,2023-08-07,2023-08-07,101.83,101.83,0.0,On-time
PAY0005226,LOAN0000310,CUST0000432,2026-07-24,2026-07-23,362.83,362.83,0.0,On-time
PAY0005227,LOAN0000150,CUST0000901,2024-03-17,2024-04-01,421.66,421.66,15.0,Late
PAY0005228,LOAN0000470,CUST0000725,2024-09-02,2024-10-02,241.98,241.98,30.0,Late
PAY0005229,LOAN0000118,CUST0000545,2024-12-06,2024-12-04,208.58,100.43,0.0,Partial
PAY0005230,LOAN0000173,CUST0000500,2026-05-28,2026-05-27,41.76,41.76,0.0,On-time
PAY0005231,LOAN0000117,CUST0000975,2025-03-01,,466.71,0.0,,Missed
PAY0005232,LOAN0000142,CUST0000897,2024-12-20,2024-12-19,459.08,459.08,0.0,On-time
PAY0005233,LOAN0000530,CUST0000028,2026-07-24,2026-07-24,158.2,158.2,0.0,On-time
PAY0005234,LOAN0000432,CUST0000070,2026-01-24,2026-01-24,261.4,261.4,0.0,On-time
PAY0005235,LOAN0000447,CUST0000186,2026-06-17,2026-06-16,350.47,350.47,0.0,On-time
PAY0005236,LOAN0000243,CUST0000094,2026-04-09,2026-04-09,227.16,227.16,0.0,On-time
PAY0005237,LOAN0000494,CUST0000188,2022-12-25,2022-12-25,1276.54,1276.54,0.0,On-time
PAY0005238,LOAN0000279,CUST0000696,2023-09-24,,28.99,0.0,,Missed
PAY0005239,LOAN0000250,CUST0000398,2026-05-31,2026-05-31,194.67,194.67,0.0,On-time
PAY0005240,LOAN0000109,CUST0000993,2025-02-09,2025-02-09,413.87,413.87,0.0,On-time
PAY0005241,LOAN0000114,CUST0000879,2026-07-23,2026-07-22,203.52,203.52,0.0,On-time
PAY0005242,LOAN0000297,CUST0000925,2026-03-17,2026-03-16,2888.78,,0.0,On-time
PAY0005243,LOAN0000408,CUST0000493,2025-10-21,2025-10-19,10242.29,10242.29,0.0,On-time
PAY0005244,LOAN0000558,CUST0000843,2025-08-23,2025-08-21,115.54,115.54,0.0,On-time
PAY0005245,LOAN0000223,CUST0000379,2025-07-06,2025-07-25,176.49,176.49,19.0,Late
PAY0005246,LOAN0000467,CUST0000635,2024-12-03,2024-12-03,225.47,225.47,0.0,On-time
PAY0005247,LOAN0000144,CUST0000143,2024-02-16,2024-02-14,184.57,184.57,0.0,On-time
PAY0005248,LOAN0000144,CUST0000143,2026-01-16,2026-01-15,184.57,184.57,0.0,On-time
PAY0005249,LOAN0000508,CUST0000151,2025-03-24,2025-03-23,359.97,359.97,0.0,On-time
PAY0005250,LOAN0000045,CUST0000566,2026-08-14,2026-08-14,909.16,909.16,0.0,On-time
PAY0005251,LOAN0000236,CUST0000945,2025-02-21,2025-02-21,123.89,123.89,0.0,On-time
PAY0005252,LOAN0000337,CUST0000035,2024-02-26,,210.97,0.0,,Missed
PAY0005253,LOAN0000046,CUST0000361,2025-04-17,2025-04-17,1162.93,1162.93,0.0,On-time
PAY0005254,LOAN0000140,CUST0000221,2025-09-24,2025-09-24,83.09,83.09,0.0,On-time
PAY0005255,LOAN0000548,CUST0000347,2023-08-29,2023-08-28,480.43,480.43,0.0,On-time
PAY0005256,LOAN0000587,CUST0000313,2025-04-24,2025-04-22,268.66,268.66,0.0,On-time
PAY0005257,LOAN0000129,CUST0000236,2024-05-09,2024-05-08,453.79,453.79,0.0,On-time
PAY0005258,LOAN0000081,CUST0000682,2023-05-20,2023-05-18,377.89,377.89,0.0,On-time
PAY0005259,LOAN0000546,CUST0000704,2026-08-16,2026-08-15,3568.57,3568.57,0.0,On-time
PAY0005260,LOAN0000102,CUST0000551,2026-02-19,2026-02-19,635.91,635.91,0.0,On-time
PAY0005261,LOAN0000556,CUST0000773,2022-07-21,2022-07-28,76.7,76.7,7.0,Late
PAY0005262,LOAN0000067,CUST0000465,2026-07-08,2026-07-06,433.6,433.6,0.0,On-time
PAY0005263,LOAN0000126,CUST0000058,2024-05-11,2024-05-10,3092.58,3092.58,0.0,On-time
PAY0005264,LOAN0000271,CUST0000310,2025-07-02,2025-07-02,1002.33,1002.33,0.0,On-time
PAY0005265,LOAN0000153,CUST0000245,2026-01-23,2026-01-23,313.95,313.95,0.0,On-time
PAY0005266,LOAN0000280,CUST0000816,2025-03-12,2025-03-11,1002.69,1002.69,0.0,On-time
PAY0005267,LOAN0000343,CUST0000618,2024-02-03,2024-02-01,2825.66,2825.66,0.0,On-time
PAY0005268,LOAN0000388,CUST0000135,2024-12-11,2024-12-09,1240.37,1240.37,0.0,On-time
PAY0005269,LOAN0000545,CUST0000318,2026-05-26,2026-05-24,34.17,34.17,0.0,On-time
PAY0005270,LOAN0000094,CUST0000345,2026-01-30,2026-01-30,610.74,610.74,0.0,On-time
PAY0005271,LOAN0000119,CUST0000188,2024-05-15,2024-06-07,820.41,820.41,23.0,Late
PAY0005272,LOAN0000091,CUST0000953,2026-08-16,2026-08-14,417.35,417.35,0.0,On-time
PAY0005273,LOAN0000245,CUST0000346,2024-05-23,2024-05-22,1602.5,1602.5,0.0,On-time
PAY0005274,LOAN0000469,CUST0000772,2023-02-25,2023-02-23,35.48,35.48,0.0,On-time
PAY0005275,LOAN0000151,CUST0000118,2024-01-01,2023-12-30,226.17,226.17,0.0,On-time
PAY0005276,LOAN0000520,CUST0000697,2024-03-15,2024-03-14,168.67,-168.67,0.0,On-time
PAY0005277,LOAN0000145,CUST0000538,2022-09-21,2022-09-21,1202.85,1202.85,0.0,On-time
PAY0005278,LOAN0000101,CUST0000422,2026-01-15,2026-01-13,479.38,479.38,0.0,On-time
PAY0005279,LOAN0000191,CUST0000044,2024-12-31,2024-12-30,1957.75,1957.75,0.0,On-time
PAY0005280,LOAN0000541,CUST0000470,2026-03-31,2026-03-30,1284.91,1284.91,0.0,On-time
PAY0005281,LOAN0000013,CUST0000091,2024-12-02,2024-11-30,1833.33,1833.33,0.0,On-time
PAY0005282,LOAN0000299,CUST0000136,2022-12-06,2022-12-06,486.64,486.64,0.0,On-time
PAY0005283,LOAN0000246,CUST0000874,2022-05-10,,966.85,0.0,,Missed
PAY0005284,LOAN0000287,CUST0000874,2026-07-12,2026-07-12,1347.35,1347.35,0.0,On-time
PAY0005285,LOAN0000232,CUST0000762,2023-03-24,2023-04-24,30.32,30.32,31.0,Late
PAY0005286,LOAN0000440,CUST0000395,2022-09-22,2022-09-20,555.31,555.31,0.0,On-time
PAY0005287,LOAN0000248,CUST0000569,2026-02-05,,273.13,0.0,,Missed
PAY0005288,LOAN0000477,CUST0000436,2026-05-23,2026-05-23,14.8,14.8,0.0,On-time
PAY0005289,LOAN0000345,CUST0000724,2024-12-26,2024-12-26,906.51,906.51,0.0,On-time
PAY0005290,LOAN0000556,CUST0000773,2024-04-21,2024-06-01,76.7,76.7,41.0,Late
PAY0005291,LOAN0000446,CUST0000045,2026-07-09,2026-07-09,140.39,140.39,0.0,On-time
PAY0005292,LOAN0000553,CUST0000515,2026-01-26,2026-01-24,108.09,108.09,0.0,On-time
PAY0005293,LOAN0000411,CUST0000531,2024-09-10,2024-09-09,1187.31,1187.31,0.0,On-time
PAY0005294,LOAN0000251,CUST0000975,2025-07-27,2025-07-26,793.09,793.09,0.0,On-time
PAY0005295,LOAN0000252,CUST0000521,2025-08-22,2025-08-20,1682.41,1682.41,0.0,On-time
PAY0005296,LOAN0000198,CUST0000959,2025-05-09,2025-05-26,415.03,415.03,17.0,Late
PAY0005297,LOAN0000329,CUST0000886,2025-01-05,2025-01-03,1126.34,1126.34,0.0,On-time
PAY0005298,LOAN0000471,CUST0000761,2025-12-05,2025-12-04,123.33,,0.0,On-time
PAY0005299,LOAN0000305,CUST0000286,2026-08-24,2026-08-24,34.75,34.75,0.0,On-time
PAY0005300,LOAN0000404,CUST0000215,2025-06-29,,1462.43,0.0,,Missed
PAY0005301,LOAN0000273,CUST0000955,2023-06-28,2023-06-26,1128.57,1128.57,0.0,On-time
PAY0005302,LOAN0000256,CUST0000931,2023-05-27,2023-05-25,94.47,94.47,0.0,On-time
PAY0005303,LOAN0000327,CUST0000225,2024-02-25,2024-02-25,214.19,214.19,0.0,On-time
PAY0005304,LOAN0000080,CUST0000004,2023-11-18,,855.13,0.0,,Missed
PAY0005305,LOAN0000090,CUST0000721,2025-02-19,,213.64,0.0,,Missed
PAY0005306,LOAN0000355,CUST0000771,2026-07-29,2026-08-06,2611.51,,8.0,Late
PAY0005307,LOAN0000026,CUST0000233,2025-09-16,2025-09-15,1026.87,1026.87,0.0,On-time
PAY0005308,LOAN0000096,CUST0000078,2023-02-27,2023-02-25,811.36,811.36,0.0,On-time
PAY0005309,LOAN0000055,CUST0000726,2024-03-28,2024-03-28,399.72,399.72,0.0,On-time
PAY0005310,LOAN0000470,CUST0000725,2022-09-02,2022-10-11,241.98,241.98,39.0,Late
PAY0005311,LOAN0000528,CUST0000832,2023-07-04,2023-07-02,436.3,436.3,0.0,On-time
PAY0005312,LOAN0000352,CUST0000034,2026-06-26,2026-06-24,174.46,174.46,0.0,On-time
PAY0005313,LOAN0000222,CUST0000435,2026-05-28,,384.39,0.0,,Missed
PAY0005314,LOAN0000295,CUST0000369,2023-05-04,2023-05-04,638.67,638.67,0.0,On-time
PAY0005315,LOAN0000046,CUST0000361,2025-12-17,2025-12-17,1162.93,1162.93,0.0,On-time
PAY0005316,LOAN0000377,CUST0000186,2022-03-21,2022-03-19,651.39,651.39,0.0,On-time
PAY0005317,LOAN0000519,CUST0000619,2024-01-23,2024-01-23,150.47,150.47,0.0,On-time
PAY0005318,LOAN0000034,CUST0000621,2023-04-13,2023-04-12,145.27,145.27,0.0,On-time
PAY0005319,LOAN0000150,CUST0000901,2025-01-15,,421.66,0.0,,Missed
PAY0005320,LOAN0000272,CUST0000177,2023-05-02,2023-04-30,248.57,248.57,0.0,On-time
PAY0005321,LOAN0000418,CUST0000918,2024-11-10,2024-11-10,86.17,62.78,0.0,Partial
PAY0005322,LOAN0000150,CUST0000901,2023-12-17,2023-12-15,421.66,421.66,0.0,On-time
PAY0005323,LOAN0000234,CUST0000396,2022-07-10,2022-07-08,235.35,172.84,0.0,Partial
PAY0005324,LOAN0000540,CUST0000782,2023-04-14,2023-04-14,216.21,216.21,0.0,On-time
PAY0005325,LOAN0000156,CUST0000047,2022-04-14,2022-04-14,19.97,19.97,0.0,On-time
PAY0005326,LOAN0000520,CUST0000697,2024-10-14,2024-10-14,168.67,168.67,0.0,On-time
PAY0005327,LOAN0000116,CUST0000269,2026-05-29,,259.68,0.0,,Missed
PAY0005328,LOAN0000423,CUST0000564,2024-10-22,2024-10-22,43.59,43.59,0.0,On-time
PAY0005329,LOAN0000463,CUST0000684,2023-05-02,2023-04-30,397.2,397.2,0.0,On-time
PAY0005330,LOAN0000350,CUST0000987,2024-10-16,2024-10-14,1972.9,1972.9,0.0,On-time
PAY0005331,LOAN0000317,CUST0000372,2026-01-31,2026-01-31,1076.49,1076.49,0.0,On-time
PAY0005332,LOAN0000162,CUST0000866,2024-12-18,,533.21,533.21,0.0,On-time
PAY0005333,LOAN0000333,CUST0000449,2023-12-09,2023-12-09,427.8,427.8,0.0,On-time
PAY0005334,LOAN0000582,CUST0000328,2025-08-14,2025-08-13,2093.87,2093.87,0.0,On-time
PAY0005335,LOAN0000091,CUST0000953,2026-05-17,2026-05-16,417.35,417.35,0.0,On-time
PAY0005336,LOAN0000488,CUST0000052,2026-05-12,2026-05-12,135.79,135.79,0.0,On-time
PAY0005337,LOAN0000556,CUST0000773,2025-03-21,2025-03-21,76.7,76.7,0.0,On-time
PAY0005338,LOAN0000255,CUST0000491,2026-03-08,2024-03-14,379.26,379.26,17.0,Late
PAY0005339,LOAN0000493,CUST0000307,2022-12-20,2022-12-20,516.28,307.18,0.0,Partial
PAY0005340,LOAN0000121,CUST0000032,2022-07-12,2022-07-10,685.92,685.92,0.0,On-time
PAY0005341,LOAN0000152,CUST0000805,2025-07-17,2025-07-24,546.78,546.78,7.0,Late
PAY0005342,LOAN0000102,CUST0000551,2024-11-19,2024-11-17,635.91,635.91,0.0,On-time
PAY0005343,LOAN0000306,CUST0000956,2024-03-05,2024-03-04,605.15,605.15,0.0,On-time
PAY0005344,LOAN0000570,CUST0000530,2026-05-28,2026-05-28,390.97,-390.97,0.0,On-time
PAY0005345,LOAN0000542,CUST0000668,2025-04-05,2025-04-05,286.55,286.55,0.0,On-time
PAY0005346,LOAN0000188,CUST0000979,2025-11-09,,349.2,0.0,,Missed
PAY0005347,LOAN0000051,CUST0000838,2025-02-21,2025-02-19,1474.03,,0.0,On-time
PAY0005348,LOAN0000538,CUST0000126,2023-06-09,2023-06-09,360.05,360.05,0.0,On-time
PAY0005349,LOAN0000485,CUST0000678,2025-07-02,2025-07-01,174.48,174.48,0.0,On-time
PAY0005350,LOAN0000071,CUST0000250,2022-11-22,2022-11-20,190.79,-190.79,0.0,On-time
PAY0005351,LOAN0000290,CUST0000757,2023-08-14,2023-08-12,649.64,-649.64,0.0,On-time
PAY0005352,LOAN0000120,CUST0000484,2022-12-13,,316.36,0.0,,Missed
PAY0005353,LOAN0000219,CUST0000901,2026-04-24,2026-04-23,358.56,358.56,0.0,On-time
PAY0005354,LOAN0000245,CUST0000346,2023-09-23,,1602.5,1602.5,0.0,On-time
PAY0005355,LOAN0000399,CUST0000797,2024-12-22,2024-12-20,375.73,375.73,0.0,On-time
PAY0005356,LOAN0000156,CUST0000047,2024-11-13,2024-11-11,19.97,19.97,0.0,On-time
PAY0005357,LOAN0000432,CUST0000070,2024-04-24,2024-04-22,261.4,261.4,0.0,On-time
PAY0005358,LOAN0000529,CUST0000838,2023-12-24,2024-01-16,513.54,513.54,23.0,Late
PAY0005359,LOAN0000099,CUST0000232,2025-02-12,2025-02-10,124.7,124.7,0.0,On-time
PAY0005360,LOAN0000592,CUST0000786,2025-03-04,2025-03-02,979.05,979.05,0.0,On-time
PAY0005361,LOAN0000361,CUST0000306,2025-10-06,2025-10-06,413.38,413.38,0.0,On-time
PAY0005362,LOAN0000497,CUST0000929,2023-01-10,2023-01-08,891.0,891.0,0.0,On-time
PAY0005363,LOAN0000117,CUST0000975,2025-03-31,,466.71,466.71,0.0,On-time
PAY0005364,LOAN0000592,CUST0000786,2024-07-04,,979.05,0.0,,Missed
PAY0005365,LOAN0000290,CUST0000757,2023-09-14,2023-09-17,649.64,649.64,3.0,Late
PAY0005366,LOAN0000488,CUST0000052,2025-05-11,2025-05-10,135.79,,0.0,On-time
PAY0005367,LOAN0000454,CUST0000926,2026-08-01,2026-08-01,1716.2,1716.2,0.0,On-time
PAY0005368,LOAN0000059,CUST0000961,2023-02-22,2023-02-20,1372.66,1372.66,0.0,On-time
PAY0005369,LOAN0000387,CUST0000070,2025-05-17,2025-05-17,284.03,284.03,0.0,On-time
PAY0005370,LOAN0000486,CUST0000898,2026-06-13,2026-06-13,180.53,180.53,0.0,On-time
PAY0005371,LOAN0000519,CUST0000619,2024-04-24,2024-04-23,150.47,150.47,0.0,On-time
PAY0005372,LOAN0000374,CUST0000475,2024-06-22,2024-08-05,495.54,495.54,44.0,Late
PAY0005373,LOAN0000373,CUST0000783,2024-08-25,2024-08-25,1017.53,1017.53,0.0,On-time
PAY0005374,LOAN0000549,CUST0000293,2025-01-31,2025-01-30,155.52,155.52,0.0,On-time
PAY0005375,LOAN0000381,CUST0000477,2026-02-07,2026-02-06,1402.35,1402.35,0.0,On-time
PAY0005376,LOAN0000588,CUST0000382,2023-03-30,2023-03-29,148.33,148.33,0.0,On-time
PAY0005377,LOAN0000271,CUST0000310,2024-06-01,2024-05-30,1002.33,-1002.33,0.0,On-time
PAY0005378,LOAN0000144,CUST0000143,2024-11-16,2024-11-14,184.57,184.57,0.0,On-time
PAY0005379,LOAN0000471,CUST0000761,2026-02-04,2026-02-04,123.33,123.33,0.0,On-time
PAY0005380,LOAN0000570,CUST0000530,2025-01-26,,390.97,0.0,,Missed
PAY0005381,LOAN0000273,CUST0000955,2023-05-28,2023-05-26,1128.57,1128.57,0.0,On-time
PAY0005382,LOAN0000378,CUST0000321,2024-08-11,2024-08-09,1615.06,-1615.06,0.0,On-time
PAY0005383,LOAN0000249,CUST0000632,2023-08-11,2023-08-09,1134.85,1134.85,0.0,On-time
PAY0005384,LOAN0000111,CUST0000196,2023-12-07,2023-12-06,640.44,640.44,0.0,On-time
PAY0005385,LOAN0000042,CUST0000954,2023-12-21,2023-12-19,518.03,518.03,0.0,On-time
PAY0005386,LOAN0000012,CUST0000725,2026-01-20,2026-01-18,607.42,607.42,0.0,On-time
PAY0005387,LOAN0000266,CUST0000220,2024-09-10,2024-09-10,324.19,324.19,0.0,On-time
PAY0005388,LOAN0000530,CUST0000028,2025-10-24,2025-10-24,158.2,158.2,0.0,On-time
PAY0005389,LOAN0000257,CUST0000699,2024-07-25,2024-07-25,1022.97,1022.97,0.0,On-time
PAY0005390,LOAN0000046,CUST0000361,2025-06-17,2025-06-15,1162.93,1162.93,0.0,On-time
PAY0005391,LOAN0000175,CUST0000265,2025-07-31,2025-07-29,344.59,344.59,0.0,On-time
PAY0005392,LOAN0000442,CUST0000745,2023-03-05,2023-03-05,250.74,,0.0,On-time
PAY0005393,LOAN0000488,CUST0000052,2025-01-09,2025-01-08,135.79,135.79,0.0,On-time
PAY0005394,LOAN0000328,CUST0000176,2025-11-16,2025-11-16,34.51,34.51,0.0,On-time
PAY0005395,LOAN0000266,CUST0000220,2024-10-10,2024-10-08,324.19,-324.19,0.0,On-time
PAY0005396,LOAN0000532,CUST0000330,2025-07-01,,677.86,0.0,,Missed
PAY0005397,LOAN0000170,CUST0000156,2024-06-15,2024-06-15,1293.11,1293.11,0.0,On-time
PAY0005398,LOAN0000285,CUST0000506,2026-06-14,2026-06-12,133.87,87.88,0.0,Partial
PAY0005399,LOAN0000085,CUST0000020,2023-07-10,2023-07-10,1832.83,1832.83,0.0,On-time
PAY0005400,LOAN0000394,CUST0000050,2024-10-20,2024-10-18,566.23,566.23,0.0,On-time
PAY0005401,LOAN0000463,CUST0000684,2022-06-01,2022-06-01,397.2,397.2,0.0,On-time
PAY0005402,LOAN0000295,CUST0000369,2026-03-04,2026-03-03,638.67,495.18,0.0,Partial
PAY0005403,LOAN0000131,CUST0000115,2025-12-04,2025-12-04,62.49,62.49,0.0,On-time
PAY0005404,LOAN0000032,CUST0000569,2025-07-16,,1505.11,0.0,,Missed
PAY0005405,LOAN0000463,CUST0000684,2024-07-31,2024-07-29,397.2,397.2,0.0,On-time
PAY0005406,LOAN0000033,CUST0000373,2025-04-21,2025-04-19,2390.38,2390.38,0.0,On-time
PAY0005407,LOAN0000337,CUST0000035,2024-08-26,2024-08-25,210.97,210.97,0.0,On-time
PAY0005408,LOAN0000484,CUST0000147,2026-04-20,2026-04-20,133.74,133.74,0.0,On-time
PAY0005409,LOAN0000491,CUST0000360,2025-07-12,2025-07-12,1483.2,1483.2,0.0,On-time
PAY0005410,LOAN0000111,CUST0000196,2025-10-07,2025-10-05,640.44,640.44,0.0,On-time
PAY0005411,LOAN0000243,CUST0000094,2025-09-08,2025-09-06,227.16,227.16,0.0,On-time
PAY0005412,LOAN0000156,CUST0000047,2026-02-13,2026-02-12,19.97,19.97,0.0,On-time
PAY0005413,LOAN0000031,CUST0000787,2022-11-18,2022-12-23,1194.04,1194.04,35.0,Late
PAY0005414,LOAN0000322,CUST0000697,2026-06-24,2026-06-22,303.76,303.76,0.0,On-time
PAY0005415,LOAN0000286,CUST0000607,2026-08-22,2026-08-21,448.57,448.57,0.0,On-time
PAY0005416,LOAN0000581,CUST0000592,2023-04-18,2023-04-17,927.68,927.68,0.0,On-time
PAY0005417,LOAN0000355,CUST0000771,2026-02-27,2026-02-27,2611.51,2611.51,0.0,On-time
PAY0005418,LOAN0000484,CUST0000147,2025-07-20,2025-07-18,133.74,133.74,0.0,On-time
PAY0005419,LOAN0000152,CUST0000805,2024-02-15,2024-03-06,546.78,546.78,20.0,Late
PAY0005420,LOAN0000415,CUST0000528,2026-08-22,2026-08-20,661.37,661.37,0.0,On-time
PAY0005421,LOAN0000010,CUST0000577,2023-05-16,2023-05-15,3029.07,3029.07,0.0,On-time
PAY0005422,LOAN0000488,CUST0000052,2024-02-10,2024-02-09,135.79,135.79,0.0,On-time
PAY0005423,LOAN0000333,CUST0000449,2024-02-08,2024-02-06,427.8,427.8,0.0,On-time
PAY0005424,LOAN0000375,CUST0000107,2023-05-03,2023-05-02,1121.15,1121.15,0.0,On-time
PAY0005425,LOAN0000097,CUST0000674,2026-07-12,2026-08-05,41.25,41.25,24.0,Late
PAY0005426,LOAN0000070,CUST0000916,2024-12-21,,592.68,0.0,,Missed
PAY0005427,LOAN0000327,CUST0000225,2022-12-26,2022-12-26,214.19,214.19,0.0,On-time
PAY0005428,LOAN0000505,CUST0000062,2026-03-19,2026-04-06,50.36,50.36,18.0,Late
PAY0005429,LOAN0000002,CUST0000552,2024-12-31,2024-12-31,38.11,38.11,0.0,On-time
PAY0005430,LOAN0000383,CUST0000736,2025-12-02,2025-12-01,83.06,83.06,0.0,On-time
PAY0005431,LOAN0000388,CUST0000135,2023-02-10,2023-02-08,1240.37,1240.37,0.0,On-time
PAY0005432,LOAN0000145,CUST0000538,2023-04-22,2023-04-22,1202.85,1202.85,0.0,On-time
PAY0005433,LOAN0000213,CUST0000023,2024-02-25,2024-02-24,1149.89,1149.89,0.0,On-time
PAY0005434,LOAN0000133,CUST0000758,2026-07-19,2026-07-17,367.28,367.28,0.0,On-time
PAY0005435,LOAN0000379,CUST0000174,2026-07-31,2026-07-30,349.88,,0.0,On-time
PAY0005436,LOAN0000070,CUST0000916,2026-02-20,,592.68,0.0,,Missed
PAY0005437,LOAN0000477,CUST0000436,2023-12-22,2023-12-21,14.8,14.8,0.0,On-time
PAY0005438,LOAN0000456,CUST0000220,2023-10-06,2023-10-06,204.09,204.09,0.0,On-time
PAY0005439,LOAN0000403,CUST0000115,2024-02-19,,43.28,0.0,,Missed
PAY0005440,LOAN0000169,CUST0000889,2024-04-20,2024-04-19,1012.97,1012.97,0.0,On-time
PAY0005441,LOAN0000153,CUST0000245,2024-06-23,2024-06-23,313.95,313.95,0.0,On-time
PAY0005442,LOAN0000556,CUST0000773,2025-09-20,2025-10-11,76.7,76.7,21.0,Late
PAY0005443,LOAN0000115,CUST0000780,2026-07-13,2026-07-13,146.22,101.44,0.0,Partial
PAY0005444,LOAN0000064,CUST0000818,2026-01-06,2026-02-17,499.21,499.21,42.0,Late
PAY0005445,LOAN0000206,CUST0000997,2025-11-24,2025-11-22,153.63,116.03,0.0,Partial
PAY0005446,LOAN0000484,CUST0000147,2025-06-20,2025-06-18,133.74,133.74,0.0,On-time
PAY0005447,LOAN0000521,CUST0000273,2026-04-02,2026-03-31,1356.42,798.65,0.0,Partial
PAY0005448,LOAN0000149,CUST0000764,2025-05-10,2025-05-08,556.36,556.36,0.0,On-time
PAY0005449,LOAN0000084,CUST0000835,2026-05-03,2026-05-03,1480.27,,0.0,On-time
PAY0005450,LOAN0000578,CUST0000916,2025-05-02,2025-05-02,335.27,272.91,0.0,Partial
PAY0005451,LOAN0000284,CUST0000557,2025-05-02,2025-05-01,1030.27,1030.27,0.0,On-time
PAY0005452,LOAN0000383,CUST0000736,2025-01-31,2025-01-31,83.06,83.06,0.0,On-time
PAY0005453,LOAN0000080,CUST0000004,2024-08-17,,855.13,0.0,,Missed
PAY0005454,LOAN0000350,CUST0000987,2025-04-17,2025-04-17,1972.9,1972.9,0.0,On-time
PAY0005455,LOAN0000047,CUST0000212,2022-06-15,2022-03-24,199.31,-199.31,32.0,Late
PAY0005456,LOAN0000205,CUST0000080,2024-11-26,2024-11-24,709.8,709.8,0.0,On-time
PAY0005457,LOAN0000229,CUST0000179,2023-11-04,2023-11-04,41.64,41.64,0.0,On-time
PAY0005458,LOAN0000150,CUST0000901,2025-02-15,2025-02-14,421.66,421.66,0.0,On-time
PAY0005459,LOAN0000256,CUST0000931,2023-08-27,2023-08-25,94.47,94.47,0.0,On-time
PAY0005460,LOAN0000103,CUST0000671,2025-07-30,2025-07-30,280.45,280.45,0.0,On-time
PAY0005461,LOAN0000080,CUST0000004,2023-05-19,2023-05-19,855.13,855.13,0.0,On-time
PAY0005462,LOAN0000583,CUST0000516,2025-12-27,2021-12-15,843.06,843.06,0.0,On-time
PAY0005463,LOAN0000216,CUST0000899,2024-07-20,2024-07-18,545.77,,0.0,On-time
PAY0005464,LOAN0000388,CUST0000135,2023-10-12,2023-10-12,1240.37,1240.37,0.0,On-time
PAY0005465,LOAN0000418,CUST0000918,2024-03-11,2024-03-11,86.17,86.17,0.0,On-time
PAY0005466,LOAN0000406,CUST0000519,2025-04-08,2025-04-06,179.61,179.61,0.0,On-time
PAY0005467,LOAN0000226,CUST0000893,2025-04-01,2025-03-31,101.32,101.32,0.0,On-time
PAY0005468,LOAN0000159,CUST0000902,2022-09-22,2022-09-22,47.23,47.23,0.0,On-time
PAY0005469,LOAN0000463,CUST0000684,2022-05-01,2022-05-01,397.2,397.2,0.0,On-time
PAY0005470,LOAN0000039,CUST0000941,2024-05-25,2024-05-23,1194.92,1194.92,0.0,On-time
PAY0005471,LOAN0000212,CUST0000244,2022-06-17,2022-07-17,648.42,648.42,30.0,Late
PAY0005472,LOAN0000120,CUST0000484,2026-01-12,2026-01-10,316.36,316.36,0.0,On-time
PAY0005473,LOAN0000528,CUST0000832,2025-09-02,2025-09-02,436.3,,0.0,On-time
PAY0005474,LOAN0000275,CUST0000306,2025-08-15,,384.84,0.0,,Missed
PAY0005475,LOAN0000237,CUST0000988,2025-06-24,,1335.42,0.0,,Missed
PAY0005476,LOAN0000387,CUST0000070,2024-12-16,2024-12-15,284.03,284.03,0.0,On-time
PAY0005477,LOAN0000278,CUST0000535,2026-02-25,2026-02-25,110.19,110.19,0.0,On-time
PAY0005478,LOAN0000231,CUST0000896,2025-08-08,,508.99,0.0,,Missed
PAY0005479,LOAN0000183,CUST0000713,2023-04-23,2023-04-21,588.68,588.68,0.0,On-time
PAY0005480,LOAN0000119,CUST0000188,2025-12-15,2026-01-27,820.41,820.41,43.0,Late
PAY0005481,LOAN0000402,CUST0000072,2025-05-03,2025-05-01,158.38,,0.0,On-time
PAY0005482,LOAN0000105,CUST0000330,2025-07-24,2025-07-24,1277.68,620.21,0.0,Partial
PAY0005483,LOAN0000210,CUST0000782,2025-08-17,2025-08-25,324.08,324.08,8.0,Late
PAY0005484,LOAN0000074,CUST0000096,2026-03-09,2026-03-08,325.95,325.95,0.0,On-time
PAY0005485,LOAN0000387,CUST0000070,2024-07-17,2024-07-17,284.03,284.03,0.0,On-time
PAY0005486,LOAN0000209,CUST0000225,2026-02-05,2026-02-04,295.37,295.37,0.0,On-time
PAY0005487,LOAN0000005,CUST0000678,2026-07-30,,25.92,0.0,,Missed
PAY0005488,LOAN0000232,CUST0000762,2024-09-22,,30.32,17.63,0.0,Partial
PAY0005489,LOAN0000135,CUST0000757,2025-10-13,2025-10-12,192.49,192.49,0.0,On-time
PAY0005490,LOAN0000389,CUST0000725,2026-04-08,2026-04-08,389.39,389.39,0.0,On-time
PAY0005491,LOAN0000028,CUST0000016,2024-12-21,2024-12-20,196.9,196.9,0.0,On-time
PAY0005492,LOAN0000488,CUST0000052,2024-05-11,2024-05-09,135.79,135.79,0.0,On-time
PAY0005493,LOAN0000148,CUST0000105,2023-06-09,2023-06-09,2311.29,2311.29,0.0,On-time
PAY0005494,LOAN0000556,CUST0000773,2026-07-22,2026-08-31,76.7,76.7,40.0,Late
PAY0005495,LOAN0000422,CUST0000388,2025-05-14,,394.51,0.0,,Missed
PAY0005496,LOAN0000246,CUST0000874,2024-04-09,,966.85,,,Missed
PAY0005497,LOAN0000584,CUST0000129,2025-03-06,2025-03-14,135.36,135.36,8.0,Late
PAY0005498,LOAN0000578,CUST0000916,2025-03-02,,335.27,0.0,,Missed
PAY0005499,LOAN0000067,CUST0000465,2026-01-06,2026-01-06,433.6,433.6,0.0,On-time
PAY0005500,LOAN0000263,CUST0000966,2024-08-10,2024-08-09,460.72,460.72,0.0,On-time
PAY0005501,LOAN0000392,CUST0000563,2025-04-26,,643.1,0.0,,Missed
PAY0005502,LOAN0000394,CUST0000050,2025-02-19,2025-02-18,566.23,566.23,0.0,On-time
PAY0005503,LOAN0000202,CUST0000060,2025-12-21,2025-12-20,65.87,65.87,0.0,On-time
PAY0005504,LOAN0000508,CUST0000151,2025-11-23,,359.97,0.0,,Missed
PAY0005505,LOAN0000478,CUST0000586,2025-12-15,,382.05,0.0,,Missed
PAY0005506,LOAN0000577,CUST0000268,2024-08-27,2024-08-26,33.72,33.72,0.0,On-time
PAY0005507,LOAN0000304,CUST0000594,2025-07-23,2025-07-22,284.1,284.1,0.0,On-time
PAY0005508,LOAN0000413,CUST0000242,2026-03-20,2026-03-18,536.55,536.55,0.0,On-time
PAY0005509,LOAN0000197,CUST0000932,2026-05-21,,110.21,0.0,,Missed
PAY0005510,LOAN0000465,CUST0000519,2026-07-09,2026-07-09,121.1,121.1,0.0,On-time
PAY0005511,LOAN0000395,CUST0000169,2025-10-09,2025-10-09,167.52,167.52,0.0,On-time
PAY0005512,LOAN0000226,CUST0000893,2024-03-02,2024-03-14,101.32,101.32,12.0,Late
PAY0005513,LOAN0000074,CUST0000096,2026-01-07,2026-01-06,325.95,325.95,0.0,On-time
PAY0005514,LOAN0000058,CUST0000978,2023-02-18,2023-02-17,909.7,909.7,0.0,On-time
PAY0005515,LOAN0000041,CUST0000778,2024-11-11,,450.04,0.0,,Missed
PAY0005516,LOAN0000274,CUST0000327,2025-11-03,2025-11-02,125.44,125.44,0.0,On-time
PAY0005517,LOAN0000013,CUST0000091,2025-06-03,2025-06-02,1833.33,,0.0,Partial
PAY0005518,LOAN0000143,CUST0000791,2025-06-22,2025-06-21,159.55,159.55,0.0,On-time
PAY0005519,LOAN0000094,CUST0000345,2023-09-30,2023-09-28,610.74,610.74,0.0,On-time
PAY0005520,LOAN0000328,CUST0000176,2026-06-17,2026-06-16,34.51,34.51,0.0,On-time
PAY0005521,LOAN0000390,CUST0000310,2025-12-23,2025-12-22,377.65,377.65,0.0,On-time
PAY0005522,LOAN0000238,CUST0000420,2025-08-01,,346.74,0.0,,Missed
PAY0005523,LOAN0000071,CUST0000250,2026-05-23,2026-05-21,190.79,135.14,0.0,Partial
PAY0005524,LOAN0000531,CUST0000891,2024-09-02,2024-10-01,344.43,344.43,29.0,Late
PAY0005525,LOAN0000378,CUST0000321,2024-10-11,2024-10-09,1615.06,1615.06,0.0,On-time
PAY0005526,LOAN0000272,CUST0000177,2023-07-02,2023-06-30,248.57,248.57,0.0,On-time
PAY0005527,LOAN0000545,CUST0000318,2025-12-25,2026-01-01,34.17,34.17,7.0,Late
PAY0005528,LOAN0000076,CUST0000869,2024-11-27,2024-11-27,241.76,241.76,0.0,On-time
PAY0005529,LOAN0000329,CUST0000886,2025-07-07,2025-07-07,1126.34,1126.34,0.0,On-time
PAY0005530,LOAN0000488,CUST0000052,2026-03-12,2026-03-12,135.79,135.79,0.0,On-time
PAY0005531,LOAN0000274,CUST0000327,2024-05-04,,125.44,0.0,,Missed
PAY0005532,LOAN0000038,CUST0000515,2025-09-14,2025-09-14,169.73,141.56,0.0,Partial
PAY0005533,LOAN0000267,CUST0000745,2026-05-11,2026-06-01,122.23,122.23,21.0,Late
PAY0005534,LOAN0000286,CUST0000607,2026-06-22,2026-07-07,448.57,448.57,15.0,Late
PAY0005535,LOAN0000521,CUST0000273,2024-12-01,2024-12-01,1356.42,901.17,0.0,Partial
PAY0005536,LOAN0000026,CUST0000233,2025-10-16,2025-10-16,1026.87,1026.87,0.0,On-time
PAY0005537,LOAN0000207,CUST0000383,2026-08-17,2023-03-23,935.64,935.64,0.0,On-time
PAY0005538,LOAN0000162,CUST0000866,2025-01-17,2025-01-16,533.21,533.21,0.0,On-time
PAY0005539,LOAN0000157,CUST0000083,2025-10-26,,346.56,346.56,0.0,On-time
PAY0005540,LOAN0000027,CUST0000457,2022-09-20,2022-09-19,240.0,240.0,0.0,On-time
PAY0005541,LOAN0000318,CUST0000451,2025-07-13,2025-07-12,1389.25,1389.25,0.0,On-time
PAY0005542,LOAN0000296,CUST0000997,2024-12-07,2024-12-07,305.84,136.06,0.0,Partial
PAY0005543,LOAN0000399,CUST0000797,2024-05-23,2024-05-23,375.73,375.73,0.0,On-time
PAY0005544,LOAN0000055,CUST0000726,2024-07-28,2024-07-27,399.72,399.72,0.0,On-time
PAY0005545,LOAN0000565,CUST0000504,2023-10-25,2023-10-23,554.46,554.46,0.0,On-time
PAY0005546,LOAN0000332,CUST0000127,2024-06-05,2024-06-04,119.33,119.33,0.0,On-time
PAY0005547,LOAN0000563,CUST0000281,2025-06-23,2025-06-21,1609.44,1609.44,0.0,On-time
PAY0005548,LOAN0000533,CUST0000725,2023-09-25,2023-09-24,1461.65,1461.65,0.0,On-time
PAY0005549,LOAN0000105,CUST0000330,2025-11-23,2025-11-24,1277.68,1277.68,1.0,Late
PAY0005550,LOAN0000593,CUST0000684,2026-06-10,2026-06-09,300.58,300.58,0.0,On-time
PAY0005551,LOAN0000319,CUST0000112,2023-09-03,2023-09-02,132.31,132.31,0.0,On-time
PAY0005552,LOAN0000565,CUST0000504,2023-11-24,2023-11-23,554.46,-554.46,0.0,On-time
PAY0005553,LOAN0000033,CUST0000373,2024-04-21,2024-04-20,2390.38,2390.38,0.0,On-time
PAY0005554,LOAN0000375,CUST0000107,2024-03-02,2024-03-02,1121.15,1121.15,0.0,On-time
PAY0005555,LOAN0000003,CUST0000556,2025-09-13,2025-09-12,1906.25,,0.0,On-time
PAY0005556,LOAN0000593,CUST0000684,2024-11-09,2024-11-07,300.58,300.58,0.0,On-time
PAY0005557,LOAN0000108,CUST0000303,2025-07-31,2025-07-29,115.22,115.22,0.0,On-time
PAY0005558,LOAN0000148,CUST0000105,2022-12-08,2022-12-07,2311.29,2311.29,0.0,On-time
PAY0005559,LOAN0000181,CUST0000393,2026-08-21,2026-08-21,114.46,114.46,0.0,On-time
PAY0005560,LOAN0000062,CUST0000397,2026-03-01,2026-03-10,309.46,,9.0,Late
PAY0005561,LOAN0000059,CUST0000961,2022-11-23,2022-11-21,1372.66,874.11,0.0,Partial
PAY0005562,LOAN0000031,CUST0000787,2025-01-17,2025-02-06,1194.04,1194.04,20.0,Late
PAY0005563,LOAN0000536,CUST0000581,2026-02-15,2026-02-13,246.77,246.77,0.0,On-time
PAY0005564,LOAN0000249,CUST0000632,2023-02-09,2023-02-07,1134.85,1134.85,0.0,On-time
PAY0005565,LOAN0000104,CUST0000488,2025-04-25,2025-04-23,199.65,199.65,0.0,On-time
PAY0005566,LOAN0000124,CUST0000801,2022-09-25,2022-09-29,715.13,715.13,4.0,Late
PAY0005567,LOAN0000399,CUST0000797,2026-04-23,2026-04-23,375.73,375.73,0.0,On-time
PAY0005568,LOAN0000582,CUST0000328,2025-04-15,,2093.87,0.0,,Missed
PAY0005569,LOAN0000068,CUST0000510,2023-10-14,2023-10-14,1394.11,1394.11,0.0,On-time
PAY0005570,LOAN0000361,CUST0000306,2025-09-06,,413.38,0.0,,Missed
PAY0005571,LOAN0000012,CUST0000725,2023-08-21,2023-08-21,607.42,607.42,0.0,On-time
PAY0005572,LOAN0000037,CUST0000595,2026-07-09,2026-07-07,36.52,36.52,0.0,On-time
PAY0005573,LOAN0000439,CUST0000280,2025-12-21,2025-12-21,216.4,-216.4,0.0,On-time
PAY0005574,LOAN0000451,CUST0000882,2024-08-19,2024-08-18,324.24,324.24,0.0,On-time
PAY0005575,LOAN0000226,CUST0000893,2026-03-02,2026-03-01,101.32,101.32,0.0,On-time
PAY0005576,LOAN0000247,CUST0000511,2026-07-10,,31.95,0.0,,Missed
PAY0005577,LOAN0000425,CUST0000755,2024-02-29,2024-02-29,351.83,351.83,0.0,On-time
PAY0005578,LOAN0000329,CUST0000886,2025-09-06,2025-09-06,1126.34,1126.34,0.0,On-time
PAY0005579,LOAN0000557,CUST0000030,2025-08-30,2025-10-11,2011.13,2011.13,42.0,Late
PAY0005580,LOAN0000525,CUST0000266,2026-03-18,2026-03-16,1088.92,1088.92,0.0,On-time
PAY0005581,LOAN0000094,CUST0000345,2022-11-30,,610.74,0.0,,Missed
PAY0005582,LOAN0000306,CUST0000956,2025-07-05,2025-07-24,605.15,605.15,19.0,Late
PAY0005583,LOAN0000118,CUST0000545,2026-03-08,2026-03-07,208.58,208.58,0.0,On-time
PAY0005584,LOAN0000530,CUST0000028,2025-09-23,2025-09-22,158.2,158.2,0.0,On-time
PAY0005585,LOAN0000382,CUST0000508,2025-01-30,2025-01-29,416.59,416.59,0.0,On-time
PAY0005586,LOAN0000232,CUST0000762,2025-05-23,2025-05-21,30.32,30.32,0.0,On-time
PAY0005587,LOAN0000538,CUST0000126,2025-01-07,2025-02-09,360.05,360.05,33.0,Late
PAY0005588,LOAN0000371,CUST0000522,2022-06-06,2022-06-04,1425.12,1425.12,0.0,On-time
PAY0005589,LOAN0000542,CUST0000668,2025-10-04,,286.55,286.55,9.0,Late
PAY0005590,LOAN0000388,CUST0000135,2025-02-10,,1240.37,0.0,,Missed
PAY0005591,LOAN0000122,CUST0000253,2026-04-04,2026-04-04,559.32,559.32,0.0,On-time
PAY0005592,LOAN0000169,CUST0000889,2023-05-21,2023-05-19,1012.97,1012.97,0.0,On-time
PAY0005593,LOAN0000505,CUST0000062,2025-05-19,2025-05-18,50.36,41.3,0.0,Partial
PAY0005594,LOAN0000188,CUST0000979,2026-01-09,2026-01-07,349.2,349.2,0.0,On-time
PAY0005595,LOAN0000478,CUST0000586,2025-11-15,,382.05,0.0,,Missed
PAY0005596,LOAN0000068,CUST0000510,2023-01-13,2023-01-11,1394.11,1394.11,0.0,On-time
PAY0005597,LOAN0000255,CUST0000491,2025-11-06,2025-12-01,379.26,379.26,25.0,Delayed
PAY0005598,LOAN0000033,CUST0000373,2024-05-22,2024-05-22,2390.38,2390.38,0.0,On-time
PAY0005599,LOAN0000431,CUST0000662,2025-04-09,,140.76,0.0,,Missed
PAY0005600,LOAN0000165,CUST0000907,2023-09-28,,48.21,0.0,,Missed
PAY0005601,LOAN0000229,CUST0000179,2024-12-03,2024-12-08,41.64,41.64,5.0,Late
PAY0005602,LOAN0000205,CUST0000080,2025-07-27,,709.8,0.0,,Missed
PAY0005603,LOAN0000305,CUST0000286,2024-07-24,2024-07-22,34.75,34.75,0.0,On-time
PAY0005604,LOAN0000282,CUST0000724,2026-04-24,2026-04-24,67.12,56.58,0.0,Partial
PAY0005605,LOAN0000477,CUST0000436,2023-04-23,2023-04-22,14.8,,0.0,On-time
PAY0005606,LOAN0000557,CUST0000030,2024-06-30,2024-07-09,2011.13,2011.13,9.0,Late
PAY0005607,LOAN0000081,CUST0000682,2024-05-20,2024-05-19,377.89,377.89,0.0,On-time
PAY0005608,LOAN0000334,CUST0000824,2025-07-06,2025-07-06,98.19,98.19,0.0,On-time
PAY0005609,LOAN0000504,CUST0000953,2026-02-19,2026-02-17,228.62,228.62,0.0,On-time
PAY0005610,LOAN9846131,CUST0000934,2025-11-14,,395.77,0.0,,Missed
PAY0005611,LOAN0000125,CUST0000580,2026-06-08,,179.61,0.0,,Missed
PAY0005612,LOAN0000327,CUST0000225,2023-03-27,,214.19,0.0,,Missed
PAY0005613,LOAN0000168,CUST0000850,2026-08-01,2026-07-31,487.76,487.76,0.0,On-time
PAY0005614,LOAN0000538,CUST0000126,2023-03-09,,360.05,,,Missed
PAY0005615,LOAN0000004,CUST0000293,2024-01-12,2024-01-12,715.28,242.49,0.0,Partial
PAY0005616,LOAN0000501,CUST0000055,2024-08-04,2024-08-02,762.76,762.76,0.0,On-time
PAY0005617,LOAN0000265,CUST0000461,2025-03-04,2025-03-02,1752.19,1752.19,0.0,On-time
PAY0005618,LOAN0000396,CUST0000533,2026-04-11,2026-05-12,668.92,668.92,31.0,Late
PAY0005619,LOAN0000103,CUST0000671,2026-01-29,2026-01-28,280.45,280.45,0.0,On-time
PAY0005620,LOAN0000397,CUST0000714,2026-01-18,2026-01-18,500.03,-500.03,0.0,On-time
PAY0005621,LOAN0000021,CUST0000826,2025-07-19,2025-07-17,38.77,38.77,0.0,On-time
PAY0005622,LOAN0000452,CUST0000389,2025-12-08,,517.19,0.0,,Missed
PAY0005623,LOAN0000179,CUST0000796,2024-10-25,,76.24,0.0,,Missed
PAY0005624,LOAN0000282,CUST0000724,2024-08-23,2024-08-22,67.12,67.12,0.0,On-time
PAY0005625,LOAN0000156,CUST0000047,2023-09-14,2023-09-12,19.97,19.97,0.0,On-time
PAY0005626,LOAN0000133,CUST0000758,2024-09-17,2024-09-17,367.28,179.52,0.0,Partial
PAY0005627,LOAN0000396,CUST0000533,2026-06-11,2026-06-10,668.92,668.92,0.0,On-time
PAY0005628,LOAN0000039,CUST0000941,2023-07-26,2023-07-24,1194.92,1194.92,0.0,On-time
PAY0005629,LOAN0000016,CUST0000359,2025-01-12,2025-01-10,424.63,424.63,0.0,On-time
PAY0005630,LOAN0000586,CUST0000121,2023-06-04,,843.94,0.0,,Missed
PAY0005631,LOAN0000519,CUST0000619,2023-03-25,2023-03-23,150.47,150.47,0.0,On-time
PAY0005632,LOAN0000407,CUST0000624,2026-06-23,2026-07-08,250.13,250.13,15.0,Late
PAY0005633,LOAN0000142,CUST0000897,2025-04-21,2025-04-19,459.08,459.08,0.0,On-time
PAY0005634,LOAN0000226,CUST0000893,2025-08-01,2025-09-14,101.32,101.32,44.0,Late
PAY0005635,LOAN0000110,CUST0000466,2024-07-23,2024-07-22,434.4,434.4,0.0,On-time
PAY0005636,LOAN0000249,CUST0000632,2023-05-12,2023-01-08,1134.85,1134.85,0.0,On-time
PAY0005637,LOAN0000142,CUST0000897,2025-07-21,2025-07-20,459.08,459.08,0.0,On-time
PAY0005638,LOAN0000461,CUST0000893,2026-03-26,2023-08-09,13.08,13.08,44.0,Late
PAY0005639,LOAN0000239,CUST0000856,2025-09-09,2025-09-08,160.45,160.45,0.0,On-time
PAY0005640,LOAN0000555,CUST0000407,2025-10-30,,109.67,109.67,0.0,On-time
PAY0005641,LOAN0000384,CUST0000497,2026-07-30,2026-07-30,97.43,97.43,0.0,On-time
PAY0005642,LOAN0000528,CUST0000832,2024-09-02,2024-09-01,436.3,436.3,0.0,OK
PAY0005643,LOAN0000387,CUST0000070,2025-03-17,2025-03-15,284.03,284.03,0.0,On-time
PAY0005644,LOAN0000286,CUST0000607,2024-08-22,2024-08-20,448.57,448.57,0.0,On-time
PAY0005645,LOAN0000311,CUST0000689,2024-11-22,,184.19,0.0,,Missed
PAY0005646,LOAN0000138,CUST0000052,2023-12-04,2023-12-04,332.64,332.64,0.0,On-time
PAY0005647,LOAN0000578,CUST0000916,2022-10-31,2021-12-24,335.27,335.27,0.0,On-time
PAY0005648,LOAN0000123,CUST0000662,2025-12-22,2025-12-20,276.96,276.96,0.0,On-time
PAY0005649,LOAN0000566,CUST0000236,2024-11-30,2024-11-29,205.31,205.31,0.0,On-time
PAY0005650,LOAN0000318,CUST0000451,2024-09-12,2024-09-11,1389.25,1389.25,0.0,On-time
PAY0005651,LOAN0000461,CUST0000893,2024-12-24,2024-12-23,13.08,13.08,0.0,On-time
PAY0005652,LOAN0000110,CUST0000466,2026-02-21,2026-02-21,434.4,434.4,0.0,On-time
PAY0005653,LOAN0000368,CUST0000389,2025-12-19,2025-12-18,207.2,207.2,0.0,On-time
PAY0005654,LOAN0000185,CUST0000327,2024-06-10,2024-06-08,89.29,89.29,0.0,On-time
PAY0005655,LOAN0000230,CUST0000869,2025-03-24,2025-03-24,271.38,271.38,0.0,On-time
PAY0005656,LOAN0000234,CUST0000396,2022-06-10,2022-06-10,235.35,235.35,0.0,On-time
PAY0005657,LOAN0000591,CUST0000472,2026-08-22,2026-08-20,173.16,173.16,0.0,On-time
PAY0005658,LOAN0000347,CUST0000702,2025-04-02,2025-04-02,1078.58,1078.58,0.0,On-time
PAY0005659,LOAN0000425,CUST0000755,2025-11-30,2025-11-30,351.83,351.83,0.0,On-time
PAY0005660,LOAN0000279,CUST0000696,2025-11-23,2025-11-29,28.99,28.99,6.0,Late
PAY0005661,LOAN0000306,CUST0000956,2024-06-04,2024-06-04,605.15,605.15,0.0,On-time
PAY0005662,LOAN0000081,CUST0000682,2023-06-20,2023-06-20,377.89,377.89,0.0,On-time
PAY0005663,LOAN0000343,CUST0000618,2023-02-02,2023-01-31,2825.66,-857.1,0.0,Partial
PAY0005664,LOAN0000002,CUST0000552,2024-10-01,,38.11,0.0,,Missed
PAY0005665,LOAN0000142,CUST0000897,2024-03-21,2024-04-19,459.08,459.08,29.0,Late
PAY0005666,LOAN0000440,CUST0000395,2024-12-22,2024-12-21,555.31,555.31,0.0,On-time
PAY0005667,LOAN0000224,CUST0000556,2024-09-23,,1054.15,0.0,,Missed
PAY0005668,LOAN0000135,CUST0000757,2025-09-13,,192.49,0.0,,MISSED
PAY0005669,LOAN0000458,CUST0000426,2025-12-12,2025-12-10,139.78,139.78,0.0,On-time
PAY0005670,LOAN0000406,CUST0000519,2025-03-09,2025-03-07,179.61,179.61,0.0,On-time
PAY0005671,LOAN0000299,CUST0000136,2023-04-07,2023-04-07,486.64,486.64,0.0,On-time
PAY0005672,LOAN0000385,CUST0000435,2024-09-27,2024-09-25,394.76,394.76,0.0,On-time
PAY0005673,LOAN0000535,CUST0000528,2023-04-27,2023-04-25,1034.18,1034.18,0.0,On-time
PAY0005674,LOAN0000162,CUST0000866,2025-04-19,2025-04-19,533.21,533.21,0.0,On-time
PAY0005675,LOAN0000505,CUST0000062,2024-02-17,2024-03-23,50.36,50.36,35.0,Late
PAY0005676,LOAN0000484,CUST0000147,2026-01-19,2026-01-18,133.74,,0.0,On-time
PAY0005677,LOAN0000238,CUST0000420,2026-03-02,2026-02-28,346.74,346.74,0.0,On-time
PAY0005678,LOAN0000309,CUST0000107,2025-02-09,2025-02-07,3173.09,3173.09,0.0,On-time
PAY0005679,LOAN0000202,CUST0000060,2025-04-22,2025-04-20,65.87,30.96,0.0,Partial
PAY0005680,LOAN0000478,CUST0000586,2024-08-15,2024-08-15,382.05,-382.05,0.0,On-time
PAY0005681,LOAN0000249,CUST0000632,2024-02-10,2024-02-10,1134.85,1134.85,0.0,On-time
PAY0005682,LOAN0000110,CUST0000466,2025-01-21,2025-01-20,434.4,434.4,0.0,On-time
PAY0005683,LOAN0000149,CUST0000764,2025-03-10,2025-03-23,556.36,556.36,13.0,Late
PAY0005684,LOAN0000590,CUST0000731,2025-06-04,2025-06-04,425.85,425.85,0.0,On-time
PAY0005685,LOAN0000034,CUST0000621,2023-12-12,2023-12-11,145.27,145.27,0.0,On-time
PAY0005686,LOAN0000117,CUST0000975,2024-07-31,,466.71,0.0,,Missed
PAY0005687,LOAN0000153,CUST0000245,2024-11-22,,313.95,0.0,,Missed
PAY0005688,LOAN0000212,CUST0000244,2022-08-17,2022-08-16,648.42,648.42,0.0,On-time
PAY0005689,LOAN0000288,CUST0000370,2026-01-19,2026-01-17,476.12,476.12,0.0,On-time
PAY0005690,LOAN0000390,CUST0000310,2024-05-23,2024-05-21,377.65,377.65,0.0,On-time
PAY0005691,LOAN0000484,CUST0000147,2026-06-20,2026-06-18,133.74,133.74,0.0,On-time
PAY0005692,LOAN0000480,CUST0000765,2026-01-06,2026-01-05,517.76,517.76,0.0,On-time
PAY0005693,LOAN0000156,CUST0000047,2023-11-14,2023-11-12,19.97,19.97,0.0,On-time
PAY0005694,LOAN0000046,CUST0000361,2024-08-17,2024-08-17,1162.93,1162.93,0.0,On-time
PAY0005695,LOAN0000532,CUST0000330,2025-07-31,2025-09-07,677.86,677.86,38.0,Late
PAY0005696,LOAN0000272,CUST0000177,2022-11-01,2022-12-04,248.57,248.57,33.0,Late
PAY0005697,LOAN0000156,CUST0000047,2025-03-15,2025-03-15,19.97,19.97,0.0,On-time
PAY0005698,LOAN0000480,CUST0000765,2025-04-07,2025-04-22,517.76,517.76,15.0,Late
PAY0005699,LOAN0000111,CUST0000196,2024-02-06,2024-02-04,640.44,640.44,0.0,On-time
PAY0005700,LOAN0000180,CUST0000371,2025-08-10,,422.07,422.07,5.0,Late
PAY0005701,LOAN0000071,CUST0000250,2023-12-22,,190.79,0.0,,Missed
PAY0005702,LOAN0000541,CUST0000470,2024-12-29,2024-12-27,1284.91,1284.91,0.0,On-time
PAY0005703,LOAN0000034,CUST0000621,2023-07-13,2023-07-11,145.27,145.27,0.0,On-time
PAY0005704,LOAN0000232,CUST0000762,2025-09-22,2025-09-21,30.32,30.32,0.0,On-time
PAY0005705,LOAN0000097,CUST0000674,2025-09-10,2025-09-10,41.25,41.25,0.0,On-time
PAY0005706,LOAN0000311,CUST0000689,2023-11-23,2023-11-22,184.19,184.19,0.0,ON-TIME
PAY0005707,LOAN0000066,CUST0000604,2023-06-18,2023-06-18,277.59,277.59,0.0,On-time
PAY0005708,LOAN0000253,CUST0000066,2024-11-22,2024-11-20,384.38,384.38,0.0,On-time
PAY0005709,LOAN0000556,CUST0000773,2023-08-21,2023-08-20,76.7,76.7,0.0,On-time
PAY0005710,LOAN0000416,CUST0000611,2025-11-07,2025-11-27,21.6,21.6,20.0,Late
PAY0005711,LOAN0000320,CUST0000394,2026-04-23,2026-04-22,637.39,637.39,0.0,On-time
PAY0005712,LOAN0000136,CUST0000678,2023-12-13,2023-12-13,62.52,62.52,0.0,On-time
PAY0005713,LOAN0000370,CUST0000869,2024-05-28,2024-05-27,778.37,778.37,0.0,On-time
PAY0005714,LOAN0000361,CUST0000306,2024-06-06,2024-06-23,413.38,413.38,17.0,Late
PAY0005715,LOAN0000514,CUST0000224,2022-11-20,2022-11-19,1266.69,1266.69,0.0,On-time
PAY0005716,LOAN0000259,CUST0000175,2026-03-24,2026-03-24,393.56,393.56,0.0,On-time
PAY0005717,LOAN0000076,CUST0000869,2026-07-29,2026-07-29,241.76,241.76,0.0,On-time
PAY0005718,LOAN0000367,CUST0000236,2026-06-19,2026-06-19,898.01,898.01,0.0,On-time
PAY0005719,LOAN0000065,CUST0000934,2026-08-15,2026-08-13,395.77,206.79,0.0,Partial
PAY0005720,LOAN0000335,CUST0000661,2026-01-03,2026-01-01,117.54,117.54,0.0,On-time
PAY0005721,LOAN0000453,CUST0000869,2023-07-14,2023-07-13,1543.9,1543.9,0.0,On-time
PAY0005722,LOAN0000320,CUST0000394,2025-07-23,2025-07-22,637.39,637.39,0.0,On-time
PAY0005723,LOAN0000494,CUST0000188,2024-06-25,2024-06-25,1276.54,1276.54,0.0,On-time
PAY0005724,LOAN0000217,CUST0000492,2026-01-03,2026-01-02,683.75,683.75,0.0,On-time
PAY0005725,LOAN0000123,CUST0000662,2025-04-22,2025-04-21,276.96,276.96,0.0,On-time
PAY0005726,LOAN0000307,CUST0000607,2026-01-16,2026-01-14,683.32,683.32,0.0,On-time
PAY0005727,LOAN0000027,CUST0000457,2024-01-20,2024-01-19,240.0,240.0,0.0,On-time
PAY0005728,LOAN0000355,CUST0000771,2026-04-29,2026-04-28,2611.51,2611.51,0.0,On-time
PAY0005729,LOAN0000425,CUST0000755,2023-12-30,2023-12-30,351.83,351.83,0.0,On-time
PAY0005730,LOAN0000183,CUST0000713,2023-11-22,2023-11-20,588.68,588.68,0.0,On-time
PAY0005731,LOAN0000277,CUST0000636,2026-05-05,2026-05-04,286.48,286.48,0.0,On-time
PAY0005732,LOAN0000136,CUST0000678,2025-03-14,2025-03-13,62.52,62.52,0.0,On-time
PAY0005733,LOAN0000043,CUST0000911,2025-03-09,2025-03-07,304.1,304.1,0.0,On-time
PAY0005734,LOAN0000296,CUST0000997,2026-07-08,2026-07-08,305.84,305.84,0.0,On-time
PAY0005735,LOAN0000345,CUST0000724,2023-05-27,2023-05-26,906.51,906.51,0.0,On-time
PAY0005736,LOAN0000144,CUST0000143,2023-04-17,2023-04-15,184.57,184.57,0.0,On-time
PAY0005737,LOAN0000257,CUST0000699,2024-11-24,2024-11-24,1022.97,1022.97,0.0,On-time
PAY0005738,LOAN0000131,CUST0000115,2025-01-03,,62.49,0.0,,Missed
PAY0005739,LOAN0000124,CUST0000801,2022-11-25,2022-11-23,715.13,715.13,0.0,On-time
PAY0005740,LOAN0000536,CUST0000581,2022-10-16,2022-10-15,246.77,246.77,0.0,On-time
PAY0005741,LOAN0000588,CUST0000382,2026-05-30,2026-05-30,148.33,148.33,0.0,On-time
PAY0005742,LOAN0000556,CUST0000773,2024-08-20,2024-08-19,76.7,76.7,0.0,On-time
PAY0005743,LOAN0000201,CUST0000283,2023-12-30,2023-12-28,640.87,640.87,0.0,On-time
PAY0005744,LOAN0000578,CUST0000916,2025-07-01,2025-06-29,335.27,335.27,0.0,On-time
PAY0005745,LOAN0000461,CUST0000893,2025-06-25,2025-06-23,13.08,13.08,0.0,On-time
PAY0005746,LOAN0000012,CUST0000725,2024-12-21,2024-12-19,607.42,607.42,0.0,On-time
PAY0005747,LOAN0000012,CUST0000725,2025-10-21,2025-10-21,607.42,607.42,0.0,On-time
PAY0005748,LOAN0000019,CUST0000441,2022-06-30,2022-06-30,2083.16,2083.16,0.0,On-time
PAY0005749,LOAN0000399,CUST0000797,2025-02-20,2025-02-19,375.73,375.73,0.0,On-time
PAY0005750,LOAN0000339,CUST0000384,2026-03-24,2026-03-24,83.06,83.06,0.0,On Time
PAY0005751,LOAN0000521,CUST0000273,2026-05-03,2026-05-27,1356.42,1356.42,24.0,Late
PAY0005752,LOAN0000587,CUST0000313,2025-10-24,2025-10-23,268.66,268.66,0.0,On-time
PAY0005753,LOAN0000520,CUST0000697,2023-11-14,2023-11-13,168.67,168.67,0.0,On-time
PAY0005754,LOAN0000371,CUST0000522,2026-08-06,,1425.12,0.0,,Missed
PAY0005755,LOAN0000282,CUST0000724,2025-10-23,,67.12,0.0,,Missed
PAY0005756,LOAN0000564,CUST0000695,2023-02-13,2023-02-13,471.54,471.54,0.0,On-time
PAY0005757,LOAN0000080,CUST0000004,2025-11-17,2025-11-28,855.13,855.13,11.0,Late
PAY0005758,LOAN0000119,CUST0000188,2022-11-14,,820.41,0.0,,Missed
PAY0005759,LOAN0000301,CUST0000438,2025-11-03,2025-11-17,160.1,-160.1,14.0,Late
PAY0005760,LOAN0000501,CUST0000055,2026-01-04,2026-01-03,762.76,762.76,0.0,On-time
PAY0005761,LOAN0000547,CUST0000422,2025-01-18,2025-01-17,244.53,244.53,0.0,On-time
PAY0005762,LOAN0000553,CUST0000515,2025-01-25,2025-01-23,108.09,108.09,0.0,On-time
PAY0005763,LOAN0000152,CUST0000805,2024-10-16,2024-10-15,546.78,546.78,0.0,On-time
PAY0005764,LOAN0000176,CUST0000098,2026-02-26,2026-02-25,654.28,654.28,0.0,On-time
PAY0005765,LOAN0000108,CUST0000303,2024-07-31,2024-07-29,115.22,115.22,0.0,On-time
PAY0005766,LOAN0000549,CUST0000293,2026-02-01,2026-03-13,155.52,155.52,40.0,Late
PAY0005767,LOAN0000138,CUST0000052,2025-05-05,,332.64,276.34,0.0,Partial
PAY0005768,LOAN0000156,CUST0000047,2022-06-14,2022-06-14,19.97,19.97,0.0,On-time
PAY0005769,LOAN0000589,CUST0000517,2024-07-01,,611.86,611.86,0.0,On-time
PAY0005770,LOAN0000380,CUST0000036,2025-08-27,2025-08-26,719.07,719.07,0.0,On-time
PAY0005771,LOAN0000491,CUST0000360,2024-11-11,2024-11-09,1483.2,1483.2,0.0,On-time
PAY0005772,LOAN0000504,CUST0000953,2026-07-21,2026-07-21,228.62,228.62,0.0,On-time
PAY0005773,LOAN0000244,CUST0000562,2026-03-31,2026-03-29,683.64,683.64,0.0,On-time
PAY0005774,LOAN0000196,CUST0000862,2026-02-15,2026-03-25,272.29,272.29,38.0,Late
PAY0005775,LOAN0000338,CUST0000083,2024-12-30,2024-12-30,1081.84,1081.84,0.0,On-time
PAY0005776,LOAN0000156,CUST0000047,2022-03-15,2022-03-15,19.97,19.97,0.0,On-time
PAY0005777,LOAN0000541,CUST0000470,2025-10-30,2025-10-28,1284.91,1284.91,0.0,On-time
PAY0005778,LOAN0000351,CUST0000434,2022-06-01,2022-05-31,901.14,901.14,0.0,On-time
PAY0005779,LOAN0000329,CUST0000886,2025-04-07,2025-04-06,1126.34,1126.34,0.0,On-time
PAY0005780,LOAN0000134,CUST0000241,2026-02-04,2026-02-04,373.64,373.64,0.0,On-time
PAY0005781,LOAN0000030,CUST0000694,2025-08-06,2025-08-04,925.59,925.59,0.0,On-time
PAY0005782,LOAN0000549,CUST0000293,2025-09-02,2025-09-02,155.52,,0.0,On-time
PAY0005783,LOAN0000051,CUST0000838,2025-09-22,,1474.03,1474.03,33.0,Late
PAY0005784,LOAN0000368,CUST0000389,2025-11-19,2025-11-17,207.2,207.2,0.0,On-time
PAY0005785,LOAN0000139,CUST0000859,2024-06-10,2024-06-10,627.26,627.26,0.0,On-time
PAY0005786,LOAN0000555,CUST0000407,2023-07-31,2023-07-31,109.67,109.67,0.0,On-time
PAY0005787,LOAN0000581,CUST0000592,2023-11-17,2023-11-15,927.68,927.68,0.0,On-time
PAY0005788,LOAN0000038,CUST0000515,2026-07-16,2026-07-14,169.73,169.73,0.0,On-time
PAY0005789,LOAN0000051,CUST0000838,2024-06-22,2024-06-20,1474.03,1474.03,0.0,On-time
PAY0005790,LOAN0000241,CUST0000791,2026-06-24,2026-06-24,386.8,386.8,0.0,On-time
PAY0005791,LOAN0000364,CUST0000322,2024-02-02,2024-02-01,86.55,86.55,0.0,On-time
PAY0005792,LOAN0000418,CUST0000918,2025-08-11,2025-08-10,86.17,86.17,0.0,On-time
PAY0005793,LOAN0000055,CUST0000726,2023-06-28,2023-06-27,399.72,399.72,0.0,On-time
PAY0005794,LOAN0000139,CUST0000859,2025-11-10,2025-11-09,627.26,627.26,0.0,On-time
PAY0005795,LOAN0000513,CUST0000621,2024-05-31,2024-05-29,667.76,667.76,0.0,On-time
PAY0005796,LOAN0000364,CUST0000322,2025-06-03,2025-06-19,86.55,86.55,16.0,Late
PAY0005797,LOAN0000425,CUST0000755,2026-05-31,2026-05-30,351.83,351.83,0.0,On-time
PAY0005798,LOAN0000027,CUST0000457,2024-04-21,2024-04-20,240.0,240.0,0.0,On-time
PAY0005799,LOAN0000371,CUST0000522,2024-02-04,2024-02-03,1425.12,1425.12,0.0,On-time
PAY0005800,LOAN0000063,CUST0000024,2026-02-17,2026-02-15,101.19,101.19,0.0,On-time
PAY0005801,LOAN0000288,CUST0000370,2025-05-20,2025-05-20,476.12,476.12,0.0,On-time
PAY0005802,LOAN0000553,CUST0000515,2024-12-26,2024-12-24,108.09,33.19,0.0,Partial
PAY0005803,LOAN0000152,CUST0000805,2024-06-16,,546.78,0.0,,Missed
PAY0005804,LOAN0000192,CUST0000222,2024-02-12,2024-02-12,834.2,834.2,0.0,On-time
PAY0005805,LOAN0000132,CUST0000669,2024-09-15,2024-09-15,628.47,628.47,0.0,On-time
PAY0005806,LOAN0000530,CUST0000028,2026-02-22,2026-02-22,158.2,158.2,0.0,On-time
PAY0005807,LOAN0000212,CUST0000244,2023-08-17,2023-08-16,648.42,648.42,0.0,On-time
PAY0005808,LOAN0000206,CUST0000997,2025-12-24,,153.63,0.0,,Missed
PAY0005809,LOAN0000471,CUST0000761,2026-05-06,2026-05-04,123.33,123.33,0.0,On-time
PAY0005810,LOAN0000019,CUST0000441,2022-05-31,2022-05-29,2083.16,2083.16,0.0,On-time
PAY0005811,LOAN0000554,CUST0000181,2024-11-14,2024-11-13,33.52,33.52,0.0,On-time
PAY0005812,LOAN0000209,CUST0000225,2026-05-08,2026-05-06,295.37,295.37,0.0,On-time
PAY0005813,LOAN0000291,CUST0000987,2025-08-29,2025-08-29,424.49,424.49,0.0,On-time
PAY0005814,LOAN0000402,CUST0000072,2024-12-01,2024-12-01,158.38,158.38,0.0,On-time
PAY0005815,LOAN0000559,CUST0000824,2025-05-30,2025-05-30,176.29,176.29,0.0,On-time
PAY0005816,LOAN0000016,CUST0000359,2025-05-14,2025-05-14,424.63,424.63,0.0,On-time
PAY0005817,LOAN0000461,CUST0000893,2025-04-25,2025-04-24,13.08,13.08,0.0,On-time
PAY0005818,LOAN0000447,CUST0000186,2025-08-17,2025-08-15,350.47,251.65,0.0,Partial
PAY0005819,LOAN0000117,CUST0000975,2024-08-30,,466.71,0.0,,Missed
PAY0005820,LOAN0000540,CUST0000782,2024-10-13,2024-10-11,216.21,216.21,0.0,On-time
PAY0005821,LOAN0000265,CUST0000461,2026-04-04,2026-04-26,1752.19,1752.19,22.0,delayed
PAY0005822,LOAN0000232,CUST0000762,2021-11-22,2021-11-21,30.32,30.32,0.0,On-time
PAY0005823,LOAN0000173,CUST0000500,2024-02-27,2024-02-25,41.76,41.76,0.0,On-time
PAY0005824,LOAN0000454,CUST0000926,2026-07-02,2026-07-01,1716.2,1716.2,0.0,On-time
PAY0005825,LOAN0000156,CUST0000047,2026-07-15,2026-07-15,19.97,19.97,0.0,On-time
PAY0005826,LOAN0000293,CUST0000376,2026-07-13,,150.12,,,Missed
PAY0005827,LOAN0000177,CUST0000681,2026-03-28,2026-03-26,93.84,93.84,0.0,On-time
PAY0005828,LOAN0000222,CUST0000435,2025-02-26,,384.39,0.0,,Missed
PAY0005829,LOAN0000528,CUST0000832,2024-07-03,2024-07-02,436.3,436.3,0.0,On-time
PAY0005830,LOAN0000052,CUST0000697,2022-02-22,2022-02-21,1339.51,1339.51,0.0,On-time
PAY0005831,LOAN0000250,CUST0000398,2026-06-30,2026-06-28,194.67,194.67,0.0,On-time
PAY0005832,LOAN0000253,CUST0000066,2024-08-23,2024-08-21,384.38,384.38,0.0,On-time
PAY0005833,LOAN0000416,CUST0000611,2022-10-08,,21.6,0.0,,Missed
PAY0005834,LOAN0000491,CUST0000360,2024-07-12,2024-07-12,1483.2,1483.2,0.0,On-time
PAY0005835,LOAN0000331,CUST0000879,2023-05-05,2023-05-03,70.21,70.21,0.0,On-time
PAY0005836,LOAN0000468,CUST0000469,2025-12-10,2025-12-08,418.52,-418.52,0.0,On-time
PAY0005837,LOAN0000388,CUST0000135,2025-06-12,2025-06-11,1240.37,1240.37,0.0,On-time
PAY0005838,LOAN0000129,CUST0000236,2023-11-08,2023-11-06,453.79,453.79,0.0,On-time
PAY0005839,LOAN0000539,CUST0000693,2025-07-03,2025-07-16,180.07,180.07,13.0,Late
PAY0005840,LOAN0000046,CUST0000361,2023-10-17,2023-10-15,1162.93,1162.93,0.0,On-time
PAY0005841,LOAN0000259,CUST0000175,2025-08-23,2025-08-21,393.56,393.56,0.0,On-time
PAY0005842,LOAN0000019,CUST0000441,2023-11-30,2023-11-29,2083.16,2083.16,0.0,On-time
PAY0005843,LOAN0000085,CUST0000020,2023-11-09,2023-11-07,1832.83,1832.83,0.0,On-time
PAY0005844,LOAN0000568,CUST0000389,2026-01-10,2026-01-08,206.47,206.47,0.0,On-time
PAY0005845,LOAN0000167,CUST0000260,2025-02-06,2025-02-05,974.84,-974.84,0.0,On-time
PAY0005846,LOAN0000412,CUST0000828,2025-02-03,2025-02-02,1316.93,1316.93,0.0,On-time
PAY0005847,LOAN0000020,CUST0000574,2026-03-26,2026-03-26,437.5,437.5,0.0,On-time
PAY0005848,LOAN0000119,CUST0000188,2024-04-15,2024-05-03,820.41,820.41,18.0,Late
PAY0005849,LOAN0000200,CUST0000200,2023-06-23,2023-06-23,263.49,263.49,0.0,On-time
PAY0005850,LOAN0000200,CUST0000200,2025-01-22,2025-01-21,263.49,263.49,0.0,On-time
PAY0005851,LOAN0000538,CUST0000126,2026-02-07,2026-02-06,360.05,360.05,0.0,On-time
PAY0005852,LOAN0000271,CUST0000310,2024-01-01,2023-12-31,1002.33,1002.33,0.0,On-time
PAY0005853,LOAN0000221,CUST0000720,2025-07-26,2025-07-25,836.91,836.91,0.0,On-time
PAY0005854,LOAN9200277,CUST0000937,2025-12-05,,1267.39,0.0,,Missed
PAY0005855,LOAN0000150,CUST0000901,2024-09-16,2024-09-14,421.66,421.66,0.0,On-time
PAY0005856,LOAN0000492,CUST0000089,2025-07-30,,348.69,0.0,,Missed
PAY0005857,LOAN0000484,CUST0000147,2025-09-19,2025-09-18,133.74,133.74,0.0,On-time
PAY0005858,LOAN0000205,CUST0000080,2024-10-26,2024-10-26,709.8,709.8,0.0,On-time
PAY0005859,LOAN0000054,CUST0000039,2026-07-28,2026-07-28,1066.58,1066.58,0.0,On-time
PAY0005860,LOAN0000493,CUST0000307,2024-10-20,,516.28,0.0,,Missed
PAY0005861,LOAN0000463,CUST0000684,2024-05-31,2024-05-29,397.2,397.2,0.0,On-time
PAY0005862,LOAN0000095,CUST0000488,2026-02-05,2026-02-05,153.78,153.78,0.0,On-time
PAY0005863,LOAN0000343,CUST0000618,2026-07-04,2026-07-02,2825.66,2825.66,0.0,On-time
PAY0005864,LOAN0000200,CUST0000200,2026-03-24,,263.49,0.0,,Missed
PAY0005865,LOAN0000003,CUST0000556,2025-12-13,2025-12-11,1906.25,1906.25,0.0,On-time
PAY0005866,LOAN0000051,CUST0000838,2023-03-24,,1474.03,0.0,,Failed
PAY0005867,LOAN0000556,CUST0000773,2023-07-22,2023-07-20,76.7,76.7,0.0,On-time
PAY0005868,LOAN0000538,CUST0000126,2023-05-09,2023-05-07,360.05,360.05,0.0,On-time
PAY0005869,LOAN0000454,CUST0000926,2025-10-01,2025-09-29,1716.2,1716.2,0.0,On-time
PAY0005870,LOAN0000453,CUST0000869,2023-03-15,2023-04-07,1543.9,1543.9,23.0,LATE
PAY0005871,LOAN0000576,CUST0000001,2025-05-04,2025-05-03,341.13,253.08,0.0,Partial
PAY0005872,LOAN0000267,CUST0000745,2026-03-11,,122.23,0.0,,Missed
PAY0005873,LOAN0000327,CUST0000225,2022-06-26,2022-06-26,214.19,214.19,0.0,On-time
PAY0005874,LOAN0000233,CUST0000781,2024-04-23,,2150.27,0.0,,Missed
PAY0005875,LOAN0000332,CUST0000127,2023-07-06,2023-07-06,119.33,119.33,0.0,On-time
PAY0005876,LOAN0000481,CUST0000429,2024-12-03,2024-12-03,227.01,227.01,0.0,On-time
PAY0005877,LOAN0000329,CUST0000886,2024-09-06,2024-09-04,1126.34,1126.34,0.0,On-time
PAY0005878,LOAN0000471,CUST0000761,2025-09-05,2025-09-05,123.33,123.33,0.0,On-time
PAY0005879,LOAN0000165,CUST0000907,2024-10-28,2024-12-05,48.21,48.21,38.0,Late
PAY0005880,LOAN0000483,CUST0000418,2025-07-06,2025-07-05,191.54,191.54,0.0,On-time
PAY0005881,LOAN0000207,CUST0000383,2023-06-17,2023-06-15,935.64,935.64,0.0,On-time
PAY0005882,LOAN0000277,CUST0000636,2025-11-03,2025-11-02,286.48,134.34,0.0,Partial
PAY0005883,LOAN0000560,CUST0000074,2025-12-22,2025-12-22,224.75,224.75,0.0,On-time
PAY0005884,LOAN0000572,CUST0000379,2025-11-30,2026-01-05,199.55,199.55,36.0,Late
PAY0005885,LOAN0000371,CUST0000522,2023-01-05,2023-01-04,1425.12,1425.12,0.0,On-time
PAY0005886,LOAN0000477,CUST0000436,2024-10-22,2024-10-22,14.8,14.8,0.0,On-time
PAY0005887,LOAN0000283,CUST0000045,2026-02-12,2026-02-12,57.8,57.8,0.0,On-time
PAY0005888,LOAN0000007,CUST0000718,2026-05-13,2026-05-12,669.61,669.61,0.0,On-time
PAY0005889,LOAN0000210,CUST0000782,2025-11-16,2025-11-25,324.08,324.08,9.0,Late
PAY0005890,LOAN0000160,CUST0000148,2024-04-16,2024-04-15,76.44,76.44,0.0,On-time
PAY0005891,LOAN0000149,CUST0000764,2023-05-10,2023-05-10,556.36,556.36,0.0,On-time
PAY0005892,LOAN0000061,CUST0000973,2026-07-24,2026-09-04,352.23,352.23,42.0,Late
PAY0005893,LOAN0000519,CUST0000619,2024-06-24,2024-06-23,150.47,150.47,0.0,On-time
PAY0005894,LOAN0000022,CUST0000637,2024-05-27,2021-12-08,78.37,78.37,0.0,On-time
PAY0005895,LOAN0000074,CUST0000096,2026-07-08,2026-07-12,325.95,325.95,4.0,Late
PAY0005896,LOAN0000025,CUST0000636,2025-03-30,2025-03-30,398.64,131.76,0.0,Partial
PAY0005897,LOAN0000417,CUST0000487,2024-05-16,2024-05-14,14.34,14.34,0.0,On-time
PAY0005898,LOAN0000222,CUST0000435,2024-12-27,2024-12-27,384.39,384.39,0.0,On-time
PAY0005899,LOAN0000555,CUST0000407,2023-02-28,2023-02-28,109.67,109.67,0.0,On-time
PAY0005900,LOAN0000076,CUST0000869,2026-05-29,2026-05-28,241.76,241.76,0.0,On-time
PAY0005901,LOAN0000099,CUST0000232,2024-10-13,2024-10-16,124.7,124.7,3.0,Late
PAY0005902,LOAN0000378,CUST0000321,2025-01-10,2025-02-17,1615.06,1615.06,38.0,Late
PAY0005903,LOAN0000189,CUST0000937,2026-08-05,,1267.39,0.0,,Missed
PAY0005904,LOAN0000101,CUST0000422,2026-04-16,2026-04-14,479.38,479.38,0.0,On-time
PAY0005905,LOAN0000090,CUST0000721,2023-10-20,2023-10-19,213.64,213.64,0.0,On-time
PAY0005906,LOAN0000470,CUST0000725,2023-07-04,2023-07-17,241.98,,13.0,Late
PAY0005907,LOAN0000481,CUST0000429,2024-06-04,2024-06-04,227.01,227.01,0.0,On-time
PAY0005908,LOAN0000395,CUST0000169,2025-08-09,2025-08-09,167.52,167.52,0.0,On-time
PAY0005909,LOAN0000428,CUST0000264,2025-12-04,2025-12-02,182.59,182.59,0.0,On-time
PAY0005910,LOAN0000338,CUST0000083,2025-05-31,2025-05-31,1081.84,1081.84,0.0,On-time
PAY0005911,LOAN0000559,CUST0000824,2025-07-30,2025-07-28,176.29,176.29,0.0,On-time
PAY0005912,LOAN0000491,CUST0000360,2024-09-11,2024-09-10,1483.2,1483.2,0.0,On-time
PAY0005913,LOAN0000488,CUST0000052,2025-11-10,2025-11-09,135.79,135.79,0.0,On-time
PAY0005914,LOAN0000246,CUST0000874,2024-11-09,2024-11-08,966.85,966.85,0.0,On-time
PAY0005915,LOAN0000403,CUST0000115,2022-07-20,2022-01-30,43.28,43.28,0.0,On-time
PAY0005916,LOAN0000234,CUST0000396,2022-04-10,2022-04-08,235.35,235.35,0.0,On-time
PAY0005917,LOAN0000224,CUST0000556,2025-11-24,,1054.15,0.0,,Missed
PAY0005918,LOAN0000101,CUST0000422,2026-07-16,2026-07-15,479.38,479.38,0.0,On-time
PAY0005919,LOAN0000296,CUST0000997,2025-09-07,2025-09-07,305.84,-305.84,0.0,On-time
PAY0005920,LOAN0000369,CUST0000699,2023-08-19,2023-09-26,863.87,863.87,38.0,Late
PAY0005921,LOAN0000047,CUST0000212,2024-01-14,2024-01-14,199.31,199.31,0.0,On-time
PAY0005922,LOAN0000120,CUST0000484,2026-03-14,2026-03-13,316.36,316.36,0.0,On-time
PAY0005923,LOAN0000548,CUST0000347,2024-12-28,2024-12-27,480.43,480.43,0.0,On-time
PAY0005924,LOAN0000407,CUST0000624,2026-03-23,2026-03-21,250.13,250.13,0.0,On-time
PAY0005925,LOAN0000156,CUST0000047,2025-05-15,2025-05-14,19.97,19.97,0.0,On-time
PAY0005926,LOAN0000072,CUST0000349,2023-06-08,2023-06-07,809.24,809.24,0.0,On-time
PAY0005927,LOAN0000311,CUST0000689,2025-02-22,2025-02-21,184.19,184.19,0.0,On-time
PAY0005928,LOAN0000291,CUST0000987,2024-07-30,2024-07-30,424.49,424.49,0.0,On-time
PAY0005929,LOAN0000059,CUST0000961,2024-02-22,2024-02-26,1372.66,1372.66,4.0,Late
PAY0005930,LOAN0000085,CUST0000020,2023-06-09,2023-06-07,1832.83,1832.83,0.0,On-time
PAY0005931,LOAN0000201,CUST0000283,2024-07-30,2024-08-10,640.87,640.87,11.0,Late
PAY0005932,LOAN0000213,CUST0000023,2022-08-26,2022-08-24,1149.89,1149.89,0.0,On-time
PAY0005933,LOAN0000243,CUST0000094,2023-07-10,,227.16,0.0,,Missed
PAY0005934,LOAN0000491,CUST0000360,2025-08-12,2025-08-12,1483.2,1483.2,0.0,On-time
PAY0005935,LOAN0000450,CUST0000307,2026-03-03,2026-03-02,205.25,205.25,0.0,On-time
PAY0005936,LOAN0000345,CUST0000724,2024-09-25,2024-09-23,906.51,906.51,0.0,On-time
PAY0005937,LOAN0000551,CUST0000153,2025-12-22,2025-12-22,1259.61,1259.61,0.0,On-time
PAY0005938,LOAN0000424,CUST0000831,2026-02-04,2026-02-02,306.66,306.66,0.0,On-time
PAY0005939,LOAN0000470,CUST0000725,2023-06-03,2023-06-03,241.98,241.98,0.0,On-time
PAY0005940,LOAN0000497,CUST0000929,2023-02-09,2023-03-18,891.0,891.0,37.0,Late
PAY0005941,LOAN0000333,CUST0000449,2024-11-08,2024-11-07,427.8,427.8,0.0,On-time
PAY0005942,LOAN0000370,CUST0000869,2025-03-28,2025-03-27,778.37,778.37,0.0,On-time
PAY0005943,LOAN0000503,CUST0000314,2026-08-18,2026-08-16,623.39,623.39,0.0,On-time
PAY0005944,LOAN0000145,CUST0000538,2024-01-21,2024-01-19,1202.85,1202.85,0.0,On-time
PAY0005945,LOAN0000469,CUST0000772,2022-09-25,2022-09-25,35.48,35.48,0.0,On-time
PAY0005946,LOAN0000555,CUST0000407,2026-01-29,2026-01-28,109.67,109.67,0.0,On-time
PAY0005947,LOAN0000012,CUST0000725,2023-03-22,2023-03-21,607.42,607.42,0.0,On-time
PAY0005948,LOAN0000262,CUST0000208,2026-05-05,2026-05-03,125.64,125.64,0.0,On-time
PAY0005949,LOAN0000366,CUST0000111,2023-05-11,2023-05-10,668.2,668.2,0.0,on time
PAY0005950,LOAN0000348,CUST0000228,2024-07-14,2024-07-13,140.46,140.46,0.0,On-time
PAY0005951,LOAN0000243,CUST0000094,2025-10-09,2025-10-07,227.16,227.16,0.0,On-time
PAY0005952,LOAN0000152,CUST0000805,2025-04-16,2025-04-15,546.78,546.78,0.0,On-time
PAY0005953,LOAN0000416,CUST0000611,2022-12-08,2022-12-07,21.6,6.9,0.0,Partial
PAY0005954,LOAN0000076,CUST0000869,2025-10-28,2025-10-28,241.76,241.76,0.0,On-time
PAY0005955,LOAN0000463,CUST0000684,2024-01-31,2024-01-31,397.2,248.82,0.0,Partial
PAY0005956,LOAN0000505,CUST0000062,2025-09-18,2025-09-17,50.36,50.36,0.0,On-time
PAY0005957,LOAN0000471,CUST0000761,2026-06-06,,123.33,123.33,0.0,On-time
PAY0005958,LOAN0000237,CUST0000988,2024-05-24,2024-05-24,1335.42,1335.42,0.0,On-time
PAY0005959,LOAN0000531,CUST0000891,2025-04-03,2025-04-03,344.43,,0.0,ON-TIME
PAY0005960,LOAN0000478,CUST0000586,2026-02-14,2026-02-14,382.05,382.05,0.0,On-time
PAY0005961,LOAN0000253,CUST0000066,2025-04-23,2025-04-22,384.38,384.38,0.0,On-time
PAY0005962,LOAN0000081,CUST0000682,2023-03-20,2023-03-19,377.89,377.89,0.0,On-time
PAY0005963,LOAN0000396,CUST0000533,2025-10-11,2025-10-20,668.92,668.92,9.0,Late
PAY0005964,LOAN0000052,CUST0000697,2023-10-24,2023-10-23,1339.51,-1339.51,0.0,On-time
PAY0005965,LOAN0000479,CUST0000957,2026-06-01,2026-05-30,284.06,284.06,0.0,On-time
PAY0005966,LOAN0000514,CUST0000224,2022-09-20,2022-09-20,1266.69,1266.69,0.0,On-time
PAY0005967,LOAN0000092,CUST0000314,2023-07-02,2023-07-02,657.71,657.71,0.0,On-time
PAY0005968,LOAN0000519,CUST0000619,2024-10-23,2024-10-23,150.47,150.47,0.0,On-time
PAY0005969,LOAN0000272,CUST0000177,2023-09-01,2023-09-24,248.57,248.57,23.0,Late
PAY0005970,LOAN0000039,CUST0000941,2024-04-25,2024-04-25,1194.92,1194.92,0.0,On-time
PAY0005971,LOAN0000162,CUST0000866,2024-11-17,2024-11-15,533.21,533.21,0.0,On-time
PAY0005972,LOAN0000465,CUST0000519,2025-01-07,2025-01-06,121.1,121.1,0.0,On-time
PAY0005973,LOAN0000363,CUST0000783,2024-03-29,2024-03-29,630.91,630.91,0.0,On-time
PAY0005974,LOAN0000290,CUST0000757,2025-01-13,,649.64,649.64,0.0,On-time
PAY0005975,LOAN0000521,CUST0000273,2025-03-03,,1356.42,1356.42,32.0,Late
PAY0005976,LOAN0000415,CUST0000528,2026-02-21,2026-02-20,661.37,661.37,0.0,On-time
PAY0005977,LOAN0000519,CUST0000619,2024-11-23,2024-11-22,150.47,150.47,0.0,On-time
PAY0005978,LOAN0000367,CUST0000236,2026-02-17,2026-02-15,898.01,898.01,0.0,On-time
PAY0005979,LOAN0000002,CUST0000552,2024-08-01,2024-07-30,38.11,38.11,0.0,On-time
PAY0005980,LOAN0000140,CUST0000221,2024-07-25,2024-07-23,83.09,83.09,0.0,On-time
PAY0005981,LOAN0000435,CUST0000593,2026-04-03,2026-04-03,856.63,856.63,0.0,On-time
PAY0005982,LOAN0000542,CUST0000668,2025-08-05,2025-08-03,286.55,286.55,0.0,On-time
PAY0005983,LOAN0000223,CUST0000379,2025-05-06,2025-05-04,176.49,176.49,0.0,On-time
PAY0005984,LOAN0000439,CUST0000280,2026-02-20,2026-02-20,216.4,216.4,0.0,On-time
PAY0005985,LOAN0000071,CUST0000250,2022-12-22,2022-12-21,190.79,190.79,0.0,On-time
PAY0005986,LOAN0000296,CUST0000997,2025-10-07,2025-10-05,305.84,305.84,0.0,On-time
PAY0005987,LOAN0000423,CUST0000564,2025-06-22,2025-06-20,43.59,43.59,0.0,On-time
PAY0005988,LOAN0000435,CUST0000593,2026-06-03,2026-06-02,856.63,856.63,0.0,On-time
PAY0005989,LOAN0000353,CUST0000832,2022-11-29,2022-11-28,1665.78,1665.78,0.0,On-time
PAY0005990,LOAN0000193,CUST0000003,2024-07-27,,466.75,0.0,,Missed
PAY0005991,LOAN0000538,CUST0000126,2023-12-08,2023-12-08,360.05,360.05,0.0,On-time
PAY0005992,LOAN0000161,CUST0000522,2023-07-29,2023-07-29,1392.51,1392.51,0.0,On-time
PAY0005993,LOAN0000137,CUST0000463,2026-05-20,,1149.63,,,Missed
PAY0005994,LOAN0000483,CUST0000418,2025-03-06,2025-03-04,191.54,191.54,0.0,On-time
PAY0005995,LOAN0000280,CUST0000816,2025-07-12,2025-07-10,1002.69,1002.69,0.0,ON-TIME
PAY0005996,LOAN0000026,CUST0000233,2024-10-16,2024-10-15,1026.87,1026.87,0.0,On-time
PAY0005997,LOAN0000557,CUST0000030,2025-07-01,2025-06-29,2011.13,938.59,0.0,Partial
PAY0005998,LOAN0000064,CUST0000818,2026-05-08,2026-05-24,499.21,499.21,16.0,Late
PAY0005999,LOAN0000454,CUST0000926,2026-06-02,2026-06-01,1716.2,1716.2,0.0,On-time
PAY0006000,LOAN0000552,CUST0000084,2026-06-02,2026-05-31,1713.59,1713.59,0.0,On-time
PAY0006001,LOAN0000513,CUST0000621,2025-07-01,2025-06-30,667.76,667.76,0.0,On-time
PAY0006002,LOAN0000216,CUST0000899,2026-08-20,2026-08-18,545.77,545.77,0.0,On-time
PAY0006003,LOAN0000436,CUST0000075,2024-04-14,,179.3,0.0,,Missed
PAY0006004,LOAN0000182,CUST0000834,2026-05-16,,39.57,0.0,,Missed
PAY0006005,LOAN0000174,CUST0000976,2025-10-11,2025-10-11,2107.17,977.37,0.0,Partial
PAY0006006,LOAN0000081,CUST0000682,2024-09-18,2024-09-17,377.89,377.89,0.0,On-time
PAY0006007,LOAN0000121,CUST0000032,2024-01-11,2024-01-18,685.92,685.92,7.0,Late
PAY0006008,LOAN0000147,CUST0000364,2022-02-25,2022-02-25,150.55,150.55,0.0,On-time
PAY0006009,LOAN0000411,CUST0000531,2026-04-11,2026-04-09,1187.31,1187.31,0.0,On-time
PAY0006010,LOAN0000238,CUST0000420,2024-12-01,2024-12-01,346.74,172.03,0.0,Partial
PAY0006011,LOAN0000159,CUST0000902,2024-11-21,2024-11-20,47.23,47.23,0.0,On-time
PAY0006012,LOAN0000491,CUST0000360,2026-05-13,2026-05-12,1483.2,1483.2,0.0,On-time
PAY0006013,LOAN0000155,CUST0000067,2026-01-29,2026-01-29,285.87,285.87,0.0,On-time
PAY0006014,LOAN0000279,CUST0000696,2024-02-23,2024-02-22,28.99,28.99,0.0,On-time
PAY0006015,LOAN0000094,CUST0000345,2023-06-01,2023-06-01,610.74,610.74,0.0,On-time
PAY0006016,LOAN0000237,CUST0000988,2024-01-23,2024-02-29,1335.42,1335.42,37.0,Late
PAY0006017,LOAN0000147,CUST0000364,2023-07-28,2023-07-28,150.55,150.55,0.0,On-time
PAY0006018,LOAN0000346,CUST0000988,2023-03-06,2023-03-04,186.55,113.22,0.0,Partial
PAY0006019,LOAN0000544,CUST0000897,2025-05-06,2025-05-04,1086.9,1086.9,0.0,On-time
PAY0006020,LOAN0000558,CUST0000843,2024-11-22,2024-11-22,115.54,115.54,0.0,On-time
PAY0006021,LOAN0000173,CUST0000500,2023-04-28,2023-04-28,41.76,41.76,0.0,On-time
PAY0006022,LOAN0000570,CUST0000530,2025-04-27,2025-04-27,390.97,390.97,0.0,On-time
PAY0006023,LOAN0000052,CUST0000697,2022-09-23,2022-09-23,1339.51,1339.51,0.0,On-time
PAY0006024,LOAN0000536,CUST0000581,2025-10-16,2025-10-15,246.77,246.77,0.0,On-time
PAY0006025,LOAN0000216,CUST0000899,2024-03-20,,545.77,0.0,,Missed
PAY0006026,LOAN0000087,CUST0000889,2024-10-05,2024-10-05,286.79,286.79,0.0,On-time
PAY0006027,LOAN0000557,CUST0000030,2023-09-30,2023-09-30,2011.13,1557.56,0.0,Partial
PAY0006028,LOAN0000463,CUST0000684,2022-08-01,2022-08-01,397.2,397.2,0.0,On-time
PAY0006029,LOAN0000140,CUST0000221,2026-01-24,2026-01-23,83.09,83.09,0.0,On-time
PAY0006030,LOAN0000583,CUST0000516,2023-05-28,2023-06-25,843.06,843.06,28.0,Late
PAY0006031,LOAN0000493,CUST0000307,2023-04-21,2023-04-21,516.28,516.28,0.0,On-time
PAY0006032,LOAN0000565,CUST0000504,2023-01-24,2023-01-22,554.46,554.46,0.0,On-time
PAY0006033,LOAN0000012,CUST0000725,2024-11-20,,607.42,0.0,,Missed
PAY0006034,LOAN0000271,CUST0000310,2023-06-02,2023-06-02,1002.33,1002.33,0.0,On-time
PAY0006035,LOAN0000418,CUST0000918,2023-03-12,2023-03-12,86.17,86.17,0.0,On-time
PAY0006036,LOAN0000167,CUST0000260,2024-01-07,,974.84,0.0,,Missed
PAY0006037,LOAN0000505,CUST0000062,2023-09-18,2023-09-18,50.36,50.36,0.0,On-time
PAY0006038,LOAN0000185,CUST0000327,2024-07-10,,89.29,0.0,,Missed
PAY0006039,LOAN0000071,CUST0000250,2026-01-21,,190.79,0.0,,Missed
PAY0006040,LOAN0000283,CUST0000045,2025-07-14,2025-08-24,57.8,57.8,41.0,Late
PAY0006041,LOAN0000099,CUST0000232,2026-01-13,2026-02-13,124.7,124.7,31.0,Late
PAY0006042,LOAN0000046,CUST0000361,2025-08-17,2025-08-17,1162.93,1162.93,0.0,On-time
PAY0006043,LOAN0000385,CUST0000435,2024-03-28,2024-03-27,394.76,120.29,0.0,Partial
PAY0006044,LOAN0000034,CUST0000621,2022-03-13,2022-03-11,145.27,145.27,0.0,On-time
PAY0006045,LOAN0000354,CUST0000677,2026-04-11,,103.03,103.03,0.0,On-time
PAY0006046,LOAN0000042,CUST0000954,2024-11-20,2024-11-18,518.03,518.03,0.0,On-time
PAY0006047,LOAN0000256,CUST0000931,2023-02-25,2023-02-25,94.47,94.47,0.0,On-time
PAY0006048,LOAN0000236,CUST0000945,2024-12-22,2024-12-20,123.89,94.35,0.0,Partial
PAY0006049,LOAN0000463,CUST0000684,2024-03-01,2024-02-28,397.2,397.2,0.0,On-time
PAY0006050,LOAN0000394,CUST0000050,2024-05-21,2024-06-23,566.23,566.23,33.0,Late
PAY0006051,LOAN0000056,CUST0000793,2025-07-22,2025-08-19,145.21,145.21,28.0,Late
PAY0006052,LOAN0000362,CUST0000964,2026-07-24,2026-07-23,924.47,924.47,0.0,On-time
PAY0006053,LOAN0000519,CUST0000619,2023-12-24,2023-12-23,150.47,150.47,0.0,On-time
PAY0006054,LOAN0000410,CUST0000712,2025-04-16,2025-04-16,696.51,696.51,0.0,On-time
PAY0006055,LOAN0000148,CUST0000105,2024-06-08,2024-06-06,2311.29,2311.29,0.0,On-time
PAY0006056,LOAN0000371,CUST0000522,2023-10-06,2023-10-04,1425.12,1425.12,0.0,On-time
PAY0006057,LOAN0000555,CUST0000407,2024-07-30,2024-08-29,109.67,109.67,30.0,Late
PAY0006058,LOAN0000170,CUST0000156,2023-12-16,2023-12-14,1293.11,1293.11,0.0,On-time
PAY0006059,LOAN0000506,CUST0000630,2024-11-11,2024-11-10,206.27,206.27,0.0,On-time
PAY0006060,LOAN0000369,CUST0000699,2023-03-20,,863.87,0.0,,Missed
PAY0006061,LOAN0000426,CUST0000297,2022-05-16,2022-05-15,370.17,370.17,0.0,On-time
PAY0006062,LOAN0000253,CUST0000066,2023-10-23,2023-10-23,384.38,384.38,0.0,On-time
PAY0006063,LOAN0000497,CUST0000929,2022-10-10,2022-10-29,891.0,,19.0,Late
PAY0006064,LOAN0000553,CUST0000515,2024-10-26,2024-10-24,108.09,108.09,0.0,On-time
PAY0006065,LOAN0000336,CUST0000690,2026-06-26,,52.94,0.0,,Missed
PAY0006066,LOAN0000064,CUST0000818,2024-10-06,2024-10-05,499.21,499.21,0.0,On-time
PAY0006067,LOAN0000168,CUST0000850,2026-04-01,2026-03-31,487.76,487.76,0.0,On-time
PAY0006068,LOAN0000122,CUST0000253,2024-09-03,2024-09-02,559.32,559.32,0.0,On-time
PAY0006069,LOAN0000232,CUST0000762,2025-04-23,2025-04-22,30.32,20.3,0.0,Partial
PAY0006070,LOAN0000578,CUST0000916,2024-01-31,2024-01-30,335.27,335.27,0.0,On-time
PAY0006071,LOAN0000579,CUST0000002,2024-02-25,2024-02-23,467.36,467.36,0.0,On-time
PAY0006072,LOAN0000147,CUST0000364,2024-11-26,2024-11-24,150.55,150.55,0.0,On-time
PAY0006073,LOAN0000226,CUST0000893,2023-11-01,2023-12-12,101.32,101.32,41.0,Late
PAY0006074,LOAN0000034,CUST0000621,2025-08-12,2025-08-10,145.27,-145.27,0.0,On-time
PAY0006075,LOAN0000450,CUST0000307,2025-08-02,,205.25,0.0,,Missed
PAY0006076,LOAN0000296,CUST0000997,2024-11-06,2024-11-05,305.84,305.84,0.0,On-time
PAY0006077,LOAN0000165,CUST0000907,2024-11-27,2025-01-02,48.21,48.21,36.0,Late
PAY0006078,LOAN0000368,CUST0000389,2025-06-19,2025-06-19,207.2,207.2,0.0,On-time
PAY0006079,LOAN0000566,CUST0000236,2023-10-01,,205.31,0.0,,Missed
PAY0006080,LOAN0000338,CUST0000083,2025-03-31,2025-04-11,1081.84,1081.84,11.0,Late
PAY0006081,LOAN0000463,CUST0000684,2023-07-02,2023-06-30,397.2,397.2,0.0,On-time
PAY0006082,LOAN0000525,CUST0000266,2026-05-18,2026-05-16,1088.92,1088.92,0.0,On-time
PAY0006083,LOAN0000559,CUST0000824,2023-03-30,2023-03-30,176.29,176.29,0.0,On-time
PAY0006084,LOAN0000021,CUST0000826,2025-03-19,2025-03-18,38.77,38.77,0.0,On-time
PAY0006085,LOAN0000442,CUST0000745,2025-09-04,2025-09-02,250.74,250.74,0.0,On-time
PAY0006086,LOAN0000136,CUST0000678,2022-04-13,2022-04-11,62.52,62.52,0.0,On-time
PAY0006087,LOAN0000483,CUST0000418,2024-01-05,2024-02-15,191.54,191.54,41.0,Late
PAY0006088,LOAN0000055,CUST0000726,2026-01-27,2026-01-27,399.72,399.72,0.0,On-time
PAY0006089,LOAN0000096,CUST0000078,2023-03-29,2023-03-28,811.36,811.36,0.0,On-time
PAY0006090,LOAN0000283,CUST0000045,2026-05-15,,57.8,0.0,,Missed
PAY0006091,LOAN0000417,CUST0000487,2023-11-15,2023-11-26,14.34,14.34,11.0,Late
PAY0006092,LOAN0000056,CUST0000793,2026-01-20,2026-01-19,145.21,145.21,0.0,On-time
PAY0006093,LOAN0000089,CUST0000928,2025-11-17,2025-11-15,258.83,258.83,0.0,On-time
PAY0006094,LOAN0000316,CUST0000547,2026-03-26,2026-03-26,258.01,258.01,0.0,On-time
PAY0006095,LOAN0000304,CUST0000594,2025-10-22,2025-10-20,284.1,206.52,0.0,Partial
PAY0006096,LOAN0000153,CUST0000245,2024-09-23,2024-09-23,313.95,313.95,0.0,On-time
PAY0006097,LOAN0000572,CUST0000379,2025-12-30,2025-12-30,199.55,199.55,0.0,On-time
PAY0006098,LOAN0000311,CUST0000689,2025-06-24,2025-06-24,184.19,184.19,0.0,On-time
PAY0006099,LOAN0000491,CUST0000360,2025-11-11,2025-11-10,1483.2,1483.2,0.0,On-time
PAY0006100,LOAN0000379,CUST0000174,2026-05-01,2026-04-29,349.88,-349.88,0.0,On-time
PAY0006101,LOAN0000567,CUST0000627,2025-08-28,2025-08-27,73.42,73.42,0.0,On-time
PAY0006102,LOAN0000209,CUST0000225,2025-04-07,,295.37,0.0,,Missed
PAY0006103,LOAN0000279,CUST0000696,2025-09-23,2025-09-22,28.99,28.99,0.0,On-time
PAY0006104,LOAN0000445,CUST0000768,2026-03-22,2026-03-22,375.99,375.99,0.0,On-time
PAY0006105,LOAN0000257,CUST0000699,2025-04-25,2025-04-25,1022.97,1022.97,0.0,on time
PAY0006106,LOAN0000119,CUST0000188,2025-04-15,2025-04-14,820.41,820.41,0.0,On-time
PAY0006107,LOAN0000385,CUST0000435,2023-09-28,2023-09-28,394.76,394.76,0.0,On-time
PAY0006108,LOAN0000486,CUST0000898,2026-02-11,2026-02-11,180.53,180.53,0.0,On-time
PAY0006109,LOAN0000410,CUST0000712,2025-11-15,2025-11-15,696.51,696.51,0.0,On-time
PAY0006110,LOAN0000289,CUST0000790,2025-09-09,2025-09-08,777.75,777.75,0.0,On-time
PAY0006111,LOAN0000454,CUST0000926,2025-12-31,2025-12-29,1716.2,1716.2,0.0,On-time
PAY0006112,LOAN0000559,CUST0000824,2023-04-30,,176.29,0.0,,Missed
PAY0006113,LOAN0000280,CUST0000816,2025-11-11,2025-11-11,1002.69,1002.69,0.0,On-time
PAY0006114,LOAN0000034,CUST0000621,2024-07-12,2024-08-13,145.27,145.27,32.0,Late
PAY0006115,LOAN0000158,CUST0000766,2026-06-23,,248.32,0.0,,Missed
PAY0006116,LOAN0000239,CUST0000856,2025-05-10,2025-05-08,160.45,160.45,0.0,On-time
PAY0006117,LOAN0000477,CUST0000436,2024-08-22,,14.8,0.0,,Missed
PAY0006118,LOAN0000087,CUST0000889,2025-11-04,2025-12-15,286.79,286.79,41.0,Late
PAY0006119,LOAN0000132,CUST0000669,2024-06-16,,628.47,0.0,,Missed
PAY0006120,LOAN0000564,CUST0000695,2023-03-15,2023-03-14,471.54,471.54,0.0,On-time
PAY0006121,LOAN0000012,CUST0000725,2022-08-21,,607.42,0.0,,Missed
PAY0006122,LOAN0000090,CUST0000721,2025-11-19,2025-11-17,213.64,90.45,0.0,Partial
PAY0006123,LOAN0000005,CUST0000678,2026-02-28,,25.92,0.0,,Missed
PAY0006124,LOAN0000560,CUST0000074,2025-11-22,2025-11-22,224.75,224.75,0.0,On-time
PAY0006125,LOAN0000051,CUST0000838,2023-02-21,2023-02-19,1474.03,672.47,0.0,Partial
PAY0006126,LOAN0000588,CUST0000382,2025-05-29,2025-05-29,148.33,148.33,0.0,On-time
PAY0006127,LOAN0000310,CUST0000432,2026-03-24,2026-03-24,362.83,362.83,0.0,On-time
PAY0006128,LOAN0000380,CUST0000036,2026-04-28,2026-04-28,719.07,719.07,0.0,On-time
PAY0006129,LOAN0000063,CUST0000024,2025-01-17,2025-01-16,101.19,101.19,0.0,On-time
PAY0006130,LOAN0000190,CUST0000337,2024-03-27,2024-04-15,293.17,293.17,19.0,Late
PAY0006131,LOAN0000063,CUST0000024,2025-02-17,2025-02-16,101.19,73.03,0.0,Partial
PAY0006132,LOAN0000469,CUST0000772,2023-10-26,2023-10-25,35.48,35.48,0.0,On-time
PAY0006133,LOAN0000530,CUST0000028,2026-08-24,2026-08-24,158.2,158.2,0.0,On-time
PAY0006134,LOAN0000148,CUST0000105,2023-02-07,2023-02-05,2311.29,2311.29,0.0,On-time
PAY0006135,LOAN0000027,CUST0000457,2025-10-21,2025-10-30,240.0,240.0,9.0,Late
PAY0006136,LOAN0000020,CUST0000574,2025-08-25,2025-08-25,437.5,437.5,0.0,On-time
PAY0006137,LOAN0000496,CUST0000211,2025-03-29,2025-03-29,488.18,488.18,0.0,On-time
PAY0006138,LOAN0000240,CUST0000608,2025-07-20,2025-07-20,533.89,533.89,0.0,On-time
PAY0006139,LOAN0000485,CUST0000678,2024-06-01,2024-05-30,174.48,174.48,0.0,On-time
PAY0006140,LOAN0000233,CUST0000781,2024-05-23,2024-05-21,2150.27,,0.0,On-time
PAY0006141,LOAN0000522,CUST0000507,2024-10-03,2024-10-01,1893.28,721.01,0.0,Partial
PAY0006142,LOAN0000587,CUST0000313,2024-06-23,2024-06-22,268.66,268.66,0.0,On-time
PAY0006143,LOAN0000305,CUST0000286,2025-04-23,2025-04-23,34.75,34.75,0.0,On-time
PAY0006144,LOAN0000101,CUST0000422,2026-05-17,2026-05-17,479.38,479.38,0.0,On-time
PAY0006145,LOAN0000046,CUST0000361,2024-11-16,2024-11-16,1162.93,1162.93,0.0,On-time
PAY0006146,LOAN0000526,CUST0000184,2025-09-25,2025-09-24,341.99,341.99,0.0,On Time
PAY0006147,LOAN0000232,CUST0000762,2023-11-22,2023-11-20,30.32,30.32,0.0,On-time
PAY0006148,LOAN0000167,CUST0000260,2024-05-08,2024-05-08,974.84,974.84,0.0,On-time
PAY0006149,LOAN0000499,CUST0000110,2025-09-01,2025-08-30,435.21,435.21,0.0,On-time
PAY0006150,LOAN0000540,CUST0000782,2024-03-14,2024-03-12,216.21,216.21,0.0,On-time
PAY0006151,LOAN0000499,CUST0000110,2025-08-01,2025-07-31,435.21,435.21,0.0,On-time
PAY0006152,LOAN0000363,CUST0000783,2024-04-28,2024-06-11,630.91,630.91,44.0,Late
PAY0006153,LOAN0000301,CUST0000438,2026-06-04,2026-06-04,160.1,160.1,0.0,OK
PAY0006154,LOAN0000406,CUST0000519,2024-10-08,2024-10-07,179.61,,0.0,On-time
PAY0006155,LOAN0000165,CUST0000907,2025-01-27,2025-03-03,48.21,-967.2926145938999,35.0,Late
PAY0006156,LOAN0000531,CUST0000891,2025-08-03,2025-08-01,344.43,344.43,0.0,On-time
PAY0006157,LOAN0000134,CUST0000241,2025-06-05,2025-06-25,373.64,373.64,20.0,Late
PAY0006158,LOAN0000336,CUST0000690,2024-11-24,2025-01-07,52.94,52.94,44.0,Late
PAY0006159,LOAN0000369,CUST0000699,2025-06-19,2025-06-17,863.87,863.87,0.0,On-time
PAY0006160,LOAN0000593,CUST0000684,2024-10-09,2024-10-09,300.58,300.58,0.0,On-time
PAY0006161,LOAN0000149,CUST0000764,2024-10-09,2024-10-08,556.36,,0.0,Partial
PAY0006162,LOAN0000027,CUST0000457,2024-07-21,2024-07-27,240.0,240.0,6.0,Late
PAY0006163,LOAN0000142,CUST0000897,2026-02-19,2026-02-18,459.08,459.08,0.0,On-time
PAY0006164,LOAN0000099,CUST0000232,2023-05-15,2023-05-14,124.7,124.7,0.0,On-time
PAY0006165,LOAN0000135,CUST0000757,2025-11-13,2025-11-13,192.49,192.49,0.0,On-time
PAY0006166,LOAN0000076,CUST0000869,2025-05-29,2025-05-28,241.76,241.76,0.0,On-time
PAY0006167,LOAN0000149,CUST0000764,2023-12-10,,556.36,0.0,,Missed
PAY0006168,LOAN0000176,CUST0000098,2024-06-28,2024-06-26,654.28,654.28,0.0,On-time
PAY0006169,LOAN0000509,CUST0000598,2025-03-24,2025-04-17,671.21,671.21,24.0,Late
PAY0006170,LOAN0000555,CUST0000407,2024-05-30,2024-05-30,109.67,109.67,0.0,On-time
PAY0006171,LOAN0000411,CUST0000531,2025-10-10,2025-10-08,1187.31,1187.31,0.0,On-time
PAY0006172,LOAN0000349,CUST0000776,2026-06-09,2026-06-09,367.15,367.15,0.0,On-time
PAY0006173,LOAN0000245,CUST0000346,2024-09-22,2024-09-21,1602.5,1602.5,0.0,On-time
PAY0006174,LOAN0000178,CUST0000675,2026-07-15,,963.41,0.0,,Missed
PAY0006175,LOAN0000078,CUST0000726,2023-11-22,2023-11-20,1123.26,1123.26,0.0,On-time
PAY0006176,LOAN0000291,CUST0000987,2024-05-30,2024-05-28,424.49,424.49,0.0,On-time
PAY0006177,LOAN0000449,CUST0000617,2022-11-17,,464.05,464.05,0.0,On-time
PAY0006178,LOAN0000451,CUST0000882,2024-05-20,2024-05-18,324.24,324.24,0.0,On-time
PAY0006179,LOAN0000371,CUST0000522,2026-02-04,,1425.12,0.0,,Missed
PAY0006180,LOAN0000329,CUST0000886,2025-11-06,2025-11-04,1126.34,1126.34,0.0,On-time
PAY0006181,LOAN0000329,CUST0000886,2023-01-06,2023-01-05,1126.34,1126.34,0.0,On-time
PAY0006182,LOAN0000414,CUST0000003,2025-06-12,2025-06-10,22.1,22.1,0.0,On-time
PAY0006183,LOAN0000100,CUST0000084,2024-03-24,2024-03-23,1277.87,,0.0,On-time
PAY0006184,LOAN0000412,CUST0000828,2024-07-04,2024-07-02,1316.93,1316.93,0.0,On-time
PAY0006185,LOAN0000256,CUST0000931,2024-06-26,2024-06-25,94.47,94.47,0.0,On-time
PAY0006186,LOAN0000027,CUST0000457,2023-11-21,2023-11-19,240.0,240.0,0.0,OK
PAY0006187,LOAN0000147,CUST0000364,2024-12-26,,150.55,0.0,,Missed
PAY0006188,LOAN0000222,CUST0000435,2024-10-27,,384.39,0.0,,Missed
PAY0006189,LOAN0000418,CUST0000918,2022-09-11,2022-09-10,86.17,86.17,0.0,On-time
PAY0006190,LOAN0000584,CUST0000129,2024-02-05,2024-02-05,135.36,135.36,0.0,On-time
PAY0006191,LOAN0000406,CUST0000519,2024-07-09,,179.61,0.0,,Missed
PAY0006192,LOAN0000120,CUST0000484,2025-10-13,2025-10-11,316.36,316.36,0.0,On-time
PAY0006193,LOAN0000433,CUST0000036,2026-07-28,,721.68,0.0,,Missed
PAY0006194,LOAN0000544,CUST0000897,2024-09-04,2024-09-04,1086.9,1086.9,0.0,On-time
PAY0006195,LOAN0000323,CUST0000103,2026-07-31,2026-08-09,50.87,50.87,9.0,Late
PAY0006196,LOAN0000290,CUST0000757,2024-08-14,2024-08-12,649.64,649.64,0.0,On-time
PAY0006197,LOAN0000332,CUST0000127,2025-01-04,2025-01-04,119.33,119.33,0.0,On-time
PAY0006198,LOAN0000386,CUST0000481,2024-07-13,2024-07-11,155.17,155.17,0.0,On-time
PAY0006199,LOAN0000259,CUST0000175,2025-09-23,2025-09-22,393.56,393.56,0.0,On-time
PAY0006200,LOAN0000186,CUST0000776,2026-07-15,2026-07-14,726.63,726.63,0.0,On-time
PAY0006201,LOAN0000112,CUST0000398,2024-11-30,,275.2,0.0,,On-time
PAY0006202,LOAN0000461,CUST0000893,2026-05-26,2026-05-26,13.08,13.08,0.0,On-time
PAY0006203,LOAN0000499,CUST0000110,2025-05-02,2025-05-01,435.21,435.21,0.0,On-time
PAY0006204,LOAN0000129,CUST0000236,2024-01-08,2024-01-07,453.79,453.79,0.0,On-time
PAY0006205,LOAN0000104,CUST0000488,2025-08-25,2025-08-23,199.65,199.65,0.0,On-time
PAY0006206,LOAN0000523,CUST0000015,2024-01-26,2024-01-25,566.64,566.64,0.0,On-time
PAY0006207,LOAN0000315,CUST0000259,2023-10-30,2023-10-28,962.31,962.31,0.0,On-time
PAY0006208,LOAN0000417,CUST0000487,2025-04-16,2025-04-14,14.34,14.34,0.0,On-time
PAY0006209,LOAN0000497,CUST0000929,2024-12-10,2024-12-08,891.0,891.0,0.0,On-time
PAY0006210,LOAN0000059,CUST0000961,2024-09-23,2024-09-23,1372.66,551.54,0.0,Partial
PAY0006211,LOAN0000404,CUST0000215,2026-04-29,2026-05-08,1462.43,1462.43,9.0,Late
PAY0006212,LOAN0000169,CUST0000889,2022-11-20,2022-11-19,1012.97,1012.97,0.0,On-time
PAY0006213,LOAN0000553,CUST0000515,2025-02-25,2025-03-13,108.09,108.09,16.0,Late
PAY0006214,LOAN0000129,CUST0000236,2022-12-08,2022-12-07,453.79,453.79,0.0,On-time
PAY0006215,LOAN0000394,CUST0000050,2022-11-20,2022-11-19,566.23,-566.23,0.0,On-time
PAY0006216,LOAN0000440,CUST0000395,2023-07-23,2023-07-21,555.31,555.31,0.0,On-time
PAY0006217,LOAN0000244,CUST0000562,2024-12-30,2024-12-30,683.64,,0.0,On-time
PAY0006218,LOAN0000299,CUST0000136,2024-09-05,2024-09-04,486.64,486.64,0.0,On-time
PAY0006219,LOAN0000481,CUST0000429,2024-07-04,2024-07-03,227.01,227.01,0.0,On-time
PAY0006220,LOAN0000061,CUST0000973,2026-04-23,2026-05-19,352.23,352.23,26.0,Late
PAY0006221,LOAN0000418,CUST0000918,2023-06-11,2023-06-19,86.17,86.17,8.0,Late
PAY0006222,LOAN0000263,CUST0000966,2024-02-09,2024-02-07,460.72,460.72,0.0,On-time
PAY0006223,LOAN0000363,CUST0000783,2024-12-28,2024-12-26,630.91,630.91,0.0,On-time
PAY0006224,LOAN0000370,CUST0000869,2025-05-28,2025-05-28,778.37,778.37,0.0,On-time
PAY0006225,LOAN0000567,CUST0000627,2025-01-27,2025-01-26,73.42,73.42,0.0,On-time
PAY0006226,LOAN0000423,CUST0000564,2026-05-23,2026-05-22,43.59,43.59,0.0,On-time
PAY0006227,LOAN0000350,CUST0000987,2024-06-17,2024-06-16,1972.9,1972.9,0.0,On-time
PAY0006228,LOAN0000528,CUST0000832,2024-08-02,2024-08-02,436.3,436.3,0.0,On-time
PAY0006229,LOAN0000045,CUST0000566,2025-05-14,,909.16,,,Missed
PAY0006230,LOAN0000316,CUST0000547,2025-11-24,,258.01,,,Missed
PAY0006231,LOAN0000119,CUST0000188,2025-01-14,2025-02-06,820.41,820.41,23.0,Late
PAY0006232,LOAN0000319,CUST0000112,2026-07-04,2026-07-02,132.31,132.31,0.0,On-time
PAY0006233,LOAN0000012,CUST0000725,2025-06-21,2025-07-26,607.42,607.42,35.0,Late
PAY0006234,LOAN0000506,CUST0000630,2025-08-12,2025-08-12,206.27,206.27,0.0,On-time
PAY0006235,LOAN0000211,CUST0000060,2024-08-26,2024-08-25,609.68,609.68,0.0,On-time
PAY0006236,LOAN0000548,CUST0000347,2023-05-30,2023-05-29,480.43,480.43,0.0,On-time
PAY0006237,LOAN0000343,CUST0000618,2023-05-05,2023-05-05,2825.66,2825.66,0.0,On-time
PAY0006238,LOAN0000346,CUST0000988,2024-08-05,2024-08-05,186.55,186.55,0.0,On-time
PAY0006239,LOAN0000466,CUST0000967,2025-12-30,2025-12-29,25.35,25.35,0.0,On-time
PAY0006240,LOAN0000290,CUST0000757,2026-08-14,2026-08-14,649.64,649.64,0.0,On-time
PAY0006241,LOAN0000410,CUST0000712,2025-09-16,2025-09-14,696.51,696.51,0.0,On-time
PAY0006242,LOAN0000505,CUST0000062,2026-05-19,2026-05-17,50.36,50.36,0.0,On-time
PAY0006243,LOAN0000401,CUST0000745,2026-07-07,2026-07-05,372.39,372.39,0.0,On-time
PAY0006244,LOAN0000283,CUST0000045,2026-07-15,2026-07-22,57.8,57.8,7.0,Late
PAY0006245,LOAN0000533,CUST0000725,2024-03-25,2024-03-23,1461.65,1461.65,0.0,On-time
PAY0006246,LOAN0000201,CUST0000283,2023-09-29,2023-09-29,640.87,640.87,0.0,On-time
PAY0006247,LOAN0000213,CUST0000023,2022-11-26,2022-11-25,1149.89,1149.89,0.0,On-time
PAY0006248,LOAN0000076,CUST0000869,2026-04-28,2026-04-28,241.76,241.76,0.0,On-time
PAY0006249,LOAN0000140,CUST0000221,2025-08-25,2025-08-24,83.09,83.09,0.0,On-time
PAY0006250,LOAN0000369,CUST0000699,2024-03-19,2024-03-18,863.87,863.87,0.0,On-time
PAY0006251,LOAN0000425,CUST0000755,2026-03-01,,351.83,351.83,0.0,On-time
PAY0006252,LOAN0000473,CUST0000340,2022-05-01,2022-04-30,528.94,528.94,0.0,On-time
PAY0006253,LOAN0000508,CUST0000151,2024-04-23,2024-04-22,359.97,359.97,0.0,On-time
PAY0006254,LOAN0000215,CUST0000448,2022-09-13,2022-09-11,1912.74,1912.74,0.0,On-time
PAY0006255,LOAN0000075,CUST0000330,2025-06-01,,300.89,0.0,,Missed
PAY0006256,LOAN0000432,CUST0000070,2024-06-24,2024-06-24,261.4,173.48,0.0,Partial
PAY0006257,LOAN0000503,CUST0000314,2026-06-18,2026-06-16,623.39,623.39,0.0,On-time
PAY0006258,LOAN0000463,CUST0000684,2023-04-01,2023-03-31,397.2,397.2,0.0,On-time
PAY0006259,LOAN0000222,CUST0000435,2024-07-27,,384.39,0.0,,Missed
PAY0006260,LOAN0000299,CUST0000136,2022-01-05,2022-01-05,486.64,486.64,0.0,On-time
PAY0006261,LOAN0000061,CUST0000973,2026-02-21,2026-02-20,352.23,352.23,0.0,On-time
PAY0006262,LOAN0000299,CUST0000136,2023-07-07,2023-07-05,486.64,486.64,0.0,On-time
PAY0006263,LOAN0000412,CUST0000828,2025-12-04,2025-12-04,1316.93,1316.93,0.0,On-time
PAY0006264,LOAN0000078,CUST0000726,2024-01-22,,1123.26,-695.767451409363,,Missed
PAY0006265,LOAN0000131,CUST0000115,2024-10-04,2024-10-02,62.49,62.49,0.0,on time
PAY0006266,LOAN0000520,CUST0000697,2024-01-14,2024-01-14,168.67,168.67,0.0,On-time
PAY0006267,LOAN0000477,CUST0000436,2026-03-23,2026-03-22,14.8,14.8,0.0,On-time
PAY0006268,LOAN0000183,CUST0000713,2022-09-22,2022-09-21,588.68,588.68,0.0,On-time
PAY0006269,LOAN0000320,CUST0000394,2024-10-22,2024-10-22,637.39,637.39,0.0,ON-TIME
PAY0006270,LOAN0000583,CUST0000516,2023-03-29,2023-03-28,843.06,843.06,0.0,On-time
PAY0006271,LOAN0000272,CUST0000177,2023-11-01,2023-11-01,248.57,248.57,0.0,On-time
PAY0006272,LOAN0000163,CUST0000003,2023-01-15,2023-01-15,488.31,488.31,0.0,On-time
PAY0006273,LOAN0000058,CUST0000978,2023-07-20,,909.7,909.7,0.0,On-time
PAY0006274,LOAN0000547,CUST0000422,2026-04-19,2026-04-18,244.53,130.27,0.0,Partial
PAY0006275,LOAN0000480,CUST0000765,2025-02-05,,517.76,0.0,,Missed
PAY0006276,LOAN0000080,CUST0000004,2023-12-18,,855.13,0.0,,Missed
PAY0006277,LOAN0000087,CUST0000889,2026-02-04,2026-02-02,286.79,286.79,0.0,On-time
PAY0006278,LOAN0000360,CUST0000875,2025-05-31,2025-05-29,17.76,17.76,0.0,On-time
PAY0006279,LOAN0000175,CUST0000265,2025-09-30,2025-09-28,344.59,344.59,0.0,On-time
PAY0006280,LOAN0000577,CUST0000268,2023-05-28,,33.72,0.0,,Missed
PAY0006281,LOAN0000184,CUST0000347,2025-10-11,2025-10-11,487.42,487.42,0.0,On-time
PAY0006282,LOAN0000057,CUST0000816,2025-11-24,2025-11-22,441.62,441.62,0.0,On-time
PAY0006283,LOAN0000221,CUST0000720,2026-06-26,2026-06-24,836.91,836.91,0.0,On-time
PAY0006284,LOAN0000575,CUST0000725,2025-12-09,2025-12-08,264.71,264.71,0.0,On-time
PAY0006285,LOAN0000568,CUST0000389,2025-07-12,,206.47,0.0,,Missed
PAY0006286,LOAN0000332,CUST0000127,2024-03-05,2024-03-06,119.33,119.33,1.0,Late
PAY0006287,LOAN0000216,CUST0000899,2025-11-19,2025-11-17,545.77,545.77,0.0,On-time
PAY0006288,LOAN0000131,CUST0000115,2025-05-05,2025-05-05,62.49,62.49,0.0,on time
PAY0006289,LOAN0000075,CUST0000330,2025-08-31,2025-08-31,300.89,300.89,0.0,On-time
PAY0006290,LOAN0000331,CUST0000879,2026-07-05,2026-07-04,70.21,70.21,0.0,On-time
PAY0006291,LOAN0000071,CUST0000250,2025-11-21,2025-11-20,190.79,190.79,0.0,On-time
PAY0006292,LOAN0000154,CUST0000605,2025-07-07,2025-07-06,218.73,218.73,0.0,On-time
PAY0006293,LOAN0000362,CUST0000964,2026-03-25,2026-03-24,924.47,924.47,0.0,On-time
PAY0006294,LOAN0000540,CUST0000782,2023-07-14,2023-07-13,216.21,216.21,0.0,On-time
PAY0006295,LOAN0000529,CUST0000838,2024-01-23,2024-02-25,513.54,513.54,33.0,Late
PAY0006296,LOAN0000068,CUST0000510,2023-08-14,2023-08-13,1394.11,1394.11,0.0,On-time
PAY0006297,LOAN0000560,CUST0000074,2026-06-23,2026-06-22,224.75,224.75,0.0,On-time
PAY0006298,LOAN0000386,CUST0000481,2022-05-13,2022-05-11,155.17,155.17,0.0,On-time
PAY0006299,LOAN0000017,CUST0000733,2023-04-20,2023-04-19,646.87,646.87,0.0,On-time
PAY0006300,LOAN0000169,CUST0000889,2022-09-20,,1012.97,0.0,,Missed
PAY0006301,LOAN0000115,CUST0000780,2024-02-12,2024-03-01,146.22,146.22,18.0,Late
PAY0006302,LOAN0000205,CUST0000080,2025-12-26,2025-12-24,709.8,709.8,0.0,On-time
PAY0006303,LOAN0000337,CUST0000035,2023-11-26,2023-11-26,210.97,-210.97,0.0,On-time
PAY0006304,LOAN0000423,CUST0000564,2026-07-23,2026-07-23,43.59,43.59,0.0,On-time
PAY0006305,LOAN0000041,CUST0000778,2026-05-13,2026-05-22,450.04,450.04,9.0,Late
PAY0006306,LOAN0000209,CUST0000225,2025-10-07,2025-10-05,295.37,295.37,0.0,On-time
PAY0006307,LOAN0000451,CUST0000882,2022-12-19,2022-12-17,324.24,324.24,0.0,On-time
PAY0006308,LOAN0000515,CUST0000228,2026-07-26,2026-07-25,89.12,89.12,0.0,On-time
PAY0006309,LOAN0000156,CUST0000047,2023-08-14,2023-09-22,19.97,19.97,39.0,Late
PAY0006310,LOAN0000485,CUST0000678,2026-01-31,2026-02-19,174.48,174.48,19.0,Late
PAY0006311,LOAN0000467,CUST0000635,2025-02-02,2025-01-31,225.47,225.47,0.0,On-time
PAY0006312,LOAN0000114,CUST0000879,2025-05-23,2025-05-22,203.52,203.52,0.0,On-time
PAY0006313,LOAN0000081,CUST0000682,2026-04-20,,377.89,0.0,,Missed
PAY0006314,LOAN0000181,CUST0000393,2025-04-21,2025-04-27,114.46,114.46,6.0,Late
PAY0006315,LOAN0000332,CUST0000127,2024-07-05,2024-07-19,119.33,119.33,14.0,Late
PAY0006316,LOAN0000280,CUST0000816,2025-09-11,2025-09-11,1002.69,755.65,0.0,Partial
PAY0006317,LOAN0000566,CUST0000236,2024-01-30,2024-01-28,205.31,205.31,0.0,On-time
PAY0006318,LOAN0000589,CUST0000517,2025-10-31,2025-10-31,611.86,611.86,0.0,On-time
PAY0006319,LOAN0000490,CUST0000017,2026-04-27,,265.48,0.0,,Missed
PAY0006320,LOAN0000105,CUST0000330,2026-03-25,2026-04-20,1277.68,1277.68,26.0,Late
PAY0006321,LOAN0000071,CUST0000250,2024-03-23,2024-03-21,190.79,190.79,0.0,On-time
PAY0006322,LOAN0000115,CUST0000780,2024-05-13,2024-05-26,146.22,146.22,13.0,Late
PAY0006323,LOAN0000075,CUST0000330,2025-07-31,,300.89,0.0,,Missed
PAY0006324,LOAN0000161,CUST0000522,2022-05-29,2022-05-29,1392.51,1392.51,0.0,On-time
PAY0006325,LOAN0000551,CUST0000153,2026-02-21,2026-02-20,1259.61,1259.61,0.0,On-time
PAY0006326,LOAN0000207,CUST0000383,2025-05-17,2025-05-15,935.64,935.64,0.0,on time
PAY0006327,LOAN0000470,CUST0000725,2026-08-03,2026-08-02,241.98,241.98,0.0,On-time
PAY0006328,LOAN0000304,CUST0000594,2025-05-23,,284.1,,0.0,On-time
PAY0006329,LOAN0000321,CUST0000418,2024-05-29,2024-05-28,172.06,172.06,0.0,On-time
PAY0006330,LOAN0000203,CUST0000928,2026-02-10,2026-02-10,478.83,478.83,0.0,On-time
PAY0006331,LOAN0000387,CUST0000070,2024-03-17,2024-04-28,284.03,284.03,42.0,Late
PAY0006332,LOAN0000436,CUST0000075,2026-08-15,,179.3,0.0,,Missed
PAY0006333,LOAN0000320,CUST0000394,2024-11-21,2024-11-20,637.39,637.39,0.0,On-time
PAY0006334,LOAN0000002,CUST0000552,2024-04-01,2024-04-01,38.11,38.11,0.0,On-time
PAY0006335,LOAN0000019,CUST0000441,2023-05-31,2023-05-30,2083.16,2083.16,0.0,On-time
PAY0006336,LOAN0000253,CUST0000066,2024-01-23,,384.38,384.38,0.0,On-time
PAY0006337,LOAN0000588,CUST0000382,2024-03-29,2024-03-28,148.33,148.33,0.0,On-time
PAY0006338,LOAN0000583,CUST0000516,2023-10-28,2023-10-27,843.06,843.06,0.0,On-time
PAY0006339,LOAN0000010,CUST0000577,2023-03-16,2023-03-14,3029.07,3029.07,0.0,On-time
PAY0006340,LOAN0000073,CUST0000266,2026-05-07,2026-05-07,101.83,101.83,0.0,On-time
PAY0006341,LOAN0000272,CUST0000177,2024-03-02,2024-03-02,248.57,248.57,0.0,On-time
PAY0006342,LOAN0000499,CUST0000110,2024-12-01,2024-12-01,435.21,435.21,0.0,On-time
PAY0006343,LOAN0000343,CUST0000618,2023-07-05,2023-07-05,2825.66,2825.66,0.0,On-time
PAY0006344,LOAN0000362,CUST0000964,2024-02-23,2024-02-22,924.47,924.47,0.0,On-time
PAY0006345,LOAN0000051,CUST0000838,2023-11-22,2023-12-20,1474.03,1474.03,28.0,Late
PAY0006346,LOAN0000317,CUST0000372,2026-05-02,2026-05-02,1076.49,1076.49,0.0,On-time
PAY0006347,LOAN0000188,CUST0000979,2022-11-10,2022-11-08,349.2,349.2,0.0,On-time
PAY0006348,LOAN0000336,CUST0000690,2025-12-25,2025-12-25,52.94,52.94,0.0,On-time
PAY0006349,LOAN0000369,CUST0000699,2024-06-19,2024-06-17,863.87,863.87,0.0,On-time
PAY0006350,LOAN0000425,CUST0000755,2025-04-30,2025-04-30,351.83,351.83,0.0,On-time
PAY0006351,LOAN0000266,CUST0000220,2026-05-12,2026-05-12,324.19,324.19,0.0,On-time
PAY0006352,LOAN0000304,CUST0000594,2025-11-22,2025-11-22,284.1,284.1,0.0,On-time
PAY0006353,LOAN0000071,CUST0000250,2024-05-22,2024-05-26,190.79,190.79,4.0,Late
PAY0006354,LOAN0000119,CUST0000188,2024-09-14,,820.41,0.0,,Missed
PAY0006355,LOAN0000123,CUST0000662,2026-06-23,2026-06-21,276.96,276.96,0.0,On-time
PAY0006356,LOAN0000283,CUST0000045,2023-11-14,2023-11-13,57.8,31.98,0.0,Partial
PAY0006357,LOAN0000394,CUST0000050,2023-04-21,2023-04-19,566.23,566.23,0.0,On-time
PAY0006358,LOAN0000459,CUST0000783,2026-08-07,2026-08-07,183.08,183.08,0.0,On-time
PAY0006359,LOAN0000119,CUST0000188,2024-06-15,,820.41,0.0,,Missed
PAY0006360,LOAN0000130,CUST0000431,2026-05-02,2026-05-01,570.84,570.84,0.0,On-time
PAY0006361,LOAN0000119,CUST0000188,2025-11-14,2025-11-14,820.41,372.75,0.0,Partial
PAY0006362,LOAN0000476,CUST0000898,2026-04-18,2026-04-18,642.92,642.92,0.0,On-time
PAY0006363,LOAN0000056,CUST0000793,2024-10-21,2024-10-19,145.21,145.21,0.0,On-time
PAY0006364,LOAN0000541,CUST0000470,2026-01-29,2026-02-14,1284.91,1284.91,16.0,delayed
PAY0006365,LOAN0000120,CUST0000484,2024-06-13,,316.36,0.0,,Missed
PAY0006366,LOAN0000488,CUST0000052,2023-10-11,2023-10-10,135.79,135.79,0.0,On-time
PAY0006367,LOAN0000583,CUST0000516,2023-07-28,2023-07-26,843.06,683.09,0.0,Partial
PAY0006368,LOAN0000527,CUST0000770,2024-11-21,2024-11-21,449.74,449.74,0.0,On-time
PAY0006369,LOAN0000553,CUST0000515,2025-08-26,2025-09-11,108.09,108.09,16.0,Late
PAY0006370,LOAN0000495,CUST0000046,2026-07-13,2026-07-12,393.71,228.7,0.0,Partial
PAY0006371,LOAN0000039,CUST0000941,2025-01-24,2025-01-22,1194.92,1194.92,0.0,On-time
PAY0006372,LOAN0000184,CUST0000347,2025-07-11,2025-07-10,487.42,487.42,0.0,On-time
PAY0006373,LOAN0000084,CUST0000835,2025-02-01,2025-01-31,1480.27,1480.27,0.0,On-time
PAY0006374,LOAN0000409,CUST0000196,2023-06-04,2023-06-02,4513.98,4513.98,0.0,On-time
PAY0006375,LOAN0000497,CUST0000929,2026-04-11,2026-04-18,891.0,891.0,7.0,Late
PAY0006376,LOAN0000581,CUST0000592,2024-02-16,2024-02-15,927.68,927.68,0.0,On-time
PAY0006377,LOAN0000126,CUST0000058,2023-11-10,2023-11-10,3092.58,3092.58,0.0,On-time
PAY0006378,LOAN0000236,CUST0000945,2024-10-22,2024-10-21,123.89,123.89,0.0,On-time
PAY0006379,LOAN0000188,CUST0000979,2023-11-10,2023-11-09,349.2,349.2,0.0,On-time
PAY0006380,LOAN0000326,CUST0000348,2025-03-18,2025-03-17,1372.24,1372.24,0.0,On-time
PAY0006381,LOAN0000122,CUST0000253,2025-03-04,2025-03-02,559.32,559.32,0.0,On-time
PAY0006382,LOAN0000092,CUST0000314,2023-04-01,2023-03-31,657.71,657.71,0.0,On-time
PAY0006383,LOAN0000333,CUST0000449,2024-07-09,2024-07-07,427.8,427.8,0.0,On-time
PAY0006384,LOAN0000532,CUST0000330,2024-07-31,,677.86,0.0,,Missed
PAY0006385,LOAN0000554,CUST0000181,2025-04-16,2025-04-16,33.52,33.52,0.0,On-time
PAY0006386,LOAN0000153,CUST0000245,2025-12-23,2025-12-22,313.95,313.95,0.0,On-time
PAY0006387,LOAN0000114,CUST0000879,2024-09-21,2024-09-21,203.52,203.52,0.0,On-time
PAY0006388,LOAN0000201,CUST0000283,2023-06-30,2023-06-28,640.87,640.87,0.0,On-time
PAY0006389,LOAN0000519,CUST0000619,2022-07-25,2022-07-25,150.47,150.47,0.0,On-time
PAY0006390,LOAN0000297,CUST0000925,2025-11-15,2025-11-14,2888.78,2888.78,0.0,On-time
PAY0006391,LOAN0000306,CUST0000956,2025-02-03,,605.15,0.0,,Missed
PAY0006392,LOAN0000048,CUST0000676,2026-08-17,2026-08-17,372.81,302.65,0.0,Partial
PAY0006393,LOAN0000574,CUST0000356,2023-11-02,2023-10-31,2031.77,2031.77,0.0,On-time
PAY0006394,LOAN0000009,CUST0000316,2023-07-06,2023-07-05,201.72,201.72,0.0,On-time
PAY0006395,LOAN0000287,CUST0000874,2026-03-12,2026-03-12,1347.35,1347.35,0.0,On-time
PAY0006396,LOAN0000547,CUST0000422,2025-07-19,2025-07-19,244.53,244.53,0.0,On-time
PAY0006397,LOAN0000081,CUST0000682,2026-06-20,2026-06-18,377.89,377.89,0.0,On-time
PAY0006398,LOAN0000356,CUST0000951,2025-05-18,,208.44,208.44,0.0,On-time
PAY0006399,LOAN0000360,CUST0000875,2025-10-30,2025-10-28,17.76,17.76,0.0,On-time
PAY0006400,LOAN0000170,CUST0000156,2026-08-16,2026-08-15,1293.11,1293.11,0.0,On-time
PAY0006401,LOAN0000248,CUST0000569,2026-06-07,,273.13,0.0,,Missed
PAY0006402,LOAN0000410,CUST0000712,2025-05-17,2025-05-19,696.51,696.51,2.0,Late
PAY0006403,LOAN0000491,CUST0000360,2025-06-12,2025-06-11,1483.2,1483.2,0.0,On-time
PAY0006404,LOAN0000593,CUST0000684,2023-09-09,2023-09-07,300.58,300.58,0.0,On-time
PAY0006405,LOAN0000506,CUST0000630,2025-05-13,2025-05-11,206.27,206.27,0.0,On-time
PAY0006406,LOAN0000184,CUST0000347,2023-11-10,2023-11-09,487.42,487.42,0.0,On-time
PAY0006407,LOAN0000125,CUST0000580,2025-03-09,2025-03-08,179.61,179.61,0.0,On-time
PAY0006408,LOAN0000075,CUST0000330,2026-07-01,2026-07-01,300.89,300.89,0.0,On-time
PAY0006409,LOAN0000404,CUST0000215,2025-10-29,2025-11-03,1462.43,1462.43,5.0,Late
PAY0006410,LOAN0000574,CUST0000356,2022-04-02,2022-04-02,2031.77,2031.77,0.0,On-time
PAY0006411,LOAN0000283,CUST0000045,2026-03-15,,57.8,0.0,,Missed
PAY0006412,LOAN0000270,CUST0000115,2026-07-16,2026-07-16,188.1,188.1,0.0,On-time
PAY0006413,LOAN0000402,CUST0000072,2026-04-02,2026-04-02,158.38,158.38,0.0,On-time
PAY0006414,LOAN0000173,CUST0000500,2025-12-27,,41.76,0.0,,Missed
PAY0006415,LOAN0000007,CUST0000718,2025-09-12,2025-09-10,669.61,669.61,0.0,On-time
PAY0006416,LOAN0000116,CUST0000269,2026-02-27,2026-03-30,259.68,259.68,31.0,Late
PAY0006417,LOAN0000399,CUST0000797,2025-01-21,2025-01-21,375.73,375.73,0.0,On-time
PAY0006418,LOAN0000339,CUST0000384,2024-10-22,2024-10-21,83.06,83.06,0.0,On-time
PAY0006419,LOAN0000405,CUST0000584,2026-07-04,2026-07-03,1361.7,1361.7,0.0,On-time
PAY0006420,LOAN0000578,CUST0000916,2025-04-01,2025-03-31,335.27,335.27,0.0,On-time
PAY0006421,LOAN0000207,CUST0000383,2023-05-17,2023-05-16,935.64,935.64,0.0,On-time
PAY0006422,LOAN0000307,CUST0000607,2026-05-18,2026-05-18,683.32,,0.0,On-time
PAY0006423,LOAN0000034,CUST0000621,2025-12-12,2025-12-11,145.27,145.27,0.0,On-time
PAY0006424,LOAN0000202,CUST0000060,2026-03-23,2026-04-03,65.87,65.87,11.0,Late
PAY0006425,LOAN0000577,CUST0000268,2022-06-27,2022-06-25,33.72,33.72,0.0,On-time
PAY0006426,LOAN0000305,CUST0000286,2026-05-24,2026-05-24,34.75,34.75,0.0,On-time
PAY0006427,LOAN0000353,CUST0000832,2023-05-31,2023-05-30,1665.78,1665.78,0.0,OK
PAY0006428,LOAN0000282,CUST0000724,2026-01-22,,67.12,0.0,,Missed
PAY0006429,LOAN0000182,CUST0000834,2026-06-16,2024-11-25,39.57,17.96,0.0,Partial
PAY0006430,LOAN0000470,CUST0000725,2022-12-03,2022-12-03,241.98,241.98,0.0,On-time
PAY0006431,LOAN0000473,CUST0000340,2024-03-01,2024-02-29,528.94,528.94,0.0,On-time
PAY0006432,LOAN9745163,CUST0000314,2022-10-01,2022-10-20,657.71,657.71,19.0,Late
PAY0006433,LOAN0000121,CUST0000032,2024-02-10,2024-02-09,685.92,685.92,0.0,On-time
PAY0006434,LOAN0000200,CUST0000200,2023-12-23,2023-12-21,263.49,263.49,0.0,On-time
PAY0006435,LOAN0000096,CUST0000078,2024-06-28,2024-06-26,811.36,811.36,0.0,On-time
PAY0006436,LOAN0000574,CUST0000356,2023-06-03,2023-06-02,2031.77,2031.77,0.0,On-time
PAY0006437,LOAN0000541,CUST0000470,2025-03-31,2025-03-31,1284.91,1284.91,0.0,On-time
PAY0006438,LOAN0000454,CUST0000926,2026-04-02,2026-04-02,1716.2,1716.2,0.0,On-time
PAY0006439,LOAN0000490,CUST0000017,2024-02-26,2024-02-26,265.48,265.48,0.0,On-time
PAY0006440,LOAN0000563,CUST0000281,2024-12-22,2024-12-21,1609.44,1609.44,0.0,On-time
PAY0006441,LOAN0000589,CUST0000517,2025-12-31,2025-12-30,611.86,611.86,0.0,On-time
PAY0006442,LOAN0000120,CUST0000484,2025-09-12,2025-09-11,316.36,316.36,0.0,On-time
PAY0006443,LOAN0000270,CUST0000115,2026-03-17,2026-03-15,188.1,188.1,0.0,On-time
PAY0006444,LOAN0000183,CUST0000713,2022-07-23,2022-07-30,588.68,588.68,7.0,Late
PAY0006445,LOAN0000378,CUST0000321,2024-05-11,,1615.06,0.0,,Missed
PAY0006446,LOAN0000489,CUST0000219,2024-05-26,2024-05-25,3381.18,3381.18,0.0,On-time
PAY0006447,LOAN0000058,CUST0000978,2024-02-18,2024-02-17,909.7,909.7,0.0,On-time
PAY0006448,LOAN0000138,CUST0000052,2023-10-04,2023-10-04,332.64,332.64,0.0,On-time
PAY0006449,LOAN0000168,CUST0000850,2025-03-01,2025-02-28,487.76,487.76,0.0,On-time
PAY0006450,LOAN0000044,CUST0000363,2023-04-04,2023-04-02,1557.81,1557.81,0.0,On-time
PAY0006451,LOAN0000362,CUST0000964,2025-07-24,2025-07-23,924.47,924.47,0.0,On-time
PAY0006452,LOAN0000281,CUST0000194,2024-07-19,2024-07-19,226.29,226.29,0.0,On-time
PAY0006453,LOAN0000236,CUST0000945,2024-04-22,2024-06-03,123.89,123.89,42.0,Late
PAY0006454,LOAN0000483,CUST0000418,2025-09-05,2025-09-04,191.54,191.54,0.0,On-time
PAY0006455,LOAN0000327,CUST0000225,2023-10-26,,214.19,214.19,0.0,On-time
PAY0006456,LOAN0000440,CUST0000395,2024-07-23,2024-07-22,555.31,555.31,0.0,On-time
PAY0006457,LOAN0000540,CUST0000782,2022-10-14,2022-10-12,216.21,216.21,0.0,On-time
PAY0006458,LOAN0000351,CUST0000434,2023-04-01,2023-04-01,901.14,901.14,0.0,On-time
PAY0006459,LOAN0000077,CUST0000473,2025-11-20,2026-01-03,171.08,171.08,44.0,Late
PAY0006460,LOAN0000503,CUST0000314,2025-01-16,2025-01-16,623.39,623.39,0.0,On-time
PAY0006461,LOAN0000566,CUST0000236,2023-05-01,2023-05-01,205.31,205.31,0.0,On-time
PAY0006462,LOAN0000252,CUST0000521,2023-12-22,2023-12-20,1682.41,1682.41,0.0,On-time
PAY0006463,LOAN0000318,CUST0000451,2023-02-12,2023-02-12,1389.25,1389.25,0.0,On-time
PAY0006464,LOAN0000386,CUST0000481,2023-11-12,2023-11-10,155.17,155.17,0.0,On-time
PAY0006465,LOAN0000039,CUST0000941,2024-09-24,,1194.92,1194.92,0.0,On-time
PAY0006466,LOAN0000345,CUST0000724,2024-11-25,2024-11-25,906.51,906.51,0.0,On-time
PAY0006467,LOAN0000315,CUST0000259,2023-09-30,2023-09-29,962.31,962.31,0.0,On-time
PAY0006468,LOAN0000523,CUST0000015,2024-08-26,2024-08-24,566.64,566.64,0.0,On-time
PAY0006469,LOAN0000536,CUST0000581,2023-05-17,2023-05-15,246.77,246.77,0.0,On-time
PAY0006470,LOAN0000194,CUST0000341,2025-07-09,2025-07-07,1014.07,1014.07,0.0,On-time
PAY0006471,LOAN0000248,CUST0000569,2025-10-07,2025-10-06,273.13,190.02,0.0,Partial
PAY0006472,LOAN0000175,CUST0000265,2026-05-01,2026-04-30,344.59,344.59,0.0,On-time
PAY0006473,LOAN0000527,CUST0000770,2026-02-21,2026-03-24,449.74,449.74,31.0,Late
PAY0006474,LOAN0000207,CUST0000383,2025-07-17,2025-07-16,935.64,935.64,0.0,On-time
PAY0006475,LOAN0000412,CUST0000828,2025-09-04,2025-09-02,1316.93,1316.93,0.0,On-time
PAY0006476,LOAN0000555,CUST0000407,2026-07-30,2026-07-30,109.67,109.67,0.0,On-time
PAY0006477,LOAN0000497,CUST0000929,2022-04-11,2022-04-09,891.0,891.0,0.0,On-time
PAY0006478,LOAN0000577,CUST0000268,2025-08-27,2025-08-26,33.72,33.72,0.0,On-time
PAY0006479,LOAN0000186,CUST0000776,2026-08-15,2026-08-14,726.63,,0.0,On-time
PAY0006480,LOAN0000133,CUST0000758,2024-08-18,2024-08-16,367.28,,0.0,On-time
PAY0006481,LOAN0000356,CUST0000951,2023-08-18,2023-08-17,208.44,208.44,0.0,On-time
PAY0006482,LOAN0000388,CUST0000135,2025-07-12,2025-07-11,1240.37,1240.37,0.0,On-time
PAY0006483,LOAN0000100,CUST0000084,2024-07-24,2024-07-23,1277.87,1277.87,0.0,on time
PAY0006484,LOAN0000488,CUST0000052,2026-04-11,,135.79,0.0,,Missed
PAY0006485,LOAN0000486,CUST0000898,2026-03-13,2026-03-12,180.53,180.53,0.0,On-time
PAY0006486,LOAN0000275,CUST0000306,2026-04-16,2026-05-01,384.84,384.84,15.0,Late
PAY0006487,LOAN0000051,CUST0000838,2024-11-22,2024-11-22,1474.03,493.44,0.0,Partial
PAY0006488,LOAN0000417,CUST0000487,2023-09-15,2023-09-13,14.34,14.34,0.0,On-time
PAY0006489,LOAN0000136,CUST0000678,2023-04-14,2023-05-11,62.52,62.52,27.0,Late
PAY0006490,LOAN0000034,CUST0000621,2024-01-12,2024-01-12,145.27,145.27,0.0,On-time
PAY0006491,LOAN0000021,CUST0000826,2026-02-17,2026-02-16,38.77,38.77,0.0,On-time
PAY0006492,LOAN0000588,CUST0000382,2026-07-30,2026-07-29,148.33,64.82,0.0,Partial
PAY0006493,LOAN0000241,CUST0000791,2025-10-23,2025-10-21,386.8,386.8,0.0,On-time
PAY0006494,LOAN0000094,CUST0000345,2025-10-30,2025-10-30,610.74,610.74,0.0,On-time
PAY0006495,LOAN0000126,CUST0000058,2024-07-11,2024-07-09,3092.58,3092.58,0.0,On-time
PAY0006496,LOAN0000165,CUST0000907,2026-01-28,2026-02-14,48.21,48.21,17.0,Late
PAY0006497,LOAN0000554,CUST0000181,2025-06-16,2025-06-15,33.52,33.52,0.0,On-time
PAY0006498,LOAN0000541,CUST0000470,2024-04-30,2024-04-29,1284.91,1284.91,0.0,On-time
PAY0006499,LOAN0000100,CUST0000084,2025-11-23,2026-01-03,1277.87,1277.87,41.0,Late
PAY0006500,LOAN0000473,CUST0000340,2021-10-30,2021-10-28,528.94,528.94,0.0,On-time
PAY0006501,LOAN0000062,CUST0000397,2025-11-30,2025-11-30,309.46,309.46,0.0,On-time
PAY0006502,LOAN0000481,CUST0000429,2025-12-04,2025-12-02,227.01,227.01,0.0,On-time
PAY0006503,LOAN0000012,CUST0000725,2025-07-22,2025-07-22,607.42,607.42,0.0,On-time
PAY0006504,LOAN0000279,CUST0000696,2024-01-24,2024-01-23,28.99,28.99,0.0,On-time
PAY0006505,LOAN0000121,CUST0000032,2024-03-12,2024-04-08,685.92,685.92,27.0,Late
PAY0006506,LOAN0000295,CUST0000369,2023-06-04,2023-06-10,638.67,638.67,6.0,Late
PAY0006507,LOAN0000184,CUST0000347,2024-01-10,2024-01-15,487.42,487.42,5.0,Late
PAY0006508,LOAN0000295,CUST0000369,2025-04-04,2025-04-02,638.67,-638.67,0.0,On-time
PAY0006509,LOAN0000230,CUST0000869,2024-02-22,2024-02-21,271.38,271.38,0.0,On-time
PAY0006510,LOAN0000034,CUST0000621,2022-05-13,2022-05-12,145.27,145.27,0.0,On-time
PAY0006511,LOAN0000111,CUST0000196,2024-11-06,2024-11-05,640.44,640.44,0.0,On-time
PAY0006512,LOAN0000503,CUST0000314,2025-04-18,2025-04-18,623.39,623.39,0.0,On-time
PAY0006513,LOAN0000239,CUST0000856,2025-07-10,,160.45,0.0,,Missed
PAY0006514,LOAN0000022,CUST0000637,2023-02-25,2023-04-01,78.37,78.37,35.0,Late
PAY0006515,LOAN0000209,CUST0000225,2026-06-07,2026-07-10,295.37,295.37,33.0,Late
PAY0006516,LOAN0000309,CUST0000107,2026-01-10,2026-01-09,3173.09,3173.09,0.0,On-time
PAY0006517,LOAN0000569,CUST0000182,2024-07-27,2024-07-27,206.03,206.03,0.0,On-time
PAY0006518,LOAN0000212,CUST0000244,2023-06-17,2023-06-17,648.42,648.42,0.0,On-time
PAY0006519,LOAN0000516,CUST0000138,2026-03-08,2026-03-08,158.04,158.04,0.0,On-time
PAY0006520,LOAN0000244,CUST0000562,2025-05-31,2025-07-03,683.64,683.64,33.0,Late
PAY0006521,LOAN0000236,CUST0000945,2023-07-23,2023-07-22,123.89,123.89,0.0,On-time
PAY0006522,LOAN0000034,CUST0000621,2022-09-12,2022-09-11,145.27,145.27,0.0,On-time
PAY0006523,LOAN0000254,CUST0000296,2024-11-25,2024-11-25,449.87,449.87,0.0,On-time
PAY0006524,LOAN0000481,CUST0000429,2024-02-03,2024-02-18,227.01,227.01,15.0,Late
PAY0006525,LOAN0000285,CUST0000506,2024-09-13,2024-09-13,133.87,133.87,0.0,On-time
PAY0006526,LOAN0000047,CUST0000212,2025-08-15,2025-08-14,199.31,199.31,0.0,On-time
PAY0006527,LOAN0000120,CUST0000484,2024-04-13,2024-04-13,316.36,316.36,0.0,On-time
PAY0006528,LOAN0000528,CUST0000832,2024-11-02,2024-11-01,436.3,436.3,0.0,On-time
PAY0006529,LOAN0000099,CUST0000232,2024-03-14,2024-03-12,124.7,124.7,0.0,On-time
PAY0006530,LOAN0000206,CUST0000997,2025-06-25,2025-06-23,153.63,153.63,0.0,On-time
PAY0006531,LOAN0000422,CUST0000388,2025-06-14,2025-06-12,394.51,394.51,0.0,On-time
PAY0006532,LOAN0000529,CUST0000838,2025-12-23,,513.54,0.0,,Missed
PAY0006533,LOAN0000188,CUST0000979,2022-09-10,2022-09-08,349.2,349.2,0.0,On-time
PAY0006534,LOAN0000072,CUST0000349,2023-03-09,2023-03-09,809.24,809.24,0.0,On-time
PAY0006535,LOAN0000256,CUST0000931,2023-12-26,2023-12-24,94.47,94.47,0.0,On-time
PAY0006536,LOAN0000558,CUST0000843,2026-03-24,,115.54,0.0,,Missed
PAY0006537,LOAN0000550,CUST0000004,2026-07-21,2026-07-21,466.06,466.06,0.0,On-time
PAY0006538,LOAN0000087,CUST0000889,2025-07-05,2025-07-04,286.79,286.79,0.0,On-time
PAY0006539,LOAN0000525,CUST0000266,2026-02-15,2026-02-14,1088.92,1088.92,0.0,On-time
PAY0006540,LOAN0000150,CUST0000901,2025-07-17,2025-07-15,421.66,,0.0,On-time
PAY0006541,LOAN0000041,CUST0000778,2025-09-11,,450.04,0.0,,Missed
PAY0006542,LOAN0000442,CUST0000745,2024-10-04,2024-10-03,250.74,250.74,0.0,On-time
PAY0006543,LOAN0000099,CUST0000232,2026-06-14,2026-06-13,124.7,124.7,0.0,On-time
PAY0006544,LOAN0000547,CUST0000422,2026-01-18,2026-01-16,244.53,244.53,0.0,On-time
PAY0006545,LOAN0000526,CUST0000184,2026-07-27,,341.99,0.0,,Missed
PAY0006546,LOAN0000145,CUST0000538,2022-05-22,2022-05-22,1202.85,1202.85,0.0,On-time
PAY0006547,LOAN0000109,CUST0000993,2026-05-11,2026-05-11,413.87,413.87,0.0,On-time
PAY0006548,LOAN0000331,CUST0000879,2026-05-05,,70.21,0.0,,Missed
PAY0006549,LOAN0000311,CUST0000689,2026-05-24,2026-05-24,184.19,184.19,0.0,On-time
PAY0006550,LOAN0000456,CUST0000220,2024-03-06,2024-03-05,204.09,204.09,0.0,On-time
PAY0006551,LOAN0000257,CUST0000699,2025-10-25,2025-10-24,1022.97,1022.97,0.0,On-time
PAY0006552,LOAN0000127,CUST0000994,2026-06-14,2026-06-13,234.33,234.33,0.0,On-time
PAY0006553,LOAN0000168,CUST0000850,2023-04-01,2023-04-01,487.76,487.76,0.0,On-time
PAY0006554,LOAN0000291,CUST0000987,2026-05-30,2026-05-29,424.49,165.7,0.0,Partial
PAY0006555,LOAN0000315,CUST0000259,2022-07-31,2022-07-29,962.31,962.31,0.0,On-time
PAY0006556,LOAN0000283,CUST0000045,2025-06-14,,57.8,0.0,,Missed
PAY0006557,LOAN0000110,CUST0000466,2024-03-23,2024-04-22,434.4,434.4,30.0,Late
PAY0006558,LOAN0000039,CUST0000941,2025-05-25,2025-05-24,1194.92,1194.92,0.0,On-time
PAY0006559,LOAN0000081,CUST0000682,2024-11-18,2024-11-18,377.89,377.89,0.0,On-time
PAY0006560,LOAN0000580,CUST0000130,2024-09-13,2024-09-13,5371.95,3838.09,0.0,Partial
PAY0006561,LOAN0000224,CUST0000556,2024-10-24,2024-10-23,1054.15,1054.15,0.0,On-time
PAY0006562,LOAN0000168,CUST0000850,2022-11-30,2022-11-30,487.76,487.76,0.0,On-time
PAY0006563,LOAN0000225,CUST0000127,2025-08-15,2025-08-13,70.31,70.31,0.0,On-time
PAY0006564,LOAN0000116,CUST0000269,2026-04-29,2026-04-27,259.68,259.68,0.0,On-time
PAY0006565,LOAN0000194,CUST0000341,2024-02-07,2024-02-19,1014.07,1014.07,12.0,Late
PAY0006566,LOAN0000250,CUST0000398,2025-12-29,2025-12-27,194.67,194.67,0.0,On-time
PAY0006567,LOAN0000229,CUST0000179,2025-09-03,2025-09-01,41.64,41.64,0.0,On-time
PAY0006568,LOAN0000569,CUST0000182,2025-05-28,2025-06-26,206.03,206.03,29.0,Late
PAY0006569,LOAN0000097,CUST0000674,2025-07-11,2025-07-26,41.25,41.25,15.0,Late
PAY0006570,LOAN0000467,CUST0000635,2025-01-02,2024-12-31,225.47,225.47,0.0,On-time
PAY0006571,LOAN0000112,CUST0000398,2025-01-30,,275.2,0.0,,On-time
PAY0006572,LOAN0000415,CUST0000528,2025-04-22,2025-04-20,661.37,,0.0,On-time
PAY0006573,LOAN0000129,CUST0000236,2023-04-09,2023-04-15,453.79,453.79,6.0,Late
PAY0006574,LOAN0000283,CUST0000045,2026-01-13,2026-01-12,57.8,57.8,0.0,On-time
PAY0006575,LOAN0000120,CUST0000484,2023-06-14,2023-06-12,316.36,316.36,0.0,On-time
PAY0006576,LOAN0000135,CUST0000757,2026-02-12,2026-02-11,192.49,192.49,0.0,On-time
PAY0006577,LOAN0000194,CUST0000341,2024-03-09,2024-03-08,1014.07,1014.07,0.0,On-time
PAY0006578,LOAN0000329,CUST0000886,2022-11-06,2022-11-05,1126.34,1126.34,0.0,On-time
PAY0006579,LOAN0000025,CUST0000636,2025-09-29,2025-11-05,398.64,398.64,37.0,Late
PAY0006580,LOAN0000320,CUST0000394,2024-06-22,2024-06-21,637.39,637.39,0.0,On-time
PAY0006581,LOAN0000567,CUST0000627,2026-01-27,2026-01-25,73.42,73.42,0.0,On-time
PAY0006582,LOAN0000465,CUST0000519,2025-12-08,2025-12-06,121.1,121.1,0.0,On-time
PAY0006583,LOAN0000542,CUST0000668,2025-12-04,2025-12-04,286.55,286.55,0.0,On-time
PAY0006584,LOAN0000244,CUST0000562,2026-05-31,2026-05-31,683.64,683.64,0.0,On-time
PAY0006585,LOAN0000209,CUST0000225,2025-03-08,2025-03-07,295.37,295.37,0.0,On-time
PAY0006586,LOAN0000118,CUST0000545,2025-08-07,2025-08-07,208.58,208.58,0.0,On-time
PAY0006587,LOAN0000169,CUST0000889,2024-07-20,2024-07-18,1012.97,1012.97,0.0,On-time
PAY0006588,LOAN0000490,CUST0000017,2024-03-27,2024-05-02,265.48,265.48,36.0,Late
PAY0006589,LOAN0000193,CUST0000003,2024-01-26,2024-03-01,466.75,466.75,35.0,Late
PAY0006590,LOAN0000213,CUST0000023,2023-09-26,2023-09-24,1149.89,1149.89,0.0,On-time
PAY0006591,LOAN0000087,CUST0000889,2024-08-05,2024-09-02,286.79,286.79,28.0,Late
PAY0006592,LOAN0000409,CUST0000196,2023-09-03,2023-09-02,4513.98,2928.95,0.0,Partial
PAY0006593,LOAN0000539,CUST0000693,2026-08-03,2026-08-03,180.07,180.07,0.0,On-time
PAY0006594,LOAN0000151,CUST0000118,2024-08-01,2024-08-01,226.17,226.17,0.0,On-time
PAY0006595,LOAN0000529,CUST0000838,2024-04-24,2024-04-23,513.54,513.54,0.0,On-time
PAY0006596,LOAN0000546,CUST0000704,2026-04-16,2026-04-16,3568.57,3568.57,0.0,On-time
PAY0006597,LOAN0000371,CUST0000522,2022-12-05,2022-12-04,1425.12,1425.12,0.0,On-time
PAY0006598,LOAN0000564,CUST0000695,2023-08-15,2023-08-13,471.54,471.54,0.0,On-time
PAY0006599,LOAN0000026,CUST0000233,2026-04-17,2026-04-16,1026.87,1026.87,0.0,On-time
PAY0006600,LOAN0000010,CUST0000577,2023-10-15,2023-10-13,3029.07,3029.07,0.0,On-time
PAY0006601,LOAN9518407,CUST0000115,2025-03-05,,62.49,0.0,,Missed
PAY0006602,LOAN0000412,CUST0000828,2024-11-03,2024-11-01,1316.93,1316.93,0.0,On-time
PAY0006603,LOAN0000294,CUST0000925,2023-03-10,,452.0,452.0,0.0,On-time
PAY0006604,LOAN0000566,CUST0000236,2025-04-01,2025-03-31,205.31,,0.0,On-time
PAY0006605,LOAN0000497,CUST0000929,2022-08-10,2022-08-08,891.0,891.0,0.0,On-time
PAY0006606,LOAN0000509,CUST0000598,2026-03-24,2026-04-22,671.21,671.21,29.0,Late
PAY0006607,LOAN0000027,CUST0000457,2024-11-20,2024-11-20,240.0,240.0,0.0,On-time
PAY0006608,LOAN0000024,CUST0000510,2026-06-30,2026-06-30,988.87,988.87,0.0,On-time
PAY0006609,LOAN0000275,CUST0000306,2025-02-13,2025-02-13,384.84,384.84,0.0,On-time
PAY0006610,LOAN0000103,CUST0000671,2024-02-28,2024-02-28,280.45,280.45,0.0,On-time
PAY0006611,LOAN0000008,CUST0000974,2025-06-09,2025-06-08,77.65,77.65,0.0,On-time
PAY0006612,LOAN0000426,CUST0000297,2022-02-14,,370.17,0.0,,Missed
PAY0006613,LOAN0000184,CUST0000347,2026-07-12,2026-07-12,487.42,487.42,0.0,On-time
PAY0006614,LOAN0000022,CUST0000637,2023-12-27,2023-12-27,78.37,78.37,0.0,On-time
PAY0006615,LOAN0000160,CUST0000148,2023-09-16,,76.44,0.0,,Missed
PAY0006616,LOAN0000095,CUST0000488,2026-06-07,2026-06-06,153.78,153.78,0.0,On-time
PAY0006617,LOAN0000229,CUST0000179,2025-08-04,2025-08-04,41.64,41.64,0.0,On-time
PAY0006618,LOAN0000285,CUST0000506,2026-02-12,2026-02-10,133.87,133.87,0.0,On-time
PAY0006619,LOAN0000055,CUST0000726,2024-10-27,2024-10-27,399.72,399.72,0.0,On-time
PAY0006620,LOAN0000522,CUST0000507,2025-10-03,2025-10-03,1893.28,1893.28,0.0,On-time
PAY0006621,LOAN9880298,CUST0000733,2022-09-19,2022-09-17,646.87,646.87,0.0,On-time
PAY0006622,LOAN0000470,CUST0000725,2026-05-04,2026-05-02,241.98,,0.0,On-time
PAY0006623,LOAN0000210,CUST0000782,2024-12-16,2024-12-14,324.08,324.08,0.0,On-time
PAY0006624,LOAN0000118,CUST0000545,2026-01-06,2026-01-04,208.58,208.58,0.0,On-time
PAY0006625,LOAN0000477,CUST0000436,2023-10-22,2023-10-22,14.8,14.8,0.0,On-time
PAY0006626,LOAN0000070,CUST0000916,2025-05-22,,592.68,592.68,0.0,On-time
PAY0006627,LOAN0000154,CUST0000605,2025-09-06,2025-09-06,218.73,218.73,0.0,On-time
PAY0006628,LOAN0000539,CUST0000693,2023-08-03,2023-08-01,180.07,180.07,0.0,On-time
PAY0006629,LOAN0000416,CUST0000611,2023-11-07,2023-11-06,21.6,14.02,0.0,Partial
PAY0006630,LOAN0000492,CUST0000089,2026-04-30,2026-04-30,348.69,159.49,0.0,Partial
PAY0006631,LOAN0000533,CUST0000725,2023-02-24,2023-02-24,1461.65,1461.65,0.0,On-time
PAY0006632,LOAN0000115,CUST0000780,2025-11-12,,146.22,0.0,,Missed
PAY0006633,LOAN0000539,CUST0000693,2025-03-03,2025-03-01,180.07,125.16,0.0,Partial
PAY0006634,LOAN0000070,CUST0000916,2026-03-22,2026-03-21,592.68,592.68,0.0,On-time
PAY0006635,LOAN0000091,CUST0000953,2025-08-16,2025-08-14,417.35,417.35,0.0,On-time
PAY0006636,LOAN0000109,CUST0000993,2025-11-10,,413.87,0.0,,Missed
PAY0006637,LOAN0000503,CUST0000314,2025-06-18,2025-07-22,623.39,623.39,34.0,Late
PAY0006638,LOAN0000019,CUST0000441,2022-12-30,2022-12-28,2083.16,2083.16,0.0,On-time
PAY0006639,LOAN0000146,CUST0000606,2024-01-24,2024-01-24,1506.71,1506.71,0.0,On-time
PAY0006640,LOAN0000292,CUST0000778,2022-12-18,2022-12-18,3468.2,3468.2,0.0,On Time
PAY0006641,LOAN0000057,CUST0000816,2026-01-24,2026-01-22,441.62,441.62,0.0,On-time
PAY0006642,LOAN0000520,CUST0000697,2023-12-15,2023-12-15,168.67,168.67,0.0,On-time
PAY0006643,LOAN0000273,CUST0000955,2023-08-28,2023-08-28,1128.57,1128.57,0.0,On-time
PAY0006644,LOAN0000403,CUST0000115,2025-01-18,2025-01-17,43.28,43.28,0.0,On-time
PAY0006645,LOAN0000410,CUST0000712,2023-01-16,,696.51,696.51,0.0,On-time
PAY0006646,LOAN0000152,CUST0000805,2026-01-15,2026-01-15,546.78,546.78,0.0,On-time
PAY0006647,LOAN0000200,CUST0000200,2023-08-23,2023-09-17,263.49,263.49,25.0,Late
PAY0006648,LOAN0000046,CUST0000361,2024-06-17,2024-06-16,1162.93,1162.93,0.0,On-time
PAY0006649,LOAN0000414,CUST0000003,2026-08-12,2026-08-11,22.1,22.1,0.0,On-time
PAY0006650,LOAN0000070,CUST0000916,2025-04-22,2025-04-22,592.68,592.68,0.0,On-time
PAY0006651,LOAN0000290,CUST0000757,2022-09-13,2022-09-12,649.64,649.64,0.0,On-time
PAY0006652,LOAN0000513,CUST0000621,2024-07-01,2024-08-09,667.76,667.76,39.0,Late
PAY0006653,LOAN0000426,CUST0000297,2023-10-16,2023-10-14,370.17,370.17,0.0,On-time
PAY0006654,LOAN0000233,CUST0000781,2026-08-23,,2150.27,0.0,,Missed
PAY0006655,LOAN0000371,CUST0000522,2026-01-05,2026-01-04,1425.12,1425.12,0.0,On-time
PAY0006656,LOAN0000042,CUST0000954,2025-05-22,2025-05-20,518.03,518.03,0.0,On-time
PAY0006657,LOAN0000578,CUST0000916,2025-10-31,2025-10-30,335.27,335.27,0.0,On-time
PAY0006658,LOAN0000254,CUST0000296,2026-04-26,2026-04-24,449.87,449.87,0.0,On-time
PAY0006659,LOAN0000110,CUST0000466,2025-07-23,2025-07-22,434.4,434.4,0.0,On-time
PAY0006660,LOAN0000410,CUST0000712,2024-09-15,2024-09-14,696.51,696.51,0.0,On-time
PAY0006661,LOAN0000201,CUST0000283,2025-12-29,2025-12-27,640.87,-640.87,0.0,On Time
PAY0006662,LOAN0000408,CUST0000493,2026-02-19,,10242.29,0.0,,Missed
PAY0006663,LOAN0000090,CUST0000721,2023-12-20,2023-12-18,213.64,213.64,0.0,On-time
PAY0006664,LOAN0000502,CUST0000631,2026-06-25,2026-07-29,35.74,35.74,34.0,Late
PAY0006665,LOAN0000224,CUST0000556,2025-09-24,,1054.15,0.0,,Missed
PAY0006666,LOAN0000579,CUST0000002,2022-09-26,2022-10-20,467.36,467.36,24.0,Late
PAY0006667,LOAN0000142,CUST0000897,2026-01-20,2026-01-18,459.08,-194.46,0.0,Partial
PAY0006668,LOAN0000459,CUST0000783,2024-12-06,2024-12-04,183.08,183.08,0.0,On-time
PAY0006669,LOAN0000094,CUST0000345,2026-06-01,2026-05-30,610.74,610.74,0.0,On-time
PAY0006670,LOAN0000122,CUST0000253,2025-08-04,2025-08-03,559.32,559.32,0.0,On-time
PAY0006671,LOAN0000064,CUST0000818,2025-07-07,2025-07-06,499.21,499.21,0.0,On-time
PAY0006672,LOAN0000216,CUST0000899,2025-06-20,,545.77,0.0,,Missed
PAY0006673,LOAN0000193,CUST0000003,2025-01-26,2025-01-24,466.75,466.75,0.0,On-time
PAY0006674,LOAN0000315,CUST0000259,2023-01-29,2023-01-28,962.31,962.31,0.0,On-time
PAY0006675,LOAN0000184,CUST0000347,2025-12-10,2025-12-08,487.42,487.42,0.0,On-time
PAY0006676,LOAN0000220,CUST0000997,2026-07-03,2026-07-02,519.56,519.56,0.0,On-time
PAY0006677,LOAN0000319,CUST0000112,2025-11-03,2025-11-02,132.31,132.31,0.0,On-time
PAY0006678,LOAN0000403,CUST0000115,2025-08-19,2025-09-14,43.28,43.28,26.0,Late
PAY0006679,LOAN0000280,CUST0000816,2025-05-12,2025-05-11,1002.69,1002.69,0.0,On-time
PAY0006680,LOAN0000334,CUST0000824,2026-05-06,2026-05-05,98.19,98.19,0.0,On-time
PAY0006681,LOAN0000279,CUST0000696,2024-03-25,2024-03-23,28.99,28.99,0.0,On-time
PAY0006682,LOAN0000458,CUST0000426,2026-03-13,2026-03-13,139.78,139.78,0.0,On-time
PAY0006683,LOAN0000064,CUST0000818,2024-08-06,2024-08-06,499.21,499.21,0.0,On-time
PAY0006684,LOAN0000290,CUST0000757,2025-10-14,,649.64,0.0,,Missed
PAY0006685,LOAN0000059,CUST0000961,2023-10-24,2023-10-24,1372.66,1372.66,0.0,On-time
PAY0006686,LOAN0000348,CUST0000228,2023-03-15,2023-03-15,140.46,140.46,0.0,On-time
PAY0006687,LOAN0000451,CUST0000882,2024-10-19,,324.24,0.0,,Missed
PAY0006688,LOAN0000297,CUST0000925,2025-08-16,2025-08-14,2888.78,2888.78,0.0,On-time
PAY0006689,LOAN0000451,CUST0000882,2023-03-21,2023-05-03,324.24,324.24,43.0,Late
PAY0006690,LOAN0000345,CUST0000724,2025-12-26,2025-12-26,906.51,906.51,0.0,On-time
PAY0006691,LOAN0000576,CUST0000001,2024-07-04,2024-07-04,341.13,341.13,0.0,On-time
PAY0006692,LOAN0000176,CUST0000098,2026-04-28,2026-05-21,654.28,654.28,23.0,Late
PAY0006693,LOAN0000480,CUST0000765,2024-12-06,2024-12-11,517.76,517.76,5.0,Late
PAY0006694,LOAN0000436,CUST0000075,2026-07-15,2026-07-13,179.3,179.3,0.0,On-time
PAY0006695,LOAN0000102,CUST0000551,2024-04-20,2024-04-19,635.91,635.91,0.0,On-time
PAY0006696,LOAN0000094,CUST0000345,2025-03-31,2025-03-30,610.74,610.74,0.0,On-time
PAY0006697,LOAN9578183,CUST0000047,2026-05-15,2026-06-22,19.97,19.97,38.0,Late
PAY0006698,LOAN0000272,CUST0000177,2023-04-02,,248.57,0.0,,Missed
PAY0006699,LOAN0000442,CUST0000745,2024-07-04,2024-07-04,250.74,167.76,0.0,Partial
PAY0006700,LOAN0000013,CUST0000091,2025-05-04,2025-05-03,1833.33,1833.33,0.0,On-time
PAY0006701,LOAN0000046,CUST0000361,2025-09-16,2025-09-16,1162.93,1162.93,0.0,On-time
PAY0006702,LOAN0000146,CUST0000606,2023-12-25,,1506.71,0.0,,Missed
PAY0006703,LOAN0000353,CUST0000832,2022-03-31,2022-03-31,1665.78,1665.78,0.0,On-time
PAY0006704,LOAN0000122,CUST0000253,2025-07-04,,559.32,559.32,0.0,On-time
PAY0006705,LOAN0000226,CUST0000893,2025-03-02,2025-03-03,101.32,101.32,1.0,Late
PAY0006706,LOAN0000286,CUST0000607,2025-03-23,,448.57,0.0,,Missed
PAY0006707,LOAN0000403,CUST0000115,2023-06-20,2023-06-18,43.28,43.28,0.0,On-time
PAY0006708,LOAN0000480,CUST0000765,2025-03-07,2025-03-06,517.76,517.76,0.0,On-time
PAY0006709,LOAN0000346,CUST0000988,2024-06-05,2024-06-16,186.55,186.55,11.0,Late
PAY0006710,LOAN0000501,CUST0000055,2025-09-04,2025-09-04,762.76,762.76,0.0,ON-TIME
PAY0006711,LOAN0000008,CUST0000974,2025-07-09,2025-07-07,77.65,77.65,0.0,On-time
PAY0006712,LOAN0000012,CUST0000725,2024-06-21,2024-06-21,607.42,607.42,0.0,On-time
PAY0006713,LOAN0000192,CUST0000222,2023-10-13,2023-10-13,834.2,834.2,0.0,On-time
PAY0006714,LOAN0000090,CUST0000721,2025-03-21,2025-04-05,213.64,213.64,15.0,Late
PAY0006715,LOAN0000472,CUST0000609,2026-02-09,2026-02-11,666.25,666.25,2.0,Late
PAY0006716,LOAN0000513,CUST0000621,2024-08-31,2024-08-31,667.76,667.76,0.0,On-time
PAY0006717,LOAN0000469,CUST0000772,2023-11-26,2023-11-25,35.48,35.48,0.0,On-time
PAY0006718,LOAN0000531,CUST0000891,2025-07-03,2025-07-03,344.43,344.43,0.0,On-time
PAY0006719,LOAN0000232,CUST0000762,2026-01-22,2026-01-22,30.32,9.44,0.0,Partial
PAY0006720,LOAN0000563,CUST0000281,2025-03-24,2025-03-22,1609.44,1609.44,0.0,On-time
PAY0006721,LOAN0000380,CUST0000036,2026-06-28,2026-06-28,719.07,719.07,0.0,On-time
PAY0006722,LOAN0000324,CUST0000425,2026-01-24,2026-01-23,257.13,257.13,0.0,On-time
PAY0006723,LOAN0000013,CUST0000091,2024-11-02,2024-11-12,1833.33,1833.33,10.0,Late
PAY0006724,LOAN0000071,CUST0000250,2022-10-22,2022-10-21,190.79,190.79,0.0,On-time
PAY0006725,LOAN0000500,CUST0000918,2024-10-15,2024-10-13,199.95,199.95,0.0,On-time
PAY0006726,LOAN0000380,CUST0000036,2026-07-28,2026-08-05,719.07,719.07,8.0,Late
PAY0006727,LOAN0000268,CUST0000062,2026-08-07,,60.75,0.0,,Missed
PAY0006728,LOAN0000413,CUST0000242,2025-11-18,,536.55,0.0,,Missed
PAY0006729,LOAN0000483,CUST0000418,2024-04-05,2024-04-04,191.54,191.54,0.0,On-time
PAY0006730,LOAN0000146,CUST0000606,2025-07-25,2025-07-24,1506.71,1506.71,0.0,On-time
PAY0006731,LOAN0000585,CUST0000929,2026-07-16,2026-07-15,2744.63,2744.63,0.0,On-time
PAY0006732,LOAN0000117,CUST0000975,2025-05-31,2025-05-31,466.71,466.71,0.0,On-time
PAY0006733,LOAN0000411,CUST0000531,2024-10-10,,1187.31,1187.31,0.0,On-time
PAY0006734,LOAN0000194,CUST0000341,2025-02-07,2025-02-07,1014.07,1014.07,0.0,On-time
PAY0006735,LOAN0000513,CUST0000621,2024-03-01,2024-02-29,667.76,667.76,0.0,On-time
PAY0006736,LOAN0000423,CUST0000564,2025-08-22,2025-08-22,43.59,43.59,0.0,On-time
PAY0006737,LOAN0000037,CUST0000595,2026-04-09,2026-04-09,36.52,36.52,0.0,On-time
PAY0006738,LOAN0000047,CUST0000212,2023-09-14,2023-09-14,199.31,199.31,0.0,On-time
PAY0006739,LOAN0000281,CUST0000194,2024-08-18,2024-08-18,226.29,226.29,0.0,On-time
PAY0006740,LOAN0000539,CUST0000693,2025-11-02,2025-10-31,180.07,180.07,0.0,On-time
PAY0006741,LOAN0000406,CUST0000519,2025-05-09,2025-05-09,179.61,179.61,0.0,On-time
PAY0006742,LOAN0000362,CUST0000964,2024-05-24,2024-05-24,924.47,924.47,0.0,On-time
PAY0006743,LOAN0000450,CUST0000307,2024-02-01,2024-01-30,205.25,205.25,0.0,On-time
PAY0006744,LOAN0000343,CUST0000618,2022-12-03,,2825.66,0.0,,Missed
PAY0006745,LOAN0000463,CUST0000684,2023-10-01,2023-10-01,397.2,139.74,0.0,Partial
PAY0006746,LOAN0000360,CUST0000875,2024-08-30,2024-08-29,17.76,17.76,0.0,On-time
PAY0006747,LOAN0000076,CUST0000869,2025-03-29,2025-03-29,241.76,241.76,0.0,On-time
PAY0006748,LOAN0000136,CUST0000678,2024-04-13,2024-04-12,62.52,62.52,0.0,On-time
PAY0006749,LOAN0000421,CUST0000034,2026-02-12,,2573.12,0.0,,Missed
PAY0006750,LOAN0000008,CUST0000974,2025-01-08,2025-02-02,77.65,77.65,25.0,Late
PAY0006751,LOAN0000340,CUST0000532,2025-12-22,2026-01-30,498.01,498.01,39.0,Late
PAY0006752,LOAN0000252,CUST0000521,2025-03-23,2025-03-21,1682.41,819.25,0.0,Partial
PAY0006753,LOAN0000021,CUST0000826,2025-12-18,2025-12-31,38.77,38.77,13.0,Late
PAY0006754,LOAN0000205,CUST0000080,2025-09-26,,709.8,0.0,,Missed
PAY0006755,LOAN0000568,CUST0000389,2025-06-11,2025-06-10,206.47,206.47,0.0,On Time
PAY0006756,LOAN0000033,CUST0000373,2025-06-21,2025-06-19,2390.38,2390.38,0.0,On Time
PAY0006757,LOAN0000169,CUST0000889,2023-08-20,2023-08-18,1012.97,1012.97,0.0,On-time
PAY0006758,LOAN0000246,CUST0000874,2022-07-10,,966.85,0.0,,Missed
PAY0006759,LOAN0000503,CUST0000314,2026-02-16,,623.39,0.0,,Missed
PAY0006760,LOAN0000489,CUST0000219,2024-10-26,,3381.18,0.0,,Missed
PAY0006761,LOAN0000214,CUST0000290,2023-09-17,2023-10-05,883.07,883.07,18.0,Late
PAY0006762,LOAN0000438,CUST0000804,2026-07-09,2026-03-06,18.56,18.56,0.0,On-time
PAY0006763,LOAN0000536,CUST0000581,2022-12-16,2022-12-16,246.77,246.77,0.0,On-time
PAY0006764,LOAN0000263,CUST0000966,2023-11-10,2023-11-08,460.72,460.72,0.0,On-time
PAY0006765,LOAN0000152,CUST0000805,2025-02-14,2025-02-12,546.78,546.78,0.0,OK
PAY0006766,LOAN0000052,CUST0000697,2023-02-22,2023-02-20,1339.51,1339.51,0.0,On-time
PAY0006767,LOAN0000519,CUST0000619,2022-02-22,2022-02-20,150.47,150.47,0.0,On-time
PAY0006768,LOAN0000021,CUST0000826,2025-04-18,2025-04-16,38.77,38.77,0.0,On-time
PAY0006769,LOAN0000360,CUST0000875,2023-08-31,2023-08-29,17.76,17.76,0.0,On-time
PAY0006770,LOAN0000429,CUST0000782,2025-03-26,2025-03-25,1011.92,1011.92,0.0,On-time
PAY0006771,LOAN0000016,CUST0000359,2024-12-13,2024-12-12,424.63,424.63,0.0,On-time
PAY0006772,LOAN0000452,CUST0000389,2024-12-07,2024-12-06,517.19,517.19,0.0,On-time
PAY0006773,LOAN0000044,CUST0000363,2024-07-03,2024-07-03,1557.81,1557.81,0.0,On-time
PAY0006774,LOAN0000239,CUST0000856,2025-06-10,2025-06-08,160.45,160.45,0.0,On-time
PAY0006775,LOAN0000017,CUST0000733,2022-12-19,2023-01-19,646.87,646.87,31.0,Late
PAY0006776,LOAN0000122,CUST0000253,2026-02-02,,559.32,0.0,,Missed
PAY0006777,LOAN0000311,CUST0000689,2026-07-24,2026-07-22,184.19,184.19,0.0,On-time
PAY0006778,LOAN0000214,CUST0000290,2023-08-17,2023-08-17,883.07,883.07,0.0,On-time
PAY0006779,LOAN0000296,CUST0000997,2025-06-08,2025-06-06,305.84,305.84,0.0,On-time
PAY0006780,LOAN0000473,CUST0000340,2021-12-30,2022-01-29,528.94,528.94,30.0,Late
PAY0006781,LOAN0000415,CUST0000528,2026-06-23,2026-06-21,661.37,,0.0,On-time
PAY0006782,LOAN0000149,CUST0000764,2026-06-10,2026-07-22,556.36,556.36,42.0,Late
PAY0006783,LOAN0000263,CUST0000966,2025-03-11,2025-03-09,460.72,179.49,0.0,Partial
PAY0006784,LOAN0000146,CUST0000606,2025-06-25,2025-06-24,1506.71,1506.71,0.0,On-time
PAY0006785,LOAN0000443,CUST0000791,2024-12-01,,1882.62,0.0,,Missed
PAY0006786,LOAN0000166,CUST0000612,2026-06-23,2026-07-16,261.69,261.69,23.0,Late
PAY0006787,LOAN0000139,CUST0000859,2026-06-11,2026-06-09,627.26,627.26,0.0,On-time
PAY0006788,LOAN0000245,CUST0000346,2024-08-22,2024-08-21,1602.5,1602.5,0.0,On-time
PAY0006789,LOAN0000159,CUST0000902,2022-08-22,2022-08-20,47.23,47.23,0.0,On-time
PAY0006790,LOAN0000491,CUST0000360,2025-04-12,2025-04-11,1483.2,1483.2,0.0,On-time
PAY0006791,LOAN0000397,CUST0000714,2025-03-19,2025-03-19,500.03,500.03,0.0,On-time
PAY0006792,LOAN0000309,CUST0000107,2024-07-11,2024-07-09,3173.09,3173.09,0.0,On-time
PAY0006793,LOAN0000499,CUST0000110,2026-01-31,2026-01-30,435.21,435.21,0.0,On-time
PAY0006794,LOAN0000354,CUST0000677,2026-07-12,2026-07-12,103.03,103.03,0.0,On-time
PAY0006795,LOAN0000295,CUST0000369,2026-02-02,2026-01-31,638.67,638.67,0.0,On-time
PAY0006796,LOAN0000111,CUST0000196,2024-04-07,2024-04-06,640.44,640.44,0.0,On-time
PAY0006797,LOAN0000232,CUST0000762,2022-03-24,2022-03-23,30.32,30.32,0.0,On-time
PAY0006798,LOAN0000402,CUST0000072,2026-07-03,,158.38,0.0,,Missed
PAY0006799,LOAN0000147,CUST0000364,2023-12-27,2023-12-25,150.55,150.55,0.0,On-time
PAY0006800,LOAN0000578,CUST0000916,2022-05-02,2022-06-05,335.27,335.27,34.0,Late
PAY0006801,LOAN0000094,CUST0000345,2024-07-31,2024-07-30,610.74,460.49,0.0,Partial
PAY0006802,LOAN0000283,CUST0000045,2026-04-14,2026-04-13,57.8,57.8,0.0,On-time
PAY0006803,LOAN0000026,CUST0000233,2026-01-16,,1026.87,0.0,,Missed
PAY0006804,LOAN0000560,CUST0000074,2026-07-23,2026-07-23,224.75,224.75,0.0,On-time
PAY0006805,LOAN0000424,CUST0000831,2026-06-06,,306.66,0.0,,Missed
PAY0006806,LOAN0000315,CUST0000259,2022-12-30,2022-12-28,962.31,962.31,0.0,On-time
PAY0006807,LOAN0000494,CUST0000188,2022-11-25,2022-11-24,1276.54,1276.54,0.0,On-time
PAY0006808,LOAN0000368,CUST0000389,2026-06-20,2026-06-20,207.2,207.2,0.0,On-time
PAY0006809,LOAN0000245,CUST0000346,2024-06-22,2024-06-22,1602.5,1602.5,0.0,On-time
PAY0006810,LOAN0000547,CUST0000422,2025-04-19,2025-04-18,244.53,244.53,0.0,On-time
PAY0006811,LOAN0000596,CUST0000639,2025-08-29,2025-08-28,1250.25,1250.25,0.0,On-time
PAY0006812,LOAN0000565,CUST0000504,2023-09-24,2023-09-22,554.46,554.46,0.0,On-time
PAY0006813,LOAN0000284,CUST0000557,2026-03-03,2026-04-10,1030.27,1030.27,38.0,Late
PAY0006814,LOAN0000140,CUST0000221,2024-04-25,2024-04-23,83.09,83.09,0.0,On-time
PAY0006815,LOAN0000227,CUST0000949,2025-05-19,2025-05-19,213.21,71.38,0.0,Partial
PAY0006816,LOAN0000339,CUST0000384,2025-03-24,2025-03-22,83.06,83.06,0.0,On-time
PAY0006817,LOAN0000385,CUST0000435,2022-04-28,2022-05-17,394.76,394.76,19.0,Late
PAY0006818,LOAN0000240,CUST0000608,2024-09-19,2024-09-19,533.89,,0.0,On-time
PAY0006819,LOAN0000565,CUST0000504,2022-12-24,2022-12-24,554.46,554.46,0.0,On-time
PAY0006820,LOAN0000035,CUST0000788,2022-11-03,2022-11-02,1926.73,1926.73,0.0,On-time
PAY0006821,LOAN0000413,CUST0000242,2026-04-20,2026-04-20,536.55,536.55,0.0,On-time
PAY0006822,LOAN0000505,CUST0000062,2023-08-19,2023-08-19,50.36,50.36,0.0,On-time
PAY0006823,LOAN0000364,CUST0000322,2025-02-02,2025-02-02,86.55,86.55,0.0,On-time
PAY0006824,LOAN0000496,CUST0000211,2025-08-29,,488.18,488.18,37.0,Late
PAY0006825,LOAN0000416,CUST0000611,2022-06-08,2022-06-07,21.6,21.6,0.0,On-time
PAY0006826,LOAN0000416,CUST0000611,2026-08-08,,21.6,0.0,,Missed
PAY0006827,LOAN0000256,CUST0000931,2023-03-27,2023-03-26,94.47,94.47,0.0,ON-TIME
PAY0006828,LOAN0000038,CUST0000515,2026-04-16,,169.73,0.0,,Missed
PAY0006829,LOAN0000509,CUST0000598,2025-09-23,2025-11-06,671.21,671.21,44.0,Late
PAY0006830,LOAN0000472,CUST0000609,2025-10-10,2025-10-16,666.25,666.25,6.0,Late
PAY0006831,LOAN0000509,CUST0000598,2025-08-23,2025-08-21,671.21,491.04,0.0,Partial
PAY0006832,LOAN0000100,CUST0000084,2023-06-24,2023-06-22,1277.87,1277.87,0.0,On-time
PAY0006833,LOAN0000394,CUST0000050,2022-01-20,2022-02-23,566.23,566.23,34.0,Late
PAY0006834,LOAN0000102,CUST0000551,2023-04-21,,635.91,0.0,,Missed
PAY0006835,LOAN0000220,CUST0000997,2026-05-03,2026-05-03,519.56,519.56,0.0,On-time
PAY0006836,LOAN0000243,CUST0000094,2024-07-09,2024-07-08,227.16,227.16,0.0,On-time
PAY0006837,LOAN0000303,CUST0000179,2026-05-22,2026-05-22,811.48,811.48,0.0,On-time
PAY0006838,LOAN0000362,CUST0000964,2026-01-23,,924.47,0.0,,Missed
PAY0006839,LOAN0000577,CUST0000268,2022-07-28,2022-07-28,33.72,33.72,0.0,On-time
PAY0006840,LOAN0000118,CUST0000545,2025-06-07,2025-06-05,208.58,208.58,0.0,On-time
PAY0006841,LOAN0000392,CUST0000563,2024-06-26,2024-07-24,643.1,643.1,28.0,Late
PAY0006842,LOAN0000453,CUST0000869,2023-05-14,,1543.9,0.0,,Missed
PAY0006843,LOAN0000540,CUST0000782,2024-01-13,2024-01-13,216.21,216.21,0.0,OK
PAY0006844,LOAN0000029,CUST0000434,2025-12-16,2025-12-14,698.52,698.52,0.0,On-time
PAY0006845,LOAN0000199,CUST0000422,2022-10-27,2022-10-25,225.67,225.67,0.0,On-time
PAY0006846,LOAN0000346,CUST0000988,2024-09-04,2024-09-03,186.55,186.55,0.0,On-time
PAY0006847,LOAN0000283,CUST0000045,2025-09-13,2025-10-19,57.8,57.8,36.0,Late
PAY0006848,LOAN0000497,CUST0000929,2026-05-11,,891.0,0.0,,Missed
PAY0006849,LOAN0000144,CUST0000143,2025-07-17,2025-07-16,184.57,184.57,0.0,On-time
PAY0006850,LOAN0000329,CUST0000886,2025-03-07,2025-03-07,1126.34,1126.34,0.0,On-time
PAY0006851,LOAN0000090,CUST0000721,2026-04-21,2026-04-20,213.64,213.64,0.0,On-time
PAY0006852,LOAN0000473,CUST0000340,2023-07-01,2023-06-29,528.94,528.94,0.0,On-time
PAY0006853,LOAN0000236,CUST0000945,2023-06-23,2023-06-21,123.89,123.89,0.0,On-time
PAY0006854,LOAN0000225,CUST0000127,2025-12-15,2025-12-15,70.31,70.31,0.0,On-time
PAY0006855,LOAN0000177,CUST0000681,2026-07-28,2026-07-27,93.84,93.84,0.0,On-time
PAY0006856,LOAN0000470,CUST0000725,2022-05-03,,241.98,0.0,,Missed
PAY0006857,LOAN0000558,CUST0000843,2026-04-23,2026-04-21,115.54,115.54,0.0,On-time
PAY0006858,LOAN0000544,CUST0000897,2025-02-04,2025-02-02,1086.9,1086.9,0.0,On-time
PAY0006859,LOAN0000103,CUST0000671,2026-02-28,2026-03-25,280.45,280.45,25.0,Late
PAY0006860,LOAN0000338,CUST0000083,2024-03-31,2024-03-31,1081.84,-1081.84,0.0,On-time
PAY0006861,LOAN0000297,CUST0000925,2025-09-15,2025-09-15,2888.78,2888.78,0.0,On-time
PAY0006862,LOAN0000390,CUST0000310,2024-08-23,2024-08-23,377.65,377.65,0.0,On-time
PAY0006863,LOAN0000023,CUST0000556,2026-04-24,2026-04-24,888.73,888.73,0.0,On-time
PAY0006864,LOAN0000122,CUST0000253,2026-05-05,2026-05-03,559.32,559.32,0.0,On-time
PAY0006865,LOAN0000575,CUST0000725,2025-02-08,2025-02-06,264.71,264.71,0.0,On-time
PAY0006866,LOAN0000273,CUST0000955,2022-12-27,2022-12-26,1128.57,1128.57,0.0,On-time
PAY0006867,LOAN0000290,CUST0000757,2024-09-13,2024-09-12,649.64,649.64,0.0,On-time
PAY0006868,LOAN0000335,CUST0000661,2026-06-05,2026-06-03,117.54,117.54,0.0,On-time
PAY0006869,LOAN0000577,CUST0000268,2024-02-26,2024-02-26,33.72,33.72,0.0,On-time
PAY0006870,LOAN0000178,CUST0000675,2025-12-14,,963.41,0.0,,Missed
PAY0006871,LOAN0000578,CUST0000916,2023-12-01,2023-11-30,335.27,335.27,0.0,On-time
PAY0006872,LOAN0000414,CUST0000003,2026-01-11,2026-01-11,22.1,22.1,0.0,On-time
PAY0006873,LOAN0000590,CUST0000731,2025-09-04,2025-09-03,425.85,425.85,0.0,On-time
PAY0006874,LOAN0000257,CUST0000699,2025-03-26,2025-03-26,1022.97,1022.97,0.0,On-time
PAY0006875,LOAN0000197,CUST0000932,2026-07-21,2026-07-21,110.21,110.21,0.0,On-time
PAY0006876,LOAN0000398,CUST0000546,2026-06-28,2026-06-27,550.88,550.88,0.0,On-time
PAY0006877,LOAN0000205,CUST0000080,2025-06-27,,709.8,709.8,0.0,On-time
PAY0006878,LOAN0000559,CUST0000824,2023-06-30,2023-06-30,176.29,176.29,0.0,On-time
PAY0006879,LOAN0000193,CUST0000003,2023-05-28,2023-05-27,466.75,310.43,0.0,Partial
PAY0006880,LOAN0000416,CUST0000611,2023-05-09,2023-05-19,21.6,21.6,10.0,Late
PAY0006881,LOAN0000092,CUST0000314,2022-10-31,2022-10-31,657.71,657.71,0.0,On-time
PAY0006882,LOAN0000123,CUST0000662,2026-04-23,2026-04-21,276.96,276.96,0.0,On-time
PAY0006883,LOAN0000103,CUST0000671,2025-11-29,,280.45,0.0,,Missed
PAY0006884,LOAN0000523,CUST0000015,2024-09-25,2024-09-23,566.64,566.64,0.0,On-time
PAY0006885,LOAN0000026,CUST0000233,2025-04-17,,1026.87,0.0,,Missed
PAY0006886,LOAN0000119,CUST0000188,2025-03-16,,820.41,0.0,,Missed
PAY0006887,LOAN0000452,CUST0000389,2025-09-07,2025-09-05,517.19,200.94,0.0,Partial
PAY0006888,LOAN0000026,CUST0000233,2026-05-17,2026-05-16,1026.87,1026.87,0.0,On-time
PAY0006889,LOAN0000395,CUST0000169,2026-06-09,2026-06-08,167.52,167.52,0.0,On-time
PAY0006890,LOAN0000328,CUST0000176,2025-03-17,,34.51,0.0,,Missed
PAY0006891,LOAN0000076,CUST0000869,2025-12-28,,241.76,241.76,0.0,On-time
PAY0006892,LOAN0000046,CUST0000361,2025-07-18,2025-07-18,1162.93,1162.93,0.0,On-time
PAY0006893,LOAN0000564,CUST0000695,2026-07-15,2026-07-13,471.54,471.54,0.0,On-time
PAY0006894,LOAN0000459,CUST0000783,2025-07-07,2025-07-07,183.08,183.08,0.0,On-time
PAY0006895,LOAN0000392,CUST0000563,2025-08-26,,643.1,0.0,,Missed
PAY0006896,LOAN0000068,CUST0000510,2024-03-14,2024-03-12,1394.11,1394.11,0.0,On-time
PAY0006897,LOAN0000556,CUST0000773,2022-10-21,,76.7,0.0,,Missed
PAY0006898,LOAN0000499,CUST0000110,2024-10-01,2024-09-30,435.21,435.21,0.0,On-time
PAY0006899,LOAN0000443,CUST0000791,2025-07-02,2025-07-02,1882.62,1882.62,0.0,On-time
PAY0006900,LOAN0000160,CUST0000148,2025-11-15,2025-11-15,76.44,76.44,0.0,On-time
PAY0006901,LOAN0000138,CUST0000052,2026-05-05,2026-05-24,332.64,332.64,19.0,Late
PAY0006902,LOAN0000324,CUST0000425,2026-05-26,2026-05-26,257.13,257.13,0.0,On-time
PAY0006903,LOAN0000577,CUST0000268,2025-05-27,,33.72,0.0,,Missed
PAY0006904,LOAN0000057,CUST0000816,2024-01-24,,441.62,0.0,,Missed
PAY0006905,LOAN0000388,CUST0000135,2025-11-11,,1240.37,0.0,,Missed
PAY0006906,LOAN0000086,CUST0000622,2026-04-15,,584.59,0.0,,Missed
PAY0006907,LOAN0000577,CUST0000268,2023-01-26,2023-01-24,33.72,33.72,0.0,On-time
PAY0006908,LOAN0000462,CUST0000397,2025-05-30,,660.43,0.0,,Missed
PAY0006909,LOAN0000505,CUST0000062,2025-06-18,2025-07-19,50.36,50.36,31.0,Late
PAY0006910,LOAN0000152,CUST0000805,2023-10-16,2023-10-14,546.78,546.78,0.0,On-time
PAY0006911,LOAN0000071,CUST0000250,2026-04-23,,190.79,0.0,,Missed
PAY0006912,LOAN0000282,CUST0000724,2023-09-23,2023-09-23,67.12,67.12,0.0,On-time
PAY0006913,LOAN0000118,CUST0000545,2024-07-07,2024-07-05,208.58,208.58,0.0,On-time
PAY0006914,LOAN0000386,CUST0000481,2024-10-12,2024-10-10,155.17,155.17,0.0,On-time
PAY0006915,LOAN0000169,CUST0000889,2023-02-19,2023-02-18,1012.97,1012.97,0.0,On-time
PAY0006916,LOAN0000232,CUST0000762,2024-07-23,2024-07-21,30.32,30.32,0.0,On-time
PAY0006917,LOAN0000404,CUST0000215,2025-09-28,2025-09-27,1462.43,1462.43,0.0,On-time
PAY0006918,LOAN0000144,CUST0000143,2023-06-17,2023-06-17,184.57,184.57,0.0,On-time
PAY0006919,LOAN0000579,CUST0000002,2023-08-27,2023-08-26,467.36,467.36,0.0,On-time
PAY0006920,LOAN0000480,CUST0000765,2025-06-07,2025-06-06,517.76,517.76,0.0,On-time
PAY0006921,LOAN0000501,CUST0000055,2025-05-05,2025-05-05,762.76,762.76,0.0,On-time
PAY0006922,LOAN0000041,CUST0000778,2024-07-12,2024-08-21,450.04,450.04,40.0,Late
PAY0006923,LOAN0000533,CUST0000725,2023-04-26,2023-04-26,1461.65,1461.65,0.0,On-time
PAY0006924,LOAN0000266,CUST0000220,2026-01-10,2026-01-08,324.19,324.19,0.0,On-time
PAY0006925,LOAN0000144,CUST0000143,2024-10-16,2024-10-16,184.57,,0.0,On-time
PAY0006926,LOAN0000232,CUST0000762,2022-06-23,,30.32,0.0,,Missed
PAY0006927,LOAN0000490,CUST0000017,2026-03-28,,265.48,0.0,,Missed
PAY0006928,LOAN0000080,CUST0000004,2024-11-17,2024-11-15,855.13,855.13,0.0,On-time
PAY0006929,LOAN0000147,CUST0000364,2022-03-28,2022-03-26,150.55,150.55,0.0,On-time
PAY0006930,LOAN0000149,CUST0000764,2024-01-09,2024-01-08,556.36,294.55,0.0,Partial
PAY0006931,LOAN0000131,CUST0000115,2023-10-05,2023-10-03,62.49,62.49,0.0,On-time
PAY0006932,LOAN0000178,CUST0000675,2026-02-13,2026-02-11,963.41,963.41,0.0,On-time
PAY0006933,LOAN0000424,CUST0000831,2025-06-06,2025-06-05,306.66,306.66,0.0,On-time
PAY0006934,LOAN0000012,CUST0000725,2023-05-22,2023-05-21,607.42,607.42,0.0,On-time
PAY0006935,LOAN0000121,CUST0000032,2024-04-11,2024-04-10,685.92,685.92,0.0,On-time
PAY0006936,LOAN0000442,CUST0000745,2026-08-04,2026-08-04,250.74,250.74,0.0,On-time
PAY0006937,LOAN0000068,CUST0000510,2022-09-13,,1394.11,1394.11,4.0,Late
PAY0006938,LOAN0000315,CUST0000259,2022-02-28,2022-02-27,962.31,962.31,0.0,On-time
PAY0006939,LOAN0000480,CUST0000765,2026-04-07,,517.76,0.0,,Missed
PAY0006940,LOAN0000108,CUST0000303,2026-03-01,2026-02-27,115.22,115.22,0.0,On-time
PAY0006941,LOAN0000169,CUST0000889,2022-12-20,2022-12-18,1012.97,1012.97,0.0,On-time
PAY0006942,LOAN0000060,CUST0000626,2025-10-03,2025-10-03,25.65,25.65,0.0,On-time
PAY0006943,LOAN0000266,CUST0000220,2024-06-10,2024-06-08,324.19,324.19,0.0,On-time
PAY0006944,LOAN0000285,CUST0000506,2024-12-13,2024-12-11,133.87,133.87,0.0,On-time
PAY0006945,LOAN0000380,CUST0000036,2025-11-27,2025-11-26,719.07,719.07,0.0,On-time
PAY0006946,LOAN0000179,CUST0000796,2025-06-25,2025-06-25,76.24,76.24,0.0,On-time
PAY0006947,LOAN0000356,CUST0000951,2025-12-17,2025-12-26,208.44,208.44,9.0,Late
PAY0006948,LOAN0000441,CUST0000705,2024-09-11,2024-09-09,2212.0,2212.0,0.0,On-time
PAY0006949,LOAN0000410,CUST0000712,2023-08-17,2023-08-16,696.51,696.51,0.0,On-time
PAY0006950,LOAN0000528,CUST0000832,2025-07-03,2025-07-14,436.3,436.3,11.0,Late
PAY0006951,LOAN0000047,CUST0000212,2022-08-15,2022-08-14,199.31,199.31,0.0,On-time
PAY0006952,LOAN0000005,CUST0000678,2025-09-29,,25.92,0.0,,Missed
PAY0006953,LOAN0000009,CUST0000316,2024-08-05,2024-08-05,201.72,201.72,0.0,On-time
PAY0006954,LOAN0000539,CUST0000693,2025-05-03,2025-05-01,180.07,180.07,0.0,On-time
PAY0006955,LOAN0000592,CUST0000786,2025-08-03,2025-08-03,979.05,979.05,0.0,On-time
PAY0006956,LOAN0000291,CUST0000987,2024-12-29,2025-01-25,424.49,424.49,27.0,Late
PAY0006957,LOAN0000168,CUST0000850,2025-05-01,2025-05-01,487.76,487.76,0.0,On-time
PAY0006958,LOAN0000170,CUST0000156,2025-06-16,2025-06-16,1293.11,1293.11,0.0,On-time
PAY0006959,LOAN0000518,CUST0000585,2026-05-20,2026-05-19,1847.26,1847.26,0.0,On-time
PAY0006960,LOAN0000529,CUST0000838,2025-08-24,2025-08-24,513.54,513.54,0.0,On-time
PAY0006961,LOAN0000181,CUST0000393,2026-07-22,2026-07-20,114.46,114.46,0.0,On-time
PAY0006962,LOAN0000451,CUST0000882,2023-11-19,2023-11-19,324.24,324.24,0.0,On-time
PAY0006963,LOAN0000414,CUST0000003,2026-05-13,2026-05-13,22.1,22.1,0.0,On-time
PAY0006964,LOAN0000500,CUST0000918,2024-08-15,2024-08-15,199.95,199.95,0.0,On-time
PAY0006965,LOAN0000274,CUST0000327,2025-01-03,2025-01-02,125.44,125.44,0.0,On-time
PAY0006966,LOAN0000255,CUST0000491,2025-05-08,2025-05-06,379.26,379.26,0.0,On-time
PAY0006967,LOAN0000119,CUST0000188,2022-12-15,,820.41,0.0,,Missed
PAY0006968,LOAN0000207,CUST0000383,2024-06-16,2024-06-15,935.64,366.39,0.0,Partial
PAY0006969,LOAN0000073,CUST0000266,2025-10-06,2025-10-05,101.83,101.83,0.0,On-time
PAY0006970,LOAN0000456,CUST0000220,2023-05-07,2023-05-05,204.09,204.09,0.0,On-time
PAY0006971,LOAN0000382,CUST0000508,2025-08-31,2025-08-31,416.59,416.59,0.0,On-time
PAY0006972,LOAN0000164,CUST0000966,2023-11-28,2023-11-27,3556.03,3556.03,0.0,On-time
PAY0006973,LOAN0000493,CUST0000307,2022-01-19,2022-01-20,516.28,516.28,1.0,Late
PAY0006974,LOAN0000012,CUST0000725,2026-08-21,2026-08-21,607.42,607.42,0.0,On-time
PAY0006975,LOAN0000538,CUST0000126,2025-10-08,2025-10-08,360.05,360.05,0.0,On-time
PAY0006976,LOAN0000461,CUST0000893,2025-01-23,2025-01-21,13.08,13.08,0.0,On-time
PAY0006977,LOAN0000395,CUST0000169,2026-04-09,2026-04-07,167.52,167.52,0.0,On-time
PAY0006978,LOAN0000301,CUST0000438,2025-09-03,2025-09-02,160.1,160.1,0.0,On-time
PAY0006979,LOAN0000418,CUST0000918,2023-07-12,2023-07-11,86.17,86.17,0.0,On-time
PAY0006980,LOAN0000292,CUST0000778,2023-07-19,2023-07-17,3468.2,3468.2,0.0,On-time
PAY0006981,LOAN0000546,CUST0000704,2025-09-15,2025-09-13,3568.57,3568.57,0.0,On-time
PAY0006982,LOAN0000583,CUST0000516,2022-06-28,2022-06-28,843.06,843.06,0.0,On-time
PAY0006983,LOAN0000070,CUST0000916,2025-12-21,,592.68,0.0,,Missed
PAY0006984,LOAN0000154,CUST0000605,2024-08-07,2024-08-06,218.73,218.73,0.0,On-time
PAY0006985,LOAN0000278,CUST0000535,2026-03-28,2026-05-09,110.19,110.19,42.0,Late
PAY0006986,LOAN0000119,CUST0000188,2026-01-14,,820.41,0.0,,Missed
PAY0006987,LOAN0000033,CUST0000373,2025-02-20,2025-03-24,2390.38,2390.38,32.0,Late
PAY0006988,LOAN0000163,CUST0000003,2023-11-15,2023-11-14,488.31,488.31,0.0,On-time
PAY0006989,LOAN0000539,CUST0000693,2025-10-02,2025-10-01,180.07,180.07,0.0,On-time
PAY0006990,LOAN0000576,CUST0000001,2024-05-04,,341.13,0.0,,Missed
PAY0006991,LOAN0000449,CUST0000617,2023-07-19,2023-07-19,464.05,464.05,0.0,On-time
PAY0006992,LOAN0000016,CUST0000359,2025-10-13,2025-10-11,424.63,424.63,0.0,On-time
PAY0006993,LOAN0000275,CUST0000306,2024-07-15,,384.84,0.0,,Missed
PAY0006994,LOAN0000434,CUST0000010,2023-07-06,2023-07-05,237.04,237.04,0.0,On-time
PAY0006995,LOAN0000309,CUST0000107,2024-09-10,2024-09-08,3173.09,3173.09,0.0,On-time
PAY0006996,LOAN0000327,CUST0000225,2023-11-26,2023-11-24,214.19,214.19,0.0,On-time
PAY0006997,LOAN0000246,CUST0000874,2023-09-09,,966.85,966.85,0.0,On-time
PAY0006998,LOAN0000392,CUST0000563,2024-12-25,2024-12-25,643.1,643.1,0.0,On-time
PAY0006999,LOAN0000440,CUST0000395,2023-11-22,2023-11-21,555.31,555.31,0.0,On-time
PAY0007000,LOAN0000097,CUST0000674,2026-08-11,,41.25,0.0,,Missed
PAY0007001,LOAN0000572,CUST0000379,2024-07-01,2024-07-01,199.55,,0.0,Partial
PAY0007002,LOAN0000288,CUST0000370,2026-05-21,2026-05-21,476.12,476.12,0.0,On-time
PAY0007003,LOAN0000131,CUST0000115,2024-06-04,2024-06-02,62.49,62.49,0.0,On-time
PAY0007004,LOAN0000369,CUST0000699,2023-10-19,2023-10-19,863.87,863.87,0.0,On-time
PAY0007005,LOAN0000094,CUST0000345,2024-01-30,2024-03-10,610.74,610.74,40.0,Late
PAY0007006,LOAN0000576,CUST0000001,2024-08-03,2024-08-03,341.13,341.13,0.0,On-time
PAY0007007,LOAN0000263,CUST0000966,2024-07-11,2024-07-11,460.72,460.72,0.0,On-time
PAY0007008,LOAN0000410,CUST0000712,2026-08-16,2026-08-16,696.51,696.51,0.0,On-time
PAY0007009,LOAN0000553,CUST0000515,2024-11-26,2024-11-26,108.09,108.09,0.0,On-time
PAY0007010,LOAN0000363,CUST0000783,2023-12-29,2023-12-30,630.91,630.91,1.0,Late
PAY0007011,LOAN0000211,CUST0000060,2025-03-27,2025-03-26,609.68,609.68,0.0,On-time
PAY0007012,LOAN0000111,CUST0000196,2026-02-05,2026-02-03,640.44,640.44,0.0,On-time
PAY0007013,LOAN0000313,CUST0000400,2026-03-19,2026-03-19,296.44,296.44,0.0,On-time
PAY0007014,LOAN0000447,CUST0000186,2025-12-17,2025-12-17,350.47,350.47,0.0,On-time
PAY0007015,LOAN0000136,CUST0000678,2025-06-13,2025-06-11,62.52,62.52,0.0,On-time
PAY0007016,LOAN0000472,CUST0000609,2025-12-10,,666.25,0.0,,Missed
PAY0007017,LOAN0000141,CUST0000292,2026-06-18,2026-06-18,2633.83,2633.83,0.0,On-time
PAY0007018,LOAN0000013,CUST0000091,2025-02-01,2025-01-31,1833.33,1833.33,0.0,On-time
PAY0007019,LOAN0000248,CUST0000569,2023-04-07,2023-04-06,273.13,131.45,0.0,Partial
PAY0007020,LOAN0000576,CUST0000001,2025-09-03,,341.13,0.0,,Missed
PAY0007021,LOAN0000540,CUST0000782,2022-09-13,2022-09-13,216.21,216.21,0.0,On-time
PAY0007022,LOAN0000363,CUST0000783,2023-01-28,2023-01-27,630.91,525.16,0.0,Partial
PAY0007023,LOAN0000457,CUST0000181,2025-06-26,2025-06-26,772.95,772.95,0.0,On-time
PAY0007024,LOAN0000491,CUST0000360,2025-01-11,,1483.2,1483.2,13.0,Late
PAY0007025,LOAN0000423,CUST0000564,2025-01-21,2025-01-20,43.59,43.59,0.0,On-time
PAY0007026,LOAN0000214,CUST0000290,2024-03-17,2024-03-16,883.07,883.07,0.0,On-time
PAY0007027,LOAN0000481,CUST0000429,2024-05-04,2024-05-02,227.01,227.01,0.0,On-time
PAY0007028,LOAN0000190,CUST0000337,2026-03-28,2026-03-28,293.17,293.17,0.0,On-time
PAY0007029,LOAN0000147,CUST0000364,2024-08-27,2024-08-25,150.55,150.55,0.0,On-time
PAY0007030,LOAN0000556,CUST0000773,2025-05-21,2025-05-19,76.7,76.7,0.0,On-time
PAY0007031,LOAN0000254,CUST0000296,2024-10-25,2024-10-23,449.87,449.87,0.0,On-time
PAY0007032,LOAN0000156,CUST0000047,2025-12-14,2025-12-13,19.97,19.97,0.0,On-time
PAY0007033,LOAN0000583,CUST0000516,2022-01-26,2022-02-15,843.06,843.06,20.0,Late
PAY0007034,LOAN0000415,CUST0000528,2026-03-23,2026-03-22,661.37,661.37,0.0,On-time
PAY0007035,LOAN0000108,CUST0000303,2026-07-31,2026-07-31,115.22,115.22,0.0,On-time
PAY0007036,LOAN0000299,CUST0000136,2024-03-07,2024-04-10,486.64,486.64,34.0,Late
PAY0007037,LOAN0000442,CUST0000745,2024-02-03,2024-02-02,250.74,,0.0,Partial
PAY0007038,LOAN0000246,CUST0000874,2022-09-09,2022-09-09,966.85,966.85,0.0,On-time
PAY0007039,LOAN0000540,CUST0000782,2023-10-14,2023-10-12,216.21,216.21,0.0,On-time
PAY0007040,LOAN0000243,CUST0000094,2026-03-10,2026-03-08,227.16,227.16,0.0,On-time
PAY0007041,LOAN0000556,CUST0000773,2025-06-21,2025-06-19,76.7,76.7,0.0,On-time
PAY0007042,LOAN0000284,CUST0000557,2026-04-02,2026-04-01,1030.27,1030.27,0.0,On-time
PAY0007043,LOAN0000508,CUST0000151,2023-10-24,,359.97,0.0,,Missed
PAY0007044,LOAN9070021,CUST0000574,2026-01-24,2026-02-22,437.5,437.5,29.0,Late
PAY0007045,LOAN0000302,CUST0000408,2026-03-07,2026-03-05,254.69,254.69,0.0,On-time
PAY0007046,LOAN0000431,CUST0000662,2025-05-10,2025-05-10,140.76,140.76,0.0,On-time
PAY0007047,LOAN0000100,CUST0000084,2025-08-23,,1277.87,0.0,,Missed
PAY0007048,LOAN0000544,CUST0000897,2025-06-05,,1086.9,0.0,,Missed
PAY0007049,LOAN0000311,CUST0000689,2024-07-24,2024-07-24,184.19,184.19,0.0,On-time
PAY0007050,LOAN0000175,CUST0000265,2026-01-30,2026-01-29,344.59,344.59,0.0,On-time
PAY0007051,LOAN0000007,CUST0000718,2025-08-12,2025-08-12,669.61,669.61,0.0,On-time
PAY0007052,LOAN0000311,CUST0000689,2023-08-24,2023-08-22,184.19,184.19,0.0,On-time
PAY0007053,LOAN0000146,CUST0000606,2024-05-25,2024-05-23,1506.71,1506.71,0.0,On-time
PAY0007054,LOAN0000565,CUST0000504,2023-08-25,2023-08-25,554.46,554.46,0.0,On-time
PAY0007055,LOAN0000145,CUST0000538,2023-03-22,2023-03-22,1202.85,1202.85,0.0,On-time
PAY0007056,LOAN0000468,CUST0000469,2026-04-11,,418.52,418.52,0.0,On-time
PAY0007057,LOAN0000191,CUST0000044,2025-10-31,2025-10-31,1957.75,1957.75,0.0,On-time
PAY0007058,LOAN0000055,CUST0000726,2022-03-28,2022-03-28,399.72,399.72,0.0,On-time
PAY0007059,LOAN0000483,CUST0000418,2024-05-05,2024-05-05,191.54,191.54,0.0,On-time
PAY0007060,LOAN0000416,CUST0000611,2025-03-08,,21.6,0.0,,Missed
PAY0007061,LOAN0000548,CUST0000347,2023-06-29,2023-06-29,480.43,480.43,0.0,On-time
PAY0007062,LOAN0000291,CUST0000987,2025-03-30,2025-03-30,424.49,424.49,0.0,On-time
PAY0007063,LOAN0000167,CUST0000260,2025-10-07,2025-10-07,974.84,974.84,0.0,On-time
PAY0007064,LOAN0000403,CUST0000115,2023-09-19,,43.28,0.0,,Missed
PAY0007065,LOAN0000209,CUST0000225,2026-03-08,2026-03-07,295.37,175.68,0.0,Partial
PAY0007066,LOAN0000502,CUST0000631,2026-03-26,2026-03-26,35.74,35.74,0.0,On-time
PAY0007067,LOAN0000478,CUST0000586,2024-12-15,2024-12-13,382.05,382.05,0.0,On-time
PAY0007068,LOAN0000208,CUST0000886,2025-02-07,2025-02-05,682.55,682.55,0.0,On-time
PAY0007069,LOAN0000237,CUST0000988,2024-03-24,2024-03-24,1335.42,1335.42,0.0,On-time
PAY0007070,LOAN0000399,CUST0000797,2025-09-22,,375.73,,0.0,On-time
PAY0007071,LOAN0000364,CUST0000322,2024-08-03,2024-08-22,86.55,86.55,19.0,Late
PAY0007072,LOAN0000551,CUST0000153,2026-01-21,2026-01-21,1259.61,1259.61,0.0,On-time
PAY0007073,LOAN0000231,CUST0000896,2025-12-08,,508.99,0.0,,Missed
PAY0007074,LOAN0000458,CUST0000426,2026-06-12,2026-06-11,139.78,139.78,0.0,On-time
PAY0007075,LOAN0000556,CUST0000773,2026-03-22,2026-03-20,76.7,76.7,0.0,On-time
PAY0007076,LOAN0000116,CUST0000269,2025-11-27,2025-12-11,259.68,259.68,14.0,Late
PAY0007077,LOAN0000012,CUST0000725,2022-05-22,2022-05-21,607.42,,0.0,On-time
PAY0007078,LOAN0000202,CUST0000060,2023-11-21,2023-11-20,65.87,65.87,0.0,On-time
PAY0007079,LOAN0000360,CUST0000875,2026-03-01,2026-02-27,17.76,17.76,0.0,On-time
PAY0007080,LOAN0000375,CUST0000107,2023-06-02,2023-06-01,1121.15,1121.15,0.0,On-time
PAY0007081,LOAN0000157,CUST0000083,2025-12-26,2025-12-24,346.56,346.56,0.0,On-time
PAY0007082,LOAN0000142,CUST0000897,2026-04-21,2026-04-20,459.08,333.41,0.0,Partial
PAY0007083,LOAN0000275,CUST0000306,2026-05-16,2026-05-14,384.84,384.84,0.0,On-time
PAY0007084,LOAN0000103,CUST0000671,2025-12-29,,280.45,0.0,,Missed
PAY0007085,LOAN0000154,CUST0000605,2025-10-07,2025-10-06,218.73,218.73,0.0,On-time
PAY0007086,LOAN0000100,CUST0000084,2025-10-23,2025-10-23,1277.87,1277.87,0.0,On-time
PAY0007087,LOAN0000588,CUST0000382,2023-11-28,2023-11-26,148.33,148.33,0.0,On-time
PAY0007088,LOAN0000020,CUST0000574,2025-11-24,2025-11-22,437.5,437.5,0.0,On-time
PAY0007089,LOAN0000105,CUST0000330,2026-07-25,2026-07-24,1277.68,1277.68,0.0,On-time
PAY0007090,LOAN0000386,CUST0000481,2023-07-14,2023-07-14,155.17,155.17,0.0,On-time
PAY0007091,LOAN0000397,CUST0000714,2025-01-17,2025-01-15,500.03,226.1,0.0,Partial
PAY0007092,LOAN0000583,CUST0000516,2026-02-26,2026-02-26,843.06,843.06,0.0,On-time
PAY0007093,LOAN0000081,CUST0000682,2024-01-19,,377.89,0.0,,Missed
PAY0007094,LOAN0000104,CUST0000488,2024-11-24,2024-11-22,199.65,199.65,0.0,On-time
PAY0007095,LOAN0000178,CUST0000675,2025-07-15,2025-07-13,963.41,963.41,0.0,On-time
PAY0007096,LOAN0000366,CUST0000111,2023-10-11,2023-10-10,668.2,668.2,0.0,On-time
PAY0007097,LOAN0000223,CUST0000379,2025-06-05,2025-06-04,176.49,91.51,0.0,Partial
PAY0007098,LOAN0000298,CUST0000259,2026-05-21,2026-05-20,1082.37,1082.37,0.0,On-time
PAY0007099,LOAN0000546,CUST0000704,2026-01-15,,3568.57,0.0,,Missed
PAY0007100,LOAN0000193,CUST0000003,2024-02-26,2024-02-26,466.75,466.75,0.0,On-time
PAY0007101,LOAN0000102,CUST0000551,2022-08-20,2022-08-19,635.91,,0.0,On-time
PAY0007102,LOAN0000169,CUST0000889,2022-08-20,2022-09-04,1012.97,1012.97,15.0,Late
PAY0007103,LOAN0000547,CUST0000422,2023-12-19,,244.53,0.0,,Missed
PAY0007104,LOAN0000013,CUST0000091,2026-02-01,2026-01-31,1833.33,1833.33,0.0,On-time
PAY0007105,LOAN0000515,CUST0000228,2026-02-24,2026-03-13,89.12,89.12,17.0,Late
PAY0007106,LOAN0000144,CUST0000143,2022-05-18,2022-05-16,184.57,184.57,0.0,On-time
PAY0007107,LOAN0000538,CUST0000126,2026-01-07,2026-01-07,360.05,360.05,0.0,On-time
PAY0007108,LOAN0000324,CUST0000425,2025-07-25,2025-07-24,257.13,-257.13,0.0,OK
PAY0007109,LOAN0000243,CUST0000094,2025-04-09,2025-04-08,227.16,227.16,0.0,On-time
PAY0007110,LOAN0000110,CUST0000466,2025-09-22,2025-09-20,434.4,434.4,0.0,On-time
PAY0007111,LOAN0000251,CUST0000975,2025-12-27,2025-12-26,793.09,793.09,0.0,On-time
PAY0007112,LOAN0000233,CUST0000781,2024-06-23,2024-06-21,2150.27,2150.27,0.0,On-time
PAY0007113,LOAN0000584,CUST0000129,2024-01-05,2024-01-04,135.36,135.36,0.0,On-time
PAY0007114,LOAN0000389,CUST0000725,2026-08-08,,389.39,0.0,,Missed
PAY0007115,LOAN0000426,CUST0000297,2022-07-16,2022-07-16,370.17,370.17,0.0,On-time
PAY0007116,LOAN0000057,CUST0000816,2023-10-25,2023-10-25,441.62,441.62,0.0,On-time
PAY0007117,LOAN0000463,CUST0000684,2022-10-31,2022-03-22,397.2,397.2,0.0,On-time
PAY0007118,LOAN0000081,CUST0000682,2026-01-18,2026-01-17,377.89,377.89,0.0,On-time
PAY0007119,LOAN0000415,CUST0000528,2025-12-22,2025-03-09,661.37,661.37,0.0,On-time
PAY0007120,LOAN0000202,CUST0000060,2025-01-21,2025-02-21,65.87,65.87,31.0,Late
PAY0007121,LOAN0000401,CUST0000745,2026-08-07,2026-08-05,372.39,,0.0,On-time
PAY0007122,LOAN0000207,CUST0000383,2026-02-15,2026-02-14,935.64,935.64,0.0,On-time
PAY0007123,LOAN0000255,CUST0000491,2024-06-07,2024-06-05,379.26,379.26,0.0,On-time
PAY0007124,LOAN0000240,CUST0000608,2026-06-20,2026-06-18,533.89,533.89,0.0,On-time
PAY0007125,LOAN0000184,CUST0000347,2024-02-10,2024-02-10,487.42,487.42,0.0,On-time
PAY0007126,LOAN0000009,CUST0000316,2024-03-06,2024-03-04,201.72,201.72,0.0,On-time
PAY0007127,LOAN0000510,CUST0000702,2025-08-22,,892.11,0.0,,Missed
PAY0007128,LOAN0000027,CUST0000457,2025-11-20,2025-11-18,240.0,240.0,0.0,On-time
PAY0007129,LOAN0000283,CUST0000045,2023-03-15,2023-03-14,57.8,57.8,0.0,On-time
PAY0007130,LOAN0000453,CUST0000869,2022-03-14,2022-03-14,1543.9,900.04,0.0,Partial
PAY0007131,LOAN0000497,CUST0000929,2023-09-10,,891.0,0.0,,Missed
PAY0007132,LOAN0000575,CUST0000725,2024-07-10,2024-07-10,264.71,264.71,0.0,On-time
PAY0007133,LOAN0000041,CUST0000778,2025-01-11,,450.04,0.0,,Missed
PAY0007134,LOAN0000574,CUST0000356,2023-09-02,2023-09-01,2031.77,2031.77,0.0,On-time
PAY0007135,LOAN0000484,CUST0000147,2025-05-20,2025-05-19,133.74,133.74,0.0,On-time
PAY0007136,LOAN0000080,CUST0000004,2025-09-17,,855.13,0.0,,Missed
PAY0007137,LOAN0000200,CUST0000200,2025-05-24,,263.49,0.0,,Missed
PAY0007138,LOAN0000043,CUST0000911,2025-04-08,2025-04-06,304.1,304.1,0.0,On-time
PAY0007139,LOAN0000295,CUST0000369,2024-05-04,2024-05-04,638.67,638.67,0.0,On-time
PAY0007140,LOAN0000519,CUST0000619,2022-12-24,2022-12-23,150.47,150.47,0.0,On-time
PAY0007141,LOAN0000076,CUST0000869,2025-01-27,2025-01-27,241.76,241.76,0.0,On-time
PAY0007142,LOAN0000033,CUST0000373,2024-08-21,2024-08-21,2390.38,2390.38,0.0,On-time
PAY0007143,LOAN0000556,CUST0000773,2025-04-21,2025-04-19,76.7,33.25,0.0,Partial
PAY0007144,LOAN0000547,CUST0000422,2025-02-17,2025-02-16,244.53,244.53,0.0,On-time
PAY0007145,LOAN0000457,CUST0000181,2026-02-25,,772.95,0.0,,Missed
PAY0007146,LOAN0000406,CUST0000519,2024-05-09,2024-05-09,179.61,179.61,0.0,On-time
PAY0007147,LOAN0000060,CUST0000626,2026-07-04,2026-07-02,25.65,25.65,0.0,On-time
PAY0007148,LOAN0000426,CUST0000297,2024-02-14,2024-02-13,370.17,,0.0,On-time
PAY0007149,LOAN0000267,CUST0000745,2025-11-09,,122.23,0.0,,Missed
PAY0007150,LOAN0000142,CUST0000897,2024-08-20,2024-08-19,459.08,459.08,0.0,On-time
PAY0007151,LOAN0000555,CUST0000407,2025-09-29,2025-11-07,109.67,109.67,39.0,Late
PAY0007152,LOAN0000272,CUST0000177,2025-03-02,2025-03-01,248.57,248.57,0.0,On-time
PAY0007153,LOAN0000160,CUST0000148,2023-04-16,2023-04-15,76.44,76.44,0.0,On-time
PAY0007154,LOAN0000143,CUST0000791,2026-06-22,2026-06-21,159.55,159.55,0.0,On-time
PAY0007155,LOAN0000129,CUST0000236,2025-09-08,2025-09-07,453.79,453.79,0.0,On-time
PAY0007156,LOAN0000358,CUST0000899,2025-03-08,2025-03-07,368.63,368.63,0.0,On-time
PAY0007157,LOAN0000488,CUST0000052,2025-08-11,2025-08-11,135.79,135.79,0.0,On-time
PAY0007158,LOAN0000577,CUST0000268,2023-06-27,2023-06-25,33.72,33.72,0.0,On-time
PAY0007159,LOAN0000239,CUST0000856,2026-07-10,2026-07-08,160.45,160.45,0.0,On-time
PAY0007160,LOAN0000339,CUST0000384,2024-01-22,2024-01-20,83.06,83.06,0.0,On-time
PAY0007161,LOAN0000092,CUST0000314,2022-08-31,2022-08-30,657.71,657.71,0.0,On-time
PAY0007162,LOAN0000188,CUST0000979,2023-07-11,2023-07-09,349.2,349.2,0.0,On-time
PAY0007163,LOAN0000329,CUST0000886,2026-04-07,2026-04-05,1126.34,1126.34,0.0,On-time
PAY0007164,LOAN0000233,CUST0000781,2024-10-23,,2150.27,2150.27,0.0,On-time
PAY0007165,LOAN0000529,CUST0000838,2025-05-24,,513.54,0.0,,NSF
PAY0007166,LOAN0000279,CUST0000696,2024-06-24,2024-06-22,28.99,28.99,0.0,On-time
PAY0007167,LOAN0000256,CUST0000931,2024-03-27,,94.47,94.47,0.0,On-time
PAY0007168,LOAN0000126,CUST0000058,2024-03-11,2024-04-01,3092.58,3092.58,21.0,Late
PAY0007169,LOAN0000158,CUST0000766,2026-08-23,,248.32,0.0,,Missed
PAY0007170,LOAN0000274,CUST0000327,2026-07-05,2026-07-05,125.44,125.44,0.0,On-time
PAY0007171,LOAN0000202,CUST0000060,2024-01-21,,65.87,0.0,,Missed
PAY0007172,LOAN0000096,CUST0000078,2023-09-28,2023-09-26,811.36,811.36,0.0,On-time
PAY0007173,LOAN0000316,CUST0000547,2026-01-24,2026-01-24,258.01,258.01,0.0,On-time
PAY0007174,LOAN0000029,CUST0000434,2026-02-14,2026-02-14,698.52,698.52,0.0,On-time
PAY0007175,LOAN0000437,CUST0000668,2026-05-18,2026-05-18,572.37,572.37,0.0,On-time
PAY0007176,LOAN0000152,CUST0000805,2025-01-15,2025-01-13,546.78,546.78,0.0,On-time
PAY0007177,LOAN0000473,CUST0000340,2022-11-30,2022-11-28,528.94,528.94,0.0,on time
PAY0007178,LOAN0000469,CUST0000772,2023-07-27,2023-07-27,35.48,35.48,0.0,On-time
PAY0007179,LOAN0000248,CUST0000569,2024-12-06,2024-12-05,273.13,273.13,0.0,On-time
PAY0007180,LOAN0000134,CUST0000241,2025-09-05,2025-10-15,373.64,373.64,40.0,Late
PAY0007181,LOAN0000268,CUST0000062,2025-03-07,2025-03-06,60.75,60.75,0.0,On-time
PAY0007182,LOAN0000103,CUST0000671,2025-05-30,2025-05-30,280.45,280.45,0.0,On-time
PAY0007183,LOAN0000462,CUST0000397,2024-10-29,,660.43,0.0,,Missed
PAY0007184,LOAN0000131,CUST0000115,2024-04-04,2024-04-02,62.49,62.49,0.0,On-time
PAY0007185,LOAN0000115,CUST0000780,2024-06-12,,146.22,0.0,,Missed
PAY0007186,LOAN0000493,CUST0000307,2022-09-20,2022-10-04,516.28,516.28,14.0,Late
PAY0007187,LOAN0000139,CUST0000859,2026-07-11,2026-07-10,627.26,627.26,0.0,On-time
PAY0007188,LOAN0000520,CUST0000697,2023-08-15,2023-08-13,168.67,168.67,0.0,On-time
PAY0007189,LOAN0000410,CUST0000712,2022-06-16,2022-06-16,696.51,696.51,0.0,On-time
PAY0007190,LOAN0000275,CUST0000306,2025-09-14,2025-09-12,384.84,234.81,0.0,Partial
PAY0007191,LOAN0000510,CUST0000702,2026-07-23,2026-07-21,892.11,892.11,0.0,On-time
PAY0007192,LOAN0000538,CUST0000126,2023-08-09,,360.05,0.0,,Missed
PAY0007193,LOAN0000509,CUST0000598,2026-07-24,2026-07-23,671.21,671.21,0.0,On-time
PAY0007194,LOAN0000587,CUST0000313,2026-04-24,2026-04-23,268.66,268.66,0.0,On-time
PAY0007195,LOAN0000588,CUST0000382,2024-02-28,2024-02-26,148.33,148.33,0.0,On-time
PAY0007196,LOAN0000207,CUST0000383,2024-05-17,2024-05-17,935.64,935.64,0.0,On-time
PAY0007197,LOAN0000575,CUST0000725,2026-07-10,2026-07-10,264.71,264.71,0.0,On-time
PAY0007198,LOAN0000070,CUST0000916,2026-08-22,2026-08-22,592.68,592.68,0.0,On-time
PAY0007199,LOAN0000426,CUST0000297,2024-11-14,,370.17,0.0,,Missed
PAY0007200,LOAN0000005,CUST0000678,2026-06-30,2026-06-29,25.92,25.92,0.0,On-time
PAY0007201,LOAN0000394,CUST0000050,2023-10-21,2023-10-20,566.23,,0.0,Partial
PAY0007202,LOAN0000354,CUST0000677,2025-03-12,2025-03-11,103.03,103.03,0.0,On-time
PAY0007203,LOAN0000255,CUST0000491,2024-11-06,2024-11-06,379.26,379.26,0.0,On-time
PAY0007204,LOAN0000392,CUST0000563,2026-04-26,2026-06-03,643.1,643.1,38.0,Late
PAY0007205,LOAN0000485,CUST0000678,2025-05-02,2025-05-01,174.48,91.67,0.0,Partial
PAY0007206,LOAN0000190,CUST0000337,2024-06-27,2024-06-26,293.17,293.17,0.0,On-time
PAY0007207,LOAN0000034,CUST0000621,2025-06-12,2025-06-11,145.27,145.27,0.0,On-time
PAY0007208,LOAN0000410,CUST0000712,2023-07-17,2023-07-15,696.51,696.51,0.0,On-time
PAY0007209,LOAN0000299,CUST0000136,2025-03-07,2025-03-07,486.64,486.64,0.0,On-time
PAY0007210,LOAN0000097,CUST0000674,2025-11-10,2025-11-10,41.25,41.25,0.0,On-time
PAY0007211,LOAN0000094,CUST0000345,2023-08-01,2023-07-31,610.74,610.74,0.0,On-time
PAY0007212,LOAN0000333,CUST0000449,2025-01-08,2025-01-06,427.8,427.8,0.0,On-time
PAY0007213,LOAN0000540,CUST0000782,2022-11-13,2022-11-11,216.21,216.21,0.0,On-time
PAY0007214,LOAN0000532,CUST0000330,2023-08-31,2023-08-30,677.86,677.86,0.0,On-time
PAY0007215,LOAN0000439,CUST0000280,2025-08-21,2025-08-21,216.4,216.4,0.0,On-time
PAY0007216,LOAN0000291,CUST0000987,2026-04-30,2026-04-29,424.49,424.49,0.0,On-time
PAY0007217,LOAN0000343,CUST0000618,2026-02-02,2026-02-02,2825.66,2825.66,0.0,On-time
PAY0007218,LOAN0000495,CUST0000046,2025-12-11,2025-12-10,393.71,393.71,0.0,On-time
PAY0007219,LOAN0000358,CUST0000899,2026-06-07,2026-06-08,368.63,368.63,1.0,Late
PAY0007220,LOAN0000081,CUST0000682,2025-09-19,2025-09-19,377.89,377.89,0.0,On-time
PAY0007221,LOAN0000356,CUST0000951,2024-12-17,2024-12-15,208.44,208.44,0.0,On-time
PAY0007222,LOAN0000305,CUST0000286,2026-04-24,2026-05-27,34.75,34.75,33.0,Late
PAY0007223,LOAN0000515,CUST0000228,2026-03-26,2026-03-26,89.12,89.12,0.0,On-time
PAY0007224,LOAN0000059,CUST0000961,2024-06-23,2024-06-21,1372.66,1372.66,0.0,On-time
PAY0007225,LOAN0000520,CUST0000697,2022-10-15,2022-10-14,168.67,168.67,0.0,On-time
PAY0007226,LOAN0000470,CUST0000725,2023-12-03,2023-12-01,241.98,241.98,0.0,On-time
PAY0007227,LOAN0000471,CUST0000761,2025-08-05,2025-08-04,123.33,123.33,0.0,On-time
PAY0007228,LOAN0000181,CUST0000393,2025-12-21,2025-12-20,114.46,114.46,0.0,On-time
PAY0007229,LOAN0000184,CUST0000347,2025-03-11,2025-03-10,487.42,,0.0,On-time
PAY0007230,LOAN0000589,CUST0000517,2024-10-31,,611.86,0.0,,Missed
PAY0007231,LOAN0000434,CUST0000010,2025-08-05,2025-08-03,237.04,237.04,0.0,On-time
PAY0007232,LOAN0000081,CUST0000682,2026-08-19,2026-08-18,377.89,377.89,0.0,On-time
PAY0007233,LOAN0000449,CUST0000617,2023-10-18,2023-10-17,464.05,464.05,0.0,On-time
PAY0007234,LOAN0000275,CUST0000306,2023-12-15,2023-12-15,384.84,384.84,0.0,On-time
PAY0007235,LOAN0000213,CUST0000023,2022-07-27,2022-07-27,1149.89,1149.89,0.0,OK
PAY0007236,LOAN0000509,CUST0000598,2026-01-23,2026-01-22,671.21,671.21,0.0,On-time
PAY0007237,LOAN0000263,CUST0000966,2024-04-10,2024-04-08,460.72,460.72,0.0,On-time
PAY0007238,LOAN0000022,CUST0000637,2023-10-27,2023-10-26,78.37,78.37,0.0,On-time
PAY0007239,LOAN0000549,CUST0000293,2025-08-02,2025-08-02,155.52,155.52,0.0,On-time
PAY0007240,LOAN0000062,CUST0000397,2024-06-30,,309.46,0.0,,Missed
PAY0007241,LOAN0000577,CUST0000268,2025-04-27,2025-04-27,33.72,33.72,0.0,On-time
PAY0007242,LOAN0000115,CUST0000780,2023-12-13,2023-12-12,146.22,146.22,0.0,On-time
PAY0007243,LOAN0000161,CUST0000522,2023-11-28,2023-11-26,1392.51,1392.51,0.0,On-time
PAY0007244,LOAN9715173,CUST0000569,2025-09-15,2025-09-13,1505.11,1505.11,0.0,On-time
PAY0007245,LOAN0000080,CUST0000004,2024-02-17,2024-03-30,855.13,855.13,42.0,Late
PAY0007246,LOAN0000499,CUST0000110,2025-04-02,2025-04-01,435.21,435.21,0.0,On-time
PAY0007247,LOAN0000240,CUST0000608,2025-05-20,2025-05-18,533.89,533.89,0.0,On-time
PAY0007248,LOAN0000149,CUST0000764,2024-08-09,2024-08-09,556.36,556.36,0.0,On-time
PAY0007249,LOAN0000541,CUST0000470,2026-05-31,2026-06-13,1284.91,,13.0,Late
PAY0007250,LOAN0000295,CUST0000369,2026-04-04,,638.67,0.0,,Missed
PAY0007251,LOAN0000496,CUST0000211,2026-04-29,2026-04-28,488.18,488.18,0.0,On-time
PAY0007252,LOAN0000095,CUST0000488,2026-05-07,2026-05-05,153.78,153.78,0.0,On-time
PAY0007253,LOAN0000012,CUST0000725,2025-03-22,,607.42,607.42,0.0,On-time
PAY0007254,LOAN0000577,CUST0000268,2022-11-26,,33.72,0.0,,Missed
PAY0007255,LOAN0000491,CUST0000360,2024-10-11,2024-10-09,1483.2,-1483.2,0.0,On-time
PAY0007256,LOAN0000022,CUST0000637,2024-09-26,2024-09-26,78.37,78.37,0.0,On-time
PAY0007257,LOAN0000100,CUST0000084,2025-06-24,2025-06-22,1277.87,1277.87,0.0,On-time
PAY0007258,LOAN0000364,CUST0000322,2025-01-02,2025-01-01,86.55,86.55,0.0,On-time
PAY0007259,LOAN0000449,CUST0000617,2025-01-17,2025-01-15,464.05,464.05,0.0,On-time
PAY0007260,LOAN0000081,CUST0000682,2024-10-19,2024-10-18,377.89,377.89,0.0,On-time
PAY0007261,LOAN0000065,CUST0000934,2026-07-16,2026-07-15,395.77,285.56,0.0,Partial
PAY0007262,LOAN0000593,CUST0000684,2024-12-09,2024-12-08,300.58,300.58,0.0,On-time
PAY0007263,LOAN0000512,CUST0000817,2025-09-14,2025-09-14,915.62,915.62,0.0,On-time
PAY0007264,LOAN0000442,CUST0000745,2025-08-04,2025-08-04,250.74,250.74,0.0,On-time
PAY0007265,LOAN0000541,CUST0000470,2026-06-30,2026-06-29,1284.91,1284.91,0.0,On-time
PAY0007266,LOAN0000205,CUST0000080,2022-12-26,2022-12-25,709.8,709.8,0.0,On-time
PAY0007267,LOAN0000538,CUST0000126,2025-07-09,2025-08-08,360.05,360.05,30.0,Late
PAY0007268,LOAN0000377,CUST0000186,2022-02-18,2022-02-17,651.39,,0.0,On-time
PAY0007269,LOAN0000080,CUST0000004,2026-01-17,2026-01-21,855.13,855.13,4.0,Late
PAY0007270,LOAN0000028,CUST0000016,2025-11-21,2025-11-21,196.9,196.9,0.0,On-time
PAY0007271,LOAN0000200,CUST0000200,2024-06-23,2023-05-05,263.49,263.49,38.0,Late
PAY0007272,LOAN0000236,CUST0000945,2023-09-22,,123.89,0.0,,Missed
PAY0007273,LOAN0000553,CUST0000515,2025-05-27,2025-05-25,108.09,108.09,0.0,On-time
PAY0007274,LOAN0000397,CUST0000714,2025-04-19,2025-04-18,500.03,500.03,0.0,On-time
PAY0007275,LOAN0000112,CUST0000398,2025-12-31,,275.2,0.0,,On-time
PAY0007276,LOAN0000328,CUST0000176,2026-01-15,,34.51,0.0,,Missed
PAY0007277,LOAN0000139,CUST0000859,2024-01-10,2024-01-10,627.26,627.26,0.0,On-time
PAY0007278,LOAN0000370,CUST0000869,2023-06-28,2023-07-20,778.37,778.37,22.0,Late
PAY0007279,LOAN0000436,CUST0000075,2024-05-15,2024-05-13,179.3,179.3,0.0,On-time
PAY0007280,LOAN0000066,CUST0000604,2023-04-18,2023-05-07,277.59,277.59,19.0,delayed
PAY0007281,LOAN0000028,CUST0000016,2024-08-22,2024-08-21,196.9,196.9,0.0,On-time
PAY0007282,LOAN0000199,CUST0000422,2023-06-28,2023-06-27,225.67,225.67,0.0,On-time
PAY0007283,LOAN0000338,CUST0000083,2025-01-29,2025-01-29,1081.84,69396.46,0.0,On-time
PAY0007284,LOAN0000528,CUST0000832,2024-01-02,2024-01-02,436.3,436.3,0.0,On-time
PAY0007285,LOAN0000137,CUST0000463,2026-08-19,2026-08-17,1149.63,1149.63,0.0,On-time
PAY0007286,LOAN0000282,CUST0000724,2025-11-22,2025-11-20,67.12,67.12,0.0,On-time
PAY0007287,LOAN0000266,CUST0000220,2024-08-10,2024-08-10,324.19,324.19,0.0,On-time
PAY0007288,LOAN0000106,CUST0000453,2026-04-12,2026-04-12,775.35,775.35,0.0,On-time
PAY0007289,LOAN0000110,CUST0000466,2024-06-22,2024-06-21,434.4,434.4,0.0,On-time
PAY0007290,LOAN0000577,CUST0000268,2023-10-27,2023-10-26,33.72,33.72,0.0,On-time
PAY0007291,LOAN0000188,CUST0000979,2025-05-11,2025-05-11,349.2,349.2,0.0,On-time
PAY0007292,LOAN0000062,CUST0000397,2024-12-30,2024-12-30,309.46,309.46,0.0,On-time
PAY0007293,LOAN0000100,CUST0000084,2022-10-24,2022-10-23,1277.87,1277.87,0.0,On-time
PAY0007294,LOAN0000538,CUST0000126,2023-10-09,2023-10-08,360.05,360.05,0.0,On-time
PAY0007295,LOAN0000153,CUST0000245,2025-07-24,2025-09-03,313.95,313.95,41.0,Late
PAY0007296,LOAN0000447,CUST0000186,2025-11-16,2025-11-16,350.47,350.47,0.0,On-time
PAY0007297,LOAN0000470,CUST0000725,2024-10-02,2024-10-01,241.98,241.98,0.0,On-time
PAY0007298,LOAN0000288,CUST0000370,2026-04-20,2026-04-19,476.12,476.12,0.0,On-time
PAY0007299,LOAN0000362,CUST0000964,2025-12-23,2025-12-23,924.47,924.47,0.0,On-time
PAY0007300,LOAN0000218,CUST0000200,2024-11-02,2024-10-31,864.08,864.08,0.0,On-time
PAY0007301,LOAN0000180,CUST0000371,2026-05-11,2026-05-11,422.07,422.07,0.0,On-time
PAY0007302,LOAN0000439,CUST0000280,2025-03-22,2025-03-22,216.4,216.4,0.0,On-time
PAY0007303,LOAN0000333,CUST0000449,2025-05-09,2025-06-19,427.8,427.8,41.0,Late
PAY0007304,LOAN0000466,CUST0000967,2025-03-31,2025-03-30,25.35,-25.35,0.0,On-time
PAY0007305,LOAN0000147,CUST0000364,2026-02-26,2026-02-24,150.55,150.55,0.0,On-time
PAY0007306,LOAN0000047,CUST0000212,2025-01-14,,199.31,0.0,,NSF
PAY0007307,LOAN0000397,CUST0000714,2025-07-19,2025-07-29,500.03,500.03,10.0,Late
PAY0007308,LOAN0000010,CUST0000577,2023-06-15,2023-06-15,3029.07,3029.07,0.0,On-time
PAY0007309,LOAN0000582,CUST0000328,2025-07-15,2025-07-15,2093.87,2093.87,0.0,On-time
PAY0007310,LOAN0000126,CUST0000058,2024-06-11,2024-06-11,3092.58,3092.58,0.0,On-time
PAY0007311,LOAN0000408,CUST0000493,2026-01-20,2026-01-19,10242.29,10242.29,0.0,On-time
PAY0007312,LOAN0000362,CUST0000964,2023-02-22,2023-04-06,924.47,924.47,43.0,Late
PAY0007313,LOAN0000384,CUST0000497,2025-04-29,2025-04-29,97.43,97.43,0.0,On-time
PAY0007314,LOAN9679681,CUST0000783,2025-01-24,2025-01-24,1017.53,1017.53,0.0,On-time
PAY0007315,LOAN0000211,CUST0000060,2024-03-26,2024-03-24,609.68,609.68,0.0,On-time
PAY0007316,LOAN0000453,CUST0000869,2023-08-14,2023-08-13,1543.9,1543.9,0.0,On-time
PAY0007317,LOAN0000497,CUST0000929,2025-07-11,,891.0,,,Missed
PAY0007318,LOAN0000047,CUST0000212,2023-02-13,2023-02-11,199.31,199.31,0.0,On-time
PAY0007319,LOAN0000159,CUST0000902,2023-10-22,2023-10-21,47.23,47.23,0.0,On-time
PAY0007320,LOAN0000443,CUST0000791,2024-05-02,2024-04-30,1882.62,1882.62,0.0,On-time
PAY0007321,LOAN0000386,CUST0000481,2025-03-13,2025-03-13,155.17,155.17,0.0,On-time
PAY0007322,LOAN0000590,CUST0000731,2026-03-05,2026-03-15,425.85,425.85,10.0,Late
PAY0007323,LOAN0000201,CUST0000283,2025-03-30,,640.87,640.87,0.0,On-time
PAY0007324,LOAN0000257,CUST0000699,2025-05-26,,1022.97,1022.97,0.0,On-time
PAY0007325,LOAN0000280,CUST0000816,2025-08-12,2025-08-11,1002.69,1002.69,0.0,On-time
PAY0007326,LOAN0000553,CUST0000515,2026-03-28,,108.09,-117.02274993705775,,Missed
PAY0007327,LOAN0000574,CUST0000356,2023-03-03,2023-03-02,2031.77,2031.77,0.0,On-time
PAY0007328,LOAN0000256,CUST0000931,2025-11-25,2025-11-25,94.47,94.47,0.0,On-time
PAY0007329,LOAN0000470,CUST0000725,2023-05-04,2023-05-03,241.98,241.98,0.0,On-time
PAY0007330,LOAN0000280,CUST0000816,2026-06-12,2026-06-11,1002.69,1002.69,0.0,On-time
PAY0007331,LOAN0000193,CUST0000003,2025-07-27,2025-07-26,466.75,466.75,0.0,On-time
PAY0007332,LOAN0000261,CUST0000085,2026-07-14,2026-08-19,279.09,279.09,36.0,Late
PAY0007333,LOAN0000383,CUST0000736,2026-08-02,2026-08-01,83.06,83.06,0.0,On-time
PAY0007334,LOAN0000485,CUST0000678,2025-12-31,2026-02-04,174.48,174.48,35.0,Late
PAY0007335,LOAN0000457,CUST0000181,2025-08-26,2025-08-26,772.95,772.95,0.0,On-time
PAY0007336,LOAN0000351,CUST0000434,2022-12-01,2022-11-30,901.14,901.14,0.0,On-time
PAY0007337,LOAN0000188,CUST0000979,2024-05-10,2024-05-08,349.2,349.2,0.0,On-time
PAY0007338,LOAN0000305,CUST0000286,2025-02-22,2025-02-20,34.75,34.75,0.0,On-time
PAY0007339,LOAN0000255,CUST0000491,2025-09-06,2025-09-04,379.26,379.26,0.0,On-time
PAY0007340,LOAN0000056,CUST0000793,2025-02-20,2025-02-19,145.21,145.21,0.0,On-time
PAY0007341,LOAN0000462,CUST0000397,2025-02-28,2025-02-28,660.43,272.12,0.0,Partial
PAY0007342,LOAN0000374,CUST0000475,2025-02-20,2025-02-18,495.54,495.54,0.0,On-time
PAY0007343,LOAN0000064,CUST0000818,2025-09-06,2025-09-05,499.21,499.21,0.0,On-time
PAY0007344,LOAN0000442,CUST0000745,2023-08-05,2023-08-04,250.74,191.87,0.0,Partial
PAY0007345,LOAN0000569,CUST0000182,2024-05-27,2024-05-27,206.03,206.03,0.0,On-time
PAY0007346,LOAN0000416,CUST0000611,2024-01-07,2024-01-30,21.6,21.6,23.0,Late
PAY0007347,LOAN0000453,CUST0000869,2023-11-13,,1543.9,0.0,,Missed
PAY0007348,LOAN0000459,CUST0000783,2025-12-06,2025-12-06,183.08,183.08,0.0,On-time
PAY0007349,LOAN0000292,CUST0000778,2024-04-18,2024-05-15,3468.2,3468.2,27.0,Late
PAY0007350,LOAN0000271,CUST0000310,2024-03-02,2024-03-02,1002.33,1002.33,0.0,On-time
PAY0007351,LOAN0000268,CUST0000062,2026-01-06,,60.75,0.0,,Missed
PAY0007352,LOAN0000118,CUST0000545,2025-03-08,2025-03-08,208.58,208.58,0.0,On-time
PAY0007353,LOAN0000554,CUST0000181,2026-03-16,2026-03-16,33.52,33.52,0.0,On-time
PAY0007354,LOAN0000571,CUST0000295,2022-11-18,2022-12-06,914.71,914.71,18.0,Late
PAY0007355,LOAN0000592,CUST0000786,2025-11-03,2025-11-02,979.05,979.05,0.0,On-time
PAY0007356,LOAN0000196,CUST0000862,2026-05-17,2026-05-16,272.29,272.29,0.0,On-time
PAY0007357,LOAN0000592,CUST0000786,2024-09-03,2024-09-01,979.05,979.05,0.0,On-time
PAY0007358,LOAN0000543,CUST0000901,2026-07-26,2026-08-13,2766.45,2766.45,18.0,Late
PAY0007359,LOAN0000021,CUST0000826,2025-06-18,2025-06-18,38.77,38.77,0.0,On-time
PAY0007360,LOAN0000089,CUST0000928,2024-12-17,2024-12-15,258.83,258.83,0.0,On-time
PAY0007361,LOAN0000222,CUST0000435,2026-06-28,2026-07-21,384.39,384.39,23.0,Late
PAY0007362,LOAN0000133,CUST0000758,2026-03-19,2026-03-18,367.28,367.28,0.0,On-time
PAY0007363,LOAN0000144,CUST0000143,2023-07-18,,184.57,0.0,,Missed
PAY0007364,LOAN0000026,CUST0000233,2023-11-16,2023-11-16,1026.87,-1026.87,0.0,On-time
PAY0007365,LOAN0000555,CUST0000407,2025-05-30,2025-05-28,109.67,109.67,0.0,On-time
PAY0007366,LOAN0000443,CUST0000791,2024-10-01,2024-09-29,1882.62,1882.62,0.0,On-time
PAY0007367,LOAN0000229,CUST0000179,2024-05-04,2024-05-04,41.64,41.64,0.0,On-time
PAY0007368,LOAN0000583,CUST0000516,2023-09-27,2023-09-27,843.06,843.06,0.0,On-time
PAY0007369,LOAN0000429,CUST0000782,2026-05-26,2026-05-26,1011.92,1011.92,0.0,On-time
PAY0007370,LOAN0000556,CUST0000773,2026-06-21,2026-06-20,76.7,76.7,0.0,On-time
PAY0007371,LOAN0000054,CUST0000039,2025-12-27,2025-12-25,1066.58,1066.58,0.0,on time
PAY0007372,LOAN0000520,CUST0000697,2022-08-15,2022-08-13,168.67,168.67,0.0,On-time
PAY0007373,LOAN0000144,CUST0000143,2023-08-17,2023-08-17,184.57,184.57,0.0,On-time
PAY0007374,LOAN0000412,CUST0000828,2024-06-04,2024-06-03,1316.93,1316.93,0.0,On-time
PAY0007375,LOAN0000246,CUST0000874,2023-08-10,2023-08-10,966.85,966.85,0.0,On-time
PAY0007376,LOAN0000291,CUST0000987,2025-11-29,2026-01-06,424.49,424.49,38.0,Late
PAY0007377,LOAN0000197,CUST0000932,2026-03-21,2026-03-19,110.21,110.21,0.0,On-time
PAY0007378,LOAN0000434,CUST0000010,2024-02-05,2024-02-03,237.04,237.04,0.0,On-time
PAY0007379,LOAN0000468,CUST0000469,2025-11-10,2025-11-10,418.52,418.52,0.0,On-time
PAY0007380,LOAN0000055,CUST0000726,2024-09-27,2024-09-25,399.72,399.72,0.0,On-time
PAY0007381,LOAN0000541,CUST0000470,2025-11-29,2025-11-28,1284.91,1284.91,0.0,On-time
PAY0007382,LOAN0000485,CUST0000678,2026-07-02,2026-07-02,174.48,174.48,0.0,On-time
PAY0007383,LOAN0000136,CUST0000678,2024-01-13,2024-01-11,62.52,62.52,0.0,On-time
PAY0007384,LOAN0000311,CUST0000689,2026-02-22,2026-02-20,184.19,184.19,0.0,On-time
PAY0007385,LOAN0000246,CUST0000874,2024-01-09,2024-01-31,966.85,966.85,22.0,Late
PAY0007386,LOAN0000360,CUST0000875,2024-01-30,2024-01-29,17.76,17.76,0.0,On-time
PAY0007387,LOAN0000157,CUST0000083,2025-08-26,,346.56,346.56,0.0,On-time
PAY0007388,LOAN0000099,CUST0000232,2024-12-13,2024-12-11,124.7,124.7,0.0,On-time
PAY0007389,LOAN0000500,CUST0000918,2025-02-13,2025-02-12,199.95,199.95,0.0,On-time
PAY0007390,LOAN0000012,CUST0000725,2022-12-21,2022-12-20,607.42,607.42,0.0,On-time
PAY0007391,LOAN0000428,CUST0000264,2025-09-03,2025-09-29,182.59,182.59,26.0,Late
PAY0007392,LOAN0000453,CUST0000869,2022-07-14,2022-07-14,1543.9,1543.9,0.0,On-time
PAY0007393,LOAN0000318,CUST0000451,2025-03-14,2025-03-12,1389.25,1389.25,0.0,On-time
PAY0007394,LOAN0000406,CUST0000519,2024-12-08,2024-12-08,179.61,179.61,0.0,On-time
PAY0007395,LOAN0000201,CUST0000283,2026-03-30,2023-04-09,640.87,640.87,0.0,On-time
PAY0007396,LOAN0000115,CUST0000780,2025-10-12,2025-11-13,146.22,146.22,32.0,Late
PAY0007397,LOAN0000064,CUST0000818,2024-06-07,2024-06-07,499.21,499.21,0.0,On-time
PAY0007398,LOAN0000274,CUST0000327,2026-03-05,2026-03-03,125.44,125.44,0.0,On-time
PAY0007399,LOAN0000363,CUST0000783,2026-06-29,2026-06-29,630.91,630.91,0.0,On-time
PAY0007400,LOAN0000375,CUST0000107,2022-08-02,2022-07-31,1121.15,,0.0,On-time
PAY0007401,LOAN0000569,CUST0000182,2025-10-27,2025-12-07,206.03,206.03,41.0,Late
PAY0007402,LOAN0000494,CUST0000188,2024-03-26,2024-03-26,1276.54,1276.54,0.0,On-time
PAY0007403,LOAN0000232,CUST0000762,2022-11-22,2022-11-20,30.32,30.32,0.0,On-time
PAY0007404,LOAN0000283,CUST0000045,2024-03-14,,57.8,0.0,,Missed
PAY0007405,LOAN0000168,CUST0000850,2022-12-31,2022-12-30,487.76,487.76,0.0,On-time
PAY0007406,LOAN0000314,CUST0000362,2026-06-22,2026-06-21,1865.88,1865.88,0.0,On-time
PAY0007407,LOAN0000087,CUST0000889,2025-02-03,2025-02-01,286.79,286.79,0.0,On-time
PAY0007408,LOAN0000501,CUST0000055,2025-11-04,2025-11-02,762.76,762.76,0.0,On-time
PAY0007409,LOAN0000251,CUST0000975,2026-07-28,2026-09-04,793.09,793.09,38.0,Late
PAY0007410,LOAN0000360,CUST0000875,2026-07-01,2026-06-30,17.76,17.76,0.0,On-time
PAY0007411,LOAN0000120,CUST0000484,2026-07-14,2026-07-13,316.36,316.36,0.0,On-time
PAY0007412,LOAN0000167,CUST0000260,2024-03-08,2024-03-07,974.84,,0.0,On-time
PAY0007413,LOAN0000511,CUST0000465,2025-11-17,2025-11-16,839.55,839.55,0.0,On-time
PAY0007414,LOAN0000305,CUST0000286,2025-12-23,2026-01-09,34.75,34.75,17.0,Late
PAY0007415,LOAN0000082,CUST0000198,2026-07-02,2026-06-30,865.41,865.41,0.0,On-time
PAY0007416,LOAN0000167,CUST0000260,2026-04-08,2026-04-07,974.84,484.71,0.0,Partial
PAY0007417,LOAN0000516,CUST0000138,2026-01-06,2026-01-05,158.04,158.04,0.0,On-time
PAY0007418,LOAN0000574,CUST0000356,2024-11-01,2024-10-31,2031.77,2031.77,0.0,On-time
PAY0007419,LOAN0000411,CUST0000531,2026-07-11,2026-07-09,1187.31,545.28,0.0,Partial
PAY0007420,LOAN0000272,CUST0000177,2022-05-02,,248.57,0.0,,Missed
PAY0007421,LOAN0000422,CUST0000388,2025-04-14,2025-04-12,394.51,394.51,0.0,On-time
PAY0007422,LOAN0000429,CUST0000782,2025-01-24,2025-01-22,1011.92,1011.92,0.0,On-time
PAY0007423,LOAN0000201,CUST0000283,2026-04-30,2026-04-29,640.87,640.87,0.0,On-time
PAY0007424,LOAN0000147,CUST0000364,2024-02-26,2024-04-04,150.55,150.55,38.0,Late
PAY0007425,LOAN0000122,CUST0000253,2024-02-03,2024-02-02,559.32,312.82,0.0,Partial
PAY0007426,LOAN0000281,CUST0000194,2024-03-19,2024-03-19,226.29,226.29,0.0,On-time
PAY0007427,LOAN0000143,CUST0000791,2025-04-22,2025-05-12,159.55,159.55,20.0,Late
PAY0007428,LOAN0000531,CUST0000891,2024-05-03,2024-05-01,344.43,344.43,0.0,On-time
PAY0007429,LOAN0000062,CUST0000397,2026-01-30,2026-01-29,309.46,309.46,0.0,On-time
PAY0007430,LOAN0000076,CUST0000869,2025-08-28,2025-08-26,241.76,241.76,0.0,On-time
PAY0007431,LOAN0000283,CUST0000045,2024-07-14,,57.8,0.0,,Missed
PAY0007432,LOAN0000371,CUST0000522,2026-06-06,2026-06-06,1425.12,1425.12,0.0,On-time
PAY0007433,LOAN0000445,CUST0000768,2025-10-21,2025-10-21,375.99,375.99,0.0,On-time
PAY0007434,LOAN0000290,CUST0000757,2026-06-14,2026-06-12,649.64,649.64,0.0,On-time
PAY0007435,LOAN0000022,CUST0000637,2022-08-27,2022-08-27,78.37,78.37,0.0,On-time
PAY0007436,LOAN0000193,CUST0000003,2026-03-28,,466.75,0.0,,Missed
PAY0007437,LOAN0000588,CUST0000382,2023-05-30,,148.33,0.0,,Missed
PAY0007438,LOAN0000493,CUST0000307,2024-09-20,,516.28,0.0,,Missed
PAY0007439,LOAN0000211,CUST0000060,2023-04-27,2023-05-02,609.68,609.68,5.0,Late
PAY0007440,LOAN0000323,CUST0000103,2026-03-31,,50.87,0.0,,Missed
PAY0007441,LOAN0000180,CUST0000371,2025-09-10,2025-09-10,422.07,422.07,0.0,On-time
PAY0007442,LOAN0000103,CUST0000671,2024-05-30,2024-05-29,280.45,280.45,0.0,On-time
PAY0007443,LOAN0000336,CUST0000690,2024-12-25,,52.94,0.0,,Missed
PAY0007444,LOAN0000100,CUST0000084,2024-01-23,2024-01-23,1277.87,1277.87,0.0,On-time
PAY0007445,LOAN0000462,CUST0000397,2025-04-30,2025-04-28,660.43,660.43,0.0,On-time
PAY0007446,LOAN0000271,CUST0000310,2025-01-01,2024-12-30,1002.33,1002.33,0.0,On-time
PAY0007447,LOAN0000195,CUST0000180,2024-07-12,2024-07-11,504.44,504.44,0.0,On-time
PAY0007448,LOAN0000076,CUST0000869,2025-04-28,2025-04-27,241.76,241.76,0.0,On-time
PAY0007449,LOAN0000575,CUST0000725,2026-04-10,,264.71,0.0,,Missed
PAY0007450,LOAN0000046,CUST0000361,2023-03-18,2023-03-18,1162.93,1162.93,0.0,On-time
PAY0007451,LOAN0000147,CUST0000364,2024-03-27,2024-03-27,150.55,150.55,0.0,On-time
PAY0007452,LOAN0000492,CUST0000089,2025-10-29,2025-10-27,348.69,348.69,0.0,On-time
PAY0007453,LOAN0000122,CUST0000253,2025-04-04,2025-04-04,559.32,559.32,0.0,On-time
PAY0007454,LOAN0000423,CUST0000564,2024-03-22,2024-03-20,43.59,43.59,0.0,On-time
PAY0007455,LOAN0000026,CUST0000233,2026-02-15,2026-02-14,1026.87,1026.87,0.0,On-time
PAY0007456,LOAN0000584,CUST0000129,2026-01-05,,135.36,0.0,,Missed
PAY0007457,LOAN0000266,CUST0000220,2025-09-10,2025-09-14,324.19,324.19,4.0,Late
PAY0007458,LOAN0000028,CUST0000016,2023-03-23,2023-03-22,196.9,196.9,0.0,On-time
PAY0007459,LOAN0000119,CUST0000188,2023-04-16,,820.41,0.0,,Failed
PAY0007460,LOAN0000433,CUST0000036,2026-06-27,2026-07-07,721.68,721.68,10.0,Late
PAY0007461,LOAN0000224,CUST0000556,2026-02-23,2026-02-23,1054.15,1054.15,0.0,On-time
PAY0007462,LOAN0000206,CUST0000997,2025-09-24,2025-10-11,153.63,153.63,17.0,Late
PAY0007463,LOAN0000295,CUST0000369,2026-01-03,2026-01-02,638.67,638.67,0.0,On-time
PAY0007464,LOAN0000452,CUST0000389,2026-03-09,,517.19,0.0,,Missed
PAY0007465,LOAN0000462,CUST0000397,2025-12-29,2025-12-29,660.43,660.43,0.0,On-time
PAY0007466,LOAN0000477,CUST0000436,2025-05-23,2025-06-10,14.8,14.8,18.0,Late
PAY0007467,LOAN0000119,CUST0000188,2025-10-15,,820.41,0.0,,Missed
PAY0007468,LOAN0000165,CUST0000907,2024-07-29,2024-07-27,48.21,48.21,0.0,On-time
PAY0007469,LOAN0000193,CUST0000003,2024-12-26,2024-12-26,466.75,466.75,0.0,On-time
PAY0007470,LOAN0000085,CUST0000020,2024-12-08,2024-12-06,1832.83,1832.83,0.0,On-time
PAY0007471,LOAN0000304,CUST0000594,2026-03-23,2026-03-22,284.1,284.1,0.0,On-time
PAY0007472,LOAN0000088,CUST0000710,2023-08-19,2023-08-18,1812.64,1812.64,0.0,On-time
PAY0007473,LOAN0000039,CUST0000941,2023-06-25,,1194.92,0.0,,Missed
PAY0007474,LOAN0000277,CUST0000636,2026-06-05,2026-06-03,286.48,286.48,0.0,On-time
PAY0007475,LOAN0000252,CUST0000521,2024-04-22,2024-04-21,1682.41,1682.41,0.0,On-time
PAY0007476,LOAN0000231,CUST0000896,2025-09-08,2025-09-08,508.99,208.48,0.0,Partial
PAY0007477,LOAN0000117,CUST0000975,2025-11-30,2025-11-29,466.71,368.57,0.0,Partial
PAY0007478,LOAN0000512,CUST0000817,2026-03-16,2026-03-16,915.62,915.62,0.0,On-time
PAY0007479,LOAN0000360,CUST0000875,2024-11-29,,17.76,17.76,0.0,On-time
PAY0007480,LOAN0000015,CUST0000311,2026-05-07,,188.87,0.0,,Missed
PAY0007481,LOAN0000429,CUST0000782,2024-04-25,2024-04-23,1011.92,1011.92,0.0,On-time
PAY0007482,LOAN0000386,CUST0000481,2024-06-12,2024-06-10,155.17,155.17,0.0,OK
PAY0007483,LOAN0000094,CUST0000345,2025-07-01,2025-07-01,610.74,610.74,0.0,On-time
PAY0007484,LOAN0000350,CUST0000987,2025-02-15,2025-02-15,1972.9,1972.9,0.0,On-time
PAY0007485,LOAN0000043,CUST0000911,2025-01-07,2025-01-05,304.1,304.1,0.0,On-time
PAY0007486,LOAN9580765,CUST0000733,2023-06-20,2023-06-19,646.87,646.87,0.0,On-time
PAY0007487,LOAN0000275,CUST0000306,2023-10-15,2023-10-14,384.84,384.84,0.0,On-time
PAY0007488,LOAN0000169,CUST0000889,2023-09-20,2023-09-20,1012.97,1012.97,0.0,On-time
PAY0007489,LOAN0000201,CUST0000283,2024-12-29,2025-01-06,640.87,640.87,8.0,Late
PAY0007490,LOAN0000397,CUST0000714,2024-12-18,2024-12-18,500.03,500.03,0.0,On-time
PAY0007491,LOAN0000577,CUST0000268,2022-03-28,2022-03-28,33.72,33.72,0.0,On-time
PAY0007492,LOAN0000287,CUST0000874,2026-01-10,2026-01-08,1347.35,1347.35,0.0,On-time
PAY0007493,LOAN0000527,CUST0000770,2026-06-23,,449.74,0.0,,Missed
PAY0007494,LOAN0000369,CUST0000699,2023-11-19,2023-11-18,863.87,863.87,0.0,On-time
PAY0007495,LOAN0000406,CUST0000519,2025-10-08,2025-10-06,179.61,179.61,0.0,On-time
PAY0007496,LOAN0000327,CUST0000225,2023-04-27,2023-04-26,214.19,214.19,0.0,On-time
PAY0007497,LOAN0000567,CUST0000627,2024-10-28,2024-10-28,73.42,73.42,0.0,On-time
PAY0007498,LOAN0000283,CUST0000045,2023-05-15,2023-05-23,57.8,57.8,8.0,Late
PAY0007499,LOAN0000185,CUST0000327,2024-08-10,2024-08-09,89.29,69.19,0.0,Partial
PAY0007500,LOAN0000191,CUST0000044,2024-03-01,2024-03-01,1957.75,1957.75,0.0,On-time
PAY0007501,LOAN0000143,CUST0000791,2024-04-22,,159.55,0.0,,Missed
PAY0007502,LOAN0000094,CUST0000345,2024-08-30,2024-08-30,610.74,610.74,0.0,On-time
PAY0007503,LOAN0000047,CUST0000212,2024-09-14,,199.31,0.0,,Missed
PAY0007504,LOAN0000064,CUST0000818,2024-11-06,2024-11-05,499.21,499.21,0.0,On-time
PAY0007505,LOAN9197279,CUST0000061,2026-06-02,,147.06,0.0,,Missed
PAY0007506,LOAN0000073,CUST0000266,2023-03-07,2023-03-05,101.83,101.83,0.0,On-time
PAY0007507,LOAN0000109,CUST0000993,2025-08-11,2025-08-11,413.87,413.87,0.0,On-time
PAY0007508,LOAN0000060,CUST0000626,2026-01-02,2026-01-01,25.65,25.65,0.0,On-time
PAY0007509,LOAN0000481,CUST0000429,2025-05-05,2025-05-05,227.01,227.01,0.0,On-time
PAY0007510,LOAN0000574,CUST0000356,2022-06-02,2022-06-02,2031.77,2031.77,0.0,On-time
PAY0007511,LOAN0000558,CUST0000843,2026-08-23,2026-08-25,115.54,115.54,2.0,Late
PAY0007512,LOAN0000033,CUST0000373,2025-10-21,,2390.38,0.0,,Missed
PAY0007513,LOAN0000467,CUST0000635,2026-04-04,2026-04-04,225.47,225.47,0.0,ON-TIME
PAY0007514,LOAN0000571,CUST0000295,2023-10-18,,914.71,0.0,,Missed
PAY0007515,LOAN0000120,CUST0000484,2025-08-13,2025-08-12,316.36,316.36,0.0,On-time
PAY0007516,LOAN0000477,CUST0000436,2024-06-22,2024-06-20,14.8,14.8,0.0,On-time
PAY0007517,LOAN0000409,CUST0000196,2023-07-04,,4513.98,0.0,,Missed
PAY0007518,LOAN0000106,CUST0000453,2026-06-12,2026-06-10,775.35,,0.0,On-time
PAY0007519,LOAN0000173,CUST0000500,2025-04-28,2025-06-08,41.76,41.76,41.0,Late
PAY0007520,LOAN0000121,CUST0000032,2022-06-11,2022-06-11,685.92,685.92,0.0,On-time
PAY0007521,LOAN0000257,CUST0000699,2026-04-26,2026-04-26,1022.97,,0.0,On-time
PAY0007522,LOAN0000190,CUST0000337,2026-04-27,2026-04-27,293.17,293.17,0.0,On-time
PAY0007523,LOAN0000408,CUST0000493,2025-06-21,2025-06-21,10242.29,10242.29,0.0,On-time
PAY0007524,LOAN0000554,CUST0000181,2025-12-15,,33.52,0.0,,Missed
PAY0007525,LOAN0000118,CUST0000545,2024-05-07,2024-05-05,208.58,208.58,0.0,On-time
PAY0007526,LOAN0000494,CUST0000188,2023-04-26,,1276.54,0.0,,Missed
PAY0007527,LOAN0000578,CUST0000916,2023-07-02,2023-07-01,335.27,335.27,0.0,On-time
PAY0007528,LOAN0000090,CUST0000721,2026-03-21,,213.64,,,Missed
PAY0007529,LOAN0000437,CUST0000668,2025-07-17,,572.37,0.0,,Missed
PAY0007530,LOAN0000112,CUST0000398,2025-05-01,,275.2,0.0,,On-time
PAY0007531,LOAN0000444,CUST0000147,2026-02-02,2026-01-31,195.17,195.17,0.0,On-time
PAY0007532,LOAN0000283,CUST0000045,2025-12-14,2025-12-13,57.8,57.8,0.0,On-time
PAY0007533,LOAN0000094,CUST0000345,2025-03-01,2025-03-01,610.74,610.74,0.0,On-time
PAY0007534,LOAN0000493,CUST0000307,2025-07-21,2025-07-19,516.28,516.28,0.0,On-time
PAY0007535,LOAN0000369,CUST0000699,2023-12-19,2023-12-18,863.87,863.87,0.0,On-time
PAY0007536,LOAN0000187,CUST0000518,2026-01-06,2026-01-05,201.21,201.21,0.0,On-time
PAY0007537,LOAN0000544,CUST0000897,2024-10-05,2024-10-04,1086.9,1086.9,0.0,On-time
PAY0007538,LOAN0000156,CUST0000047,2025-09-13,2025-09-13,19.97,19.97,0.0,On-time
PAY0007539,LOAN0000556,CUST0000773,2021-10-20,2021-10-19,76.7,76.7,0.0,On-time
PAY0007540,LOAN0000546,CUST0000704,2025-08-16,2025-08-14,3568.57,3568.57,0.0,On-time
PAY0007541,LOAN0000509,CUST0000598,2025-01-22,2025-01-20,671.21,671.21,0.0,On-time
PAY0007542,LOAN0000259,CUST0000175,2026-05-24,2026-05-22,393.56,393.56,0.0,On-time
PAY0007543,LOAN0000336,CUST0000690,2025-11-25,2025-12-07,52.94,52.94,12.0,Late
PAY0007544,LOAN0000287,CUST0000874,2025-07-11,2025-07-09,1347.35,1347.35,0.0,On-time
PAY0007545,LOAN0000271,CUST0000310,2023-05-03,2023-06-01,1002.33,1002.33,29.0,Late
PAY0007546,LOAN0000592,CUST0000786,2025-05-04,2025-05-04,979.05,979.05,0.0,On-time
PAY0007547,LOAN0000511,CUST0000465,2025-12-17,2025-12-16,839.55,839.55,0.0,On-time
PAY0007548,LOAN0000505,CUST0000062,2025-02-17,2025-02-16,50.36,50.36,0.0,On-time
PAY0007549,LOAN0000008,CUST0000974,2026-03-10,2026-03-08,77.65,77.65,0.0,On-time
PAY0007550,LOAN0000150,CUST0000901,2025-03-17,,421.66,0.0,,Missed
PAY0007551,LOAN0000023,CUST0000556,2026-01-22,2026-01-22,888.73,888.73,0.0,On-time
PAY0007552,LOAN0000089,CUST0000928,2025-05-19,2025-05-17,258.83,258.83,0.0,On-time
PAY0007553,LOAN0000032,CUST0000569,2025-08-15,,1505.11,0.0,,Missed
PAY0007554,LOAN0000148,CUST0000105,2022-11-08,2022-11-07,2311.29,2311.29,0.0,On-time
PAY0007555,LOAN0000575,CUST0000725,2026-08-10,2026-08-10,264.71,264.71,0.0,On-time
PAY0007556,LOAN0000497,CUST0000929,2022-09-10,2022-09-08,891.0,891.0,0.0,On-time
PAY0007557,LOAN0000052,CUST0000697,2021-11-22,2021-11-20,1339.51,1339.51,0.0,On-time
PAY0007558,LOAN0000362,CUST0000964,2024-01-23,,924.47,0.0,,Missed
PAY0007559,LOAN0000469,CUST0000772,2023-05-27,2023-05-27,35.48,23.4,0.0,Partial
PAY0007560,LOAN0000170,CUST0000156,2024-03-16,2024-03-14,1293.11,1293.11,0.0,On-time
PAY0007561,LOAN0000122,CUST0000253,2026-06-04,2026-06-26,559.32,559.32,22.0,Late
PAY0007562,LOAN0000244,CUST0000562,2024-07-30,2024-07-28,683.64,683.64,0.0,On-time
PAY0007563,LOAN0000122,CUST0000253,2026-01-03,,559.32,0.0,,Missed
PAY0007564,LOAN0000362,CUST0000964,2024-04-24,2024-04-22,924.47,924.47,0.0,On-time
PAY0007565,LOAN0000412,CUST0000828,2023-02-03,2023-02-19,1316.93,1316.93,16.0,Late
PAY0007566,LOAN0000554,CUST0000181,2026-06-16,2026-06-16,33.52,33.52,0.0,On-time
PAY0007567,LOAN0000116,CUST0000269,2026-03-29,2026-03-27,259.68,259.68,0.0,On-time
PAY0007568,LOAN0000271,CUST0000310,2026-08-02,,1002.33,0.0,,Missed
PAY0007569,LOAN0000248,CUST0000569,2026-05-08,2026-05-06,273.13,273.13,0.0,On-time
PAY0007570,LOAN0000163,CUST0000003,2023-09-15,2023-09-14,488.31,488.31,0.0,On-time
PAY0007571,LOAN0000564,CUST0000695,2024-01-14,2024-01-14,471.54,471.54,0.0,On-time
PAY0007572,LOAN0000107,CUST0000522,2026-07-01,2026-07-01,316.22,316.22,0.0,On-time
PAY0007573,LOAN0000500,CUST0000918,2024-05-15,2024-05-13,199.95,127.82,0.0,Partial
PAY0007574,LOAN0000119,CUST0000188,2023-05-16,2023-05-27,820.41,820.41,11.0,Late
PAY0007575,LOAN0000010,CUST0000577,2023-08-15,2023-08-14,3029.07,3029.07,0.0,On-time
PAY0007576,LOAN0000211,CUST0000060,2022-12-26,2022-12-26,609.68,609.68,0.0,On-time
PAY0007577,LOAN0000298,CUST0000259,2026-07-21,2026-07-24,1082.37,1082.37,3.0,Late
PAY0007578,LOAN0000282,CUST0000724,2025-05-24,2025-05-24,67.12,67.12,0.0,On-time
PAY0007579,LOAN0000548,CUST0000347,2024-11-28,2024-11-28,480.43,-480.43,0.0,On-time
PAY0007580,LOAN0000321,CUST0000418,2024-02-28,2024-02-26,172.06,172.06,0.0,On-time
PAY0007581,LOAN0000358,CUST0000899,2026-08-07,2026-08-12,368.63,368.63,5.0,Late
PAY0007582,LOAN0000290,CUST0000757,2023-02-13,2023-02-11,649.64,649.64,0.0,On-time
PAY0007583,LOAN0000319,CUST0000112,2024-07-03,2024-07-03,132.31,132.31,0.0,On-time
PAY0007584,LOAN0000121,CUST0000032,2023-08-12,2023-08-11,685.92,685.92,0.0,On-time
PAY0007585,LOAN0000391,CUST0000702,2026-07-10,2026-07-10,2780.8,2780.8,0.0,On-time
PAY0007586,LOAN0000501,CUST0000055,2024-09-04,2024-09-04,762.76,762.76,0.0,On-time
PAY0007587,LOAN0000090,CUST0000721,2026-05-21,,213.64,0.0,,Missed
PAY0007588,LOAN0000582,CUST0000328,2025-06-15,2025-06-14,2093.87,2093.87,0.0,On-time
PAY0007589,LOAN0000181,CUST0000393,2025-07-22,2025-07-22,114.46,114.46,0.0,On-time
PAY0007590,LOAN0000577,CUST0000268,2024-04-27,2024-04-27,33.72,33.72,0.0,On-time
PAY0007591,LOAN0000309,CUST0000107,2026-03-12,2026-03-11,3173.09,3173.09,0.0,On-time
PAY0007592,LOAN0000153,CUST0000245,2025-04-24,2025-04-22,313.95,313.95,0.0,On-time
PAY0007593,LOAN0000048,CUST0000676,2026-04-17,2026-04-17,372.81,196.65,0.0,Partial
PAY0007594,LOAN0000233,CUST0000781,2024-08-23,2024-08-23,2150.27,2150.27,0.0,On-time
PAY0007595,LOAN0000048,CUST0000676,2026-06-17,2026-07-17,372.81,372.81,30.0,Late
PAY0007596,LOAN0000111,CUST0000196,2026-06-07,2026-06-07,640.44,640.44,0.0,On-time
PAY0007597,LOAN0000252,CUST0000521,2023-10-22,2023-10-20,1682.41,1682.41,0.0,On-time
PAY0007598,LOAN0000370,CUST0000869,2026-01-27,2026-01-27,778.37,778.37,0.0,On-time
PAY0007599,LOAN0000557,CUST0000030,2024-12-30,2024-12-30,2011.13,2011.13,0.0,On-time
PAY0007600,LOAN0000333,CUST0000449,2023-07-10,2023-07-09,427.8,427.8,0.0,On-time
PAY0007601,LOAN0000165,CUST0000907,2025-08-28,2025-08-28,48.21,48.21,0.0,On-time
PAY0007602,LOAN0000470,CUST0000725,2025-04-03,2025-04-02,241.98,241.98,0.0,On-time
PAY0007603,LOAN0000497,CUST0000929,2024-03-11,2024-03-10,891.0,891.0,0.0,On-time
PAY0007604,LOAN0000370,CUST0000869,2025-02-26,2025-02-26,778.37,778.37,0.0,On-time
PAY0007605,LOAN0000144,CUST0000143,2022-01-16,2022-01-15,184.57,184.57,0.0,On-time
PAY0007606,LOAN0000138,CUST0000052,2025-01-03,2025-01-03,332.64,332.64,0.0,On-time
PAY0007607,LOAN0000230,CUST0000869,2025-10-23,2025-10-21,271.38,136.96,0.0,Partial
PAY0007608,LOAN0000512,CUST0000817,2025-04-15,2025-04-13,915.62,915.62,0.0,On-time
PAY0007609,LOAN0000402,CUST0000072,2025-10-02,2025-10-01,158.38,-158.38,0.0,On-time
PAY0007610,LOAN0000435,CUST0000593,2026-08-03,2026-08-02,856.63,856.63,0.0,On-time
PAY0007611,LOAN0000512,CUST0000817,2025-08-15,2025-08-14,915.62,915.62,0.0,On-time
PAY0007612,LOAN0000421,CUST0000034,2026-01-13,2026-01-13,2573.12,2573.12,0.0,On-time
PAY0007613,LOAN0000469,CUST0000772,2023-03-27,,35.48,0.0,,Missed
PAY0007614,LOAN0000282,CUST0000724,2025-01-22,,67.12,0.0,,Missed
PAY0007615,LOAN0000146,CUST0000606,2025-10-24,2025-10-23,1506.71,1506.71,0.0,On-time
PAY0007616,LOAN0000025,CUST0000636,2025-08-30,2025-08-29,398.64,398.64,0.0,On-time
PAY0007617,LOAN0000309,CUST0000107,2024-05-11,2024-02-19,3173.09,3173.09,0.0,On-time
PAY0007618,LOAN0000284,CUST0000557,2026-08-02,,1030.27,0.0,,Missed
PAY0007619,LOAN0000073,CUST0000266,2026-01-05,2026-01-04,101.83,101.83,0.0,On-time
PAY0007620,LOAN0000508,CUST0000151,2026-05-24,2026-06-13,359.97,359.97,20.0,Late
PAY0007621,LOAN0000121,CUST0000032,2023-10-11,2023-10-10,685.92,685.92,0.0,On-time
PAY0007622,LOAN0000020,CUST0000574,2024-09-24,2024-11-06,437.5,437.5,43.0,Late
PAY0007623,LOAN0000027,CUST0000457,2022-08-21,2022-08-19,240.0,240.0,0.0,On-time
PAY0007624,LOAN0000332,CUST0000127,2024-08-04,2024-08-04,119.33,119.33,0.0,On-time
PAY0007625,LOAN0000286,CUST0000607,2024-04-22,,448.57,0.0,,Missed
PAY0007626,LOAN0000041,CUST0000778,2024-03-12,2024-03-10,450.04,161.42,0.0,Partial
PAY0007627,LOAN0000338,CUST0000083,2025-03-01,2025-03-01,1081.84,1081.84,0.0,On-time
PAY0007628,LOAN0000272,CUST0000177,2023-01-31,2023-01-29,248.57,248.57,0.0,On-time
PAY0007629,LOAN0000099,CUST0000232,2023-07-15,2023-07-13,124.7,124.7,0.0,On-time
PAY0007630,LOAN0000558,CUST0000843,2024-01-22,,115.54,0.0,,Missed
PAY0007631,LOAN0000246,CUST0000874,2024-08-09,2024-08-16,966.85,966.85,7.0,Late
PAY0007632,LOAN0000021,CUST0000826,2025-01-17,2025-01-16,38.77,38.77,0.0,On-time
PAY0007633,LOAN0000022,CUST0000637,2024-03-27,2024-03-26,78.37,78.37,0.0,On-time
PAY0007634,LOAN0000331,CUST0000879,2023-11-04,2023-11-03,70.21,70.21,0.0,On-time
PAY0007635,LOAN0000028,CUST0000016,2024-07-22,2024-07-22,196.9,196.9,0.0,On-time
PAY0007636,LOAN0000511,CUST0000465,2026-01-17,2026-01-17,839.55,,0.0,On-time
PAY0007637,LOAN0000367,CUST0000236,2026-07-19,,898.01,,,Missed
PAY0007638,LOAN0000363,CUST0000783,2024-05-29,2024-05-28,630.91,196.87,0.0,Partial
PAY0007639,LOAN0000364,CUST0000322,2024-06-03,2024-07-14,86.55,86.55,41.0,Late
PAY0007640,LOAN0000165,CUST0000907,2024-06-28,2024-07-02,48.21,48.21,4.0,Late
PAY0007641,LOAN0000182,CUST0000834,2026-02-14,,39.57,0.0,,Missed
PAY0007642,LOAN0000540,CUST0000782,2022-07-14,2022-07-12,216.21,216.21,0.0,On-time
PAY0007643,LOAN0000148,CUST0000105,2021-11-07,2021-11-07,2311.29,2311.29,0.0,On-time
PAY0007644,LOAN0000554,CUST0000181,2026-08-16,2026-09-18,33.52,33.52,33.0,Late
PAY0007645,LOAN0000436,CUST0000075,2026-05-15,,179.3,0.0,,Missed
PAY0007646,LOAN0000254,CUST0000296,2025-02-24,2025-02-22,449.87,449.87,0.0,On-time
PAY0007647,LOAN0000009,CUST0000316,2024-01-05,2024-02-17,201.72,201.72,43.0,Late
PAY0007648,LOAN0000219,CUST0000901,2026-05-25,2026-06-01,358.56,-358.56,7.0,Late
PAY0007649,LOAN0000294,CUST0000925,2022-07-10,2022-07-09,452.0,452.0,0.0,On-time
PAY0007650,LOAN0000559,CUST0000824,2026-06-30,,176.29,0.0,,Missed
PAY0007651,LOAN0000480,CUST0000765,2025-05-07,,517.76,0.0,,Missed
PAY0007652,LOAN0000019,CUST0000441,2022-09-30,,2083.16,0.0,,Missed
PAY0007653,LOAN0000132,CUST0000669,2026-04-16,2026-04-16,628.47,628.47,0.0,On-time
PAY0007654,LOAN0000081,CUST0000682,2023-09-19,2023-09-19,377.89,377.89,0.0,On-time
PAY0007655,LOAN0000345,CUST0000724,2025-08-26,2025-08-24,906.51,906.51,0.0,On-time
PAY0007656,LOAN0000363,CUST0000783,2023-04-29,2023-04-27,630.91,630.91,0.0,On-time
PAY0007657,LOAN0000111,CUST0000196,2026-01-06,2026-01-06,640.44,640.44,0.0,On-time
PAY0007658,LOAN0000187,CUST0000518,2026-02-05,,201.21,0.0,,Missed
PAY0007659,LOAN0000071,CUST0000250,2023-08-22,2023-08-22,190.79,190.79,0.0,On-time
PAY0007660,LOAN0000308,CUST0000188,2025-05-30,2025-05-29,680.08,680.08,0.0,On-time
PAY0007661,LOAN0000488,CUST0000052,2025-12-10,2025-12-09,135.79,135.79,0.0,On-time
PAY0007662,LOAN0000035,CUST0000788,2023-02-02,2023-02-02,1926.73,1926.73,0.0,On-time
PAY0007663,LOAN0000405,CUST0000584,2026-06-03,2026-06-24,1361.7,1361.7,21.0,Late
PAY0007664,LOAN0000332,CUST0000127,2024-05-05,2024-05-05,119.33,119.33,0.0,On-time
PAY0007665,LOAN0000357,CUST0000439,2026-03-16,2026-04-26,341.58,341.58,41.0,Late
PAY0007666,LOAN0000483,CUST0000418,2025-12-05,2026-01-10,191.54,191.54,36.0,Late
PAY0007667,LOAN0000283,CUST0000045,2024-02-13,2024-02-13,57.8,57.8,0.0,On-time
PAY0007668,LOAN0000143,CUST0000791,2025-07-23,2025-07-23,159.55,159.55,0.0,On-time
PAY0007669,LOAN0000434,CUST0000010,2025-11-05,,237.04,0.0,,Missed
PAY0007670,LOAN0000522,CUST0000507,2024-11-02,2024-11-02,1893.28,1893.28,0.0,On-time
PAY0007671,LOAN0000146,CUST0000606,2023-11-24,2023-11-24,1506.71,1506.71,0.0,On-time
PAY0007672,LOAN0000532,CUST0000330,2025-11-30,2025-12-10,677.86,677.86,10.0,Late
PAY0007673,LOAN0000510,CUST0000702,2025-05-22,2025-05-21,892.11,892.11,0.0,On-time
PAY0007674,LOAN0000202,CUST0000060,2024-12-21,2024-12-19,65.87,65.87,0.0,On-time
PAY0007675,LOAN0000180,CUST0000371,2025-11-10,2025-11-18,422.07,422.07,8.0,Late
PAY0007676,LOAN0000392,CUST0000563,2026-07-27,2026-07-25,643.1,643.1,0.0,On-time
PAY0007677,LOAN0000438,CUST0000804,2026-08-08,2026-08-06,18.56,18.56,0.0,On-time
PAY0007678,LOAN0000057,CUST0000816,2025-05-25,2025-05-25,441.62,441.62,0.0,On-time
PAY0007679,LOAN0000519,CUST0000619,2023-07-25,2023-07-24,150.47,150.47,0.0,On-time
PAY0007680,LOAN0000167,CUST0000260,2024-04-07,2024-04-05,974.84,974.84,0.0,On-time
PAY0007681,LOAN0000168,CUST0000850,2023-05-02,2023-05-17,487.76,487.76,15.0,Late
PAY0007682,LOAN0000374,CUST0000475,2024-12-22,2024-12-22,495.54,-495.54,0.0,On-time
PAY0007683,LOAN0000329,CUST0000886,2023-10-07,2023-10-06,1126.34,1126.34,0.0,On-time
PAY0007684,LOAN0000152,CUST0000805,2026-07-17,2026-07-15,546.78,546.78,0.0,On-time
PAY0007685,LOAN0000356,CUST0000951,2024-10-17,2024-10-16,208.44,208.44,0.0,On-time
PAY0007686,LOAN0000424,CUST0000831,2026-01-05,2026-01-04,306.66,306.66,0.0,On-time
PAY0007687,LOAN0000041,CUST0000778,2026-04-12,2026-04-12,450.04,450.04,0.0,On-time
PAY0007688,LOAN0000578,CUST0000916,2022-10-01,,335.27,0.0,,Missed
PAY0007689,LOAN0000462,CUST0000397,2024-07-30,,660.43,0.0,,Missed
PAY0007690,LOAN0000470,CUST0000725,2025-07-03,2025-07-01,241.98,241.98,0.0,On-time
PAY0007691,LOAN0000006,CUST0000969,2026-07-25,2026-07-25,488.2,488.2,0.0,On-time
PAY0007692,LOAN0000416,CUST0000611,2024-08-07,2024-08-28,21.6,21.6,21.0,Late
PAY0007693,LOAN0000226,CUST0000893,2024-08-31,2024-09-13,101.32,101.32,13.0,Late
PAY0007694,LOAN0000418,CUST0000918,2024-08-11,2024-08-09,86.17,86.17,0.0,On-time
PAY0007695,LOAN0000232,CUST0000762,2022-10-23,,30.32,0.0,,Missed
PAY0007696,LOAN0000469,CUST0000772,2022-05-27,2022-05-27,35.48,35.48,0.0,On-time
PAY0007697,LOAN0000385,CUST0000435,2023-10-28,2023-10-26,394.76,,0.0,On-time
PAY0007698,LOAN0000490,CUST0000017,2026-05-28,2026-06-01,265.48,265.48,4.0,Late
PAY0007699,LOAN0000331,CUST0000879,2023-10-05,2023-03-22,70.21,70.21,0.0,On-time
PAY0007700,LOAN0000565,CUST0000504,2024-05-25,2024-05-24,554.46,554.46,0.0,On-time
PAY0007701,LOAN0000094,CUST0000345,2025-09-30,2025-09-30,610.74,610.74,0.0,On-time
PAY0007702,LOAN0000402,CUST0000072,2025-06-02,2025-06-01,158.38,158.38,0.0,On-time
PAY0007703,LOAN0000238,CUST0000420,2025-05-02,2025-05-02,346.74,346.74,0.0,On-time
PAY0007704,LOAN0000441,CUST0000705,2024-07-13,2024-07-11,2212.0,2212.0,0.0,On-time
PAY0007705,LOAN0000327,CUST0000225,2025-07-27,2025-07-26,214.19,214.19,0.0,On-time
PAY0007706,LOAN0000547,CUST0000422,2025-03-20,2023-03-08,244.53,244.53,0.0,On-time
PAY0007707,LOAN0000353,CUST0000832,2022-07-30,2022-08-21,1665.78,1665.78,22.0,Late
PAY0007708,LOAN0000268,CUST0000062,2026-03-08,2026-03-06,60.75,60.75,0.0,On-time
PAY0007709,LOAN0000290,CUST0000757,2025-11-13,2025-11-11,649.64,649.64,0.0,On-time
PAY0007710,LOAN0000443,CUST0000791,2024-12-31,2024-12-30,1882.62,1882.62,0.0,On-time
PAY0007711,LOAN0000386,CUST0000481,2022-06-13,2022-07-02,155.17,155.17,19.0,Late
PAY0007712,LOAN0000392,CUST0000563,2024-03-26,2024-04-09,643.1,643.1,14.0,Late
PAY0007713,LOAN0000238,CUST0000420,2026-01-31,2026-01-31,346.74,346.74,0.0,On-time
PAY0007714,LOAN0000368,CUST0000389,2025-08-19,2025-08-17,207.2,207.2,0.0,On-time
PAY0007715,LOAN0000586,CUST0000121,2023-03-05,2023-03-05,843.94,843.94,0.0,On-time
PAY0007716,LOAN0000450,CUST0000307,2025-04-02,,205.25,0.0,,Missed
PAY0007717,LOAN0000193,CUST0000003,2023-02-25,2023-02-24,466.75,312.1,0.0,Partial
PAY0007718,LOAN0000267,CUST0000745,2025-10-09,2025-11-15,122.23,122.23,37.0,Late
PAY0007719,LOAN0000281,CUST0000194,2024-06-18,2024-06-16,226.29,226.29,0.0,On-time
PAY0007720,LOAN0000325,CUST0000206,2025-08-19,2025-08-17,2758.6,2758.6,0.0,On-time
PAY0007721,LOAN0000377,CUST0000186,2022-06-20,2022-06-19,651.39,459.2,0.0,Partial
PAY0007722,LOAN0000371,CUST0000522,2023-11-05,,1425.12,0.0,,Missed
PAY0007723,LOAN0000099,CUST0000232,2025-06-14,2025-06-27,124.7,124.7,13.0,Late
PAY0007724,LOAN0000381,CUST0000477,2026-03-10,2026-03-09,1402.35,1402.35,0.0,On-time
PAY0007725,LOAN0000529,CUST0000838,2024-06-23,,513.54,0.0,,Missed
PAY0007726,LOAN0000504,CUST0000953,2025-10-20,2025-10-18,228.62,228.62,0.0,On-time
PAY0007727,LOAN0000012,CUST0000725,2022-04-21,2022-04-21,607.42,607.42,0.0,On-time
PAY0007728,LOAN0000534,CUST0000170,2025-09-06,2025-09-06,80.99,-80.99,0.0,On-time
PAY0007729,LOAN0000492,CUST0000089,2024-12-29,2024-12-28,348.69,348.69,0.0,On-time
PAY0007730,LOAN0000275,CUST0000306,2024-11-14,2024-11-13,384.84,-384.84,0.0,On-time
PAY0007731,LOAN0000076,CUST0000869,2024-06-28,2024-06-28,241.76,241.76,0.0,On-time
PAY0007732,LOAN0000579,CUST0000002,2022-12-26,,467.36,0.0,,Missed
PAY0007733,LOAN0000425,CUST0000755,2025-03-01,2025-02-28,351.83,351.83,0.0,On-time
PAY0007734,LOAN0000483,CUST0000418,2024-06-05,2024-06-03,191.54,191.54,0.0,On-time
PAY0007735,LOAN0000257,CUST0000699,2025-11-24,2025-11-24,1022.97,1022.97,0.0,On-time
PAY0007736,LOAN0000282,CUST0000724,2025-02-21,2025-02-20,67.12,67.12,0.0,On-time
PAY0007737,LOAN0000055,CUST0000726,2023-11-27,2023-11-27,399.72,399.72,0.0,On-time
PAY0007738,LOAN0000133,CUST0000758,2025-10-18,2025-10-18,367.28,367.28,0.0,On-time
PAY0007739,LOAN0000539,CUST0000693,2024-10-02,,180.07,0.0,,Missed
PAY0007740,LOAN0000198,CUST0000959,2026-06-09,2026-06-09,415.03,415.03,0.0,On-time
PAY0007741,LOAN0000345,CUST0000724,2025-01-25,2025-01-24,906.51,906.51,0.0,On-time
PAY0007742,LOAN0000284,CUST0000557,2026-07-03,2025-03-25,1030.27,1030.27,40.0,Late
PAY0007743,LOAN0000266,CUST0000220,2025-02-09,2025-02-09,324.19,324.19,0.0,On-time
PAY0007744,LOAN0000461,CUST0000893,2024-08-24,2024-08-23,13.08,13.08,0.0,On-time
PAY0007745,LOAN0000499,CUST0000110,2025-12-01,2025-12-01,435.21,435.21,0.0,On-time
PAY0007746,LOAN0000462,CUST0000397,2024-04-29,2024-04-29,660.43,660.43,0.0,On-time
PAY0007747,LOAN0000387,CUST0000070,2025-04-17,2025-04-17,284.03,284.03,0.0,On-time
PAY0007748,LOAN0000559,CUST0000824,2025-09-29,2025-09-30,176.29,176.29,1.0,Late
PAY0007749,LOAN0000522,CUST0000507,2024-09-03,,1893.28,1893.28,0.0,On-time
PAY0007750,LOAN0000034,CUST0000621,2022-02-10,2022-02-10,145.27,145.27,0.0,on time
PAY0007751,LOAN0000243,CUST0000094,2023-11-09,2023-11-09,227.16,227.16,0.0,On-time
PAY0007752,LOAN0000465,CUST0000519,2026-06-09,2026-06-07,121.1,121.1,0.0,ON-TIME
PAY0007753,LOAN0000160,CUST0000148,2026-01-15,2026-01-15,76.44,76.44,0.0,On-time
PAY0007754,LOAN0000318,CUST0000451,2023-12-13,2023-12-12,1389.25,1389.25,0.0,On-time
PAY0007755,LOAN0000540,CUST0000782,2023-09-13,,216.21,0.0,,Missed
PAY0007756,LOAN0000179,CUST0000796,2024-06-25,2024-07-18,76.24,76.24,23.0,Late
PAY0007757,LOAN0000512,CUST0000817,2026-05-15,2026-05-13,915.62,915.62,0.0,On-time
PAY0007758,LOAN0000539,CUST0000693,2026-05-03,2026-05-01,180.07,145.79,0.0,Partial
PAY0007759,LOAN0000110,CUST0000466,2024-01-22,2024-01-22,434.4,434.4,0.0,On-time
PAY0007760,LOAN0000479,CUST0000957,2025-12-31,2026-02-11,284.06,284.06,42.0,Late
PAY0007761,LOAN0000345,CUST0000724,2025-05-27,2025-05-26,906.51,906.51,0.0,On-time
PAY0007762,LOAN0000172,CUST0000692,2026-03-30,2026-03-29,159.9,159.9,0.0,On-time
PAY0007763,LOAN0000240,CUST0000608,2025-03-21,2025-03-20,533.89,533.89,0.0,On-time
PAY0007764,LOAN0000114,CUST0000879,2026-08-22,2026-08-22,203.52,-203.52,0.0,On-time
PAY0007765,LOAN0000390,CUST0000310,2023-12-23,2023-12-21,377.65,377.65,0.0,On-time
PAY0007766,LOAN0000143,CUST0000791,2025-01-21,2025-01-20,159.55,159.55,0.0,On-time
PAY0007767,LOAN0000226,CUST0000893,2024-01-01,2023-12-31,101.32,101.32,0.0,On-time
PAY0007768,LOAN0000188,CUST0000979,2024-03-11,2024-03-11,349.2,349.2,0.0,On-time
PAY0007769,LOAN0000461,CUST0000893,2025-02-23,2025-02-23,13.08,13.08,0.0,On-time
PAY0007770,LOAN0000179,CUST0000796,2026-02-24,2026-02-23,76.24,76.24,0.0,On-time
PAY0007771,LOAN0000556,CUST0000773,2026-04-21,2026-04-21,76.7,76.7,0.0,On-time
PAY0007772,LOAN0000004,CUST0000293,2023-12-13,2023-12-26,715.28,715.28,13.0,Late
PAY0007773,LOAN0000533,CUST0000725,2023-06-25,2023-06-24,1461.65,1461.65,0.0,On-time
PAY0007774,LOAN0000375,CUST0000107,2022-10-02,2022-09-30,1121.15,-1121.15,0.0,On-time
PAY0007775,LOAN0000426,CUST0000297,2022-09-15,2022-09-15,370.17,370.17,0.0,On-time
PAY0007776,LOAN0000470,CUST0000725,2023-09-02,2023-09-01,241.98,241.98,0.0,On-time
PAY0007777,LOAN0000140,CUST0000221,2023-11-24,2023-11-24,83.09,83.09,0.0,On-time
PAY0007778,LOAN0000115,CUST0000780,2025-07-13,2025-08-11,146.22,146.22,29.0,Late
PAY0007779,LOAN0000136,CUST0000678,2025-07-14,2025-07-13,62.52,62.52,0.0,OK
PAY0007780,LOAN0000195,CUST0000180,2025-03-13,2025-04-15,504.44,504.44,33.0,Late
PAY0007781,LOAN0000362,CUST0000964,2023-09-24,2023-09-22,924.47,924.47,0.0,On-time
PAY0007782,LOAN0000308,CUST0000188,2025-04-29,2025-04-27,680.08,680.08,0.0,On-time
PAY0007783,LOAN0000317,CUST0000372,2026-08-01,2026-07-30,1076.49,1076.49,0.0,On-time
PAY0007784,LOAN9146566,CUST0000236,2025-08-08,,453.79,0.0,,Missed
PAY0007785,LOAN0000335,CUST0000661,2026-08-04,2026-08-04,117.54,99.26,0.0,Partial
PAY0007786,LOAN0000145,CUST0000538,2024-11-20,2024-11-20,1202.85,1202.85,0.0,On-time
PAY0007787,LOAN0000214,CUST0000290,2023-10-17,2023-10-16,883.07,883.07,0.0,on time
PAY0007788,LOAN0000375,CUST0000107,2023-03-03,2023-03-02,1121.15,1121.15,0.0,On-time
PAY0007789,LOAN0000064,CUST0000818,2026-06-07,2026-06-05,499.21,499.21,0.0,On-time
PAY0007790,LOAN0000408,CUST0000493,2026-03-22,2026-03-20,10242.29,10242.29,0.0,On-time
PAY0007791,LOAN0000584,CUST0000129,2023-06-06,2023-06-05,135.36,135.36,0.0,On-time
PAY0007792,LOAN0000118,CUST0000545,2024-09-06,2024-09-05,208.58,208.58,0.0,On-time
PAY0007793,LOAN0000382,CUST0000508,2025-10-01,2025-09-30,416.59,416.59,0.0,On-time
PAY0007794,LOAN0000041,CUST0000778,2023-12-12,,450.04,0.0,,Missed
PAY0007795,LOAN0000088,CUST0000710,2024-11-18,2024-11-18,1812.64,,0.0,On-time
PAY0007796,LOAN9540873,CUST0000791,2024-09-21,2024-09-19,159.55,159.55,0.0,On-time
PAY0007797,LOAN0000480,CUST0000765,2026-06-07,2026-06-23,517.76,517.76,16.0,Late
PAY0007798,LOAN0000305,CUST0000286,2025-06-23,2025-06-23,34.75,34.75,0.0,On-time
PAY0007799,LOAN0000467,CUST0000635,2025-08-03,2025-08-01,225.47,225.47,0.0,On-time
PAY0007800,LOAN0000403,CUST0000115,2024-03-20,,43.28,0.0,,Missed
PAY0007801,LOAN0000473,CUST0000340,2022-03-01,,528.94,0.0,,Missed
PAY0007802,LOAN0000129,CUST0000236,2026-01-08,2026-01-06,453.79,453.79,0.0,On-time
PAY0007803,LOAN0000484,CUST0000147,2025-08-20,2025-08-18,133.74,133.74,0.0,On-time
PAY0007804,LOAN0000208,CUST0000886,2025-07-09,2025-07-09,682.55,682.55,0.0,On-time
PAY0007805,LOAN0000214,CUST0000290,2024-02-16,2024-02-14,883.07,883.07,0.0,On-time
PAY0007806,LOAN0000329,CUST0000886,2023-04-07,2023-04-06,1126.34,1126.34,0.0,On-time
PAY0007807,LOAN0000089,CUST0000928,2025-03-19,2025-03-17,258.83,258.83,0.0,On-time
PAY0007808,LOAN0000572,CUST0000379,2025-01-30,,199.55,0.0,,Missed
PAY0007809,LOAN0000257,CUST0000699,2026-05-26,2026-05-25,1022.97,1022.97,0.0,On-time
PAY0007810,LOAN0000418,CUST0000918,2022-03-12,2022-03-10,86.17,86.17,0.0,On-time
PAY0007811,LOAN0000522,CUST0000507,2024-02-02,2024-03-02,1893.28,1893.28,29.0,Late
PAY0007812,LOAN0000145,CUST0000538,2024-02-20,2024-02-20,1202.85,1202.85,0.0,On-time
PAY0007813,LOAN0000024,CUST0000510,2026-03-30,2026-03-30,988.87,988.87,0.0,On-time
PAY0007814,LOAN9700852,CUST0000607,2026-06-18,2026-06-16,683.32,683.32,0.0,On-time
PAY0007815,LOAN0000572,CUST0000379,2026-04-01,2026-04-01,199.55,199.55,0.0,On-time
PAY0007816,LOAN0000078,CUST0000726,2023-09-22,2023-09-21,1123.26,1123.26,0.0,On-time
PAY0007817,LOAN0000414,CUST0000003,2026-04-12,2026-04-12,22.1,22.1,0.0,On-time
PAY0007818,LOAN0000091,CUST0000953,2024-04-16,,417.35,0.0,,Missed
PAY0007819,LOAN0000484,CUST0000147,2026-03-21,2026-03-19,133.74,113.21,0.0,Partial
PAY0007820,LOAN0000044,CUST0000363,2024-12-03,2024-12-03,1557.81,1557.81,0.0,On-time
PAY0007821,LOAN0000560,CUST0000074,2026-04-23,,224.75,0.0,,Missed
PAY0007822,LOAN0000431,CUST0000662,2025-02-08,2025-03-09,140.76,140.76,29.0,Late
PAY0007823,LOAN0000307,CUST0000607,2026-04-18,2026-04-16,683.32,683.32,0.0,On-time
PAY0007824,LOAN0000466,CUST0000967,2026-03-01,2026-02-28,25.35,25.35,0.0,On-time
PAY0007825,LOAN0000548,CUST0000347,2024-06-29,2024-06-28,480.43,480.43,0.0,On-time
PAY0007826,LOAN0000513,CUST0000621,2023-10-31,2023-10-29,667.76,667.76,0.0,On-time
PAY0007827,LOAN0000144,CUST0000143,2026-04-17,2026-04-17,184.57,184.57,0.0,On-time
PAY0007828,LOAN0000429,CUST0000782,2025-07-26,,1011.92,0.0,,Missed
PAY0007829,LOAN0000108,CUST0000303,2026-06-01,2026-05-30,115.22,115.22,0.0,On-time
PAY0007830,LOAN0000564,CUST0000695,2023-01-13,2023-01-12,471.54,471.54,0.0,On-time
PAY0007831,LOAN0000319,CUST0000112,2024-11-02,2024-10-31,132.31,132.31,0.0,On-time
PAY0007832,LOAN0000083,CUST0000233,2026-08-23,2026-08-23,1268.93,1268.93,0.0,On-time
PAY0007833,LOAN0000562,CUST0000102,2023-03-07,2023-03-05,1887.75,1887.75,0.0,On-time
PAY0007834,LOAN0000339,CUST0000384,2025-05-23,2025-05-21,83.06,83.06,0.0,On-time
PAY0007835,LOAN0000441,CUST0000705,2025-01-11,2025-01-11,2212.0,2212.0,0.0,On-time
PAY0007836,LOAN0000167,CUST0000260,2025-01-06,2025-01-06,974.84,974.84,0.0,On-time
PAY0007837,LOAN0000327,CUST0000225,2025-05-27,2025-05-25,214.19,214.19,0.0,On-time
PAY0007838,LOAN0000461,CUST0000893,2026-02-23,2026-02-22,13.08,13.08,0.0,On-time
PAY0007839,LOAN0000363,CUST0000783,2022-11-28,,630.91,0.0,,Missed
PAY0007840,LOAN0000361,CUST0000306,2024-07-07,2024-07-07,413.38,413.38,0.0,On-time
PAY0007841,LOAN0000137,CUST0000463,2026-07-20,2026-08-10,1149.63,1149.63,21.0,Late
PAY0007842,LOAN0000541,CUST0000470,2026-03-01,2026-03-18,1284.91,1284.91,17.0,Late
PAY0007843,LOAN0000114,CUST0000879,2026-04-23,2026-04-23,203.52,203.52,0.0,On-time
PAY0007844,LOAN0000212,CUST0000244,2023-05-18,2023-05-16,648.42,648.42,0.0,On-time
PAY0007845,LOAN0000528,CUST0000832,2023-11-03,2023-11-01,436.3,436.3,0.0,On-time
PAY0007846,LOAN0000343,CUST0000618,2025-09-03,2025-09-01,2825.66,2825.66,0.0,On-time
PAY0007847,LOAN0000434,CUST0000010,2025-05-06,2025-05-05,237.04,237.04,0.0,On-time
PAY0007848,LOAN0000027,CUST0000457,2022-01-20,2022-01-19,240.0,240.0,0.0,on time
PAY0007849,LOAN0000161,CUST0000522,2022-04-28,2022-04-26,1392.51,1392.51,0.0,On-time
PAY0007850,LOAN0000478,CUST0000586,2026-07-17,2026-07-15,382.05,382.05,0.0,On-time
PAY0007851,LOAN0000439,CUST0000280,2024-02-20,2024-02-18,216.4,216.4,0.0,On-time
PAY0007852,LOAN0000227,CUST0000949,2026-06-18,2026-06-16,213.21,213.21,0.0,On-time
PAY0007853,LOAN0000116,CUST0000269,2026-01-27,,259.68,-869.0545435602605,,Missed
PAY0007854,LOAN0000386,CUST0000481,2022-09-12,2022-09-11,155.17,155.17,0.0,On-time
PAY0007855,LOAN0000492,CUST0000089,2026-07-30,2026-07-28,348.69,348.69,0.0,On-time
PAY0007856,LOAN0000491,CUST0000360,2024-06-12,2024-06-12,1483.2,1483.2,0.0,On-time
PAY0007857,LOAN0000073,CUST0000266,2025-02-04,2025-02-25,101.83,101.83,21.0,Late
PAY0007858,LOAN0000426,CUST0000297,2023-04-16,,370.17,0.0,,Missed
PAY0007859,LOAN0000356,CUST0000951,2025-08-17,,208.44,0.0,,Missed
PAY0007860,LOAN0000122,CUST0000253,2025-09-03,,559.32,559.32,0.0,On-time
PAY0007861,LOAN0000150,CUST0000901,2023-10-17,2023-10-15,421.66,165.43,0.0,Partial
PAY0007862,LOAN0000416,CUST0000611,2025-02-06,2025-02-06,21.6,21.6,0.0,On-time
PAY0007863,LOAN0000572,CUST0000379,2025-03-31,,199.55,0.0,,Missed
PAY0007864,LOAN0000200,CUST0000200,2024-01-23,2024-01-23,263.49,263.49,0.0,On-time
PAY0007865,LOAN0000355,CUST0000771,2026-05-29,2026-05-29,2611.51,2611.51,0.0,On-time
PAY0007866,LOAN0000421,CUST0000034,2025-10-13,,2573.12,0.0,,Missed
PAY0007867,LOAN0000564,CUST0000695,2023-04-15,2023-04-15,471.54,471.54,0.0,On-time
PAY0007868,LOAN0000461,CUST0000893,2024-02-24,2024-02-23,13.08,13.08,0.0,On-time
PAY0007869,LOAN0000051,CUST0000838,2025-12-22,2025-12-21,1474.03,1474.03,0.0,On-time
PAY0007870,LOAN0000320,CUST0000394,2024-12-22,2024-12-21,637.39,637.39,0.0,On-time
PAY0007871,LOAN0000030,CUST0000694,2026-01-06,2026-01-06,925.59,925.59,0.0,On-time
PAY0007872,LOAN0000377,CUST0000186,2022-08-20,2022-08-20,651.39,651.39,0.0,On-time
PAY0007873,LOAN0000406,CUST0000519,2025-08-08,2025-08-07,179.61,179.61,0.0,On-time
PAY0007874,LOAN0000069,CUST0000061,2025-12-02,2025-12-02,147.06,147.06,0.0,On-time
PAY0007875,LOAN0000573,CUST0000880,2025-06-20,2025-06-20,884.49,884.49,0.0,On-time
PAY0007876,LOAN0000574,CUST0000356,2024-06-02,2024-06-01,2031.77,2031.77,0.0,On-time
PAY0007877,LOAN0000497,CUST0000929,2025-02-09,2025-02-16,891.0,891.0,7.0,Late
PAY0007878,LOAN0000231,CUST0000896,2026-05-09,2026-05-31,508.99,508.99,22.0,Late
PAY0007879,LOAN0000394,CUST0000050,2023-09-21,2023-09-21,566.23,566.23,0.0,On-time
PAY0007880,LOAN0000119,CUST0000188,2023-01-14,2023-01-29,820.41,820.41,15.0,Late
PAY0007881,LOAN0000146,CUST0000606,2025-08-24,2025-08-22,1506.71,1506.71,0.0,On-time
PAY0007882,LOAN0000073,CUST0000266,2023-01-05,2023-01-05,101.83,101.83,0.0,On-time
PAY0007883,LOAN0000494,CUST0000188,2026-06-26,2026-07-11,1276.54,1276.54,15.0,Late
PAY0007884,LOAN0000427,CUST0000568,2026-08-13,2026-08-13,323.77,323.77,0.0,On-time
PAY0007885,LOAN0000294,CUST0000925,2022-08-09,2022-08-08,452.0,452.0,0.0,On-time
PAY0007886,LOAN9239489,CUST0000925,2022-05-10,2022-05-10,452.0,452.0,0.0,ON-TIME
PAY0007887,LOAN0000195,CUST0000180,2024-12-11,2024-12-11,504.44,504.44,0.0,On-time
PAY0007888,LOAN0000039,CUST0000941,2026-02-23,2026-03-06,1194.92,1194.92,11.0,Late
PAY0007889,LOAN0000078,CUST0000726,2024-10-22,2024-11-14,1123.26,1123.26,23.0,Late
PAY0007890,LOAN0000363,CUST0000783,2022-06-29,2022-06-27,630.91,630.91,0.0,On-time
PAY0007891,LOAN0000055,CUST0000726,2025-02-26,2025-02-26,399.72,399.72,0.0,On-time
PAY0007892,LOAN0000439,CUST0000280,2024-11-20,2024-11-19,216.4,146.42,0.0,Partial
PAY0007893,LOAN0000209,CUST0000225,2024-09-06,2024-09-07,295.37,295.37,1.0,Late
PAY0007894,LOAN0000485,CUST0000678,2023-04-02,2023-03-31,174.48,174.48,0.0,On-time
PAY0007895,LOAN0000229,CUST0000179,2026-02-03,2026-02-01,41.64,41.64,0.0,On-time
PAY0007896,LOAN0000412,CUST0000828,2024-05-05,2024-05-04,1316.93,1316.93,0.0,On-time
PAY0007897,LOAN0000379,CUST0000174,2026-07-01,2026-06-30,349.88,349.88,0.0,On-time
PAY0007898,LOAN0000495,CUST0000046,2026-08-12,2026-08-12,393.71,393.71,0.0,ON-TIME
PAY0007899,LOAN0000244,CUST0000562,2026-07-01,2026-06-30,683.64,683.64,0.0,On-time
PAY0007900,LOAN0000102,CUST0000551,2023-10-21,2023-10-20,635.91,635.91,0.0,On-time
PAY0007901,LOAN0000016,CUST0000359,2024-11-13,2024-11-11,424.63,424.63,0.0,On-time
PAY0007902,LOAN0000349,CUST0000776,2025-08-09,2025-08-08,367.15,367.15,0.0,On-time
PAY0007903,LOAN0000343,CUST0000618,2024-07-04,2024-07-02,2825.66,2825.66,0.0,On-time
PAY0007904,LOAN0000227,CUST0000949,2026-01-17,2026-01-17,213.21,98.5,0.0,Partial
PAY0007905,LOAN0000480,CUST0000765,2025-01-05,2025-01-08,517.76,517.76,3.0,Late
PAY0007906,LOAN0000070,CUST0000916,2026-04-22,2026-04-20,592.68,592.68,0.0,On-time
PAY0007907,LOAN0000273,CUST0000955,2023-01-27,2023-02-06,1128.57,1128.57,10.0,Late
PAY0007908,LOAN0000194,CUST0000341,2024-06-08,2024-06-08,1014.07,1014.07,0.0,On-time
PAY0007909,LOAN0000583,CUST0000516,2024-06-27,2024-06-25,843.06,843.06,0.0,On-time
PAY0007910,LOAN0000539,CUST0000693,2024-09-02,,180.07,0.0,,Missed
PAY0007911,LOAN0000080,CUST0000004,2026-06-18,2026-06-16,855.13,639.15,0.0,Partial
PAY0007912,LOAN0000526,CUST0000184,2026-05-27,2026-06-22,341.99,341.99,26.0,Late
PAY0007913,LOAN0000088,CUST0000710,2023-11-19,2023-11-19,1812.64,1812.64,0.0,On-time
PAY0007914,LOAN0000403,CUST0000115,2026-01-19,2026-01-18,43.28,43.28,0.0,On-time
PAY0007915,LOAN0000143,CUST0000791,2024-01-22,,159.55,0.0,,Missed
PAY0007916,LOAN0000536,CUST0000581,2023-10-16,2023-10-16,246.77,246.77,0.0,On-time
PAY0007917,LOAN0000256,CUST0000931,2024-04-26,2024-05-08,94.47,94.47,12.0,Late
PAY0007918,LOAN0000572,CUST0000379,2025-03-01,2025-02-28,199.55,199.55,0.0,On-time
PAY0007919,LOAN0000122,CUST0000253,2023-05-05,2023-05-05,559.32,559.32,0.0,On-time
PAY0007920,LOAN0000009,CUST0000316,2024-05-06,2024-05-28,201.72,201.72,22.0,Late
PAY0007921,LOAN0000233,CUST0000781,2025-12-23,2025-12-30,2150.27,2150.27,7.0,Late
PAY0007922,LOAN0000411,CUST0000531,2026-01-10,2026-01-08,1187.31,1187.31,0.0,On-time
PAY0007923,LOAN0000252,CUST0000521,2024-09-21,,1682.41,0.0,,Missed
PAY0007924,LOAN0000562,CUST0000102,2023-02-05,2023-02-04,1887.75,1887.75,0.0,On-time
PAY0007925,LOAN0000285,CUST0000506,2025-01-13,2025-01-11,133.87,133.87,0.0,On-time
PAY0007926,LOAN0000370,CUST0000869,2026-05-28,,778.37,778.37,0.0,On-time
PAY0007927,LOAN0000236,CUST0000945,2023-08-23,2023-08-23,123.89,123.89,0.0,On-time
PAY0007928,LOAN0000177,CUST0000681,2025-12-27,2025-12-26,93.84,93.84,0.0,On-time
PAY0007929,LOAN0000047,CUST0000212,2022-12-15,2022-12-15,199.31,199.31,0.0,On-time
PAY0007930,LOAN0000251,CUST0000975,2025-10-27,2025-10-27,793.09,793.09,0.0,On-time
PAY0007931,LOAN0000259,CUST0000175,2026-02-22,2026-02-22,393.56,393.56,0.0,On-time
PAY0007932,LOAN0000045,CUST0000566,2026-07-14,2026-07-14,909.16,909.16,0.0,On-time
PAY0007933,LOAN0000090,CUST0000721,2024-05-21,,213.64,0.0,,Missed
PAY0007934,LOAN0000310,CUST0000432,2026-02-22,2026-03-13,362.83,362.83,19.0,Late
PAY0007935,LOAN0000057,CUST0000816,2024-02-24,2024-03-15,441.62,441.62,20.0,Late
PAY0007936,LOAN0000431,CUST0000662,2024-11-08,2024-11-08,140.76,140.76,0.0,On-time
PAY0007937,LOAN0000188,CUST0000979,2023-05-11,2023-05-10,349.2,349.2,0.0,On-time
PAY0007938,LOAN0000041,CUST0000778,2026-07-13,,450.04,,0.0,On-time
PAY0007939,LOAN0000046,CUST0000361,2025-02-15,2025-02-14,1162.93,1162.93,0.0,On-time
PAY0007940,LOAN0000347,CUST0000702,2025-03-02,2025-02-28,1078.58,1078.58,0.0,On-time
PAY0007941,LOAN0000171,CUST0000710,2026-05-03,2026-05-01,119.92,119.92,0.0,On-time
PAY0007942,LOAN0000231,CUST0000896,2026-07-09,2026-07-08,508.99,508.99,0.0,On-time
PAY0007943,LOAN0000360,CUST0000875,2026-05-31,2026-05-30,17.76,17.76,0.0,On-time
PAY0007944,LOAN0000257,CUST0000699,2024-08-25,2024-08-23,1022.97,1022.97,0.0,On-time
PAY0007945,LOAN0000429,CUST0000782,2026-06-26,2026-07-11,1011.92,1011.92,15.0,Late
PAY0007946,LOAN0000558,CUST0000843,2024-05-23,2024-05-26,115.54,115.54,3.0,Late
PAY0007947,LOAN0000147,CUST0000364,2023-03-28,2023-04-25,150.55,-150.55,28.0,Late
PAY0007948,LOAN0000154,CUST0000605,2026-01-06,2026-01-05,218.73,218.73,0.0,On-time
PAY0007949,LOAN0000440,CUST0000395,2024-05-23,2024-05-23,555.31,555.31,0.0,On-time
PAY0007950,LOAN0000469,CUST0000772,2022-12-26,,35.48,0.0,,Missed
PAY0007951,LOAN0000541,CUST0000470,2025-02-28,2025-02-28,1284.91,1284.91,0.0,On-time
PAY0007952,LOAN0000110,CUST0000466,2025-04-23,2025-04-23,434.4,434.4,0.0,On-time
PAY0007953,LOAN0000416,CUST0000611,2024-02-07,2024-02-16,21.6,21.6,9.0,Late
PAY0007954,LOAN9524224,CUST0000696,2026-05-25,2026-05-24,28.99,20.25,0.0,Partial
PAY0007955,LOAN0000426,CUST0000297,2024-03-16,,370.17,0.0,,Missed
PAY0007956,LOAN0000577,CUST0000268,2022-12-27,2022-12-25,33.72,33.72,0.0,On-time
PAY0007957,LOAN0000043,CUST0000911,2025-10-08,2025-10-08,304.1,304.1,0.0,On-time
PAY0007958,LOAN0000045,CUST0000566,2025-04-14,2025-04-13,909.16,909.16,0.0,On-time
PAY0007959,LOAN0000257,CUST0000699,2024-04-25,2024-04-24,1022.97,1022.97,0.0,On-time
PAY0007960,LOAN0000403,CUST0000115,2022-10-20,2022-11-11,43.28,43.28,22.0,Late
PAY0007961,LOAN0000222,CUST0000435,2025-12-27,2026-01-28,384.39,384.39,32.0,late
PAY0007962,LOAN0000375,CUST0000107,2023-11-01,2023-10-31,1121.15,1121.15,0.0,On-time
PAY0007963,LOAN0000185,CUST0000327,2024-04-10,2024-04-09,89.29,89.29,0.0,On-time
PAY0007964,LOAN0000202,CUST0000060,2024-08-21,2024-08-26,65.87,65.87,5.0,Late
PAY0007965,LOAN0000483,CUST0000418,2024-09-04,2024-09-02,191.54,191.54,0.0,On-time
PAY0007966,LOAN0000349,CUST0000776,2025-07-09,2025-07-08,367.15,367.15,0.0,On-time
PAY0007967,LOAN0000406,CUST0000519,2026-08-09,2026-08-09,179.61,179.61,0.0,On-time
PAY0007968,LOAN0000556,CUST0000773,2025-02-19,2025-02-17,76.7,76.7,0.0,On-time
PAY0007969,LOAN0000355,CUST0000771,2025-06-28,2025-06-27,2611.51,2611.51,0.0,On-time
PAY0007970,LOAN0000056,CUST0000793,2025-03-22,2025-04-21,145.21,145.21,30.0,Late
PAY0007971,LOAN0000319,CUST0000112,2025-02-02,2025-02-02,132.31,106.85,0.0,Partial
PAY0007972,LOAN0000174,CUST0000976,2026-03-12,2026-03-11,2107.17,2107.17,0.0,On-time
PAY0007973,LOAN0000547,CUST0000422,2026-07-20,2026-07-18,244.53,244.53,0.0,On-time
PAY0007974,LOAN0000053,CUST0000300,2026-07-26,2026-07-26,820.68,820.68,0.0,On-time
PAY0007975,LOAN0000010,CUST0000577,2023-09-15,2023-09-13,3029.07,3029.07,0.0,On-time
PAY0007976,LOAN0000016,CUST0000359,2025-06-14,2025-06-12,424.63,424.63,0.0,On-time
PAY0007977,LOAN0000185,CUST0000327,2024-05-10,2024-05-09,89.29,89.29,0.0,On-time
PAY0007978,LOAN0000002,CUST0000552,2025-07-02,2025-07-01,38.11,38.11,0.0,On-time
PAY0007979,LOAN0000583,CUST0000516,2023-01-27,2023-01-26,843.06,404.27,0.0,Partial
PAY0007980,LOAN0000103,CUST0000671,2025-04-30,2025-05-17,280.45,280.45,17.0,Late
PAY0007981,LOAN0000126,CUST0000058,2023-12-11,2024-01-03,3092.58,3092.58,23.0,Late
PAY0007982,LOAN0000497,CUST0000929,2026-08-11,2026-08-11,891.0,891.0,0.0,On-time
PAY0007983,LOAN0000176,CUST0000098,2025-07-28,2025-08-01,654.28,654.28,4.0,Late
PAY0007984,LOAN0000567,CUST0000627,2025-02-27,2025-02-26,73.42,73.42,0.0,On-time
PAY0007985,LOAN0000139,CUST0000859,2026-05-11,2026-05-10,627.26,627.26,0.0,On-time
PAY0007986,LOAN0000115,CUST0000780,2024-09-12,2024-10-04,146.22,146.22,22.0,Late
PAY0007987,LOAN0000532,CUST0000330,2025-05-01,2025-05-01,677.86,677.86,0.0,On-time
PAY0007988,LOAN0000119,CUST0000188,2022-06-15,2022-06-14,820.41,820.41,0.0,On-time
PAY0007989,LOAN0000198,CUST0000959,2026-08-09,2026-08-26,415.03,415.03,17.0,Late
PAY0007990,LOAN0000343,CUST0000618,2025-11-03,2025-11-02,2825.66,2825.66,0.0,On-time
PAY0007991,LOAN0000052,CUST0000697,2022-11-23,2022-12-01,1339.51,1339.51,8.0,Late
PAY0007992,LOAN0000178,CUST0000675,2025-03-15,2025-03-14,963.41,963.41,0.0,On-time
PAY0007993,LOAN0000334,CUST0000824,2025-06-05,2025-06-04,98.19,98.19,0.0,On-time
PAY0007994,LOAN0000059,CUST0000961,2025-01-22,2025-02-15,1372.66,1372.66,24.0,Late
PAY0007995,LOAN0000252,CUST0000521,2024-12-21,2024-12-19,1682.41,1682.41,0.0,On-time
PAY0007996,LOAN0000108,CUST0000303,2025-10-30,2025-10-29,115.22,115.22,0.0,On-time
PAY0007997,LOAN0000055,CUST0000726,2024-12-27,2024-12-25,399.72,399.72,0.0,On-time
PAY0007998,LOAN0000266,CUST0000220,2026-07-11,,324.19,0.0,,Missed
PAY0007999,LOAN0000540,CUST0000782,2024-06-13,2024-06-11,216.21,216.21,0.0,On-time
PAY0008000,LOAN0000267,CUST0000745,2026-07-10,,122.23,0.0,,MISSED
PAY0008001,LOAN0000187,CUST0000518,2025-11-06,,201.21,0.0,,Missed
PAY0008002,LOAN0000444,CUST0000147,2026-03-04,2026-03-04,195.17,195.17,0.0,On-time
PAY0008003,LOAN0000032,CUST0000569,2025-05-16,2025-05-16,1505.11,1505.11,0.0,On-time
PAY0008004,LOAN0000509,CUST0000598,2025-05-24,2025-05-22,671.21,671.21,0.0,On-time
PAY0008005,LOAN0000167,CUST0000260,2026-02-06,2026-02-05,974.84,974.84,0.0,On-time
PAY0008006,LOAN0000440,CUST0000395,2024-01-22,2024-01-22,555.31,555.31,0.0,On-time
PAY0008007,LOAN0000481,CUST0000429,2026-01-03,2026-01-02,227.01,227.01,0.0,On-time
PAY0008008,LOAN0000558,CUST0000843,2023-12-23,2023-12-21,115.54,115.54,0.0,On-time
PAY0008009,LOAN0000274,CUST0000327,2025-12-03,2025-12-02,125.44,125.44,0.0,On-time
PAY0008010,LOAN0000383,CUST0000736,2025-11-01,2025-11-01,83.06,83.06,0.0,On-time
PAY0008011,LOAN0000120,CUST0000484,2025-04-13,2025-04-11,316.36,316.36,0.0,On-time
PAY0008012,LOAN0000469,CUST0000772,2023-08-26,2023-09-24,35.48,35.48,29.0,Late
PAY0008013,LOAN0000134,CUST0000241,2025-05-06,2025-05-06,373.64,373.64,0.0,On-time
PAY0008014,LOAN0000201,CUST0000283,2024-01-29,2024-01-29,640.87,640.87,0.0,On-time
PAY0008015,LOAN0000185,CUST0000327,2026-04-10,2026-04-08,89.29,89.29,0.0,On-time
PAY0008016,LOAN0000140,CUST0000221,2024-06-24,2024-06-24,83.09,83.09,0.0,On-time
PAY0008017,LOAN0000410,CUST0000712,2026-04-17,2026-04-16,696.51,696.51,0.0,On-time
PAY0008018,LOAN0000149,CUST0000764,2026-04-10,2026-04-08,556.36,556.36,0.0,OK
PAY0008019,LOAN0000144,CUST0000143,2025-02-15,2025-02-15,184.57,184.57,0.0,On-time
PAY0008020,LOAN0000426,CUST0000297,2023-06-16,,370.17,0.0,,Missed
PAY0008021,LOAN0000165,CUST0000907,2024-05-29,2024-05-29,48.21,48.21,0.0,On-time
PAY0008022,LOAN0000440,CUST0000395,2025-04-23,2025-04-22,555.31,555.31,0.0,On-time
PAY0008023,LOAN0000337,CUST0000035,2025-04-27,2025-04-27,210.97,,0.0,On-time
PAY0008024,LOAN0000536,CUST0000581,2022-11-16,2022-11-16,246.77,246.77,0.0,On-time
PAY0008025,LOAN0000108,CUST0000303,2025-11-30,2025-11-28,115.22,115.22,0.0,On-time
PAY0008026,LOAN0000072,CUST0000349,2023-11-08,,809.24,0.0,,Missed
PAY0008027,LOAN0000508,CUST0000151,2025-08-23,,359.97,0.0,,Missed
PAY0008028,LOAN0000039,CUST0000941,2024-03-25,2024-03-23,1194.92,1194.92,0.0,On-time
PAY0008029,LOAN0000004,CUST0000293,2024-05-13,2024-05-13,715.28,715.28,0.0,On-time
PAY0008030,LOAN0000439,CUST0000280,2025-09-21,2023-11-17,216.4,216.4,0.0,On-time
PAY0008031,LOAN0000356,CUST0000951,2025-02-16,2025-02-14,208.44,208.44,0.0,On-time
PAY0008032,LOAN0000347,CUST0000702,2026-06-02,2026-06-01,1078.58,1078.58,0.0,On-time
PAY0008033,LOAN0000424,CUST0000831,2026-05-06,,306.66,244.51,0.0,Partial
PAY0008034,LOAN0000129,CUST0000236,2023-02-07,2023-02-06,453.79,453.79,0.0,On-time
PAY0008035,LOAN0000007,CUST0000718,2025-03-13,2025-03-31,669.61,669.61,18.0,Late
PAY0008036,LOAN0000027,CUST0000457,2023-08-21,2023-08-20,240.0,240.0,0.0,On-time
PAY0008037,LOAN0000144,CUST0000143,2022-06-17,2022-07-15,184.57,184.57,28.0,Late
PAY0008038,LOAN0000286,CUST0000607,2026-05-23,,448.57,0.0,,Missed
PAY0008039,LOAN0000047,CUST0000212,2022-09-14,2022-09-13,199.31,199.31,0.0,On Time
PAY0008040,LOAN0000147,CUST0000364,2023-08-27,2023-08-27,150.55,150.55,0.0,On-time
PAY0008041,LOAN0000132,CUST0000669,2025-05-17,2025-05-16,628.47,628.47,0.0,On-time
PAY0008042,LOAN0000080,CUST0000004,2026-07-19,,855.13,0.0,,Missed
PAY0008043,LOAN0000331,CUST0000879,2026-02-03,2026-02-01,70.21,53.51,0.0,Partial
PAY0008044,LOAN0000254,CUST0000296,2025-03-27,2025-03-26,449.87,180.99,0.0,Partial
PAY0008045,LOAN0000153,CUST0000245,2026-07-24,2026-07-22,313.95,313.95,0.0,On-time
PAY0008046,LOAN0000382,CUST0000508,2024-11-30,2024-11-28,416.59,416.59,0.0,On-time
PAY0008047,LOAN0000439,CUST0000280,2026-08-22,2026-08-21,216.4,216.4,0.0,On-time
PAY0008048,LOAN0000275,CUST0000306,2023-08-15,2023-08-15,384.84,278.93,0.0,Partial
PAY0008049,LOAN0000519,CUST0000619,2023-05-25,2023-06-10,150.47,150.47,16.0,Late
PAY0008050,LOAN0000212,CUST0000244,2021-11-16,2021-11-14,648.42,648.42,0.0,On-time
PAY0008051,LOAN0000319,CUST0000112,2026-01-02,,132.31,0.0,,Missed
PAY0008052,LOAN0000104,CUST0000488,2024-12-25,2024-12-24,199.65,199.65,0.0,On-time
PAY0008053,LOAN0000140,CUST0000221,2025-10-24,2025-10-22,83.09,83.09,0.0,OK
PAY0008054,LOAN0000525,CUST0000266,2026-06-17,2026-06-16,1088.92,1088.92,0.0,On-time
PAY0008055,LOAN0000171,CUST0000710,2026-04-03,2026-04-02,119.92,119.92,0.0,On-time
PAY0008056,LOAN0000221,CUST0000720,2025-10-25,2025-10-25,836.91,571.31,0.0,Partial
PAY0008057,LOAN0000445,CUST0000768,2025-12-21,2025-12-21,375.99,375.99,0.0,On-time
PAY0008058,LOAN0000175,CUST0000265,2026-07-01,2026-07-01,344.59,344.59,0.0,On-time
PAY0008059,LOAN0000200,CUST0000200,2025-08-23,2025-08-22,263.49,263.49,0.0,On-time
PAY0008060,LOAN0000084,CUST0000835,2025-07-03,2025-07-03,1480.27,1480.27,0.0,On-time
PAY0008061,LOAN0000085,CUST0000020,2024-08-08,2024-08-06,1832.83,1832.83,0.0,On-time
PAY0008062,LOAN0000450,CUST0000307,2023-12-02,2023-11-30,205.25,205.25,0.0,On-time
PAY0008063,LOAN0000159,CUST0000902,2025-03-23,2025-03-23,47.23,47.23,0.0,On-time
PAY0008064,LOAN0000119,CUST0000188,2022-05-16,2022-06-22,820.41,820.41,37.0,Late
PAY0008065,LOAN0000329,CUST0000886,2024-02-05,2024-02-05,1126.34,1126.34,0.0,On-time
PAY0008066,LOAN0000492,CUST0000089,2025-08-29,2025-08-27,348.69,348.69,0.0,On-time
PAY0008067,LOAN0000488,CUST0000052,2026-01-10,2026-01-08,135.79,,0.0,On-time
PAY0008068,LOAN0000426,CUST0000297,2022-08-16,,370.17,0.0,,Missed
PAY0008069,LOAN0000292,CUST0000778,2022-10-18,2022-10-18,3468.2,3468.2,0.0,On-time
PAY0008070,LOAN0000240,CUST0000608,2025-08-20,2025-08-19,533.89,533.89,0.0,On-time
PAY0008071,LOAN0000453,CUST0000869,2023-01-13,2023-01-13,1543.9,1543.9,0.0,On-time
PAY0008072,LOAN0000132,CUST0000669,2025-01-15,2025-01-15,628.47,628.47,0.0,On-time
PAY0008073,LOAN0000499,CUST0000110,2025-03-02,2025-03-01,435.21,435.21,0.0,On-time
PAY0008074,LOAN0000248,CUST0000569,2025-01-06,2025-01-04,273.13,273.13,0.0,On-time
PAY0008075,LOAN0000147,CUST0000364,2025-05-28,2025-06-10,150.55,150.55,13.0,Late
PAY0008076,LOAN0000263,CUST0000966,2024-03-11,2024-04-16,460.72,460.72,36.0,Late
PAY0008077,LOAN0000387,CUST0000070,2025-02-15,2025-02-14,284.03,284.03,0.0,On-time
PAY0008078,LOAN0000272,CUST0000177,2025-01-30,2025-01-28,248.57,248.57,0.0,On-time
PAY0008079,LOAN0000353,CUST0000832,2023-06-30,2023-07-17,1665.78,1665.78,17.0,Late
PAY0008080,LOAN0000547,CUST0000422,2025-05-19,2025-05-19,244.53,244.53,0.0,On-time
PAY0008081,LOAN0000177,CUST0000681,2025-08-27,2025-08-26,93.84,93.84,0.0,On-time
PAY0008082,LOAN0000559,CUST0000824,2023-11-29,,176.29,0.0,,Missed
PAY0008083,LOAN0000416,CUST0000611,2025-06-08,,21.6,0.0,,Missed
PAY0008084,LOAN0000109,CUST0000993,2026-04-11,2026-04-10,413.87,413.87,0.0,On-time
PAY0008085,LOAN0000117,CUST0000975,2026-07-01,2026-06-30,466.71,466.71,0.0,On-time
PAY0008086,LOAN0000505,CUST0000062,2024-10-18,2024-10-18,50.36,50.36,0.0,On-time
PAY0008087,LOAN0000060,CUST0000626,2026-05-04,2026-05-03,25.65,25.65,0.0,On-time
PAY0008088,LOAN0000252,CUST0000521,2024-11-21,2024-12-16,1682.41,1682.41,25.0,Late
PAY0008089,LOAN0000150,CUST0000901,2024-05-17,2024-05-17,421.66,421.66,0.0,On-time
PAY0008090,LOAN0000178,CUST0000675,2025-04-15,,963.41,,,Missed
PAY0008091,LOAN0000417,CUST0000487,2023-10-16,2023-10-16,14.34,14.34,0.0,On-time
PAY0008092,LOAN0000099,CUST0000232,2024-01-13,2024-01-13,124.7,124.7,0.0,On-time
PAY0008093,LOAN0000087,CUST0000889,2024-12-04,2024-12-04,286.79,286.79,0.0,On-time
PAY0008094,LOAN0000058,CUST0000978,2022-09-18,,909.7,909.7,0.0,On-time
PAY0008095,LOAN0000198,CUST0000959,2025-12-09,,415.03,0.0,,Missed
PAY0008096,LOAN0000371,CUST0000522,2024-06-05,2024-06-05,1425.12,1425.12,0.0,On-time
PAY0008097,LOAN0000492,CUST0000089,2025-03-30,2025-04-03,348.69,348.69,4.0,Late
PAY0008098,LOAN0000512,CUST0000817,2025-06-15,2025-06-15,915.62,915.62,0.0,OK
PAY0008099,LOAN0000100,CUST0000084,2024-11-23,2024-11-21,1277.87,1277.87,0.0,On-time
PAY0008100,LOAN0000382,CUST0000508,2025-04-01,2025-03-30,416.59,416.59,0.0,On-time
PAY0008101,LOAN0000564,CUST0000695,2025-08-14,2025-08-14,471.54,471.54,0.0,On-time
PAY0008102,LOAN0000156,CUST0000047,2023-07-15,2023-07-19,19.97,19.97,4.0,Late
PAY0008103,LOAN0000102,CUST0000551,2022-01-19,2022-01-18,635.91,635.91,0.0,On-time
PAY0008104,LOAN0000412,CUST0000828,2024-03-05,2024-03-05,1316.93,1316.93,0.0,On-time
PAY0008105,LOAN0000255,CUST0000491,2026-02-06,2026-02-05,379.26,379.26,0.0,On-time
PAY0008106,LOAN0000538,CUST0000126,2026-05-09,2026-05-07,360.05,360.05,0.0,On-time
PAY0008107,LOAN0000382,CUST0000508,2026-07-02,2026-07-02,416.59,416.59,0.0,On-time
PAY0008108,LOAN0000170,CUST0000156,2025-08-16,2025-08-15,1293.11,1293.11,0.0,On-time
PAY0008109,LOAN0000534,CUST0000170,2026-04-07,2026-04-07,80.99,80.99,0.0,On-time
PAY0008110,LOAN0000119,CUST0000188,2024-08-15,2024-08-13,820.41,820.41,0.0,On-time
PAY0008111,LOAN0000146,CUST0000606,2025-05-25,,1506.71,0.0,,Missed
PAY0008112,LOAN0000177,CUST0000681,2025-05-28,,93.84,0.0,,Missed
PAY0008113,LOAN0000371,CUST0000522,2024-10-05,2024-10-03,1425.12,,0.0,On-time
PAY0008114,LOAN0000534,CUST0000170,2026-05-07,2026-06-20,80.99,80.99,44.0,Late
PAY0008115,LOAN0000125,CUST0000580,2026-01-07,2026-01-05,179.61,179.61,0.0,On-time
PAY0008116,LOAN0000521,CUST0000273,2025-08-02,,1356.42,0.0,,Missed
PAY0008117,LOAN0000090,CUST0000721,2024-12-20,2024-12-20,213.64,213.64,0.0,On-time
PAY0008118,LOAN0000192,CUST0000222,2023-01-12,2023-01-10,834.2,834.2,0.0,On-time
PAY0008119,LOAN0000128,CUST0000660,2026-05-24,2026-05-24,286.74,286.74,0.0,On-time
PAY0008120,LOAN0000370,CUST0000869,2023-05-28,2023-05-29,778.37,778.37,1.0,Late
PAY0008121,LOAN0000099,CUST0000232,2024-08-13,2024-08-13,124.7,124.7,0.0,On-time
PAY0008122,LOAN0000483,CUST0000418,2024-07-05,2024-07-05,191.54,191.54,0.0,On-time
PAY0008123,LOAN0000372,CUST0000689,2026-02-19,,1023.33,0.0,,Missed
PAY0008124,LOAN0000514,CUST0000224,2022-05-21,2022-05-20,1266.69,1266.69,0.0,On-time
PAY0008125,LOAN0000271,CUST0000310,2024-02-01,2024-02-26,1002.33,1002.33,25.0,Late
PAY0008126,LOAN0000230,CUST0000869,2025-05-24,2025-05-22,271.38,271.38,0.0,On-time
PAY0008127,LOAN0000369,CUST0000699,2024-09-18,2024-09-16,863.87,863.87,0.0,On-time
PAY0008128,LOAN0000553,CUST0000515,2025-06-27,2025-06-25,108.09,108.09,0.0,On-time
PAY0008129,LOAN0000028,CUST0000016,2025-09-21,2025-09-20,196.9,196.9,0.0,On-time
PAY0008130,LOAN0000035,CUST0000788,2023-01-03,2023-01-02,1926.73,1926.73,0.0,On-time
PAY0008131,LOAN0000039,CUST0000941,2026-01-24,,1194.92,0.0,,Missed
PAY0008132,LOAN0000398,CUST0000546,2026-07-29,2026-07-27,550.88,550.88,0.0,On-time
PAY0008133,LOAN0000105,CUST0000330,2026-06-24,,1277.68,0.0,,Missed
PAY0008134,LOAN0000536,CUST0000581,2022-09-16,2022-09-14,246.77,246.77,0.0,On-time
PAY0008135,LOAN0000358,CUST0000899,2025-08-07,2025-08-05,368.63,368.63,0.0,On-time
PAY0008136,LOAN0000272,CUST0000177,2022-12-31,2023-01-21,248.57,248.57,21.0,Late
PAY0008137,LOAN0000190,CUST0000337,2025-03-27,2025-03-26,293.17,293.17,0.0,On-time
PAY0008138,LOAN0000205,CUST0000080,2023-03-28,2023-03-28,709.8,709.8,0.0,On-time
PAY0008139,LOAN0000109,CUST0000993,2026-03-12,2026-03-12,413.87,413.87,0.0,On-time
PAY0008140,LOAN0000027,CUST0000457,2024-02-20,2024-03-19,240.0,240.0,28.0,Late
PAY0008141,LOAN0000238,CUST0000420,2025-11-01,2025-10-31,346.74,346.74,0.0,On-time
PAY0008142,LOAN0000370,CUST0000869,2023-12-28,2023-12-29,778.37,-778.37,1.0,Late
PAY0008143,LOAN0000252,CUST0000521,2025-02-20,,1682.41,0.0,,Missed
PAY0008144,LOAN0000147,CUST0000364,2023-10-27,2023-10-25,150.55,150.55,0.0,On-time
PAY0008145,LOAN0000123,CUST0000662,2025-06-22,2025-06-22,276.96,276.96,0.0,On-time
PAY0008146,LOAN0000217,CUST0000492,2026-03-05,2026-03-05,683.75,683.75,0.0,On-time
PAY0008147,LOAN0000305,CUST0000286,2025-10-23,2025-10-21,34.75,34.75,0.0,On-time
PAY0008148,LOAN0000540,CUST0000782,2025-01-12,2025-01-11,216.21,216.21,0.0,On-time
PAY0008149,LOAN0000034,CUST0000621,2024-02-11,2024-02-09,145.27,145.27,0.0,On-time
PAY0008150,LOAN0000493,CUST0000307,2023-11-20,2023-11-29,516.28,516.28,9.0,Late
PAY0008151,LOAN0000337,CUST0000035,2024-01-26,2024-01-24,210.97,210.97,0.0,On-time
PAY0008152,LOAN0000587,CUST0000313,2023-11-23,2023-11-23,268.66,268.66,0.0,On-time
PAY0008153,LOAN0000176,CUST0000098,2025-09-27,2025-09-25,654.28,,0.0,On-time
PAY0008154,LOAN0000266,CUST0000220,2025-06-11,2025-06-09,324.19,324.19,0.0,On-time
PAY0008155,LOAN0000319,CUST0000112,2025-05-04,,132.31,132.31,15.0,Late
PAY0008156,LOAN0000109,CUST0000993,2025-09-10,2025-09-08,413.87,413.87,0.0,On-time
PAY0008157,LOAN0000334,CUST0000824,2026-06-05,2026-06-04,98.19,98.19,0.0,On-time
PAY0008158,LOAN0000435,CUST0000593,2026-03-03,2026-03-01,856.63,,0.0,Partial
PAY0008159,LOAN0000233,CUST0000781,2025-03-24,2025-03-24,2150.27,2150.27,0.0,On-time
PAY0008160,LOAN0000058,CUST0000978,2025-06-19,2025-06-18,909.7,909.7,0.0,On-time
PAY0008161,LOAN0000407,CUST0000624,2025-03-23,2025-05-03,250.13,250.13,41.0,Late
PAY0008162,LOAN0000081,CUST0000682,2025-01-18,2025-01-17,377.89,-377.89,0.0,On-time
PAY0008163,LOAN0000034,CUST0000621,2023-08-12,2023-08-12,145.27,145.27,0.0,On Time
PAY0008164,LOAN0000319,CUST0000112,2026-04-04,,132.31,0.0,,Missed
PAY0008165,LOAN0000568,CUST0000389,2025-11-11,2025-11-11,206.47,98.56,0.0,Partial
PAY0008166,LOAN0000183,CUST0000713,2023-06-22,2023-06-20,588.68,588.68,0.0,On-time
PAY0008167,LOAN0000231,CUST0000896,2025-05-09,,508.99,0.0,,Missed
PAY0008168,LOAN0000453,CUST0000869,2022-12-13,2022-12-13,1543.9,1543.9,0.0,On-time
PAY0008169,LOAN0000343,CUST0000618,2026-05-04,,2825.66,0.0,,Missed
PAY0008170,LOAN0000149,CUST0000764,2025-12-09,2025-12-09,556.36,556.36,0.0,On-time
PAY0008171,LOAN0000587,CUST0000313,2024-05-24,2024-05-22,268.66,268.66,0.0,On-time
PAY0008172,LOAN0000501,CUST0000055,2025-04-05,2025-04-03,762.76,404.47,0.0,Partial
PAY0008173,LOAN0000039,CUST0000941,2023-10-25,2023-10-23,1194.92,1194.92,0.0,On-time
PAY0008174,LOAN0000149,CUST0000764,2023-06-10,,556.36,556.36,0.0,On-time
PAY0008175,LOAN0000407,CUST0000624,2024-09-21,2024-09-20,250.13,250.13,0.0,On-time
PAY0008176,LOAN0000184,CUST0000347,2023-12-11,2023-12-11,487.42,487.42,0.0,On-time
PAY0008177,LOAN0000364,CUST0000322,2024-11-02,2024-10-31,86.55,86.55,0.0,On-time
PAY0008178,LOAN0000212,CUST0000244,2023-09-17,2023-09-16,648.42,648.42,0.0,On-time
PAY0008179,LOAN0000129,CUST0000236,2025-05-09,2025-05-08,453.79,453.79,0.0,On-time
PAY0008180,LOAN0000463,CUST0000684,2025-01-30,2025-01-30,397.2,397.2,0.0,On-time
PAY0008181,LOAN0000142,CUST0000897,2025-05-21,2025-05-20,459.08,459.08,0.0,On-time
PAY0008182,LOAN0000146,CUST0000606,2024-02-24,,1506.71,0.0,,Missed
PAY0008183,LOAN0000470,CUST0000725,2022-07-03,2022-07-01,241.98,241.98,0.0,On-time
PAY0008184,LOAN0000003,CUST0000556,2026-06-14,2026-06-14,1906.25,1906.25,0.0,On-time
PAY0008185,LOAN0000556,CUST0000773,2023-02-19,2023-02-18,76.7,76.7,0.0,On-time
PAY0008186,LOAN0000283,CUST0000045,2024-04-14,2024-04-30,57.8,57.8,16.0,Late
PAY0008187,LOAN0000146,CUST0000606,2024-12-24,2024-12-24,1506.71,1506.71,0.0,On-time
PAY0008188,LOAN0000283,CUST0000045,2023-04-15,2023-04-14,57.8,57.8,0.0,On-time
PAY0008189,LOAN0000069,CUST0000061,2025-06-02,2025-05-31,147.06,76.21,0.0,Partial
PAY0008190,LOAN0000442,CUST0000745,2024-12-04,2024-12-03,250.74,250.74,0.0,On-time
PAY0008191,LOAN0000170,CUST0000156,2023-10-16,2023-10-14,1293.11,1293.11,0.0,On-time
PAY0008192,LOAN0000587,CUST0000313,2026-08-24,2026-08-23,268.66,268.66,0.0,On-time
PAY0008193,LOAN0000584,CUST0000129,2022-12-05,2022-12-05,135.36,135.36,0.0,On-time
PAY0008194,LOAN0000065,CUST0000934,2025-10-15,2025-10-13,395.77,395.77,0.0,On-time
PAY0008195,LOAN0000244,CUST0000562,2025-08-30,2025-08-28,683.64,683.64,0.0,On-time
PAY0008196,LOAN0000531,CUST0000891,2025-05-03,2025-05-01,344.43,344.43,0.0,On-time
PAY0008197,LOAN0000412,CUST0000828,2025-01-03,2025-01-01,1316.93,1316.93,0.0,On-time
PAY0008198,LOAN0000528,CUST0000832,2026-08-03,2026-08-02,436.3,436.3,0.0,On-time
PAY0008199,LOAN0000283,CUST0000045,2025-03-15,,57.8,0.0,,Missed
PAY0008200,LOAN0000168,CUST0000850,2026-07-01,,487.76,0.0,,Missed
PAY0008201,LOAN0000087,CUST0000889,2025-06-05,2025-06-03,286.79,286.79,0.0,On-time
PAY0008202,LOAN0000081,CUST0000682,2025-12-19,2025-12-19,377.89,377.89,0.0,On-time
PAY0008203,LOAN0000319,CUST0000112,2025-10-03,2025-10-02,132.31,132.31,0.0,On-time
PAY0008204,LOAN0000527,CUST0000770,2026-08-22,2026-08-21,449.74,449.74,0.0,On-time
PAY0008205,LOAN0000422,CUST0000388,2024-12-13,2024-12-11,394.51,394.51,0.0,On-time
PAY0008206,LOAN0000584,CUST0000129,2025-12-05,2025-12-04,135.36,135.36,0.0,On-time
PAY0008207,LOAN0000425,CUST0000755,2026-07-31,2026-07-29,351.83,351.83,0.0,On-time
PAY0008208,LOAN0000441,CUST0000705,2025-10-12,2025-10-12,2212.0,2212.0,0.0,On-time
PAY0008209,LOAN0000354,CUST0000677,2026-02-09,2026-02-07,103.03,103.03,0.0,On-time
PAY0008210,LOAN0000382,CUST0000508,2024-08-31,2024-08-30,416.59,416.59,0.0,On-time
PAY0008211,LOAN0000242,CUST0000420,2026-04-14,2026-04-14,711.72,711.72,0.0,On-time
PAY0008212,LOAN0000129,CUST0000236,2023-07-09,2023-07-09,453.79,,0.0,On-time
PAY0008213,LOAN0000074,CUST0000096,2025-10-07,2025-10-05,325.95,325.95,0.0,On-time
PAY0008214,LOAN0000159,CUST0000902,2023-08-23,2023-08-23,47.23,47.23,0.0,On-time
PAY0008215,LOAN0000174,CUST0000976,2026-06-11,2026-06-11,2107.17,2107.17,0.0,On-time
PAY0008216,LOAN0000551,CUST0000153,2026-04-23,2026-04-22,1259.61,1259.61,0.0,On-time
PAY0008217,LOAN0000483,CUST0000418,2024-11-04,2024-11-03,191.54,191.54,0.0,On-time
PAY0008218,LOAN0000099,CUST0000232,2024-05-14,2024-05-14,124.7,124.7,0.0,On-time
PAY0008219,LOAN0000494,CUST0000188,2023-01-25,,1276.54,0.0,,Missed
PAY0008220,LOAN0000294,CUST0000925,2022-12-09,2022-12-08,452.0,452.0,0.0,On-time
PAY0008221,LOAN0000418,CUST0000918,2025-11-10,2025-12-06,86.17,86.17,26.0,Late
PAY0008222,LOAN0000334,CUST0000824,2026-03-06,2026-03-04,98.19,98.19,0.0,On-time
PAY0008223,LOAN0000033,CUST0000373,2023-09-21,2023-09-21,2390.38,2390.38,0.0,On-time
PAY0008224,LOAN0000183,CUST0000713,2022-05-23,2022-05-21,588.68,588.68,0.0,On-time
PAY0008225,LOAN0000548,CUST0000347,2024-08-28,2024-09-23,480.43,480.43,26.0,Late
PAY0008226,LOAN0000080,CUST0000004,2025-10-18,2025-10-17,855.13,855.13,0.0,On-time
PAY0008227,LOAN0000399,CUST0000797,2024-06-22,2024-06-21,375.73,375.73,0.0,On-time
PAY0008228,LOAN0000532,CUST0000330,2024-05-01,,677.86,0.0,,Missed
PAY0008229,LOAN0000416,CUST0000611,2026-02-06,2026-02-25,21.6,21.6,19.0,Late
PAY0008230,LOAN0000305,CUST0000286,2025-08-23,2025-08-21,34.75,34.75,0.0,On-time
PAY0008231,LOAN0000457,CUST0000181,2025-05-27,2025-05-26,772.95,772.95,0.0,On-time
PAY0008232,LOAN0000248,CUST0000569,2024-06-07,2024-06-06,273.13,273.13,0.0,On-time
PAY0008233,LOAN0000028,CUST0000016,2024-03-22,2024-03-22,196.9,196.9,0.0,On-time
PAY0008234,LOAN0000174,CUST0000976,2026-08-11,2026-08-09,2107.17,750.94,0.0,Partial
PAY0008235,LOAN0000076,CUST0000869,2025-09-27,2025-09-27,241.76,241.76,0.0,On-time
PAY0008236,LOAN0000167,CUST0000260,2026-03-08,2026-03-06,974.84,974.84,0.0,On-time
PAY0008237,LOAN0000513,CUST0000621,2025-03-01,2025-03-01,667.76,667.76,0.0,On-time
PAY0008238,LOAN0000526,CUST0000184,2025-04-26,2025-04-26,341.99,341.99,0.0,On-time
PAY0008239,LOAN0000066,CUST0000604,2023-11-17,,277.59,0.0,,Missed
PAY0008240,LOAN0000205,CUST0000080,2026-06-27,2026-06-27,709.8,709.8,0.0,On-time
PAY0008241,LOAN0000583,CUST0000516,2022-07-28,,843.06,0.0,,Missed
PAY0008242,LOAN0000326,CUST0000348,2025-09-17,2025-09-17,1372.24,1372.24,0.0,On-time
PAY0008243,LOAN0000411,CUST0000531,2025-12-10,2025-12-08,1187.31,1187.31,0.0,On-time
PAY0008244,LOAN0000052,CUST0000697,2022-01-22,2022-01-21,1339.51,-1339.51,0.0,On-time
PAY0008245,LOAN0000048,CUST0000676,2026-07-18,2026-08-24,372.81,372.81,37.0,Late
PAY0008246,LOAN0000347,CUST0000702,2026-07-02,,1078.58,0.0,,Missed
PAY0008247,LOAN0000485,CUST0000678,2025-10-01,2025-11-02,174.48,174.48,32.0,Late
PAY0008248,LOAN0000012,CUST0000725,2023-02-20,2023-02-18,607.42,607.42,0.0,On-time
PAY0008249,LOAN0000149,CUST0000764,2025-07-10,2025-07-09,556.36,167.22,0.0,Partial
PAY0008250,LOAN0000303,CUST0000179,2026-01-20,2026-01-19,811.48,811.48,0.0,On-time
PAY0008251,LOAN0000334,CUST0000824,2025-05-06,2025-05-05,98.19,98.19,0.0,On-time
PAY0008252,LOAN0000360,CUST0000875,2025-09-30,2025-09-28,17.76,14.82,0.0,Partial
PAY0008253,LOAN0000091,CUST0000953,2026-06-16,2026-06-14,417.35,417.35,0.0,On-time
PAY0008254,LOAN0000148,CUST0000105,2022-06-09,2022-06-09,2311.29,2311.29,0.0,On-time
PAY0008255,LOAN0000450,CUST0000307,2025-01-31,2025-01-29,205.25,205.25,0.0,On-time
PAY0008256,LOAN0000170,CUST0000156,2026-06-16,2026-06-15,1293.11,1293.11,0.0,On-time
PAY0008257,LOAN0000149,CUST0000764,2024-04-09,,556.36,0.0,,Missed
PAY0008258,LOAN0000279,CUST0000696,2025-02-22,2025-02-21,28.99,28.99,0.0,On-time
PAY0008259,LOAN0000152,CUST0000805,2024-05-16,2024-05-14,546.78,546.78,0.0,On-time
PAY0008260,LOAN0000350,CUST0000987,2025-05-18,2025-05-16,1972.9,1972.9,0.0,On-time
PAY0008261,LOAN0000396,CUST0000533,2026-02-10,2026-02-09,668.92,668.92,0.0,On-time
PAY0008262,LOAN0000536,CUST0000581,2023-07-17,2023-07-15,246.77,246.77,0.0,On-time
PAY0008263,LOAN0000271,CUST0000310,2023-04-02,2023-04-22,1002.33,1002.33,20.0,Late
PAY0008264,LOAN0000295,CUST0000369,2024-03-04,2024-03-04,638.67,638.67,0.0,On-time
PAY0008265,LOAN0000257,CUST0000699,2025-08-25,2025-08-24,1022.97,1022.97,0.0,On-time
PAY0008266,LOAN0000176,CUST0000098,2026-07-29,2026-07-29,654.28,654.28,0.0,On-time
PAY0008267,LOAN0000445,CUST0000768,2025-08-21,2025-09-04,375.99,375.99,14.0,Late
PAY0008268,LOAN0000229,CUST0000179,2023-09-04,2023-09-17,41.64,41.64,13.0,Late
PAY0008269,LOAN0000232,CUST0000762,2025-10-23,2025-12-04,30.32,30.32,42.0,Late
PAY0008270,LOAN0000084,CUST0000835,2025-05-03,2025-05-02,1480.27,1480.27,0.0,On-time
PAY0008271,LOAN0000027,CUST0000457,2024-10-20,2024-10-20,240.0,240.0,0.0,On-time
PAY0008272,LOAN0000395,CUST0000169,2025-12-09,,167.52,0.0,,Missed
PAY0008273,LOAN0000403,CUST0000115,2025-12-19,2025-12-17,43.28,43.28,0.0,On-time
PAY0008274,LOAN0000030,CUST0000694,2025-11-06,2025-11-06,925.59,925.59,0.0,On-time
PAY0008275,LOAN0000354,CUST0000677,2026-03-12,2026-03-12,103.03,103.03,0.0,On-time
PAY0008276,LOAN0000327,CUST0000225,2024-01-26,2024-01-26,214.19,214.19,0.0,On-time
PAY0008277,LOAN0000145,CUST0000538,2023-05-22,2023-05-22,1202.85,1202.85,0.0,On-time
PAY0008278,LOAN0000358,CUST0000899,2024-10-06,2024-10-05,368.63,368.63,0.0,On-time
PAY0008279,LOAN0000068,CUST0000510,2022-10-14,2022-10-13,1394.11,1394.11,0.0,On-time
PAY0008280,LOAN0000139,CUST0000859,2025-05-11,2025-05-10,627.26,627.26,0.0,On-time
PAY0008281,LOAN0000140,CUST0000221,2024-02-24,2024-02-22,83.09,83.09,0.0,On-time
PAY0008282,LOAN0000240,CUST0000608,2026-01-19,2026-01-17,533.89,533.89,0.0,On-time
PAY0008283,LOAN0000577,CUST0000268,2024-06-27,2024-06-26,33.72,33.72,0.0,On-time
PAY0008284,LOAN0000587,CUST0000313,2024-07-24,2024-07-23,268.66,268.66,0.0,On-time
PAY0008285,LOAN0000305,CUST0000286,2024-02-22,2024-02-22,34.75,34.75,0.0,On-time
PAY0008286,LOAN0000207,CUST0000383,2023-07-17,2023-07-16,935.64,935.64,0.0,On-time
PAY0008287,LOAN0000099,CUST0000232,2023-09-14,2023-09-13,124.7,124.7,0.0,On-time
PAY0008288,LOAN0000119,CUST0000188,2023-03-16,,820.41,0.0,,Missed
PAY0008289,LOAN0000575,CUST0000725,2025-05-10,2025-05-09,264.71,264.71,0.0,On-time
PAY0008290,LOAN0000210,CUST0000782,2025-02-15,2025-02-14,324.08,185.19,0.0,Partial
PAY0008291,LOAN0000200,CUST0000200,2026-04-23,2026-04-29,263.49,263.49,6.0,Late
PAY0008292,LOAN0000539,CUST0000693,2025-02-01,2025-02-09,180.07,180.07,8.0,Late
PAY0008293,LOAN0000023,CUST0000556,2026-07-24,2026-08-05,888.73,888.73,12.0,Late
PAY0008294,LOAN0000046,CUST0000361,2025-03-18,2025-03-17,1162.93,1162.93,0.0,On-time
PAY0008295,LOAN0000172,CUST0000692,2025-12-29,,159.9,0.0,,Missed
PAY0008296,LOAN0000256,CUST0000931,2023-11-26,2023-11-24,94.47,94.47,0.0,On-time
PAY0008297,LOAN0000434,CUST0000010,2026-04-06,,237.04,0.0,,Missed
PAY0008298,LOAN0000078,CUST0000726,2024-05-22,2024-05-22,1123.26,1123.26,0.0,On-time
PAY0008299,LOAN0000178,CUST0000675,2025-01-13,2025-01-12,963.41,963.41,0.0,On-time
PAY0008300,LOAN0000209,CUST0000225,2026-08-07,2026-08-07,295.37,295.37,0.0,On-time
PAY0008301,LOAN0000039,CUST0000941,2024-01-24,,1194.92,0.0,,Missed
PAY0008302,LOAN0000284,CUST0000557,2025-12-02,2025-12-02,1030.27,,0.0,On-time
PAY0008303,LOAN9193479,CUST0000127,2025-09-15,2025-09-14,70.31,70.31,0.0,On-time
PAY0008304,LOAN0000041,CUST0000778,2025-07-12,2025-07-10,450.04,327.37,0.0,Partial
PAY0008305,LOAN0000397,CUST0000714,2025-09-18,2025-09-16,500.03,500.03,0.0,On-time
PAY0008306,LOAN0000331,CUST0000879,2024-10-04,2024-10-03,70.21,70.21,0.0,On-time
PAY0008307,LOAN0000480,CUST0000765,2026-05-07,,517.76,0.0,,Missed
PAY0008308,LOAN0000272,CUST0000177,2024-08-31,2024-10-07,248.57,248.57,37.0,Late
PAY0008309,LOAN0000502,CUST0000631,2026-07-26,2026-07-26,35.74,35.74,0.0,On-time
PAY0008310,LOAN0000370,CUST0000869,2025-06-27,2025-06-27,778.37,778.37,0.0,On-time
PAY0008311,LOAN0000248,CUST0000569,2024-01-06,2024-02-06,273.13,273.13,31.0,Late
PAY0008312,LOAN0000248,CUST0000569,2025-06-07,,273.13,232.07,0.0,Partial
PAY0008313,LOAN0000130,CUST0000431,2026-01-30,2026-01-28,570.84,570.84,0.0,On-time
PAY0008314,LOAN0000143,CUST0000791,2025-09-21,,159.55,0.0,,Missed
PAY0008315,LOAN0000098,CUST0000913,2024-10-27,2024-10-25,205.08,205.08,0.0,On-time
PAY0008316,LOAN0000551,CUST0000153,2026-05-23,2026-05-23,1259.61,1259.61,0.0,On-time
PAY0008317,LOAN0000483,CUST0000418,2026-07-06,2026-07-06,191.54,191.54,0.0,On-time
PAY0008318,LOAN0000259,CUST0000175,2025-04-23,2025-04-23,393.56,-393.56,0.0,On-time
PAY0008319,LOAN0000039,CUST0000941,2025-06-25,2025-08-07,1194.92,1194.92,43.0,Late
PAY0008320,LOAN0000225,CUST0000127,2026-05-16,2026-05-16,70.31,70.31,0.0,On-time
PAY0008321,LOAN0000546,CUST0000704,2025-11-15,2025-12-17,3568.57,3568.57,32.0,Late
PAY0008322,LOAN0000311,CUST0000689,2024-01-23,2024-01-23,184.19,184.19,0.0,On-time
PAY0008323,LOAN0000383,CUST0000736,2025-04-02,,83.06,83.06,0.0,On-time
PAY0008324,LOAN0000478,CUST0000586,2025-07-16,,382.05,0.0,,Missed
PAY0008325,LOAN0000114,CUST0000879,2025-06-22,2025-06-22,203.52,203.52,0.0,On-time
PAY0008326,LOAN0000286,CUST0000607,2024-09-21,2024-09-20,448.57,448.57,0.0,On-time
PAY0008327,LOAN0000206,CUST0000997,2026-07-25,2026-07-25,153.63,153.63,0.0,On-time
PAY0008328,LOAN0000100,CUST0000084,2025-09-23,2025-09-23,1277.87,1277.87,0.0,On-time
PAY0008329,LOAN0000216,CUST0000899,2026-01-19,2026-02-10,545.77,545.77,22.0,delayed
PAY0008330,LOAN0000034,CUST0000621,2025-05-13,2025-05-11,145.27,145.27,0.0,On-time
PAY0008331,LOAN0000139,CUST0000859,2024-04-10,2024-04-10,627.26,627.26,0.0,On-time
PAY0008332,LOAN0000366,CUST0000111,2023-11-10,2023-11-12,668.2,668.2,2.0,Late
PAY0008333,LOAN0000223,CUST0000379,2025-12-05,,176.49,176.49,0.0,On-time
PAY0008334,LOAN0000538,CUST0000126,2025-02-07,2025-02-07,360.05,360.05,0.0,On-time
PAY0008335,LOAN0000195,CUST0000180,2025-04-12,2025-04-11,504.44,504.44,0.0,On-time
PAY0008336,LOAN0000505,CUST0000062,2023-03-19,,50.36,0.0,,Missed
PAY0008337,LOAN0000122,CUST0000253,2025-12-03,,559.32,0.0,,Missed
PAY0008338,LOAN0000047,CUST0000212,2023-06-15,2023-06-14,199.31,199.31,0.0,On-time
PAY0008339,LOAN0000339,CUST0000384,2026-01-22,2026-01-22,83.06,83.06,0.0,On-time
PAY0008340,LOAN0000075,CUST0000330,2025-10-31,2025-10-29,300.89,300.89,0.0,On-time
PAY0008341,LOAN0000505,CUST0000062,2026-01-17,2026-01-16,50.36,50.36,0.0,On-time
PAY0008342,LOAN0000265,CUST0000461,2026-01-02,2026-01-02,1752.19,1752.19,0.0,On-time
PAY0008343,LOAN0000081,CUST0000682,2025-11-18,2025-11-18,377.89,377.89,0.0,On-time
PAY0008344,LOAN0000587,CUST0000313,2026-06-24,2026-06-22,268.66,268.66,0.0,On-time
PAY0008345,LOAN0000503,CUST0000314,2025-11-17,2025-11-15,623.39,623.39,0.0,On-time
PAY0008346,LOAN0000059,CUST0000961,2024-01-23,2024-01-22,1372.66,1372.66,0.0,On-time
PAY0008347,LOAN0000483,CUST0000418,2026-01-04,2026-01-02,191.54,191.54,0.0,OK
PAY0008348,LOAN0000034,CUST0000621,2025-07-12,,145.27,0.0,,Missed
PAY0008349,LOAN0000508,CUST0000151,2024-11-22,,359.97,0.0,,Missed
PAY0008350,LOAN0000119,CUST0000188,2022-08-15,,820.41,0.0,,Missed
PAY0008351,LOAN0000021,CUST0000826,2026-07-19,2026-07-19,38.77,38.77,0.0,On-time
PAY0008352,LOAN0000358,CUST0000899,2025-06-07,2025-06-07,368.63,368.63,0.0,On-time
PAY0008353,LOAN0000051,CUST0000838,2023-10-23,2023-10-23,1474.03,1474.03,0.0,On-time
PAY0008354,LOAN0000226,CUST0000893,2024-10-31,2024-10-30,101.32,101.32,0.0,On-time
PAY0008355,LOAN0000392,CUST0000563,2025-10-26,,643.1,0.0,,NSF
PAY0008356,LOAN0000224,CUST0000556,2025-06-24,2025-06-22,1054.15,1054.15,0.0,On-time
PAY0008357,LOAN0000253,CUST0000066,2025-01-22,2025-01-21,384.38,293.45,0.0,Partial
PAY0008358,LOAN0000038,CUST0000515,2025-10-15,2025-10-13,169.73,169.73,0.0,On-time
PAY0008359,LOAN0000012,CUST0000725,2025-12-21,2026-01-29,607.42,607.42,39.0,Late
PAY0008360,LOAN0000205,CUST0000080,2026-07-27,,709.8,0.0,,Failed
PAY0008361,LOAN0000418,CUST0000918,2025-12-11,2025-12-11,86.17,86.17,0.0,On-time
PAY0008362,LOAN0000567,CUST0000627,2024-01-28,2024-02-27,73.42,73.42,30.0,Late
PAY0008363,LOAN0000246,CUST0000874,2023-05-11,,966.85,0.0,,Missed
PAY0008364,LOAN0000332,CUST0000127,2023-05-06,2023-05-06,119.33,119.33,0.0,On-time
PAY0008365,LOAN0000168,CUST0000850,2026-06-01,2026-05-30,487.76,487.76,0.0,On-time
PAY0008366,LOAN0000091,CUST0000953,2026-07-17,2026-07-15,417.35,417.35,0.0,On-time
PAY0008367,LOAN0000154,CUST0000605,2025-12-07,2025-12-05,218.73,218.73,0.0,On-time
PAY0008368,LOAN0000119,CUST0000188,2023-12-15,2023-12-19,820.41,820.41,4.0,Late
PAY0008369,LOAN0000546,CUST0000704,2025-01-14,2025-01-14,3568.57,3568.57,0.0,On-time
PAY0008370,LOAN0000026,CUST0000233,2024-02-16,2024-02-14,1026.87,1026.87,0.0,On-time
PAY0008371,LOAN0000275,CUST0000306,2026-06-15,2026-06-15,384.84,384.84,0.0,On-time
PAY0008372,LOAN0000450,CUST0000307,2024-03-02,2024-03-02,205.25,205.25,0.0,On-time
PAY0008373,LOAN0000360,CUST0000875,2024-07-31,2024-07-30,17.76,17.76,0.0,On-time
PAY0008374,LOAN0000139,CUST0000859,2026-03-11,2026-03-09,627.26,627.26,0.0,On-time
PAY0008375,LOAN0000358,CUST0000899,2025-01-06,2025-01-06,368.63,368.63,0.0,On-time
PAY0008376,LOAN0000299,CUST0000136,2023-03-07,2023-03-06,486.64,486.64,0.0,On-time
PAY0008377,LOAN0000569,CUST0000182,2025-06-27,2025-06-26,206.03,206.03,0.0,On-time
PAY0008378,LOAN0000586,CUST0000121,2023-05-05,2023-05-05,843.94,843.94,0.0,On-time
PAY0008379,LOAN0000124,CUST0000801,2022-07-26,2022-09-07,715.13,715.13,43.0,Late
PAY0008380,LOAN0000403,CUST0000115,2024-08-19,2024-08-19,43.28,43.28,0.0,On-time
PAY0008381,LOAN0000567,CUST0000627,2023-06-29,2023-06-29,73.42,73.42,0.0,On-time
PAY0008382,LOAN0000221,CUST0000720,2025-06-26,,836.91,836.91,0.0,On-time
PAY0008383,LOAN0000323,CUST0000103,2024-10-30,2024-11-27,50.87,50.87,28.0,Late
PAY0008384,LOAN0000244,CUST0000562,2025-12-30,2026-01-27,683.64,683.64,28.0,Late
PAY0008385,LOAN0000426,CUST0000297,2024-04-15,2024-04-15,370.17,370.17,0.0,On-time
PAY0008386,LOAN0000142,CUST0000897,2025-08-20,2025-08-19,459.08,459.08,0.0,On-time
PAY0008387,LOAN0000354,CUST0000677,2024-09-10,2024-09-09,103.03,103.03,0.0,On-time
PAY0008388,LOAN0000389,CUST0000725,2026-05-08,2026-05-24,389.39,389.39,16.0,Late
PAY0008389,LOAN0000178,CUST0000675,2024-12-14,2024-12-13,963.41,963.41,0.0,On-time
PAY0008390,LOAN0000265,CUST0000461,2024-12-03,2024-12-03,1752.19,1752.19,0.0,On-time
PAY0008391,LOAN0000510,CUST0000702,2026-04-22,2026-04-22,892.11,892.11,0.0,On-time
PAY0008392,LOAN0000224,CUST0000556,2026-01-23,,1054.15,0.0,,Missed
PAY0008393,LOAN0000399,CUST0000797,2026-08-22,2026-08-22,375.73,375.73,0.0,On-time
PAY0008394,LOAN0000034,CUST0000621,2025-01-11,2025-01-26,145.27,145.27,15.0,Late
PAY0008395,LOAN0000578,CUST0000916,2025-12-01,2025-11-29,335.27,335.27,0.0,On-time
PAY0008396,LOAN0000301,CUST0000438,2026-08-04,2026-08-04,160.1,160.1,0.0,On-time
PAY0008397,LOAN0000285,CUST0000506,2025-10-14,2025-10-12,133.87,133.87,0.0,On-time
PAY0008398,LOAN0000332,CUST0000127,2023-09-05,2023-09-04,119.33,119.33,0.0,On-time
PAY0008399,LOAN0000544,CUST0000897,2025-04-06,2025-04-04,1086.9,1086.9,0.0,On-time
PAY0008400,LOAN0000220,CUST0000997,2025-08-02,2025-08-02,519.56,519.56,0.0,On-time
PAY0008401,LOAN0000505,CUST0000062,2024-11-17,2024-11-17,50.36,50.36,0.0,On-time
PAY0008402,LOAN0000129,CUST0000236,2024-09-08,2024-09-08,453.79,453.79,0.0,On-time
PAY0008403,LOAN0000085,CUST0000020,2023-04-09,2023-04-07,1832.83,1832.83,0.0,On-time
PAY0008404,LOAN0000071,CUST0000250,2025-01-21,2025-01-21,190.79,190.79,0.0,On-time
PAY0008405,LOAN0000369,CUST0000699,2023-02-18,2023-02-16,863.87,863.87,0.0,On-time
PAY0008406,LOAN0000578,CUST0000916,2022-03-02,2022-03-19,335.27,335.27,17.0,Late
PAY0008407,LOAN0000548,CUST0000347,2024-03-29,2024-04-01,480.43,480.43,3.0,Late
PAY0008408,LOAN0000063,CUST0000024,2025-04-19,2025-04-19,101.19,101.19,0.0,On-time
PAY0008409,LOAN0000488,CUST0000052,2026-07-11,,135.79,0.0,,Missed
PAY0008410,LOAN0000212,CUST0000244,2022-10-17,2022-10-16,648.42,648.42,0.0,On-time
PAY0008411,LOAN0000540,CUST0000782,2023-05-15,2023-05-13,216.21,216.21,0.0,On-time
PAY0008412,LOAN0000074,CUST0000096,2025-07-08,2025-07-08,325.95,325.95,0.0,On-time
PAY0008413,LOAN0000201,CUST0000283,2023-07-30,2023-07-30,640.87,,0.0,On-time
PAY0008414,LOAN0000337,CUST0000035,2025-07-27,2025-07-25,210.97,210.97,0.0,On-time
PAY0008415,LOAN0000051,CUST0000838,2023-04-23,2023-04-22,1474.03,1474.03,0.0,On-time
PAY0008416,LOAN0000319,CUST0000112,2025-01-02,2025-01-02,132.31,132.31,0.0,On-time
PAY0008417,LOAN0000592,CUST0000786,2024-06-03,2024-06-01,979.05,979.05,0.0,On-time
PAY0008418,LOAN0000022,CUST0000637,2022-11-26,2022-11-25,78.37,78.37,0.0,On-time
PAY0008419,LOAN0000213,CUST0000023,2022-05-27,,1149.89,0.0,,Missed
PAY0008420,LOAN0000222,CUST0000435,2026-02-26,,384.39,0.0,,Missed
PAY0008421,LOAN0000517,CUST0000661,2026-07-28,2026-07-26,74.07,74.07,0.0,On-time
PAY0008422,LOAN0000084,CUST0000835,2025-11-01,2025-10-30,1480.27,1480.27,0.0,On-time
PAY0008423,LOAN0000459,CUST0000783,2026-06-07,2026-06-05,183.08,183.08,0.0,On-time
PAY0008424,LOAN0000508,CUST0000151,2026-08-24,2026-08-24,359.97,359.97,0.0,On-time
PAY0008425,LOAN0000318,CUST0000451,2024-04-13,2024-05-03,1389.25,1389.25,20.0,Late
PAY0008426,LOAN0000029,CUST0000434,2026-01-15,2026-01-14,698.52,698.52,0.0,On-time
PAY0008427,LOAN0000328,CUST0000176,2024-11-15,2024-11-13,34.51,34.51,0.0,On-time
PAY0008428,LOAN0000573,CUST0000880,2026-02-19,2026-02-17,884.49,884.49,0.0,On-time
PAY0008429,LOAN0000071,CUST0000250,2024-04-22,2024-04-22,190.79,190.79,0.0,On-time
PAY0008430,LOAN0000240,CUST0000608,2025-01-19,2025-01-18,533.89,533.89,0.0,On-time
PAY0008431,LOAN0000445,CUST0000768,2026-02-20,2026-02-23,375.99,375.99,3.0,Late
PAY0008432,LOAN0000293,CUST0000376,2026-03-13,2026-03-13,150.12,150.12,0.0,On-time
PAY0008433,LOAN0000012,CUST0000725,2024-03-22,2024-03-22,607.42,607.42,0.0,On-time
PAY0008434,LOAN0000506,CUST0000630,2026-01-12,2026-01-11,206.27,206.27,0.0,On-time
PAY0008435,LOAN0000084,CUST0000835,2026-01-01,2025-12-30,1480.27,1480.27,0.0,On-time
PAY0008436,LOAN0000263,CUST0000966,2026-01-10,2026-01-10,460.72,460.72,0.0,On-time
PAY0008437,LOAN0000140,CUST0000221,2024-09-24,2024-09-22,83.09,83.09,0.0,On-time
PAY0008438,LOAN0000589,CUST0000517,2026-06-02,2026-06-02,611.86,611.86,0.0,On-time
PAY0008439,LOAN0000248,CUST0000569,2024-04-07,,273.13,0.0,,Missed
PAY0008440,LOAN0000149,CUST0000764,2023-07-10,2023-07-08,556.36,556.36,0.0,On-time
PAY0008441,LOAN0000562,CUST0000102,2023-05-07,2023-05-07,1887.75,1887.75,0.0,On-time
PAY0008442,LOAN0000105,CUST0000330,2026-05-25,2026-05-25,1277.68,1277.68,0.0,On-time
PAY0008443,LOAN0000163,CUST0000003,2023-04-16,2023-04-16,488.31,488.31,0.0,On-time
PAY0008444,LOAN0000463,CUST0000684,2023-10-31,2023-10-29,397.2,397.2,0.0,On-time
PAY0008445,LOAN0000051,CUST0000838,2025-08-23,2025-08-22,1474.03,1474.03,0.0,On-time
PAY0008446,LOAN0000528,CUST0000832,2026-04-03,2026-04-01,436.3,436.3,0.0,On-time
PAY0008447,LOAN0000169,CUST0000889,2022-06-20,2022-07-17,1012.97,1012.97,27.0,Late
PAY0008448,LOAN0000490,CUST0000017,2025-06-27,2025-06-27,265.48,221.81,0.0,Partial
PAY0008449,LOAN0000184,CUST0000347,2026-05-12,2026-05-10,487.42,487.42,0.0,On-time
PAY0008450,LOAN0000319,CUST0000112,2025-08-03,2025-08-03,132.31,60.49,0.0,Partial
PAY0008451,LOAN0000399,CUST0000797,2024-01-22,2024-01-20,375.73,375.73,0.0,On-time
PAY0008452,LOAN0000055,CUST0000726,2025-05-28,2025-05-26,399.72,399.72,0.0,On-time
PAY0008453,LOAN0000345,CUST0000724,2025-02-25,2025-02-25,906.51,906.51,0.0,On-time
PAY0008454,LOAN0000213,CUST0000023,2023-11-26,2023-11-26,1149.89,1149.89,0.0,On-time
PAY0008455,LOAN0000538,CUST0000126,2025-05-09,2025-05-09,360.05,360.05,0.0,On-time
PAY0008456,LOAN0000310,CUST0000432,2025-07-24,2025-07-23,362.83,362.83,0.0,On-time
PAY0008457,LOAN0000195,CUST0000180,2023-05-13,2023-05-11,504.44,504.44,0.0,On-time
PAY0008458,LOAN0000449,CUST0000617,2023-11-17,2023-11-16,464.05,464.05,0.0,On-time
PAY0008459,LOAN0000155,CUST0000067,2025-08-30,2025-08-29,285.87,,0.0,On-time
PAY0008460,LOAN0000454,CUST0000926,2025-12-01,2025-11-29,1716.2,1716.2,0.0,On-time
PAY0008461,LOAN0000469,CUST0000772,2022-11-25,2022-11-24,35.48,30.14,0.0,Partial
PAY0008462,LOAN0000578,CUST0000916,2023-08-01,2023-07-31,335.27,335.27,0.0,On-time
PAY0008463,LOAN0000291,CUST0000987,2025-04-30,2025-04-30,424.49,424.49,0.0,On-time
PAY0008464,LOAN0000252,CUST0000521,2025-05-23,2025-05-21,1682.41,1682.41,0.0,On-time
PAY0008465,LOAN0000211,CUST0000060,2025-01-25,2025-02-04,609.68,609.68,10.0,Late
PAY0008466,LOAN0000102,CUST0000551,2025-02-19,2021-10-14,635.91,635.91,0.0,On-time
PAY0008467,LOAN0000034,CUST0000621,2023-06-12,2023-06-12,145.27,145.27,0.0,On-time
PAY0008468,LOAN0000164,CUST0000966,2023-08-29,2023-08-29,3556.03,3556.03,0.0,On-time
PAY0008469,LOAN0000021,CUST0000826,2024-11-17,2024-12-15,38.77,38.77,28.0,Late
PAY0008470,LOAN0000539,CUST0000693,2023-10-03,2023-10-03,180.07,180.07,0.0,On-time
PAY0008471,LOAN0000136,CUST0000678,2023-03-14,2023-03-14,62.52,62.52,0.0,On-time
PAY0008472,LOAN0000399,CUST0000797,2025-10-22,,375.73,0.0,,Missed
PAY0008473,LOAN0000226,CUST0000893,2025-01-31,2025-02-17,101.32,101.32,17.0,Late
PAY0008474,LOAN0000016,CUST0000359,2024-05-14,2024-05-12,424.63,424.63,0.0,On-time
PAY0008475,LOAN0000497,CUST0000929,2022-12-10,2022-12-09,891.0,891.0,0.0,On-time
PAY0008476,LOAN0000176,CUST0000098,2024-04-28,2024-04-28,654.28,434.58,0.0,Partial
PAY0008477,LOAN0000202,CUST0000060,2023-05-23,2023-05-21,65.87,65.87,0.0,On-time
PAY0008478,LOAN0000319,CUST0000112,2023-06-04,2023-06-04,132.31,132.31,0.0,On-time
PAY0008479,LOAN0000337,CUST0000035,2026-05-28,2026-05-28,210.97,210.97,0.0,On-time
PAY0008480,LOAN0000136,CUST0000678,2022-06-13,2022-06-12,62.52,62.52,0.0,On-time
PAY0008481,LOAN0000193,CUST0000003,2023-10-27,2023-10-25,466.75,466.75,0.0,On-time
PAY0008482,LOAN0000088,CUST0000710,2024-07-19,2024-07-18,1812.64,1812.64,0.0,On-time
PAY0008483,LOAN0000415,CUST0000528,2026-04-23,2026-05-06,661.37,661.37,13.0,Late
PAY0008484,LOAN0000169,CUST0000889,2023-10-20,2023-10-19,1012.97,588.36,0.0,Partial
PAY0008485,LOAN0000122,CUST0000253,2022-10-04,2022-10-11,559.32,559.32,7.0,Late
PAY0008486,LOAN0000152,CUST0000805,2025-09-15,2025-09-13,546.78,546.78,0.0,On-time
PAY0008487,LOAN0000117,CUST0000975,2025-08-31,2025-08-31,466.71,466.71,0.0,On-time
PAY0008488,LOAN0000002,CUST0000552,2024-01-31,2024-01-31,38.11,38.11,0.0,On-time
PAY0008489,LOAN0000541,CUST0000470,2024-07-30,2024-07-29,1284.91,-1284.91,0.0,On-time
PAY0008490,LOAN0000196,CUST0000862,2025-05-17,,272.29,0.0,,Missed
PAY0008491,LOAN0000555,CUST0000407,2024-02-29,2024-02-27,109.67,109.67,0.0,On-time
PAY0008492,LOAN0000028,CUST0000016,2024-02-21,,196.9,0.0,,Missed
PAY0008493,LOAN0000315,CUST0000259,2023-05-31,2023-05-30,962.31,962.31,0.0,On-time
PAY0008494,LOAN0000337,CUST0000035,2025-03-27,2025-03-26,210.97,210.97,0.0,On-time
PAY0008495,LOAN0000423,CUST0000564,2025-11-21,2025-11-20,43.59,43.59,0.0,On-time
PAY0008496,LOAN0000296,CUST0000997,2025-03-08,2025-03-07,305.84,305.84,0.0,On-time
PAY0008497,LOAN0000566,CUST0000236,2023-06-01,2023-05-30,205.31,205.31,0.0,On-time
PAY0008498,LOAN0000237,CUST0000988,2024-10-23,2024-10-23,1335.42,1335.42,0.0,On-time
PAY0008499,LOAN0000367,CUST0000236,2026-03-20,,898.01,0.0,,Missed
PAY0008500,LOAN0000325,CUST0000206,2026-03-21,2026-03-19,2758.6,2758.6,0.0,On-time
PAY0008501,LOAN0000034,CUST0000621,2025-10-12,2025-10-12,145.27,145.27,0.0,On-time
PAY0008502,LOAN0000587,CUST0000313,2025-02-22,2025-02-21,268.66,268.66,0.0,On-time
PAY0008503,LOAN0000527,CUST0000770,2025-11-21,2025-11-21,449.74,449.74,0.0,On-time
PAY0008504,LOAN0000088,CUST0000710,2025-02-17,2025-02-15,1812.64,1812.64,0.0,On-time
PAY0008505,LOAN0000102,CUST0000551,2026-06-21,,635.91,0.0,,Missed
PAY0008506,LOAN0000527,CUST0000770,2026-01-21,2026-01-21,449.74,449.74,0.0,On-time
PAY0008507,LOAN0000275,CUST0000306,2025-10-15,,384.84,0.0,,Missed
PAY0008508,LOAN0000183,CUST0000713,2023-08-22,,588.68,0.0,,Missed
PAY0008509,LOAN0000440,CUST0000395,2023-05-23,2023-05-23,555.31,555.31,0.0,On-time
PAY0008510,LOAN0000375,CUST0000107,2023-02-01,2023-02-01,1121.15,1121.15,0.0,On-time
PAY0008511,LOAN0000221,CUST0000720,2026-07-26,2026-08-12,836.91,836.91,17.0,Late
PAY0008512,LOAN0000034,CUST0000621,2023-11-12,2023-11-11,145.27,145.27,0.0,On-time
PAY0008513,LOAN0000323,CUST0000103,2026-05-31,,50.87,0.0,,Missed
PAY0008514,LOAN0000283,CUST0000045,2024-01-13,2024-01-12,57.8,57.8,0.0,On-time
PAY0008515,LOAN0000410,CUST0000712,2024-10-16,2024-10-16,696.51,696.51,0.0,On-time
PAY0008516,LOAN0000451,CUST0000882,2023-08-20,2023-08-19,324.24,324.24,0.0,On-time
PAY0008517,LOAN0000191,CUST0000044,2023-12-31,2023-12-31,1957.75,1957.75,0.0,On-time
PAY0008518,LOAN0000390,CUST0000310,2024-02-22,2024-02-20,377.65,377.65,0.0,On-time
PAY0008519,LOAN0000252,CUST0000521,2026-01-21,2026-01-20,1682.41,1682.41,0.0,On-time
PAY0008520,LOAN0000326,CUST0000348,2025-05-18,2025-05-16,1372.24,1372.24,0.0,On-time
PAY0008521,LOAN0000345,CUST0000724,2024-02-25,2024-02-24,906.51,906.51,0.0,On-time
PAY0008522,LOAN0000119,CUST0000188,2024-02-14,,820.41,0.0,,Missed
PAY0008523,LOAN0000501,CUST0000055,2026-08-05,2026-08-05,762.76,643.39,0.0,Partial
PAY0008524,LOAN0000268,CUST0000062,2025-07-07,,60.75,0.0,,Missed
PAY0008525,LOAN0000370,CUST0000869,2025-12-27,2025-12-27,778.37,778.37,0.0,On-time
PAY0008526,LOAN0000203,CUST0000928,2026-05-12,2026-05-11,478.83,478.83,0.0,On-time
PAY0008527,LOAN0000118,CUST0000545,2024-03-07,2024-03-05,208.58,208.58,0.0,On-time
PAY0008528,LOAN0000526,CUST0000184,2026-04-27,2026-04-26,341.99,341.99,0.0,On-time
PAY0008529,LOAN0000241,CUST0000791,2025-12-23,2025-12-22,386.8,386.8,0.0,On-time
PAY0008530,LOAN0000424,CUST0000831,2025-04-06,2025-04-06,306.66,101.57,0.0,Partial
PAY0008531,LOAN0000179,CUST0000796,2024-08-25,2024-08-23,76.24,30.94,0.0,Partial
PAY0008532,LOAN0000406,CUST0000519,2024-02-07,2024-02-06,179.61,179.61,0.0,On-time
PAY0008533,LOAN0000046,CUST0000361,2024-09-16,2024-09-16,1162.93,1162.93,0.0,On-time
PAY0008534,LOAN0000390,CUST0000310,2025-02-21,2025-02-20,377.65,377.65,0.0,On-time
PAY0008535,LOAN0000531,CUST0000891,2024-07-03,2024-07-03,344.43,194.46,0.0,Partial
PAY0008536,LOAN0000229,CUST0000179,2024-04-04,2024-04-02,41.64,41.64,0.0,On-time
PAY0008537,LOAN0000316,CUST0000547,2026-05-26,2026-05-25,258.01,258.01,0.0,On-time
PAY0008538,LOAN0000541,CUST0000470,2024-05-30,2024-05-29,1284.91,1284.91,0.0,On-time
PAY0008539,LOAN0000029,CUST0000434,2026-04-16,2026-04-20,698.52,698.52,4.0,Late
PAY0008540,LOAN0000303,CUST0000179,2026-07-22,2026-07-21,811.48,811.48,0.0,on time
PAY0008541,LOAN0000033,CUST0000373,2024-10-21,2024-10-20,2390.38,883.57,0.0,Partial
PAY0008542,LOAN0000135,CUST0000757,2026-08-14,2026-08-25,192.49,192.49,11.0,Late
PAY0008543,LOAN0000314,CUST0000362,2026-04-22,,1865.88,0.0,,Missed
PAY0008544,LOAN0000518,CUST0000585,2026-06-19,2026-07-10,1847.26,1847.26,21.0,Late
PAY0008545,LOAN0000237,CUST0000988,2024-11-22,2024-11-21,1335.42,1335.42,0.0,On-time
PAY0008546,LOAN0000394,CUST0000050,2025-06-21,2025-06-20,566.23,566.23,0.0,On-time
PAY0008547,LOAN0000364,CUST0000322,2024-03-04,2024-03-03,86.55,,0.0,On-time
PAY0008548,LOAN0000343,CUST0000618,2023-11-03,2023-12-01,2825.66,2825.66,28.0,Late
PAY0008549,LOAN0000057,CUST0000816,2023-06-25,2023-06-25,441.62,441.62,0.0,On-time
PAY0008550,LOAN0000091,CUST0000953,2025-07-16,2024-02-07,417.35,417.35,0.0,On-time
PAY0008551,LOAN0000370,CUST0000869,2024-10-27,2024-10-26,778.37,778.37,0.0,On-time
PAY0008552,LOAN0000080,CUST0000004,2024-07-18,2024-07-18,855.13,603.54,0.0,Partial
PAY0008553,LOAN0000045,CUST0000566,2025-02-12,2025-02-10,909.16,909.16,0.0,On-time
PAY0008554,LOAN0000327,CUST0000225,2025-02-25,2025-03-18,214.19,214.19,21.0,Late
PAY0008555,LOAN0000548,CUST0000347,2023-10-29,,480.43,180.03,0.0,Partial
PAY0008556,LOAN0000437,CUST0000668,2025-10-17,2025-10-15,572.37,572.37,0.0,On-time
PAY0008557,LOAN0000217,CUST0000492,2025-10-04,,683.75,0.0,,Missed
PAY0008558,LOAN0000468,CUST0000469,2026-02-09,2026-02-07,418.52,418.52,0.0,On-time
PAY0008559,LOAN0000572,CUST0000379,2024-09-30,2024-09-28,199.55,79.52,0.0,Partial
PAY0008560,LOAN0000034,CUST0000621,2024-03-12,2024-03-10,145.27,145.27,0.0,On-time
PAY0008561,LOAN0000165,CUST0000907,2023-10-29,2023-10-28,48.21,48.21,0.0,On-time
PAY0008562,LOAN0000280,CUST0000816,2026-02-10,,1002.69,0.0,,Missed
PAY0008563,LOAN0000345,CUST0000724,2024-07-26,2024-07-26,906.51,906.51,0.0,On-time
PAY0008564,LOAN0000553,CUST0000515,2025-04-27,2025-04-26,108.09,108.09,0.0,On-time
PAY0008565,LOAN0000457,CUST0000181,2025-09-26,,772.95,0.0,,Missed
PAY0008566,LOAN0000393,CUST0000289,2026-08-20,2026-08-25,69.98,69.98,5.0,Late
PAY0008567,LOAN0000150,CUST0000901,2024-02-16,2024-02-16,421.66,421.66,0.0,On-time
PAY0008568,LOAN0000152,CUST0000805,2024-03-17,2024-04-18,546.78,546.78,32.0,Late
PAY0008569,LOAN0000173,CUST0000500,2023-10-28,2023-11-16,41.76,,19.0,Late
PAY0008570,LOAN0000320,CUST0000394,2025-09-21,2025-09-21,637.39,637.39,0.0,On-time
PAY0008571,LOAN0000231,CUST0000896,2025-10-08,,508.99,0.0,,Missed
PAY0008572,LOAN0000028,CUST0000016,2023-05-23,2023-05-21,196.9,196.9,0.0,On-time
PAY0008573,LOAN0000527,CUST0000770,2024-09-21,2024-09-19,449.74,449.74,0.0,On-time
PAY0008574,LOAN0000030,CUST0000694,2026-03-08,2026-03-07,925.59,925.59,0.0,On-time
PAY0008575,LOAN0000099,CUST0000232,2025-01-13,2025-01-13,124.7,124.7,0.0,On-time
PAY0008576,LOAN0000588,CUST0000382,2025-03-30,,148.33,0.0,,Missed
PAY0008577,LOAN0000122,CUST0000253,2025-05-04,,559.32,0.0,,Missed
PAY0008578,LOAN0000440,CUST0000395,2022-11-22,2022-11-22,555.31,555.31,0.0,On-time
PAY0008579,LOAN0000041,CUST0000778,2024-12-11,2025-01-08,450.04,450.04,28.0,Late
PAY0008580,LOAN0000047,CUST0000212,2026-03-16,2026-04-29,199.31,199.31,44.0,LATE
PAY0008581,LOAN0000555,CUST0000407,2026-06-30,2026-06-28,109.67,109.67,0.0,On-time
PAY0008582,LOAN0000371,CUST0000522,2025-01-04,2025-01-07,1425.12,1425.12,3.0,Late
PAY0008583,LOAN0000472,CUST0000609,2025-09-10,2025-09-08,666.25,666.25,0.0,On-time
PAY0008584,LOAN0000291,CUST0000987,2026-01-29,2026-01-29,424.49,424.49,0.0,On-time
PAY0008585,LOAN0000085,CUST0000020,2025-01-08,2025-01-08,1832.83,1832.83,0.0,On-time
PAY0008586,LOAN0000120,CUST0000484,2025-06-13,2025-06-13,316.36,316.36,0.0,On-time
PAY0008587,LOAN0000318,CUST0000451,2025-06-13,2025-06-13,1389.25,1389.25,0.0,On-time
PAY0008588,LOAN0000192,CUST0000222,2023-03-14,2023-03-12,834.2,834.2,0.0,On-time
PAY0008589,LOAN0000243,CUST0000094,2023-12-09,,227.16,0.0,,Missed
PAY0008590,LOAN0000002,CUST0000552,2025-04-01,2025-04-01,38.11,38.11,0.0,On-time
PAY0008591,LOAN0000169,CUST0000889,2022-07-21,2022-07-21,1012.97,1012.97,0.0,On-time
PAY0008592,LOAN0000103,CUST0000671,2024-12-29,2024-12-28,280.45,280.45,0.0,On-time
PAY0008593,LOAN0000133,CUST0000758,2025-05-19,,367.28,367.28,0.0,On-time
PAY0008594,LOAN0000469,CUST0000772,2022-02-24,2022-02-23,35.48,35.48,0.0,On-time
PAY0008595,LOAN0000193,CUST0000003,2026-02-25,2026-02-24,466.75,466.75,0.0,On-time
PAY0008596,LOAN0000078,CUST0000726,2024-09-21,2024-11-04,1123.26,1123.26,44.0,Late
PAY0008597,LOAN0000442,CUST0000745,2024-01-04,2024-01-02,250.74,250.74,0.0,On-time
PAY0008598,LOAN0000505,CUST0000062,2026-08-18,,50.36,0.0,,Missed
PAY0008599,LOAN0000008,CUST0000974,2024-09-08,2024-09-06,77.65,77.65,0.0,On-time
PAY0008600,LOAN0000226,CUST0000893,2024-08-01,,101.32,0.0,,Missed
PAY0008601,LOAN0000492,CUST0000089,2026-02-28,2026-02-26,348.69,348.69,0.0,On-time
PAY0008602,LOAN0000421,CUST0000034,2026-03-15,2026-03-13,2573.12,2573.12,0.0,On-time
PAY0008603,LOAN0000094,CUST0000345,2025-08-31,2025-08-29,610.74,610.74,0.0,On-time
PAY0008604,LOAN0000074,CUST0000096,2024-04-07,2024-04-07,325.95,132.66,0.0,Partial
PAY0008605,LOAN0000386,CUST0000481,2024-11-12,2024-11-10,155.17,155.17,0.0,On-time
PAY0008606,LOAN0000429,CUST0000782,2024-08-25,2024-08-24,1011.92,1011.92,0.0,On-time
PAY0008607,LOAN0000567,CUST0000627,2025-05-29,2025-07-10,73.42,73.42,42.0,Late
PAY0008608,LOAN0000485,CUST0000678,2025-10-31,2025-10-31,174.48,174.48,0.0,On-time
PAY0008609,LOAN0000075,CUST0000330,2025-01-30,2025-01-28,300.89,300.89,0.0,On-time
PAY0008610,LOAN0000139,CUST0000859,2024-07-11,2024-07-10,627.26,627.26,0.0,On-time
PAY0008611,LOAN0000239,CUST0000856,2026-06-10,2026-06-08,160.45,160.45,0.0,On-time
PAY0008612,LOAN0000375,CUST0000107,2022-07-02,2022-06-30,1121.15,1121.15,0.0,On-time
PAY0008613,LOAN9332876,CUST0000236,2024-12-08,2024-12-07,453.79,453.79,0.0,On-time
PAY0008614,LOAN0000442,CUST0000745,2023-10-04,2023-10-03,250.74,250.74,0.0,On-time
PAY0008615,LOAN0000569,CUST0000182,2025-02-25,2025-02-25,206.03,206.03,0.0,On-time
PAY0008616,LOAN0000256,CUST0000931,2025-04-26,2025-04-25,94.47,94.47,0.0,On-time
PAY0008617,LOAN0000410,CUST0000712,2024-12-16,2024-12-14,696.51,696.51,0.0,On-time
PAY0008618,LOAN0000279,CUST0000696,2023-11-24,2023-11-22,28.99,28.99,0.0,On-time
PAY0008619,LOAN0000046,CUST0000361,2024-03-17,2024-03-16,1162.93,1162.93,0.0,On-time
PAY0008620,LOAN0000443,CUST0000791,2024-11-01,2024-10-30,1882.62,1882.62,0.0,On-time
PAY0008621,LOAN0000170,CUST0000156,2026-03-17,2026-03-15,1293.11,1293.11,0.0,On-time
PAY0008622,LOAN0000558,CUST0000843,2026-02-21,2026-02-20,115.54,115.54,0.0,On-time
PAY0008623,LOAN0000229,CUST0000179,2025-11-03,2025-11-01,41.64,41.64,0.0,On-time
PAY0008624,LOAN0000053,CUST0000300,2026-03-27,2026-03-27,820.68,820.68,0.0,On-time
PAY0008625,LOAN0000115,CUST0000780,2025-02-11,2025-02-11,146.22,146.22,0.0,On-time
PAY0008626,LOAN0000394,CUST0000050,2024-03-21,2024-03-19,566.23,566.23,0.0,On-time
PAY0008627,LOAN0000200,CUST0000200,2026-05-24,,263.49,0.0,,Missed
PAY0008628,LOAN0000257,CUST0000699,2025-12-25,2025-12-25,1022.97,1022.97,0.0,On-time
PAY0008629,LOAN0000564,CUST0000695,2025-12-14,2025-12-14,471.54,471.54,0.0,On-time
PAY0008630,LOAN0000002,CUST0000552,2025-12-31,2025-12-30,38.11,38.11,0.0,On Time
PAY0008631,LOAN0000225,CUST0000127,2025-11-15,,70.31,0.0,,Missed
PAY0008632,LOAN0000159,CUST0000902,2023-03-23,2023-04-15,47.23,47.23,23.0,Late
PAY0008633,LOAN9990156,CUST0000617,2024-05-18,2024-05-17,464.05,464.05,0.0,On-time
PAY0008634,LOAN0000290,CUST0000757,2025-07-14,2025-07-13,649.64,649.64,0.0,On-time
PAY0008635,LOAN0000206,CUST0000997,2025-03-25,2025-03-24,153.63,102.16,0.0,Partial
PAY0008636,LOAN0000564,CUST0000695,2023-07-15,2023-07-13,471.54,471.54,0.0,On-time
PAY0008637,LOAN0000431,CUST0000662,2025-03-10,2025-03-08,140.76,140.76,0.0,ON-TIME
PAY0008638,LOAN0000403,CUST0000115,2022-12-19,2022-12-19,43.28,43.28,0.0,On-time
PAY0008639,LOAN0000182,CUST0000834,2026-04-16,2026-04-18,39.57,-39.57,2.0,Late
PAY0008640,LOAN0000178,CUST0000675,2025-10-14,2025-10-25,963.41,963.41,11.0,Late
PAY0008641,LOAN0000285,CUST0000506,2024-08-13,2024-08-12,133.87,133.87,0.0,On-time
PAY0008642,LOAN0000501,CUST0000055,2024-11-04,2024-11-02,762.76,762.76,0.0,On-time
PAY0008643,LOAN0000363,CUST0000783,2025-04-29,2025-04-28,630.91,630.91,0.0,On-time
PAY0008644,LOAN0000036,CUST0000435,2026-08-08,2026-08-07,635.66,635.66,0.0,On-time
PAY0008645,LOAN0000076,CUST0000869,2024-04-28,2024-04-26,241.76,241.76,0.0,On-time
PAY0008646,LOAN0000055,CUST0000726,2024-01-27,2024-01-25,399.72,399.72,0.0,On-time
PAY0008647,LOAN0000575,CUST0000725,2026-01-09,2026-01-09,264.71,264.71,0.0,On-time
PAY0008648,LOAN0000152,CUST0000805,2024-12-15,2024-12-14,546.78,546.78,0.0,On-time
PAY0008649,LOAN0000477,CUST0000436,2022-11-22,2022-11-21,14.8,14.8,0.0,On-time
PAY0008650,LOAN0000179,CUST0000796,2024-07-25,2024-07-23,76.24,76.24,0.0,On-time
PAY0008651,LOAN0000565,CUST0000504,2023-04-25,2023-04-23,554.46,554.46,0.0,On-time
PAY0008652,LOAN0000390,CUST0000310,2024-07-23,2024-07-22,377.65,377.65,0.0,On-time
PAY0008653,LOAN0000441,CUST0000705,2025-03-13,2025-03-11,2212.0,2212.0,0.0,On-time
PAY0008654,LOAN0000572,CUST0000379,2024-08-30,2024-08-28,199.55,199.55,0.0,On-time
PAY0008655,LOAN0000144,CUST0000143,2026-03-18,2026-03-28,184.57,184.57,10.0,Late
PAY0008656,LOAN0000418,CUST0000918,2025-06-11,,86.17,0.0,,Missed
PAY0008657,LOAN0000394,CUST0000050,2024-04-21,2024-04-19,566.23,566.23,0.0,On-time
PAY0008658,LOAN0000090,CUST0000721,2025-10-20,,213.64,0.0,,Missed
PAY0008659,LOAN0000120,CUST0000484,2024-01-13,2024-01-13,316.36,316.36,0.0,On-time
PAY0008660,LOAN0000486,CUST0000898,2026-08-13,2026-08-13,180.53,180.53,0.0,On-time
PAY0008661,LOAN0000148,CUST0000105,2023-11-08,2023-11-06,2311.29,2311.29,0.0,On-time
PAY0008662,LOAN0000462,CUST0000397,2024-05-30,2024-05-28,660.43,660.43,0.0,On-time
PAY0008663,LOAN0000364,CUST0000322,2024-05-04,2024-05-04,86.55,86.55,0.0,On-time
PAY0008664,LOAN0000159,CUST0000902,2023-06-23,2023-06-22,47.23,47.23,0.0,On-time
PAY0008665,LOAN0000080,CUST0000004,2025-04-18,2025-04-18,855.13,611.38,0.0,Partial
PAY0008666,LOAN0000088,CUST0000710,2025-06-19,2025-06-19,1812.64,1812.64,0.0,On-time
PAY0008667,LOAN0000529,CUST0000838,2024-12-23,2024-12-23,513.54,229.58,0.0,Partial
PAY0008668,LOAN0000282,CUST0000724,2024-10-23,2024-11-18,67.12,67.12,26.0,Late
PAY0008669,LOAN0000041,CUST0000778,2024-09-11,2024-10-12,450.04,450.04,31.0,Late
PAY0008670,LOAN0000485,CUST0000678,2023-08-02,,174.48,0.0,,Missed
PAY0008671,LOAN0000112,CUST0000398,2025-08-31,2025-09-22,275.2,275.2,22.0,On-time
PAY0008672,LOAN0000517,CUST0000661,2025-10-27,2025-10-25,74.07,74.07,0.0,On-time
PAY0008673,LOAN0000543,CUST0000901,2026-01-25,2026-01-24,2766.45,2766.45,0.0,On-time
PAY0008674,LOAN0000358,CUST0000899,2025-07-07,2025-07-06,368.63,279.92,0.0,Partial
PAY0008675,LOAN0000090,CUST0000721,2022-12-20,,213.64,213.64,0.0,On-time
PAY0008676,LOAN0000043,CUST0000911,2025-11-07,2025-11-06,304.1,304.1,0.0,On-time
PAY0008677,LOAN0000047,CUST0000212,2025-12-14,2025-12-14,199.31,199.31,0.0,On-time
PAY0008678,LOAN0000202,CUST0000060,2023-04-22,2023-05-08,65.87,65.87,16.0,Late
PAY0008679,LOAN0000530,CUST0000028,2026-04-24,2026-04-24,158.2,158.2,0.0,On-time
PAY0008680,LOAN9195452,CUST0000712,2023-04-17,2023-04-17,696.51,696.51,0.0,On-time
PAY0008681,LOAN0000153,CUST0000245,2024-05-24,2024-05-23,313.95,313.95,0.0,On-time
PAY0008682,LOAN0000074,CUST0000096,2024-10-07,2024-10-09,325.95,325.95,2.0,Late
PAY0008683,LOAN0000027,CUST0000457,2024-03-21,2024-03-20,240.0,240.0,0.0,On-time
PAY0008684,LOAN0000493,CUST0000307,2026-04-21,2026-06-02,516.28,516.28,42.0,Late
PAY0008685,LOAN0000381,CUST0000477,2025-09-08,2025-09-06,1402.35,1402.35,0.0,On-time
PAY0008686,LOAN0000044,CUST0000363,2023-12-03,,1557.81,0.0,,Missed
PAY0008687,LOAN0000416,CUST0000611,2025-08-08,2025-08-08,21.6,15.23,0.0,Partial
PAY0008688,LOAN0000380,CUST0000036,2024-06-27,2024-06-25,719.07,719.07,0.0,On-time
PAY0008689,LOAN0000028,CUST0000016,2023-01-21,2023-01-19,196.9,196.9,0.0,On-time
PAY0008690,LOAN0000418,CUST0000918,2022-12-11,2022-12-10,86.17,86.17,0.0,On-time
PAY0008691,LOAN0000139,CUST0000859,2026-02-09,2026-02-08,627.26,627.26,0.0,On-time
PAY0008692,LOAN0000274,CUST0000327,2025-08-04,2025-08-03,125.44,125.44,0.0,On-time
PAY0008693,LOAN0000355,CUST0000771,2025-02-26,2025-04-11,2611.51,2611.51,44.0,Late
PAY0008694,LOAN0000226,CUST0000893,2024-12-31,2025-01-02,101.32,101.32,2.0,Late
PAY0008695,LOAN0000064,CUST0000818,2026-03-08,2026-03-06,499.21,499.21,0.0,On-time
PAY0008696,LOAN0000356,CUST0000951,2026-03-18,2026-03-18,208.44,125.8,0.0,Partial
PAY0008697,LOAN0000230,CUST0000869,2025-01-22,2025-01-22,271.38,271.38,0.0,On-time
PAY0008698,LOAN0000284,CUST0000557,2025-07-02,2025-07-17,1030.27,1030.27,15.0,Late
PAY0008699,LOAN0000297,CUST0000925,2026-06-16,2026-06-14,2888.78,2888.78,0.0,On-time
PAY0008700,LOAN0000290,CUST0000757,2024-10-13,2024-10-12,649.64,649.64,0.0,On-time
PAY0008701,LOAN0000343,CUST0000618,2024-04-03,2024-04-01,2825.66,2825.66,0.0,On-time
PAY0008702,LOAN0000343,CUST0000618,2023-09-03,2023-09-03,2825.66,2825.66,0.0,On-time
PAY0008703,LOAN9127511,CUST0000850,2025-08-01,2025-07-31,487.76,487.76,0.0,On-time
PAY0008704,LOAN0000214,CUST0000290,2023-07-18,2023-08-31,883.07,883.07,44.0,Late
PAY0008705,LOAN0000232,CUST0000762,2022-09-22,2022-10-10,30.32,30.32,18.0,Late
PAY0008706,LOAN0000190,CUST0000337,2024-07-27,2024-07-26,293.17,198.29,0.0,Partial
PAY0008707,LOAN0000214,CUST0000290,2024-04-17,2024-04-15,883.07,883.07,0.0,On-time
PAY0008708,LOAN0000311,CUST0000689,2026-01-23,2026-01-23,184.19,184.19,0.0,On-time
PAY0008709,LOAN0000345,CUST0000724,2023-09-26,2023-09-25,906.51,906.51,0.0,On-time
PAY0008710,LOAN0000506,CUST0000630,2026-02-11,2026-03-11,206.27,206.27,28.0,Late
PAY0008711,LOAN0000528,CUST0000832,2023-08-03,2023-08-26,436.3,436.3,23.0,Late
PAY0008712,LOAN0000596,CUST0000639,2025-11-28,2025-12-26,1250.25,1250.25,28.0,Late
PAY0008713,LOAN0000480,CUST0000765,2026-07-07,,517.76,0.0,,Missed
PAY0008714,LOAN0000452,CUST0000389,2025-01-07,2025-01-07,517.19,,0.0,On-time
PAY0008715,LOAN0000222,CUST0000435,2026-04-28,,384.39,0.0,,Missed
PAY0008716,LOAN0000196,CUST0000862,2025-10-16,,272.29,0.0,,Missed
PAY0008717,LOAN0000299,CUST0000136,2025-07-07,2025-07-05,486.64,,0.0,On-time
PAY0008718,LOAN0000559,CUST0000824,2025-03-30,2025-03-28,176.29,176.29,0.0,On-time
PAY0008719,LOAN0000113,CUST0000804,2024-07-28,2024-07-28,294.26,294.26,0.0,On-time
PAY0008720,LOAN0000394,CUST0000050,2024-11-20,2024-11-18,566.23,566.23,0.0,On-time
PAY0008721,LOAN0000336,CUST0000690,2026-04-26,,52.94,52.94,0.0,On-time
PAY0008722,LOAN0000058,CUST0000978,2023-09-19,2023-09-17,909.7,909.7,0.0,On-time
PAY0008723,LOAN0000233,CUST0000781,2026-04-24,2023-07-02,2150.27,2150.27,0.0,On-time
PAY0008724,LOAN0000243,CUST0000094,2025-02-07,2025-02-05,227.16,227.16,0.0,On-time
PAY0008725,LOAN0000223,CUST0000379,2026-04-06,2026-04-05,176.49,176.49,0.0,On Time
PAY0008726,LOAN0000291,CUST0000987,2025-01-28,2025-01-28,424.49,424.49,0.0,On-time
PAY0008727,LOAN0000509,CUST0000598,2025-10-23,,671.21,0.0,,Missed
PAY0008728,LOAN0000572,CUST0000379,2024-03-01,2024-02-28,199.55,199.55,0.0,On-time
PAY0008729,LOAN0000329,CUST0000886,2023-09-06,2023-09-04,1126.34,1126.34,0.0,On-time
PAY0008730,LOAN0000211,CUST0000060,2024-07-26,2024-07-25,609.68,609.68,0.0,On-time
PAY0008731,LOAN0000211,CUST0000060,2024-12-25,2024-12-24,609.68,609.68,0.0,On-time
PAY0008732,LOAN0000063,CUST0000024,2024-10-18,2024-10-17,101.19,101.19,0.0,On-time
PAY0008733,LOAN0000164,CUST0000966,2023-01-27,2023-01-26,3556.03,3556.03,0.0,On-time
PAY0008734,LOAN0000031,CUST0000787,2023-08-18,2023-08-18,1194.04,-1194.04,0.0,On-time
PAY0008735,LOAN0000033,CUST0000373,2023-11-21,2023-11-21,2390.38,2390.38,0.0,On-time
PAY0008736,LOAN0000242,CUST0000420,2025-09-13,2025-09-12,711.72,711.72,0.0,On-time
PAY0008737,LOAN0000517,CUST0000661,2026-02-26,2026-02-26,74.07,74.07,0.0,On-time
PAY0008738,LOAN0000526,CUST0000184,2026-06-26,2026-06-25,341.99,341.99,0.0,On-time
PAY0008739,LOAN0000556,CUST0000773,2022-06-21,2022-06-19,76.7,76.7,0.0,On-time
PAY0008740,LOAN0000220,CUST0000997,2026-02-01,2026-01-31,519.56,519.56,0.0,On-time
PAY0008741,LOAN0000206,CUST0000997,2026-01-24,,153.63,0.0,,Missed
PAY0008742,LOAN0000030,CUST0000694,2026-07-07,2026-07-07,925.59,925.59,0.0,On-time
PAY0008743,LOAN0000434,CUST0000010,2023-08-06,,237.04,237.04,0.0,On-time
PAY0008744,LOAN0000531,CUST0000891,2025-03-03,2025-03-02,344.43,344.43,0.0,On-time
PAY0008745,LOAN0000071,CUST0000250,2024-09-21,2024-09-21,190.79,190.79,0.0,On-time
PAY0008746,LOAN0000356,CUST0000951,2024-09-16,2024-09-16,208.44,208.44,0.0,On-time
PAY0008747,LOAN0000441,CUST0000705,2025-04-12,2025-04-10,2212.0,2212.0,0.0,On-time
PAY0008748,LOAN0000577,CUST0000268,2023-03-28,2023-03-26,33.72,33.72,0.0,On-time
PAY0008749,LOAN0000170,CUST0000156,2024-12-15,2024-12-14,1293.11,1293.11,0.0,On-time
PAY0008750,LOAN0000245,CUST0000346,2023-07-24,,1602.5,0.0,,Missed
PAY0008751,LOAN0000309,CUST0000107,2024-04-10,2024-04-08,3173.09,3173.09,0.0,On-time
PAY0008752,LOAN0000505,CUST0000062,2025-01-17,,50.36,0.0,,Missed
PAY0008753,LOAN0000284,CUST0000557,2025-11-01,2025-11-01,1030.27,1030.27,0.0,On-time
PAY0008754,LOAN0000538,CUST0000126,2024-02-07,2024-03-17,360.05,360.05,39.0,Late
PAY0008755,LOAN0000294,CUST0000925,2023-04-10,2023-04-10,452.0,452.0,0.0,On-time
PAY0008756,LOAN0000240,CUST0000608,2024-12-19,2024-12-18,533.89,533.89,0.0,On-time
PAY0008757,LOAN0000249,CUST0000632,2025-04-11,,1134.85,0.0,,Missed
PAY0008758,LOAN0000017,CUST0000733,2022-05-20,,646.87,0.0,,Missed
PAY0008759,LOAN0000407,CUST0000624,2024-12-22,,250.13,0.0,,Missed
PAY0008760,LOAN0000490,CUST0000017,2026-01-26,2026-01-25,265.48,265.48,0.0,On-time
PAY0008761,LOAN0000470,CUST0000725,2024-04-03,2024-04-02,241.98,241.98,0.0,On-time
PAY0008762,LOAN0000172,CUST0000692,2026-07-30,2026-07-28,159.9,159.9,0.0,On-time
PAY0008763,LOAN0000148,CUST0000105,2023-04-09,2023-04-09,2311.29,2311.29,0.0,On-time
PAY0008764,LOAN0000170,CUST0000156,2024-05-16,2024-05-15,1293.11,1293.11,0.0,On-time
PAY0008765,LOAN0000584,CUST0000129,2026-02-04,2026-02-21,135.36,135.36,17.0,Late
PAY0008766,LOAN0000271,CUST0000310,2023-03-03,2023-04-08,1002.33,1002.33,36.0,Late
PAY0008767,LOAN0000553,CUST0000515,2024-06-26,2024-06-25,108.09,108.09,0.0,On-time
PAY0008768,LOAN0000591,CUST0000472,2025-08-22,2025-08-21,173.16,59.93,0.0,Partial
PAY0008769,LOAN0000237,CUST0000988,2024-12-23,2024-12-22,1335.42,1335.42,0.0,On-time
PAY0008770,LOAN0000367,CUST0000236,2025-10-18,2025-11-08,898.01,898.01,21.0,Late
PAY0008771,LOAN0000333,CUST0000449,2025-03-10,2025-03-10,427.8,427.8,0.0,On-time
PAY0008772,LOAN0000124,CUST0000801,2023-04-26,2023-04-24,715.13,715.13,0.0,On-time
PAY0008773,LOAN0000132,CUST0000669,2024-07-16,2024-07-14,628.47,342.82,0.0,Partial
PAY0008774,LOAN0000490,CUST0000017,2024-07-27,,265.48,0.0,,Missed
PAY0008775,LOAN0000305,CUST0000286,2024-08-23,2024-08-21,34.75,34.75,0.0,On-time
PAY0008776,LOAN0000306,CUST0000956,2025-10-04,,605.15,0.0,,Missed
PAY0008777,LOAN0000012,CUST0000725,2024-09-20,2024-09-19,607.42,607.42,0.0,On-time
PAY0008778,LOAN0000280,CUST0000816,2025-10-12,2025-10-10,1002.69,1002.69,0.0,On-time
PAY0008779,LOAN0000191,CUST0000044,2025-07-01,2025-07-01,1957.75,1957.75,0.0,On-time
PAY0008780,LOAN0000397,CUST0000714,2024-07-19,2024-07-19,500.03,500.03,0.0,On-time
PAY0008781,LOAN0000480,CUST0000765,2025-10-06,2025-10-16,517.76,517.76,10.0,Late
PAY0008782,LOAN0000003,CUST0000556,2026-03-15,2026-03-15,1906.25,1906.25,0.0,On-time
PAY0008783,LOAN0000176,CUST0000098,2025-05-28,2025-05-27,654.28,654.28,0.0,On-time
PAY0008784,LOAN0000386,CUST0000481,2022-12-13,2022-12-12,155.17,155.17,0.0,On-time
PAY0008785,LOAN0000216,CUST0000899,2024-12-19,,545.77,545.77,0.0,On-time
PAY0008786,LOAN0000013,CUST0000091,2026-03-04,2026-03-04,1833.33,1120.88,0.0,Partial
PAY0008787,LOAN0000442,CUST0000745,2023-12-04,2023-12-02,250.74,250.74,0.0,On-time
PAY0008788,LOAN0000240,CUST0000608,2026-07-21,2026-07-19,533.89,533.89,0.0,On-time
PAY0008789,LOAN0000436,CUST0000075,2025-10-14,2025-10-12,179.3,179.3,0.0,On-time
PAY0008790,LOAN0000285,CUST0000506,2025-08-14,2025-08-13,133.87,133.87,0.0,On-time
PAY0008791,LOAN0000408,CUST0000493,2025-12-21,2025-12-20,10242.29,10242.29,0.0,On-time
PAY0008792,LOAN0000403,CUST0000115,2023-08-20,2023-08-18,43.28,43.28,0.0,On-time
PAY0008793,LOAN0000497,CUST0000929,2024-04-10,2024-04-14,891.0,891.0,4.0,Late
PAY0008794,LOAN0000091,CUST0000953,2026-04-16,2026-04-14,417.35,417.35,0.0,On-time
PAY0008795,LOAN0000590,CUST0000731,2026-01-03,2026-01-02,425.85,425.85,0.0,On-time
PAY0008796,LOAN0000053,CUST0000300,2025-12-25,2026-01-26,820.68,820.68,32.0,Late
PAY0008797,LOAN0000226,CUST0000893,2024-07-01,2024-06-30,101.32,101.32,0.0,On-time
PAY0008798,LOAN0000299,CUST0000136,2021-12-06,2021-12-06,486.64,486.64,0.0,On-time
PAY0008799,LOAN0000147,CUST0000364,2025-06-27,2025-06-25,150.55,150.55,0.0,On-time
PAY0008800,LOAN0000016,CUST0000359,2025-11-13,2025-11-13,424.63,424.63,0.0,ON-TIME
PAY0008801,LOAN0000047,CUST0000212,2023-04-15,2023-04-13,199.31,113.7,0.0,Partial
PAY0008802,LOAN0000567,CUST0000627,2022-09-28,2022-09-26,73.42,73.42,0.0,On-time
PAY0008803,LOAN0000481,CUST0000429,2024-03-05,2024-03-04,227.01,82.89,0.0,Partial
PAY0008804,LOAN0000364,CUST0000322,2025-03-04,2025-03-02,86.55,86.55,0.0,On-time
PAY0008805,LOAN0000356,CUST0000951,2025-04-18,2025-04-17,208.44,208.44,0.0,On-time
PAY0008806,LOAN0000373,CUST0000783,2024-10-25,,1017.53,1017.53,0.0,On-time
PAY0008807,LOAN0000129,CUST0000236,2025-06-09,,453.79,0.0,,missed
PAY0008808,LOAN0000578,CUST0000916,2025-08-31,2025-08-29,335.27,335.27,0.0,On-time
PAY0008809,LOAN0000021,CUST0000826,2024-09-17,2024-09-16,38.77,38.77,0.0,On-time
PAY0008810,LOAN0000099,CUST0000232,2023-12-14,2023-12-12,124.7,124.7,0.0,On-time
PAY0008811,LOAN0000249,CUST0000632,2023-12-11,2023-12-10,1134.85,1134.85,0.0,On-time
PAY0008812,LOAN0000268,CUST0000062,2026-07-07,2026-07-05,60.75,60.75,0.0,On-time
PAY0008813,LOAN0000162,CUST0000866,2026-08-19,2026-08-18,533.21,533.21,0.0,On-time
PAY0008814,LOAN0000245,CUST0000346,2024-02-22,2024-02-20,1602.5,1602.5,0.0,On-time
PAY0008815,LOAN0000588,CUST0000382,2023-09-29,2023-10-26,148.33,148.33,27.0,Late
PAY0008816,LOAN0000074,CUST0000096,2024-06-07,2024-06-05,325.95,325.95,0.0,On-time
PAY0008817,LOAN0000062,CUST0000397,2024-03-31,2024-03-31,309.46,309.46,0.0,On-time
PAY0008818,LOAN0000104,CUST0000488,2024-02-24,2024-02-22,199.65,199.65,0.0,On-time
PAY0008819,LOAN0000350,CUST0000987,2024-09-16,2024-09-16,1972.9,1972.9,0.0,On-time
PAY0008820,LOAN0000396,CUST0000533,2026-01-10,2026-01-08,668.92,435.47,0.0,Partial
PAY0008821,LOAN0000558,CUST0000843,2024-12-22,2024-12-20,115.54,115.54,0.0,On-time
PAY0008822,LOAN0000073,CUST0000266,2024-07-06,2024-07-06,101.83,101.83,0.0,On-time
PAY0008823,LOAN0000437,CUST0000668,2025-09-16,2025-09-15,572.37,572.37,0.0,On-time
PAY0008824,LOAN0000531,CUST0000891,2024-04-03,2024-04-01,344.43,344.43,0.0,On-time
PAY0008825,LOAN0000267,CUST0000745,2025-12-09,2025-12-07,122.23,122.23,0.0,On-time
PAY0008826,LOAN0000242,CUST0000420,2025-03-14,2025-03-12,711.72,711.72,0.0,On-time
PAY0008827,LOAN0000056,CUST0000793,2026-02-20,2026-02-18,145.21,145.21,0.0,On-time
PAY0008828,LOAN0000560,CUST0000074,2026-02-21,2026-02-21,224.75,224.75,0.0,On-time
PAY0008829,LOAN0000122,CUST0000253,2023-09-03,2023-09-03,559.32,559.32,0.0,On-time
PAY0008830,LOAN0000102,CUST0000551,2024-12-20,2024-12-18,635.91,635.91,0.0,On-time
PAY0008831,LOAN0000205,CUST0000080,2024-03-27,2024-05-05,709.8,709.8,39.0,Late
PAY0008832,LOAN0000416,CUST0000611,2024-07-08,2024-07-06,21.6,21.6,0.0,On-time
PAY0008833,LOAN0000271,CUST0000310,2023-11-01,2023-10-31,1002.33,1002.33,0.0,On-time
PAY0008834,LOAN0000249,CUST0000632,2024-03-11,2024-03-11,1134.85,1134.85,0.0,On-time
PAY0008835,LOAN0000068,CUST0000510,2023-07-15,2023-07-13,1394.11,1394.11,0.0,On-time
PAY0008836,LOAN0000407,CUST0000624,2025-12-22,,250.13,0.0,,Missed
PAY0008837,LOAN0000360,CUST0000875,2025-12-30,2026-01-10,17.76,17.76,11.0,Late
PAY0008838,LOAN0000119,CUST0000188,2022-07-16,,820.41,0.0,,Missed
PAY0008839,LOAN0000564,CUST0000695,2025-11-13,,471.54,0.0,,Missed
PAY0008840,LOAN0000047,CUST0000212,2023-11-14,2023-11-14,199.31,199.31,0.0,On-time
PAY0008841,LOAN0000305,CUST0000286,2025-07-24,2025-07-22,34.75,21.84,0.0,Partial
PAY0008842,LOAN0000194,CUST0000341,2025-08-08,2025-08-08,1014.07,554.99,0.0,Partial
PAY0008843,LOAN0000220,CUST0000997,2026-03-03,2026-03-03,519.56,519.56,0.0,On-time
PAY0008844,LOAN0000221,CUST0000720,2024-11-24,2024-11-23,836.91,836.91,0.0,On-time
PAY0008845,LOAN0000564,CUST0000695,2024-06-14,,471.54,0.0,,Missed
PAY0008846,LOAN0000363,CUST0000783,2024-01-28,2024-01-27,630.91,372.4,0.0,Partial
PAY0008847,LOAN0000305,CUST0000286,2023-12-23,2023-12-21,34.75,34.75,0.0,On-time
PAY0008848,LOAN0000313,CUST0000400,2026-04-19,2026-04-19,296.44,296.44,0.0,On-time
PAY0008849,LOAN0000226,CUST0000893,2024-05-02,2024-05-02,101.32,101.32,0.0,On-time
PAY0008850,LOAN0000360,CUST0000875,2025-07-01,,17.76,0.0,,Missed
PAY0008851,LOAN0000564,CUST0000695,2025-06-14,2025-06-14,471.54,471.54,0.0,On-time
PAY0008852,LOAN0000034,CUST0000621,2023-02-11,2023-02-11,145.27,145.27,0.0,ON-TIME
PAY0008853,LOAN0000423,CUST0000564,2026-01-21,2026-01-19,43.59,43.59,0.0,On-time
PAY0008854,LOAN0000343,CUST0000618,2024-01-03,2024-01-02,2825.66,2825.66,0.0,On-time
PAY0008855,LOAN0000160,CUST0000148,2024-06-16,2024-06-15,76.44,76.44,0.0,On-time
PAY0008856,LOAN0000223,CUST0000379,2026-06-05,,176.49,0.0,,Missed
PAY0008857,LOAN0000563,CUST0000281,2025-09-22,2025-09-20,1609.44,1609.44,0.0,On-time
PAY0008858,LOAN0000031,CUST0000787,2022-06-18,2022-06-18,1194.04,1194.04,0.0,On-time
PAY0008859,LOAN0000111,CUST0000196,2024-07-07,2024-08-08,640.44,640.44,32.0,Late
PAY0008860,LOAN0000254,CUST0000296,2025-06-26,2025-06-24,449.87,449.87,0.0,On-time
PAY0008861,LOAN0000088,CUST0000710,2024-02-18,2024-02-17,1812.64,1812.64,0.0,On-time
PAY0008862,LOAN0000456,CUST0000220,2024-07-06,2024-07-04,204.09,204.09,0.0,On-time
PAY0008863,LOAN0000588,CUST0000382,2022-07-29,2022-07-29,148.33,148.33,0.0,On-time
PAY0008864,LOAN0000179,CUST0000796,2026-07-26,2026-07-24,76.24,76.24,0.0,On-time
PAY0008865,LOAN0000268,CUST0000062,2025-06-07,2025-06-06,60.75,60.75,0.0,On-time
PAY0008866,LOAN0000572,CUST0000379,2026-03-01,2026-02-28,199.55,199.55,0.0,On-time
PAY0008867,LOAN0000122,CUST0000253,2023-07-05,2023-07-03,559.32,559.32,0.0,On-time
PAY0008868,LOAN0000471,CUST0000761,2025-10-05,2025-10-05,123.33,92.36,0.0,Partial
PAY0008869,LOAN9190170,CUST0000874,2026-04-11,,1347.35,1347.35,0.0,On-time
PAY0008870,LOAN0000229,CUST0000179,2024-11-03,2024-11-02,41.64,41.64,0.0,On-time
PAY0008871,LOAN0000591,CUST0000472,2025-10-22,2025-10-20,173.16,173.16,0.0,On-time
PAY0008872,LOAN0000015,CUST0000311,2026-02-05,2026-02-04,188.87,188.87,0.0,On-time
PAY0008873,LOAN0000548,CUST0000347,2024-10-28,2024-10-26,480.43,480.43,0.0,On-time
PAY0008874,LOAN0000275,CUST0000306,2026-08-15,2026-08-15,384.84,384.84,0.0,On-time
PAY0008875,LOAN0000299,CUST0000136,2024-07-07,2024-07-06,486.64,486.64,0.0,On-time
PAY0008876,LOAN0000457,CUST0000181,2026-04-27,2026-04-29,772.95,772.95,2.0,Late
PAY0008877,LOAN0000483,CUST0000418,2025-08-05,2025-08-04,191.54,191.54,0.0,On-time
PAY0008878,LOAN0000505,CUST0000062,2025-04-18,2025-04-18,50.36,50.36,0.0,On-time
PAY0008879,LOAN0000055,CUST0000726,2022-05-28,2022-05-27,399.72,-399.72,0.0,On-time
PAY0008880,LOAN0000566,CUST0000236,2024-07-01,,205.31,205.31,7.0,Late
PAY0008881,LOAN0000169,CUST0000889,2023-06-21,2023-06-21,1012.97,1012.97,0.0,On-time
PAY0008882,LOAN0000508,CUST0000151,2026-06-24,2026-06-24,359.97,359.97,0.0,On-time
PAY0008883,LOAN0000205,CUST0000080,2023-08-27,2023-09-23,709.8,709.8,27.0,Late
PAY0008884,LOAN0000087,CUST0000889,2025-12-05,2025-12-03,286.79,286.79,0.0,On-time
PAY0008885,LOAN0000593,CUST0000684,2026-02-08,2026-02-06,300.58,300.58,0.0,On-time
PAY0008886,LOAN0000445,CUST0000768,2026-06-21,2026-06-21,375.99,375.99,0.0,On-time
PAY0008887,LOAN0000183,CUST0000713,2022-12-22,2022-12-22,588.68,588.68,0.0,On-time
PAY0008888,LOAN0000198,CUST0000959,2025-09-08,2025-09-06,415.03,415.03,0.0,On-time
PAY0008889,LOAN0000088,CUST0000710,2024-04-19,2024-04-17,1812.64,1812.64,0.0,On-time
PAY0008890,LOAN0000463,CUST0000684,2023-12-31,2023-12-29,397.2,397.2,0.0,On-time
PAY0008891,LOAN0000453,CUST0000869,2024-10-13,2024-10-12,1543.9,518.25,0.0,Part Payment
PAY0008892,LOAN0000122,CUST0000253,2022-07-04,2022-07-03,559.32,559.32,0.0,On-time
PAY0008893,LOAN0000240,CUST0000608,2025-02-18,2025-02-17,533.89,533.89,0.0,On-time
PAY0008894,LOAN0000052,CUST0000697,2023-01-23,2023-01-21,1339.51,1339.51,0.0,On-time
PAY0008895,LOAN0000220,CUST0000997,2026-04-03,2026-04-27,519.56,519.56,24.0,Late
PAY0008896,LOAN0000012,CUST0000725,2026-04-22,2026-04-21,607.42,607.42,0.0,On-time
PAY0008897,LOAN0000497,CUST0000929,2025-11-10,2025-12-07,891.0,891.0,27.0,Late
PAY0008898,LOAN0000541,CUST0000470,2023-12-30,2023-12-30,1284.91,-1284.91,0.0,On-time
PAY0008899,LOAN0000477,CUST0000436,2025-04-22,2025-04-21,14.8,14.8,0.0,On-time
PAY0008900,LOAN0000426,CUST0000297,2023-07-16,2023-07-15,370.17,370.17,0.0,On-time
PAY0008901,LOAN0000399,CUST0000797,2024-09-21,2024-09-19,375.73,375.73,0.0,On-time
PAY0008902,LOAN0000182,CUST0000834,2025-08-16,2025-08-15,39.57,19.23,0.0,Partial
PAY0008903,LOAN0000535,CUST0000528,2023-12-27,2023-12-27,1034.18,1034.18,0.0,On-time
PAY0008904,LOAN0000181,CUST0000393,2026-06-22,2026-06-20,114.46,114.46,0.0,On-time
PAY0008905,LOAN0000384,CUST0000497,2025-07-30,2025-07-29,97.43,97.43,0.0,On-time
PAY0008906,LOAN0000425,CUST0000755,2026-01-29,2026-01-27,351.83,351.83,0.0,On-time
PAY0008907,LOAN0000439,CUST0000280,2023-12-21,2023-12-20,216.4,216.4,0.0,On-time
PAY0008908,LOAN0000459,CUST0000783,2025-08-06,2025-08-06,183.08,183.08,0.0,On-time
PAY0008909,LOAN0000406,CUST0000519,2024-09-07,2024-09-07,179.61,111.2,0.0,Partial
PAY0008910,LOAN0000016,CUST0000359,2026-03-15,2026-03-14,424.63,424.63,0.0,On-time
PAY0008911,LOAN0000214,CUST0000290,2024-01-17,,883.07,0.0,,Missed
PAY0008912,LOAN0000248,CUST0000569,2023-12-07,2023-12-06,273.13,273.13,0.0,On-time
PAY0008913,LOAN0000567,CUST0000627,2026-03-29,2026-05-05,73.42,73.42,37.0,Late
PAY0008914,LOAN0000362,CUST0000964,2024-07-24,2024-08-30,924.47,924.47,37.0,Late
PAY0008915,LOAN0000142,CUST0000897,2025-10-20,2025-10-20,459.08,459.08,0.0,On-time
PAY0008916,LOAN0000145,CUST0000538,2022-12-21,2022-12-21,1202.85,802.23,0.0,Partial
PAY0008917,LOAN0000370,CUST0000869,2025-09-27,,778.37,0.0,,Missed
PAY0008918,LOAN0000485,CUST0000678,2023-12-01,2023-11-30,174.48,174.48,0.0,On-time
PAY0008919,LOAN0000450,CUST0000307,2025-01-01,2024-12-30,205.25,205.25,0.0,On-time
PAY0008920,LOAN0000146,CUST0000606,2023-07-25,2023-07-24,1506.71,1506.71,0.0,On-time
PAY0008921,LOAN0000573,CUST0000880,2025-10-20,2025-10-18,884.49,884.49,0.0,On-time
PAY0008922,LOAN0000506,CUST0000630,2025-07-13,2025-07-13,206.27,206.27,0.0,On-time
PAY0008923,LOAN0000508,CUST0000151,2024-05-24,2024-05-22,359.97,359.97,0.0,On-time
PAY0008924,LOAN0000526,CUST0000184,2024-07-26,2024-08-04,341.99,341.99,9.0,Late
PAY0008925,LOAN0000442,CUST0000745,2024-03-05,2024-03-03,250.74,250.74,0.0,On-time
PAY0008926,LOAN0000477,CUST0000436,2024-11-21,2024-11-21,14.8,14.8,0.0,On-time
PAY0008927,LOAN0000031,CUST0000787,2024-02-17,2024-02-15,1194.04,1194.04,0.0,On-time
PAY0008928,LOAN0000583,CUST0000516,2026-04-28,2026-04-28,843.06,843.06,0.0,On-time
PAY0008929,LOAN0000345,CUST0000724,2025-03-27,2025-03-27,906.51,906.51,0.0,On-time
PAY0008930,LOAN0000070,CUST0000916,2025-03-22,,592.68,0.0,,Missed
PAY0008931,LOAN0000473,CUST0000340,2023-01-30,2023-01-30,528.94,360.5,0.0,Partial
PAY0008932,LOAN0000169,CUST0000889,2023-04-21,2023-04-20,1012.97,1012.97,0.0,On-time
PAY0008933,LOAN0000066,CUST0000604,2023-10-18,2023-10-27,277.59,277.59,9.0,Late
PAY0008934,LOAN0000255,CUST0000491,2026-05-08,2026-05-07,379.26,379.26,0.0,On-time
PAY0008935,LOAN0000472,CUST0000609,2026-01-10,2026-01-10,666.25,666.25,0.0,On-time
PAY0008936,LOAN0000485,CUST0000678,2025-04-01,2025-03-30,174.48,174.48,0.0,On-time
PAY0008937,LOAN0000133,CUST0000758,2025-12-18,2025-12-17,367.28,367.28,0.0,on time
PAY0008938,LOAN0000574,CUST0000356,2023-10-02,2023-10-01,2031.77,2031.77,0.0,On-time
PAY0008939,LOAN0000035,CUST0000788,2023-04-04,2023-04-02,1926.73,1926.73,0.0,On-time
PAY0008940,LOAN0000122,CUST0000253,2022-12-04,2022-12-03,559.32,559.32,0.0,On-time
PAY0008941,LOAN0000493,CUST0000307,2023-07-21,2023-07-20,516.28,516.28,0.0,On-time
PAY0008942,LOAN0000578,CUST0000916,2022-08-01,2022-07-30,335.27,335.27,0.0,on time
PAY0008943,LOAN0000321,CUST0000418,2024-01-28,2024-01-26,172.06,172.06,0.0,On-time
PAY0008944,LOAN0000411,CUST0000531,2025-01-09,2025-02-02,1187.31,1187.31,24.0,Late
PAY0008945,LOAN0000536,CUST0000581,2022-06-16,2022-06-15,246.77,246.77,0.0,On-time
PAY0008946,LOAN0000041,CUST0000778,2024-01-12,2024-01-11,450.04,235.72,0.0,Partial
PAY0008947,LOAN0000303,CUST0000179,2025-11-20,2025-11-20,811.48,-811.48,0.0,On-time
PAY0008948,LOAN0000407,CUST0000624,2025-07-23,2025-09-04,250.13,250.13,43.0,Late
PAY0008949,LOAN0000436,CUST0000075,2025-08-14,2025-09-13,179.3,179.3,30.0,Late
PAY0008950,LOAN0000490,CUST0000017,2024-05-27,2024-06-03,265.48,265.48,7.0,Late
PAY0008951,LOAN0000343,CUST0000618,2026-04-04,2026-04-02,2825.66,2825.66,0.0,On-time
PAY0008952,LOAN0000136,CUST0000678,2023-08-13,2023-08-11,62.52,62.52,0.0,On-time
PAY0008953,LOAN0000426,CUST0000297,2022-03-16,2022-03-15,370.17,370.17,0.0,On-time
PAY0008954,LOAN0000268,CUST0000062,2025-12-06,2025-12-06,60.75,60.75,0.0,On-time
PAY0008955,LOAN0000399,CUST0000797,2025-07-23,2025-08-20,375.73,375.73,28.0,Late
PAY0008956,LOAN0000170,CUST0000156,2025-03-16,,1293.11,0.0,,Missed
PAY0008957,LOAN0000556,CUST0000773,2023-09-21,,76.7,0.0,,Missed
PAY0008958,LOAN0000529,CUST0000838,2025-04-24,,513.54,0.0,,Missed
PAY0008959,LOAN0000094,CUST0000345,2024-10-30,2024-10-29,610.74,610.74,0.0,On-time
PAY0008960,LOAN0000343,CUST0000618,2024-10-03,2024-10-02,2825.66,2825.66,0.0,On-time
PAY0008961,LOAN0000440,CUST0000395,2022-10-22,2022-10-22,555.31,555.31,0.0,On-time
PAY0008962,LOAN9630678,CUST0000674,2026-04-11,2026-04-09,41.25,17.91,0.0,Partial
PAY0008963,LOAN0000190,CUST0000337,2024-04-27,2024-04-27,293.17,293.17,0.0,On-time
PAY0008964,LOAN0000263,CUST0000966,2025-01-09,2025-01-07,460.72,460.72,0.0,On-time
PAY0008965,LOAN0000453,CUST0000869,2022-09-13,2022-09-11,1543.9,1543.9,0.0,On-time
PAY0008966,LOAN0000547,CUST0000422,2025-06-19,2025-06-18,244.53,244.53,0.0,On-time
PAY0008967,LOAN0000436,CUST0000075,2024-03-15,,179.3,0.0,,Missed
PAY0008968,LOAN0000299,CUST0000136,2023-11-06,2023-11-04,486.64,486.64,0.0,On-time
PAY0008969,LOAN0000243,CUST0000094,2025-11-08,2025-11-08,227.16,227.16,0.0,On-time
PAY0008970,LOAN0000439,CUST0000280,2026-06-22,2026-06-22,216.4,,0.0,On-time
PAY0008971,LOAN0000369,CUST0000699,2025-02-17,2025-02-16,863.87,863.87,0.0,On-time
PAY0008972,LOAN0000149,CUST0000764,2025-08-09,2025-08-09,556.36,556.36,0.0,On Time
PAY0008973,LOAN0000490,CUST0000017,2025-12-27,2026-01-11,265.48,265.48,15.0,Late
PAY0008974,LOAN0000096,CUST0000078,2022-10-28,2022-11-02,811.36,811.36,5.0,Late
PAY0008975,LOAN0000328,CUST0000176,2025-02-15,2025-02-13,34.51,34.51,0.0,On-time
PAY0008976,LOAN0000070,CUST0000916,2024-05-22,2024-05-21,592.68,592.68,0.0,On-time
PAY0008977,LOAN0000395,CUST0000169,2025-09-08,2025-09-06,167.52,167.52,0.0,On-time
PAY0008978,LOAN0000047,CUST0000212,2025-05-15,,199.31,0.0,,Missed
PAY0008979,LOAN0000290,CUST0000757,2025-08-14,2025-08-13,649.64,649.64,0.0,On-time
PAY0008980,LOAN0000533,CUST0000725,2023-08-25,2023-08-25,1461.65,1461.65,0.0,On-time
PAY0008981,LOAN0000070,CUST0000916,2026-01-21,2026-02-22,592.68,592.68,32.0,Late
PAY0008982,LOAN0000477,CUST0000436,2026-08-22,2026-08-22,14.8,14.8,0.0,On-time
PAY0008983,LOAN0000343,CUST0000618,2025-10-03,2025-10-02,2825.66,2825.66,0.0,On-time
PAY0008984,LOAN0000152,CUST0000805,2024-11-15,2024-11-15,546.78,546.78,0.0,On-time
PAY0008985,LOAN0000256,CUST0000931,2023-09-26,2023-09-25,94.47,94.47,0.0,On-time
PAY0008986,LOAN0000195,CUST0000180,2025-01-11,2025-01-10,504.44,504.44,0.0,On-time
PAY0008987,LOAN0000464,CUST0000434,2026-05-04,2026-05-02,368.61,368.61,0.0,On-time
PAY0008988,LOAN0000508,CUST0000151,2024-02-22,2024-03-06,359.97,359.97,13.0,Late
PAY0008989,LOAN0000587,CUST0000313,2024-08-23,2024-08-23,268.66,268.66,0.0,On-time
PAY0008990,LOAN0000118,CUST0000545,2026-08-07,2026-08-07,208.58,208.58,0.0,On-time
PAY0008991,LOAN0000593,CUST0000684,2025-03-10,2025-04-14,300.58,300.58,35.0,Late
PAY0008992,LOAN0000108,CUST0000303,2024-08-30,2024-08-30,115.22,115.22,0.0,On-time
PAY0008993,LOAN0000288,CUST0000370,2025-12-19,2025-12-18,476.12,476.12,0.0,On-time
PAY0008994,LOAN0000060,CUST0000626,2025-11-02,,25.65,0.0,,Missed
PAY0008995,LOAN0000057,CUST0000816,2025-04-25,2025-04-24,441.62,441.62,0.0,On-time
PAY0008996,LOAN0000355,CUST0000771,2025-09-28,2025-09-26,2611.51,2611.51,0.0,On-time
PAY0008997,LOAN0000388,CUST0000135,2025-01-11,2025-01-10,1240.37,1240.37,0.0,On-time
PAY0008998,LOAN0000282,CUST0000724,2024-12-22,,67.12,0.0,,Missed
PAY0008999,LOAN0000004,CUST0000293,2024-06-12,,715.28,0.0,,Missed
PAY0009000,LOAN0000071,CUST0000250,2024-12-22,2024-12-21,190.79,190.79,0.0,On-time
PAY0009001,LOAN0000241,CUST0000791,2026-07-24,2026-07-24,386.8,386.8,0.0,OK
PAY0009002,LOAN0000547,CUST0000422,2026-06-19,2026-06-19,244.53,244.53,0.0,On-time
PAY0009003,LOAN0000327,CUST0000225,2026-02-25,2026-02-25,214.19,214.19,0.0,On-time
PAY0009004,LOAN0000479,CUST0000957,2026-08-01,2026-08-01,284.06,284.06,0.0,On-time
PAY0009005,LOAN0000387,CUST0000070,2026-02-15,2026-02-13,284.03,284.03,0.0,On-time
PAY0009006,LOAN0000033,CUST0000373,2024-07-21,2024-07-21,2390.38,2390.38,0.0,On-time
PAY0009007,LOAN0000117,CUST0000975,2024-11-30,2024-11-28,466.71,466.71,0.0,On-time
PAY0009008,LOAN0000019,CUST0000441,2023-05-01,2023-04-30,2083.16,2083.16,0.0,On-time
PAY0009009,LOAN0000380,CUST0000036,2024-08-27,2024-08-27,719.07,-719.07,0.0,On-time
PAY0009010,LOAN0000388,CUST0000135,2025-12-11,2025-12-10,1240.37,1240.37,0.0,On-time
PAY0009011,LOAN0000243,CUST0000094,2024-08-09,2024-08-09,227.16,227.16,0.0,On-time
PAY0009012,LOAN0000152,CUST0000805,2026-02-15,,546.78,0.0,,Missed
PAY0009013,LOAN0000100,CUST0000084,2023-10-24,2023-10-23,1277.87,1277.87,0.0,On-time
PAY0009014,LOAN0000402,CUST0000072,2026-05-03,,158.38,0.0,,Missed
PAY0009015,LOAN0000403,CUST0000115,2022-03-20,2022-03-20,43.28,43.28,0.0,On-time
PAY0009016,LOAN0000085,CUST0000020,2024-10-08,,1832.83,0.0,,Missed
PAY0009017,LOAN0000323,CUST0000103,2025-09-30,2025-10-25,50.87,50.87,25.0,Late
PAY0009018,LOAN0000224,CUST0000556,2024-11-23,2024-11-22,1054.15,1054.15,0.0,On-time
PAY0009019,LOAN0000346,CUST0000988,2024-03-06,2024-03-06,186.55,186.55,0.0,On-time
PAY0009020,LOAN0000222,CUST0000435,2025-09-27,2025-09-25,384.39,384.39,0.0,On-time
PAY0009021,LOAN0000216,CUST0000899,2026-04-20,2026-04-19,545.77,545.77,0.0,On-time
PAY0009022,LOAN0000356,CUST0000951,2025-06-17,,208.44,0.0,,Missed
PAY0009023,LOAN0000417,CUST0000487,2025-11-15,2025-11-15,14.34,14.34,0.0,On-time
PAY0009024,LOAN0000059,CUST0000961,2023-06-24,2023-06-23,1372.66,1372.66,0.0,OK
PAY0009025,LOAN0000528,CUST0000832,2024-03-03,2024-03-03,436.3,436.3,0.0,On-time
PAY0009026,LOAN0000554,CUST0000181,2025-03-16,2025-03-15,33.52,33.52,0.0,On-time
PAY0009027,LOAN0000286,CUST0000607,2025-02-20,,448.57,0.0,,Missed
PAY0009028,LOAN0000203,CUST0000928,2026-06-12,2026-06-10,478.83,478.83,0.0,On-time
PAY0009029,LOAN0000031,CUST0000787,2024-03-19,2024-03-18,1194.04,1194.04,0.0,On-time
PAY0009030,LOAN0000536,CUST0000581,2025-05-17,2025-05-15,246.77,246.77,0.0,On-time
PAY0009031,LOAN0000472,CUST0000609,2026-05-11,,666.25,0.0,,Missed
PAY0009032,LOAN0000210,CUST0000782,2026-07-18,2026-07-17,324.08,324.08,0.0,on time
PAY0009033,LOAN0000493,CUST0000307,2023-02-19,,516.28,516.28,0.0,On-time
PAY0009034,LOAN0000144,CUST0000143,2023-05-18,2023-05-18,184.57,184.57,0.0,On-time
PAY0009035,LOAN0000291,CUST0000987,2024-10-29,2024-10-28,424.49,424.49,0.0,On-time
PAY0009036,LOAN0000505,CUST0000062,2025-10-18,2025-11-07,50.36,50.36,20.0,Late
PAY0009037,LOAN0000152,CUST0000805,2024-07-16,2024-07-16,546.78,546.78,0.0,On-time
PAY0009038,LOAN0000555,CUST0000407,2024-09-29,2024-09-28,109.67,109.67,0.0,On-time
PAY0009039,LOAN0000410,CUST0000712,2024-01-16,2024-01-16,696.51,696.51,0.0,On-time
PAY0009040,LOAN0000519,CUST0000619,2023-01-23,2023-01-22,150.47,150.47,0.0,On-time
PAY0009041,LOAN0000570,CUST0000530,2025-12-27,2025-12-25,390.97,390.97,0.0,On-time
PAY0009042,LOAN0000117,CUST0000975,2025-12-30,2025-12-29,466.71,466.71,0.0,On-time
PAY0009043,LOAN0000593,CUST0000684,2023-11-09,2023-11-07,300.58,300.58,0.0,On-time
PAY0009044,LOAN0000041,CUST0000778,2025-02-10,2025-02-10,450.04,450.04,0.0,On-time
PAY0009045,LOAN0000497,CUST0000929,2024-02-09,2024-02-09,891.0,891.0,0.0,On-time
PAY0009046,LOAN0000349,CUST0000776,2026-05-10,2026-05-08,367.15,180.44,0.0,Partial
PAY0009047,LOAN0000583,CUST0000516,2024-08-27,2024-08-25,843.06,843.06,0.0,On-time
PAY0009048,LOAN0000452,CUST0000389,2026-05-09,,517.19,0.0,,Missed
PAY0009049,LOAN0000301,CUST0000438,2026-02-03,2026-02-03,160.1,160.1,0.0,On-time
PAY0009050,LOAN0000339,CUST0000384,2024-04-23,2024-04-23,83.06,83.06,0.0,On-time
PAY0009051,LOAN0000467,CUST0000635,2024-07-03,2024-07-03,225.47,225.47,0.0,On-time
PAY0009052,LOAN0000122,CUST0000253,2026-08-04,2026-08-03,559.32,-559.32,0.0,On-time
PAY0009053,LOAN0000058,CUST0000978,2023-12-19,2023-12-18,909.7,909.7,0.0,On-time
PAY0009054,LOAN0000138,CUST0000052,2025-03-05,2025-03-03,332.64,332.64,0.0,On-time
PAY0009055,LOAN0000285,CUST0000506,2025-05-14,2025-05-12,133.87,133.87,0.0,On-time
PAY0009056,LOAN0000207,CUST0000383,2025-03-17,2025-03-27,935.64,935.64,10.0,Late
PAY0009057,LOAN0000559,CUST0000824,2026-02-28,,176.29,0.0,,Missed
PAY0009058,LOAN0000025,CUST0000636,2026-03-31,2026-04-13,398.64,398.64,13.0,Late
PAY0009059,LOAN0000094,CUST0000345,2024-06-30,2024-06-29,610.74,610.74,0.0,On-time
PAY0009060,LOAN0000547,CUST0000422,2025-08-19,2025-08-19,244.53,244.53,0.0,On-time
PAY0009061,LOAN0000129,CUST0000236,2022-10-08,,453.79,0.0,,Missed
PAY0009062,LOAN0000397,CUST0000714,2025-05-19,,500.03,0.0,,Missed
PAY0009063,LOAN0000075,CUST0000330,2025-07-01,2025-07-16,300.89,300.89,15.0,Late
PAY0009064,LOAN0000234,CUST0000396,2022-02-08,2022-03-11,235.35,235.35,31.0,Late
PAY0009065,LOAN9868334,CUST0000898,2026-03-19,2026-03-17,642.92,642.92,0.0,On-time
PAY0009066,LOAN0000564,CUST0000695,2024-05-14,2022-12-03,471.54,471.54,0.0,On-time
PAY0009067,LOAN0000362,CUST0000964,2025-09-23,,924.47,0.0,,Missed
PAY0009068,LOAN0000583,CUST0000516,2024-10-27,2024-11-15,843.06,843.06,19.0,Late
PAY0009069,LOAN0000421,CUST0000034,2026-07-14,2026-07-13,2573.12,2573.12,0.0,On-time
PAY0009070,LOAN0000109,CUST0000993,2025-05-11,2025-05-09,413.87,413.87,0.0,On-time
PAY0009071,LOAN0000041,CUST0000778,2024-06-12,2024-06-11,450.04,450.04,0.0,On-time
PAY0009072,LOAN0000509,CUST0000598,2025-07-24,2025-07-26,671.21,671.21,2.0,Late
PAY0009073,LOAN0000140,CUST0000221,2026-03-26,2026-03-24,83.09,83.09,0.0,On-time
PAY0009074,LOAN0000071,CUST0000250,2025-04-22,,190.79,190.79,0.0,On-time
PAY0009075,LOAN0000078,CUST0000726,2024-12-22,2024-12-23,1123.26,1123.26,1.0,Late
PAY0009076,LOAN0000580,CUST0000130,2024-07-14,2024-07-14,5371.95,5371.95,0.0,On-time
PAY0009077,LOAN0000364,CUST0000322,2024-01-03,2024-01-03,86.55,86.55,0.0,On-time
PAY0009078,LOAN0000111,CUST0000196,2025-01-06,,640.44,0.0,,Missed
PAY0009079,LOAN0000453,CUST0000869,2024-06-13,2024-06-11,1543.9,1543.9,0.0,On-time
PAY0009080,LOAN0000317,CUST0000372,2025-07-01,2025-06-30,1076.49,1076.49,0.0,On-time
PAY0009081,LOAN0000087,CUST0000889,2024-09-04,2024-09-03,286.79,286.79,0.0,On-time
PAY0009082,LOAN0000488,CUST0000052,2024-11-10,2024-11-09,135.79,135.79,0.0,On-time
PAY0009083,LOAN0000334,CUST0000824,2025-04-05,2025-04-05,98.19,98.19,0.0,On-time
PAY0009084,LOAN0000007,CUST0000718,2026-06-12,2026-06-12,669.61,669.61,0.0,On-time
PAY0009085,LOAN0000533,CUST0000725,2022-12-25,2022-12-24,1461.65,1461.65,0.0,On-time
PAY0009086,LOAN0000593,CUST0000684,2024-03-10,2024-03-09,300.58,300.58,0.0,On-time
PAY0009087,LOAN0000370,CUST0000869,2024-12-27,2025-01-09,778.37,778.37,13.0,Late
PAY0009088,LOAN0000534,CUST0000170,2025-08-06,2025-08-05,80.99,59.19,0.0,Partial
PAY0009089,LOAN0000453,CUST0000869,2022-05-14,2022-05-13,1543.9,1543.9,0.0,On-time
PAY0009090,LOAN0000205,CUST0000080,2024-07-27,2024-08-19,709.8,709.8,23.0,Late
PAY0009091,LOAN0000481,CUST0000429,2026-03-05,2026-03-04,227.01,227.01,0.0,On-time
PAY0009092,LOAN0000286,CUST0000607,2026-02-21,2026-02-21,448.57,448.57,0.0,On-time
PAY0009093,LOAN0000531,CUST0000891,2025-09-02,2025-09-17,344.43,344.43,15.0,Late
PAY0009094,LOAN0000363,CUST0000783,2024-07-29,2024-07-28,630.91,630.91,0.0,On-time
PAY0009095,LOAN0000206,CUST0000997,2025-04-25,,153.63,0.0,,Missed
PAY0009096,LOAN0000343,CUST0000618,2026-03-05,,2825.66,0.0,,Missed
PAY0009097,LOAN0000019,CUST0000441,2023-08-30,2023-08-29,2083.16,2083.16,0.0,On-time
PAY0009098,LOAN0000588,CUST0000382,2025-07-29,2025-07-27,148.33,148.33,0.0,On-time
PAY0009099,LOAN0000461,CUST0000893,2024-07-25,2024-07-23,13.08,13.08,0.0,On-time
PAY0009100,LOAN0000117,CUST0000975,2024-12-30,2024-12-28,466.71,466.71,0.0,On-time
PAY0009101,LOAN0000184,CUST0000347,2024-03-11,,487.42,0.0,,Missed
PAY0009102,LOAN0000085,CUST0000020,2025-03-10,2025-03-09,1832.83,1832.83,0.0,On-time
PAY0009103,LOAN0000143,CUST0000791,2026-08-22,,159.55,159.55,0.0,On-time
PAY0009104,LOAN0000521,CUST0000273,2026-01-01,2025-12-31,1356.42,1356.42,0.0,On-time
PAY0009105,LOAN0000462,CUST0000397,2025-03-30,2025-05-13,660.43,660.43,44.0,Late
PAY0009106,LOAN0000187,CUST0000518,2025-09-06,2025-09-17,201.21,201.21,11.0,Late
PAY0009107,LOAN0000142,CUST0000897,2025-01-19,2025-01-18,459.08,459.08,0.0,on time
PAY0009108,LOAN0000313,CUST0000400,2026-02-17,2026-02-17,296.44,296.44,0.0,On-time
PAY0009109,LOAN0000578,CUST0000916,2023-06-01,2023-05-30,335.27,335.27,0.0,On-time
PAY0009110,LOAN0000146,CUST0000606,2026-01-24,2026-01-23,1506.71,1506.71,0.0,On-time
PAY0009111,LOAN0000545,CUST0000318,2026-07-26,,34.17,0.0,,Missed
PAY0009112,LOAN0000249,CUST0000632,2026-04-11,2026-04-10,1134.85,-945.46,0.0,Partial
PAY0009113,LOAN0000259,CUST0000175,2026-01-22,2026-01-22,393.56,-393.56,0.0,On-time
PAY0009114,LOAN0000182,CUST0000834,2025-04-16,,39.57,0.0,,Missed
PAY0009115,LOAN0000276,CUST0000832,2026-08-20,2026-08-18,624.72,624.72,0.0,On-time
PAY0009116,LOAN0000207,CUST0000383,2025-08-16,2025-08-15,935.64,935.64,0.0,On-time
PAY0009117,LOAN0000216,CUST0000899,2025-12-20,,545.77,0.0,,Missed
PAY0009118,LOAN0000385,CUST0000435,2024-11-27,2024-11-26,394.76,394.76,0.0,On Time
PAY0009119,LOAN0000051,CUST0000838,2023-08-23,2023-08-21,1474.03,1474.03,0.0,On-time
PAY0009120,LOAN0000505,CUST0000062,2024-08-18,2024-08-16,50.36,50.36,0.0,On-time
PAY0009121,LOAN0000394,CUST0000050,2022-12-21,2022-12-20,566.23,566.23,0.0,On-time
PAY0009122,LOAN0000337,CUST0000035,2024-12-26,2024-12-25,210.97,210.97,0.0,On-time
PAY0009123,LOAN0000387,CUST0000070,2026-06-17,2026-06-15,284.03,284.03,0.0,On-time
PAY0009124,LOAN0000331,CUST0000879,2025-06-04,2025-06-04,70.21,70.21,0.0,On-time
PAY0009125,LOAN0000304,CUST0000594,2026-08-22,2026-09-09,284.1,284.1,18.0,Late
PAY0009126,LOAN0000425,CUST0000755,2024-08-30,2024-08-30,351.83,351.83,0.0,On-time
PAY0009127,LOAN0000311,CUST0000689,2024-09-23,2024-10-11,184.19,184.19,18.0,Late
PAY0009128,LOAN0000327,CUST0000225,2025-09-26,2025-09-24,214.19,214.19,0.0,On-time
PAY0009129,LOAN0000584,CUST0000129,2025-09-05,2025-09-03,135.36,135.36,0.0,On-time
PAY0009130,LOAN0000590,CUST0000731,2026-05-05,2026-05-05,425.85,425.85,0.0,On-time
PAY0009131,LOAN0000422,CUST0000388,2024-03-14,2024-03-12,394.51,394.51,0.0,On-time
PAY0009132,LOAN0000387,CUST0000070,2026-04-17,2026-04-16,284.03,284.03,0.0,On-time
PAY0009133,LOAN0000442,CUST0000745,2025-12-04,2025-12-17,250.74,250.74,13.0,Late
PAY0009134,LOAN0000042,CUST0000954,2023-11-21,2023-11-19,518.03,518.03,0.0,On-time
PAY0009135,LOAN0000052,CUST0000697,2021-12-23,2021-12-21,1339.51,1339.51,0.0,On-time
PAY0009136,LOAN0000271,CUST0000310,2024-12-01,2024-12-01,1002.33,1002.33,0.0,On-time
PAY0009137,LOAN0000055,CUST0000726,2025-12-27,,399.72,0.0,,Missed
PAY0009138,LOAN0000160,CUST0000148,2026-02-14,2026-02-12,76.44,76.44,0.0,On-time
PAY0009139,LOAN0000439,CUST0000280,2026-07-22,,216.4,0.0,,Missed
PAY0009140,LOAN0000028,CUST0000016,2024-01-22,2024-01-20,196.9,196.9,0.0,On-time
PAY0009141,LOAN0000283,CUST0000045,2024-05-14,,57.8,0.0,,Missed
PAY0009142,LOAN0000143,CUST0000791,2023-10-22,2023-10-20,159.55,159.55,0.0,On-time
PAY0009143,LOAN0000386,CUST0000481,2023-02-11,2023-02-09,155.17,155.17,0.0,On-time
PAY0009144,LOAN0000058,CUST0000978,2024-07-19,2024-07-19,909.7,909.7,0.0,On-time
PAY0009145,LOAN0000584,CUST0000129,2023-09-05,2023-09-04,135.36,135.36,0.0,On-time
PAY0009146,LOAN0000131,CUST0000115,2023-12-04,2023-12-02,62.49,34.77,0.0,Partial
PAY0009147,LOAN0000080,CUST0000004,2025-06-18,2025-07-27,855.13,855.13,39.0,Late
PAY0009148,LOAN0000513,CUST0000621,2024-09-30,2024-09-28,667.76,667.76,0.0,On-time
PAY0009149,LOAN0000494,CUST0000188,2024-04-25,2024-04-25,1276.54,1276.54,0.0,On-time
PAY0009150,LOAN0000090,CUST0000721,2024-04-20,2024-04-19,213.64,213.64,0.0,On-time
PAY0009151,LOAN0000056,CUST0000793,2025-09-21,2025-09-21,145.21,145.21,0.0,On-time
PAY0009152,LOAN0000580,CUST0000130,2024-12-14,2024-12-26,5371.95,5371.95,12.0,Late
PAY0009153,LOAN0000302,CUST0000408,2026-06-06,2026-06-06,254.69,254.69,0.0,OK
PAY0009154,LOAN0000137,CUST0000463,2025-11-18,2025-11-17,1149.63,1149.63,0.0,On-time
PAY0009155,LOAN0000233,CUST0000781,2023-12-23,2023-12-22,2150.27,2150.27,0.0,On-time
PAY0009156,LOAN0000299,CUST0000136,2023-05-07,2023-05-07,486.64,486.64,0.0,On-time
PAY0009157,LOAN0000102,CUST0000551,2021-12-20,2021-12-19,635.91,635.91,0.0,On-time
PAY0009158,LOAN0000188,CUST0000979,2025-01-09,,349.2,0.0,,Missed
PAY0009159,LOAN0000045,CUST0000566,2026-03-15,2026-03-13,909.16,909.16,0.0,On-time
PAY0009160,LOAN0000008,CUST0000974,2026-06-09,2026-06-09,77.65,77.65,0.0,On-time
PAY0009161,LOAN0000168,CUST0000850,2023-08-31,,487.76,0.0,,Missed
PAY0009162,LOAN0000110,CUST0000466,2026-05-24,2026-05-24,434.4,434.4,0.0,On-time
PAY0009163,LOAN0000387,CUST0000070,2025-12-16,2025-12-15,284.03,284.03,0.0,On-time
PAY0009164,LOAN0000547,CUST0000422,2023-07-20,2023-07-18,244.53,244.53,0.0,On-time
PAY0009165,LOAN0000236,CUST0000945,2023-05-23,,123.89,0.0,,Missed
PAY0009166,LOAN0000178,CUST0000675,2024-11-13,2024-11-14,963.41,963.41,1.0,Late
PAY0009167,LOAN0000226,CUST0000893,2026-08-01,2026-07-31,101.32,101.32,0.0,On-time
PAY0009168,LOAN0000485,CUST0000678,2024-01-31,2024-01-30,174.48,174.48,0.0,On-time
PAY0009169,LOAN0000557,CUST0000030,2024-09-30,2024-09-28,2011.13,2011.13,0.0,On-time
PAY0009170,LOAN0000202,CUST0000060,2026-01-21,2026-01-19,65.87,65.87,0.0,On-time
PAY0009171,LOAN0000409,CUST0000196,2023-03-05,2023-03-05,4513.98,4513.98,0.0,On-time
PAY0009172,LOAN0000271,CUST0000310,2023-01-31,2023-01-31,1002.33,1002.33,0.0,On-time
PAY0009173,LOAN0000384,CUST0000497,2026-03-30,2026-04-22,97.43,97.43,23.0,Late
PAY0009174,LOAN0000271,CUST0000310,2023-07-03,2023-07-03,1002.33,1002.33,0.0,On-time
PAY0009175,LOAN0000146,CUST0000606,2024-09-24,2024-09-23,1506.71,1506.71,0.0,On-time
PAY0009176,LOAN0000115,CUST0000780,2026-04-13,2026-04-13,146.22,146.22,0.0,On-time
PAY0009177,LOAN0000057,CUST0000816,2024-12-24,2024-12-23,441.62,441.62,0.0,On-time
PAY0009178,LOAN0000386,CUST0000481,2023-03-14,2023-03-12,155.17,101.93,0.0,Partial
PAY0009179,LOAN0000584,CUST0000129,2024-08-05,2024-09-02,135.36,135.36,28.0,Late
PAY0009180,LOAN0000140,CUST0000221,2024-11-24,,83.09,83.09,0.0,On-time
PAY0009181,LOAN0000394,CUST0000050,2024-12-20,2024-12-19,566.23,566.23,0.0,On-time
PAY0009182,LOAN0000389,CUST0000725,2025-08-07,2025-08-05,389.39,237.92,0.0,Partial
PAY0009183,LOAN0000333,CUST0000449,2023-05-10,2023-05-08,427.8,427.8,0.0,On-time
PAY0009184,LOAN0000366,CUST0000111,2023-08-11,,668.2,0.0,,Missed
PAY0009185,LOAN0000139,CUST0000859,2024-03-11,2024-03-11,627.26,627.26,0.0,On-time
PAY0009186,LOAN0000386,CUST0000481,2024-01-12,2024-01-10,155.17,155.17,0.0,On-time
PAY0009187,LOAN0000390,CUST0000310,2024-04-23,2024-05-14,377.65,377.65,21.0,Late
PAY0009188,LOAN0000044,CUST0000363,2024-08-03,2024-08-02,1557.81,1557.81,0.0,On-time
PAY0009189,LOAN0000423,CUST0000564,2025-07-22,2025-07-21,43.59,43.59,0.0,On-time
PAY0009190,LOAN0000353,CUST0000832,2023-07-31,2023-07-31,1665.78,1665.78,0.0,On-time
PAY0009191,LOAN0000081,CUST0000682,2022-08-19,2022-08-19,377.89,377.89,0.0,On-time
PAY0009192,LOAN0000253,CUST0000066,2024-09-22,2024-09-21,384.38,384.38,0.0,On-time
PAY0009193,LOAN0000090,CUST0000721,2023-07-21,2023-07-20,213.64,213.64,0.0,On-time
PAY0009194,LOAN9957064,CUST0000340,2024-01-30,2024-01-30,528.94,528.94,0.0,On-time
PAY0009195,LOAN0000333,CUST0000449,2026-05-10,2026-05-10,427.8,427.8,0.0,On-time
PAY0009196,LOAN0000494,CUST0000188,2025-10-25,2025-10-25,1276.54,1276.54,0.0,On-time
PAY0009197,LOAN0000346,CUST0000988,2023-11-05,2023-11-05,186.55,186.55,0.0,On-time
PAY0009198,LOAN0000118,CUST0000545,2025-04-07,2025-04-06,208.58,208.58,0.0,On-time
PAY0009199,LOAN0000320,CUST0000394,2026-05-23,2026-05-22,637.39,637.39,0.0,On-time
PAY0009200,LOAN0000096,CUST0000078,2022-12-28,2022-12-28,811.36,811.36,0.0,On-time
PAY0009201,LOAN0000085,CUST0000020,2023-12-09,2023-12-07,1832.83,1832.83,0.0,On-time
PAY0009202,LOAN0000190,CUST0000337,2024-10-26,2024-10-26,293.17,293.17,0.0,On-time
PAY0009203,LOAN0000230,CUST0000869,2024-05-24,2024-05-23,271.38,271.38,0.0,On-time
PAY0009204,LOAN0000381,CUST0000477,2025-11-08,2025-11-08,1402.35,1402.35,0.0,On-time
PAY0009205,LOAN0000421,CUST0000034,2025-11-13,2025-11-12,2573.12,2573.12,0.0,On-time
PAY0009206,LOAN0000423,CUST0000564,2026-06-22,2026-06-22,43.59,43.59,0.0,On-time
PAY0009207,LOAN0000470,CUST0000725,2025-01-02,2025-01-02,241.98,241.98,0.0,On-time
PAY0009208,LOAN0000526,CUST0000184,2025-07-27,2025-07-27,341.99,219.41,0.0,Partial
PAY0009209,LOAN0000129,CUST0000236,2023-08-09,2023-08-09,453.79,453.79,0.0,On-time
PAY0009210,LOAN0000565,CUST0000504,2022-11-24,2022-11-22,554.46,554.46,0.0,On-time
PAY0009211,LOAN0000478,CUST0000586,2026-08-16,2026-09-04,382.05,382.05,19.0,Late
PAY0009212,LOAN0000429,CUST0000782,2024-11-24,2024-11-23,1011.92,1011.92,0.0,On-time
PAY0009213,LOAN0000425,CUST0000755,2024-11-29,2024-11-29,351.83,351.83,0.0,On-time
PAY0009214,LOAN0000082,CUST0000198,2026-06-01,2026-05-31,865.41,865.41,0.0,On-time
PAY0009215,LOAN0000255,CUST0000491,2024-10-07,2024-10-06,379.26,379.26,0.0,On-time
PAY0009216,LOAN0000031,CUST0000787,2022-07-19,2022-08-26,1194.04,1194.04,38.0,Late
PAY0009217,LOAN0000583,CUST0000516,2022-03-28,,843.06,0.0,,Missed
PAY0009218,LOAN0000399,CUST0000797,2024-02-21,2024-02-20,375.73,375.73,0.0,On-time
PAY0009219,LOAN0000052,CUST0000697,2022-06-24,2022-06-22,1339.51,1339.51,0.0,On-time
PAY0009220,LOAN0000367,CUST0000236,2025-11-18,2025-11-17,898.01,898.01,0.0,On-time
PAY0009221,LOAN0000058,CUST0000978,2023-11-18,,909.7,0.0,,Missed
PAY0009222,LOAN0000147,CUST0000364,2023-01-26,2023-01-24,150.55,150.55,0.0,On-time
PAY0009223,LOAN0000054,CUST0000039,2026-02-26,2026-02-24,1066.58,1066.58,0.0,On-time
PAY0009224,LOAN0000016,CUST0000359,2025-04-14,2025-04-12,424.63,424.63,0.0,On-time
PAY0009225,LOAN0000522,CUST0000507,2024-06-03,2024-06-01,1893.28,1893.28,0.0,On-time
PAY0009226,LOAN0000371,CUST0000522,2026-04-06,2026-04-06,1425.12,1425.12,0.0,On-time
PAY0009227,LOAN0000500,CUST0000918,2024-12-14,2024-12-12,199.95,199.95,0.0,On-time
PAY0009228,LOAN0000588,CUST0000382,2025-11-28,2025-11-28,148.33,148.33,0.0,On-time
PAY0009229,LOAN0000590,CUST0000731,2026-02-03,2026-02-01,425.85,425.85,0.0,On-time
PAY0009230,LOAN0000201,CUST0000283,2024-08-29,2024-08-29,640.87,640.87,0.0,On-time
PAY0009231,LOAN0000573,CUST0000880,2025-12-20,2025-12-19,884.49,884.49,0.0,On-time
PAY0009232,LOAN0000499,CUST0000110,2025-07-02,2025-06-30,435.21,435.21,0.0,On-time
PAY0009233,LOAN0000077,CUST0000473,2026-02-20,2026-02-18,171.08,171.08,0.0,On-time
PAY0009234,LOAN0000553,CUST0000515,2026-05-27,2026-05-25,108.09,108.09,0.0,On-time
PAY0009235,LOAN0000390,CUST0000310,2026-06-23,2026-06-22,377.65,377.65,0.0,On-time
PAY0009236,LOAN0000157,CUST0000083,2026-03-27,2026-03-25,346.56,346.56,0.0,On-time
PAY0009237,LOAN0000259,CUST0000175,2025-06-23,2025-06-21,393.56,-393.56,0.0,On-time
PAY0009238,LOAN0000104,CUST0000488,2025-03-26,,199.65,0.0,,Failed
PAY0009239,LOAN0000421,CUST0000034,2026-05-14,,2573.12,2573.12,0.0,On-time
PAY0009240,LOAN0000246,CUST0000874,2024-02-09,2024-02-09,966.85,966.85,0.0,On-time
PAY0009241,LOAN0000220,CUST0000997,2026-01-02,2026-01-02,519.56,519.56,0.0,OK
PAY0009242,LOAN0000555,CUST0000407,2024-12-29,2024-12-27,109.67,109.67,0.0,On-time
PAY0009243,LOAN0000384,CUST0000497,2025-11-29,2025-11-29,97.43,97.43,0.0,On-time
PAY0009244,LOAN0000168,CUST0000850,2023-01-30,2023-01-29,487.76,487.76,0.0,On-time
PAY0009245,LOAN0000538,CUST0000126,2025-11-08,2025-11-06,360.05,360.05,0.0,On-time
PAY0009246,LOAN0000505,CUST0000062,2023-07-19,2023-07-17,50.36,23.47,0.0,Partial
PAY0009247,LOAN0000531,CUST0000891,2024-03-03,,344.43,0.0,,Missed
PAY0009248,LOAN0000218,CUST0000200,2025-02-01,2025-02-01,864.08,864.08,0.0,On-time
PAY0009249,LOAN0000539,CUST0000693,2024-02-02,2024-01-31,180.07,180.07,0.0,On-time
PAY0009250,LOAN0000249,CUST0000632,2026-02-09,2026-02-08,1134.85,1134.85,0.0,On-time
PAY0009251,LOAN0000584,CUST0000129,2025-11-05,2025-11-04,135.36,135.36,0.0,On-time
PAY0009252,LOAN0000306,CUST0000956,2026-01-04,2026-01-04,605.15,605.15,0.0,On-time
PAY0009253,LOAN0000384,CUST0000497,2025-12-29,2025-12-29,97.43,97.43,0.0,On-time
PAY0009254,LOAN0000388,CUST0000135,2023-04-12,,1240.37,1240.37,0.0,On-time
PAY0009255,LOAN0000456,CUST0000220,2023-01-05,2023-01-04,204.09,204.09,0.0,On-time
PAY0009256,LOAN0000167,CUST0000260,2024-06-07,2024-06-06,974.84,974.84,0.0,On-time
PAY0009257,LOAN0000253,CUST0000066,2023-06-23,2023-06-21,384.38,384.38,0.0,On-time
PAY0009258,LOAN0000169,CUST0000889,2024-03-21,2024-03-21,1012.97,1012.97,0.0,On-time
PAY0009259,LOAN0000547,CUST0000422,2025-10-19,2025-10-19,244.53,244.53,0.0,On-time
PAY0009260,LOAN0000493,CUST0000307,2026-03-21,,516.28,0.0,,Missed
PAY0009261,LOAN0000192,CUST0000222,2022-09-12,2022-09-10,834.2,834.2,0.0,On-time
PAY0009262,LOAN0000089,CUST0000928,2025-01-17,2025-01-15,258.83,258.83,0.0,On-time
PAY0009263,LOAN0000257,CUST0000699,2026-02-24,2026-02-24,1022.97,1022.97,0.0,ON-TIME
PAY0009264,LOAN0000403,CUST0000115,2022-11-19,2022-11-19,43.28,43.28,0.0,On-time
PAY0009265,LOAN0000449,CUST0000617,2024-07-18,2024-07-18,464.05,464.05,0.0,On-time
PAY0009266,LOAN0000271,CUST0000310,2026-01-01,2025-12-30,1002.33,1002.33,0.0,On-time
PAY0009267,LOAN0000138,CUST0000052,2025-08-04,2025-08-04,332.64,332.64,0.0,On-time
PAY0009268,LOAN0000063,CUST0000024,2025-11-18,,101.19,0.0,,Missed
PAY0009269,LOAN0000437,CUST0000668,2025-12-17,,572.37,0.0,,Missed
PAY0009270,LOAN0000033,CUST0000373,2023-10-22,2023-10-21,2390.38,2390.38,0.0,On-time
PAY0009271,LOAN0000031,CUST0000787,2023-02-17,2023-03-06,1194.04,1194.04,17.0,Late
PAY0009272,LOAN0000387,CUST0000070,2024-02-16,2024-02-14,284.03,145.98,0.0,Partial
PAY0009273,LOAN0000306,CUST0000956,2025-12-04,2025-12-03,605.15,605.15,0.0,On-time
PAY0009274,LOAN0000216,CUST0000899,2025-02-18,,545.77,0.0,,Missed
PAY0009275,LOAN0000145,CUST0000538,2022-03-22,2022-03-22,1202.85,1202.85,0.0,On-time
PAY0009276,LOAN0000059,CUST0000961,2023-03-25,2023-03-25,1372.66,1372.66,0.0,On-time
PAY0009277,LOAN0000076,CUST0000869,2025-11-27,2025-12-26,241.76,241.76,29.0,Late
PAY0009278,LOAN0000422,CUST0000388,2022-07-14,2022-07-12,394.51,394.51,0.0,On-time
PAY0009279,LOAN0000392,CUST0000563,2024-09-25,,643.1,0.0,,Missed
PAY0009280,LOAN0000022,CUST0000637,2024-04-26,2024-04-26,78.37,78.37,0.0,On-time
PAY0009281,LOAN0000124,CUST0000801,2022-10-26,2022-10-26,715.13,715.13,0.0,On-time
PAY0009282,LOAN0000202,CUST0000060,2023-12-22,2023-12-22,65.87,65.87,0.0,On-time
PAY0009283,LOAN0000238,CUST0000420,2026-06-02,2026-06-02,346.74,346.74,0.0,On-time
PAY0009284,LOAN0000140,CUST0000221,2026-07-25,2026-07-24,83.09,83.09,0.0,On-time
PAY0009285,LOAN0000485,CUST0000678,2024-08-31,2024-10-07,174.48,174.48,37.0,Late
PAY0009286,LOAN0000397,CUST0000714,2024-05-19,2024-05-17,500.03,500.03,0.0,On-time
PAY0009287,LOAN0000508,CUST0000151,2026-07-24,,359.97,0.0,,Missed
PAY0009288,LOAN0000029,CUST0000434,2025-09-15,2025-10-03,698.52,698.52,18.0,Late
PAY0009289,LOAN0000305,CUST0000286,2024-06-23,2024-06-21,34.75,34.75,0.0,On-time
PAY0009290,LOAN0000331,CUST0000879,2024-05-05,2024-05-29,70.21,70.21,24.0,Late
PAY0009291,LOAN0000073,CUST0000266,2025-07-07,2025-07-06,101.83,56.03,0.0,Partial
PAY0009292,LOAN0000257,CUST0000699,2024-10-25,2024-10-23,1022.97,1022.97,0.0,On-time
PAY0009293,LOAN0000266,CUST0000220,2025-04-11,2025-04-10,324.19,324.19,0.0,On-time
PAY0009294,LOAN0000386,CUST0000481,2022-11-12,2022-11-10,155.17,155.17,0.0,On-time
PAY0009295,LOAN0000410,CUST0000712,2022-09-16,2022-09-16,696.51,696.51,0.0,On-time
PAY0009296,LOAN0000362,CUST0000964,2023-05-25,2023-05-23,924.47,924.47,0.0,On-time
PAY0009297,LOAN0000506,CUST0000630,2026-03-13,,206.27,0.0,,Missed
PAY0009298,LOAN0000156,CUST0000047,2025-07-14,2025-07-12,19.97,19.97,0.0,On-time
PAY0009299,LOAN0000156,CUST0000047,2023-03-15,2023-04-01,19.97,19.97,17.0,Late
PAY0009300,LOAN0000144,CUST0000143,2023-02-15,2023-02-14,184.57,184.57,0.0,On-time
PAY0009301,LOAN0000026,CUST0000233,2025-01-15,2025-01-15,1026.87,1026.87,0.0,On-time
PAY0009302,LOAN0000112,CUST0000398,2026-03-01,2026-03-29,275.2,-275.2,28.0,On-time
PAY0009303,LOAN0000361,CUST0000306,2026-02-05,2026-02-04,413.38,413.38,0.0,On-time
PAY0009304,LOAN0000030,CUST0000694,2026-08-07,2026-08-07,925.59,925.59,0.0,On-time
PAY0009305,LOAN0000012,CUST0000725,2024-07-21,2024-07-19,607.42,607.42,0.0,On-time
PAY0009306,LOAN0000571,CUST0000295,2023-03-19,2023-03-19,914.71,914.71,0.0,On-time
PAY0009307,LOAN0000025,CUST0000636,2025-12-29,2026-01-23,398.64,398.64,25.0,Late
PAY0009308,LOAN0000271,CUST0000310,2022-10-02,2022-09-30,1002.33,1002.33,0.0,On-time
PAY0009309,LOAN0000342,CUST0000666,2026-06-12,2026-06-11,103.82,82.45,0.0,Partial
PAY0009310,LOAN0000271,CUST0000310,2022-11-01,2022-10-31,1002.33,1002.33,0.0,On-time
PAY0009311,LOAN0000099,CUST0000232,2024-11-13,2024-11-12,124.7,124.7,0.0,On-time
PAY0009312,LOAN0000343,CUST0000618,2023-04-04,2023-05-12,2825.66,2825.66,38.0,Late
PAY0009313,LOAN0000508,CUST0000151,2023-05-25,2023-05-25,359.97,359.97,0.0,On-time
PAY0009314,LOAN0000002,CUST0000552,2025-01-30,2025-01-28,38.11,38.11,0.0,On-time
PAY0009315,LOAN0000318,CUST0000451,2025-02-11,,1389.25,,12.0,Late
PAY0009316,LOAN0000179,CUST0000796,2025-05-26,2025-06-03,76.24,76.24,8.0,Late
PAY0009317,LOAN0000156,CUST0000047,2024-06-14,2024-06-14,19.97,19.97,0.0,On-time
PAY0009318,LOAN0000339,CUST0000384,2025-11-22,,83.06,0.0,,Missed
PAY0009319,LOAN0000385,CUST0000435,2022-05-29,,394.76,0.0,,Missed
PAY0009320,LOAN0000035,CUST0000788,2023-06-04,2023-06-04,1926.73,1926.73,0.0,On-time
PAY0009321,LOAN0000493,CUST0000307,2025-10-20,,516.28,0.0,,Missed
PAY0009322,LOAN0000175,CUST0000265,2025-08-31,2025-08-30,344.59,344.59,0.0,On-time
PAY0009323,LOAN0000440,CUST0000395,2025-07-23,2025-07-21,555.31,555.31,0.0,On-time
PAY0009324,LOAN0000021,CUST0000826,2025-11-17,,38.77,0.0,,Missed
PAY0009325,LOAN0000047,CUST0000212,2025-11-14,2025-11-13,199.31,,0.0,On-time
PAY0009326,LOAN0000136,CUST0000678,2023-01-12,2023-01-10,62.52,62.52,0.0,On-time
PAY0009327,LOAN0000153,CUST0000245,2025-09-23,2025-10-12,313.95,313.95,19.0,Late
PAY0009328,LOAN0000096,CUST0000078,2022-11-27,2022-12-24,811.36,811.36,27.0,Late
PAY0009329,LOAN0000197,CUST0000932,2026-04-21,2026-04-21,110.21,110.21,0.0,On-time
PAY0009330,LOAN0000062,CUST0000397,2024-09-30,2024-09-28,309.46,309.46,0.0,On-time
PAY0009331,LOAN0000416,CUST0000611,2026-05-09,2026-05-22,21.6,-21.6,13.0,Late
PAY0009332,LOAN0000183,CUST0000713,2022-04-22,2022-04-20,588.68,588.68,0.0,OK
PAY0009333,LOAN0000454,CUST0000926,2025-05-02,2025-05-02,1716.2,1716.2,0.0,On-time
PAY0009334,LOAN0000218,CUST0000200,2024-04-03,2024-04-03,864.08,864.08,0.0,On-time
PAY0009335,LOAN0000026,CUST0000233,2024-04-16,2024-04-15,1026.87,1026.87,0.0,On-time
PAY0009336,LOAN0000094,CUST0000345,2022-07-01,2022-06-29,610.74,610.74,0.0,On-time
PAY0009337,LOAN0000586,CUST0000121,2022-07-04,2022-07-04,843.94,843.94,0.0,On-time
PAY0009338,LOAN0000587,CUST0000313,2026-05-25,2026-05-23,268.66,268.66,0.0,On-time
PAY0009339,LOAN0000331,CUST0000879,2024-09-03,2024-09-01,70.21,70.21,0.0,On-time
PAY0009340,LOAN0000388,CUST0000135,2023-07-13,2023-07-13,1240.37,1240.37,0.0,On-time
PAY0009341,LOAN0000363,CUST0000783,2025-11-28,2025-11-27,630.91,630.91,0.0,On-time
PAY0009342,LOAN0000581,CUST0000592,2023-07-18,,927.68,0.0,,Missed
PAY0009343,LOAN0000319,CUST0000112,2025-09-03,2025-09-01,132.31,132.31,0.0,On-time
PAY0009344,LOAN0000143,CUST0000791,2025-05-23,2025-05-22,159.55,159.55,0.0,On-time
PAY0009345,LOAN0000094,CUST0000345,2025-01-30,2025-03-15,610.74,610.74,44.0,Late
PAY0009346,LOAN0000156,CUST0000047,2026-04-14,2026-04-13,19.97,19.97,0.0,On-time
PAY0009347,LOAN0000290,CUST0000757,2022-01-13,2022-01-12,649.64,649.64,0.0,On-time
PAY0009348,LOAN0000185,CUST0000327,2024-12-09,2024-12-09,89.29,89.29,0.0,On-time
PAY0009349,LOAN0000380,CUST0000036,2025-01-26,2025-02-18,719.07,719.07,23.0,Late
PAY0009350,LOAN0000209,CUST0000225,2025-11-06,2025-11-04,295.37,295.37,0.0,On-time
PAY0009351,LOAN0000021,CUST0000826,2024-07-18,2024-07-17,38.77,38.77,0.0,On-time
PAY0009352,LOAN0000233,CUST0000781,2024-02-22,2024-02-21,2150.27,-2150.27,0.0,On-time
PAY0009353,LOAN0000257,CUST0000699,2024-12-25,2025-01-30,1022.97,1022.97,36.0,Late
PAY0009354,LOAN0000333,CUST0000449,2025-07-09,2025-07-09,427.8,427.8,0.0,On-time
PAY0009355,LOAN0000477,CUST0000436,2026-06-22,2026-06-21,14.8,14.8,0.0,On-time
PAY0009356,LOAN0000463,CUST0000684,2024-12-31,2024-12-29,397.2,397.2,0.0,On-time
PAY0009357,LOAN0000035,CUST0000788,2022-09-03,2022-09-03,1926.73,1926.73,0.0,On-time
PAY0009358,LOAN0000536,CUST0000581,2023-09-16,2023-09-14,246.77,246.77,0.0,On-time
PAY0009359,LOAN0000308,CUST0000188,2025-12-29,2025-12-28,680.08,680.08,0.0,On-time
PAY0009360,LOAN0000417,CUST0000487,2024-09-15,2024-09-14,14.34,14.34,0.0,On-time
PAY0009361,LOAN0000373,CUST0000783,2025-09-25,,1017.53,0.0,,Missed
PAY0009362,LOAN0000537,CUST0000611,2026-03-06,2026-03-04,29.05,29.05,0.0,On-time
PAY0009363,LOAN0000055,CUST0000726,2023-04-28,2023-05-23,399.72,399.72,25.0,Late
PAY0009364,LOAN0000545,CUST0000318,2026-04-26,2026-04-24,34.17,34.17,0.0,On-time
PAY0009365,LOAN0000192,CUST0000222,2023-07-14,2023-07-12,834.2,834.2,0.0,On-time
PAY0009366,LOAN0000119,CUST0000188,2022-10-15,2022-10-15,820.41,343.25,0.0,Partial
PAY0009367,LOAN0000364,CUST0000322,2025-09-03,2025-09-01,86.55,86.55,0.0,On-time
PAY0009368,LOAN0000368,CUST0000389,2026-02-18,2026-03-08,207.2,207.2,18.0,Late
PAY0009369,LOAN0000129,CUST0000236,2026-06-09,2026-07-17,453.79,453.79,38.0,Late
PAY0009370,LOAN0000149,CUST0000764,2024-06-09,2024-06-16,556.36,556.36,7.0,Late
PAY0009371,LOAN0000545,CUST0000318,2026-06-26,2026-06-25,34.17,34.17,0.0,On-time
PAY0009372,LOAN0000091,CUST0000953,2025-02-14,2025-02-12,417.35,417.35,0.0,On-time
PAY0009373,LOAN0000488,CUST0000052,2026-06-11,2026-06-23,135.79,135.79,12.0,Late
PAY0009374,LOAN0000161,CUST0000522,2022-10-28,2022-10-28,1392.51,1392.51,0.0,On-time
PAY0009375,LOAN0000497,CUST0000929,2023-10-11,,891.0,0.0,,Missed
PAY0009376,LOAN0000184,CUST0000347,2025-01-10,2025-01-10,487.42,487.42,0.0,On-time
PAY0009377,LOAN0000417,CUST0000487,2025-02-14,2025-02-12,14.34,14.34,0.0,On-time
PAY0009378,LOAN0000410,CUST0000712,2025-02-15,2025-03-21,696.51,696.51,34.0,Late
PAY0009379,LOAN0000485,CUST0000678,2023-07-02,,174.48,0.0,,Missed
PAY0009380,LOAN0000159,CUST0000902,2025-02-21,2025-02-21,47.23,47.23,0.0,On-time
PAY0009381,LOAN0000582,CUST0000328,2024-12-14,2024-12-13,2093.87,2093.87,0.0,On-time
PAY0009382,LOAN0000185,CUST0000327,2026-01-09,2026-02-18,89.29,89.29,40.0,Late
PAY0009383,LOAN0000306,CUST0000956,2025-04-05,2025-04-03,605.15,605.15,0.0,On-time
PAY0009384,LOAN0000139,CUST0000859,2025-03-11,,627.26,0.0,,Missed
PAY0009385,LOAN0000055,CUST0000726,2023-03-29,2023-03-27,399.72,399.72,0.0,On-time
PAY0009386,LOAN0000540,CUST0000782,2024-11-13,2024-11-13,216.21,,0.0,On-time
PAY0009387,LOAN0000134,CUST0000241,2025-04-06,2025-04-05,373.64,373.64,0.0,On-time
PAY0009388,LOAN0000034,CUST0000621,2022-04-12,2022-04-10,145.27,145.27,0.0,On-time
PAY0009389,LOAN0000517,CUST0000661,2026-01-27,2026-01-26,74.07,74.07,0.0,On-time
PAY0009390,LOAN0000248,CUST0000569,2024-05-07,2024-05-07,273.13,273.13,0.0,On-time
PAY0009391,LOAN0000125,CUST0000580,2026-03-09,,179.61,0.0,,Missed
PAY0009392,LOAN0000494,CUST0000188,2024-11-24,2024-11-23,1276.54,1276.54,0.0,On-time
PAY0009393,LOAN0000238,CUST0000420,2024-10-31,2024-10-29,346.74,346.74,0.0,On-time
PAY0009394,LOAN0000028,CUST0000016,2025-07-23,2025-07-21,196.9,196.9,0.0,On-time
PAY0009395,LOAN0000361,CUST0000306,2025-03-07,2025-03-06,413.38,413.38,0.0,On-time
PAY0009396,LOAN0000337,CUST0000035,2024-10-26,2024-10-25,210.97,210.97,0.0,On-time
PAY0009397,LOAN0000320,CUST0000394,2024-09-21,2024-09-21,637.39,637.39,0.0,On-time
PAY0009398,LOAN0000147,CUST0000364,2022-11-26,2022-11-26,150.55,150.55,0.0,On-time
PAY0009399,LOAN0000098,CUST0000913,2025-11-27,2025-11-25,205.08,205.08,0.0,On-time
PAY0009400,LOAN0000190,CUST0000337,2023-11-26,,293.17,0.0,,Missed
PAY0009401,LOAN0000207,CUST0000383,2023-10-17,2023-10-17,935.64,935.64,0.0,On-time
PAY0009402,LOAN0000516,CUST0000138,2026-05-08,2026-05-06,158.04,158.04,0.0,On-time
PAY0009403,LOAN0000171,CUST0000710,2026-06-03,2026-06-01,119.92,119.92,0.0,On-time
PAY0009404,LOAN0000295,CUST0000369,2024-08-03,2024-08-03,638.67,638.67,0.0,On-time
PAY0009405,LOAN0000536,CUST0000581,2025-04-16,2025-04-16,246.77,246.77,0.0,On-time
PAY0009406,LOAN0000246,CUST0000874,2023-10-10,2023-10-23,966.85,966.85,13.0,Late
PAY0009407,LOAN0000139,CUST0000859,2025-10-10,2025-11-03,627.26,627.26,24.0,Late
PAY0009408,LOAN0000382,CUST0000508,2026-01-30,2026-01-30,416.59,416.59,0.0,On-time
PAY0009409,LOAN0000209,CUST0000225,2025-07-07,2025-07-06,295.37,-295.37,0.0,On-time
PAY0009410,LOAN0000027,CUST0000457,2025-06-21,2025-06-21,240.0,240.0,0.0,On-time
PAY0009411,LOAN0000009,CUST0000316,2023-12-06,2023-12-05,201.72,201.72,0.0,On-time
PAY0009412,LOAN0000141,CUST0000292,2026-05-18,2026-06-09,2633.83,2633.83,22.0,Late
PAY0009413,LOAN0000196,CUST0000862,2026-08-16,2026-09-17,272.29,272.29,32.0,Late
PAY0009414,LOAN0000168,CUST0000850,2023-03-02,2023-03-01,487.76,487.76,0.0,On-time
PAY0009415,LOAN0000531,CUST0000891,2024-12-02,2024-12-24,344.43,344.43,22.0,Late
PAY0009416,LOAN0000076,CUST0000869,2025-02-26,2025-02-26,241.76,241.76,0.0,On-time
PAY0009417,LOAN0000382,CUST0000508,2024-12-31,2024-12-29,416.59,416.59,0.0,On-time
PAY0009418,LOAN0000589,CUST0000517,2025-12-01,2025-12-01,611.86,611.86,0.0,On-time
PAY0009419,LOAN0000532,CUST0000330,2026-06-01,2026-06-28,677.86,677.86,27.0,Late
PAY0009420,LOAN0000588,CUST0000382,2024-04-29,2024-04-28,148.33,148.33,0.0,On-time
PAY0009421,LOAN0000443,CUST0000791,2025-06-02,2025-05-31,1882.62,1882.62,0.0,On-time
PAY0009422,LOAN0000031,CUST0000787,2022-04-18,2022-05-18,1194.04,1194.04,30.0,delayed
PAY0009423,LOAN0000119,CUST0000188,2022-03-16,2022-03-16,820.41,253.6,0.0,Partial
PAY0009424,LOAN0000348,CUST0000228,2022-12-13,2022-12-12,140.46,140.46,0.0,On-time
PAY0009425,LOAN0000246,CUST0000874,2023-04-10,2023-04-08,966.85,966.85,0.0,On-time
PAY0009426,LOAN0000449,CUST0000617,2023-05-19,2023-05-19,464.05,464.05,0.0,On-time
PAY0009427,LOAN0000497,CUST0000929,2026-02-09,,891.0,0.0,,Missed
PAY0009428,LOAN0000481,CUST0000429,2023-08-04,2023-08-02,227.01,227.01,0.0,On-time
PAY0009429,LOAN0000028,CUST0000016,2025-03-23,2025-03-22,196.9,196.9,0.0,On-time
PAY0009430,LOAN0000578,CUST0000916,2024-05-01,2024-05-01,335.27,335.27,0.0,On-time
PAY0009431,LOAN0000279,CUST0000696,2025-06-24,2025-06-22,28.99,28.99,0.0,On-time
PAY0009432,LOAN0000150,CUST0000901,2025-06-17,2025-06-17,421.66,421.66,0.0,On-time
PAY0009433,LOAN0000236,CUST0000945,2023-10-23,2023-10-22,123.89,123.89,0.0,On-time
PAY0009434,LOAN0000338,CUST0000083,2023-09-30,2023-09-29,1081.84,1081.84,0.0,On-time
PAY0009435,LOAN0000013,CUST0000091,2025-04-03,2025-04-01,1833.33,1833.33,0.0,On-time
PAY0009436,LOAN0000108,CUST0000303,2026-01-30,2026-01-30,115.22,115.22,0.0,On-time
PAY0009437,LOAN0000410,CUST0000712,2025-01-15,2025-01-13,696.51,696.51,0.0,On-time
PAY0009438,LOAN0000366,CUST0000111,2023-07-11,2023-07-09,668.2,-668.2,0.0,On-time
PAY0009439,LOAN9581458,CUST0000313,2024-10-23,2024-10-21,268.66,268.66,0.0,On-time
PAY0009440,LOAN0000057,CUST0000816,2024-10-24,2024-10-23,441.62,441.62,0.0,On-time
PAY0009441,LOAN0000275,CUST0000306,2025-03-16,2025-03-16,384.84,384.84,0.0,On-time
PAY0009442,LOAN0000343,CUST0000618,2024-05-04,2024-06-10,2825.66,2825.66,37.0,Late
PAY0009443,LOAN0000567,CUST0000627,2025-12-28,2025-12-28,73.42,73.42,0.0,On-time
PAY0009444,LOAN0000145,CUST0000538,2024-09-20,2024-09-20,1202.85,1202.85,0.0,On-time
PAY0009445,LOAN0000387,CUST0000070,2025-01-16,2025-01-14,284.03,284.03,0.0,On-time
PAY0009446,LOAN0000587,CUST0000313,2025-01-23,2025-01-30,268.66,268.66,7.0,Late
PAY0009447,LOAN0000311,CUST0000689,2025-09-23,2025-09-22,184.19,184.19,0.0,On-time
PAY0009448,LOAN0000422,CUST0000388,2023-01-13,2023-01-12,394.51,394.51,0.0,On-time
PAY0009449,LOAN0000319,CUST0000112,2023-07-04,2023-07-03,132.31,132.31,0.0,On-time
PAY0009450,LOAN0000368,CUST0000389,2026-07-20,2026-07-19,207.2,207.2,0.0,On-time
PAY0009451,LOAN0000514,CUST0000224,2023-02-19,,1266.69,0.0,,Missed
PAY0009452,LOAN0000026,CUST0000233,2026-07-17,2026-07-15,1026.87,1026.87,0.0,On-time
PAY0009453,LOAN0000411,CUST0000531,2025-04-11,2025-04-10,1187.31,1187.31,0.0,On-time
PAY0009454,LOAN0000373,CUST0000783,2026-02-24,2026-02-23,1017.53,1017.53,0.0,On-time
PAY0009455,LOAN0000224,CUST0000556,2024-12-24,2024-12-24,1054.15,1054.15,0.0,On-time
PAY0009456,LOAN0000333,CUST0000449,2026-02-07,2026-02-07,427.8,427.8,0.0,On-time
PAY0009457,LOAN0000184,CUST0000347,2025-06-11,2025-06-11,487.42,300.23,0.0,Partial
PAY0009458,LOAN0000556,CUST0000773,2024-05-21,2024-05-20,76.7,76.7,0.0,On-time
PAY0009459,LOAN0000488,CUST0000052,2024-10-10,2024-11-09,135.79,135.79,30.0,Late
PAY0009460,LOAN0000593,CUST0000684,2024-04-10,2024-04-09,300.58,158.62,0.0,Partial
PAY0009461,LOAN0000144,CUST0000143,2025-09-16,2025-09-16,184.57,117.56,0.0,Partial
PAY0009462,LOAN0000493,CUST0000307,2023-03-22,2023-03-22,516.28,516.28,0.0,On-time
PAY0009463,LOAN0000177,CUST0000681,2026-01-26,2026-01-26,93.84,93.84,0.0,On-time
PAY0009464,LOAN0000423,CUST0000564,2024-05-22,2024-05-22,43.59,43.59,0.0,On-time
PAY0009465,LOAN0000426,CUST0000297,2024-01-15,2024-01-14,370.17,370.17,0.0,On-time
PAY0009466,LOAN0000373,CUST0000783,2025-08-25,,1017.53,0.0,,Missed
PAY0009467,LOAN0000148,CUST0000105,2024-04-08,2024-04-08,2311.29,2311.29,0.0,On-time
PAY0009468,LOAN0000467,CUST0000635,2026-08-03,,225.47,0.0,,Missed
PAY0009469,LOAN0000012,CUST0000725,2023-10-21,,607.42,0.0,,Missed
PAY0009470,LOAN0000100,CUST0000084,2024-10-23,2024-10-22,1277.87,1277.87,0.0,On-time
PAY0009471,LOAN0000190,CUST0000337,2025-09-26,,293.17,0.0,,Missed
PAY0009472,LOAN0000489,CUST0000219,2024-04-26,2024-04-26,3381.18,3381.18,0.0,On-time
PAY0009473,LOAN0000417,CUST0000487,2025-03-16,2025-03-16,14.34,14.34,0.0,On-time
PAY0009474,LOAN0000295,CUST0000369,2025-03-04,2025-03-02,638.67,638.67,0.0,On-time
PAY0009475,LOAN0000008,CUST0000974,2024-06-08,2024-06-08,77.65,77.65,0.0,On-time
PAY0009476,LOAN0000193,CUST0000003,2023-06-27,2023-06-27,466.75,466.75,0.0,On-time
PAY0009477,LOAN0000463,CUST0000684,2023-06-01,2023-06-01,397.2,397.2,0.0,On-time
PAY0009478,LOAN0000129,CUST0000236,2024-03-09,2024-03-07,453.79,453.79,0.0,On-time
PAY0009479,LOAN0000256,CUST0000931,2024-10-26,2024-10-25,94.47,94.47,0.0,On-time
PAY0009480,LOAN0000569,CUST0000182,2026-03-28,2026-03-26,206.03,206.03,0.0,On-time
PAY0009481,LOAN0000362,CUST0000964,2026-02-22,2026-02-20,924.47,924.47,0.0,On-time
PAY0009482,LOAN0000506,CUST0000630,2025-04-13,2025-04-12,206.27,206.27,0.0,On-time
PAY0009483,LOAN0000071,CUST0000250,2024-06-22,2024-06-30,190.79,190.79,8.0,Late
PAY0009484,LOAN0000059,CUST0000961,2023-11-23,2023-11-23,1372.66,1372.66,0.0,On-time
PAY0009485,LOAN0000066,CUST0000604,2024-01-17,2024-01-15,277.59,277.59,0.0,On-time
PAY0009486,LOAN0000422,CUST0000388,2024-05-14,2024-05-14,394.51,394.51,0.0,OK
PAY0009487,LOAN0000237,CUST0000988,2024-08-23,2024-08-24,1335.42,1335.42,1.0,Late
PAY0009488,LOAN0000394,CUST0000050,2022-02-19,2022-03-23,566.23,566.23,32.0,Late
PAY0009489,LOAN0000038,CUST0000515,2026-02-14,,169.73,0.0,,Missed
PAY0009490,LOAN0000185,CUST0000327,2025-12-10,2025-12-08,89.29,-89.29,0.0,On-time
PAY0009491,LOAN0000078,CUST0000726,2023-06-23,2023-06-21,1123.26,1123.26,0.0,On-time
PAY0009492,LOAN0000153,CUST0000245,2024-02-22,2024-02-21,313.95,313.95,0.0,On-time
PAY0009493,LOAN0000470,CUST0000725,2024-05-03,2024-05-01,241.98,241.98,0.0,On-time
PAY0009494,LOAN0000245,CUST0000346,2024-12-22,2024-12-20,1602.5,1602.5,0.0,On-time
PAY0009495,LOAN0000237,CUST0000988,2025-01-22,2025-02-09,1335.42,1335.42,18.0,Late
PAY0009496,LOAN0000416,CUST0000611,2025-01-07,2025-01-07,21.6,21.6,0.0,On-time
PAY0009497,LOAN0000092,CUST0000314,2022-08-01,,657.71,361.69,0.0,Partial
PAY0009498,LOAN0000539,CUST0000693,2026-03-04,2026-03-02,180.07,180.07,0.0,On-time
PAY0009499,LOAN0000385,CUST0000435,2024-10-27,2024-10-27,394.76,394.76,0.0,On-time
PAY0009500,LOAN0000131,CUST0000115,2023-03-05,2023-03-03,62.49,62.49,0.0,On-time
PAY0009501,LOAN0000140,CUST0000221,2026-02-23,2026-02-23,83.09,83.09,0.0,On-time
PAY0009502,LOAN0000423,CUST0000564,2024-09-21,2024-10-23,43.59,43.59,32.0,Late
PAY0009503,LOAN0000364,CUST0000322,2024-07-04,2024-07-04,86.55,86.55,0.0,On-time
PAY0009504,LOAN0000028,CUST0000016,2024-05-22,2024-05-20,196.9,196.9,0.0,On-time
PAY0009505,LOAN0000173,CUST0000500,2025-05-28,2025-05-26,41.76,41.76,0.0,On-time
PAY0009506,LOAN0000390,CUST0000310,2025-04-23,2025-04-22,377.65,377.65,0.0,On-time
PAY0009507,LOAN0000429,CUST0000782,2025-08-25,2025-08-25,1011.92,1011.92,0.0,On-time
PAY0009508,LOAN0000340,CUST0000532,2026-02-21,,498.01,0.0,,Missed
PAY0009509,LOAN0000592,CUST0000786,2025-04-04,2025-05-16,979.05,979.05,42.0,Late
PAY0009510,LOAN0000143,CUST0000791,2026-02-21,,159.55,0.0,,Missed
PAY0009511,LOAN0000522,CUST0000507,2025-03-04,2025-03-10,1893.28,1893.28,6.0,Late
PAY0009512,LOAN0000583,CUST0000516,2023-11-27,2023-11-25,843.06,843.06,0.0,On-time
PAY0009513,LOAN0000397,CUST0000714,2024-02-17,2024-03-08,500.03,500.03,20.0,Late
PAY0009514,LOAN0000541,CUST0000470,2023-10-30,2023-10-30,1284.91,1284.91,0.0,On-time
PAY0009515,LOAN0000488,CUST0000052,2025-04-11,2025-04-10,135.79,135.79,0.0,On-time
PAY0009516,LOAN0000481,CUST0000429,2025-11-03,2025-11-03,227.01,227.01,0.0,On-time
PAY0009517,LOAN0000230,CUST0000869,2025-11-23,2025-11-21,271.38,271.38,0.0,On-time
PAY0009518,LOAN0000342,CUST0000666,2026-07-12,2026-07-11,103.82,103.82,0.0,On-time
PAY0009519,LOAN0000358,CUST0000899,2025-02-05,2025-02-04,368.63,,0.0,On-time
PAY0009520,LOAN0000519,CUST0000619,2022-05-25,2022-05-24,150.47,150.47,0.0,On-time
PAY0009521,LOAN0000538,CUST0000126,2024-04-08,2024-04-13,360.05,360.05,5.0,Late
PAY0009522,LOAN0000456,CUST0000220,2023-09-06,2023-09-04,204.09,204.09,0.0,On-time
PAY0009523,LOAN0000579,CUST0000002,2024-04-26,2024-04-25,467.36,467.36,0.0,On-time
PAY0009524,LOAN0000369,CUST0000699,2025-07-20,2025-07-20,863.87,863.87,0.0,On-time
PAY0009525,LOAN0000572,CUST0000379,2025-07-01,2025-07-01,199.55,199.55,0.0,On-time
PAY0009526,LOAN0000388,CUST0000135,2024-11-11,2024-11-09,1240.37,1240.37,0.0,On-time
PAY0009527,LOAN0000403,CUST0000115,2024-09-19,2024-09-17,43.28,15.21,0.0,Partial
PAY0009528,LOAN0000143,CUST0000791,2026-05-23,2026-05-22,159.55,159.55,0.0,On-time
PAY0009529,LOAN0000542,CUST0000668,2026-07-05,2026-07-03,286.55,286.55,0.0,On-time
PAY0009530,LOAN0000313,CUST0000400,2026-05-19,,296.44,296.44,0.0,On-time
PAY0009531,LOAN0000496,CUST0000211,2025-12-28,2025-12-26,488.18,488.18,0.0,On-time
PAY0009532,LOAN0000104,CUST0000488,2025-07-26,2025-07-25,199.65,199.65,0.0,On-time
PAY0009533,LOAN0000580,CUST0000130,2025-03-15,2025-03-13,5371.95,5371.95,0.0,On-time
PAY0009534,LOAN0000188,CUST0000979,2023-12-10,2023-12-10,349.2,349.2,0.0,On-time
PAY0009535,LOAN0000028,CUST0000016,2024-06-22,2024-06-20,196.9,196.9,0.0,On-time
PAY0009536,LOAN0000133,CUST0000758,2025-06-18,2025-06-16,367.28,367.28,0.0,On-time
PAY0009537,LOAN0000403,CUST0000115,2022-04-20,2022-05-27,43.28,43.28,37.0,Late
PAY0009538,LOAN0000028,CUST0000016,2025-08-22,2025-08-21,196.9,196.9,0.0,On-time
PAY0009539,LOAN0000505,CUST0000062,2023-10-19,2023-10-17,50.36,50.36,0.0,On-time
PAY0009540,LOAN0000055,CUST0000726,2022-08-28,2022-08-27,399.72,399.72,0.0,On-time
PAY0009541,LOAN0000586,CUST0000121,2023-02-03,2023-02-01,843.94,843.94,0.0,On-time
PAY0009542,LOAN0000177,CUST0000681,2026-06-28,2026-08-11,93.84,93.84,44.0,Late
PAY0009543,LOAN0000017,CUST0000733,2023-08-20,2023-09-28,646.87,646.87,39.0,Late
PAY0009544,LOAN0000120,CUST0000484,2025-11-12,2025-11-12,316.36,316.36,0.0,On-time
PAY0009545,LOAN0000059,CUST0000961,2025-08-23,2025-08-22,1372.66,-1372.66,0.0,On-time
PAY0009546,LOAN0000333,CUST0000449,2023-06-09,2023-06-07,427.8,427.8,0.0,On-time
PAY0009547,LOAN0000369,CUST0000699,2024-12-18,2024-12-17,863.87,863.87,0.0,On-time
PAY0009548,LOAN0000394,CUST0000050,2023-06-21,2023-06-20,566.23,566.23,0.0,On-time
PAY0009549,LOAN0000016,CUST0000359,2026-01-13,2026-01-13,424.63,424.63,0.0,On-time
PAY0009550,LOAN0000229,CUST0000179,2023-07-05,2023-07-05,41.64,41.64,0.0,On-time
PAY0009551,LOAN0000194,CUST0000341,2023-12-08,2023-12-08,1014.07,1014.07,0.0,On-time
PAY0009552,LOAN0000501,CUST0000055,2026-03-06,2026-03-06,762.76,762.76,0.0,On-time
PAY0009553,LOAN0000136,CUST0000678,2024-08-13,2024-08-11,62.52,62.52,0.0,On-time
PAY0009554,LOAN0000380,CUST0000036,2025-02-26,,719.07,0.0,,Missed
PAY0009555,LOAN0000410,CUST0000712,2023-06-17,2023-06-17,696.51,696.51,0.0,On-time
PAY0009556,LOAN0000584,CUST0000129,2024-12-05,2024-12-05,135.36,135.36,0.0,On-time
PAY0009557,LOAN0000077,CUST0000473,2026-06-21,2026-06-19,171.08,171.08,0.0,On-time
PAY0009558,LOAN0000221,CUST0000720,2025-09-25,2025-09-25,836.91,836.91,0.0,On-time
PAY0009559,LOAN0000023,CUST0000556,2026-03-24,2026-03-23,888.73,888.73,0.0,On-time
PAY0009560,LOAN0000246,CUST0000874,2022-10-10,,966.85,0.0,,Missed
PAY0009561,LOAN0000574,CUST0000356,2024-03-03,2024-03-02,2031.77,2031.77,0.0,On-time
PAY0009562,LOAN0000417,CUST0000487,2026-08-16,2026-08-16,14.34,14.34,0.0,On-time
PAY0009563,LOAN0000380,CUST0000036,2025-03-28,2025-05-11,719.07,719.07,44.0,Late
PAY0009564,LOAN0000353,CUST0000832,2023-08-30,2023-08-29,1665.78,1665.78,0.0,On-time
PAY0009565,LOAN0000033,CUST0000373,2024-06-21,2024-06-21,2390.38,2390.38,0.0,On-time
PAY0009566,LOAN0000190,CUST0000337,2024-05-27,2024-05-27,293.17,293.17,0.0,On-time
PAY0009567,LOAN0000436,CUST0000075,2024-10-14,2024-10-13,179.3,179.3,0.0,On-time
PAY0009568,LOAN0000149,CUST0000764,2026-01-09,2026-01-08,556.36,556.36,0.0,On-time
PAY0009569,LOAN0000017,CUST0000733,2022-11-19,2022-11-19,646.87,646.87,0.0,On-time
PAY0009570,LOAN0000385,CUST0000435,2022-02-26,2022-02-25,394.76,394.76,0.0,On Time
PAY0009571,LOAN0000041,CUST0000778,2023-08-12,,450.04,0.0,,Missed
PAY0009572,LOAN0000349,CUST0000776,2026-08-09,2026-08-09,367.15,367.15,0.0,On-time
PAY0009573,LOAN0000068,CUST0000510,2023-06-14,2023-06-12,1394.11,614.31,0.0,Partial
PAY0009574,LOAN0000071,CUST0000250,2026-06-22,2026-06-22,190.79,190.79,0.0,On-time
PAY0009575,LOAN0000170,CUST0000156,2023-11-15,,1293.11,0.0,,Missed
PAY0009576,LOAN0000142,CUST0000897,2025-03-21,2025-04-05,459.08,459.08,15.0,Late
PAY0009577,LOAN0000202,CUST0000060,2025-08-22,2025-08-21,65.87,65.87,0.0,On-time
PAY0009578,LOAN0000424,CUST0000831,2025-09-05,,306.66,0.0,,Missed
PAY0009579,LOAN0000469,CUST0000772,2023-06-26,2023-06-26,35.48,35.48,0.0,On-time
PAY0009580,LOAN0000532,CUST0000330,2025-06-01,2025-05-31,677.86,677.86,0.0,On-time
PAY0009581,LOAN0000464,CUST0000434,2025-09-02,2025-09-01,368.61,368.61,0.0,On-time
PAY0009582,LOAN0000528,CUST0000832,2026-05-04,2026-05-02,436.3,436.3,0.0,On-time
PAY0009583,LOAN0000147,CUST0000364,2025-03-28,2025-03-26,150.55,150.55,0.0,On-time
PAY0009584,LOAN0000134,CUST0000241,2026-01-04,2026-01-04,373.64,373.64,0.0,On-time
PAY0009585,LOAN0000244,CUST0000562,2024-08-30,2024-08-29,683.64,683.64,0.0,On-time
PAY0009586,LOAN0000202,CUST0000060,2023-10-22,,65.87,0.0,,Missed
PAY0009587,LOAN0000246,CUST0000874,2024-03-10,,966.85,0.0,,Missed
PAY0009588,LOAN0000263,CUST0000966,2024-10-10,2024-10-08,460.72,460.72,0.0,On-time
PAY0009589,LOAN0000471,CUST0000761,2025-03-06,2025-03-04,123.33,123.33,0.0,On-time
PAY0009590,LOAN0000081,CUST0000682,2026-05-20,2026-05-18,377.89,377.89,0.0,On-time
PAY0009591,LOAN0000573,CUST0000880,2025-08-20,2025-08-20,884.49,884.49,0.0,On-time
PAY0009592,LOAN0000463,CUST0000684,2023-08-01,2023-07-31,397.2,397.2,0.0,On-time
PAY0009593,LOAN0000327,CUST0000225,2023-08-27,2023-08-26,214.19,214.19,0.0,On-time
PAY0009594,LOAN0000188,CUST0000979,2023-09-10,2023-09-10,349.2,349.2,0.0,On-time
PAY0009595,LOAN0000485,CUST0000678,2026-04-02,2026-04-01,174.48,174.48,0.0,On-time
PAY0009596,LOAN0000068,CUST0000510,2022-07-14,2022-07-27,1394.11,1394.11,13.0,Late
PAY0009597,LOAN0000554,CUST0000181,2025-08-15,2025-08-13,33.52,33.52,0.0,On-time
PAY0009598,LOAN0000457,CUST0000181,2024-09-25,,772.95,772.95,0.0,On-time
PAY0009599,LOAN0000200,CUST0000200,2024-12-22,2025-01-29,263.49,263.49,38.0,Late
PAY0009600,LOAN0000578,CUST0000916,2023-05-02,2023-05-02,335.27,335.27,0.0,On-time
PAY0009601,LOAN0000485,CUST0000678,2023-11-01,,174.48,174.48,0.0,On-time
PAY0009602,LOAN0000413,CUST0000242,2026-02-18,2026-02-17,536.55,,0.0,On-time
PAY0009603,LOAN0000288,CUST0000370,2025-10-19,2025-10-17,476.12,476.12,0.0,On-time
PAY0009604,LOAN0000134,CUST0000241,2026-08-06,2026-08-04,373.64,373.64,0.0,On-time
PAY0009605,LOAN0000012,CUST0000725,2022-10-21,,607.42,0.0,,Missed
PAY0009606,LOAN0000397,CUST0000714,2024-08-18,2024-08-16,500.03,,0.0,On-time
PAY0009607,LOAN0000363,CUST0000783,2023-02-27,2023-02-25,630.91,243.64,0.0,Partial
PAY0009608,LOAN0000152,CUST0000805,2026-03-17,2026-03-17,546.78,546.78,0.0,On-time
PAY0009609,LOAN0000444,CUST0000147,2025-11-02,2025-11-01,195.17,195.17,0.0,On-time
PAY0009610,LOAN0000578,CUST0000916,2025-01-30,,335.27,0.0,,Missed
PAY0009611,LOAN0000577,CUST0000268,2025-02-25,2025-02-23,33.72,33.72,0.0,On-time
PAY0009612,LOAN0000229,CUST0000179,2025-10-04,2025-10-03,41.64,41.64,0.0,On-time
PAY0009613,LOAN0000185,CUST0000327,2024-11-09,2024-12-08,89.29,89.29,29.0,Late
PAY0009614,LOAN0000070,CUST0000916,2026-06-22,2026-06-21,592.68,592.68,0.0,On-time
PAY0009615,LOAN0000138,CUST0000052,2026-02-03,2026-02-01,332.64,332.64,0.0,On-time
PAY0009616,LOAN0000317,CUST0000372,2025-10-31,,1076.49,0.0,,Missed
PAY0009617,LOAN0000255,CUST0000491,2026-07-08,2026-07-08,379.26,379.26,0.0,On-time
PAY0009618,LOAN0000283,CUST0000045,2024-08-14,2024-08-13,57.8,57.8,0.0,On-time
PAY0009619,LOAN0000195,CUST0000180,2023-10-12,2023-10-11,504.44,504.44,0.0,On-time
PAY0009620,LOAN0000361,CUST0000306,2024-10-06,2024-10-05,413.38,413.38,0.0,On-time
PAY0009621,LOAN0000059,CUST0000961,2025-05-24,2025-05-24,1372.66,1372.66,0.0,On-time
PAY0009622,LOAN0000336,CUST0000690,2025-07-26,,52.94,0.0,,missed
PAY0009623,LOAN0000575,CUST0000725,2025-01-09,2025-01-09,264.71,264.71,0.0,On-time
PAY0009624,LOAN0000085,CUST0000020,2023-08-09,2023-08-07,1832.83,1832.83,0.0,On-time
PAY0009625,LOAN0000028,CUST0000016,2024-09-21,2024-09-21,196.9,196.9,0.0,On-time
PAY0009626,LOAN0000265,CUST0000461,2025-04-03,2025-04-01,1752.19,1752.19,0.0,On-time
PAY0009627,LOAN0000493,CUST0000307,2022-05-21,,516.28,0.0,,Missed
PAY0009628,LOAN0000249,CUST0000632,2024-12-10,2024-12-27,1134.85,1134.85,17.0,Late
PAY0009629,LOAN0000371,CUST0000522,2022-03-06,2022-03-04,1425.12,1425.12,0.0,On-time
PAY0009630,LOAN0000592,CUST0000786,2024-05-04,2024-05-03,979.05,979.05,0.0,On-time
PAY0009631,LOAN0000118,CUST0000545,2025-10-07,2025-10-06,208.58,208.58,0.0,On-time
PAY0009632,LOAN0000546,CUST0000704,2025-06-16,2025-06-15,3568.57,3568.57,0.0,On-time
PAY0009633,LOAN0000362,CUST0000964,2025-03-24,2025-03-22,924.47,924.47,0.0,On-time
PAY0009634,LOAN0000114,CUST0000879,2025-01-21,2025-01-20,203.52,203.52,0.0,On-time
PAY0009635,LOAN0000268,CUST0000062,2025-11-06,2025-11-16,60.75,60.75,10.0,Late
PAY0009636,LOAN0000347,CUST0000702,2025-09-01,2025-08-31,1078.58,1078.58,0.0,On-time
PAY0009637,LOAN0000140,CUST0000221,2023-09-24,,83.09,0.0,,Missed
PAY0009638,LOAN0000288,CUST0000370,2025-04-20,2025-04-22,476.12,476.12,2.0,Late
PAY0009639,LOAN0000263,CUST0000966,2025-08-10,2025-08-08,460.72,460.72,0.0,On-time
PAY0009640,LOAN0000461,CUST0000893,2024-10-24,2023-08-10,13.08,13.08,0.0,On-time
PAY0009641,LOAN0000473,CUST0000340,2023-08-31,2023-08-29,528.94,528.94,0.0,On-time
PAY0009642,LOAN0000120,CUST0000484,2024-11-12,2024-11-14,316.36,316.36,2.0,Late
PAY0009643,LOAN0000504,CUST0000953,2026-04-21,2026-04-21,228.62,228.62,0.0,On-time
PAY0009644,LOAN0000024,CUST0000510,2026-07-30,2026-07-30,988.87,,0.0,On-time
PAY0009645,LOAN0000089,CUST0000928,2026-02-17,2026-02-16,258.83,258.83,0.0,On-time
PAY0009646,LOAN0000002,CUST0000552,2025-06-01,2025-05-30,38.11,19.35,0.0,Partial
PAY0009647,LOAN0000102,CUST0000551,2023-03-21,2023-03-21,635.91,635.91,0.0,On-time
PAY0009648,LOAN0000382,CUST0000508,2025-08-01,2025-07-31,416.59,416.59,0.0,On-time
PAY0009649,LOAN0000483,CUST0000418,2024-03-06,2024-03-05,191.54,191.54,0.0,On-time
PAY0009650,LOAN0000128,CUST0000660,2026-06-24,2026-06-24,286.74,286.74,0.0,On-time
PAY0009651,LOAN0000032,CUST0000569,2025-11-14,2025-11-13,1505.11,1505.11,0.0,On-time
PAY0009652,LOAN0000572,CUST0000379,2025-08-31,2025-08-31,199.55,199.55,0.0,On-time
PAY0009653,LOAN0000098,CUST0000913,2026-03-29,2026-03-27,205.08,205.08,0.0,On-time
PAY0009654,LOAN0000388,CUST0000135,2026-01-11,2026-01-10,1240.37,1240.37,0.0,On-time
PAY0009655,LOAN0000203,CUST0000928,2026-01-10,2026-02-10,478.83,478.83,31.0,Late
PAY0009656,LOAN0000497,CUST0000929,2023-12-10,2023-12-08,891.0,891.0,0.0,On-time
PAY0009657,LOAN0000267,CUST0000745,2026-02-08,2026-02-07,122.23,122.23,0.0,On-time
PAY0009658,LOAN0000173,CUST0000500,2023-05-29,2023-05-29,41.76,41.76,0.0,On-time
PAY0009659,LOAN0000191,CUST0000044,2024-10-31,2024-10-30,1957.75,1957.75,0.0,On-time
PAY0009660,LOAN0000299,CUST0000136,2024-04-06,2024-04-06,486.64,486.64,0.0,on time
PAY0009661,LOAN0000055,CUST0000726,2024-05-28,2024-05-28,399.72,399.72,0.0,On-time
PAY0009662,LOAN0000310,CUST0000432,2025-04-23,2025-04-21,362.83,362.83,0.0,On-time
PAY0009663,LOAN0000363,CUST0000783,2025-09-28,,630.91,0.0,,Missed
PAY0009664,LOAN0000557,CUST0000030,2025-10-30,2025-11-11,2011.13,2011.13,12.0,Late
PAY0009665,LOAN0000497,CUST0000929,2022-07-11,,891.0,0.0,,Missed
PAY0009666,LOAN0000168,CUST0000850,2024-08-31,,487.76,0.0,,Missed
PAY0009667,LOAN0000099,CUST0000232,2024-07-14,2024-07-14,124.7,124.7,0.0,On-time
PAY0009668,LOAN0000327,CUST0000225,2025-10-26,2025-10-25,214.19,214.19,0.0,On-time
PAY0009669,LOAN0000412,CUST0000828,2023-03-05,2023-03-04,1316.93,1316.93,0.0,On-time
PAY0009670,LOAN0000571,CUST0000295,2022-05-19,2022-05-17,914.71,914.71,0.0,on time
PAY0009671,LOAN0000229,CUST0000179,2024-08-04,2024-08-02,41.64,41.64,0.0,On-time
PAY0009672,LOAN0000233,CUST0000781,2023-10-23,2023-11-29,2150.27,2150.27,37.0,Late
PAY0009673,LOAN0000076,CUST0000869,2024-10-28,2024-10-27,241.76,241.76,0.0,On-time
PAY0009674,LOAN0000153,CUST0000245,2025-10-23,,313.95,0.0,,Missed
PAY0009675,LOAN0000221,CUST0000720,2026-04-26,2026-04-26,836.91,836.91,0.0,OK
PAY0009676,LOAN0000177,CUST0000681,2025-09-27,2025-11-04,93.84,93.84,38.0,Late
PAY0009677,LOAN0000109,CUST0000993,2026-07-11,2026-07-31,413.87,413.87,20.0,Late
PAY0009678,LOAN0000591,CUST0000472,2026-01-21,,173.16,0.0,,Missed
PAY0009679,LOAN0000075,CUST0000330,2026-03-01,2026-03-01,300.89,300.89,0.0,On-time
PAY0009680,LOAN0000342,CUST0000666,2025-12-11,2025-12-10,103.82,103.82,0.0,On-time
PAY0009681,LOAN0000087,CUST0000889,2026-08-05,2026-08-03,286.79,286.79,0.0,On-time
PAY0009682,LOAN0000459,CUST0000783,2025-02-05,2025-02-04,183.08,183.08,0.0,On-time
PAY0009683,LOAN0000450,CUST0000307,2023-09-02,,205.25,0.0,,Missed
PAY0009684,LOAN0000577,CUST0000268,2025-11-26,2025-11-24,33.72,33.72,0.0,On-time
PAY0009685,LOAN0000576,CUST0000001,2024-10-03,2024-10-03,341.13,151.62,0.0,Part Payment
PAY0009686,LOAN0000361,CUST0000306,2025-11-06,2025-11-20,413.38,413.38,14.0,Late
PAY0009687,LOAN0000111,CUST0000196,2025-04-07,2025-04-07,640.44,640.44,0.0,On-time
PAY0009688,LOAN0000323,CUST0000103,2025-06-30,2025-06-30,50.87,20.07,0.0,Partial
PAY0009689,LOAN0000126,CUST0000058,2024-10-10,2024-10-08,3092.58,1763.19,0.0,Partial
PAY0009690,LOAN0000544,CUST0000897,2025-01-04,2025-01-03,1086.9,-1086.9,0.0,On-time
PAY0009691,LOAN0000238,CUST0000420,2025-12-01,2025-11-29,346.74,346.74,0.0,On-time
PAY0009692,LOAN0000163,CUST0000003,2023-05-17,,488.31,,,Missed
PAY0009693,LOAN0000094,CUST0000345,2026-03-01,2026-02-27,610.74,610.74,0.0,On-time
PAY0009694,LOAN0000145,CUST0000538,2025-01-20,2025-01-28,1202.85,1202.85,8.0,Late
PAY0009695,LOAN0000371,CUST0000522,2023-03-07,2023-03-06,1425.12,1425.12,0.0,On-time
PAY0009696,LOAN0000373,CUST0000783,2024-11-25,2024-11-24,1017.53,1017.53,0.0,On-time
PAY0009697,LOAN0000547,CUST0000422,2026-05-20,2026-05-20,244.53,244.53,0.0,On-time
PAY0009698,LOAN0000091,CUST0000953,2024-09-15,2024-09-13,417.35,417.35,0.0,On-time
PAY0009699,LOAN0000108,CUST0000303,2026-05-01,2026-05-01,115.22,115.22,0.0,On-time
PAY0009700,LOAN0000222,CUST0000435,2024-08-27,2024-09-08,384.39,384.39,12.0,Late
PAY0009701,LOAN0000494,CUST0000188,2023-11-25,2023-12-23,1276.54,1276.54,28.0,Late
PAY0009702,LOAN0000311,CUST0000689,2026-04-24,2026-04-24,184.19,71.5,0.0,Partial
PAY0009703,LOAN0000090,CUST0000721,2024-08-20,2024-08-20,213.64,213.64,0.0,On-time
PAY0009704,LOAN0000500,CUST0000918,2024-07-15,2024-07-13,199.95,199.95,0.0,On-time
PAY0009705,LOAN0000103,CUST0000671,2025-10-29,,280.45,0.0,,Missed
PAY0009706,LOAN0000207,CUST0000383,2025-09-16,2025-09-15,935.64,935.64,0.0,On-time
PAY0009707,LOAN0000422,CUST0000388,2022-11-13,2022-12-17,394.51,394.51,34.0,Late
PAY0009708,LOAN0000156,CUST0000047,2022-05-15,2022-05-14,19.97,19.97,0.0,On-time
PAY0009709,LOAN0000356,CUST0000951,2024-07-18,,208.44,0.0,,Missed
PAY0009710,LOAN0000047,CUST0000212,2024-07-15,2024-07-15,199.31,199.31,0.0,On-time
PAY0009711,LOAN0000148,CUST0000105,2021-12-08,2021-12-08,2311.29,2311.29,0.0,On-time
PAY0009712,LOAN0000364,CUST0000322,2024-09-02,2024-09-01,86.55,86.55,0.0,On-time
PAY0009713,LOAN0000442,CUST0000745,2024-08-04,2024-09-06,250.74,250.74,33.0,Late
PAY0009714,LOAN0000428,CUST0000264,2026-07-05,2026-07-05,182.59,182.59,0.0,On-time
PAY0009715,LOAN0000056,CUST0000793,2024-07-21,2024-07-20,145.21,145.21,0.0,On-time
PAY0009716,LOAN0000030,CUST0000694,2026-04-07,2026-04-05,925.59,925.59,0.0,On-time
PAY0009717,LOAN0000541,CUST0000470,2025-04-30,2025-04-28,1284.91,1284.91,0.0,On-time
PAY0009718,LOAN0000426,CUST0000297,2024-12-15,,370.17,0.0,,Missed
PAY0009719,LOAN0000418,CUST0000918,2022-07-12,2022-08-24,86.17,86.17,43.0,Late
PAY0009720,LOAN0000488,CUST0000052,2025-10-10,2025-10-09,135.79,135.79,0.0,On-time
PAY0009721,LOAN0000230,CUST0000869,2025-02-22,2025-02-20,271.38,271.38,0.0,On-time
PAY0009722,LOAN0000114,CUST0000879,2024-11-21,2024-11-19,203.52,203.52,0.0,On-time
PAY0009723,LOAN0000249,CUST0000632,2025-03-11,2025-03-10,1134.85,1134.85,0.0,On-time
PAY0009724,LOAN0000039,CUST0000941,2024-11-24,2024-11-22,1194.92,1194.92,0.0,On-time
PAY0009725,LOAN0000388,CUST0000135,2025-08-12,2025-09-10,1240.37,1240.37,29.0,Late
PAY0009726,LOAN0000120,CUST0000484,2025-03-14,2025-03-14,316.36,-316.36,0.0,On-time
PAY0009727,LOAN0000355,CUST0000771,2025-10-28,2025-10-26,2611.51,2611.51,0.0,On-time
PAY0009728,LOAN0000201,CUST0000283,2024-06-29,2024-06-28,640.87,640.87,0.0,On-time
PAY0009729,LOAN0000042,CUST0000954,2024-10-20,,518.03,,,Missed
PAY0009730,LOAN0000131,CUST0000115,2024-01-04,2024-01-04,62.49,62.49,0.0,On-time
PAY0009731,LOAN0000007,CUST0000718,2026-02-11,2026-02-11,669.61,669.61,0.0,On-time
PAY0009732,LOAN0000223,CUST0000379,2025-03-06,,176.49,0.0,,Missed
PAY0009733,LOAN0000449,CUST0000617,2022-07-18,2022-07-18,464.05,464.05,0.0,On-time
PAY0009734,LOAN0000159,CUST0000902,2024-04-22,2024-04-20,47.23,47.23,0.0,On-time
PAY0009735,LOAN0000580,CUST0000130,2025-06-14,2025-07-07,5371.95,5371.95,23.0,Late
PAY0009736,LOAN0000294,CUST0000925,2023-08-10,2023-08-09,452.0,452.0,0.0,On-time
PAY0009737,LOAN0000463,CUST0000684,2022-08-31,2022-08-29,397.2,397.2,0.0,On-time
PAY0009738,LOAN0000450,CUST0000307,2025-10-02,2025-09-30,205.25,205.25,0.0,On-time
PAY0009739,LOAN0000221,CUST0000720,2025-05-26,2025-05-26,836.91,836.91,0.0,On-time
PAY0009740,LOAN0000299,CUST0000136,2024-10-06,2024-10-04,486.64,147.64,0.0,Partial
PAY0009741,LOAN0000220,CUST0000997,2025-10-02,2025-09-30,519.56,519.56,0.0,On-time
PAY0009742,LOAN0000329,CUST0000886,2024-11-05,2024-11-03,1126.34,1126.34,0.0,On-time
PAY0009743,LOAN0000240,CUST0000608,2025-12-19,2025-12-18,533.89,533.89,0.0,On-time
PAY0009744,LOAN0000370,CUST0000869,2026-04-28,,778.37,0.0,,Missed
PAY0009745,LOAN0000013,CUST0000091,2026-05-04,2026-05-20,1833.33,1833.33,16.0,Late
PAY0009746,LOAN0000026,CUST0000233,2026-03-18,2026-03-18,1026.87,1026.87,0.0,On-time
PAY0009747,LOAN0000386,CUST0000481,2024-08-12,2024-08-10,155.17,155.17,0.0,On-time
PAY0009748,LOAN0000193,CUST0000003,2025-08-27,2025-08-25,466.75,322.92,0.0,Partial
PAY0009749,LOAN0000207,CUST0000383,2024-08-16,2024-08-16,935.64,935.64,0.0,On-time
PAY0009750,LOAN0000348,CUST0000228,2023-02-12,2023-02-10,140.46,,0.0,On-time
PAY0009751,LOAN0000232,CUST0000762,2024-05-23,2024-05-21,30.32,30.32,0.0,On-time
PAY0009752,LOAN0000583,CUST0000516,2026-03-28,2026-03-26,843.06,843.06,0.0,On-time
PAY0009753,LOAN0000080,CUST0000004,2025-05-18,2025-05-18,855.13,855.13,0.0,On-time
PAY0009754,LOAN0000407,CUST0000624,2025-02-21,,250.13,0.0,,Missed
PAY0009755,LOAN0000202,CUST0000060,2025-02-20,2025-02-20,65.87,65.87,0.0,On-time
PAY0009756,LOAN0000467,CUST0000635,2024-09-02,2024-09-17,225.47,225.47,15.0,Late
PAY0009757,LOAN0000108,CUST0000303,2025-08-31,2025-08-29,115.22,115.22,0.0,On-time
PAY0009758,LOAN0000070,CUST0000916,2025-09-21,2025-09-19,592.68,,0.0,On-time
PAY0009759,LOAN0000168,CUST0000850,2024-03-31,2024-03-29,487.76,487.76,0.0,On-time
PAY0009760,LOAN0000539,CUST0000693,2025-12-02,2025-12-01,180.07,180.07,0.0,On-time
PAY0009761,LOAN0000142,CUST0000897,2025-12-20,2025-12-20,459.08,459.08,0.0,On-time
PAY0009762,LOAN0000355,CUST0000771,2026-01-27,2026-01-27,2611.51,-2611.51,0.0,On-time
PAY0009763,LOAN0000198,CUST0000959,2026-05-10,,415.03,0.0,,Missed
PAY0009764,LOAN0000523,CUST0000015,2023-09-26,2023-09-25,566.64,566.64,0.0,On-time
PAY0009765,LOAN0000456,CUST0000220,2023-03-07,2023-03-24,204.09,204.09,17.0,Late
PAY0009766,LOAN0000388,CUST0000135,2023-06-12,2023-06-12,1240.37,1240.37,0.0,On-time
PAY0009767,LOAN0000073,CUST0000266,2025-11-05,2025-11-03,101.83,101.83,0.0,On-time
PAY0009768,LOAN0000516,CUST0000138,2026-07-08,2026-07-08,158.04,158.04,0.0,On-time
PAY0009769,LOAN0000411,CUST0000531,2026-08-11,2026-08-10,1187.31,1187.31,0.0,On-time
PAY0009770,LOAN0000165,CUST0000907,2025-10-28,2025-10-28,48.21,48.21,0.0,On-time
PAY0009771,LOAN0000029,CUST0000434,2025-06-16,2025-06-14,698.52,698.52,0.0,On-time
PAY0009772,LOAN0000165,CUST0000907,2025-11-28,2025-11-28,48.21,48.21,0.0,On-time
PAY0009773,LOAN0000147,CUST0000364,2024-06-27,2024-06-25,150.55,150.55,0.0,On-time
PAY0009774,LOAN0000527,CUST0000770,2025-10-22,2025-11-30,449.74,449.74,39.0,Late
PAY0009775,LOAN0000117,CUST0000975,2024-09-30,2024-09-30,466.71,466.71,0.0,On-time
PAY0009776,LOAN0000266,CUST0000220,2026-04-11,2026-04-09,324.19,324.19,0.0,On-time
PAY0009777,LOAN0000520,CUST0000697,2023-06-15,2023-06-13,168.67,168.67,0.0,On-time
PAY0009778,LOAN0000185,CUST0000327,2025-01-09,2025-02-03,89.29,89.29,25.0,Late
PAY0009779,LOAN0000539,CUST0000693,2024-11-01,2024-10-31,180.07,180.07,0.0,On-time
PAY0009780,LOAN0000558,CUST0000843,2024-02-22,2024-02-21,115.54,115.54,0.0,On-time
PAY0009781,LOAN0000184,CUST0000347,2026-06-11,2026-06-09,487.42,487.42,0.0,On-time
PAY0009782,LOAN0000437,CUST0000668,2026-07-18,2026-07-16,572.37,572.37,0.0,On-time
PAY0009783,LOAN0000588,CUST0000382,2025-08-29,2025-09-08,148.33,148.33,10.0,Late
PAY0009784,LOAN0000350,CUST0000987,2024-01-17,2024-01-17,1972.9,1972.9,0.0,On-time
PAY0009785,LOAN0000569,CUST0000182,2025-09-26,2025-09-24,206.03,-206.03,0.0,On-time
PAY0009786,LOAN0000194,CUST0000341,2025-10-08,2025-10-08,1014.07,-679.44,0.0,Partial
PAY0009787,LOAN0000535,CUST0000528,2023-05-28,2023-05-26,1034.18,481.81,0.0,Partial
PAY0009788,LOAN0000363,CUST0000783,2022-09-28,2022-09-26,630.91,630.91,0.0,On-time
PAY0009789,LOAN0000549,CUST0000293,2025-12-02,2025-12-11,155.52,155.52,9.0,Late
PAY0009790,LOAN0000099,CUST0000232,2024-04-14,2024-04-12,124.7,,0.0,On-time
PAY0009791,LOAN0000593,CUST0000684,2024-05-10,2024-05-12,300.58,300.58,2.0,Late
PAY0009792,LOAN0000081,CUST0000682,2022-10-19,2022-10-18,377.89,377.89,0.0,On-time
PAY0009793,LOAN0000109,CUST0000993,2025-06-11,2025-06-10,413.87,413.87,0.0,On-time
PAY0009794,LOAN0000319,CUST0000112,2026-08-03,2026-08-02,132.31,132.31,0.0,On-time
PAY0009795,LOAN0000122,CUST0000253,2025-01-03,2025-01-03,559.32,559.32,0.0,On-time
PAY0009796,LOAN0000501,CUST0000055,2026-02-03,2026-03-13,762.76,762.76,38.0,Late
PAY0009797,LOAN0000439,CUST0000280,2024-03-22,2024-04-01,216.4,216.4,10.0,Late
PAY0009798,LOAN0000436,CUST0000075,2026-01-14,,179.3,0.0,,Missed
PAY0009799,LOAN0000111,CUST0000196,2024-06-07,2024-06-06,640.44,640.44,0.0,On-time
PAY0009800,LOAN0000387,CUST0000070,2026-08-17,2026-08-22,284.03,284.03,5.0,Late
PAY0009801,LOAN0000577,CUST0000268,2023-02-26,2023-02-24,33.72,33.72,0.0,On-time
PAY0009802,LOAN0000249,CUST0000632,2024-08-10,2024-08-09,1134.85,1134.85,0.0,On-time
PAY0009803,LOAN0000479,CUST0000957,2026-07-02,2026-06-30,284.06,284.06,0.0,On-time
PAY0009804,LOAN0000522,CUST0000507,2026-01-03,2026-01-02,1893.28,1893.28,0.0,On-time
PAY0009805,LOAN0000100,CUST0000084,2024-09-23,2024-09-22,1277.87,1277.87,0.0,On-time
PAY0009806,LOAN0000266,CUST0000220,2026-06-11,2026-06-09,324.19,324.19,0.0,On-time
PAY0009807,LOAN0000305,CUST0000286,2026-03-24,2026-03-24,34.75,14.37,0.0,Partial
PAY0009808,LOAN0000366,CUST0000111,2023-04-11,2023-04-10,668.2,668.2,0.0,On-time
PAY0009809,LOAN0000295,CUST0000369,2024-10-03,2024-10-01,638.67,638.67,0.0,On-time
PAY0009810,LOAN0000351,CUST0000434,2022-08-01,2022-07-30,901.14,901.14,0.0,On-time
PAY0009811,LOAN0000508,CUST0000151,2024-07-24,2024-07-22,359.97,158.99,0.0,Partial
PAY0009812,LOAN0000554,CUST0000181,2026-04-16,2026-04-16,33.52,33.52,0.0,On-time
PAY0009813,LOAN0000578,CUST0000916,2023-09-01,2023-08-30,335.27,335.27,0.0,On-time
PAY0009814,LOAN0000565,CUST0000504,2023-06-25,2023-06-24,554.46,311.14,0.0,Partial
PAY0009815,LOAN0000409,CUST0000196,2023-01-03,2023-01-02,4513.98,4513.98,0.0,On-time
PAY0009816,LOAN0000050,CUST0000550,2026-04-13,2026-04-12,269.09,269.09,0.0,On-time
PAY0009817,LOAN0000285,CUST0000506,2026-08-14,2026-08-13,133.87,133.87,0.0,On-time
PAY0009818,LOAN0000013,CUST0000091,2026-04-03,2026-04-16,1833.33,1833.33,13.0,Late
PAY0009819,LOAN0000084,CUST0000835,2025-03-03,2025-03-02,1480.27,1480.27,0.0,On-time
PAY0009820,LOAN0000257,CUST0000699,2024-02-24,2024-02-24,1022.97,1022.97,0.0,On-time
PAY0009821,LOAN0000564,CUST0000695,2026-06-14,2026-06-12,471.54,471.54,0.0,On-time
PAY0009822,LOAN0000414,CUST0000003,2026-02-10,2025-01-15,22.1,22.1,0.0,On-time
PAY0009823,LOAN0000029,CUST0000434,2026-07-17,2026-07-15,698.52,698.52,0.0,On-time
PAY0009824,LOAN0000022,CUST0000637,2024-06-26,2024-07-18,78.37,78.37,22.0,Late
PAY0009825,LOAN0000242,CUST0000420,2025-10-13,2025-10-11,711.72,,0.0,On-time
PAY0009826,LOAN0000073,CUST0000266,2025-08-06,2025-08-04,101.83,101.83,0.0,On-time
PAY0009827,LOAN0000536,CUST0000581,2025-02-15,2025-02-15,246.77,246.77,0.0,On-time
PAY0009828,LOAN0000243,CUST0000094,2025-01-08,2025-01-08,227.16,-227.16,0.0,On-time
PAY0009829,LOAN0000102,CUST0000551,2024-08-20,2024-08-18,635.91,635.91,0.0,On-time
PAY0009830,LOAN0000556,CUST0000773,2025-10-21,2025-10-20,76.7,76.7,0.0,On-time
PAY0009831,LOAN0000358,CUST0000899,2026-01-06,2026-01-06,368.63,368.63,0.0,On-time
PAY0009832,LOAN0000462,CUST0000397,2025-07-30,2025-07-28,660.43,527.98,0.0,Partial
PAY0009833,LOAN0000012,CUST0000725,2023-11-21,,607.42,0.0,,Missed
PAY0009834,LOAN0000564,CUST0000695,2024-12-14,2024-12-13,471.54,471.54,0.0,On-time
PAY0009835,LOAN0000150,CUST0000901,2025-04-17,2025-04-16,421.66,421.66,0.0,On-time
PAY0009836,LOAN0000051,CUST0000838,2025-11-22,2025-11-22,1474.03,1474.03,0.0,On-time
PAY0009837,LOAN0000184,CUST0000347,2025-05-11,2025-06-23,487.42,487.42,43.0,Late
PAY0009838,LOAN0000117,CUST0000975,2025-05-01,,466.71,-909.0742710073386,,Missed
PAY0009839,LOAN0000031,CUST0000787,2023-10-18,2023-10-17,1194.04,1194.04,0.0,On-time
PAY0009840,LOAN0000289,CUST0000790,2025-08-10,,777.75,0.0,,Missed
PAY0009841,LOAN0000556,CUST0000773,2022-01-20,2022-01-20,76.7,76.7,0.0,On-time
PAY0009842,LOAN0000229,CUST0000179,2026-01-03,2026-01-02,41.64,41.64,0.0,On-time
PAY0009843,LOAN0000026,CUST0000233,2024-09-16,2024-09-14,1026.87,1026.87,0.0,On-time
PAY0009844,LOAN0000340,CUST0000532,2026-08-23,2026-09-30,498.01,498.01,38.0,Late
PAY0009845,LOAN0000562,CUST0000102,2023-04-07,2023-04-06,1887.75,1887.75,0.0,On-time
PAY0009846,LOAN0000556,CUST0000773,2023-10-21,,76.7,76.7,0.0,On-time
PAY0009847,LOAN0000100,CUST0000084,2022-08-24,2022-09-01,1277.87,1277.87,8.0,Late
PAY0009848,LOAN0000009,CUST0000316,2025-06-06,2025-06-06,201.72,201.72,0.0,On-time
PAY0009849,LOAN0000539,CUST0000693,2024-01-02,2024-01-26,180.07,180.07,24.0,Late
PAY0009850,LOAN0000236,CUST0000945,2024-02-21,,123.89,0.0,,Missed
PAY0009851,LOAN0000134,CUST0000241,2025-02-04,2025-02-02,373.64,373.64,0.0,On-time
PAY0009852,LOAN0000282,CUST0000724,2024-11-22,2024-11-21,67.12,67.12,0.0,On-time
PAY0009853,LOAN0000354,CUST0000677,2026-05-12,2026-05-10,103.03,103.03,0.0,On-time
PAY0009854,LOAN0000168,CUST0000850,2023-10-01,2023-09-30,487.76,487.76,0.0,On-time
PAY0009855,LOAN0000521,CUST0000273,2026-01-31,2026-01-31,1356.42,1356.42,0.0,On-time
PAY0009856,LOAN0000499,CUST0000110,2026-06-02,2026-06-02,435.21,435.21,0.0,On-time
PAY0009857,LOAN0000263,CUST0000966,2025-11-10,,460.72,0.0,,Missed
PAY0009858,LOAN0000107,CUST0000522,2026-05-31,2026-05-30,316.22,316.22,0.0,On-time
PAY0009859,LOAN0000425,CUST0000755,2025-05-31,2025-05-31,351.83,351.83,0.0,On-time
PAY0009860,LOAN0000588,CUST0000382,2024-07-29,2024-07-28,148.33,148.33,0.0,On-time
PAY0009861,LOAN0000234,CUST0000396,2022-10-09,2022-10-08,235.35,235.35,0.0,On-time
PAY0009862,LOAN0000441,CUST0000705,2024-06-12,,2212.0,2212.0,0.0,On-time
PAY0009863,LOAN0000351,CUST0000434,2023-01-30,2023-01-28,901.14,901.14,0.0,On-time
PAY0009864,LOAN0000022,CUST0000637,2022-10-26,2022-12-02,78.37,78.37,37.0,Late
PAY0009865,LOAN0000477,CUST0000436,2026-01-21,2026-01-20,14.8,14.8,0.0,On-time
PAY0009866,LOAN0000004,CUST0000293,2023-10-13,2023-10-11,715.28,715.28,0.0,On-time
PAY0009867,LOAN0000283,CUST0000045,2025-10-14,2025-10-12,57.8,57.8,0.0,On-time
PAY0009868,LOAN0000552,CUST0000084,2026-08-02,2026-07-31,1713.59,,0.0,On-time
PAY0009869,LOAN0000008,CUST0000974,2024-08-08,2024-08-07,77.65,77.65,0.0,On-time
PAY0009870,LOAN0000055,CUST0000726,2024-04-27,,399.72,0.0,,Missed
PAY0009871,LOAN0000406,CUST0000519,2025-02-07,2025-02-07,179.61,179.61,0.0,On-time
PAY0009872,LOAN0000518,CUST0000585,2026-04-19,2026-04-19,1847.26,1847.26,0.0,On-time
PAY0009873,LOAN0000050,CUST0000550,2026-05-13,,269.09,0.0,,Missed
PAY0009874,LOAN0000271,CUST0000310,2024-11-01,2024-10-31,1002.33,1002.33,0.0,On-time
PAY0009875,LOAN0000201,CUST0000283,2025-07-30,2025-09-02,640.87,640.87,34.0,Late
PAY0009876,LOAN0000316,CUST0000547,2025-12-25,2025-12-25,258.01,258.01,0.0,On-time
PAY0009877,LOAN0000318,CUST0000451,2024-05-13,2024-05-11,1389.25,1389.25,0.0,On-time
PAY0009878,LOAN0000094,CUST0000345,2024-05-01,2024-04-30,610.74,610.74,0.0,On-time
PAY0009879,LOAN0000076,CUST0000869,2025-07-28,2025-07-26,241.76,241.76,0.0,On-time
PAY0009880,LOAN0000477,CUST0000436,2024-02-21,2024-02-19,14.8,14.8,0.0,On-time
PAY0009881,LOAN0000160,CUST0000148,2023-12-16,2023-12-15,76.44,76.44,0.0,On-time
PAY0009882,LOAN0000199,CUST0000422,2022-12-27,,225.67,0.0,,Missed
PAY0009883,LOAN0000165,CUST0000907,2025-05-29,2025-05-27,48.21,48.21,0.0,On-time
PAY0009884,LOAN0000403,CUST0000115,2025-06-20,2025-06-19,43.28,43.28,0.0,On-time
PAY0009885,LOAN0000595,CUST0000910,2026-05-30,2026-05-30,161.28,161.28,0.0,On-time
PAY0009886,LOAN0000593,CUST0000684,2025-07-10,2025-07-10,300.58,300.58,0.0,On-time
PAY0009887,LOAN0000584,CUST0000129,2024-06-05,,135.36,0.0,,Missed
PAY0009888,LOAN0000146,CUST0000606,2024-08-24,2024-08-23,1506.71,1506.71,0.0,On-time
PAY0009889,LOAN0000292,CUST0000778,2023-10-19,2023-10-19,3468.2,3468.2,0.0,On-time
PAY0009890,LOAN0000464,CUST0000434,2026-01-02,2026-01-23,368.61,368.61,21.0,Late
PAY0009891,LOAN0000504,CUST0000953,2025-05-21,2025-05-21,228.62,228.62,0.0,On-time
PAY0009892,LOAN0000515,CUST0000228,2026-04-26,2026-04-24,89.12,89.12,0.0,On-time
PAY0009893,LOAN0000310,CUST0000432,2026-06-23,2026-06-22,362.83,362.83,0.0,On-time
PAY0009894,LOAN0000313,CUST0000400,2026-01-17,2026-01-17,296.44,296.44,0.0,On-time
PAY0009895,LOAN0000392,CUST0000563,2025-07-26,2025-07-25,643.1,643.1,0.0,On-time
PAY0009896,LOAN0000272,CUST0000177,2022-12-01,,248.57,0.0,,Missed
PAY0009897,LOAN0000059,CUST0000961,2025-03-24,2025-03-23,1372.66,1372.66,0.0,On-time
PAY0009898,LOAN0000492,CUST0000089,2025-12-29,2025-12-28,348.69,348.69,0.0,On-time
PAY0009899,LOAN0000442,CUST0000745,2026-06-04,2026-06-03,250.74,250.74,0.0,On-time
PAY0009900,LOAN0000291,CUST0000987,2026-07-30,2026-08-10,424.49,424.49,11.0,Late
PAY0009901,LOAN0000263,CUST0000966,2026-07-11,2026-07-10,460.72,460.72,0.0,On-time
PAY0009902,LOAN0000246,CUST0000874,2023-11-09,2023-11-08,966.85,966.85,0.0,On-time
PAY0009903,LOAN0000443,CUST0000791,2025-11-01,2025-11-01,1882.62,1882.62,0.0,On-time
PAY0009904,LOAN0000343,CUST0000618,2023-06-04,,2825.66,0.0,,Missed
PAY0009905,LOAN0000027,CUST0000457,2024-08-21,2024-08-21,240.0,240.0,0.0,On Time
PAY0009906,LOAN0000299,CUST0000136,2023-06-07,2023-06-06,486.64,486.64,0.0,On-time
PAY0009907,LOAN0000209,CUST0000225,2025-09-06,2025-09-04,295.37,295.37,0.0,On-time
PAY0009908,LOAN0000497,CUST0000929,2024-06-10,2024-06-09,891.0,891.0,0.0,On-time
PAY0009909,LOAN0000236,CUST0000945,2023-11-22,2023-11-20,123.89,123.89,0.0,On-time
PAY0009910,LOAN0000504,CUST0000953,2025-09-20,2025-09-18,228.62,228.62,0.0,On-time
PAY0009911,LOAN0000447,CUST0000186,2025-07-17,2025-07-15,350.47,350.47,0.0,On-time
PAY0009912,LOAN0000216,CUST0000899,2026-06-20,2026-06-18,545.77,-545.77,0.0,On-time
PAY0009913,LOAN0000181,CUST0000393,2026-04-22,2026-04-22,114.46,114.46,0.0,On-time
PAY0009914,LOAN0000335,CUST0000661,2025-12-04,2025-12-03,117.54,117.54,0.0,On-time
PAY0009915,LOAN0000488,CUST0000052,2025-06-11,2025-06-11,135.79,135.79,0.0,On-time
PAY0009916,LOAN0000145,CUST0000538,2023-09-21,2023-09-21,1202.85,1202.85,0.0,On-time
PAY0009917,LOAN0000493,CUST0000307,2024-05-21,2024-06-25,516.28,516.28,35.0,Late
PAY0009918,LOAN0000147,CUST0000364,2022-08-27,2022-08-25,150.55,150.55,0.0,On-time
PAY0009919,LOAN0000442,CUST0000745,2026-01-03,2026-01-01,250.74,250.74,0.0,On-time
PAY0009920,LOAN0000334,CUST0000824,2025-11-04,2025-11-02,98.19,98.19,0.0,On-time
PAY0009921,LOAN0000587,CUST0000313,2026-02-22,2026-03-14,268.66,268.66,20.0,Late
PAY0009922,LOAN0000129,CUST0000236,2025-02-07,2025-02-05,453.79,453.79,0.0,On-time
PAY0009923,LOAN0000317,CUST0000372,2026-03-02,2026-02-28,1076.49,1076.49,0.0,On-time
PAY0009924,LOAN0000288,CUST0000370,2025-08-20,2025-08-19,476.12,250.49,0.0,Partial
PAY0009925,LOAN0000299,CUST0000136,2024-05-07,2024-05-07,486.64,486.64,0.0,On-time
PAY0009926,LOAN0000338,CUST0000083,2024-04-30,2024-04-28,1081.84,1081.84,0.0,On-time
PAY0009927,LOAN0000387,CUST0000070,2026-07-18,,284.03,0.0,,Missed
PAY0009928,LOAN0000476,CUST0000898,2026-07-18,2026-07-17,642.92,642.92,0.0,On-time
PAY0009929,LOAN0000051,CUST0000838,2023-07-24,2023-07-22,1474.03,1474.03,0.0,On-time
PAY0009930,LOAN0000272,CUST0000177,2023-10-01,2023-10-01,248.57,248.57,0.0,On-time
PAY0009931,LOAN0000051,CUST0000838,2023-05-24,,1474.03,0.0,,Missed
PAY0009932,LOAN0000286,CUST0000607,2023-11-22,2023-12-03,448.57,448.57,11.0,Late
PAY0009933,LOAN0000529,CUST0000838,2024-07-24,2024-08-25,513.54,513.54,32.0,Late
PAY0009934,LOAN0000162,CUST0000866,2025-06-19,2025-06-19,533.21,533.21,0.0,On-time
PAY0009935,LOAN0000092,CUST0000314,2023-06-01,,657.71,0.0,,Missed
PAY0009936,LOAN0000029,CUST0000434,2026-03-17,2026-03-17,698.52,698.52,0.0,On-time
PAY0009937,LOAN0000188,CUST0000979,2025-03-11,2025-03-10,349.2,349.2,0.0,On-time
PAY0009938,LOAN0000385,CUST0000435,2023-01-27,,394.76,0.0,,Missed
PAY0009939,LOAN0000390,CUST0000310,2025-09-22,2025-09-22,377.65,377.65,0.0,On-time
PAY0009940,LOAN0000034,CUST0000621,2022-07-13,2022-07-11,145.27,145.27,0.0,On-time
PAY0009941,LOAN0000297,CUST0000925,2026-05-17,2026-05-16,2888.78,2888.78,0.0,On-time
PAY0009942,LOAN0000410,CUST0000712,2022-11-16,2022-11-14,696.51,696.51,0.0,On-time
PAY0009943,LOAN0000187,CUST0000518,2026-04-07,2026-05-16,201.21,201.21,39.0,Late
PAY0009944,LOAN0000577,CUST0000268,2023-04-27,2023-04-27,33.72,33.72,0.0,On-time
PAY0009945,LOAN0000574,CUST0000356,2022-12-02,2022-11-30,2031.77,2031.77,0.0,On-time
PAY0009946,LOAN0000442,CUST0000745,2025-01-03,2025-01-02,250.74,250.74,0.0,On-time
PAY0009947,LOAN0000228,CUST0000683,2026-08-10,2026-09-19,1186.95,1186.95,40.0,Late
PAY0009948,LOAN0000092,CUST0000314,2024-01-31,2024-01-29,657.71,657.71,0.0,On-time
PAY0009949,LOAN0000373,CUST0000783,2026-01-25,2026-01-25,1017.53,1017.53,0.0,On-time
PAY0009950,LOAN0000039,CUST0000941,2023-12-25,2024-02-05,1194.92,1194.92,42.0,Late
PAY0009951,LOAN0000136,CUST0000678,2024-02-12,2024-02-11,62.52,62.52,0.0,On-time
PAY0009952,LOAN0000207,CUST0000383,2026-05-17,2026-05-16,935.64,935.64,0.0,On-time
PAY0009953,LOAN0000497,CUST0000929,2024-05-11,,891.0,0.0,,Missed
PAY0009954,LOAN0000233,CUST0000781,2026-02-22,2026-02-22,2150.27,2150.27,0.0,On-time
PAY0009955,LOAN0000237,CUST0000988,2024-02-23,2024-03-23,1335.42,1335.42,29.0,Late
PAY0009956,LOAN0000160,CUST0000148,2025-08-16,2025-08-16,76.44,76.44,0.0,On-time
PAY0009957,LOAN0000318,CUST0000451,2025-08-13,2025-08-12,1389.25,1389.25,0.0,On-time
PAY0009958,LOAN9145337,CUST0000422,2023-09-19,2023-09-18,244.53,244.53,0.0,On-time
PAY0009959,LOAN0000453,CUST0000869,2024-08-13,2024-08-11,1543.9,1543.9,0.0,On-time
PAY0009960,LOAN0000417,CUST0000487,2024-06-15,2024-06-15,14.34,14.34,0.0,On-time
PAY0009961,LOAN0000578,CUST0000916,2024-08-01,2024-08-01,335.27,246.95,0.0,Partial
PAY0009962,LOAN0000292,CUST0000778,2023-11-18,2023-11-17,3468.2,3468.2,0.0,On-time
PAY0009963,LOAN0000216,CUST0000899,2024-10-20,2024-10-19,545.77,545.77,0.0,On-time
PAY0009964,LOAN0000232,CUST0000762,2023-08-23,,30.32,0.0,,Missed
PAY0009965,LOAN0000094,CUST0000345,2022-10-31,2022-10-31,610.74,610.74,0.0,On-time
PAY0009966,LOAN0000194,CUST0000341,2024-08-08,2024-08-06,1014.07,,0.0,on time
PAY0009967,LOAN0000294,CUST0000925,2022-06-10,2022-06-08,452.0,452.0,0.0,On-time
PAY0009968,LOAN0000502,CUST0000631,2025-10-25,2025-10-23,35.74,35.74,0.0,On-time
PAY0009969,LOAN0000064,CUST0000818,2026-08-07,2026-08-06,499.21,499.21,0.0,On-time
PAY0009970,LOAN0000472,CUST0000609,2025-11-10,,666.25,0.0,,Missed
PAY0009971,LOAN0000325,CUST0000206,2026-07-20,2026-08-23,2758.6,2758.6,34.0,Late
PAY0009972,LOAN0000567,CUST0000627,2024-06-28,2024-06-28,73.42,73.42,0.0,On-time
PAY0009973,LOAN0000508,CUST0000151,2022-12-23,2022-12-21,359.97,359.97,0.0,On-time
PAY0009974,LOAN0000201,CUST0000283,2026-01-29,2026-01-29,640.87,640.87,0.0,On-time
PAY0009975,LOAN0000174,CUST0000976,2026-04-12,2026-04-23,2107.17,2107.17,11.0,Late
PAY0009976,LOAN0000496,CUST0000211,2025-10-28,,488.18,0.0,,Missed
PAY0009977,LOAN0000030,CUST0000694,2026-05-07,2026-05-07,925.59,925.59,0.0,On-time
PAY0009978,LOAN0000131,CUST0000115,2026-07-05,,62.49,0.0,,Missed
PAY0009979,LOAN0000506,CUST0000630,2025-03-13,2025-03-13,206.27,151.66,0.0,Partial
PAY0009980,LOAN0000182,CUST0000834,2025-02-14,2025-02-14,39.57,15.33,0.0,Partial
PAY0009981,LOAN0000387,CUST0000070,2024-10-16,2024-10-15,284.03,284.03,0.0,On-time
PAY0009982,LOAN0000408,CUST0000493,2025-09-20,,10242.29,0.0,,Missed
PAY0009983,LOAN0000227,CUST0000949,2026-02-16,2026-02-15,213.21,213.21,0.0,On-time
PAY0009984,LOAN0000568,CUST0000389,2025-10-11,2025-10-26,206.47,206.47,15.0,Late
PAY0009985,LOAN0000136,CUST0000678,2023-06-14,2023-06-13,62.52,62.52,0.0,On-time
PAY0009986,LOAN0000001,CUST0000112,2026-08-08,2026-08-15,248.64,248.64,7.0,Late
PAY0009987,LOAN0000290,CUST0000757,2023-06-14,2023-06-13,649.64,649.64,0.0,On-time
PAY0009988,LOAN0000108,CUST0000303,2025-03-01,2025-03-01,115.22,115.22,0.0,On-time
PAY0009989,LOAN0000290,CUST0000757,2022-05-15,2022-05-15,649.64,649.64,0.0,On-time
PAY0009990,LOAN0000128,CUST0000660,2026-07-24,2026-07-24,286.74,286.74,0.0,On-time
PAY0009991,LOAN0000200,CUST0000200,2024-09-22,2024-09-21,263.49,263.49,0.0,On-time
PAY0009992,LOAN0000370,CUST0000869,2023-11-27,2023-11-26,778.37,778.37,0.0,On-time
PAY0009993,LOAN0000477,CUST0000436,2022-12-22,2022-12-20,14.8,14.8,0.0,On-time
PAY0009994,LOAN0000586,CUST0000121,2023-04-04,,843.94,0.0,,Missed
PAY0009995,LOAN0000226,CUST0000893,2026-01-31,2026-01-30,101.32,101.32,0.0,On-time
PAY0009996,LOAN0000536,CUST0000581,2023-12-16,2023-12-16,246.77,246.77,0.0,On-time
PAY0009997,LOAN0000152,CUST0000805,2025-05-17,2025-05-17,546.78,546.78,0.0,On-time
PAY0009998,LOAN0000334,CUST0000824,2026-02-04,2026-02-03,98.19,98.19,0.0,OK
PAY0009999,LOAN0000450,CUST0000307,2023-07-03,2023-07-02,205.25,205.25,0.0,On-time
PAY0010000,LOAN0000558,CUST0000843,2025-06-23,2025-06-21,115.54,115.54,0.0,On-time
PAY0000061,LOAN0000440,CUST0000395,2024-04-22,2024-04-21,555.31,555.31,0.0,On-time
PAY0000065,LOAN0000046,CUST0000361,2025-10-17,2025-10-16,1162.93,1162.93,0.0,On-time
PAY0000262,LOAN0000538,CUST0000126,2026-07-09,2026-07-09,360.05,360.05,0.0,On-time
PAY0000307,LOAN0000520,CUST0000697,2024-09-14,2024-09-14,168.67,168.67,0.0,On-time
PAY0000676,LOAN0000140,CUST0000221,2025-01-23,2025-01-22,83.09,83.09,0.0,On-time
PAY0000791,LOAN0000129,CUST0000236,2025-10-08,2025-10-08,453.79,453.79,0.0,On-time
PAY0000812,LOAN0000319,CUST0000112,2024-01-03,2024-01-03,132.31,132.31,0.0,On-time
PAY0000835,LOAN0000412,CUST0000828,2023-05-05,2023-05-05,1316.93,1316.93,0.0,On-time
PAY0000850,LOAN0000203,CUST0000928,2025-11-10,2025-11-10,478.83,478.83,0.0,On-time
PAY0000897,LOAN0000062,CUST0000397,2026-05-31,2026-05-29,309.46,309.46,0.0,On-time
PAY0001130,LOAN0000202,CUST0000060,2023-08-22,2023-08-20,65.87,,0.0,On-time
PAY0001156,LOAN0000323,CUST0000103,2025-08-30,2025-08-31,50.87,50.87,1.0,Late
PAY0001186,LOAN0000425,CUST0000755,2024-07-31,2024-07-31,351.83,351.83,0.0,On-time
PAY0001213,LOAN0000386,CUST0000481,2025-08-13,2025-09-11,155.17,155.17,29.0,Late
PAY0001432,LOAN0000138,CUST0000052,2026-01-03,2026-01-01,332.64,332.64,0.0,On-time
PAY0001477,LOAN0000137,CUST0000463,2025-12-19,2025-12-19,1149.63,1149.63,0.0,On-time
PAY0001498,LOAN0000539,CUST0000693,2025-01-01,2024-12-30,180.07,180.07,0.0,On-time
PAY0001525,LOAN0000015,CUST0000311,2026-03-07,2026-03-05,188.87,188.87,0.0,On-time
PAY0001695,LOAN0000451,CUST0000882,2023-09-19,2023-09-18,324.24,324.24,0.0,On-time
PAY0001773,LOAN0000533,CUST0000725,2023-01-24,2023-01-23,1461.65,1461.65,0.0,On-time
PAY0001922,LOAN0000345,CUST0000724,2025-06-26,2025-06-26,906.51,906.51,0.0,On-time
PAY0001949,LOAN0000125,CUST0000580,2026-08-08,2026-08-07,179.61,179.61,0.0,On-time
PAY0001987,LOAN0000058,CUST0000978,2024-12-18,,909.7,0.0,,Missed
PAY0002000,LOAN0000205,CUST0000080,2023-06-27,2023-06-25,709.8,533.07,0.0,Partial
PAY0002145,LOAN0000483,CUST0000418,2024-10-05,2024-10-04,191.54,191.54,0.0,On-time
PAY0002362,LOAN0000017,CUST0000733,2023-10-20,2023-10-20,646.87,646.87,0.0,On-time
PAY0002372,LOAN0000226,CUST0000893,2026-04-02,2026-03-31,101.32,101.32,0.0,On-time
PAY0002378,LOAN0000457,CUST0000181,2026-07-27,,772.95,0.0,,Missed
PAY0002445,LOAN0000254,CUST0000296,2026-02-24,2026-02-24,449.87,449.87,0.0,On-time
PAY0002668,LOAN0000457,CUST0000181,2025-03-27,2025-03-26,772.95,772.95,0.0,On-time
PAY0002736,LOAN0000119,CUST0000188,2025-08-15,2025-08-15,820.41,820.41,0.0,On-time
PAY0002809,LOAN0000490,CUST0000017,2025-07-27,2025-09-04,265.48,265.48,39.0,Late
PAY0002825,LOAN0000414,CUST0000003,2026-07-12,2026-07-10,22.1,22.1,0.0,On-time
PAY0002896,LOAN0000471,CUST0000761,2026-04-06,2026-04-13,123.33,123.33,7.0,Late
PAY0003044,LOAN0000406,CUST0000519,2024-06-08,2024-06-08,179.61,179.61,0.0,On-time
PAY0003282,LOAN0000339,CUST0000384,2024-08-22,2024-08-22,83.06,83.06,0.0,On-time
PAY0003305,LOAN0000419,CUST0000808,2026-06-04,2026-06-04,441.37,441.37,0.0,On-time
PAY0003422,LOAN0000230,CUST0000869,2024-03-24,2024-03-23,271.38,271.38,0.0,On-time
PAY0003434,LOAN0000139,CUST0000859,2024-09-09,2024-09-09,627.26,627.26,0.0,On-time
PAY0003450,LOAN0000304,CUST0000594,2025-09-22,2025-09-20,284.1,284.1,0.0,On-time
PAY0003491,LOAN0000094,CUST0000345,2024-09-30,2024-09-30,610.74,610.74,0.0,On-time
PAY0003805,LOAN0000211,CUST0000060,2023-09-26,2023-09-26,609.68,609.68,0.0,On-time
PAY0003943,LOAN0000327,CUST0000225,2022-11-26,2022-11-26,214.19,214.19,0.0,On-time
PAY0003957,LOAN0000490,CUST0000017,2026-07-28,,265.48,0.0,,Missed
PAY0004029,LOAN0000362,CUST0000964,2025-05-24,2025-05-22,924.47,924.47,0.0,On-time
PAY0004091,LOAN0000458,CUST0000426,2025-07-12,2025-07-12,139.78,139.78,0.0,On-time
PAY0004135,LOAN0000423,CUST0000564,2024-12-21,2024-12-19,43.59,43.59,0.0,On-time
PAY0004385,LOAN0000096,CUST0000078,2022-09-27,,811.36,0.0,,Missed
PAY0004885,LOAN0000494,CUST0000188,2023-06-26,2023-06-26,1276.54,1276.54,0.0,On-time
PAY0004912,LOAN0000072,CUST0000349,2023-08-08,2023-08-07,809.24,809.24,0.0,On-time
PAY0004913,LOAN0000394,CUST0000050,2022-08-21,2022-08-21,566.23,566.23,0.0,On-time
PAY0005004,LOAN0000329,CUST0000886,2024-10-06,2024-10-04,1126.34,1126.34,0.0,On-time
PAY0005088,LOAN0000161,CUST0000522,2023-08-28,2023-08-26,1392.51,1392.51,0.0,On-time
PAY0005232,LOAN0000142,CUST0000897,2024-12-20,2024-12-19,459.08,459.08,0.0,On-time
PAY0005405,LOAN0000463,CUST0000684,2024-07-31,2024-07-29,397.2,397.2,0.0,On-time
PAY0005418,LOAN0000484,CUST0000147,2025-07-20,2025-07-18,133.74,133.74,0.0,On-time
PAY0005546,LOAN0000332,CUST0000127,2024-06-05,2024-06-04,119.33,119.33,0.0,On-time
PAY0005615,LOAN0000004,CUST0000293,2024-01-12,2024-01-12,715.28,242.49,0.0,Partial
PAY0005814,LOAN0000402,CUST0000072,2024-12-01,2024-12-01,158.38,158.38,0.0,On-time
PAY0005869,LOAN0000454,CUST0000926,2025-10-01,2025-09-29,1716.2,1716.2,0.0,On-time
PAY0005922,LOAN0000120,CUST0000484,2026-03-14,2026-03-13,316.36,316.36,0.0,On-time
PAY0005951,LOAN0000243,CUST0000094,2025-10-09,2025-10-07,227.16,227.16,0.0,On-time
PAY0006037,LOAN0000505,CUST0000062,2023-09-18,2023-01-29,50.36,50.36,0.0,On-time
PAY0006060,LOAN0000369,CUST0000699,2023-03-20,,863.87,0.0,,Missed
PAY0006083,LOAN0000559,CUST0000824,2023-03-30,2023-03-30,176.29,176.29,0.0,On-time
PAY0006151,LOAN0000499,CUST0000110,2025-08-01,2025-07-31,435.21,435.21,0.0,On-time
PAY0006180,LOAN0000329,CUST0000886,2025-11-06,2025-11-04,1126.34,1126.34,0.0,On-time
PAY0006332,LOAN0000436,CUST0000075,2026-08-15,,179.3,0.0,,Missed
PAY0006355,LOAN0000123,CUST0000662,2026-06-23,2026-06-21,276.96,276.96,0.0,On-time
PAY0006409,LOAN0000404,CUST0000215,2025-10-29,2025-11-03,1462.43,1462.43,5.0,Late
PAY0006506,LOAN0000295,CUST0000369,2023-06-04,2023-06-10,638.67,638.67,6.0,Late
PAY0006571,LOAN0000112,CUST0000398,2025-01-30,,275.2,0.0,,On-time
PAY0006644,LOAN0000403,CUST0000115,2025-01-18,2025-01-17,43.28,43.28,0.0,On-time
PAY0006672,LOAN0000216,CUST0000899,2025-06-20,,545.77,0.0,,Missed
PAY0006709,LOAN0000346,CUST0000988,2024-06-05,2024-06-16,186.55,186.55,11.0,Late
PAY0006802,LOAN0000283,CUST0000045,2026-04-14,2026-04-13,57.8,57.8,0.0,On-time
PAY0006914,LOAN0000386,CUST0000481,2024-10-12,2024-10-10,155.17,155.17,0.0,On-time
PAY0007085,LOAN0000154,CUST0000605,2025-10-07,2025-10-06,218.73,218.73,0.0,On-time
PAY0007374,LOAN0000412,CUST0000828,2024-06-04,2024-06-03,1316.93,1316.93,0.0,On-time
PAY0007393,LOAN0000318,CUST0000451,2025-03-14,2022-08-05,1389.25,1389.25,0.0,On-time
PAY0007837,LOAN0000327,CUST0000225,2025-05-27,2025-05-25,214.19,214.19,0.0,On-time
PAY0008249,LOAN0000149,CUST0000764,2025-07-10,2025-07-09,556.36,167.22,0.0,Partial
PAY0008341,LOAN0000505,CUST0000062,2026-01-17,2026-01-16,50.36,50.36,0.0,On-time
PAY0008362,LOAN0000567,CUST0000627,2024-01-28,2024-02-27,73.42,73.42,30.0,Late
PAY0008451,LOAN0000399,CUST0000797,2024-01-22,2024-01-20,375.73,375.73,0.0,On-time
PAY0008570,LOAN0000320,CUST0000394,2025-09-21,2025-09-21,637.39,637.39,0.0,On-time
PAY0008649,LOAN0000477,CUST0000436,2022-11-22,2022-11-21,14.8,-14.8,0.0,On-time
PAY0008732,LOAN0000063,CUST0000024,2024-10-18,2024-10-17,101.19,101.19,0.0,On-time
PAY0008836,LOAN0000407,CUST0000624,2025-12-22,,250.13,0.0,,Missed
PAY0008901,LOAN0000399,CUST0000797,2024-09-21,2024-09-19,375.73,375.73,0.0,ON-TIME
PAY0008943,LOAN0000321,CUST0000418,2024-01-28,2024-01-26,172.06,172.06,0.0,On-time
PAY0009123,LOAN0000387,CUST0000070,2026-06-17,2026-06-15,284.03,284.03,0.0,On-time
PAY0009231,LOAN0000573,CUST0000880,2025-12-20,2025-12-19,884.49,884.49,0.0,On-time
PAY0009420,LOAN0000588,CUST0000382,2024-04-29,2024-04-28,148.33,148.33,0.0,On-time
PAY0009429,LOAN0000028,CUST0000016,2025-03-23,2025-03-22,196.9,196.9,0.0,On-time
PAY0009482,LOAN0000506,CUST0000630,2025-04-13,2025-04-12,206.27,206.27,0.0,On-time
PAY0009502,LOAN0000423,CUST0000564,2024-09-21,2024-10-23,43.59,43.59,32.0,Late
PAY0009758,LOAN0000070,CUST0000916,2025-09-21,2025-09-19,592.68,,0.0,On-time
PAY0009850,LOAN0000236,CUST0000945,2024-02-21,,123.89,0.0,,Missed
PAY0009851,LOAN0000134,CUST0000241,2025-02-04,2025-02-02,373.64,373.64,0.0,On-time
