credit_history_id,customer_id,record_date,credit_score,total_outstanding_debt,credit_utilization,number_of_open_accounts,number_of_closed_accounts,previous_defaults,previous_late_payments
CRHIST0000001,CUST0000001,2020-07-19,703.0,6703.19,0.3678,4,3,0,1
CRHIST0000002,CUST0000001,2022-04-09,702.0,8852.51,0.6169,2,3,0,1
CRHIST0000003,CUST0000001,2022-11-06,710.0,2602.27,0.2362,2,0,0,1
CRHIST0000004,CUST9325848,2023-12-25,,7502.52,0.6943,1,1,0,1
CRHIST0000005,CUST0000001,2024-02-11,739.0,1908.22,0.109,1,4,0,1
CRHIST0000006,CUST0000002,2023-12-23,613.0,1666.43,0.243,3,4,0,0
CRHIST0000007,CUST0000002,2024-05-16,618.0,1903.36,0.2273,0,3,0,0
CRHIST0000008,CUST0000003,2026-02-22,639.0,5717.47,0.8366,7,0,0,1
CRHIST0000009,CUST0000003,2026-03-06,650.0,1421.77,0.1867,7,3,0,1
CRHIST0000010,CUST0000003,2026-04-03,677.0,798.12,0.1258,3,0,0,1
CRHIST0000011,CUST0000004,2024-10-15,676.0,7861.75,0.3968,9,2,0,0
CRHIST0000012,CUST0000004,2024-11-08,662.0,21062.36,0.5221,4,0,0,0
CRHIST0000013,CUST0000005,2022-03-07,693.0,11617.52,0.496,2,2,0,0
CRHIST0000014,CUST0000006,2020-05-27,700.0,11179.34,0.3642,1,2,0,0
CRHIST0000015,CUST0000006,2021-03-08,694.0,15168.28,0.6915,1,2,0,0
CRHIST0000016,CUST0000007,2024-09-05,618.0,10376.4,0.5835,3,0,0,2
CRHIST0000017,CUST0000008,2024-11-22,619.0,4767.77,0.606,6,2,0,0
CRHIST0000018,CUST0000008,2024-12-28,615.0,2898.98,0.3586,2,3,0,0
CRHIST0000019,CUST0000009,2022-02-04,647.0,17895.63,0.533,7,2,0,0
CRHIST0000020,CUST0000010,2026-04-18,680.0,1715.92,0.058,6,2,0,0
CRHIST0000021,CUST0000010,2026-05-25,670.0,16783.15,0.6035,1,2,0,0
CRHIST0000022,CUST0000011,2025-12-16,703.0,7077.49,0.6179,3,2,0,0
CRHIST0000023,CUST0000011,2025-12-21,702.0,4107.83,0.3268,4,2,0,0
CRHIST0000024,CUST0000012,2024-10-08,553.0,998.4,0.3306,6,3,0,0
CRHIST0000025,CUST0000012,2024-11-06,559.0,1145.56,0.5574,1,0,0,0
CRHIST0000026,CUST0000013,2025-04-13,702.0,12882.21,0.4547,4,1,0,0
CRHIST0000027,CUST0000013,2025-05-19,703.0,3817.38,0.121,2,3,0,0
CRHIST0000028,CUST0000013,2025-05-21,701.0,6130.56,0.1704,2,2,0,0
CRHIST0000029,CUST0000014,2025-02-05,617.0,5503.99,0.8165,6,3,0,0
CRHIST0000030,CUST0000014,2025-04-05,643.0,1815.48,0.1893,2,2,0,2
CRHIST0000031,CUST0000014,2025-05-02,,7155.72,0.6561,3,4,0,2
CRHIST0000032,CUST0000015,2020-07-30,726.0,10078.84,0.5895,5,0,0,0
CRHIST0000033,CUST0000015,2022-03-29,721.0,17049.56,0.5746,4,2,0,1
CRHIST0000034,CUST0000015,2022-11-05,728.0,2209.8,0.1438,4,1,0,1
CRHIST0000035,CUST0000016,2024-08-07,722.0,599.06,0.0172,4,0,0,0
CRHIST0000036,CUST0000016,2024-08-10,712.0,10344.55,0.3331,2,0,0,0
CRHIST0000037,CUST0000016,2024-09-26,721.0,10363.37,0.2861,3,2,0,0
CRHIST0000038,CUST0000016,2024-10-27,,1416.23,0.0377,2,1,0,0
CRHIST0000039,CUST0000017,2026-03-26,686.0,11469.03,0.5527,1,1,0,0
CRHIST0000040,CUST0000017,2026-05-12,685.0,3280.5,0.4013,1,5,0,0
CRHIST0000041,CUST0000018,2021-03-17,668.0,5518.19,0.1736,4,2,0,0
CRHIST0000042,CUST0000018,2021-09-14,672.0,4217.58,0.1237,3,1,0,2
CRHIST0000043,CUST0000019,2020-08-04,693.0,9611.61,0.6169,7,4,0,0
CRHIST0000044,CUST0000019,2020-08-05,678.0,6327.36,0.6616,4,1,0,0
CRHIST0000045,CUST0000019,2021-01-05,677.0,500.79,0.0579,1,1,0,0
CRHIST0000046,CUST0000020,2021-11-09,719.0,10134.86,0.6115,2,0,0,1
CRHIST0000047,CUST0000020,2022-03-20,735.0,129.91,0.009,1,2,0,1
CRHIST0000048,CUST0000020,2023-02-22,735.0,4295.41,0.3247,2,5,0,1
CRHIST0000049,CUST0000021,2021-07-07,656.0,16843.56,0.5748,1,2,0,0
CRHIST0000050,CUST0000021,2022-03-25,653.0,14070.61,0.4372,3,0,0,0
CRHIST0000051,CUST0000021,2022-09-17,671.0,19207.61,0.536,6,1,0,0
CRHIST0000052,CUST0000021,2022-11-08,661.0,17361.02,0.6621,3,2,0,0
CRHIST0000053,CUST0000022,2026-04-29,544.0,668.71,0.7232,4,2,0,0
CRHIST0000054,CUST0000022,2026-05-18,564.0,652.14,0.247,7,1,0,0
CRHIST0000055,CUST0000022,2026-05-31,569.0,1040.3,0.457,4,0,1,1
CRHIST0000056,CUST0000023,2022-07-15,712.0,4485.19,0.1571,4,1,0,0
CRHIST0000057,CUST0000023,2022-07-15,728.0,14354.2,0.4277,3,2,0,0
CRHIST0000058,CUST0000023,2022-11-28,,10197.4,0.6122,2,2,0,0
CRHIST0000059,CUST0000024,2024-01-23,771.0,0.0,0.0,5,1,0,0
CRHIST0000060,CUST0000024,2024-11-25,779.0,199.8,0.0188,2,0,0,0
CRHIST0000061,CUST0000024,2025-08-25,777.0,3641.31,0.295,5,1,0,0
CRHIST0000062,CUST0000025,2026-07-05,,5848.99,0.4166,5,2,0,0
CRHIST0000063,CUST0000025,2026-07-05,668.0,6681.65,0.679,4,3,0,0
CRHIST0000064,CUST0000025,2026-07-25,655.0,2223.51,0.2061,4,1,0,0
CRHIST0000065,CUST0000025,2026-07-31,648.0,1408.33,0.154,6,3,0,0
CRHIST0000066,CUST0000025,2026-08-08,645.0,2965.01,0.1801,5,1,0,0
CRHIST0000067,CUST0000025,2026-08-16,650.0,11101.92,0.7287,2,1,0,0
CRHIST0000068,CUST0000025,2026-08-18,644.0,988.99,0.1001,7,1,0,0
CRHIST0000069,CUST0000026,2025-01-20,632.0,3573.56,0.4783,3,0,0,0
CRHIST0000070,CUST0000027,2024-10-22,727.0,13539.1,0.4243,2,5,0,0
CRHIST0000071,CUST0000027,2024-12-17,719.0,5621.07,0.2831,3,2,0,2
CRHIST0000072,CUST0000027,2025-01-08,728.0,2873.37,0.1403,3,1,0,2
CRHIST0000073,CUST0000027,2025-01-28,761.0,10264.06,0.2843,1,3,0,2
CRHIST0000074,CUST0000028,2026-06-04,708.0,7759.33,0.2893,4,2,0,0
CRHIST0000075,CUST0000028,2026-06-10,695.0,4867.06,0.3902,4,0,0,0
CRHIST0000076,CUST0000028,2026-06-11,689.0,2693.43,0.2544,1,2,0,0
CRHIST0000077,CUST0000028,2026-07-13,731.0,5597.77,0.2017,4,3,0,0
CRHIST0000078,CUST0000028,2026-07-19,729.0,2512.84,0.1613,3,3,0,0
CRHIST0000079,CUST0000029,2025-02-03,541.0,190.74,0.2386,7,3,0,0
CRHIST0000080,CUST0000030,2020-12-28,687.0,6436.17,0.2178,3,4,0,0
CRHIST0000081,CUST0000030,2021-01-14,691.0,6155.98,0.2162,6,1,0,0
CRHIST0000082,CUST0000031,2024-08-16,792.0,11510.45,0.1583,1,1,0,0
CRHIST0000083,CUST0000031,2024-09-08,796.0,0.0,0.0,2,1,0,0
CRHIST0000084,CUST0000032,2021-10-08,622.0,6988.59,0.6853,5,3,0,0
CRHIST0000085,CUST0000032,2021-10-15,603.0,1648.41,0.1234,3,0,0,0
CRHIST0000086,CUST0000033,2022-02-18,745.0,495.75,0.0308,0,5,0,0
CRHIST0000087,CUST0000033,2022-07-17,739.0,3617.63,0.1997,4,1,0,0
CRHIST0000088,CUST0000033,2022-12-19,726.0,12800.65,0.5461,4,3,0,0
CRHIST0000089,CUST0000033,2022-12-21,716.0,339.15,0.0124,2,2,0,0
CRHIST0000090,CUST0000033,2024-04-26,734.0,4585.97,0.3123,3,1,0,0
CRHIST0000091,CUST0000033,2025-03-05,729.0,5100.64,0.236,4,5,0,0
CRHIST0000092,CUST0000033,2025-03-08,720.0,7493.59,0.2588,3,2,0,0
CRHIST0000093,CUST0000034,2023-12-12,757.0,6290.7,0.3116,4,3,0,0
CRHIST0000094,CUST0000034,2025-03-19,748.0,2718.58,0.0872,2,2,0,0
CRHIST0000095,CUST0000035,2023-04-10,717.0,15417.24,0.4801,6,2,0,0
CRHIST0000096,CUST0000035,2023-04-15,735.0,18064.76,0.6857,3,2,0,0
CRHIST0000097,CUST0000035,2023-04-22,735.0,11094.41,0.3506,5,1,0,0
CRHIST0000098,CUST0000035,2023-10-12,742.0,917.89,0.0418,4,3,0,2
CRHIST0000099,CUST0000035,2024-01-05,758.0,10031.62,0.4504,4,1,0,2
CRHIST0000100,CUST0000035,2024-05-22,755.0,6226.85,0.2261,1,2,0,2
CRHIST0000101,CUST0000036,2020-07-11,716.0,5801.38,0.4711,2,8,0,0
CRHIST0000102,CUST0000037,2026-08-23,650.0,8809.64,0.6174,1,2,0,0
CRHIST0000103,CUST0000037,2026-08-23,891.0,,0.235,3,1,0,0
CRHIST0000104,CUST0000037,2026-08-23,643.0,1041.99,0.1315,2,0,0,0
CRHIST0000105,CUST0000038,2023-05-16,708.0,5248.69,0.3668,2,3,0,0
CRHIST0000106,CUST0000039,2024-09-23,630.0,13396.6,0.5121,5,2,0,0
CRHIST0000107,CUST0000039,2024-12-13,600.0,5760.91,0.1981,4,0,0,0
CRHIST0000108,CUST0000039,2025-01-26,613.0,7795.45,0.548,5,2,0,0
CRHIST0000109,CUST0000040,2025-03-19,669.0,10705.39,0.6545,5,3,0,0
CRHIST0000110,CUST9301445,2023-12-02,755.0,15934.2,0.479,5,2,0,0
CRHIST0000111,CUST0000042,2024-01-27,,555.94,0.5198,3,4,0,2
CRHIST0000112,CUST0000042,2024-02-28,541.0,508.58,0.5227,3,4,0,2
CRHIST0000113,CUST0000043,2025-03-20,689.0,11176.15,0.5231,2,4,0,0
CRHIST0000114,CUST0000043,2025-04-17,686.0,9998.87,0.4546,4,2,0,0
CRHIST0000115,CUST0000043,2025-07-14,,4338.46,0.3481,6,5,0,0
CRHIST0000116,CUST0000043,2025-09-10,688.0,13324.25,0.4917,4,0,0,0
CRHIST0000117,CUST0000043,2025-11-09,,4566.29,0.1787,2,4,0,0
CRHIST0000118,CUST0000044,2021-07-03,699.0,7995.19,0.5648,2,1,0,0
CRHIST0000119,CUST0000044,2022-02-13,726.0,0.0,0.0,2,1,0,0
CRHIST0000120,CUST0000044,2023-04-14,717.0,1137.47,0.0488,4,3,0,0
CRHIST0000121,CUST0000045,2025-05-18,694.0,5615.11,0.5473,2,0,0,0
CRHIST0000122,CUST0000045,2025-07-08,689.0,6042.94,0.3765,6,4,0,0
CRHIST0000123,CUST0000045,2025-08-30,701.0,941.14,0.0448,4,2,0,0
CRHIST0000124,CUST0000045,2025-09-06,692.0,11095.87,0.6725,2,4,0,2
CRHIST0000125,CUST0000045,2025-09-24,684.0,4982.41,0.2132,7,2,0,2
CRHIST0000126,CUST0000046,2024-09-24,696.0,6490.65,0.3059,5,0,0,0
CRHIST0000127,CUST0000047,2020-11-13,570.0,645.55,0.2616,3,1,0,0
CRHIST0000128,CUST0000047,2020-12-13,581.0,2219.12,0.6259,3,1,0,0
CRHIST0000129,CUST0000047,2021-02-22,591.0,963.83,0.6585,5,0,0,0
CRHIST0000130,CUST0000048,2020-06-27,616.0,3979.44,0.4413,6,1,0,0
CRHIST0000131,CUST0000048,2022-03-03,599.0,5070.95,0.9588,7,2,0,0
CRHIST0000132,CUST0000048,2022-08-13,618.0,5232.11,0.632,9,3,0,0
CRHIST0000133,CUST0000048,2023-01-20,638.0,1529.21,0.1914,7,5,0,1
CRHIST0000134,CUST0000048,2023-07-06,655.0,563.38,0.0788,5,1,0,1
CRHIST0000135,CUST0000048,2023-07-26,657.0,959.79,0.3089,7,1,0,1
CRHIST0000136,CUST0000049,2025-10-17,632.0,,0.4753,9,2,0,0
CRHIST0000137,CUST0000049,2025-12-15,640.0,3400.55,0.4642,6,2,0,0
CRHIST0000138,CUST0000049,2025-12-19,638.0,463.08,0.0795,7,1,0,0
CRHIST0000139,CUST0000050,2025-11-07,669.0,9349.93,0.3908,5,1,0,0
CRHIST0000140,CUST9395134,2026-08-08,539.0,451.9,0.4574,7,3,0,0
CRHIST0000141,CUST0000051,2026-08-09,-36.0,212.27,0.4552,4,4,1,0
CRHIST0000142,CUST0000051,2026-08-09,554.0,317.12,0.3261,4,2,1,0
CRHIST0000143,CUST0000052,2019-10-27,750.0,13762.27,0.5567,5,4,0,0
CRHIST0000144,CUST0000052,2020-07-19,755.0,8693.45,0.3116,2,1,0,0
CRHIST0000145,CUST0000053,2026-01-10,571.0,1605.52,0.2378,4,0,0,0
CRHIST0000146,CUST0000053,2026-01-15,568.0,7170.58,0.7823,7,5,0,0
CRHIST0000147,CUST0000053,2026-02-04,567.0,2415.7,0.3246,6,2,0,0
CRHIST0000148,CUST0000054,2025-10-02,728.0,1769.61,0.0811,6,1,0,0
CRHIST0000149,CUST0000055,2025-01-05,685.0,1552.41,0.2184,4,1,0,0
CRHIST0000150,CUST0000055,2025-01-08,711.0,1215.41,0.1864,6,4,0,0
CRHIST0000151,CUST0000056,2022-12-18,707.0,7324.17,0.3206,5,1,0,0
CRHIST0000152,CUST0000057,2022-12-04,720.0,15262.31,0.5301,2,1,0,0
CRHIST0000153,CUST0000057,2023-02-03,717.0,13590.98,0.6122,3,3,0,0
CRHIST0000154,CUST0000057,2024-05-14,712.0,23820.66,0.525,0,2,0,0
CRHIST0000155,CUST0000058,2022-06-01,660.0,3084.2,0.0915,1,3,0,0
CRHIST0000156,CUST0000058,2022-10-05,659.0,15633.12,0.369,4,0,0,0
CRHIST0000157,CUST0000058,2023-04-07,672.0,38619.34,0.5954,3,2,0,0
CRHIST0000158,CUST0000058,2024-04-26,686.0,11811.28,0.3429,4,4,0,0
CRHIST0000159,CUST0000058,2024-07-02,679.0,20108.88,0.4591,5,2,0,0
CRHIST0000160,CUST0000059,2019-09-08,734.0,4087.14,0.3525,7,3,0,0
CRHIST0000161,CUST0000059,2021-06-28,740.0,12774.08,0.4247,3,2,0,0
CRHIST0000162,CUST0000059,2021-08-08,737.0,10114.74,0.4364,3,3,0,0
CRHIST0000163,CUST0000059,2023-02-11,727.0,19067.86,0.7088,4,2,0,0
CRHIST0000164,CUST0000059,2023-08-17,712.0,5702.51,0.303,5,2,0,0
CRHIST0000165,CUST0000060,2022-11-18,666.0,20984.25,0.838,1,3,0,0
CRHIST0000166,CUST0000060,2022-12-13,661.0,11797.17,0.5107,4,0,0,0
CRHIST0000167,CUST0000060,2023-04-24,657.0,4595.79,0.1852,4,1,0,0
CRHIST0000168,CUST0000060,2023-06-06,660.0,1742.93,0.1404,3,2,0,0
CRHIST0000169,CUST0000061,2021-03-21,630.0,767.13,0.2721,10,1,0,0
CRHIST0000170,CUST0000061,2022-09-12,617.0,980.49,0.2124,10,3,0,0
CRHIST0000171,CUST0000061,2022-12-06,626.0,2886.29,0.6881,4,2,0,0
CRHIST0000172,CUST0000061,2023-02-03,617.0,1790.02,0.4041,6,0,0,1
CRHIST0000173,CUST0000061,2023-11-09,603.0,1577.55,0.4073,3,1,0,1
CRHIST0000174,CUST0000061,2024-11-03,605.0,1631.01,0.388,7,2,0,1
CRHIST0000175,CUST0000062,2022-01-17,729.0,8234.15,0.4916,2,1,0,0
CRHIST0000176,CUST0000062,2022-11-12,,1134.06,0.1317,3,1,0,0
CRHIST0000177,CUST0000062,2023-06-28,721.0,10705.87,0.4666,8,2,0,0
CRHIST0000178,CUST0000062,2024-06-20,694.0,9331.68,0.5854,2,3,0,0
CRHIST0000179,CUST0000062,2025-09-03,701.0,2912.3,0.202,4,2,0,0
CRHIST0000180,CUST0000062,2025-10-17,694.0,2713.83,0.1371,3,2,0,0
CRHIST0000181,CUST0000063,2020-04-04,690.0,3183.97,0.1285,5,3,0,0
CRHIST0000182,CUST0000063,2020-06-17,679.0,801.9,0.0478,2,0,0,0
CRHIST0000183,CUST0000063,2020-06-30,666.0,6181.57,0.6683,4,0,0,0
CRHIST0000184,CUST0000063,2021-03-18,659.0,2147.33,0.1909,7,2,0,0
CRHIST0000185,CUST0000063,2022-04-23,681.0,6773.2,0.432,2,1,0,0
CRHIST0000186,CUST0000063,2023-05-21,674.0,9423.26,0.8254,2,0,0,0
CRHIST0000187,CUST0000064,2022-07-07,659.0,9903.72,0.4861,2,0,0,0
CRHIST0000188,CUST0000064,2022-10-29,657.0,2742.77,0.1668,3,1,0,0
CRHIST0000189,CUST0000064,2023-04-05,676.0,2685.57,0.095,7,2,0,0
CRHIST0000190,CUST0000064,2023-04-22,667.0,11820.56,0.6568,2,2,0,0
CRHIST0000191,CUST0000065,2019-08-05,670.0,12790.34,0.6108,0,2,0,0
CRHIST0000192,CUST0000065,2019-11-04,662.0,2483.19,0.0942,8,2,0,0
CRHIST0000193,CUST0000065,2020-04-28,656.0,5626.52,0.183,6,3,0,0
CRHIST0000194,CUST0000065,2021-07-16,665.0,9292.57,0.523,6,4,0,0
CRHIST0000195,CUST0000065,2022-01-03,658.0,8571.14,0.3469,4,1,0,0
CRHIST0000196,CUST0000065,2023-03-20,664.0,24372.77,0.6257,2,1,0,0
CRHIST0000197,CUST0000066,2025-10-24,693.0,12395.41,0.6073,1,0,0,0
CRHIST0000198,CUST0000066,2025-11-12,691.0,4381.85,0.1325,6,1,0,0
CRHIST0000199,CUST0000067,2025-10-24,,3437.66,0.6077,5,2,0,2
CRHIST0000200,CUST0000067,2025-10-26,,10422.41,0.714,7,2,0,2
CRHIST0000201,CUST0000067,2025-12-12,675.0,5574.57,0.3742,9,3,0,2
CRHIST0000202,CUST0000068,2025-05-11,636.0,1306.22,0.562,5,1,0,0
CRHIST0000203,CUST0000068,2025-06-15,640.0,365.4,0.1759,3,2,0,0
CRHIST0000204,CUST0000068,2025-06-24,613.0,1933.19,0.5131,3,1,0,0
CRHIST0000205,CUST0000069,2021-07-26,592.0,12565.76,0.2502,3,3,0,0
CRHIST0000206,CUST0000069,2022-01-16,581.0,6537.38,0.2157,3,2,0,1
CRHIST0000207,CUST0000070,2020-07-20,625.0,2114.68,0.283,4,4,0,0
CRHIST0000208,CUST0000070,2020-08-02,645.0,4669.58,0.4144,7,1,0,0
CRHIST0000209,CUST0000070,2022-01-07,638.0,4352.48,0.6894,1,3,0,0
CRHIST0000210,CUST0000070,2023-02-12,626.0,5654.9,0.6288,5,3,0,0
CRHIST0000211,CUST0000071,2022-12-04,723.0,6892.3,0.2977,3,1,0,0
CRHIST0000212,CUST0000071,2024-06-16,738.0,15697.59,0.7528,2,2,0,0
CRHIST0000213,CUST0000071,2024-07-24,723.0,18722.73,0.6476,1,0,0,0
CRHIST0000214,CUST0000072,2024-05-08,678.0,5062.29,0.5001,6,1,0,0
CRHIST0000215,CUST0000072,2024-06-29,685.0,6174.54,0.549,4,5,0,0
CRHIST0000216,CUST0000072,2024-08-13,683.0,4698.55,0.2162,3,1,0,0
CRHIST0000217,CUST0000072,2024-11-19,668.0,12341.8,0.5629,0,3,0,0
CRHIST0000218,CUST0000072,2025-07-24,667.0,9140.13,0.6303,3,0,0,0
CRHIST0000219,CUST0000073,2019-06-30,679.0,4160.6,0.5567,3,4,0,0
CRHIST0000220,CUST0000073,2020-02-29,688.0,9262.7,0.524,3,1,0,0
CRHIST0000221,CUST0000074,2025-12-21,670.0,12414.09,0.4312,6,5,0,0
CRHIST0000222,CUST0000074,2026-02-05,656.0,15040.99,0.3357,4,1,0,0
CRHIST0000223,CUST0000074,2026-03-09,663.0,21641.57,0.4483,5,1,0,0
CRHIST0000224,CUST0000074,2026-05-18,676.0,11907.32,0.4276,1,2,0,0
CRHIST0000225,CUST0000075,2023-02-12,640.0,873.29,0.1651,2,0,0,0
CRHIST0000226,CUST0000076,2025-06-23,645.0,2044.59,0.6125,5,2,0,0
CRHIST0000227,CUST0000077,2019-10-27,738.0,14653.91,0.643,1,2,0,0
CRHIST0000228,CUST0000077,2020-09-22,721.0,12264.24,0.4947,2,2,0,0
CRHIST0000229,CUST0000077,2021-08-25,741.0,3938.69,0.1594,1,4,0,0
CRHIST0000230,CUST0000077,2022-02-09,724.0,7088.46,0.6494,3,0,0,0
CRHIST0000231,CUST0000077,2022-02-28,707.0,8984.83,0.4068,1,3,0,0
CRHIST0000232,CUST0000078,2022-09-29,778.0,3448.44,0.1783,2,1,0,0
CRHIST0000233,CUST0000078,2023-07-08,774.0,14626.55,0.5272,3,4,0,0
CRHIST0000234,CUST0000078,2023-10-07,769.0,24928.95,0.5547,1,2,0,0
CRHIST0000235,CUST0000078,2024-05-19,784.0,16774.88,0.4097,1,2,0,0
CRHIST0000236,CUST0000078,2024-07-01,772.0,12132.28,0.3304,3,1,0,0
CRHIST0000237,CUST0000078,2024-07-12,761.0,23020.29,0.4924,0,0,0,0
CRHIST0000238,CUST0000079,2023-06-03,747.0,9545.41,0.5601,3,0,0,0
CRHIST0000239,CUST0000079,2023-06-23,774.0,4247.26,0.2683,0,0,0,0
CRHIST0000240,CUST0000079,2023-11-25,,6413.13,0.526,1,2,0,0
CRHIST0000241,CUST0000079,2024-01-10,762.0,4208.76,0.2568,6,1,0,0
CRHIST0000242,CUST0000079,2024-09-06,754.0,7114.9,0.5185,4,0,0,0
CRHIST0000243,CUST0000080,2020-03-09,687.0,23030.88,0.4583,4,1,0,0
CRHIST0000244,CUST0000080,2020-08-13,688.0,21541.41,0.6523,1,3,0,0
CRHIST0000245,CUST0000081,2024-12-24,728.0,9412.7,0.3134,2,1,0,0
CRHIST0000246,CUST0000081,2025-01-01,746.0,2592.46,0.0948,2,3,0,0
CRHIST0000247,CUST0000082,2026-02-20,670.0,11843.94,0.5276,7,2,0,0
CRHIST0000248,CUST0000083,2023-03-30,789.0,101.67,0.0036,1,4,0,0
CRHIST0000249,CUST0000084,2022-02-22,736.0,10082.19,0.4496,3,2,0,0
CRHIST0000250,CUST0000084,2022-03-31,736.0,0.0,0.0,1,0,0,0
CRHIST0000251,CUST0000084,2022-07-19,745.0,12375.44,0.3406,10,1,0,0
CRHIST0000252,CUST0000084,2023-07-07,751.0,11509.91,0.5379,1,3,0,0
CRHIST0000253,CUST0000085,2023-12-26,779.0,8545.63,0.4278,1,2,0,0
CRHIST0000254,CUST0000085,2024-06-24,774.0,4116.37,0.0864,3,4,0,0
CRHIST0000255,CUST0000086,2022-02-03,747.0,8564.47,0.5156,1,1,0,0
CRHIST0000256,CUST0000087,2022-03-01,676.0,14627.54,0.7582,4,2,0,0
CRHIST0000257,CUST0000087,2022-06-14,682.0,167.58,0.0066,2,1,0,0
CRHIST0000258,CUST0000087,2022-11-26,690.0,9180.71,0.3105,4,4,0,0
CRHIST0000259,CUST0000087,2022-12-22,703.0,11958.58,0.4273,5,1,0,0
CRHIST0000260,CUST0000087,2023-08-08,681.0,4882.85,0.153,2,1,0,1
CRHIST0000261,CUST0000088,2024-11-18,725.0,12049.4,0.4604,2,0,0,0
CRHIST0000262,CUST0000089,2023-08-13,678.0,4390.18,0.7092,6,0,0,0
CRHIST0000263,CUST0000090,2021-08-11,671.0,2428.58,0.3793,1,6,0,0
CRHIST0000264,CUST0000090,2022-08-10,681.0,5348.94,0.3326,2,2,0,0
CRHIST0000265,CUST0000090,2022-08-13,687.0,6414.02,0.4795,5,3,0,0
CRHIST0000266,CUST0000091,2022-08-24,703.0,17448.81,0.2805,4,2,0,0
CRHIST0000267,CUST0000091,2023-06-21,695.0,21362.29,0.3853,3,1,0,0
CRHIST0000268,CUST0000091,2024-04-30,695.0,35401.55,0.4617,3,1,0,0
CRHIST0000269,CUST0000091,2024-07-25,701.0,22513.05,0.4524,6,3,0,0
CRHIST0000270,CUST0000091,2025-04-12,678.0,6416.84,0.0879,4,2,0,0
CRHIST0000271,CUST0000091,2025-06-16,664.0,10104.78,0.3709,4,2,0,0
CRHIST0000272,CUST0000092,2025-07-05,626.0,1959.1,0.5397,4,0,0,0
CRHIST0000273,CUST0000092,2025-08-28,608.0,1343.34,0.3111,7,3,0,0
CRHIST0000274,CUST0000092,2025-11-05,608.0,4351.01,0.9498,9,2,0,0
CRHIST0000275,CUST0000092,2025-12-27,601.0,1987.01,0.2897,2,2,0,0
CRHIST0000276,CUST0000093,2023-01-17,732.0,9712.99,0.3911,5,3,0,0
CRHIST0000277,CUST0000093,2023-02-08,740.0,8590.37,0.151,2,2,0,0
CRHIST0000278,CUST0000093,2023-02-17,714.0,37028.94,0.5396,2,1,0,0
CRHIST0000279,CUST0000093,2023-04-28,698.0,18033.47,0.2925,5,4,0,0
CRHIST0000280,CUST0000093,2023-10-21,685.0,21589.37,0.4081,4,1,0,0
CRHIST0000281,CUST0000093,2024-08-27,690.0,9207.64,0.2311,3,3,0,0
CRHIST0000282,CUST0000093,2025-05-14,697.0,28716.68,0.5679,2,2,0,0
CRHIST0000283,CUST0000093,2025-08-20,675.0,8862.34,0.1487,3,3,0,0
CRHIST0000284,CUST0000094,2020-03-27,,11129.04,0.4729,3,1,0,0
CRHIST0000285,CUST0000094,2021-02-19,697.0,1418.31,0.0542,0,3,0,0
CRHIST0000286,CUST0000094,2021-05-03,682.0,14908.93,0.6187,4,1,0,0
CRHIST0000287,CUST0000094,2021-05-13,698.0,10759.9,0.4432,5,1,0,0
CRHIST0000288,CUST0000095,2025-07-22,705.0,13933.54,0.7583,5,3,0,0
CRHIST0000289,CUST0000095,2025-10-01,711.0,8005.27,0.3783,6,2,0,0
CRHIST0000290,CUST0000095,2025-11-02,717.0,6403.45,0.5959,5,3,0,0
CRHIST0000291,CUST0000096,2024-09-07,783.0,748.01,0.0939,6,0,0,0
CRHIST0000292,CUST0000097,2022-01-26,719.0,26080.6,0.8213,4,2,0,0
CRHIST0000293,CUST0000098,2026-05-24,760.0,5514.03,0.2622,3,4,0,0
CRHIST0000294,CUST0000098,2026-05-26,770.0,420.75,0.039,2,6,0,0
CRHIST0000295,CUST0000098,2026-05-31,767.0,2797.02,0.2008,0,4,0,0
CRHIST0000296,CUST0000098,2026-06-16,793.0,3785.83,0.1385,2,2,0,0
CRHIST0000297,CUST0000098,2026-06-17,802.0,16408.49,0.6264,1,3,0,0
CRHIST0000298,CUST0000099,2026-04-16,644.0,2603.5,0.1383,5,0,0,0
CRHIST0000299,CUST0000099,2026-05-13,656.0,9648.69,0.4966,5,1,0,0
CRHIST0000300,CUST0000100,2026-08-13,679.0,472.26,0.1214,4,1,0,0
CRHIST0000301,CUST0000100,2026-08-14,677.0,695.79,0.1037,5,0,0,0
CRHIST0000302,CUST0000100,2026-08-16,696.0,810.47,0.1916,5,0,0,0
CRHIST0000303,CUST0000101,2022-02-16,761.0,6571.54,0.1493,3,0,0,0
CRHIST0000304,CUST0000101,2022-08-04,754.0,1669.8,0.0923,2,1,0,0
CRHIST0000305,CUST0000101,2023-03-29,744.0,12455.21,0.5744,2,1,0,0
CRHIST0000306,CUST0000101,2023-09-18,-15.0,20174.5,0.441,3,2,0,0
CRHIST0000307,CUST0000102,2026-02-21,753.0,2133.62,0.174,4,5,0,0
CRHIST0000308,CUST0000102,2026-04-10,777.0,7186.47,0.2911,3,5,0,0
CRHIST0000309,CUST0000103,2025-03-31,701.0,2557.93,0.2131,5,2,0,0
CRHIST0000310,CUST0000103,2025-07-06,705.0,3091.4,0.2638,7,1,0,0
CRHIST0000311,CUST0000103,2025-07-10,706.0,1294.08,0.1848,2,2,0,0
CRHIST0000312,CUST0000103,2025-07-11,694.0,6513.33,0.68,9,1,0,0
CRHIST0000313,CUST0000104,2025-08-29,691.0,6564.97,0.4344,3,0,0,0
CRHIST0000314,CUST0000104,2025-10-03,694.0,6758.99,0.4207,5,1,0,0
CRHIST0000315,CUST0000104,2025-10-16,696.0,5696.49,0.6972,2,2,0,0
CRHIST0000316,CUST0000104,2025-10-20,677.0,6693.9,0.7428,3,1,0,0
CRHIST0000317,CUST0000104,2025-11-09,675.0,3582.84,0.3286,4,2,0,0
CRHIST0000318,CUST0000105,2023-10-10,730.0,7991.22,0.3179,3,4,0,0
CRHIST0000319,CUST0000105,2023-11-05,718.0,3632.23,0.2575,2,2,0,0
CRHIST0000320,CUST0000105,2024-02-21,721.0,11428.69,0.562,1,1,0,0
CRHIST0000321,CUST0000105,2025-05-16,726.0,6678.13,0.2307,2,0,1,0
CRHIST0000322,CUST0000105,2025-06-06,718.0,,0.1529,3,4,1,0
CRHIST0000323,CUST0000105,2025-08-25,742.0,,0.6649,1,3,1,0
CRHIST0000324,CUST0000105,2025-08-31,741.0,6712.37,0.2608,1,1,1,0
CRHIST0000325,CUST0000106,2021-08-04,676.0,8443.04,0.4507,3,1,0,0
CRHIST0000326,CUST0000106,2021-08-06,679.0,4992.89,0.3189,3,4,0,0
CRHIST0000327,CUST0000106,2022-01-06,684.0,6913.33,0.3075,2,1,0,0
CRHIST0000328,CUST0000106,2022-07-18,680.0,2260.21,0.2442,8,4,0,0
CRHIST0000329,CUST0000107,2020-10-16,771.0,7370.79,0.4373,1,0,0,0
CRHIST0000330,CUST0000107,2020-12-11,775.0,7258.51,0.3864,1,2,0,0
CRHIST0000331,CUST0000107,2021-03-19,782.0,9116.71,0.313,5,0,0,0
CRHIST0000332,CUST0000107,2021-10-09,775.0,5998.79,0.1944,3,2,0,2
CRHIST0000333,CUST0000107,2023-05-13,779.0,0.0,0.0,2,5,0,2
CRHIST0000334,CUST0000107,2024-04-08,789.0,12940.86,0.4122,1,1,0,2
CRHIST0000335,CUST0000108,2026-06-04,658.0,8639.93,0.6524,4,3,0,0
CRHIST0000336,CUST0000108,2026-06-12,647.0,3177.6,0.2228,3,2,0,0
CRHIST0000337,CUST0000109,2023-04-26,728.0,7762.18,0.32,2,1,0,0
CRHIST0000338,CUST0000109,2023-09-02,736.0,2098.26,0.1178,6,4,0,0
CRHIST0000339,CUST0000109,2023-12-15,737.0,7207.68,0.276,2,1,0,0
CRHIST0000340,CUST0000110,2026-02-22,715.0,20314.87,0.6138,2,3,0,0
CRHIST0000341,CUST0000110,2026-03-10,712.0,3914.62,0.2011,3,2,0,0
CRHIST0000342,CUST0000110,2026-03-12,696.0,8123.52,0.6192,4,2,0,0
CRHIST0000343,CUST0000110,2026-03-16,694.0,4465.94,0.1166,5,6,0,0
CRHIST0000344,CUST0000111,2023-04-18,664.0,1231.09,0.3047,2,4,0,2
CRHIST0000345,CUST0000111,2023-05-19,637.0,2211.5,0.317,6,2,0,2
CRHIST0000346,CUST0000111,2023-10-30,622.0,3932.19,0.8806,5,4,0,2
CRHIST0000347,CUST0000111,2024-04-27,624.0,1455.13,0.2889,4,2,0,2
CRHIST0000348,CUST0000112,2023-02-09,743.0,5124.18,0.3837,5,4,0,0
CRHIST0000349,CUST0000112,2023-10-03,736.0,4575.73,0.3681,2,2,0,0
CRHIST0000350,CUST0000112,2024-03-03,728.0,3568.1,0.3156,5,2,0,0
CRHIST0000351,CUST0000112,2024-07-24,736.0,3037.35,0.2654,3,2,0,0
CRHIST0000352,CUST0000113,2019-12-11,739.0,19814.0,0.6489,1,2,0,0
CRHIST0000353,CUST0000113,2020-09-26,750.0,2535.21,0.1078,1,1,0,0
CRHIST0000354,CUST0000113,2022-05-27,764.0,0.0,0.0,6,2,0,1
CRHIST0000355,CUST0000113,2022-10-15,767.0,3232.98,0.0922,1,4,0,1
CRHIST0000356,CUST0000114,2022-10-13,664.0,5029.41,0.3746,1,2,0,0
CRHIST0000357,CUST0000114,2024-02-07,653.0,8821.3,0.4471,4,0,0,0
CRHIST0000358,CUST0000114,2024-02-10,671.0,6291.66,0.3162,5,1,0,0
CRHIST0000359,CUST0000114,2024-05-08,671.0,6095.21,0.5888,4,3,0,1
CRHIST0000360,CUST0000114,2024-11-24,678.0,7071.36,0.4182,2,1,0,1
CRHIST0000361,CUST0000115,2023-06-25,727.0,3654.16,0.2787,7,1,0,0
CRHIST0000362,CUST0000115,2024-03-18,756.0,1243.62,0.146,5,4,0,0
CRHIST0000363,CUST0000116,2020-01-04,609.0,4567.2,0.6284,7,2,0,0
CRHIST0000364,CUST0000116,2021-07-13,614.0,5236.16,0.722,4,2,0,1
CRHIST0000365,CUST0000116,2022-05-11,626.0,1785.74,0.2704,6,1,0,1
CRHIST0000366,CUST0000116,2023-10-16,637.0,3734.94,0.3711,5,2,0,1
CRHIST0000367,CUST0000116,2023-10-30,635.0,6579.67,0.8074,4,2,1,1
CRHIST0000368,CUST0000117,2021-01-04,559.0,1482.92,0.5616,2,1,0,0
CRHIST0000369,CUST0000118,2023-09-25,666.0,11204.84,0.4891,6,1,0,0
CRHIST0000370,CUST0000118,2023-09-29,653.0,2184.55,0.0879,4,2,0,0
CRHIST0000371,CUST0000118,2023-11-04,661.0,5906.87,0.5486,7,0,0,0
CRHIST0000372,CUST0000119,2021-05-01,756.0,16490.5,0.4611,1,3,0,0
CRHIST0000373,CUST0000119,2021-11-28,741.0,8698.28,0.3195,2,0,0,1
CRHIST0000374,CUST0000120,2024-07-23,703.0,13472.27,0.4123,6,1,0,0
CRHIST0000375,CUST0000120,2024-10-30,700.0,790.67,0.0538,4,4,0,0
CRHIST0000376,CUST0000120,2024-11-29,675.0,13802.08,0.4698,4,3,0,0
CRHIST0000377,CUST0000121,2022-11-22,629.0,5250.11,0.3741,7,1,0,0
CRHIST0000378,CUST0000121,2023-01-25,614.0,1146.52,0.216,7,0,0,0
CRHIST0000379,CUST0000122,2023-05-19,703.0,616.89,0.0432,2,1,0,0
CRHIST0000380,CUST0000122,2023-07-19,697.0,3805.53,0.3136,2,1,0,0
CRHIST0000381,CUST0000123,2020-01-28,762.0,1221.82,0.1324,3,2,0,0
CRHIST0000382,CUST0000123,2020-02-24,781.0,11847.07,0.7132,3,5,0,0
CRHIST0000383,CUST0000123,2020-07-30,787.0,11586.76,0.6354,2,2,0,0
CRHIST0000384,CUST0000123,2021-08-23,806.0,2909.08,0.2269,4,4,0,0
CRHIST0000385,CUST0000123,2022-05-02,790.0,6056.61,0.2531,3,3,0,2
CRHIST0000386,CUST0000124,2022-08-16,684.0,5108.41,0.2681,4,4,0,0
CRHIST0000387,CUST0000124,2023-05-16,680.0,12707.11,0.627,3,2,0,0
CRHIST0000388,CUST0000124,2024-02-03,680.0,9165.51,0.6452,1,3,0,0
CRHIST0000389,CUST0000125,2023-07-21,805.0,7474.2,0.2338,0,2,0,0
CRHIST0000390,CUST0000125,2024-04-04,786.0,12778.24,0.3919,4,2,0,0
CRHIST0000391,CUST0000126,2023-06-18,684.0,22380.15,0.5634,1,1,0,0
CRHIST0000392,CUST0000126,2023-07-07,688.0,10113.79,0.4486,4,1,0,0
CRHIST0000393,CUST0000126,2023-07-28,685.0,2444.49,0.0902,2,3,0,0
CRHIST0000394,CUST0000126,2023-08-31,701.0,19016.56,0.5232,1,1,0,0
CRHIST0000395,CUST0000126,2025-06-19,712.0,18544.71,0.4276,1,3,0,0
CRHIST0000396,CUST0000127,2024-07-21,731.0,8560.08,0.8028,7,2,0,0
CRHIST0000397,CUST0000127,2024-10-24,746.0,2619.8,0.2472,1,4,0,0
CRHIST0000398,CUST0000127,2024-11-08,759.0,1295.09,0.1659,4,1,0,0
CRHIST0000399,CUST0000127,2025-07-05,759.0,4882.93,0.3648,0,0,0,0
CRHIST0000400,CUST0000127,2025-10-25,768.0,2697.22,0.3151,4,4,0,0
CRHIST0000401,CUST0000128,2019-05-01,711.0,17933.3,0.5517,3,3,0,0
CRHIST0000402,CUST0000128,2020-04-13,689.0,2836.23,0.1478,1,1,0,0
CRHIST0000403,CUST0000129,2026-04-06,653.0,5528.93,0.5072,3,3,0,0
CRHIST0000404,CUST0000129,2026-04-07,637.0,3776.66,0.6758,6,3,0,0
CRHIST0000405,CUST0000129,2026-04-15,644.0,7702.94,0.5653,8,3,0,0
CRHIST0000406,CUST0000129,2026-05-09,649.0,4697.04,0.4179,0,1,0,0
CRHIST0000407,CUST0000130,2026-05-02,730.0,8682.79,0.3647,4,0,0,0
CRHIST0000408,CUST0000130,2026-05-03,730.0,10195.25,0.3199,3,0,0,0
CRHIST0000409,CUST0000130,2026-05-14,760.0,8144.99,0.2888,2,2,0,0
CRHIST0000410,CUST0000131,2026-01-04,713.0,29344.76,0.4409,9,2,0,0
CRHIST0000411,CUST0000131,2026-01-17,698.0,30598.56,0.621,1,2,0,0
CRHIST0000412,CUST0000131,2026-01-20,705.0,51235.61,0.805,2,1,0,0
CRHIST0000413,CUST0000131,2026-02-15,718.0,12856.9,0.4466,3,3,0,0
CRHIST0000414,CUST0000132,2021-05-29,460.0,398.03,0.2734,7,2,1,0
CRHIST0000415,CUST0000132,2021-09-28,458.0,476.22,0.5629,4,1,1,1
CRHIST0000416,CUST0000132,2022-03-25,464.0,742.09,0.7261,7,4,1,2
CRHIST0000417,CUST0000132,2022-08-10,467.0,203.73,0.2881,8,3,1,2
CRHIST0000418,CUST0000132,2024-03-11,462.0,337.88,0.5112,4,5,1,2
CRHIST0000419,CUST0000133,2024-01-19,679.0,4819.08,0.576,5,1,0,0
CRHIST0000420,CUST0000133,2024-06-01,696.0,9128.24,0.5985,1,1,0,1
CRHIST0000421,CUST0000133,2024-09-12,689.0,9875.66,0.6918,2,0,0,3
CRHIST0000422,CUST0000134,2021-03-29,644.0,4936.26,0.6474,6,1,0,0
CRHIST0000423,CUST0000134,2022-03-25,,7502.03,0.7173,0,6,0,0
CRHIST0000424,CUST0000134,2022-08-09,665.0,1717.02,0.1856,5,2,0,0
CRHIST0000425,CUST0000134,2022-12-16,662.0,2070.07,0.1796,5,4,0,0
CRHIST0000426,CUST0000135,2026-01-23,720.0,3258.95,0.1091,2,1,0,0
CRHIST0000427,CUST0000136,2019-06-13,632.0,12241.15,0.5571,7,0,0,0
CRHIST0000428,CUST0000136,2019-06-28,639.0,17114.98,0.6585,6,2,0,0
CRHIST0000429,CUST0000136,2019-07-02,638.0,10631.05,0.5538,5,2,0,0
CRHIST0000430,CUST0000137,2023-12-08,704.0,1600.29,0.1432,5,4,0,0
CRHIST0000431,CUST0000138,2025-09-03,726.0,2948.09,0.2398,3,3,0,0
CRHIST0000432,CUST0000138,2025-11-17,713.0,10101.29,0.6069,2,2,0,0
CRHIST0000433,CUST0000138,2026-01-02,706.0,3899.38,0.2874,5,1,0,0
CRHIST0000434,CUST0000138,2026-01-18,702.0,12741.33,0.4934,2,2,0,0
CRHIST0000435,CUST0000139,2024-08-29,702.0,19285.31,0.4988,2,2,0,1
CRHIST0000436,CUST0000140,2025-09-23,626.0,1748.87,0.3963,3,1,0,0
CRHIST0000437,CUST0000141,2023-04-18,688.0,8813.13,0.3219,5,4,0,0
CRHIST0000438,CUST0000142,2020-02-03,719.0,10358.75,0.3795,4,5,0,0
CRHIST0000439,CUST0000142,2022-05-01,719.0,9100.87,0.1907,4,2,0,0
CRHIST0000440,CUST0000142,2022-08-25,722.0,5294.97,0.152,5,3,0,0
CRHIST0000441,CUST0000143,2020-01-15,705.0,15209.05,0.6372,4,2,0,0
CRHIST0000442,CUST0000143,2020-04-01,703.0,4602.26,0.2282,5,3,0,0
CRHIST0000443,CUST0000143,2020-05-13,709.0,3401.04,0.3683,5,3,0,1
CRHIST0000444,CUST0000144,2020-07-16,700.0,8358.91,0.2862,8,3,0,0
CRHIST0000445,CUST0000145,2019-06-23,627.0,5204.67,0.3926,5,1,0,0
CRHIST0000446,CUST0000146,2022-07-11,675.0,9003.16,0.8089,5,4,0,0
CRHIST0000447,CUST0000146,2022-09-07,680.0,6052.69,0.4788,0,2,0,0
CRHIST0000448,CUST0000146,2023-01-17,691.0,5992.66,0.5756,4,2,0,1
CRHIST0000449,CUST0000146,2024-05-23,667.0,6434.11,0.5779,3,1,0,1
CRHIST0000450,CUST0000147,2019-06-01,687.0,4790.97,0.4214,3,0,0,0
CRHIST0000451,CUST0000147,2020-02-13,675.0,7423.68,0.3682,1,4,0,0
CRHIST0000452,CUST0000147,2020-04-20,671.0,3128.42,0.3904,4,1,0,0
CRHIST0000453,CUST0000148,2020-10-26,580.0,1694.11,0.3947,5,5,0,0
CRHIST0000454,CUST0000148,2022-01-23,608.0,3570.19,0.3989,3,4,0,0
CRHIST0000455,CUST0000148,2022-04-17,603.0,1694.92,0.2804,5,4,1,0
CRHIST0000456,CUST0000148,2022-09-02,596.0,1422.51,0.2548,5,3,1,0
CRHIST0000457,CUST0000148,2023-04-04,586.0,4533.58,0.5099,5,1,1,0
CRHIST0000458,CUST0000148,2023-12-30,586.0,2154.54,0.3094,8,0,1,0
CRHIST0000459,CUST0000149,2022-06-21,688.0,695.63,0.0512,5,0,0,0
CRHIST0000460,CUST0000149,2023-01-15,695.0,4415.26,0.2289,3,3,0,0
CRHIST0000461,CUST0000149,2023-03-22,683.0,13243.74,0.4448,1,1,0,0
CRHIST0000462,CUST0000150,2024-09-03,588.0,2555.19,0.8089,3,6,0,0
CRHIST0000463,CUST0000150,2024-09-09,591.0,1181.4,0.2534,1,1,0,0
CRHIST0000464,CUST0000150,2024-09-13,597.0,2088.53,0.6524,2,2,0,0
CRHIST0000465,CUST0000150,2025-03-23,593.0,1981.39,0.5848,3,1,0,0
CRHIST0000466,CUST0000151,2024-10-30,646.0,4755.5,0.7741,6,3,0,0
CRHIST0000467,CUST0000151,2025-06-23,633.0,10382.43,0.7486,1,6,0,0
CRHIST0000468,CUST0000152,2020-10-05,757.0,9087.24,0.3296,1,4,0,0
CRHIST0000469,CUST0000152,2021-03-25,770.0,14916.73,0.5158,4,3,0,0
CRHIST0000470,CUST0000152,2022-02-14,781.0,118.8,0.0034,3,1,0,0
CRHIST0000471,CUST0000153,2026-02-12,772.0,8007.33,0.3221,2,3,0,0
CRHIST0000472,CUST0000154,2023-08-17,614.0,18341.12,0.7797,4,1,0,0
CRHIST0000473,CUST0000154,2023-08-20,621.0,4256.5,0.4878,8,0,0,0
CRHIST0000474,CUST0000155,2022-03-21,655.0,9918.62,0.1811,9,3,0,0
CRHIST0000475,CUST0000155,2023-05-15,647.0,48982.07,0.859,5,3,0,0
CRHIST0000476,CUST0000155,2023-10-10,653.0,6558.01,0.293,5,0,0,0
CRHIST0000477,CUST0000156,2023-07-23,624.0,5859.71,0.2752,5,0,0,0
CRHIST0000478,CUST0000156,2023-10-22,601.0,18763.1,0.6297,7,5,0,0
CRHIST0000479,CUST0000156,2025-02-16,591.0,16432.97,0.7621,4,5,0,0
CRHIST0000480,CUST0000157,2025-07-18,724.0,15012.64,0.3815,1,3,0,0
CRHIST0000481,CUST0000157,2025-10-13,742.0,9880.06,0.2684,1,1,0,0
CRHIST0000482,CUST0000157,2025-10-22,755.0,6790.39,0.3211,5,3,0,0
CRHIST0000483,CUST0000158,2022-09-07,625.0,6944.81,0.565,5,5,1,0
CRHIST0000484,CUST0000158,2023-06-11,632.0,573.88,0.0788,7,1,1,0
CRHIST0000485,CUST0000158,2023-09-17,637.0,1334.71,0.153,3,3,1,0
CRHIST0000486,CUST0000159,2021-08-09,693.0,12408.89,0.95,1,2,0,2
CRHIST0000487,CUST0000159,2023-06-22,688.0,3012.59,0.291,3,3,0,2
CRHIST0000488,CUST0000159,2024-01-17,673.0,,0.2342,3,1,0,4
CRHIST0000489,CUST0000159,2024-01-20,684.0,1880.29,0.1358,3,6,0,4
CRHIST0000490,CUST0000160,2022-05-06,722.0,822.34,0.0401,2,2,0,0
CRHIST0000491,CUST0000160,2022-05-11,746.0,3317.03,0.1352,3,2,0,1
CRHIST0000492,CUST0000161,2020-08-24,656.0,2032.04,0.2343,6,6,0,0
CRHIST0000493,CUST0000161,2021-01-07,656.0,11585.55,0.7005,6,0,0,0
CRHIST0000494,CUST0000161,2021-01-13,626.0,2238.36,0.1122,1,1,0,0
CRHIST0000495,CUST0000161,2021-06-13,633.0,13133.37,0.6004,7,1,0,0
CRHIST0000496,CUST0000162,2021-07-28,653.0,13790.64,0.6142,6,0,0,0
CRHIST0000497,CUST0000162,2022-02-11,668.0,5900.79,0.3622,4,1,0,0
CRHIST0000498,CUST0000162,2022-05-24,676.0,6849.69,0.5131,5,2,0,0
CRHIST0000499,CUST0000162,2022-11-13,689.0,4732.92,0.2582,5,2,0,0
CRHIST0000500,CUST0000162,2023-01-30,700.0,,0.5576,2,2,0,0
CRHIST0000501,CUST0000163,2021-11-10,715.0,17436.05,0.4901,4,2,0,0
CRHIST0000502,CUST0000163,2022-02-10,695.0,392.79,0.0158,6,0,0,0
CRHIST0000503,CUST0000163,2022-03-01,687.0,8395.56,0.3079,4,1,0,0
CRHIST0000504,CUST0000163,2023-04-19,686.0,1201.0,0.0764,1,0,0,0
CRHIST0000505,CUST0000163,2023-07-25,675.0,7633.72,0.3419,6,2,0,0
CRHIST0000506,CUST0000164,2021-04-21,702.0,12298.91,0.2085,0,1,0,0
CRHIST0000507,CUST0000165,2021-12-03,540.0,3861.38,0.3826,5,3,0,1
CRHIST0000508,CUST0000165,2022-04-03,537.0,907.22,0.2261,4,3,0,1
CRHIST0000509,CUST0000165,2022-10-26,508.0,3866.77,0.3811,7,0,1,1
CRHIST0000510,CUST0000166,2020-09-17,612.0,1546.69,0.4885,3,2,0,0
CRHIST0000511,CUST0000166,2022-05-02,600.0,1733.49,0.8003,5,0,0,0
CRHIST0000512,CUST0000166,2023-07-06,604.0,2167.26,0.6152,2,1,0,1
CRHIST0000513,CUST0000166,2024-11-13,625.0,585.5,0.2896,4,2,0,1
CRHIST0000514,CUST0000167,2023-10-22,776.0,7255.56,0.1516,2,1,0,0
CRHIST0000515,CUST0000167,2023-10-23,766.0,23568.73,0.5279,2,1,0,0
CRHIST0000516,CUST0000167,2024-11-19,764.0,13283.79,0.5337,2,1,0,0
CRHIST0000517,CUST0000167,2025-01-27,800.0,7188.82,0.1517,4,1,0,0
CRHIST0000518,CUST0000168,2020-05-20,768.0,15632.86,0.4067,3,2,0,0
CRHIST0000519,CUST0000168,2020-07-29,769.0,8439.5,0.213,3,1,0,0
CRHIST0000520,CUST0000168,2021-05-31,765.0,8757.54,0.5037,3,2,0,0
CRHIST0000521,CUST0000168,2021-06-07,768.0,10259.96,0.2714,1,7,0,0
CRHIST0000522,CUST0000168,2021-08-15,777.0,4607.36,0.2624,5,2,0,0
CRHIST0000523,CUST0000169,2021-01-12,666.0,12517.92,0.4595,2,3,0,0
CRHIST0000524,CUST0000169,2022-03-08,,4099.24,0.1296,6,1,0,0
CRHIST0000525,CUST0000169,2022-06-01,666.0,9778.43,0.3647,1,2,0,1
CRHIST0000526,CUST0000170,2026-06-28,647.0,16012.33,0.6118,7,2,1,0
CRHIST0000527,CUST0000170,2026-07-21,645.0,6083.08,0.4802,5,1,1,0
CRHIST0000528,CUST0000170,2026-07-21,645.0,21948.15,0.8456,5,2,1,0
CRHIST0000529,CUST0000170,2026-07-29,644.0,16838.55,0.5403,5,0,1,0
CRHIST0000530,CUST0000171,2019-08-10,655.0,4619.83,0.4756,5,1,0,0
CRHIST0000531,CUST0000171,2020-03-22,649.0,4757.25,0.3877,2,0,0,1
CRHIST0000532,CUST0000171,2020-12-12,657.0,4402.02,0.2127,3,3,0,2
CRHIST0000533,CUST0000171,2022-08-11,649.0,3995.18,0.3214,3,2,0,2
CRHIST0000534,CUST0000172,2021-04-05,706.0,7063.43,0.4166,3,2,0,0
CRHIST0000535,CUST0000172,2021-06-10,719.0,3043.82,0.4972,2,2,0,0
CRHIST0000536,CUST0000172,2022-02-22,718.0,7090.6,0.4255,5,1,0,0
CRHIST0000537,CUST0000172,2023-08-14,718.0,1930.0,0.122,5,4,0,0
CRHIST0000538,CUST0000172,2024-05-18,710.0,959.46,0.0831,4,4,0,1
CRHIST0000539,CUST0000173,2022-12-27,726.0,13904.55,0.7701,4,3,0,0
CRHIST0000540,CUST0000173,2023-10-12,711.0,2119.46,0.1911,3,2,0,0
CRHIST0000541,CUST0000173,2023-10-20,706.0,7710.44,0.3976,4,2,1,1
CRHIST0000542,CUST0000173,2024-03-18,706.0,1999.66,0.1548,4,2,1,1
CRHIST0000543,CUST0000174,2021-07-11,715.0,2881.15,0.1405,4,1,0,0
CRHIST0000544,CUST0000174,2021-07-15,716.0,1636.07,0.0716,5,2,0,0
CRHIST0000545,CUST0000174,2022-01-28,710.0,15371.96,0.7745,3,0,0,0
CRHIST0000546,CUST0000175,2021-07-01,676.0,5602.25,0.2276,5,1,0,0
CRHIST0000547,CUST0000176,2021-11-10,544.0,1209.02,0.859,6,2,0,2
CRHIST0000548,CUST0000176,2022-06-03,538.0,1021.56,0.5742,4,1,0,2
CRHIST0000549,CUST0000176,2022-06-30,544.0,498.61,0.4148,1,4,1,2
CRHIST0000550,CUST0000176,2022-12-31,548.0,445.93,0.5345,7,2,1,2
CRHIST0000551,CUST0000176,2024-08-17,547.0,598.86,0.3439,3,0,1,2
CRHIST0000552,CUST0000177,2022-09-19,667.0,4965.95,0.3994,4,2,0,1
CRHIST0000553,CUST0000178,2024-11-14,733.0,379.72,0.0145,7,0,0,0
CRHIST0000554,CUST0000178,2025-05-05,733.0,4518.12,0.2035,1,1,0,0
CRHIST0000555,CUST0000178,2025-05-10,727.0,6625.14,0.276,1,1,0,0
CRHIST0000556,CUST0000178,2025-06-06,719.0,3980.31,0.2599,3,2,0,0
CRHIST0000557,CUST0000179,2023-12-04,717.0,1566.1,0.2498,2,2,0,0
CRHIST0000558,CUST0000179,2024-09-20,710.0,6052.81,0.5714,0,2,0,0
CRHIST0000559,CUST0000179,2024-12-22,713.0,2868.79,0.3866,2,4,0,0
CRHIST0000560,CUST0000180,2026-03-13,668.0,11486.33,0.5168,2,5,0,0
CRHIST0000561,CUST0000181,2024-06-12,667.0,10780.3,0.5875,7,2,0,0
CRHIST0000562,CUST0000181,2025-01-10,704.0,3876.25,0.188,4,4,0,0
CRHIST0000563,CUST0000182,2025-09-26,656.0,11492.29,0.4805,5,1,0,0
CRHIST0000564,CUST0000182,2025-09-27,658.0,,0.4525,2,4,0,0
CRHIST0000565,CUST0000182,2025-10-23,643.0,1792.86,0.0838,4,1,0,0
CRHIST0000566,CUST0000182,2025-10-30,659.0,11142.12,0.7898,4,1,0,0
CRHIST0000567,CUST0000183,2023-10-06,659.0,11871.27,0.5982,3,2,0,0
CRHIST0000568,CUST0000184,2024-07-15,705.0,813.72,0.0666,7,3,0,0
CRHIST0000569,CUST0000184,2024-08-06,695.0,7471.01,0.5223,2,2,0,0
CRHIST0000570,CUST0000185,2023-12-04,659.0,,0.493,2,2,0,0
CRHIST0000571,CUST0000186,2025-05-09,653.0,1369.68,0.2329,6,1,0,0
CRHIST0000572,CUST0000187,2023-04-17,709.0,3984.44,0.3907,2,0,0,0
CRHIST0000573,CUST0000187,2023-06-13,699.0,951.03,0.101,4,1,0,0
CRHIST0000574,CUST0000188,2022-02-24,709.0,862.55,0.0347,2,2,0,0
CRHIST0000575,CUST0000188,2022-04-22,698.0,2151.9,0.1536,5,2,0,0
CRHIST0000576,CUST0000189,2019-10-30,725.0,6579.31,0.2279,2,2,0,0
CRHIST0000577,CUST0000189,2021-11-20,731.0,1369.87,0.0636,3,0,0,0
CRHIST0000578,CUST0000190,2025-09-19,687.0,8053.41,0.3409,4,4,0,0
CRHIST0000579,CUST0000190,2025-12-06,679.0,23417.93,0.6091,3,1,0,1
CRHIST0000580,CUST0000191,2023-07-11,689.0,751.5,0.0372,3,1,0,0
CRHIST0000581,CUST0000191,2023-09-16,677.0,2937.78,0.1241,4,0,0,0
CRHIST0000582,CUST0000192,2025-03-13,602.0,,0.1764,6,4,0,0
CRHIST0000583,CUST0000193,2024-03-31,658.0,7868.86,0.502,3,2,0,0
CRHIST0000584,CUST0000193,2024-05-30,854.0,3754.42,0.4206,4,1,0,0
CRHIST0000585,CUST0000193,2024-07-18,665.0,1804.86,0.1273,4,2,0,2
CRHIST0000586,CUST0000193,2024-10-22,676.0,11846.86,0.8896,5,1,0,2
CRHIST0000587,CUST0000193,2024-12-29,692.0,9644.47,0.4662,3,4,0,2
CRHIST0000588,CUST0000193,2025-06-09,676.0,11679.43,0.6797,4,2,0,2
CRHIST0000589,CUST0000194,2019-10-13,709.0,10536.17,0.4231,1,4,0,0
CRHIST0000590,CUST0000194,2021-08-15,698.0,4189.67,0.2309,1,1,0,0
CRHIST0000591,CUST0000194,2022-07-15,701.0,8996.36,0.5341,0,0,0,2
CRHIST0000592,CUST0000194,2023-03-02,721.0,15655.91,0.7321,1,1,0,2
CRHIST0000593,CUST0000195,2024-01-22,699.0,5289.36,0.4872,6,3,0,0
CRHIST0000594,CUST0000195,2024-02-05,711.0,7243.6,0.3952,3,0,0,0
CRHIST0000595,CUST0000195,2024-02-09,698.0,659.22,0.0589,1,1,0,0
CRHIST0000596,CUST0000195,2024-12-01,681.0,2770.54,0.2049,6,1,0,0
CRHIST0000597,CUST0000196,2023-02-25,706.0,25436.43,0.5018,5,0,0,0
CRHIST0000598,CUST0000196,2023-05-12,686.0,2063.74,0.0748,5,3,0,0
CRHIST0000599,CUST0000196,2024-01-05,691.0,7183.71,0.1209,6,4,0,0
CRHIST0000600,CUST0000196,2024-11-24,689.0,6324.36,0.235,1,3,0,0
CRHIST0000601,CUST0000196,2025-01-08,693.0,12279.8,0.2887,4,3,0,0
CRHIST0000602,CUST0000196,2025-05-07,-20.0,19355.61,0.5402,4,3,0,0
CRHIST0000603,CUST0000197,2020-11-18,674.0,1661.7,0.5019,3,0,0,0
CRHIST0000604,CUST0000197,2021-05-14,662.0,561.26,0.0734,2,4,0,0
CRHIST0000605,CUST0000197,2021-11-01,656.0,445.07,0.0874,5,1,0,0
CRHIST0000606,CUST0000197,2022-01-12,655.0,3426.01,0.5634,3,5,0,0
CRHIST0000607,CUST0000197,2022-07-28,659.0,2261.37,0.5174,4,2,0,0
CRHIST0000608,CUST0000197,2024-01-23,665.0,4588.28,0.7979,6,1,0,0
CRHIST0000609,CUST0000197,2025-02-05,674.0,1599.26,0.5185,6,2,0,0
CRHIST0000610,CUST0000197,2026-01-14,673.0,912.42,0.2277,2,1,0,0
CRHIST0000611,CUST0000197,2026-06-06,654.0,2238.53,0.2853,3,3,0,0
CRHIST0000612,CUST0000198,2022-03-09,647.0,9104.78,0.3589,4,1,0,0
CRHIST0000613,CUST0000198,2023-04-26,633.0,6000.98,0.2931,1,3,0,0
CRHIST0000614,CUST0000198,2023-11-20,621.0,13901.67,0.7954,3,3,0,0
CRHIST0000615,CUST0000198,2024-01-03,631.0,13548.09,0.7036,2,2,0,0
CRHIST0000616,CUST0000199,2023-11-26,632.0,9181.53,0.6344,3,6,0,0
CRHIST0000617,CUST0000199,2023-11-28,626.0,7647.16,0.4385,4,2,0,0
CRHIST0000618,CUST0000199,2024-02-10,609.0,13560.19,0.7325,5,3,0,0
CRHIST0000619,CUST0000199,2024-09-11,613.0,4777.87,0.363,3,1,0,1
CRHIST0000620,CUST0000199,2026-01-08,643.0,6672.57,0.5329,0,1,0,1
CRHIST0000621,CUST0000200,2019-12-03,653.0,3811.29,0.2744,3,3,0,0
CRHIST0000622,CUST0000201,2023-10-07,618.0,1491.6,0.2123,4,2,0,0
CRHIST0000623,CUST0000201,2023-12-13,603.0,3756.37,0.3374,0,1,0,0
CRHIST0000624,CUST0000201,2023-12-18,597.0,5215.89,0.3876,1,1,0,0
CRHIST0000625,CUST0000202,2025-10-02,644.0,3477.09,0.2691,3,3,0,0
CRHIST0000626,CUST0000202,2025-11-08,639.0,6892.42,0.3665,1,1,0,0
CRHIST0000627,CUST0000203,2019-11-11,772.0,14142.15,0.2313,1,2,0,0
CRHIST0000628,CUST0000203,2020-03-02,761.0,0.0,0.0,2,1,0,0
CRHIST0000629,CUST0000204,2022-07-11,716.0,5910.8,0.3318,2,1,0,0
CRHIST0000630,CUST0000205,2019-09-21,600.0,,0.5079,6,4,0,0
CRHIST0000631,CUST0000205,2020-08-07,601.0,4649.64,0.2617,5,0,1,0
CRHIST0000632,CUST0000205,2020-10-07,577.0,10917.0,0.5904,13,2,1,0
CRHIST0000633,CUST0000205,2022-01-15,572.0,4265.17,0.2628,1,3,1,0
CRHIST0000634,CUST0000206,2024-09-17,745.0,18907.06,0.5522,0,2,0,0
CRHIST0000635,CUST0000206,2024-10-10,762.0,31549.41,0.7495,1,0,0,0
CRHIST0000636,CUST0000206,2024-12-25,761.0,17495.79,0.4765,3,5,0,0
CRHIST0000637,CUST0000206,2025-03-01,758.0,7007.82,0.207,4,1,0,0
CRHIST0000638,CUST0000207,2025-12-22,,7277.32,0.3027,2,1,0,0
CRHIST0000639,CUST0000207,2025-12-24,697.0,11455.17,0.2895,2,1,0,0
CRHIST0000640,CUST0000207,2026-01-17,672.0,19672.08,0.581,4,3,0,0
CRHIST0000641,CUST0000207,2026-05-26,683.0,10952.55,0.3505,4,4,0,0
CRHIST0000642,CUST0000208,2026-07-23,555.0,1238.39,0.6832,2,3,0,0
CRHIST0000643,CUST0000208,2026-07-24,568.0,1304.85,0.8148,2,1,0,0
CRHIST0000644,CUST0000208,2026-07-26,574.0,501.42,0.2403,8,4,0,0
CRHIST0000645,CUST0000208,2026-08-01,580.0,760.18,0.5269,4,2,0,0
CRHIST0000646,CUST0000209,2019-09-01,715.0,8083.08,0.2895,3,3,0,0
CRHIST0000647,CUST0000209,2020-01-28,729.0,8259.43,0.2163,4,1,0,0
CRHIST0000648,CUST0000210,2023-05-12,660.0,1824.3,0.0689,3,0,0,0
CRHIST0000649,CUST0000210,2024-02-12,653.0,10212.35,0.4967,9,3,0,0
CRHIST0000650,CUST0000210,2024-10-02,671.0,6197.23,0.2262,2,1,0,0
CRHIST0000651,CUST0000211,2019-07-01,660.0,10927.64,0.4149,5,2,0,0
CRHIST0000652,CUST0000211,2020-06-19,656.0,1677.74,0.1281,4,3,0,0
CRHIST0000653,CUST0000211,2021-10-09,643.0,2246.19,0.129,5,4,0,0
CRHIST0000654,CUST0000211,2022-04-07,644.0,6290.37,0.2716,4,1,0,0
CRHIST0000655,CUST0000211,2022-04-23,660.0,13985.04,0.4442,2,2,0,0
CRHIST0000656,CUST0000211,2022-08-04,663.0,13984.01,0.6882,6,1,0,0
CRHIST0000657,CUST0000212,2022-01-30,614.0,9490.56,0.4046,2,2,0,0
CRHIST0000658,CUST0000212,2022-07-03,618.0,4934.28,0.2379,3,6,0,0
CRHIST0000659,CUST0000212,2022-08-16,624.0,7582.82,0.4971,4,0,0,0
CRHIST0000660,CUST0000212,2023-12-22,616.0,20491.95,0.7517,3,2,0,0
CRHIST0000661,CUST0000213,2021-11-08,678.0,4639.39,0.5276,2,2,0,0
CRHIST0000662,CUST0000213,2022-07-07,690.0,3575.23,0.3745,2,2,0,0
CRHIST0000663,CUST0000214,2023-10-29,679.0,5647.12,0.6463,3,5,0,0
CRHIST0000664,CUST0000215,2026-01-20,693.0,12080.7,0.5369,2,2,0,0
CRHIST0000665,CUST0000215,2026-02-21,688.0,5516.69,0.22,0,5,0,0
CRHIST0000666,CUST0000215,2026-02-28,697.0,10576.17,0.3875,0,5,0,0
CRHIST0000667,CUST0000215,2026-03-24,709.0,8717.12,0.2788,3,2,0,0
CRHIST0000668,CUST0000216,2025-04-02,706.0,3504.46,0.1205,4,0,0,0
CRHIST0000669,CUST0000216,2025-06-24,711.0,9692.51,0.2783,5,0,0,0
CRHIST0000670,CUST0000216,2025-07-29,717.0,13594.96,0.3404,2,0,0,0
CRHIST0000671,CUST0000217,2020-10-17,884.0,8870.48,0.3731,2,1,0,0
CRHIST0000672,CUST0000217,2020-12-17,704.0,6067.53,0.3426,8,2,0,0
CRHIST0000673,CUST0000217,2022-11-27,714.0,1905.55,0.0745,2,7,0,0
CRHIST0000674,CUST0000218,2021-01-21,749.0,9394.51,0.5631,0,1,0,0
CRHIST0000675,CUST0000218,2021-02-08,749.0,8018.23,0.438,1,2,0,0
CRHIST0000676,CUST0000218,2021-11-21,756.0,15529.23,0.6482,3,0,0,0
CRHIST0000677,CUST0000218,2022-03-27,761.0,15277.11,0.4527,4,3,0,0
CRHIST0000678,CUST0000219,2022-01-14,683.0,17672.1,0.4111,4,2,0,0
CRHIST0000679,CUST0000219,2022-01-26,663.0,12717.59,0.3875,4,0,0,0
CRHIST0000680,CUST0000220,2021-03-06,626.0,3588.05,0.5103,1,1,0,0
CRHIST0000681,CUST0000220,2021-06-21,620.0,1379.24,0.2187,3,0,0,0
CRHIST0000682,CUST0000220,2022-09-26,611.0,1666.46,0.3709,6,2,0,0
CRHIST0000683,CUST0000220,2024-03-06,623.0,2009.25,0.3763,1,2,0,0
CRHIST0000684,CUST0000220,2024-03-07,624.0,4152.29,0.439,4,2,0,0
CRHIST0000685,CUST0000220,2024-08-11,618.0,1529.68,0.458,4,1,0,0
CRHIST0000686,CUST0000221,2022-05-02,637.0,5632.78,0.7309,8,0,0,0
CRHIST0000687,CUST0000221,2022-11-15,632.0,8217.29,0.7272,3,2,0,0
CRHIST0000688,CUST0000221,2023-02-08,628.0,5730.3,0.6279,7,1,0,0
CRHIST0000689,CUST0000221,2023-03-27,632.0,9524.34,0.8149,3,2,0,0
CRHIST0000690,CUST0000221,2023-10-10,628.0,3491.35,0.1869,5,1,0,0
CRHIST0000691,CUST0000222,2023-11-20,729.0,11050.75,0.4626,4,0,0,0
CRHIST0000692,CUST0000222,2024-09-23,719.0,0.0,0.0,5,1,0,0
CRHIST0000693,CUST0000223,2025-03-02,595.0,2179.67,0.5506,5,1,0,0
CRHIST0000694,CUST0000223,2025-04-27,608.0,2244.7,0.8956,1,2,1,2
CRHIST0000695,CUST0000223,2025-08-17,604.0,883.79,0.2922,4,2,1,2
CRHIST0000696,CUST0000223,2025-09-10,,1589.76,0.5781,5,3,1,2
CRHIST0000697,CUST0000223,2025-12-01,583.0,1342.0,0.6293,5,1,1,2
CRHIST0000698,CUST0000224,2026-03-24,625.0,13231.13,0.4185,3,1,0,0
CRHIST0000699,CUST0000224,2026-03-27,621.0,17436.49,0.4596,5,1,0,0
CRHIST0000700,CUST0000225,2024-12-26,703.0,6606.75,0.392,4,5,0,0
CRHIST0000701,CUST0000225,2025-01-06,693.0,7075.08,0.7908,3,3,0,0
CRHIST0000702,CUST0000225,2025-02-01,676.0,5052.28,0.4904,4,1,0,0
CRHIST0000703,CUST0000225,2025-05-06,675.0,2132.18,0.2166,3,4,0,2
CRHIST0000704,CUST0000226,2021-04-28,802.0,16472.7,0.3195,2,2,0,0
CRHIST0000705,CUST0000226,2021-12-23,825.0,7480.56,0.3213,2,2,0,0
CRHIST0000706,CUST0000226,2022-06-04,835.0,13178.36,0.3412,1,2,0,0
CRHIST0000707,CUST0000227,2020-08-05,712.0,6818.86,0.4425,3,1,0,0
CRHIST0000708,CUST0000227,2021-03-30,717.0,8979.34,0.6784,5,3,0,0
CRHIST0000709,CUST0000227,2021-12-02,714.0,4129.42,0.3682,8,0,0,0
CRHIST0000710,CUST0000227,2022-09-24,713.0,7615.08,0.4796,2,2,0,0
CRHIST0000711,CUST0000228,2022-03-31,616.0,2392.85,0.3637,2,4,0,0
CRHIST0000712,CUST0000229,2025-02-16,682.0,2411.02,0.2636,3,0,0,0
CRHIST0000713,CUST0000229,2025-03-01,681.0,8874.9,0.4096,3,1,0,0
CRHIST0000714,CUST0000229,2025-07-09,680.0,4527.57,0.3638,5,3,0,0
CRHIST0000715,CUST0000230,2026-08-06,743.0,7142.0,0.1297,2,5,0,0
CRHIST0000716,CUST0000230,2026-08-09,735.0,32588.42,0.493,1,0,0,0
CRHIST0000717,CUST0000230,2026-08-10,737.0,13507.12,0.2198,5,0,0,0
CRHIST0000718,CUST0000231,2022-05-07,762.0,6287.59,0.3477,5,1,0,0
CRHIST0000719,CUST0000232,2020-05-19,690.0,1385.09,0.1599,1,4,0,0
CRHIST0000720,CUST0000232,2020-07-27,675.0,2447.34,0.3043,6,5,0,0
CRHIST0000721,CUST0000232,2022-08-11,674.0,4367.83,0.3652,3,4,0,0
CRHIST0000722,CUST0000232,2022-08-16,669.0,1310.6,0.1945,6,4,0,0
CRHIST0000723,CUST0000233,2021-07-06,748.0,6471.36,0.1561,4,0,0,0
CRHIST0000724,CUST0000233,2022-03-05,744.0,25064.12,0.502,5,1,0,0
CRHIST0000725,CUST0000234,2020-06-26,754.0,7612.72,0.3917,2,2,0,0
CRHIST0000726,CUST0000234,2020-07-01,736.0,8937.82,0.3468,4,0,0,0
CRHIST0000727,CUST0000234,2020-11-25,733.0,3999.65,0.129,2,2,0,0
CRHIST0000728,CUST0000234,2022-02-26,768.0,6722.07,0.2929,4,0,0,0
CRHIST0000729,CUST0000235,2024-04-14,696.0,4878.37,0.607,3,1,0,0
CRHIST0000730,CUST0000235,2024-06-28,707.0,8191.66,0.7662,3,1,0,0
CRHIST0000731,CUST0000235,2024-11-27,716.0,7766.25,0.6756,4,3,0,0
CRHIST0000732,CUST0000235,2024-12-15,714.0,5360.75,0.469,6,4,0,2
CRHIST0000733,CUST0000236,2023-10-25,678.0,3130.21,0.1265,4,2,0,0
CRHIST0000734,CUST0000237,2024-03-07,693.0,3741.4,0.3183,1,3,0,0
CRHIST0000735,CUST0000237,2024-09-07,704.0,,0.2249,3,1,0,0
CRHIST0000736,CUST0000237,2024-09-18,694.0,2783.74,0.151,5,3,0,0
CRHIST0000737,CUST0000237,2024-10-31,696.0,12623.19,0.3999,4,2,0,0
CRHIST0000738,CUST0000237,2025-01-13,703.0,4304.85,0.3484,6,2,0,0
CRHIST0000739,CUST0000237,2025-09-03,690.0,10232.64,0.576,5,2,0,0
CRHIST0000740,CUST0000238,2019-10-26,780.0,,0.0,1,4,0,0
CRHIST0000741,CUST0000238,2021-09-06,770.0,4275.26,0.3602,6,3,0,1
CRHIST0000742,CUST0000238,2021-12-17,773.0,0.0,0.0,4,0,0,1
CRHIST0000743,CUST0000239,2022-06-17,671.0,5910.92,0.162,1,4,0,0
CRHIST0000744,CUST0000239,2022-11-22,676.0,16407.78,0.7799,3,2,0,0
CRHIST0000745,CUST0000239,2022-12-05,662.0,8470.08,0.5435,5,2,0,0
CRHIST0000746,CUST0000239,2023-01-15,674.0,0.0,0.0,3,4,0,0
CRHIST0000747,CUST0000239,2023-02-10,669.0,2617.11,0.0657,2,2,0,0
CRHIST0000748,CUST0000240,2020-06-03,710.0,2161.05,0.1061,3,4,0,0
CRHIST0000749,CUST0000241,2021-07-31,677.0,6206.96,0.53,3,0,0,0
CRHIST0000750,CUST0000241,2021-10-11,670.0,6192.78,0.3411,3,3,0,0
CRHIST0000751,CUST0000242,2024-03-30,679.0,3369.12,0.1596,4,0,0,0
CRHIST0000752,CUST0000242,2024-12-13,673.0,555.83,0.04,3,1,0,0
CRHIST0000753,CUST0000242,2025-01-08,656.0,16472.2,0.6702,4,4,0,0
CRHIST0000754,CUST0000242,2025-02-05,639.0,5875.09,0.2913,4,1,0,0
CRHIST0000755,CUST0000242,2025-08-05,631.0,4613.94,0.3776,7,3,0,0
CRHIST0000756,CUST0000243,2021-10-07,673.0,3432.47,0.1858,5,2,0,0
CRHIST0000757,CUST0000243,2021-11-23,676.0,10333.25,0.2619,3,1,0,0
CRHIST0000758,CUST0000244,2024-02-25,-29.0,8687.79,0.3732,5,3,0,0
CRHIST0000759,CUST0000244,2024-11-08,656.0,970.52,0.0455,4,1,0,0
CRHIST0000760,CUST0000245,2022-02-09,644.0,1267.6,0.0914,4,1,0,0
CRHIST0000761,CUST0000245,2022-05-16,662.0,2840.27,0.1656,5,2,0,0
CRHIST0000762,CUST0000246,2023-02-16,728.0,5457.93,0.5142,2,1,0,0
CRHIST0000763,CUST0000246,2023-06-29,727.0,12304.83,0.5976,3,0,0,0
CRHIST0000764,CUST0000247,2023-07-06,630.0,7337.03,0.6273,2,4,0,0
CRHIST0000765,CUST0000247,2023-10-31,629.0,2656.6,0.3741,5,1,0,0
CRHIST0000766,CUST0000247,2023-12-17,622.0,3165.49,0.409,2,0,0,0
CRHIST0000767,CUST0000248,2022-06-21,707.0,4571.68,0.3622,4,1,0,2
CRHIST0000768,CUST0000248,2022-06-24,690.0,4082.59,0.2675,0,0,0,2
CRHIST0000769,CUST0000248,2023-02-11,705.0,4801.71,0.2047,3,3,0,4
CRHIST0000770,CUST0000248,2023-11-22,677.0,4089.59,0.2503,5,2,0,4
CRHIST0000771,CUST0000249,2020-08-11,744.0,18501.43,0.6726,2,3,0,0
CRHIST0000772,CUST0000249,2020-11-08,748.0,3916.63,0.1311,5,1,0,0
CRHIST0000773,CUST0000249,2021-10-19,764.0,21439.16,0.498,2,3,0,0
CRHIST0000774,CUST0000249,2022-12-18,773.0,32607.1,0.799,4,4,0,0
CRHIST0000775,CUST0000249,2023-07-29,760.0,11079.33,0.2874,0,0,0,0
CRHIST0000776,CUST0000249,2023-08-07,765.0,14331.77,0.4121,5,3,0,0
CRHIST0000777,CUST0000250,2023-09-18,605.0,226.7,0.0592,4,3,0,2
CRHIST0000778,CUST0000250,2023-12-21,618.0,1184.27,0.322,1,3,0,2
CRHIST0000779,CUST0000251,2026-07-28,676.0,5482.88,0.5419,7,0,0,0
CRHIST0000780,CUST0000251,2026-07-30,665.0,2242.19,0.3477,2,1,0,0
CRHIST0000781,CUST0000251,2026-08-01,683.0,4385.35,0.3558,3,2,0,0
CRHIST0000782,CUST0000251,2026-08-02,687.0,,0.5352,7,0,0,0
CRHIST0000783,CUST0000251,2026-08-04,693.0,5792.26,0.4345,6,3,0,0
CRHIST0000784,CUST0000252,2024-01-06,794.0,9119.06,0.2186,2,1,0,0
CRHIST0000785,CUST0000252,2024-02-24,787.0,17381.61,0.5876,7,4,0,0
CRHIST0000786,CUST0000252,2024-04-22,773.0,17064.84,0.5548,2,2,0,0
CRHIST0000787,CUST0000252,2024-12-30,755.0,13502.61,0.3946,2,2,0,0
CRHIST0000788,CUST0000253,2024-09-29,717.0,36082.02,0.4307,7,2,0,0
CRHIST0000789,CUST0000254,2025-03-06,727.0,3215.32,0.1399,3,3,0,0
CRHIST0000790,CUST0000254,2025-05-03,723.0,10784.73,0.564,4,4,0,0
CRHIST0000791,CUST0000254,2025-08-18,713.0,4750.84,0.2828,2,1,0,0
CRHIST0000792,CUST0000254,2025-09-20,715.0,6134.55,0.5083,2,2,0,0
CRHIST0000793,CUST0000254,2025-11-28,727.0,6494.8,0.3446,0,2,0,2
CRHIST0000794,CUST0000255,2019-05-20,625.0,2998.29,0.1524,2,1,0,0
CRHIST0000795,CUST0000255,2020-12-05,614.0,6429.52,0.2956,2,0,0,0
CRHIST0000796,CUST0000256,2025-01-30,731.0,21893.97,0.6097,4,2,0,0
CRHIST0000797,CUST0000256,2025-03-13,736.0,12156.47,0.3914,1,1,0,0
CRHIST0000798,CUST0000256,2025-04-15,732.0,8171.05,0.3643,1,3,0,0
CRHIST0000799,CUST0000256,2025-06-14,739.0,8828.51,0.3195,2,1,0,0
CRHIST0000800,CUST0000256,2025-07-03,735.0,13011.24,0.3722,2,1,0,0
CRHIST0000801,CUST0000257,2021-02-21,759.0,5793.11,0.5362,0,5,0,0
CRHIST0000802,CUST0000258,2024-05-22,708.0,7117.63,0.4558,5,3,0,0
CRHIST0000803,CUST0000258,2024-08-14,707.0,3232.68,0.2296,7,1,0,0
CRHIST0000804,CUST0000258,2024-09-17,711.0,2817.38,0.1608,5,1,0,0
CRHIST0000805,CUST0000259,2026-07-19,594.0,6066.59,0.4469,3,3,0,0
CRHIST0000806,CUST0000260,2026-02-04,676.0,21646.58,0.7738,3,0,0,0
CRHIST0000807,CUST0000261,2022-05-07,749.0,17151.75,0.6381,7,4,0,0
CRHIST0000808,CUST0000262,2025-06-14,705.0,2855.26,0.1999,1,3,0,0
CRHIST0000809,CUST0000262,2025-06-15,699.0,9506.32,0.5128,4,2,0,0
CRHIST0000810,CUST0000262,2025-06-26,701.0,9955.3,0.5399,3,4,0,0
CRHIST0000811,CUST0000262,2025-10-02,701.0,273.14,0.0177,3,3,0,0
CRHIST0000812,CUST0000263,2023-10-28,673.0,6738.39,0.4713,6,1,0,0
CRHIST0000813,CUST0000263,2023-12-31,679.0,5336.26,0.3918,1,1,0,0
CRHIST0000814,CUST0000263,2024-05-28,675.0,2975.13,0.255,3,3,0,0
CRHIST0000815,CUST0000264,2021-05-05,613.0,2639.18,0.6423,4,3,0,0
CRHIST0000816,CUST0000264,2022-10-17,593.0,2422.19,0.4739,4,1,0,0
CRHIST0000817,CUST0000264,2023-07-18,602.0,3502.53,0.3533,5,0,0,0
CRHIST0000818,CUST0000264,2023-12-28,599.0,3527.33,0.4428,2,3,0,1
CRHIST0000819,CUST0000265,2020-11-27,665.0,4341.48,0.2595,6,3,0,0
CRHIST0000820,CUST0000265,2021-07-26,656.0,9833.72,0.5916,6,1,0,0
CRHIST0000821,CUST0000266,2026-05-01,741.0,,0.5232,2,2,0,0
CRHIST0000822,CUST0000267,2026-02-16,669.0,8238.52,0.4142,5,0,0,0
CRHIST0000823,CUST0000267,2026-03-03,658.0,11256.71,0.5304,4,1,0,0
CRHIST0000824,CUST0000267,2026-03-04,660.0,3535.01,0.2477,9,5,0,0
CRHIST0000825,CUST0000268,2025-12-09,632.0,3840.31,0.6082,1,2,0,0
CRHIST0000826,CUST0000268,2026-01-21,622.0,2348.56,0.4913,5,0,0,0
CRHIST0000827,CUST0000268,2026-02-27,617.0,2427.02,0.3048,5,3,0,0
CRHIST0000828,CUST0000268,2026-03-06,601.0,6285.48,0.5649,3,0,0,0
CRHIST0000829,CUST0000268,2026-03-16,611.0,4707.25,0.5584,3,2,0,0
CRHIST0000830,CUST0000269,2021-12-12,683.0,3519.92,0.4214,5,2,0,0
CRHIST0000831,CUST0000269,2022-01-28,687.0,13487.22,0.8786,4,2,0,0
CRHIST0000832,CUST0000269,2022-07-07,693.0,9818.31,0.6728,4,5,0,0
CRHIST0000833,CUST0000269,2022-12-16,700.0,8026.42,0.4816,3,4,0,0
CRHIST0000834,CUST0000269,2023-04-25,695.0,1255.83,0.1639,2,1,0,0
CRHIST0000835,CUST0000269,2023-05-01,713.0,4309.1,0.3758,1,2,0,0
CRHIST0000836,CUST0000269,2023-06-23,707.0,3444.94,0.1789,2,3,0,0
CRHIST0000837,CUST0000269,2025-09-27,715.0,4443.23,0.4025,2,3,0,0
CRHIST0000838,CUST0000270,2022-02-02,488.0,913.68,0.3572,9,3,0,0
CRHIST0000839,CUST0000271,2025-03-08,596.0,6485.52,0.396,7,2,0,0
CRHIST0000840,CUST0000271,2025-03-24,603.0,11093.09,0.6773,1,3,0,0
CRHIST0000841,CUST0000271,2025-06-18,605.0,5782.36,0.5786,4,1,1,0
CRHIST0000842,CUST0000271,2025-08-04,577.0,3814.11,0.3188,3,1,1,0
CRHIST0000843,CUST0000272,2019-08-08,679.0,2847.85,0.2957,2,2,0,0
CRHIST0000844,CUST0000272,2019-12-01,,4036.72,0.5179,2,0,0,0
CRHIST0000845,CUST0000272,2021-03-04,670.0,3771.53,0.5209,3,3,0,0
CRHIST0000846,CUST0000272,2023-02-22,675.0,616.44,0.0511,2,3,0,0
CRHIST0000847,CUST0000272,2023-11-01,688.0,2791.36,0.4295,6,1,0,0
CRHIST0000848,CUST0000273,2025-11-26,741.0,23987.34,0.6864,2,1,0,0
CRHIST0000849,CUST0000273,2025-11-26,740.0,23282.92,0.6496,3,4,0,0
CRHIST0000850,CUST0000273,2025-12-07,750.0,15679.08,0.3988,1,2,0,0
CRHIST0000851,CUST0000273,2026-01-05,757.0,2743.51,0.1098,3,4,0,0
CRHIST0000852,CUST0000273,2026-01-14,788.0,23002.31,0.5822,0,0,0,0
CRHIST0000853,CUST0000274,2024-02-13,665.0,1536.28,0.1077,5,2,0,0
CRHIST0000854,CUST0000274,2024-05-17,673.0,134.77,0.0259,5,2,0,0
CRHIST0000855,CUST0000275,2024-04-06,734.0,1353.84,0.0938,2,2,0,0
CRHIST0000856,CUST0000275,2024-11-18,728.0,2634.21,0.1972,1,2,0,0
CRHIST0000857,CUST0000275,2025-01-06,731.0,6503.44,0.2811,0,0,0,0
CRHIST0000858,CUST0000276,2022-07-04,,15745.91,0.3065,4,1,0,0
CRHIST0000859,CUST0000276,2022-11-08,723.0,0.0,0.0,5,2,0,0
CRHIST0000860,CUST0000277,2026-06-29,584.0,1213.05,0.1772,4,1,0,0
CRHIST0000861,CUST0000277,2026-07-07,579.0,8815.83,0.5979,5,4,0,2
CRHIST0000862,CUST0000277,2026-07-15,560.0,1975.45,0.228,3,1,0,3
CRHIST0000863,CUST0000277,2026-07-25,570.0,16273.51,0.9093,5,3,0,3
CRHIST0000864,CUST0000277,2026-07-26,603.0,8122.46,0.5142,4,1,0,3
CRHIST0000865,CUST0000278,2025-02-27,756.0,13417.97,0.548,2,4,0,0
CRHIST0000866,CUST0000278,2025-03-04,744.0,8425.03,0.3294,3,0,0,0
CRHIST0000867,CUST0000279,2021-02-13,640.0,3773.91,0.325,1,5,0,0
CRHIST0000868,CUST0000280,2023-04-09,684.0,4165.7,0.3775,3,0,0,0
CRHIST0000869,CUST0000280,2023-10-16,685.0,7120.38,0.6439,2,3,0,0
CRHIST0000870,CUST0000280,2024-07-17,,4162.19,0.3955,5,3,0,0
CRHIST0000871,CUST0000280,2025-03-01,695.0,8218.9,0.7385,4,3,0,0
CRHIST0000872,CUST0000280,2025-06-20,703.0,6983.53,0.5577,5,1,0,0
CRHIST0000873,CUST0000281,2025-08-29,808.0,1429.31,0.0559,1,2,0,0
CRHIST0000874,CUST0000282,2021-04-19,670.0,3886.86,0.4324,5,2,0,0
CRHIST0000875,CUST0000283,2024-12-02,657.0,7392.05,0.5438,4,5,0,0
CRHIST0000876,CUST0000283,2024-12-10,647.0,6194.75,0.4562,4,3,0,0
CRHIST0000877,CUST0000283,2025-02-28,662.0,,0.6626,4,1,0,0
CRHIST0000878,CUST0000283,2025-04-03,660.0,7011.35,0.4874,2,2,0,0
CRHIST0000879,CUST0000283,2025-05-14,656.0,2235.5,0.1965,2,2,0,0
CRHIST0000880,CUST0000284,2021-04-29,730.0,10190.16,0.379,2,3,0,0
CRHIST0000881,CUST0000285,2023-01-04,706.0,9652.65,0.2146,2,2,0,0
CRHIST0000882,CUST0000285,2023-04-18,723.0,2028.72,0.0418,3,1,0,0
CRHIST0000883,CUST0000285,2023-11-23,725.0,6820.37,0.33,2,3,0,0
CRHIST0000884,CUST0000286,2025-10-23,705.0,39.42,0.0079,5,1,0,0
CRHIST0000885,CUST0000286,2025-11-10,709.0,6785.99,0.8094,4,2,0,0
CRHIST0000886,CUST0000286,2026-03-02,722.0,3677.43,0.5182,2,3,0,0
CRHIST0000887,CUST0000287,2022-10-18,709.0,15403.51,0.3838,4,6,0,0
CRHIST0000888,CUST0000287,2022-12-31,720.0,21670.14,0.7022,8,6,0,0
CRHIST0000889,CUST0000287,2023-03-07,736.0,21233.01,0.5107,2,5,0,0
CRHIST0000890,CUST0000287,2023-03-17,717.0,13381.67,0.3976,4,3,0,0
CRHIST0000891,CUST0000288,2019-12-10,617.0,3055.67,0.5074,3,2,0,0
CRHIST0000892,CUST0000289,2019-03-12,736.0,1703.33,0.1423,3,2,0,0
CRHIST0000893,CUST0000289,2019-03-21,745.0,1908.78,0.1709,2,3,0,0
CRHIST0000894,CUST0000289,2019-08-23,759.0,2947.21,0.2544,4,1,0,0
CRHIST0000895,CUST0000289,2021-01-28,771.0,6130.18,0.6465,5,1,0,0
CRHIST0000896,CUST0000289,2021-03-31,767.0,737.37,0.0791,3,3,0,0
CRHIST0000897,CUST0000290,2024-10-07,684.0,737.34,0.083,2,4,0,0
CRHIST0000898,CUST0000290,2025-01-17,682.0,6798.64,0.718,1,0,0,2
CRHIST0000899,CUST0000291,2026-03-04,757.0,3553.97,0.0907,2,3,0,0
CRHIST0000900,CUST0000291,2026-03-29,740.0,10409.0,0.2641,2,2,0,1
CRHIST0000901,CUST0000291,2026-05-13,747.0,0.0,0.0,2,2,0,1
CRHIST0000902,CUST0000291,2026-05-26,740.0,7873.62,0.3828,4,2,0,1
CRHIST0000903,CUST0000292,2021-09-07,642.0,2518.12,0.3956,3,0,0,0
CRHIST0000904,CUST0000292,2022-05-18,650.0,7413.18,0.688,6,2,0,0
CRHIST0000905,CUST0000292,2022-07-07,647.0,2304.09,0.2705,6,1,0,0
CRHIST0000906,CUST0000293,2026-03-02,655.0,6433.76,0.4623,4,1,0,0
CRHIST0000907,CUST0000294,2024-02-01,490.0,6674.61,0.7602,4,1,0,0
CRHIST0000908,CUST0000294,2024-03-24,491.0,5132.16,0.7132,6,1,0,0
CRHIST0000909,CUST0000294,2024-10-02,483.0,3716.35,0.5671,7,1,0,0
CRHIST0000910,CUST0000295,2020-01-02,716.0,6343.22,0.5148,4,2,0,0
CRHIST0000911,CUST0000296,2023-12-05,697.0,10703.95,0.7265,1,1,0,0
CRHIST0000912,CUST0000296,2023-12-23,716.0,4980.54,0.2768,7,1,0,0
CRHIST0000913,CUST0000296,2024-01-14,697.0,9408.39,0.4872,1,3,0,0
CRHIST0000914,CUST0000296,2024-06-09,692.0,12167.02,0.6928,2,2,0,0
CRHIST0000915,CUST0000297,2026-06-12,706.0,10954.03,0.4341,4,1,0,0
CRHIST0000916,CUST0000297,2026-06-14,715.0,23230.72,0.8174,2,1,0,0
CRHIST0000917,CUST0000297,2026-06-20,726.0,16371.2,0.6252,1,1,0,0
CRHIST0000918,CUST0000297,2026-07-25,727.0,15735.7,0.4994,4,3,0,0
CRHIST0000919,CUST0000297,2026-07-30,723.0,9029.43,0.4763,3,3,0,0
CRHIST0000920,CUST0000298,2021-03-06,718.0,8178.9,0.3663,3,3,0,0
CRHIST0000921,CUST0000298,2022-05-01,710.0,9815.92,0.3721,3,2,0,0
CRHIST0000922,CUST0000298,2023-11-24,723.0,4054.84,0.316,8,0,0,0
CRHIST0000923,CUST0000299,2026-05-22,689.0,2311.72,0.1212,1,3,0,0
CRHIST0000924,CUST0000299,2026-06-04,-50.0,36338.05,0.761,3,1,0,0
CRHIST0000925,CUST0000299,2026-07-16,684.0,11025.49,0.4637,7,2,0,0
CRHIST0000926,CUST0000299,2026-07-27,689.0,3740.19,0.1281,5,2,0,0
CRHIST0000927,CUST0000299,2026-07-28,,9002.39,0.2542,6,1,0,2
CRHIST0000928,CUST0000299,2026-07-30,695.0,0.0,0.0,4,0,0,2
CRHIST0000929,CUST0000299,2026-08-03,696.0,7895.18,0.2642,1,0,0,2
CRHIST0000930,CUST0000300,2024-01-07,658.0,3380.57,0.1761,1,2,0,0
CRHIST0000931,CUST0000300,2024-08-23,674.0,8029.88,0.5218,4,3,0,0
CRHIST0000932,CUST0000300,2024-10-23,668.0,4108.84,0.1778,4,1,0,0
CRHIST0000933,CUST0000300,2025-03-20,649.0,5626.54,0.2292,2,3,0,0
CRHIST0000934,CUST0000300,2025-08-08,656.0,14381.26,0.584,5,2,0,0
CRHIST0000935,CUST0000301,2022-02-14,-50.0,1608.84,0.7821,4,1,0,0
CRHIST0000936,CUST0000301,2023-04-20,548.0,1553.78,0.8414,3,3,0,0
CRHIST0000937,CUST0000301,2024-12-10,541.0,1770.04,0.6933,6,2,0,0
CRHIST0000938,CUST0000301,2025-07-05,541.0,1011.52,0.4099,4,0,0,0
CRHIST0000939,CUST0000302,2024-07-28,698.0,7001.18,0.595,3,2,0,0
CRHIST0000940,CUST0000302,2024-10-14,687.0,8338.93,0.3227,0,1,0,0
CRHIST0000941,CUST0000302,2024-12-18,693.0,10779.91,0.5443,3,1,0,0
CRHIST0000942,CUST0000302,2025-06-23,699.0,2982.93,0.2535,6,3,0,1
CRHIST0000943,CUST0000303,2022-07-21,-27.0,4469.62,0.3407,5,2,0,0
CRHIST0000944,CUST0000303,2022-08-05,720.0,5896.95,0.274,4,1,0,0
CRHIST0000945,CUST0000303,2022-08-24,720.0,16967.76,0.6897,3,1,0,0
CRHIST0000946,CUST0000303,2024-01-01,681.0,2728.69,0.1615,5,1,0,2
CRHIST0000947,CUST0000303,2024-06-03,688.0,5613.04,0.3138,7,3,0,2
CRHIST0000948,CUST0000304,2020-03-18,697.0,5778.99,0.367,3,0,0,0
CRHIST0000949,CUST0000304,2020-10-11,695.0,943.5,0.0346,3,1,0,2
CRHIST0000950,CUST0000304,2020-12-22,702.0,9205.75,0.5085,5,1,0,3
CRHIST0000951,CUST0000304,2023-01-02,696.0,5955.03,0.2173,5,3,0,3
CRHIST0000952,CUST0000305,2025-09-14,693.0,8771.22,0.3393,5,1,0,0
CRHIST0000953,CUST0000305,2025-09-18,726.0,4607.7,0.1947,4,0,0,0
CRHIST0000954,CUST0000305,2025-09-23,-13.0,7031.4,0.396,1,1,0,0
CRHIST0000955,CUST0000305,2026-02-11,726.0,9243.18,0.3394,2,1,0,0
CRHIST0000956,CUST0000305,2026-03-23,727.0,15603.35,0.5143,3,1,0,0
CRHIST0000957,CUST0000306,2022-06-18,649.0,3255.39,0.5452,0,4,0,0
CRHIST0000958,CUST0000306,2023-02-01,636.0,462.38,0.0549,6,4,0,0
CRHIST0000959,CUST0000306,2023-07-02,639.0,5466.11,0.4591,6,2,0,0
CRHIST0000960,CUST0000307,2023-07-10,686.0,7869.32,0.4651,3,0,0,0
CRHIST0000961,CUST0000307,2024-07-09,704.0,1243.5,0.0835,2,1,0,0
CRHIST0000962,CUST0000308,2025-04-04,677.0,5024.7,0.3001,4,2,0,0
CRHIST0000963,CUST0000308,2025-05-24,672.0,7773.68,0.3717,1,1,0,0
CRHIST0000964,CUST0000308,2025-08-30,686.0,4465.24,0.3075,6,2,0,0
CRHIST0000965,CUST0000309,2020-09-01,716.0,12305.19,0.3968,1,2,0,0
CRHIST0000966,CUST0000309,2021-06-19,713.0,690.05,0.0261,5,3,0,0
CRHIST0000967,CUST0000309,2022-01-28,701.0,13033.11,0.6162,2,3,0,0
CRHIST0000968,CUST0000309,2022-05-08,703.0,5859.62,0.2241,0,2,0,0
CRHIST0000969,CUST0000310,2024-07-17,683.0,10012.08,0.4641,3,4,0,0
CRHIST0000970,CUST0000310,2024-08-15,673.0,14632.66,0.3576,4,2,0,0
CRHIST0000971,CUST0000310,2024-09-29,664.0,17353.6,0.6191,4,1,0,0
CRHIST0000972,CUST0000310,2024-11-20,672.0,4100.91,0.1925,1,2,0,0
CRHIST0000973,CUST0000310,2024-12-16,687.0,7598.08,0.326,5,0,0,0
CRHIST0000974,CUST0000310,2025-03-01,709.0,5597.7,0.2874,1,3,0,0
CRHIST0000975,CUST0000310,2025-08-06,692.0,5346.66,0.1768,1,1,0,0
CRHIST0000976,CUST0000311,2022-05-28,639.0,4156.56,0.3397,3,1,0,0
CRHIST0000977,CUST0000311,2022-10-11,641.0,,0.222,6,3,0,0
CRHIST0000978,CUST0000311,2023-01-03,871.0,4225.35,0.3213,8,2,0,0
CRHIST0000979,CUST0000311,2023-01-22,628.0,2493.46,0.1257,4,1,0,0
CRHIST0000980,CUST0000312,2023-03-02,743.0,7486.22,0.3557,2,1,0,0
CRHIST0000981,CUST0000312,2024-01-24,733.0,11525.13,0.5618,2,1,0,0
CRHIST0000982,CUST0000312,2024-09-17,738.0,9309.65,0.586,2,1,0,0
CRHIST0000983,CUST0000313,2022-12-18,641.0,1790.41,0.3431,4,2,0,0
CRHIST0000984,CUST0000313,2023-03-12,638.0,917.4,0.1467,4,5,0,0
CRHIST0000985,CUST0000313,2023-09-10,,3060.09,0.6659,10,2,0,2
CRHIST0000986,CUST0000313,2023-11-23,617.0,2429.13,0.4557,2,0,0,2
CRHIST0000987,CUST0000314,2024-12-26,769.0,7481.22,0.1378,2,3,0,0
CRHIST0000988,CUST0000314,2025-05-25,754.0,18786.14,0.3739,6,3,0,0
CRHIST0000989,CUST0000315,2020-07-23,536.0,1697.43,0.6298,11,1,0,0
CRHIST0000990,CUST0000315,2020-08-25,512.0,1339.57,0.6097,2,2,0,0
CRHIST0000991,CUST0000315,2021-07-11,520.0,418.64,0.141,7,0,0,0
CRHIST0000992,CUST0000315,2021-09-30,538.0,1524.7,0.6665,6,2,0,1
CRHIST0000993,CUST0000315,2022-08-05,530.0,609.16,0.2855,7,2,1,2
CRHIST0000994,CUST0000316,2020-05-04,659.0,5671.32,0.5004,9,2,0,0
CRHIST0000995,CUST0000316,2021-01-29,656.0,5272.96,0.4281,3,4,0,0
CRHIST0000996,CUST0000317,2022-02-27,600.0,2547.55,0.3159,12,1,0,0
CRHIST0000997,CUST0000318,2020-10-25,484.0,545.02,0.5249,5,1,0,0
CRHIST0000998,CUST0000318,2021-01-14,487.0,1273.5,0.5873,3,1,0,1
CRHIST0000999,CUST0000318,2021-08-21,470.0,303.76,0.3237,6,2,0,1
CRHIST0001000,CUST0000318,2023-01-15,473.0,388.59,0.3723,3,0,0,1
CRHIST0001001,CUST0000319,2020-12-03,687.0,9678.57,0.1806,4,5,0,2
CRHIST0001002,CUST0000320,2025-01-10,679.0,3740.17,0.3308,3,4,0,0
CRHIST0001003,CUST0000320,2025-02-11,711.0,2668.48,0.3677,3,2,0,0
CRHIST0001004,CUST0000321,2025-04-17,676.0,7214.68,0.8974,1,1,0,0
CRHIST0001005,CUST0000321,2025-06-12,648.0,2099.5,0.2889,6,1,0,0
CRHIST0001006,CUST0000321,2025-07-23,644.0,2649.88,0.3651,3,4,0,0
CRHIST0001007,CUST0000321,2025-10-08,630.0,3880.93,0.4118,5,0,0,0
CRHIST0001008,CUST0000321,2025-12-10,,4210.2,0.5159,3,0,0,0
CRHIST0001009,CUST0000322,2024-06-11,646.0,11928.43,0.5706,7,2,0,0
CRHIST0001010,CUST0000322,2024-08-17,650.0,10393.4,0.5285,2,4,0,0
CRHIST0001011,CUST0000322,2024-11-08,649.0,9661.2,0.384,3,1,0,0
CRHIST0001012,CUST0000322,2025-03-08,667.0,2733.95,0.2295,5,0,0,0
CRHIST0001013,CUST0000322,2025-04-07,686.0,1216.78,0.0835,4,3,0,0
CRHIST0001014,CUST0000323,2022-01-09,537.0,5361.19,0.6135,4,3,0,0
CRHIST0001015,CUST0000324,2025-04-17,706.0,8256.36,0.7278,5,2,0,0
CRHIST0001016,CUST0000325,2022-11-18,775.0,5429.13,0.1586,5,0,0,0
CRHIST0001017,CUST0000325,2024-06-01,766.0,15395.98,0.564,6,4,0,0
CRHIST0001018,CUST0000325,2024-07-21,777.0,29434.43,0.6433,6,4,0,0
CRHIST0001019,CUST0000325,2025-03-10,750.0,27584.92,0.6036,5,3,0,0
CRHIST0001020,CUST0000326,2020-06-05,730.0,5102.64,0.2959,7,1,0,0
CRHIST0001021,CUST0000326,2020-07-17,722.0,5751.02,0.3144,6,4,0,0
CRHIST0001022,CUST0000326,2021-07-05,886.0,4379.06,0.3773,3,3,0,0
CRHIST0001023,CUST0000326,2022-09-09,714.0,17765.88,0.7508,5,3,0,0
CRHIST0001024,CUST0000327,2024-12-09,615.0,3212.38,0.5558,6,0,0,0
CRHIST0001025,CUST0000327,2024-12-20,618.0,793.42,0.2289,5,0,0,2
CRHIST0001026,CUST0000327,2025-02-14,642.0,2252.28,0.3444,7,3,0,2
CRHIST0001027,CUST0000327,2025-02-17,664.0,1327.68,0.3671,4,3,0,2
CRHIST0001028,CUST0000328,2023-02-26,721.0,3652.67,0.2352,3,6,0,0
CRHIST0001029,CUST0000328,2023-02-28,719.0,8716.8,0.5182,4,2,0,0
CRHIST0001030,CUST0000329,2023-05-12,579.0,878.45,0.1322,4,0,0,0
CRHIST0001031,CUST0000329,2023-09-21,571.0,4558.76,0.7156,3,3,0,0
CRHIST0001032,CUST0000329,2024-06-16,545.0,2097.84,0.4773,3,2,0,0
CRHIST0001033,CUST0000329,2025-05-19,565.0,1734.51,0.4472,6,1,0,0
CRHIST0001034,CUST0000330,2024-05-15,704.0,1566.27,0.1176,6,4,0,0
CRHIST0001035,CUST0000330,2024-07-20,688.0,7709.05,0.48,6,2,0,0
CRHIST0001036,CUST0000331,2024-12-26,704.0,9433.29,0.4799,4,2,0,0
CRHIST0001037,CUST0000331,2025-02-12,713.0,6332.94,0.4896,9,2,0,1
CRHIST0001038,CUST0000331,2025-02-22,-27.0,3764.45,0.1631,2,4,0,1
CRHIST0001039,CUST0000331,2025-03-15,715.0,1538.74,0.0856,1,4,0,1
CRHIST0001040,CUST0000331,2025-05-18,729.0,7867.35,0.3789,4,2,0,1
CRHIST0001041,CUST0000332,2021-07-19,711.0,7857.37,0.3131,5,6,0,0
CRHIST0001042,CUST0000332,2022-09-02,708.0,7069.86,0.3099,1,1,0,0
CRHIST0001043,CUST0000332,2023-08-10,709.0,545.61,0.0381,6,1,0,0
CRHIST0001044,CUST0000333,2020-03-25,742.0,3057.34,0.1501,7,3,0,0
CRHIST0001045,CUST0000334,2022-12-14,751.0,11793.76,0.471,2,3,0,0
CRHIST0001046,CUST0000334,2023-11-17,730.0,7187.01,0.2969,4,1,0,0
CRHIST0001047,CUST0000335,2020-07-31,712.0,16505.87,0.566,3,0,0,0
CRHIST0001048,CUST0000335,2020-10-10,715.0,12641.08,0.3043,1,3,0,0
CRHIST0001049,CUST0000335,2022-02-10,717.0,4191.6,0.1284,2,2,0,0
CRHIST0001050,CUST0000335,2022-07-07,738.0,16846.78,0.28,4,3,0,0
CRHIST0001051,CUST0000336,2024-02-26,639.0,2729.43,0.4294,6,2,0,0
CRHIST0001052,CUST0000336,2024-08-06,635.0,1384.62,0.3354,2,3,0,0
CRHIST0001053,CUST0000336,2025-01-14,638.0,1702.37,0.3523,3,5,0,0
CRHIST0001054,CUST0000336,2025-06-03,659.0,3249.85,0.6001,3,5,0,0
CRHIST0001055,CUST0000337,2022-07-31,648.0,5941.64,0.4369,2,2,0,2
CRHIST0001056,CUST0000337,2022-10-27,650.0,4383.87,0.185,6,2,0,2
CRHIST0001057,CUST0000337,2023-05-20,658.0,10091.61,0.6453,5,1,0,2
CRHIST0001058,CUST0000338,2022-07-01,717.0,2807.31,0.3076,5,2,0,0
CRHIST0001059,CUST0000339,2023-10-08,727.0,15593.2,0.5691,2,6,0,0
CRHIST0001060,CUST0000339,2024-02-24,737.0,6946.19,0.4332,4,2,0,0
CRHIST0001061,CUST0000339,2024-09-23,714.0,3688.07,0.237,3,1,0,0
CRHIST0001062,CUST9945877,2025-02-05,675.0,12791.79,0.5669,4,1,0,0
CRHIST0001063,CUST0000339,2025-04-03,675.0,17389.02,0.6998,3,1,0,0
CRHIST0001064,CUST0000340,2021-12-15,737.0,4526.08,0.1699,5,2,0,0
CRHIST0001065,CUST0000340,2022-03-22,737.0,10404.02,0.3819,6,1,0,0
CRHIST0001066,CUST0000341,2022-02-16,-34.0,23417.37,0.5429,4,2,0,0
CRHIST0001067,CUST0000342,2021-11-27,710.0,16986.57,0.6739,1,0,0,0
CRHIST0001068,CUST0000342,2021-12-22,729.0,12234.56,0.5655,1,2,0,0
CRHIST0001069,CUST0000343,2024-05-20,736.0,11493.49,0.4669,2,1,0,0
CRHIST0001070,CUST0000343,2024-08-27,736.0,1281.29,0.0986,2,2,0,0
CRHIST0001071,CUST0000343,2024-09-12,756.0,16022.86,0.7203,7,4,0,0
CRHIST0001072,CUST0000344,2025-12-06,717.0,12166.2,0.5916,1,3,0,0
CRHIST0001073,CUST0000344,2026-01-05,746.0,14966.18,0.3698,7,4,0,0
CRHIST0001074,CUST0000345,2023-09-25,790.0,739.48,0.0629,3,1,0,0
CRHIST0001075,CUST0000345,2023-10-11,781.0,2389.53,0.2506,2,3,0,0
CRHIST0001076,CUST0000345,2024-08-26,794.0,974.49,0.0622,4,2,0,0
CRHIST0001077,CUST0000346,2021-02-08,723.0,21059.8,0.6069,5,1,0,0
CRHIST0001078,CUST0000347,2025-07-16,656.0,3103.71,0.3036,10,1,0,0
CRHIST0001079,CUST0000348,2021-08-05,692.0,4173.29,0.3137,1,1,0,0
CRHIST0001080,CUST0000349,2021-07-22,648.0,,0.1154,6,0,0,0
CRHIST0001081,CUST0000350,2019-08-22,675.0,430.2,0.1266,2,1,0,0
CRHIST0001082,CUST0000351,2025-07-21,713.0,2000.57,0.3022,2,1,0,0
CRHIST0001083,CUST0000351,2025-09-13,699.0,4574.12,0.8539,2,4,0,0
CRHIST0001084,CUST0000352,2020-08-28,778.0,14689.29,0.4979,3,1,0,0
CRHIST0001085,CUST0000353,2023-08-01,737.0,6059.18,0.0854,4,3,0,0
CRHIST0001086,CUST0000353,2023-09-07,704.0,673.86,0.0135,1,4,0,0
CRHIST0001087,CUST0000353,2023-09-09,700.0,42967.72,0.6951,5,1,0,0
CRHIST0001088,CUST0000353,2024-03-02,706.0,15930.39,0.2816,5,5,0,1
CRHIST0001089,CUST0000353,2024-05-20,706.0,34360.76,0.4441,5,4,0,1
CRHIST0001090,CUST0000354,2021-05-05,725.0,2592.99,0.1202,3,2,0,0
CRHIST0001091,CUST0000354,2022-07-06,719.0,12269.72,0.4546,6,2,0,0
CRHIST0001092,CUST0000354,2022-07-31,718.0,6845.11,0.4083,2,5,0,0
CRHIST0001093,CUST0000355,2021-02-04,676.0,1563.97,0.2235,5,3,0,0
CRHIST0001094,CUST0000355,2022-03-01,654.0,1003.72,0.1686,8,2,0,0
CRHIST0001095,CUST0000356,2023-10-06,792.0,0.0,0.0,2,2,0,0
CRHIST0001096,CUST0000357,2025-06-17,626.0,5775.74,0.2786,7,1,0,0
CRHIST0001097,CUST0000357,2025-06-20,625.0,8025.96,0.4059,3,3,1,0
CRHIST0001098,CUST0000357,2025-06-30,633.0,5479.73,0.305,5,4,1,0
CRHIST0001099,CUST0000357,2025-07-18,639.0,2611.51,0.3166,2,2,1,0
CRHIST0001100,CUST0000358,2019-04-29,709.0,4857.36,0.2051,9,3,0,0
CRHIST0001101,CUST0000358,2019-09-09,698.0,7453.17,0.2605,1,0,0,2
CRHIST0001102,CUST0000358,2023-04-18,695.0,13821.97,0.3413,2,0,0,2
CRHIST0001103,CUST0000359,2021-02-10,650.0,4675.29,0.2232,5,1,0,2
CRHIST0001104,CUST0000359,2021-05-19,656.0,3810.47,0.335,4,2,0,2
CRHIST0001105,CUST0000360,2021-04-19,676.0,4502.46,0.2395,4,3,0,0
CRHIST0001106,CUST0000360,2021-04-25,678.0,3325.31,0.2124,5,1,0,0
CRHIST0001107,CUST0000360,2022-01-19,692.0,10177.39,0.3137,1,1,0,0
CRHIST0001108,CUST0000360,2022-04-06,673.0,12071.52,0.4693,4,4,0,0
CRHIST0001109,CUST0000360,2022-04-11,653.0,10276.62,0.3583,9,2,0,0
CRHIST0001110,CUST0000360,2023-04-16,649.0,14485.17,0.7224,3,4,0,0
CRHIST0001111,CUST0000361,2026-04-07,666.0,3416.06,0.1128,2,0,0,0
CRHIST0001112,CUST0000361,2026-04-20,682.0,14531.42,0.7712,4,0,0,0
CRHIST0001113,CUST0000361,2026-05-15,696.0,1713.54,0.1084,6,2,0,0
CRHIST0001114,CUST0000361,2026-06-12,675.0,443.24,0.0155,4,6,0,2
CRHIST0001115,CUST0000361,2026-06-20,661.0,17647.78,0.7843,4,1,0,2
CRHIST0001116,CUST0000361,2026-07-04,652.0,8081.18,0.2751,6,2,0,2
CRHIST0001117,CUST0000362,2021-06-25,708.0,16298.95,0.5056,7,0,0,0
CRHIST0001118,CUST0000362,2022-08-17,730.0,5929.13,0.2347,1,2,0,0
CRHIST0001119,CUST0000363,2020-11-14,667.0,2605.92,0.0674,3,2,0,1
CRHIST0001120,CUST0000363,2020-12-28,668.0,4723.66,0.1337,2,1,0,1
CRHIST0001121,CUST0000364,2022-03-16,644.0,6174.07,0.6539,4,4,0,0
CRHIST0001122,CUST0000364,2022-06-08,649.0,6385.4,0.4856,6,3,0,2
CRHIST0001123,CUST0000364,2022-11-03,651.0,2174.25,0.2508,5,0,0,2
CRHIST0001124,CUST0000365,2021-11-07,433.0,77.06,0.2985,4,2,0,0
CRHIST0001125,CUST0000365,2022-01-12,440.0,58.06,0.2133,9,3,0,0
CRHIST0001126,CUST0000365,2022-08-02,443.0,289.88,0.6207,1,3,0,0
CRHIST0001127,CUST0000365,2023-06-17,436.0,335.03,0.6789,7,1,0,0
CRHIST0001128,CUST0000365,2024-01-21,421.0,238.52,0.8657,12,0,1,0
CRHIST0001129,CUST0000366,2019-06-06,715.0,16377.8,0.514,2,4,0,0
CRHIST0001130,CUST0000366,2020-04-28,738.0,8474.91,0.3613,2,3,0,2
CRHIST0001131,CUST0000367,2023-12-24,662.0,7039.4,0.4474,2,6,0,0
CRHIST0001132,CUST0000367,2024-04-19,645.0,2825.05,0.1541,2,1,0,0
CRHIST0001133,CUST0000367,2024-04-21,650.0,13133.94,0.7774,0,0,0,0
CRHIST0001134,CUST0000367,2024-09-05,645.0,4555.56,0.5046,5,5,0,0
CRHIST0001135,CUST0000367,2024-09-09,645.0,3336.45,0.1665,7,1,0,0
CRHIST0001136,CUST0000368,2024-06-15,659.0,10941.49,0.3918,2,1,0,0
CRHIST0001137,CUST0000368,2024-06-20,653.0,23592.59,0.6225,6,2,0,1
CRHIST0001138,CUST0000368,2024-07-24,643.0,,0.301,7,4,0,1
CRHIST0001139,CUST0000369,2022-04-02,777.0,5342.63,0.5105,3,1,0,0
CRHIST0001140,CUST0000370,2024-07-03,677.0,2881.18,0.3636,3,3,0,0
CRHIST0001141,CUST0000370,2025-02-27,670.0,1043.45,0.125,1,1,0,0
CRHIST0001142,CUST0000371,2019-07-19,686.0,19383.72,0.3767,4,3,0,0
CRHIST0001143,CUST0000371,2020-04-02,681.0,21600.62,0.5112,6,1,0,0
CRHIST0001144,CUST0000372,2024-08-22,705.0,5792.18,0.3926,9,1,1,0
CRHIST0001145,CUST0000372,2024-11-02,695.0,3780.01,0.5229,1,1,1,0
CRHIST0001146,CUST0000372,2024-12-18,706.0,359.58,0.0227,5,0,1,0
CRHIST0001147,CUST0000372,2025-02-02,703.0,4105.39,0.5027,2,2,1,0
CRHIST0001148,CUST0000373,2021-04-19,661.0,6147.99,0.2781,1,2,0,0
CRHIST0001149,CUST0000373,2021-05-19,666.0,7363.95,0.4109,5,2,0,0
CRHIST0001150,CUST0000374,2021-02-24,659.0,17032.16,0.699,7,0,0,0
CRHIST0001151,CUST0000374,2021-10-30,665.0,8907.91,0.4886,3,3,0,0
CRHIST0001152,CUST0000374,2022-10-11,663.0,13378.3,0.447,3,2,0,1
CRHIST0001153,CUST0000374,2023-06-29,658.0,2146.88,0.148,6,2,0,1
CRHIST0001154,CUST0000374,2023-11-20,631.0,6282.82,0.6041,2,5,0,1
CRHIST0001155,CUST0000375,2021-12-09,673.0,4676.18,0.3515,4,1,0,0
CRHIST0001156,CUST0000375,2022-09-25,673.0,1871.24,0.2959,1,2,0,0
CRHIST0001157,CUST0000375,2022-09-28,688.0,1103.82,0.1027,4,1,0,0
CRHIST0001158,CUST0000375,2023-06-11,675.0,,0.1911,3,1,0,0
CRHIST0001159,CUST0000375,2024-07-15,658.0,1341.77,0.2744,6,2,0,0
CRHIST0001160,CUST0000375,2025-03-05,651.0,2278.75,0.2884,3,4,0,0
CRHIST0001161,CUST0000375,2025-08-17,640.0,7152.66,0.5467,3,2,0,0
CRHIST0001162,CUST0000376,2025-09-06,709.0,9425.54,0.5184,5,5,0,0
CRHIST0001163,CUST0000377,2022-12-27,666.0,9431.79,0.4718,2,1,0,0
CRHIST0001164,CUST0000378,2024-09-02,728.0,4717.98,0.1976,3,1,0,0
CRHIST0001165,CUST0000378,2025-03-11,732.0,13510.36,0.5546,6,1,0,0
CRHIST0001166,CUST0000378,2025-07-06,731.0,7178.47,0.2762,2,3,0,0
CRHIST0001167,CUST0000379,2020-09-30,668.0,2640.74,0.3154,0,3,0,0
CRHIST0001168,CUST0000379,2020-10-24,652.0,1486.81,0.3912,3,1,0,0
CRHIST0001169,CUST0000380,2020-06-15,753.0,11301.46,0.3906,4,0,0,0
CRHIST0001170,CUST0000380,2020-11-04,744.0,669.62,0.0302,4,2,0,0
CRHIST0001171,CUST0000380,2021-05-02,738.0,5871.18,0.3632,2,3,0,0
CRHIST0001172,CUST0000381,2020-02-25,506.0,677.76,0.5478,6,2,0,0
CRHIST0001173,CUST0000381,2020-08-27,495.0,288.08,0.1345,5,1,0,0
CRHIST0001174,CUST0000381,2021-03-04,498.0,721.18,0.3545,3,1,0,0
CRHIST0001175,CUST0000381,2021-04-26,496.0,526.33,0.4566,14,3,0,0
CRHIST0001176,CUST0000382,2022-07-29,667.0,5567.61,0.5821,4,1,0,0
CRHIST0001177,CUST0000382,2022-09-29,684.0,436.23,0.0284,1,1,0,0
CRHIST0001178,CUST0000383,2021-09-14,643.0,6847.36,0.2506,1,4,0,1
CRHIST0001179,CUST0000383,2021-09-14,637.0,16453.4,0.4684,1,4,0,1
CRHIST0001180,CUST0000384,2025-03-08,627.0,3196.0,0.264,4,3,0,0
CRHIST0001181,CUST0000384,2025-07-04,614.0,5333.91,0.5491,3,4,0,0
CRHIST0001182,CUST0000384,2025-07-12,607.0,10442.72,0.6761,3,2,0,0
CRHIST0001183,CUST0000384,2025-09-27,606.0,4818.54,0.3735,1,2,0,0
CRHIST0001184,CUST0000385,2025-04-11,648.0,6072.9,0.2756,4,2,0,0
CRHIST0001185,CUST0000385,2025-05-11,634.0,2743.96,0.3386,5,2,0,0
CRHIST0001186,CUST0000385,2025-10-13,648.0,3030.01,0.1677,5,2,0,0
CRHIST0001187,CUST0000385,2026-03-08,651.0,6729.37,0.4161,2,3,0,0
CRHIST0001188,CUST0000385,2026-03-26,656.0,4942.31,0.3594,6,2,0,0
CRHIST0001189,CUST0000386,2021-11-27,677.0,7180.01,0.2901,2,4,0,0
CRHIST0001190,CUST0000386,2022-05-14,670.0,15844.25,0.6591,3,1,0,0
CRHIST0001191,CUST0000387,2022-06-06,722.0,3658.32,0.1857,3,3,0,0
CRHIST0001192,CUST0000387,2023-04-16,714.0,2082.05,0.1085,4,0,0,0
CRHIST0001193,CUST0000387,2023-07-09,714.0,6405.09,0.4047,2,1,0,0
CRHIST0001194,CUST0000388,2023-03-05,762.0,3988.97,0.0943,2,1,0,0
CRHIST0001195,CUST9131106,2023-09-17,753.0,5735.91,0.1644,2,0,0,0
CRHIST0001196,CUST0000388,2024-06-11,767.0,9098.51,0.3067,2,3,0,0
CRHIST0001197,CUST0000388,2024-07-17,763.0,8785.67,0.1799,4,1,0,0
CRHIST0001198,CUST0000388,2024-11-19,785.0,51.73,0.0022,1,2,0,0
CRHIST0001199,CUST0000388,2024-11-19,774.0,1784.81,0.0459,1,1,0,0
CRHIST0001200,CUST0000389,2024-03-29,583.0,8795.01,0.8179,9,2,0,0
CRHIST0001201,CUST0000389,2024-04-08,594.0,5703.26,0.5083,4,1,0,0
CRHIST0001202,CUST0000389,2024-04-28,584.0,2324.95,0.2515,7,1,0,0
CRHIST0001203,CUST0000389,2025-02-12,546.0,6614.98,0.9202,4,3,0,2
CRHIST0001204,CUST9075731,2025-03-09,544.0,3530.93,0.6088,4,3,0,2
CRHIST0001205,CUST0000390,2024-03-16,744.0,6272.31,0.2685,7,2,0,0
CRHIST0001206,CUST0000390,2024-10-19,741.0,5534.26,0.1833,2,4,0,0
CRHIST0001207,CUST0000390,2024-11-03,745.0,5542.35,0.291,0,1,0,0
CRHIST0001208,CUST0000390,2025-12-01,749.0,13527.6,0.5207,2,4,0,0
CRHIST0001209,CUST0000390,2026-01-03,742.0,15785.9,0.5219,3,0,0,0
CRHIST0001210,CUST0000391,2023-12-30,695.0,5932.69,0.4341,3,0,0,0
CRHIST0001211,CUST0000392,2020-01-09,731.0,2774.5,0.1996,0,3,0,0
CRHIST0001212,CUST0000392,2020-07-27,740.0,2597.09,0.1652,2,6,0,0
CRHIST0001213,CUST0000392,2021-06-27,756.0,4246.58,0.4747,1,1,0,0
CRHIST0001214,CUST0000392,2022-05-25,771.0,5840.38,0.3239,2,5,0,0
CRHIST0001215,CUST0000393,2021-11-18,693.0,4508.67,0.3356,5,0,0,0
CRHIST0001216,CUST0000393,2022-10-26,703.0,7187.1,0.3045,2,4,0,0
CRHIST0001217,CUST0000393,2023-02-11,697.0,2398.9,0.118,3,1,0,0
CRHIST0001218,CUST0000393,2024-07-05,683.0,10524.34,0.3995,4,4,0,0
CRHIST0001219,CUST0000393,2024-11-22,705.0,2991.84,0.1234,4,1,0,0
CRHIST0001220,CUST0000394,2026-07-11,631.0,23495.19,0.6297,0,2,0,0
CRHIST0001221,CUST0000394,2026-07-14,623.0,9263.23,0.3239,6,0,0,0
CRHIST0001222,CUST0000395,2022-05-14,667.0,3109.65,0.459,2,4,0,0
CRHIST0001223,CUST0000395,2023-01-25,682.0,1837.38,0.136,5,4,0,0
CRHIST0001224,CUST0000395,2023-06-25,673.0,3214.48,0.4025,5,3,0,1
CRHIST0001225,CUST0000396,2022-01-02,700.0,565.42,0.1414,1,2,0,0
CRHIST0001226,CUST0000396,2022-01-24,699.0,2640.33,0.2313,2,0,0,0
CRHIST0001227,CUST0000396,2022-02-27,695.0,982.69,0.2534,1,5,0,0
CRHIST0001228,CUST0000396,2022-03-02,709.0,2743.49,0.6263,4,6,0,0
CRHIST0001229,CUST0000396,2022-06-27,700.0,2844.46,0.2691,2,1,0,0
CRHIST0001230,CUST0000396,2022-12-15,718.0,4922.07,0.6414,4,4,0,0
CRHIST0001231,CUST0000396,2025-01-04,,5913.43,0.5187,7,5,0,0
CRHIST0001232,CUST0000396,2025-12-21,729.0,3065.71,0.6349,3,1,0,0
CRHIST0001233,CUST0000397,2022-01-20,620.0,10088.04,0.3102,4,4,0,0
CRHIST0001234,CUST0000397,2022-11-11,613.0,7994.75,0.4693,5,2,0,0
CRHIST0001235,CUST0000398,2020-01-01,504.0,1491.44,0.6384,3,0,0,0
CRHIST0001236,CUST0000398,2022-04-16,515.0,1437.47,0.4457,5,4,0,2
CRHIST0001237,CUST0000399,2025-02-10,693.0,8087.69,0.5235,3,2,0,0
CRHIST0001238,CUST0000399,2025-03-31,697.0,2689.53,0.1978,0,4,0,0
CRHIST0001239,CUST0000399,2025-10-14,709.0,606.96,0.0502,3,1,0,0
CRHIST0001240,CUST0000399,2025-11-01,716.0,1570.64,0.1851,3,3,0,0
CRHIST0001241,CUST0000400,2019-11-10,638.0,10286.39,0.6485,2,3,0,0
CRHIST0001242,CUST0000400,2020-10-18,642.0,,0.4827,8,5,0,0
CRHIST0001243,CUST0000400,2021-04-11,671.0,7262.73,0.6438,3,0,0,0
CRHIST0001244,CUST0000400,2021-05-25,655.0,12770.97,0.5925,4,3,0,0
CRHIST0001245,CUST0000401,2023-12-12,716.0,9773.0,0.3939,6,3,0,0
CRHIST0001246,CUST0000401,2024-01-15,712.0,12499.48,0.3618,4,8,0,0
CRHIST0001247,CUST0000401,2024-08-28,712.0,29720.1,0.7631,3,3,0,0
CRHIST0001248,CUST0000401,2025-03-17,719.0,465.24,0.0338,3,4,0,0
CRHIST0001249,CUST0000401,2025-04-18,704.0,2242.36,0.0672,1,2,0,2
CRHIST0001250,CUST0000401,2025-06-24,699.0,3793.21,0.2673,6,0,0,2
CRHIST0001251,CUST0000402,2022-07-24,754.0,885.72,0.0246,4,2,0,0
CRHIST0001252,CUST0000402,2023-01-05,754.0,13505.17,0.3893,1,0,0,0
CRHIST0001253,CUST0000403,2020-02-16,,10561.51,0.3596,5,3,0,0
CRHIST0001254,CUST0000403,2021-01-14,713.0,5395.47,0.3392,3,4,0,0
CRHIST0001255,CUST0000404,2025-10-24,692.0,22191.5,0.4935,4,3,0,0
CRHIST0001256,CUST0000404,2025-12-21,689.0,15737.93,0.4437,2,3,0,0
CRHIST0001257,CUST0000404,2026-03-10,718.0,7000.31,0.1584,0,5,0,0
CRHIST0001258,CUST0000405,2024-12-06,726.0,7649.19,0.3448,3,2,0,0
CRHIST0001259,CUST0000406,2025-06-05,748.0,2772.42,0.351,1,3,0,0
CRHIST0001260,CUST0000407,2026-03-02,646.0,8415.62,0.2733,4,0,0,0
CRHIST0001261,CUST0000407,2026-03-12,664.0,12713.87,0.6118,3,1,0,0
CRHIST0001262,CUST0000407,2026-03-18,648.0,7493.94,0.2244,5,0,0,0
CRHIST0001263,CUST0000407,2026-05-10,647.0,10499.02,0.3878,2,1,0,0
CRHIST0001264,CUST0000408,2026-01-02,753.0,5305.28,0.2172,2,3,0,0
CRHIST0001265,CUST0000408,2026-02-08,751.0,12249.59,0.3814,2,4,0,0
CRHIST0001266,CUST0000408,2026-03-28,742.0,3100.24,0.2362,2,4,0,0
CRHIST0001267,CUST0000409,2024-08-08,626.0,1138.21,0.3004,5,0,0,2
CRHIST0001268,CUST0000409,2024-08-14,635.0,1969.3,0.2893,2,1,0,2
CRHIST0001269,CUST0000409,2025-01-01,616.0,3924.37,0.564,4,3,0,2
CRHIST0001270,CUST0000409,2025-06-23,621.0,554.07,0.2033,9,4,0,2
CRHIST0001271,CUST0000410,2023-05-24,716.0,777.79,0.0478,2,1,0,0
CRHIST0001272,CUST0000411,2024-05-11,552.0,224.03,0.1572,3,0,0,0
CRHIST0001273,CUST0000412,2023-01-17,711.0,2791.38,0.0994,3,2,0,0
CRHIST0001274,CUST0000412,2023-06-04,732.0,16548.85,0.7471,2,1,0,0
CRHIST0001275,CUST0000413,2021-09-12,534.0,2458.99,0.4254,2,4,0,0
CRHIST0001276,CUST0000414,2021-12-20,638.0,13892.35,0.4258,4,0,0,0
CRHIST0001277,CUST0000415,2022-11-11,683.0,5663.37,0.3224,5,2,0,1
CRHIST0001278,CUST0000415,2023-06-26,668.0,3015.53,0.3012,3,0,0,1
CRHIST0001279,CUST0000415,2023-09-20,649.0,14276.88,0.6499,5,1,0,1
CRHIST0001280,CUST0000415,2024-12-15,647.0,5012.42,0.4594,4,2,0,1
CRHIST0001281,CUST0000415,2025-08-07,644.0,11183.32,0.6055,6,1,1,1
CRHIST0001282,CUST0000415,2025-08-22,644.0,1557.31,0.1367,10,1,1,1
CRHIST0001283,CUST0000415,2025-11-10,637.0,8169.98,0.3816,6,3,1,1
CRHIST0001284,CUST0000416,2019-09-17,606.0,1493.74,0.3125,5,3,0,0
CRHIST0001285,CUST0000416,2022-04-21,617.0,2010.95,0.2573,3,2,0,2
CRHIST0001286,CUST0000417,2025-08-15,,15774.24,0.3741,4,3,0,2
CRHIST0001287,CUST0000417,2025-09-26,661.0,15528.89,0.4311,3,3,0,2
CRHIST0001288,CUST0000417,2025-11-11,631.0,11985.1,0.4382,3,2,1,2
CRHIST0001289,CUST0000417,2025-12-29,633.0,10127.96,0.3716,4,4,1,2
CRHIST0001290,CUST0000417,2026-02-08,636.0,5447.65,0.1759,7,0,1,2
CRHIST0001291,CUST0000418,2025-12-15,668.0,,0.4081,6,2,0,0
CRHIST0001292,CUST0000418,2025-12-21,656.0,4239.42,0.3161,7,1,0,0
CRHIST0001293,CUST0000418,2026-01-29,653.0,5564.74,0.4185,3,2,0,0
CRHIST0001294,CUST0000419,2022-09-07,601.0,1623.09,0.3155,5,3,0,0
CRHIST0001295,CUST0000419,2022-09-25,620.0,1649.34,0.3678,6,2,0,0
CRHIST0001296,CUST0000419,2022-10-01,601.0,1862.49,0.6591,9,2,0,0
CRHIST0001297,CUST0000419,2022-12-31,593.0,644.15,0.1567,7,2,0,0
CRHIST0001298,CUST0000419,2023-01-19,592.0,1354.62,0.3923,3,4,0,0
CRHIST0001299,CUST0000420,2022-12-05,676.0,7453.99,0.3453,3,1,0,0
CRHIST0001300,CUST0000421,2025-07-18,669.0,1170.75,0.0626,2,1,0,0
CRHIST0001301,CUST0000421,2025-10-02,665.0,14518.56,0.933,7,1,0,0
CRHIST0001302,CUST0000421,2025-12-21,663.0,5962.58,0.4103,1,1,0,0
CRHIST0001303,CUST0000421,2025-12-28,652.0,10613.44,0.3999,4,1,0,0
CRHIST0001304,CUST0000421,2026-01-17,624.0,5660.56,0.342,2,4,0,0
CRHIST0001305,CUST0000422,2022-07-27,703.0,2765.75,0.2378,2,1,0,2
CRHIST0001306,CUST0000422,2022-11-29,699.0,396.16,0.0553,7,3,0,2
CRHIST0001307,CUST0000422,2023-05-14,698.0,3821.79,0.5128,4,0,0,2
CRHIST0001308,CUST0000422,2023-09-22,691.0,3522.33,0.2113,3,2,0,2
CRHIST0001309,CUST0000423,2024-05-11,692.0,3421.82,0.1755,8,2,0,0
CRHIST0001310,CUST0000423,2024-07-07,707.0,3157.99,0.1332,2,6,0,0
CRHIST0001311,CUST0000424,2023-08-30,688.0,17597.27,0.6018,4,1,0,0
CRHIST0001312,CUST0000424,2023-09-29,678.0,6043.26,0.1596,3,5,0,0
CRHIST0001313,CUST0000424,2023-12-02,705.0,5901.46,0.2042,5,4,0,0
CRHIST0001314,CUST0000425,2021-09-13,685.0,5479.33,0.6175,6,0,0,0
CRHIST0001315,CUST0000425,2021-10-15,700.0,4552.01,0.4707,4,1,0,0
CRHIST0001316,CUST0000425,2022-11-01,709.0,1628.55,0.212,0,1,0,0
CRHIST0001317,CUST0000426,2025-03-05,717.0,81.62,0.0066,2,0,0,0
CRHIST0001318,CUST0000426,2025-03-31,723.0,6940.34,0.3008,1,2,0,0
CRHIST0001319,CUST0000427,2020-08-18,705.0,16065.05,0.64,2,2,0,0
CRHIST0001320,CUST0000427,2021-06-05,721.0,14300.15,0.441,2,2,0,0
CRHIST0001321,CUST0000427,2022-12-11,705.0,18740.86,0.6285,2,2,0,0
CRHIST0001322,CUST0000427,2023-09-08,676.0,18742.05,0.4066,3,1,1,0
CRHIST0001323,CUST0000428,2021-03-02,746.0,2669.45,0.0851,5,4,0,0
CRHIST0001324,CUST0000429,2024-06-24,714.0,6017.38,0.5574,1,1,0,0
CRHIST0001325,CUST0000429,2024-10-07,718.0,5917.25,0.3134,3,2,0,0
CRHIST0001326,CUST0000430,2025-03-07,723.0,4146.09,0.2518,5,2,0,1
CRHIST0001327,CUST0000430,2025-04-13,731.0,7049.73,0.5039,4,3,0,1
CRHIST0001328,CUST0000431,2026-05-02,607.0,2327.27,0.3193,1,3,0,0
CRHIST0001329,CUST0000432,2024-10-13,743.0,1681.22,0.091,4,7,0,0
CRHIST0001330,CUST0000433,2020-12-02,656.0,,0.2786,2,2,0,0
CRHIST0001331,CUST0000433,2021-02-09,664.0,1799.33,0.1694,4,0,0,0
CRHIST0001332,CUST0000433,2021-09-05,666.0,1423.29,0.0957,6,4,0,0
CRHIST0001333,CUST0000434,2025-07-29,640.0,17884.2,0.6932,5,5,0,0
CRHIST0001334,CUST0000434,2025-08-16,639.0,,0.6062,4,3,0,0
CRHIST0001335,CUST0000434,2025-09-02,632.0,18168.9,0.6048,1,5,0,1
CRHIST0001336,CUST0000434,2025-09-25,629.0,15748.06,0.8741,2,1,0,1
CRHIST0001337,CUST0000435,2023-04-30,601.0,989.17,0.1902,4,2,0,2
CRHIST0001338,CUST0000435,2024-07-01,616.0,1836.98,0.2943,7,4,0,4
CRHIST0001339,CUST0000436,2019-04-06,571.0,1519.22,0.8311,1,4,1,0
CRHIST0001340,CUST0000436,2019-10-03,585.0,1600.14,0.6577,4,2,1,0
CRHIST0001341,CUST0000437,2023-12-29,692.0,11369.88,0.5409,5,1,0,0
CRHIST0001342,CUST0000437,2024-07-02,699.0,5072.32,0.2035,3,0,0,0
CRHIST0001343,CUST0000438,2024-03-30,692.0,,0.3345,3,2,0,0
CRHIST0001344,CUST0000438,2024-06-04,704.0,13279.58,0.354,2,2,0,1
CRHIST0001345,CUST0000439,2022-09-16,711.0,2407.5,0.2485,6,1,0,0
CRHIST0001346,CUST0000439,2023-02-08,717.0,5155.9,0.42,5,2,0,0
CRHIST0001347,CUST0000439,2023-04-17,714.0,1337.89,0.138,4,2,0,0
CRHIST0001348,CUST0000440,2023-01-13,681.0,10858.04,0.2044,1,5,0,0
CRHIST0001349,CUST0000440,2023-03-12,687.0,6239.38,0.2065,5,1,0,2
CRHIST0001350,CUST0000440,2023-04-05,681.0,29183.67,0.5493,6,1,0,2
CRHIST0001351,CUST0000440,2023-06-05,679.0,16692.08,0.3961,3,1,0,2
CRHIST0001352,CUST0000440,2023-11-30,692.0,113.96,0.0021,4,1,1,2
CRHIST0001353,CUST0000440,2024-10-27,690.0,16173.33,0.4612,3,0,1,2
CRHIST0001354,CUST0000441,2021-12-05,631.0,12211.86,0.9673,4,3,0,0
CRHIST0001355,CUST0000441,2022-01-03,623.0,4334.72,0.1648,5,3,0,1
CRHIST0001356,CUST0000441,2022-02-17,641.0,2141.75,0.1284,0,2,0,1
CRHIST0001357,CUST0000442,2025-07-26,767.0,2021.37,0.0441,6,3,0,0
CRHIST0001358,CUST0000443,2022-12-10,749.0,7461.97,0.2407,0,2,0,0
CRHIST0001359,CUST0000443,2023-02-05,754.0,,0.0,4,4,0,0
CRHIST0001360,CUST0000443,2023-03-29,753.0,8162.13,0.2993,1,2,0,0
CRHIST0001361,CUST0000443,2023-05-05,769.0,12644.12,0.4606,1,4,0,0
CRHIST0001362,CUST0000443,2023-05-06,751.0,12910.6,0.5447,3,1,0,0
CRHIST0001363,CUST0000443,2023-05-18,737.0,11328.8,0.6898,1,0,0,0
CRHIST0001364,CUST0000444,2026-05-27,548.0,3078.78,0.6169,3,1,0,0
CRHIST0001365,CUST0000444,2026-06-05,552.0,1859.6,0.3711,5,0,0,0
CRHIST0001366,CUST0000444,2026-06-14,550.0,6056.07,0.9322,10,3,0,0
CRHIST0001367,CUST0000444,2026-06-28,558.0,3590.07,0.5207,7,0,1,0
CRHIST0001368,CUST0000445,2022-12-30,650.0,6159.3,0.5074,5,1,0,0
CRHIST0001369,CUST0000445,2023-01-08,653.0,4279.01,0.4393,2,3,1,0
CRHIST0001370,CUST0000446,2023-09-30,654.0,4155.34,0.62,4,2,1,0
CRHIST0001371,CUST0000446,2023-11-06,657.0,2585.12,0.2683,1,3,1,2
CRHIST0001372,CUST0000446,2024-03-16,693.0,1586.43,0.304,2,2,1,2
CRHIST0001373,CUST0000447,2025-04-08,720.0,5901.19,0.4156,2,1,0,0
CRHIST0001374,CUST0000448,2021-07-28,704.0,5558.7,0.2421,3,1,0,0
CRHIST0001375,CUST0000449,2025-12-23,677.0,10408.17,0.3668,1,0,0,0
CRHIST0001376,CUST0000449,2026-01-08,686.0,837.77,0.0558,3,1,0,0
CRHIST0001377,CUST0000449,2026-02-23,675.0,7995.69,0.5982,3,2,0,0
CRHIST0001378,CUST0000449,2026-04-19,687.0,14467.32,0.5199,6,4,0,0
CRHIST0001379,CUST0000450,2021-07-24,726.0,4094.3,0.2396,3,2,0,2
CRHIST0001380,CUST0000450,2022-02-07,726.0,7099.31,0.4687,0,5,0,2
CRHIST0001381,CUST0000450,2022-08-27,719.0,12787.96,0.497,3,1,0,2
CRHIST0001382,CUST0000450,2023-02-20,739.0,12196.28,0.3578,7,1,0,2
CRHIST0001383,CUST0000451,2026-08-13,710.0,6830.75,0.4517,5,3,0,0
CRHIST0001384,CUST0000451,2026-08-13,714.0,2272.31,0.1915,3,3,0,0
CRHIST0001385,CUST0000452,2023-11-25,680.0,3435.16,0.2188,6,2,0,0
CRHIST0001386,CUST0000452,2024-01-04,670.0,2634.91,0.1688,4,1,0,0
CRHIST0001387,CUST0000452,2024-05-15,642.0,2883.23,0.2563,7,1,0,0
CRHIST0001388,CUST0000453,2023-01-31,656.0,14024.08,0.6804,4,1,0,0
CRHIST0001389,CUST0000453,2023-06-26,649.0,9542.01,0.3676,5,2,0,0
CRHIST0001390,CUST0000454,2021-02-05,641.0,1766.76,0.3103,4,4,0,0
CRHIST0001391,CUST0000454,2021-04-18,635.0,8691.17,0.6286,5,2,0,0
CRHIST0001392,CUST0000454,2021-08-23,646.0,3824.85,0.2805,4,4,1,0
CRHIST0001393,CUST0000454,2021-09-08,643.0,2381.46,0.208,7,3,1,0
CRHIST0001394,CUST0000455,2023-05-21,777.0,8073.27,0.385,4,2,0,0
CRHIST0001395,CUST0000456,2023-03-29,698.0,1077.51,0.1204,1,5,0,2
CRHIST0001396,CUST0000457,2026-07-13,661.0,6567.22,0.8658,6,2,0,0
CRHIST0001397,CUST0000457,2026-07-15,650.0,2309.84,0.3857,6,1,0,0
CRHIST0001398,CUST0000458,2025-07-20,684.0,780.97,0.055,3,1,0,0
CRHIST0001399,CUST0000458,2025-08-18,672.0,1886.18,0.3497,2,0,0,0
CRHIST0001400,CUST0000459,2022-09-10,746.0,9303.36,0.3324,3,2,0,0
CRHIST0001401,CUST0000459,2022-11-22,772.0,11412.31,0.4167,4,3,0,0
CRHIST0001402,CUST0000460,2022-01-01,721.0,11305.71,0.3076,7,1,0,0
CRHIST0001403,CUST0000461,2023-05-13,695.0,14032.64,0.7561,5,1,0,0
CRHIST0001404,CUST0000461,2023-11-01,720.0,9708.98,0.2029,7,2,0,0
CRHIST0001405,CUST0000461,2024-08-02,719.0,4213.4,0.2532,2,0,0,0
CRHIST0001406,CUST0000462,2022-03-06,733.0,8444.75,0.3761,4,2,0,0
CRHIST0001407,CUST0000463,2019-06-15,669.0,3988.42,0.2195,3,6,0,0
CRHIST0001408,CUST0000464,2019-05-24,733.0,2280.71,0.3214,1,2,0,0
CRHIST0001409,CUST0000464,2020-01-25,738.0,2040.23,0.2452,5,0,0,0
CRHIST0001410,CUST0000465,2024-10-07,696.0,4497.88,0.3178,6,1,0,0
CRHIST0001411,CUST0000465,2024-11-27,702.0,1788.7,0.1579,6,0,0,0
CRHIST0001412,CUST0000466,2021-07-15,662.0,3953.3,0.6063,2,2,0,0
CRHIST0001413,CUST0000466,2021-10-16,658.0,3194.42,0.4739,4,3,0,0
CRHIST0001414,CUST0000467,2022-03-13,666.0,7092.34,0.2991,4,1,0,0
CRHIST0001415,CUST0000468,2025-02-03,533.0,769.64,0.484,5,2,0,0
CRHIST0001416,CUST0000468,2025-06-15,541.0,,0.2755,5,1,0,0
CRHIST0001417,CUST0000468,2025-07-26,526.0,195.79,0.1556,6,1,0,0
CRHIST0001418,CUST0000468,2025-09-09,518.0,508.12,0.5946,3,2,0,2
CRHIST0001419,CUST0000468,2025-10-17,498.0,305.16,0.2056,4,1,0,2
CRHIST0001420,CUST0000468,2025-10-18,489.0,377.76,0.6274,4,4,0,2
CRHIST0001421,CUST0000468,2025-10-19,488.0,906.29,0.6076,5,3,0,2
CRHIST0001422,CUST0000469,2024-04-07,697.0,615.03,0.0441,4,3,0,0
CRHIST0001423,CUST0000469,2024-05-25,679.0,17517.58,0.6502,5,1,0,0
CRHIST0001424,CUST0000469,2024-08-17,661.0,7538.13,0.4084,2,4,0,0
CRHIST0001425,CUST0000469,2024-08-18,662.0,3040.17,0.1833,4,2,0,0
CRHIST0001426,CUST0000469,2025-01-09,,6550.39,0.3295,3,4,0,0
CRHIST0001427,CUST0000469,2025-02-28,670.0,5769.94,0.4759,3,2,0,0
CRHIST0001428,CUST0000470,2022-11-10,761.0,25189.12,0.532,5,5,0,0
CRHIST0001429,CUST0000470,2023-01-22,769.0,19679.11,0.4142,3,3,0,0
CRHIST0001430,CUST0000470,2023-05-19,775.0,17977.21,0.4011,1,5,0,0
CRHIST0001431,CUST0000470,2023-08-11,775.0,4965.06,0.2548,7,2,0,0
CRHIST0001432,CUST0000470,2023-12-09,785.0,7659.66,0.2872,2,3,0,0
CRHIST0001433,CUST0000471,2024-10-04,664.0,649.36,0.0576,5,0,0,0
CRHIST0001434,CUST0000472,2020-04-15,540.0,1015.62,0.1738,3,0,1,0
CRHIST0001435,CUST0000473,2022-09-23,622.0,1296.48,0.2095,3,2,0,0
CRHIST0001436,CUST0000473,2022-11-18,635.0,3475.52,0.5537,5,2,0,0
CRHIST0001437,CUST0000473,2022-12-06,,886.87,0.1567,4,0,0,0
CRHIST0001438,CUST0000474,2020-04-27,719.0,336.87,0.0469,3,1,0,0
CRHIST0001439,CUST0000475,2023-07-04,750.0,7799.65,0.3467,1,3,0,0
CRHIST0001440,CUST0000475,2024-05-24,737.0,2974.44,0.2248,4,3,0,0
CRHIST0001441,CUST0000476,2019-11-07,699.0,7642.58,0.2778,5,1,0,0
CRHIST0001442,CUST0000476,2023-01-02,681.0,12720.25,0.4388,4,1,0,0
CRHIST0001443,CUST0000476,2023-02-22,694.0,2650.69,0.1184,4,2,0,0
CRHIST0001444,CUST0000476,2023-03-29,690.0,16552.76,0.6685,5,4,0,0
CRHIST0001445,CUST0000476,2023-06-11,696.0,6161.38,0.3837,8,2,0,0
CRHIST0001446,CUST0000477,2026-04-18,734.0,3718.73,0.1554,4,1,0,0
CRHIST0001447,CUST0000477,2026-05-05,716.0,11343.06,0.4447,6,0,0,0
CRHIST0001448,CUST0000478,2024-05-09,699.0,6992.79,0.3729,4,2,0,0
CRHIST0001449,CUST0000478,2024-05-13,693.0,6103.5,0.3573,1,2,0,0
CRHIST0001450,CUST0000478,2024-09-02,707.0,12241.82,0.5315,1,0,0,0
CRHIST0001451,CUST0000479,2020-12-10,655.0,10788.6,0.4822,5,0,0,0
CRHIST0001452,CUST0000479,2021-04-01,638.0,2949.22,0.1602,4,3,0,0
CRHIST0001453,CUST0000479,2022-01-24,626.0,6474.35,0.2819,4,5,0,0
CRHIST0001454,CUST0000480,2024-06-13,608.0,7143.42,0.3719,2,2,0,0
CRHIST0001455,CUST0000480,2024-06-15,608.0,4954.74,0.4983,6,1,0,0
CRHIST0001456,CUST0000481,2022-03-05,643.0,4236.9,0.3682,3,1,0,0
CRHIST0001457,CUST0000481,2022-05-13,632.0,6729.41,0.6332,8,2,0,0
CRHIST0001458,CUST0000482,2023-01-07,735.0,6751.73,0.375,4,0,0,0
CRHIST0001459,CUST0000482,2023-06-20,728.0,5043.62,0.2476,1,2,0,0
CRHIST0001460,CUST0000483,2020-08-04,736.0,4079.84,0.1955,4,1,0,0
CRHIST0001461,CUST0000484,2023-01-13,695.0,877.59,0.0353,3,2,0,0
CRHIST0001462,CUST0000484,2024-01-29,700.0,1603.18,0.0903,1,2,0,0
CRHIST0001463,CUST0000484,2024-02-03,685.0,6874.18,0.4337,9,2,0,0
CRHIST0001464,CUST0000485,2020-01-09,739.0,3207.04,0.2109,5,1,0,0
CRHIST0001465,CUST0000486,2021-01-27,646.0,2834.15,0.3747,6,0,0,0
CRHIST0001466,CUST0000486,2021-11-15,641.0,3352.73,0.2655,2,3,0,0
CRHIST0001467,CUST0000487,2023-07-31,493.0,401.11,0.3728,2,1,0,0
CRHIST0001468,CUST0000487,2023-09-30,498.0,786.02,0.5922,5,4,0,0
CRHIST0001469,CUST0000487,2024-01-19,498.0,566.92,0.4673,5,3,0,0
CRHIST0001470,CUST0000487,2024-08-29,498.0,599.88,0.6503,5,0,0,0
CRHIST0001471,CUST0000488,2022-11-20,630.0,2003.95,0.3853,3,2,0,0
CRHIST0001472,CUST0000488,2022-12-02,629.0,1257.58,0.2563,3,2,0,0
CRHIST0001473,CUST0000488,2023-01-11,637.0,411.93,0.077,5,2,0,0
CRHIST0001474,CUST0000488,2023-02-24,644.0,5217.12,0.5943,4,3,0,0
CRHIST0001475,CUST0000489,2021-05-17,594.0,1583.64,0.2178,9,1,0,0
CRHIST0001476,CUST0000489,2021-05-31,593.0,6861.97,0.514,4,7,0,0
CRHIST0001477,CUST0000489,2022-04-01,602.0,2172.63,0.1837,5,4,0,0
CRHIST0001478,CUST0000489,2023-06-17,592.0,4266.43,0.3951,5,1,0,1
CRHIST0001479,CUST0000489,2023-10-14,616.0,3481.24,0.401,8,1,0,1
CRHIST0001480,CUST0000490,2019-07-14,675.0,3874.48,0.2213,8,2,0,0
CRHIST0001481,CUST0000490,2020-05-03,683.0,9178.42,0.5944,8,4,0,0
CRHIST0001482,CUST0000491,2022-08-28,759.0,6268.87,0.2659,1,1,0,0
CRHIST0001483,CUST0000491,2024-03-01,749.0,7088.51,0.1892,4,2,0,0
CRHIST0001484,CUST0000491,2024-03-15,750.0,6368.69,0.187,3,5,0,0
CRHIST0001485,CUST0000492,2026-02-11,649.0,7922.45,0.768,6,0,0,0
CRHIST0001486,CUST0000493,2024-08-11,674.0,692.41,0.0383,6,3,0,0
CRHIST0001487,CUST0000493,2025-07-04,701.0,1501.17,0.0758,1,0,0,0
CRHIST0001488,CUST0000493,2025-09-02,686.0,10594.59,0.2074,2,3,0,0
CRHIST0001489,CUST0000493,2026-01-18,696.0,10188.83,0.2967,6,2,1,0
CRHIST0001490,CUST0000493,2026-01-28,702.0,9640.35,0.3626,5,3,1,0
CRHIST0001491,CUST9037685,2021-03-30,889.0,10194.68,0.2232,2,1,0,0
CRHIST0001492,CUST0000494,2021-06-04,745.0,9244.97,0.238,1,1,0,0
CRHIST0001493,CUST0000494,2022-02-09,756.0,685.01,0.0336,5,6,0,0
CRHIST0001494,CUST0000495,2026-03-15,685.0,2899.42,0.2354,4,2,0,0
CRHIST0001495,CUST0000495,2026-03-26,680.0,2481.51,0.1379,2,2,0,0
CRHIST0001496,CUST0000495,2026-05-15,681.0,3679.71,0.283,0,5,0,0
CRHIST0001497,CUST0000496,2022-05-26,587.0,4077.45,0.4366,7,4,0,0
CRHIST0001498,CUST0000496,2022-12-17,569.0,5600.26,0.5884,4,1,0,0
CRHIST0001499,CUST0000496,2023-05-28,568.0,2511.08,0.4016,6,0,0,0
CRHIST0001500,CUST0000496,2023-07-11,581.0,4580.61,0.3621,3,1,0,0
CRHIST0001501,CUST0000496,2024-01-03,598.0,7190.37,0.5152,5,3,0,0
CRHIST0001502,CUST0000497,2023-07-02,698.0,2606.71,0.2305,4,2,0,0
CRHIST0001503,CUST0000497,2024-02-02,692.0,1456.52,0.2002,3,0,0,2
CRHIST0001504,CUST0000497,2024-05-19,687.0,1867.74,0.2694,2,4,0,2
CRHIST0001505,CUST0000497,2024-06-26,713.0,6853.79,0.5603,0,3,0,2
CRHIST0001506,CUST0000497,2024-10-08,717.0,1706.0,0.145,5,2,0,2
CRHIST0001507,CUST0000498,2019-02-21,-14.0,39810.42,0.6385,1,2,0,0
CRHIST0001508,CUST0000498,2020-01-06,698.0,47983.87,0.661,8,3,0,0
CRHIST0001509,CUST0000498,2020-11-18,705.0,21548.29,0.4486,4,2,0,0
CRHIST0001510,CUST0000498,2022-08-27,717.0,7854.63,0.187,3,3,0,0
CRHIST0001511,CUST0000499,2021-07-02,679.0,8165.19,0.6268,4,2,0,0
CRHIST0001512,CUST0000500,2025-03-18,712.0,17652.38,0.7403,1,3,0,0
CRHIST0001513,CUST0000500,2025-05-17,711.0,3810.42,0.3791,4,4,0,0
CRHIST0001514,CUST0000501,2022-05-03,794.0,6328.06,0.3547,0,0,0,0
CRHIST0001515,CUST0000501,2022-12-19,793.0,3012.31,0.1659,2,4,0,0
CRHIST0001516,CUST0000501,2023-10-19,804.0,17864.15,0.4687,3,1,0,0
CRHIST0001517,CUST0000502,2022-05-07,611.0,2207.38,0.2895,4,1,0,0
CRHIST0001518,CUST0000502,2022-07-17,605.0,2143.09,0.5272,6,2,0,0
CRHIST0001519,CUST0000502,2023-02-28,603.0,3157.73,0.3547,5,4,0,0
CRHIST0001520,CUST0000503,2019-11-09,711.0,11236.68,0.2929,1,1,0,0
CRHIST0001521,CUST0000503,2019-12-19,710.0,7353.95,0.2371,6,1,0,0
CRHIST0001522,CUST0000503,2020-09-24,730.0,10303.25,0.6371,5,2,0,0
CRHIST0001523,CUST0000504,2026-02-13,658.0,2837.9,0.4295,3,1,0,0
CRHIST0001524,CUST0000504,2026-02-17,649.0,2551.15,0.4906,2,1,0,0
CRHIST0001525,CUST0000504,2026-04-04,654.0,765.98,0.0845,3,3,1,0
CRHIST0001526,CUST0000504,2026-04-15,653.0,2729.15,0.299,1,1,1,0
CRHIST0001527,CUST0000505,2025-04-11,650.0,5051.4,0.6847,1,4,0,0
CRHIST0001528,CUST0000505,2025-05-10,651.0,491.01,0.0713,7,2,0,0
CRHIST0001529,CUST0000506,2019-05-15,748.0,15967.45,0.3428,2,0,0,0
CRHIST0001530,CUST0000506,2019-11-04,750.0,5382.8,0.1091,2,2,0,2
CRHIST0001531,CUST0000506,2019-11-05,740.0,3909.22,0.0766,7,3,0,2
CRHIST0001532,CUST0000506,2021-07-11,737.0,7800.11,0.1719,2,2,0,2
CRHIST0001533,CUST0000506,2021-07-29,739.0,9838.99,0.1788,2,2,0,2
CRHIST0001534,CUST0000506,2021-12-31,747.0,19916.78,0.5235,6,4,0,2
CRHIST0001535,CUST0000507,2026-03-10,690.0,2294.89,0.1568,5,5,0,0
CRHIST0001536,CUST0000507,2026-04-01,707.0,11662.08,0.6021,3,1,0,0
CRHIST0001537,CUST0000507,2026-04-11,726.0,4555.72,0.2873,3,1,0,0
CRHIST0001538,CUST0000507,2026-04-19,731.0,13375.18,0.5284,1,2,0,0
CRHIST0001539,CUST0000507,2026-05-28,729.0,8349.01,0.3796,2,3,0,0
CRHIST0001540,CUST0000508,2025-04-18,725.0,1479.09,0.1098,5,2,0,0
CRHIST0001541,CUST0000508,2025-05-17,716.0,8672.14,0.4818,4,3,0,0
CRHIST0001542,CUST0000508,2025-06-01,729.0,,0.0166,5,0,0,0
CRHIST0001543,CUST0000508,2025-09-06,735.0,3198.64,0.218,1,2,0,0
CRHIST0001544,CUST0000508,2025-09-07,747.0,16396.5,0.5953,1,2,0,0
CRHIST0001545,CUST0000508,2025-09-11,749.0,,0.0896,3,1,0,1
CRHIST0001546,CUST0000509,2022-01-05,583.0,7686.85,0.4673,4,4,0,0
CRHIST0001547,CUST0000509,2022-08-12,592.0,3452.24,0.1903,4,0,0,0
CRHIST0001548,CUST0000509,2025-01-20,607.0,1975.65,0.1164,6,3,0,0
CRHIST0001549,CUST0000509,2025-05-24,610.0,4741.71,0.5385,4,4,0,0
CRHIST0001550,CUST0000509,2025-06-21,597.0,4363.07,0.5002,7,2,0,0
CRHIST0001551,CUST0000509,2025-08-08,588.0,6504.76,0.8391,4,3,0,0
CRHIST0001552,CUST0000510,2024-02-05,720.0,9049.9,0.2301,3,1,0,0
CRHIST0001553,CUST0000511,2021-02-18,536.0,1515.07,0.3477,3,1,0,0
CRHIST0001554,CUST0000511,2022-03-13,533.0,4050.28,0.7343,2,3,0,0
CRHIST0001555,CUST0000511,2022-04-12,523.0,3699.65,0.8704,2,1,0,0
CRHIST0001556,CUST0000512,2022-07-30,682.0,8647.52,0.5315,4,1,0,0
CRHIST0001557,CUST0000512,2023-06-07,674.0,7353.42,0.4547,2,3,0,0
CRHIST0001558,CUST0000512,2023-09-22,653.0,9967.2,0.5401,3,3,0,0
CRHIST0001559,CUST0000512,2024-07-11,660.0,11783.33,0.4339,2,3,0,0
CRHIST0001560,CUST0000512,2024-07-14,637.0,6578.13,0.4721,4,1,0,0
CRHIST0001561,CUST0000513,2024-06-28,538.0,646.97,0.2318,6,2,0,1
CRHIST0001562,CUST0000513,2024-10-17,555.0,1492.45,0.4732,9,2,0,1
CRHIST0001563,CUST0000513,2025-03-04,545.0,485.96,0.1941,5,3,0,1
CRHIST0001564,CUST0000514,2021-02-04,611.0,6580.08,0.5578,5,6,0,1
CRHIST0001565,CUST0000514,2021-12-11,596.0,9841.58,0.3485,10,5,0,3
CRHIST0001566,CUST0000514,2022-08-08,578.0,20891.69,0.9463,2,1,0,3
CRHIST0001567,CUST0000514,2023-01-15,588.0,5331.08,0.3506,7,4,0,3
CRHIST0001568,CUST0000514,2023-03-12,579.0,10999.75,0.8897,7,3,0,3
CRHIST0001569,CUST0000514,2023-08-02,600.0,6951.8,0.2909,6,1,0,3
CRHIST0001570,CUST0000514,2024-09-27,607.0,19029.43,0.7045,2,1,0,5
CRHIST0001571,CUST0000515,2021-11-27,634.0,1791.1,0.3425,3,1,0,0
CRHIST0001572,CUST0000515,2022-12-19,624.0,1133.38,0.192,5,2,0,0
CRHIST0001573,CUST0000515,2023-05-28,652.0,853.6,0.1307,8,5,0,0
CRHIST0001574,CUST0000516,2021-12-26,722.0,11772.22,0.3931,0,3,0,0
CRHIST0001575,CUST0000517,2020-06-10,685.0,8680.68,0.6387,1,3,0,0
CRHIST0001576,CUST0000517,2020-11-10,677.0,4489.49,0.3114,4,1,0,0
CRHIST0001577,CUST0000518,2025-07-01,651.0,3938.59,0.2191,4,2,0,0
CRHIST0001578,CUST9186182,2025-07-10,648.0,6389.52,0.4496,4,3,0,0
CRHIST0001579,CUST0000518,2025-08-10,641.0,959.05,0.0788,3,2,0,0
CRHIST0001580,CUST0000519,2024-03-05,741.0,7926.53,0.4585,6,0,0,0
CRHIST0001581,CUST0000519,2024-11-16,759.0,0.0,0.0,0,0,0,0
CRHIST0001582,CUST0000519,2025-02-14,738.0,8738.51,0.2188,2,0,0,0
CRHIST0001583,CUST0000519,2025-08-30,751.0,9249.4,0.3633,3,1,0,0
CRHIST0001584,CUST0000519,2025-09-22,745.0,5256.09,0.1749,1,1,0,0
CRHIST0001585,CUST0000519,2025-11-06,743.0,6568.05,0.2719,7,0,0,0
CRHIST0001586,CUST0000519,2025-12-13,,7036.34,0.3556,4,5,0,0
CRHIST0001587,CUST0000520,2025-10-02,598.0,982.8,0.4332,5,2,0,0
CRHIST0001588,CUST0000520,2025-11-01,592.0,636.76,0.423,5,3,0,1
CRHIST0001589,CUST0000520,2025-12-02,571.0,989.17,0.3796,5,0,0,1
CRHIST0001590,CUST0000520,2026-02-26,,439.63,0.1939,4,2,0,1
CRHIST0001591,CUST0000521,2023-03-02,737.0,10360.86,0.2936,5,2,0,0
CRHIST0001592,CUST0000521,2024-01-12,762.0,14054.5,0.3361,4,0,0,0
CRHIST0001593,CUST0000521,2024-09-18,782.0,7275.84,0.1631,1,1,0,0
CRHIST0001594,CUST0000521,2024-11-17,777.0,17829.64,0.418,2,1,0,0
CRHIST0001595,CUST0000522,2020-11-14,699.0,2001.29,0.1402,5,3,0,0
CRHIST0001596,CUST0000523,2021-07-30,693.0,12125.34,0.4736,7,1,0,0
CRHIST0001597,CUST0000523,2022-01-26,687.0,5688.59,0.3322,3,0,0,0
CRHIST0001598,CUST0000523,2023-02-06,701.0,9786.98,0.3373,4,1,0,0
CRHIST0001599,CUST0000523,2023-02-17,685.0,3577.15,0.2511,6,2,0,0
CRHIST0001600,CUST0000523,2023-05-07,692.0,8368.22,0.3136,3,1,0,0
CRHIST0001601,CUST0000524,2021-12-15,711.0,16321.17,0.5043,3,6,0,0
CRHIST0001602,CUST0000524,2022-02-01,705.0,3426.01,0.2715,4,3,0,0
CRHIST0001603,CUST0000524,2022-05-05,711.0,15227.18,0.7043,4,4,0,0
CRHIST0001604,CUST0000524,2022-06-29,734.0,2297.02,0.1841,3,0,0,0
CRHIST0001605,CUST0000525,2026-03-22,701.0,4842.1,0.1749,4,3,0,0
CRHIST0001606,CUST0000525,2026-04-08,703.0,1874.23,0.0641,1,2,0,2
CRHIST0001607,CUST0000525,2026-05-22,689.0,5627.16,0.2956,3,1,0,2
CRHIST0001608,CUST0000526,2021-02-27,677.0,4558.38,0.5038,7,1,0,0
CRHIST0001609,CUST0000526,2021-06-25,678.0,1450.21,0.1223,1,1,0,0
CRHIST0001610,CUST0000526,2021-10-25,694.0,3619.28,0.3381,2,1,0,0
CRHIST0001611,CUST0000526,2021-11-15,697.0,5304.77,0.5926,7,4,0,0
CRHIST0001612,CUST0000526,2022-07-17,695.0,1816.48,0.2941,2,2,0,0
CRHIST0001613,CUST0000527,2024-06-06,712.0,5855.98,0.4016,3,2,1,0
CRHIST0001614,CUST0000527,2024-10-13,698.0,4991.47,0.312,5,3,1,0
CRHIST0001615,CUST0000528,2020-12-19,650.0,3377.89,0.2818,9,2,1,0
CRHIST0001616,CUST0000528,2021-03-31,641.0,11008.1,0.6189,6,2,1,0
CRHIST0001617,CUST0000528,2021-07-03,648.0,9574.87,0.8463,5,3,1,0
CRHIST0001618,CUST0000529,2026-05-02,624.0,4802.14,0.6025,7,4,0,0
CRHIST0001619,CUST0000529,2026-05-03,606.0,2122.34,0.4872,4,3,0,0
CRHIST0001620,CUST0000529,2026-05-19,609.0,6199.84,0.7195,7,1,0,0
CRHIST0001621,CUST0000530,2024-05-24,650.0,3094.18,0.2737,7,0,0,0
CRHIST0001622,CUST0000530,2024-10-17,671.0,3228.17,0.3404,7,1,0,0
CRHIST0001623,CUST0000530,2024-12-05,681.0,972.7,0.0858,3,1,0,0
CRHIST0001624,CUST0000530,2024-12-10,671.0,5525.25,0.4754,2,4,0,0
CRHIST0001625,CUST0000531,2023-03-10,739.0,15942.77,0.5111,5,1,0,0
CRHIST0001626,CUST0000531,2023-04-01,740.0,31473.19,0.5464,4,0,0,0
CRHIST0001627,CUST0000531,2024-01-04,752.0,6086.1,0.1487,6,1,0,0
CRHIST0001628,CUST0000531,2024-07-07,752.0,20704.58,0.5543,3,1,0,0
CRHIST0001629,CUST0000531,2025-01-28,761.0,12273.17,0.2719,4,1,0,0
CRHIST0001630,CUST0000532,2022-08-17,631.0,1565.03,0.1364,7,5,0,0
CRHIST0001631,CUST0000532,2022-08-23,628.0,12812.8,0.7468,7,5,0,0
CRHIST0001632,CUST0000532,2022-09-03,626.0,5810.71,0.5876,6,2,0,0
CRHIST0001633,CUST0000533,2022-05-09,708.0,4820.99,0.3006,8,1,0,0
CRHIST0001634,CUST0000533,2022-06-03,700.0,5055.24,0.1741,3,1,0,0
CRHIST0001635,CUST0000533,2023-07-24,713.0,8511.21,0.4038,3,0,0,0
CRHIST0001636,CUST0000534,2021-08-11,670.0,5384.61,0.255,3,2,0,0
CRHIST0001637,CUST0000535,2023-08-07,643.0,2811.16,0.2677,4,3,0,0
CRHIST0001638,CUST0000535,2023-09-14,625.0,4386.19,0.7091,4,4,0,1
CRHIST0001639,CUST0000535,2024-10-22,637.0,3666.59,0.3659,4,1,0,1
CRHIST0001640,CUST0000536,2025-08-23,713.0,2486.63,0.1885,8,5,0,0
CRHIST0001641,CUST0000536,2025-12-22,715.0,2335.42,0.2911,4,3,0,0
CRHIST0001642,CUST0000536,2026-04-02,727.0,5347.84,0.457,4,2,0,0
CRHIST0001643,CUST0000536,2026-04-05,734.0,1890.59,0.2323,8,1,0,0
CRHIST0001644,CUST0000536,2026-04-14,718.0,2083.27,0.3542,2,2,0,0
CRHIST0001645,CUST0000537,2021-07-23,725.0,1233.56,0.0422,3,2,0,0
CRHIST0001646,CUST0000538,2024-10-17,731.0,6462.75,0.1094,1,2,0,0
CRHIST0001647,CUST0000538,2025-04-22,750.0,20527.09,0.3779,3,3,0,0
CRHIST0001648,CUST0000538,2025-06-17,750.0,5547.92,0.164,4,1,0,0
CRHIST0001649,CUST0000539,2023-12-25,732.0,1569.4,0.1127,2,3,0,0
CRHIST0001650,CUST0000539,2024-02-11,742.0,2306.98,0.2121,4,2,0,0
CRHIST0001651,CUST0000539,2024-02-26,,5486.05,0.4224,6,2,0,0
CRHIST0001652,CUST0000540,2025-05-09,648.0,2533.85,0.3711,4,2,0,0
CRHIST0001653,CUST0000540,2025-06-30,657.0,936.68,0.2088,4,5,0,0
CRHIST0001654,CUST0000541,2025-02-23,710.0,480.93,0.0231,7,0,0,0
CRHIST0001655,CUST0000541,2025-05-05,724.0,9335.4,0.5792,4,3,0,0
CRHIST0001656,CUST0000541,2025-07-09,725.0,10090.46,0.2505,5,2,0,0
CRHIST0001657,CUST0000542,2020-06-02,681.0,14995.54,0.8438,6,1,0,0
CRHIST0001658,CUST0000542,2020-08-27,679.0,10128.72,0.419,6,1,0,0
CRHIST0001659,CUST0000543,2020-01-03,682.0,4145.42,0.1451,5,1,0,0
CRHIST0001660,CUST0000543,2021-08-21,666.0,6229.24,0.4592,2,1,0,0
CRHIST0001661,CUST0000543,2022-01-09,663.0,10301.49,0.4641,4,4,0,0
CRHIST0001662,CUST0000544,2026-01-07,733.0,18509.79,0.5004,1,1,0,0
CRHIST0001663,CUST0000544,2026-01-30,742.0,16657.62,0.5136,2,3,0,0
CRHIST0001664,CUST0000544,2026-02-08,750.0,14793.32,0.4771,4,4,0,0
CRHIST0001665,CUST0000544,2026-02-20,751.0,2277.92,0.1095,1,3,0,0
CRHIST0001666,CUST0000544,2026-04-04,754.0,12631.78,0.3255,3,3,0,0
CRHIST0001667,CUST0000545,2020-05-16,654.0,773.44,0.0371,2,1,0,0
CRHIST0001668,CUST0000545,2020-05-22,645.0,,0.3719,3,0,0,0
CRHIST0001669,CUST0000545,2020-08-26,641.0,4991.9,0.2898,4,1,0,0
CRHIST0001670,CUST0000545,2021-10-08,650.0,7390.17,0.6762,2,2,0,0
CRHIST0001671,CUST0000545,2022-09-22,648.0,13035.81,0.5938,5,2,0,0
CRHIST0001672,CUST0000545,2023-02-28,641.0,,0.5304,8,1,0,0
CRHIST0001673,CUST0000546,2023-06-20,659.0,2907.74,0.1429,4,0,0,1
CRHIST0001674,CUST0000547,2024-11-10,696.0,8838.49,0.4088,0,4,0,2
CRHIST0001675,CUST0000548,2023-03-27,774.0,12134.16,0.5422,1,2,0,0
CRHIST0001676,CUST0000549,2019-06-11,599.0,10764.14,0.5856,4,3,0,0
CRHIST0001677,CUST0000549,2019-08-16,609.0,7619.3,0.4438,3,0,0,0
CRHIST0001678,CUST0000549,2021-03-31,,5664.72,0.4789,5,2,0,0
CRHIST0001679,CUST0000549,2022-02-22,597.0,5864.19,0.2468,1,1,0,0
CRHIST0001680,CUST0000549,2023-08-26,599.0,3400.38,0.2218,2,2,0,0
CRHIST0001681,CUST0000550,2020-07-30,714.0,11347.73,0.6108,6,1,0,0
CRHIST0001682,CUST0000550,2022-04-25,697.0,4254.81,0.2479,3,4,0,0
CRHIST0001683,CUST0000551,2024-02-15,741.0,5605.23,0.1213,3,4,0,0
CRHIST0001684,CUST0000551,2024-06-22,743.0,3896.28,0.1347,5,3,0,0
CRHIST0001685,CUST0000551,2024-10-09,760.0,5186.13,0.1608,3,2,0,0
CRHIST0001686,CUST0000551,2025-08-22,764.0,10546.84,0.4955,3,0,0,0
CRHIST0001687,CUST0000551,2025-12-03,739.0,3405.54,0.1456,4,2,0,0
CRHIST0001688,CUST0000552,2025-12-12,528.0,1215.33,0.5913,10,1,0,0
CRHIST0001689,CUST0000552,2026-01-12,541.0,919.34,0.4437,5,5,0,2
CRHIST0001690,CUST0000552,2026-01-23,543.0,2044.39,0.7841,2,0,0,2
CRHIST0001691,CUST0000553,2021-11-21,701.0,7291.67,0.5807,3,2,0,0
CRHIST0001692,CUST0000553,2022-10-06,700.0,14947.91,0.7491,2,2,0,2
CRHIST0001693,CUST0000554,2023-07-16,676.0,7426.63,0.5321,2,1,0,0
CRHIST0001694,CUST0000554,2024-02-14,,2812.72,0.3193,1,1,0,0
CRHIST0001695,CUST0000554,2024-04-23,686.0,4112.41,0.3743,6,3,0,0
CRHIST0001696,CUST0000555,2026-02-23,716.0,28064.57,0.569,4,0,0,0
CRHIST0001697,CUST0000555,2026-02-26,728.0,16419.92,0.4856,4,2,0,0
CRHIST0001698,CUST0000555,2026-05-25,738.0,28124.73,0.531,3,0,0,0
CRHIST0001699,CUST0000555,2026-05-30,745.0,14437.36,0.3021,6,1,0,0
CRHIST0001700,CUST0000556,2025-06-11,730.0,3705.29,0.198,3,1,0,0
CRHIST0001701,CUST0000557,2023-04-15,742.0,4243.3,0.1148,2,3,0,0
CRHIST0001702,CUST0000557,2023-06-22,741.0,10171.98,0.5766,1,1,0,0
CRHIST0001703,CUST0000558,2024-04-21,709.0,7425.72,0.2018,5,1,0,0
CRHIST0001704,CUST0000559,2026-05-16,661.0,9470.25,0.4679,6,3,0,0
CRHIST0001705,CUST0000560,2025-03-14,614.0,634.47,0.264,6,3,1,0
CRHIST0001706,CUST0000560,2025-07-01,606.0,1501.18,0.6551,5,3,2,0
CRHIST0001707,CUST0000560,2025-07-19,605.0,4165.92,0.7614,8,1,2,0
CRHIST0001708,CUST0000561,2022-03-08,644.0,5177.45,0.2163,5,5,0,0
CRHIST0001709,CUST0000561,2023-05-19,624.0,4011.14,0.1534,1,1,0,0
CRHIST0001710,CUST0000561,2023-11-11,619.0,5739.6,0.31,3,2,0,0
CRHIST0001711,CUST0000561,2024-08-07,610.0,7658.06,0.3553,4,2,0,0
CRHIST0001712,CUST0000561,2025-02-05,599.0,8484.99,0.6964,4,1,0,0
CRHIST0001713,CUST0000562,2024-08-15,710.0,6120.48,0.1481,3,2,0,0
CRHIST0001714,CUST0000563,2023-04-02,694.0,5823.88,0.2113,1,1,0,1
CRHIST0001715,CUST0000564,2026-01-16,515.0,1845.86,0.6733,6,2,0,0
CRHIST0001716,CUST0000565,2020-08-06,660.0,1652.86,0.2204,4,2,0,0
CRHIST0001717,CUST0000566,2020-10-05,648.0,15166.93,0.5116,2,1,0,0
CRHIST0001718,CUST0000566,2021-01-11,663.0,3392.17,0.2187,5,2,0,0
CRHIST0001719,CUST0000566,2021-07-27,655.0,10726.51,0.5079,4,0,0,0
CRHIST0001720,CUST0000566,2021-08-23,632.0,9078.74,0.4449,1,4,1,0
CRHIST0001721,CUST0000566,2022-11-02,639.0,9175.94,0.6956,6,1,1,0
CRHIST0001722,CUST0000566,2024-06-12,633.0,3152.95,0.1513,2,2,1,0
CRHIST0001723,CUST0000567,2022-05-11,697.0,3304.72,0.1821,3,3,0,0
CRHIST0001724,CUST0000568,2021-01-12,726.0,18191.27,0.5574,2,3,0,0
CRHIST0001725,CUST0000568,2022-03-15,743.0,31053.59,0.6554,1,1,0,0
CRHIST0001726,CUST0000568,2022-07-06,739.0,5721.24,0.1907,2,4,0,0
CRHIST0001727,CUST0000569,2023-08-23,679.0,6047.66,0.3101,6,1,0,0
CRHIST0001728,CUST0000569,2023-11-06,677.0,13435.9,0.6498,4,0,0,0
CRHIST0001729,CUST0000569,2024-02-27,681.0,16617.28,0.6344,0,1,0,0
CRHIST0001730,CUST0000569,2024-12-12,688.0,17284.5,0.7459,2,1,0,0
CRHIST0001731,CUST0000569,2024-12-23,702.0,11665.15,0.4632,2,6,0,0
CRHIST0001732,CUST0000569,2025-04-26,701.0,2137.23,0.1864,7,2,0,0
CRHIST0001733,CUST0000570,2024-07-01,557.0,1462.89,0.4297,3,1,0,0
CRHIST0001734,CUST0000570,2025-02-14,544.0,1642.03,0.6114,8,3,0,0
CRHIST0001735,CUST0000570,2025-12-03,549.0,2203.28,0.7548,7,3,0,0
CRHIST0001736,CUST0000570,2026-02-26,547.0,893.48,0.3933,10,1,0,0
CRHIST0001737,CUST0000570,2026-04-17,552.0,874.32,0.2178,6,1,0,0
CRHIST0001738,CUST0000571,2025-11-17,737.0,9392.52,0.7952,0,4,0,0
CRHIST0001739,CUST0000572,2023-07-22,712.0,3976.53,0.6936,2,3,0,0
CRHIST0001740,CUST0000572,2024-07-23,712.0,2792.27,0.3492,4,2,0,0
CRHIST0001741,CUST0000572,2025-05-29,708.0,652.79,0.0455,5,1,0,1
CRHIST0001742,CUST0000573,2023-10-25,709.0,2194.64,0.2925,1,1,0,0
CRHIST0001743,CUST0000573,2024-01-06,695.0,6266.52,0.5708,2,1,0,0
CRHIST0001744,CUST0000573,2024-01-12,700.0,5780.24,0.5162,2,2,0,0
CRHIST0001745,CUST0000573,2024-09-21,697.0,4375.86,0.7095,6,2,0,0
CRHIST0001746,CUST0000574,2023-08-20,785.0,0.0,0.0,3,3,0,0
CRHIST0001747,CUST0000574,2023-10-08,765.0,1204.53,0.082,3,0,0,0
CRHIST0001748,CUST0000574,2024-01-08,765.0,1118.23,0.0722,3,2,0,0
CRHIST0001749,CUST0000574,2024-02-15,780.0,5701.45,0.2247,3,2,0,0
CRHIST0001750,CUST0000574,2024-04-03,782.0,5199.9,0.1559,2,2,0,0
CRHIST0001751,CUST0000574,2024-08-21,789.0,13699.95,0.3932,2,1,0,0
CRHIST0001752,CUST0000574,2024-09-17,776.0,0.0,0.0,2,4,0,0
CRHIST0001753,CUST0000574,2024-10-10,793.0,2149.95,0.1265,0,1,0,0
CRHIST0001754,CUST0000575,2019-01-20,557.0,346.67,0.3581,2,1,0,0
CRHIST0001755,CUST0000575,2021-07-13,562.0,761.4,0.6615,9,3,0,0
CRHIST0001756,CUST0000575,2021-08-26,541.0,593.34,0.2863,4,1,0,0
CRHIST0001757,CUST0000576,2024-08-10,620.0,7769.04,0.4655,4,3,0,1
CRHIST0001758,CUST0000576,2024-11-06,619.0,4504.14,0.6724,4,0,1,1
CRHIST0001759,CUST0000576,2024-12-17,606.0,4622.51,0.3002,1,4,1,1
CRHIST0001760,CUST0000577,2019-05-10,715.0,24593.97,0.8093,5,3,0,0
CRHIST0001761,CUST0000578,2024-03-30,640.0,6613.47,0.4297,1,3,0,0
CRHIST0001762,CUST0000579,2026-08-24,778.0,3869.09,0.4435,4,0,0,0
CRHIST0001763,CUST0000579,2026-08-24,776.0,,0.3217,3,2,0,0
CRHIST0001764,CUST0000579,2026-08-24,783.0,1817.34,0.3834,2,1,0,0
CRHIST0001765,CUST0000579,2026-08-24,776.0,1061.81,0.2234,4,4,0,0
CRHIST0001766,CUST0000579,2026-08-24,769.0,3930.89,0.4316,5,1,0,2
CRHIST0001767,CUST0000580,2025-02-02,660.0,4687.74,0.2782,5,4,0,0
CRHIST0001768,CUST0000580,2025-03-23,665.0,5991.32,0.4807,4,4,0,0
CRHIST0001769,CUST0000580,2025-04-01,667.0,25790.87,0.8816,4,3,0,0
CRHIST0001770,CUST0000580,2025-05-26,661.0,6917.22,0.3566,5,1,0,0
CRHIST0001771,CUST0000580,2025-06-04,657.0,10379.31,0.629,4,4,0,0
CRHIST0001772,CUST0000581,2023-03-19,612.0,,0.6445,5,1,0,0
CRHIST0001773,CUST0000581,2024-04-24,620.0,7109.09,0.4012,2,4,0,0
CRHIST0001774,CUST0000582,2021-11-01,619.0,14581.07,0.8473,4,1,0,1
CRHIST0001775,CUST0000583,2025-07-23,522.0,1414.74,0.6296,8,2,0,0
CRHIST0001776,CUST0000583,2025-07-29,528.0,490.45,0.3373,4,1,0,0
CRHIST0001777,CUST0000583,2025-08-10,532.0,1273.29,0.4751,3,2,0,0
CRHIST0001778,CUST0000583,2025-09-13,524.0,783.14,0.542,3,3,0,0
CRHIST0001779,CUST0000583,2026-02-27,519.0,2202.16,0.7259,5,2,0,0
CRHIST0001780,CUST0000584,2025-08-13,731.0,6.19,0.0003,6,3,0,0
CRHIST0001781,CUST0000584,2025-09-19,,8121.58,0.3763,2,2,0,0
CRHIST0001782,CUST0000584,2025-10-19,727.0,5232.61,0.2013,2,3,0,0
CRHIST0001783,CUST0000584,2025-11-11,742.0,15419.3,0.4396,1,2,0,0
CRHIST0001784,CUST0000584,2025-12-01,748.0,10778.02,0.678,3,2,0,0
CRHIST0001785,CUST0000584,2025-12-14,,2679.94,0.086,5,1,0,1
CRHIST0001786,CUST0000584,2026-01-24,725.0,4404.67,0.1573,5,2,0,1
CRHIST0001787,CUST0000585,2021-12-10,722.0,6646.15,0.2157,6,1,0,0
CRHIST0001788,CUST0000585,2022-06-20,735.0,4956.35,0.4407,3,5,0,0
CRHIST0001789,CUST0000585,2023-06-30,736.0,0.0,0.0,3,3,0,0
CRHIST0001790,CUST0000585,2023-12-06,739.0,1588.03,0.0751,3,3,0,0
CRHIST0001791,CUST0000585,2024-06-09,757.0,14192.25,0.4865,7,3,0,0
CRHIST0001792,CUST0000586,2020-06-17,607.0,6798.27,0.4179,7,2,0,0
CRHIST0001793,CUST0000586,2020-11-10,580.0,4130.31,0.3352,3,3,0,0
CRHIST0001794,CUST0000586,2021-11-04,591.0,1733.44,0.1098,3,2,0,1
CRHIST0001795,CUST0000586,2022-07-14,589.0,9149.28,0.5913,5,2,0,1
CRHIST0001796,CUST0000587,2024-04-09,687.0,2474.85,0.2555,5,1,0,0
CRHIST0001797,CUST0000587,2024-04-10,682.0,1656.36,0.2904,3,5,0,0
CRHIST0001798,CUST0000588,2024-03-26,692.0,11435.7,0.4407,0,0,0,0
CRHIST0001799,CUST0000588,2024-10-07,699.0,5668.45,0.2251,1,2,0,0
CRHIST0001800,CUST0000588,2025-01-29,687.0,3605.26,0.1942,3,0,0,0
CRHIST0001801,CUST0000589,2026-02-22,714.0,1769.0,0.097,2,1,0,0
CRHIST0001802,CUST0000589,2026-02-28,739.0,8080.96,0.2748,1,3,0,0
CRHIST0001803,CUST0000590,2025-10-23,720.0,29174.26,0.5966,2,1,0,0
CRHIST0001804,CUST0000591,2021-10-06,776.0,14953.8,0.3712,1,3,0,0
CRHIST0001805,CUST0000591,2021-10-16,791.0,22553.85,0.3734,3,3,0,0
CRHIST0001806,CUST0000591,2022-09-22,789.0,11961.62,0.2912,3,1,0,0
CRHIST0001807,CUST0000591,2023-05-28,787.0,8403.11,0.1751,4,5,0,0
CRHIST0001808,CUST0000592,2020-12-22,698.0,3708.58,0.2715,2,4,0,2
CRHIST0001809,CUST0000592,2021-08-14,730.0,1485.19,0.191,2,1,0,3
CRHIST0001810,CUST0000593,2026-08-18,645.0,12162.49,0.7304,8,2,0,0
CRHIST0001811,CUST0000593,2026-08-19,644.0,6152.26,0.3471,4,1,0,0
CRHIST0001812,CUST0000593,2026-08-19,632.0,3118.03,0.2063,1,1,0,0
CRHIST0001813,CUST0000594,2021-07-18,632.0,1327.39,0.5686,3,1,0,0
CRHIST0001814,CUST0000594,2021-12-24,657.0,484.78,0.1009,4,1,0,0
CRHIST0001815,CUST0000595,2023-01-31,606.0,575.28,0.1909,2,4,0,0
CRHIST0001816,CUST0000595,2023-09-01,615.0,2080.68,0.8389,8,1,0,0
CRHIST0001817,CUST0000595,2024-04-25,595.0,1459.7,0.5539,6,1,0,0
CRHIST0001818,CUST0000596,2021-09-29,680.0,1336.46,0.1212,4,2,0,0
CRHIST0001819,CUST0000597,2023-04-03,762.0,12502.95,0.4908,5,2,0,0
CRHIST0001820,CUST0000597,2023-05-30,741.0,15377.82,0.4984,2,3,0,0
CRHIST0001821,CUST0000597,2023-09-08,734.0,32131.14,0.5585,3,2,0,0
CRHIST0001822,CUST0000597,2023-12-30,749.0,15379.04,0.5088,2,2,0,0
CRHIST0001823,CUST0000598,2023-05-30,648.0,22753.58,0.6035,2,2,0,0
CRHIST0001824,CUST0000598,2024-04-07,646.0,5982.61,0.3557,5,1,0,0
CRHIST0001825,CUST0000599,2021-10-17,721.0,2137.28,0.1376,3,4,0,0
CRHIST0001826,CUST0000599,2022-05-18,729.0,7262.47,0.4077,7,1,0,0
CRHIST0001827,CUST0000600,2022-03-10,720.0,8987.65,0.5145,3,1,0,0
CRHIST0001828,CUST0000600,2022-08-25,717.0,6187.26,0.4603,2,2,0,0
CRHIST0001829,CUST0000600,2022-10-26,713.0,2121.13,0.3107,2,1,0,0
CRHIST0001830,CUST0000601,2021-09-27,669.0,8373.45,0.7336,7,2,0,0
CRHIST0001831,CUST0000601,2021-12-11,671.0,15201.78,0.518,3,4,0,1
CRHIST0001832,CUST0000601,2022-03-11,671.0,1920.95,0.1558,3,5,0,3
CRHIST0001833,CUST0000601,2025-01-27,663.0,1545.93,0.1225,4,5,0,5
CRHIST0001834,CUST0000602,2020-06-08,729.0,2897.94,0.0791,3,2,0,0
CRHIST0001835,CUST0000602,2020-06-22,752.0,11799.67,0.2484,3,1,0,0
CRHIST0001836,CUST0000602,2021-03-04,761.0,12679.58,0.3539,4,3,0,0
CRHIST0001837,CUST0000602,2022-05-17,745.0,21264.67,0.491,1,2,0,0
CRHIST0001838,CUST0000603,2025-01-06,743.0,,0.31,3,2,0,0
CRHIST0001839,CUST0000604,2025-12-30,795.0,23901.52,0.485,1,1,0,0
CRHIST0001840,CUST0000604,2026-01-24,818.0,11152.2,0.2095,2,3,0,0
CRHIST0001841,CUST0000605,2023-01-28,705.0,2038.15,0.3103,2,1,0,0
CRHIST0001842,CUST0000605,2023-04-01,715.0,83.74,0.0205,3,2,0,0
CRHIST0001843,CUST0000606,2021-01-26,690.0,9623.12,0.3951,1,2,0,0
CRHIST0001844,CUST0000607,2023-12-13,702.0,8866.19,0.4386,3,2,0,0
CRHIST0001845,CUST0000607,2024-03-23,700.0,25367.49,0.8487,4,1,0,0
CRHIST0001846,CUST0000607,2024-05-28,724.0,1576.46,0.0578,5,2,0,0
CRHIST0001847,CUST0000607,2024-06-24,732.0,1918.88,0.0831,6,0,0,0
CRHIST0001848,CUST0000607,2024-11-05,733.0,5748.37,0.3876,2,0,0,0
CRHIST0001849,CUST0000608,2023-10-12,722.0,2259.57,0.1093,4,2,0,0
CRHIST0001850,CUST0000608,2023-12-15,721.0,2403.59,0.2396,1,2,0,0
CRHIST0001851,CUST0000608,2024-04-03,725.0,4698.62,0.2171,3,0,0,1
CRHIST0001852,CUST0000608,2025-01-25,716.0,1993.06,0.1533,1,2,0,1
CRHIST0001853,CUST0000609,2023-05-22,568.0,3329.49,0.3878,4,5,0,0
CRHIST0001854,CUST0000609,2023-08-20,568.0,1526.05,0.2586,6,2,0,0
CRHIST0001855,CUST0000609,2024-01-27,566.0,3475.46,0.6673,7,3,0,0
CRHIST0001856,CUST0000610,2023-11-12,709.0,20998.86,0.805,4,2,0,0
CRHIST0001857,CUST0000610,2024-02-29,708.0,8360.84,0.2281,0,3,0,0
CRHIST0001858,CUST0000610,2024-10-03,714.0,23294.41,0.5854,6,0,0,0
CRHIST0001859,CUST0000610,2025-02-28,713.0,,0.5471,1,0,0,0
CRHIST0001860,CUST0000610,2025-04-29,720.0,3359.72,0.1243,1,3,0,0
CRHIST0001861,CUST0000610,2025-05-23,704.0,12182.22,0.7623,4,2,0,0
CRHIST0001862,CUST0000611,2025-03-08,517.0,429.91,0.2049,6,2,0,0
CRHIST0001863,CUST0000611,2025-04-01,525.0,590.53,0.3877,1,0,0,0
CRHIST0001864,CUST0000611,2025-05-08,532.0,239.57,0.181,5,2,0,0
CRHIST0001865,CUST0000611,2025-06-01,540.0,1261.14,1.0,2,5,0,0
CRHIST0001866,CUST0000612,2020-04-14,669.0,4792.0,0.4582,3,1,0,0
CRHIST0001867,CUST0000612,2021-02-10,684.0,4078.76,0.5188,3,3,0,0
CRHIST0001868,CUST0000613,2021-02-17,690.0,13360.26,0.3937,5,2,0,0
CRHIST0001869,CUST0000614,2020-01-01,760.0,4322.83,0.2562,7,3,0,0
CRHIST0001870,CUST0000614,2021-03-13,752.0,6752.66,0.4864,5,1,0,0
CRHIST0001871,CUST0000615,2020-12-16,695.0,2357.53,0.2285,4,0,0,0
CRHIST0001872,CUST0000615,2021-01-15,695.0,5526.72,0.4941,2,1,0,0
CRHIST0001873,CUST0000616,2026-06-13,710.0,1357.07,0.1451,4,3,0,0
CRHIST0001874,CUST0000616,2026-06-13,722.0,1199.16,0.2434,2,1,0,0
CRHIST0001875,CUST0000617,2024-09-20,719.0,10754.3,0.5629,3,2,0,0
CRHIST0001876,CUST0000617,2025-01-16,720.0,4915.81,0.3125,4,0,0,0
CRHIST0001877,CUST0000617,2025-02-20,705.0,1756.26,0.099,8,1,0,0
CRHIST0001878,CUST0000617,2025-04-27,700.0,8087.08,0.6371,2,3,0,0
CRHIST0001879,CUST0000617,2025-06-12,703.0,0.0,0.0,7,2,0,0
CRHIST0001880,CUST0000617,2025-07-29,725.0,2095.11,0.1494,6,2,0,0
CRHIST0001881,CUST0000618,2024-03-23,725.0,6956.3,0.2227,5,1,0,0
CRHIST0001882,CUST0000618,2024-09-09,709.0,,0.6929,3,1,0,0
CRHIST0001883,CUST0000618,2024-11-03,694.0,977.99,0.0379,3,3,0,0
CRHIST0001884,CUST0000618,2024-11-14,688.0,7219.73,0.3155,4,3,0,0
CRHIST0001885,CUST0000619,2024-06-11,685.0,755.25,0.0215,1,1,0,0
CRHIST0001886,CUST0000620,2020-05-16,656.0,4319.03,0.3493,6,2,0,0
CRHIST0001887,CUST0000620,2020-07-20,646.0,6414.93,0.29,3,2,0,0
CRHIST0001888,CUST0000621,2022-09-10,759.0,15426.11,0.6397,3,5,0,0
CRHIST0001889,CUST0000621,2022-10-20,761.0,6983.84,0.4471,4,3,0,0
CRHIST0001890,CUST0000621,2023-02-05,745.0,3480.26,0.2407,0,1,0,0
CRHIST0001891,CUST0000621,2023-09-30,754.0,5599.71,0.3238,2,2,0,0
CRHIST0001892,CUST0000622,2025-09-30,750.0,6984.87,0.4296,3,2,0,0
CRHIST0001893,CUST0000622,2025-10-18,770.0,17509.91,0.4909,1,1,0,0
CRHIST0001894,CUST0000623,2022-10-11,678.0,2768.79,0.222,2,2,0,0
CRHIST0001895,CUST0000623,2023-06-03,687.0,10648.13,0.6554,3,1,0,0
CRHIST0001896,CUST0000623,2024-01-30,681.0,7493.68,0.4991,3,2,0,0
CRHIST0001897,CUST0000623,2024-11-01,673.0,9373.16,0.3432,3,0,0,0
CRHIST0001898,CUST0000624,2023-03-10,716.0,2069.28,0.1938,3,2,0,0
CRHIST0001899,CUST0000624,2023-05-31,723.0,4710.21,0.3638,5,2,0,0
CRHIST0001900,CUST0000624,2024-06-28,721.0,9624.28,0.3952,1,1,0,0
CRHIST0001901,CUST0000624,2024-07-23,715.0,9542.05,0.4669,2,4,0,0
CRHIST0001902,CUST0000624,2024-07-23,709.0,1653.21,0.0792,5,1,0,1
CRHIST0001903,CUST0000625,2025-03-28,749.0,12175.93,0.2541,2,1,0,0
CRHIST0001904,CUST0000625,2025-07-24,767.0,18795.64,0.3629,5,5,0,0
CRHIST0001905,CUST0000625,2025-08-08,786.0,23434.04,0.5467,1,0,0,0
CRHIST0001906,CUST0000625,2025-09-01,789.0,8959.81,0.332,2,1,0,0
CRHIST0001907,CUST0000625,2026-01-12,777.0,40973.75,0.5833,2,1,0,0
CRHIST0001908,CUST0000625,2026-02-12,790.0,6998.76,0.1733,1,6,0,0
CRHIST0001909,CUST0000625,2026-02-20,801.0,20971.1,0.5231,2,2,0,0
CRHIST0001910,CUST0000625,2026-03-05,802.0,9150.18,0.1581,4,3,0,0
CRHIST0001911,CUST0000626,2019-10-18,553.0,1754.03,0.3779,1,1,0,0
CRHIST0001912,CUST9718729,2021-08-15,552.0,3105.32,0.8123,1,0,0,0
CRHIST0001913,CUST0000626,2021-12-03,564.0,1972.71,0.5015,2,1,0,0
CRHIST0001914,CUST0000627,2025-03-04,697.0,5162.05,0.241,4,0,0,0
CRHIST0001915,CUST0000627,2025-03-17,702.0,6653.94,0.361,0,2,0,0
CRHIST0001916,CUST0000627,2025-03-31,704.0,3609.42,0.1505,2,4,0,0
CRHIST0001917,CUST0000628,2024-08-07,729.0,7658.63,0.3008,3,0,0,0
CRHIST0001918,CUST0000629,2022-06-09,724.0,10997.13,0.3806,3,1,0,0
CRHIST0001919,CUST0000629,2022-12-06,733.0,3507.0,0.1172,3,2,0,0
CRHIST0001920,CUST0000629,2023-01-20,731.0,0.0,0.0,4,1,0,0
CRHIST0001921,CUST0000630,2022-10-31,648.0,5659.62,0.5723,2,1,0,0
CRHIST0001922,CUST0000631,2019-08-21,719.0,2310.1,0.1718,2,1,0,0
CRHIST0001923,CUST0000631,2021-12-06,708.0,2916.49,0.2522,2,2,0,0
CRHIST0001924,CUST0000631,2022-11-09,705.0,5691.54,0.6947,4,0,0,0
CRHIST0001925,CUST0000631,2024-01-18,707.0,1194.44,0.1429,1,4,0,0
CRHIST0001926,CUST0000632,2022-07-08,790.0,22998.87,0.3942,4,2,0,0
CRHIST0001927,CUST0000632,2022-07-11,790.0,33969.61,0.4988,2,4,0,0
CRHIST0001928,CUST0000632,2022-10-06,779.0,4212.7,0.0681,2,3,0,0
CRHIST0001929,CUST0000633,2021-10-30,640.0,2541.89,0.1729,4,0,0,0
CRHIST0001930,CUST0000633,2022-08-18,647.0,17313.96,0.6999,5,1,0,0
CRHIST0001931,CUST0000634,2025-11-21,616.0,5520.98,0.4585,4,2,0,0
CRHIST0001932,CUST0000634,2025-11-21,639.0,5920.31,0.4108,2,4,0,0
CRHIST0001933,CUST0000634,2025-12-05,635.0,1040.34,0.1011,5,3,0,2
CRHIST0001934,CUST0000634,2025-12-30,639.0,2047.95,0.1513,3,2,0,2
CRHIST0001935,CUST0000635,2020-06-24,713.0,4202.42,0.2659,4,0,0,0
CRHIST0001936,CUST0000636,2021-07-14,614.0,2078.78,0.2487,6,3,0,0
CRHIST0001937,CUST0000636,2021-07-18,613.0,5268.45,0.4295,4,2,0,0
CRHIST0001938,CUST0000636,2024-05-08,598.0,4596.47,0.3758,5,2,0,0
CRHIST0001939,CUST0000636,2024-06-03,588.0,6548.15,0.5109,2,5,0,0
CRHIST0001940,CUST0000637,2020-03-04,619.0,231.3,0.0807,6,1,0,2
CRHIST0001941,CUST0000638,2021-03-30,516.0,640.07,0.3651,3,1,0,1
CRHIST0001942,CUST0000638,2022-12-22,502.0,422.0,0.5297,11,2,0,2
CRHIST0001943,CUST0000639,2020-04-16,726.0,1462.22,0.1552,4,2,0,0
CRHIST0001944,CUST0000639,2021-09-05,717.0,4120.28,0.3431,3,3,0,0
CRHIST0001945,CUST0000640,2021-08-19,739.0,13812.84,0.5404,2,1,0,0
CRHIST0001946,CUST0000640,2023-05-23,717.0,10897.18,0.5794,4,3,0,0
CRHIST0001947,CUST0000640,2023-05-27,,11293.04,0.4641,2,2,0,0
CRHIST0001948,CUST0000640,2023-08-08,710.0,5667.94,0.4067,2,3,0,0
CRHIST0001949,CUST0000641,2025-01-15,674.0,1262.41,0.2164,4,2,0,1
CRHIST0001950,CUST0000641,2025-04-28,680.0,511.78,0.0502,2,1,0,1
CRHIST0001951,CUST0000641,2025-06-12,681.0,2117.44,0.3665,2,1,0,1
CRHIST0001952,CUST0000641,2025-09-06,689.0,3958.52,0.4095,5,1,0,1
CRHIST0001953,CUST0000642,2024-12-15,644.0,14858.03,0.6949,9,2,0,1
CRHIST0001954,CUST0000642,2024-12-18,634.0,3825.39,0.2313,1,3,0,1
CRHIST0001955,CUST0000642,2025-06-28,635.0,3563.48,0.1202,2,1,0,1
CRHIST0001956,CUST0000643,2021-12-31,730.0,11331.64,0.4503,2,4,0,0
CRHIST0001957,CUST0000643,2022-09-22,745.0,9688.24,0.3553,4,2,0,0
CRHIST0001958,CUST0000644,2024-06-30,671.0,4922.11,0.4252,6,3,0,0
CRHIST0001959,CUST0000644,2024-09-30,676.0,6926.3,0.3393,8,2,0,0
CRHIST0001960,CUST0000644,2024-11-26,675.0,4110.73,0.3398,4,3,0,0
CRHIST0001961,CUST0000644,2025-01-01,681.0,533.35,0.0477,1,4,0,0
CRHIST0001962,CUST0000645,2023-10-05,715.0,7021.29,0.248,2,2,0,0
CRHIST0001963,CUST0000646,2026-03-04,686.0,8761.14,0.3208,4,1,0,0
CRHIST0001964,CUST0000646,2026-03-08,677.0,4093.41,0.144,4,5,0,0
CRHIST0001965,CUST0000647,2025-03-25,792.0,4866.64,0.1371,5,3,0,0
CRHIST0001966,CUST0000647,2025-04-14,797.0,3626.25,0.2454,1,2,0,0
CRHIST0001967,CUST0000647,2025-06-14,794.0,21513.14,0.6103,0,2,0,0
CRHIST0001968,CUST0000647,2025-07-28,785.0,18567.86,0.483,3,3,0,0
CRHIST0001969,CUST0000648,2020-11-05,722.0,4499.47,0.4855,3,4,0,0
CRHIST0001970,CUST0000649,2023-07-03,706.0,8930.51,0.3439,5,2,0,0
CRHIST0001971,CUST0000649,2023-09-27,713.0,1723.29,0.0442,4,3,0,1
CRHIST0001972,CUST0000649,2023-10-08,720.0,16159.25,0.34,1,3,0,1
CRHIST0001973,CUST0000650,2025-01-31,681.0,4500.55,0.139,5,1,0,0
CRHIST0001974,CUST0000650,2025-03-17,695.0,6725.89,0.3057,1,4,0,0
CRHIST0001975,CUST0000651,2021-07-10,633.0,3698.22,0.3875,2,1,0,0
CRHIST0001976,CUST0000651,2021-10-11,624.0,2314.03,0.1573,4,1,0,0
CRHIST0001977,CUST0000651,2021-11-20,621.0,1702.44,0.2033,6,3,0,0
CRHIST0001978,CUST0000651,2021-12-25,,4941.34,0.263,5,1,0,1
CRHIST0001979,CUST0000652,2023-08-15,704.0,2969.12,0.1271,2,4,0,0
CRHIST0001980,CUST0000652,2023-08-24,699.0,2533.35,0.1676,3,0,0,0
CRHIST0001981,CUST0000652,2023-09-04,708.0,11338.5,0.5041,0,2,0,0
CRHIST0001982,CUST0000653,2022-04-25,652.0,8543.56,0.7242,4,1,0,0
CRHIST0001983,CUST0000653,2022-08-16,667.0,3025.64,0.3939,3,0,0,1
CRHIST0001984,CUST0000653,2023-05-25,647.0,5329.45,0.8404,5,1,0,1
CRHIST0001985,CUST0000654,2022-06-11,607.0,4420.86,0.5492,5,4,0,0
CRHIST0001986,CUST0000654,2022-07-06,624.0,5312.92,0.6751,8,2,0,0
CRHIST0001987,CUST0000655,2020-09-30,708.0,4792.94,0.1374,4,2,0,0
CRHIST0001988,CUST0000656,2020-01-22,693.0,2104.77,0.1461,4,3,0,0
CRHIST0001989,CUST0000656,2020-12-19,683.0,4379.77,0.7102,2,2,0,0
CRHIST0001990,CUST0000656,2021-12-24,695.0,498.45,0.0391,5,1,0,0
CRHIST0001991,CUST0000656,2022-08-09,715.0,3581.45,0.5155,2,0,0,0
CRHIST0001992,CUST0000656,2022-12-29,702.0,3723.52,0.4089,2,2,0,0
CRHIST0001993,CUST0000657,2025-03-24,647.0,1831.7,0.2875,5,2,0,0
CRHIST0001994,CUST0000657,2025-03-29,636.0,1372.52,0.2664,5,3,0,0
CRHIST0001995,CUST0000658,2025-05-26,704.0,3150.18,0.196,7,1,0,0
CRHIST0001996,CUST0000658,2025-05-29,707.0,12966.52,0.4604,6,2,0,0
CRHIST0001997,CUST0000658,2025-07-11,703.0,6493.92,0.3568,4,2,0,0
CRHIST0001998,CUST0000659,2024-02-16,690.0,24402.05,0.6172,5,1,0,0
CRHIST0001999,CUST0000659,2024-03-19,673.0,10847.59,0.3274,6,2,0,0
CRHIST0002000,CUST0000660,2021-09-17,636.0,893.92,0.112,7,5,0,0
CRHIST0002001,CUST0000660,2022-07-26,636.0,619.99,0.1165,5,1,0,0
CRHIST0002002,CUST0000660,2023-06-18,631.0,1566.5,0.2357,5,2,0,0
CRHIST0002003,CUST0000661,2020-06-01,592.0,,0.3065,3,2,0,0
CRHIST0002004,CUST0000662,2024-06-19,714.0,2576.59,0.1587,2,4,0,0
CRHIST0002005,CUST0000663,2022-03-04,679.0,28919.55,0.5942,7,4,0,0
CRHIST0002006,CUST0000664,2023-11-20,704.0,19654.81,0.5494,6,3,0,0
CRHIST0002007,CUST0000664,2024-05-10,705.0,12904.12,0.4173,3,2,0,0
CRHIST0002008,CUST0000664,2024-08-26,693.0,38674.26,0.738,2,5,0,1
CRHIST0002009,CUST0000665,2026-06-02,658.0,6230.99,0.6773,2,2,0,0
CRHIST0002010,CUST0000666,2019-05-09,629.0,3031.91,0.5573,2,2,0,1
CRHIST0002011,CUST0000666,2020-04-02,649.0,4668.2,0.593,3,4,0,1
CRHIST0002012,CUST0000667,2023-12-24,663.0,2070.66,0.1844,1,1,0,0
CRHIST0002013,CUST0000667,2024-02-03,658.0,6281.67,0.4379,4,5,0,0
CRHIST0002014,CUST0000668,2026-08-11,724.0,681.09,0.0725,6,5,0,0
CRHIST0002015,CUST0000669,2022-04-13,710.0,4968.18,0.6179,2,1,0,0
CRHIST0002016,CUST0000669,2022-10-20,703.0,304.93,0.0502,2,2,0,0
CRHIST0002017,CUST0000669,2022-12-01,718.0,7077.64,0.5568,2,1,0,0
CRHIST0002018,CUST0000669,2023-01-07,700.0,1317.76,0.2023,4,2,0,0
CRHIST0002019,CUST0000669,2023-11-18,690.0,4189.78,0.2673,1,3,0,0
CRHIST0002020,CUST0000669,2024-12-04,693.0,2263.75,0.2787,2,1,0,0
CRHIST0002021,CUST0000670,2025-04-20,699.0,4433.6,0.3022,4,3,0,0
CRHIST0002022,CUST0000670,2025-05-03,711.0,10030.59,0.4299,2,3,0,0
CRHIST0002023,CUST0000670,2025-07-13,723.0,16288.2,0.463,4,4,0,0
CRHIST0002024,CUST0000670,2025-07-28,714.0,5328.69,0.2121,5,0,0,0
CRHIST0002025,CUST0000671,2025-05-29,640.0,2504.77,0.5323,8,3,0,0
CRHIST0002026,CUST0000671,2025-07-01,627.0,2579.38,0.2595,5,0,0,0
CRHIST0002027,CUST0000672,2022-12-23,643.0,8858.19,0.6191,5,2,0,0
CRHIST0002028,CUST0000672,2023-08-05,645.0,2901.54,0.3992,3,4,0,0
CRHIST0002029,CUST0000672,2024-03-08,642.0,2584.06,0.1491,3,2,0,0
CRHIST0002030,CUST0000672,2024-07-14,652.0,4746.85,0.3884,1,3,0,0
CRHIST0002031,CUST0000673,2021-08-28,622.0,2768.15,0.3107,5,1,0,0
CRHIST0002032,CUST0000673,2021-09-13,611.0,,0.2567,10,5,0,0
CRHIST0002033,CUST0000673,2022-04-07,603.0,5556.44,0.3654,8,1,0,0
CRHIST0002034,CUST0000674,2024-06-11,649.0,12175.5,0.508,2,2,0,0
CRHIST0002035,CUST0000674,2024-10-14,628.0,4030.38,0.2785,5,0,0,0
CRHIST0002036,CUST0000675,2024-01-28,730.0,7558.25,0.2142,1,3,0,0
CRHIST0002037,CUST0000675,2024-04-04,722.0,6119.96,0.1652,2,0,0,0
CRHIST0002038,CUST0000675,2024-04-17,708.0,20659.88,0.459,3,1,0,0
CRHIST0002039,CUST0000675,2024-10-19,704.0,22386.87,0.6073,3,1,0,0
CRHIST0002040,CUST0000676,2023-08-18,683.0,47082.08,0.9401,7,0,0,0
CRHIST0002041,CUST0000677,2020-10-22,751.0,327.03,0.0181,5,1,0,0
CRHIST0002042,CUST0000677,2021-01-09,758.0,,0.0887,3,1,0,0
CRHIST0002043,CUST0000677,2021-04-07,752.0,5429.88,0.234,3,8,0,0
CRHIST0002044,CUST0000678,2024-11-22,-17.0,1075.57,0.4548,4,1,0,0
CRHIST0002045,CUST0000678,2025-03-18,610.0,797.56,0.3343,5,3,0,2
CRHIST0002046,CUST0000679,2020-08-15,576.0,3562.32,0.2925,4,6,0,0
CRHIST0002047,CUST0000679,2021-08-15,,4981.22,0.4564,4,1,0,0
CRHIST0002048,CUST0000679,2022-08-08,548.0,2300.9,0.2596,6,2,0,0
CRHIST0002049,CUST0000680,2020-04-03,716.0,8199.88,0.3713,4,2,0,0
CRHIST0002050,CUST0000680,2022-12-07,692.0,17199.89,0.5981,5,0,0,0
CRHIST0002051,CUST0000680,2023-02-28,682.0,20846.35,0.8287,2,1,0,0
CRHIST0002052,CUST0000681,2019-07-13,696.0,2241.55,0.3514,3,0,0,1
CRHIST0002053,CUST0000682,2022-09-28,707.0,10716.6,0.3453,1,2,0,0
CRHIST0002054,CUST0000682,2023-03-01,713.0,7510.42,0.2169,2,1,0,0
CRHIST0002055,CUST0000682,2023-04-06,717.0,15860.43,0.4595,3,2,0,0
CRHIST0002056,CUST0000682,2024-08-25,712.0,17518.49,0.655,3,1,0,0
CRHIST0002057,CUST0000683,2020-11-28,741.0,6114.8,0.166,3,4,0,0
CRHIST0002058,CUST0000684,2021-11-21,675.0,35843.44,0.7688,5,2,0,0
CRHIST0002059,CUST0000685,2021-02-06,725.0,7617.39,0.2721,3,2,0,0
CRHIST0002060,CUST0000685,2021-10-22,729.0,18372.03,0.5247,2,0,0,0
CRHIST0002061,CUST0000685,2021-11-26,718.0,3234.63,0.0813,3,2,0,0
CRHIST0002062,CUST0000685,2022-01-13,697.0,19966.73,0.5051,4,1,0,0
CRHIST0002063,CUST0000685,2022-01-23,678.0,744.3,0.0292,5,1,0,1
CRHIST0002064,CUST0000685,2022-10-06,680.0,11608.79,0.4282,6,4,0,1
CRHIST0002065,CUST0000686,2022-12-20,668.0,6253.74,0.4824,3,0,0,0
CRHIST0002066,CUST0000686,2023-01-15,645.0,1888.61,0.2382,4,1,1,0
CRHIST0002067,CUST0000686,2023-03-27,646.0,3789.74,0.6332,5,0,1,0
CRHIST0002068,CUST0000687,2025-02-15,706.0,4934.21,0.3772,4,1,0,0
CRHIST0002069,CUST0000687,2025-07-03,682.0,4367.6,0.2678,3,2,0,0
CRHIST0002070,CUST0000687,2025-07-14,662.0,6623.35,0.6395,4,2,0,0
CRHIST0002071,CUST0000687,2025-08-18,664.0,6535.46,0.3505,4,0,0,0
CRHIST0002072,CUST0000687,2026-01-19,654.0,1069.58,0.0793,6,3,0,0
CRHIST0002073,CUST0000688,2022-07-13,710.0,7813.83,0.3081,4,2,0,0
CRHIST0002074,CUST0000688,2022-10-11,693.0,27310.85,0.5824,0,3,0,0
CRHIST0002075,CUST0000688,2023-03-05,684.0,26707.77,0.6444,4,2,0,1
CRHIST0002076,CUST0000689,2024-04-13,696.0,2265.36,0.4102,3,4,0,0
CRHIST0002077,CUST0000689,2024-10-15,694.0,7457.13,0.6153,3,0,0,0
CRHIST0002078,CUST0000690,2020-09-25,718.0,7048.13,0.6772,3,0,0,0
CRHIST0002079,CUST0000690,2020-11-13,728.0,3311.86,0.4017,1,3,0,0
CRHIST0002080,CUST0000690,2024-03-01,708.0,3240.09,0.2899,2,3,0,0
CRHIST0002081,CUST0000690,2025-02-06,705.0,5468.85,0.4921,6,3,0,0
CRHIST0002082,CUST0000690,2025-02-08,693.0,307.48,0.0222,5,0,0,0
CRHIST0002083,CUST0000691,2020-07-06,683.0,2007.67,0.048,4,3,0,0
CRHIST0002084,CUST0000691,2021-08-26,671.0,25658.14,0.656,1,1,0,0
CRHIST0002085,CUST0000691,2021-10-19,665.0,20520.83,0.7331,3,0,0,1
CRHIST0002086,CUST0000692,2026-06-21,669.0,4490.23,0.3126,6,1,0,0
CRHIST0002087,CUST0000692,2026-06-30,659.0,3991.89,0.4085,3,5,0,0
CRHIST0002088,CUST0000692,2026-06-30,662.0,13384.28,0.5513,5,1,0,0
CRHIST0002089,CUST0000692,2026-07-08,678.0,8326.18,0.4072,3,2,0,0
CRHIST0002090,CUST0000693,2023-11-14,628.0,995.7,0.0608,0,4,0,1
CRHIST0002091,CUST0000693,2024-06-08,635.0,4498.22,0.2514,4,4,0,1
CRHIST0002092,CUST0000693,2024-08-28,636.0,2088.11,0.3301,6,2,0,1
CRHIST0002093,CUST0000693,2025-06-02,615.0,6649.52,0.3745,4,1,0,1
CRHIST0002094,CUST0000693,2025-08-12,631.0,5635.15,0.3532,2,1,0,1
CRHIST0002095,CUST0000694,2020-03-31,706.0,19072.67,0.3507,5,1,1,0
CRHIST0002096,CUST0000694,2020-10-23,701.0,19028.59,0.5134,4,1,1,0
CRHIST0002097,CUST0000694,2022-01-20,701.0,5106.61,0.1892,6,4,1,0
CRHIST0002098,CUST0000694,2022-02-23,718.0,7186.09,0.1951,3,2,1,0
CRHIST0002099,CUST0000694,2022-09-15,709.0,16602.74,0.3688,3,1,1,0
CRHIST0002100,CUST0000695,2023-05-18,707.0,13742.75,0.6061,3,0,0,0
CRHIST0002101,CUST0000695,2023-11-11,709.0,1372.25,0.0683,3,3,0,0
CRHIST0002102,CUST0000696,2019-08-03,547.0,616.28,0.4256,4,2,0,0
CRHIST0002103,CUST0000696,2020-01-16,549.0,397.16,0.3676,6,1,0,1
CRHIST0002104,CUST0000697,2019-10-04,658.0,4152.38,0.426,6,2,0,0
CRHIST0002105,CUST0000697,2020-07-06,643.0,3622.07,0.3526,5,3,0,0
CRHIST0002106,CUST0000697,2020-10-10,638.0,1262.38,0.1403,1,1,0,0
CRHIST0002107,CUST0000697,2021-05-31,635.0,5514.5,0.5158,5,2,0,0
CRHIST0002108,CUST0000697,2022-08-31,641.0,4535.32,0.6891,7,2,0,0
CRHIST0002109,CUST0000697,2023-03-04,639.0,7950.59,0.917,4,3,0,0
CRHIST0002110,CUST0000697,2023-06-02,-42.0,2909.89,0.4442,6,3,0,0
CRHIST0002111,CUST0000698,2022-03-29,,10954.02,0.5691,2,0,0,0
CRHIST0002112,CUST0000698,2022-10-26,725.0,10105.8,0.4584,5,4,0,0
CRHIST0002113,CUST0000698,2022-11-19,707.0,3670.68,0.3449,3,6,0,0
CRHIST0002114,CUST0000698,2023-02-24,707.0,2378.28,0.1297,3,6,0,0
CRHIST0002115,CUST0000698,2023-04-26,713.0,2952.53,0.1097,4,2,0,0
CRHIST0002116,CUST0000698,2024-05-10,722.0,3983.63,0.1569,4,2,0,0
CRHIST0002117,CUST0000698,2024-07-28,722.0,2195.45,0.0882,1,3,0,0
CRHIST0002118,CUST0000699,2024-01-15,620.0,13123.18,0.7479,7,1,0,0
CRHIST0002119,CUST0000699,2024-03-19,610.0,3202.27,0.2302,8,1,0,1
CRHIST0002120,CUST0000699,2025-02-06,626.0,5088.08,0.6693,3,0,0,1
CRHIST0002121,CUST0000700,2023-10-12,684.0,9554.12,0.276,2,3,0,0
CRHIST0002122,CUST0000700,2024-04-17,707.0,8072.02,0.2292,4,3,0,0
CRHIST0002123,CUST0000700,2024-07-28,696.0,3291.42,0.1352,3,0,0,0
CRHIST0002124,CUST0000700,2024-11-01,706.0,19155.94,0.4447,5,2,0,0
CRHIST0002125,CUST0000700,2025-01-06,730.0,8203.76,0.1904,3,0,0,0
CRHIST0002126,CUST0000701,2025-03-04,724.0,5646.04,0.4399,3,1,0,0
CRHIST0002127,CUST0000701,2025-04-11,731.0,11879.27,0.5932,3,1,0,0
CRHIST0002128,CUST0000701,2025-07-25,727.0,6500.89,0.4148,5,1,0,0
CRHIST0002129,CUST0000702,2020-12-29,756.0,11715.23,0.2087,0,2,0,0
CRHIST0002130,CUST0000703,2020-09-04,729.0,1487.12,0.1422,2,2,0,0
CRHIST0002131,CUST0000703,2020-10-10,712.0,17227.68,0.5951,4,1,0,1
CRHIST0002132,CUST0000704,2023-04-01,768.0,1713.57,0.0461,2,0,0,0
CRHIST0002133,CUST0000704,2023-12-12,772.0,6300.53,0.233,1,1,0,0
CRHIST0002134,CUST0000705,2025-08-23,707.0,12327.92,0.706,4,1,0,0
CRHIST0002135,CUST0000706,2024-10-30,713.0,8714.25,0.4883,5,0,0,0
CRHIST0002136,CUST0000707,2024-02-22,694.0,12388.2,0.5637,4,1,0,0
CRHIST0002137,CUST0000707,2024-06-07,678.0,7515.25,0.2992,6,1,0,0
CRHIST0002138,CUST0000708,2020-04-03,667.0,6705.87,0.2859,7,2,0,0
CRHIST0002139,CUST0000708,2020-06-21,678.0,5304.9,0.1103,3,2,0,0
CRHIST0002140,CUST0000708,2022-10-05,675.0,3742.36,0.1099,4,1,0,0
CRHIST0002141,CUST0000708,2023-05-05,680.0,8409.71,0.2388,3,1,0,0
CRHIST0002142,CUST0000708,2023-08-26,670.0,15646.95,0.3377,2,2,0,0
CRHIST0002143,CUST0000709,2025-11-01,742.0,19841.66,0.5959,5,2,0,0
CRHIST0002144,CUST0000709,2025-11-16,753.0,18773.45,0.3392,2,1,0,0
CRHIST0002145,CUST0000709,2025-11-23,772.0,21112.73,0.3879,2,3,0,0
CRHIST0002146,CUST0000709,2026-01-08,766.0,11925.69,0.3575,5,1,0,0
CRHIST0002147,CUST0000709,2026-04-14,751.0,7367.67,0.175,1,1,0,0
CRHIST0002148,CUST0000709,2026-05-19,749.0,10505.52,0.2205,4,1,0,0
CRHIST0002149,CUST0000710,2026-07-16,708.0,1774.6,0.1842,1,1,0,0
CRHIST0002150,CUST0000710,2026-07-18,687.0,4843.61,0.4406,4,1,0,0
CRHIST0002151,CUST0000711,2023-09-27,653.0,4243.99,0.5508,3,0,0,0
CRHIST0002152,CUST0000711,2024-01-02,645.0,629.76,0.0534,8,1,0,0
CRHIST0002153,CUST0000711,2024-02-03,624.0,2598.04,0.31,2,2,0,0
CRHIST0002154,CUST0000712,2021-11-04,644.0,4279.13,0.3046,2,2,0,0
CRHIST0002155,CUST0000712,2022-10-06,641.0,16568.19,0.6641,4,2,0,0
CRHIST0002156,CUST0000713,2024-02-16,726.0,2744.08,0.2762,3,2,0,0
CRHIST0002157,CUST0000713,2024-03-16,730.0,1893.58,0.1028,8,1,0,0
CRHIST0002158,CUST0000713,2024-07-21,739.0,4513.71,0.2397,5,1,0,0
CRHIST0002159,CUST0000713,2024-08-25,741.0,6497.61,0.2196,1,2,0,0
CRHIST0002160,CUST0000713,2024-11-10,746.0,12853.88,0.5554,1,4,0,0
CRHIST0002161,CUST0000714,2024-11-01,698.0,651.33,0.0594,3,3,0,1
CRHIST0002162,CUST0000715,2026-02-18,525.0,813.12,0.7857,4,1,0,0
CRHIST0002163,CUST0000715,2026-03-05,524.0,306.72,0.3665,4,3,0,0
CRHIST0002164,CUST0000715,2026-03-10,514.0,255.29,0.1585,6,4,0,0
CRHIST0002165,CUST0000715,2026-03-24,493.0,463.66,0.4128,7,2,0,0
CRHIST0002166,CUST0000715,2026-04-12,517.0,648.67,0.5244,6,2,0,0
CRHIST0002167,CUST0000715,2026-06-19,519.0,514.63,0.6419,5,1,0,0
CRHIST0002168,CUST0000716,2020-04-02,673.0,8456.86,0.3823,1,2,0,0
CRHIST0002169,CUST0000716,2021-08-25,679.0,4386.12,0.2485,3,1,0,0
CRHIST0002170,CUST0000716,2022-01-21,691.0,10590.0,0.3486,2,1,0,0
CRHIST0002171,CUST0000717,2024-04-06,683.0,2081.22,0.1389,4,2,0,0
CRHIST0002172,CUST0000717,2024-07-28,706.0,,0.5228,5,0,0,0
CRHIST0002173,CUST0000717,2024-10-31,709.0,,0.1352,3,6,0,0
CRHIST0002174,CUST0000717,2025-04-14,700.0,2861.42,0.3499,1,3,0,0
CRHIST0002175,CUST0000717,2025-05-25,719.0,234.87,0.0233,3,1,0,0
CRHIST0002176,CUST0000717,2025-09-16,709.0,2315.56,0.3635,2,2,0,0
CRHIST0002177,CUST0000718,2025-01-22,744.0,6622.3,0.4352,1,0,0,0
CRHIST0002178,CUST0000719,2022-04-27,519.0,403.83,0.3583,4,0,0,0
CRHIST0002179,CUST0000719,2022-09-24,532.0,441.38,0.4409,9,1,0,2
CRHIST0002180,CUST0000719,2023-05-07,540.0,690.52,0.6933,3,2,0,2
CRHIST0002181,CUST0000719,2023-09-23,540.0,807.84,0.5211,5,1,0,2
CRHIST0002182,CUST0000720,2025-10-22,626.0,4118.86,0.2497,4,1,0,0
CRHIST0002183,CUST0000720,2025-12-12,647.0,8515.0,0.6357,4,1,0,0
CRHIST0002184,CUST0000721,2022-04-22,688.0,5754.3,0.6608,4,2,0,0
CRHIST0002185,CUST0000721,2022-05-10,706.0,6594.93,0.45,5,1,0,0
CRHIST0002186,CUST0000721,2024-02-22,695.0,2856.09,0.27,8,3,0,0
CRHIST0002187,CUST0000721,2024-07-28,693.0,3376.14,0.3851,6,2,1,0
CRHIST0002188,CUST0000721,2024-09-22,699.0,1634.88,0.1098,4,1,1,0
CRHIST0002189,CUST0000721,2024-09-25,,1859.15,0.3141,3,3,1,0
CRHIST0002190,CUST0000721,2024-12-27,649.0,4629.53,0.4428,4,3,1,0
CRHIST0002191,CUST0000722,2021-02-12,685.0,2772.69,0.1803,4,4,0,0
CRHIST0002192,CUST0000722,2021-03-23,692.0,3926.78,0.2705,3,2,0,0
CRHIST0002193,CUST0000723,2025-02-05,672.0,5140.29,0.2875,8,1,0,0
CRHIST0002194,CUST0000724,2020-12-11,714.0,1940.15,0.202,1,4,0,0
CRHIST0002195,CUST0000724,2022-06-24,719.0,5977.46,0.5796,5,0,0,0
CRHIST0002196,CUST0000725,2022-08-09,627.0,3632.23,0.2614,1,0,0,1
CRHIST0002197,CUST0000725,2023-10-24,647.0,1891.79,0.1307,2,3,0,2
CRHIST0002198,CUST0000726,2021-02-26,686.0,3362.6,0.1801,6,2,0,0
CRHIST0002199,CUST0000726,2022-09-24,682.0,12717.09,0.4346,3,3,0,0
CRHIST0002200,CUST0000727,2024-05-03,663.0,23328.49,0.4724,5,2,0,0
CRHIST0002201,CUST0000728,2021-01-10,702.0,,0.1668,4,0,0,0
CRHIST0002202,CUST0000728,2021-02-09,694.0,,0.0,3,2,0,0
CRHIST0002203,CUST0000729,2022-01-05,674.0,4547.26,0.3653,4,7,0,0
CRHIST0002204,CUST0000729,2022-01-09,704.0,2914.83,0.228,8,2,0,0
CRHIST0002205,CUST0000729,2024-04-29,714.0,3137.34,0.5342,3,1,0,0
CRHIST0002206,CUST0000730,2026-07-17,710.0,14165.45,0.3583,4,2,0,0
CRHIST0002207,CUST0000730,2026-07-17,728.0,4757.54,0.1029,7,2,0,0
CRHIST0002208,CUST0000730,2026-07-21,719.0,6211.47,0.117,4,1,0,0
CRHIST0002209,CUST0000730,2026-07-31,726.0,2831.3,0.0832,0,1,1,0
CRHIST0002210,CUST0000731,2021-10-28,758.0,7734.73,0.4421,2,2,0,2
CRHIST0002211,CUST0000731,2021-12-04,751.0,3829.06,0.2569,6,5,0,2
CRHIST0002212,CUST0000731,2022-02-25,747.0,288.13,0.0278,3,1,0,2
CRHIST0002213,CUST9115255,2023-09-04,676.0,4631.43,0.4517,7,5,0,0
CRHIST0002214,CUST0000732,2024-05-19,,8847.81,0.4308,4,3,0,0
CRHIST0002215,CUST0000732,2024-06-12,685.0,14348.9,0.7677,2,1,0,0
CRHIST0002216,CUST0000732,2024-11-10,691.0,390.09,0.0187,2,1,0,0
CRHIST0002217,CUST0000732,2024-12-12,866.0,6441.32,0.6508,4,2,0,0
CRHIST0002218,CUST0000732,2025-06-18,696.0,15101.42,0.7669,4,3,0,0
CRHIST0002219,CUST0000733,2026-07-27,698.0,4044.86,0.4135,6,1,0,0
CRHIST0002220,CUST0000733,2026-07-28,695.0,3153.67,0.3349,2,2,0,0
CRHIST0002221,CUST0000733,2026-07-29,703.0,411.03,0.0308,4,3,0,0
CRHIST0002222,CUST0000734,2024-05-24,663.0,3643.84,0.6092,5,2,0,0
CRHIST0002223,CUST0000734,2024-07-02,664.0,1953.38,0.5483,5,2,0,0
CRHIST0002224,CUST0000735,2024-10-11,692.0,16135.36,0.3493,8,1,0,0
CRHIST0002225,CUST0000735,2024-10-15,695.0,18775.46,0.3502,3,2,0,2
CRHIST0002226,CUST0000736,2026-05-23,619.0,2394.26,0.2193,5,1,1,0
CRHIST0002227,CUST0000736,2026-05-26,601.0,9057.91,0.6361,6,1,1,0
CRHIST0002228,CUST0000736,2026-05-31,,10500.81,0.8001,6,1,1,0
CRHIST0002229,CUST0000736,2026-06-30,589.0,5771.43,0.8527,6,2,1,0
CRHIST0002230,CUST0000737,2023-12-05,,1974.05,0.4212,6,0,0,0
CRHIST0002231,CUST0000737,2024-02-09,565.0,3017.87,0.5032,3,0,0,0
CRHIST0002232,CUST0000738,2025-10-02,542.0,895.66,0.4808,5,0,0,2
CRHIST0002233,CUST0000738,2025-10-22,557.0,972.11,0.3002,7,1,0,2
CRHIST0002234,CUST0000738,2026-03-02,552.0,1266.66,0.3758,4,3,0,2
CRHIST0002235,CUST0000739,2023-01-02,692.0,2191.0,0.278,5,4,0,0
CRHIST0002236,CUST0000739,2023-03-03,699.0,1500.43,0.168,5,3,0,0
CRHIST0002237,CUST0000739,2023-10-30,714.0,3203.3,0.5212,3,2,0,0
CRHIST0002238,CUST0000740,2025-10-23,651.0,12588.75,0.5751,5,1,0,0
CRHIST0002239,CUST0000740,2025-12-13,643.0,11383.67,0.6096,4,1,0,0
CRHIST0002240,CUST0000741,2024-05-24,691.0,8181.21,0.4423,1,1,0,0
CRHIST0002241,CUST0000741,2024-06-26,702.0,24.46,0.0018,5,3,0,0
CRHIST0002242,CUST0000741,2024-07-28,685.0,15870.51,0.5991,4,3,0,0
CRHIST0002243,CUST0000741,2024-10-21,684.0,6209.44,0.2416,6,1,0,0
CRHIST0002244,CUST0000741,2025-01-22,678.0,6753.05,0.3783,5,2,0,0
CRHIST0002245,CUST0000742,2021-08-14,625.0,6580.67,0.2333,5,4,0,0
CRHIST0002246,CUST0000742,2021-09-24,637.0,5904.1,0.5062,9,4,0,0
CRHIST0002247,CUST0000742,2022-10-14,625.0,10269.98,0.3448,4,2,0,0
CRHIST0002248,CUST0000742,2025-03-06,624.0,5916.63,0.3211,5,0,0,0
CRHIST0002249,CUST0000742,2025-03-25,-44.0,9983.23,0.5765,3,2,0,0
CRHIST0002250,CUST0000743,2023-04-11,663.0,1216.77,0.0502,2,3,0,0
CRHIST0002251,CUST0000743,2023-09-14,690.0,11361.47,0.558,6,3,0,1
CRHIST0002252,CUST9221528,2023-12-11,718.0,,0.4378,7,3,0,1
CRHIST0002253,CUST0000743,2024-09-19,718.0,4745.04,0.2359,4,1,0,1
CRHIST0002254,CUST0000743,2024-11-27,717.0,7869.71,0.7055,4,1,0,1
CRHIST0002255,CUST0000743,2025-01-02,729.0,11205.28,0.6838,6,4,0,3
CRHIST0002256,CUST0000744,2022-10-04,659.0,10289.81,0.6481,4,2,0,0
CRHIST0002257,CUST0000744,2022-12-05,656.0,15713.89,0.4175,4,5,0,0
CRHIST0002258,CUST0000745,2022-10-06,617.0,7046.34,0.5414,9,3,0,2
CRHIST0002259,CUST0000745,2022-10-10,609.0,4969.35,0.3736,5,3,0,2
CRHIST0002260,CUST0000745,2022-12-02,612.0,6330.78,0.9139,9,7,0,2
CRHIST0002261,CUST0000745,2023-04-09,605.0,2693.42,0.3828,3,5,0,2
CRHIST0002262,CUST0000746,2021-04-03,666.0,2926.69,0.2189,4,2,0,0
CRHIST0002263,CUST0000746,2022-01-16,664.0,1291.37,0.0892,4,0,0,0
CRHIST0002264,CUST0000746,2022-01-17,675.0,3177.72,0.4125,3,3,0,0
CRHIST0002265,CUST0000746,2025-02-21,672.0,2921.59,0.3299,2,1,0,0
CRHIST0002266,CUST0000747,2023-05-13,611.0,5291.02,0.7517,10,5,0,0
CRHIST0002267,CUST0000747,2024-01-01,622.0,6656.7,0.3958,2,1,0,0
CRHIST0002268,CUST0000747,2024-03-24,618.0,2692.11,0.2131,2,4,1,0
CRHIST0002269,CUST0000747,2024-06-13,611.0,2114.19,0.1445,7,2,1,0
CRHIST0002270,CUST0000747,2024-12-12,618.0,5074.96,0.361,5,2,1,0
CRHIST0002271,CUST0000748,2021-11-16,737.0,6525.09,0.3822,5,6,0,0
CRHIST0002272,CUST0000748,2022-02-04,722.0,94.46,0.0092,3,4,0,0
CRHIST0002273,CUST0000748,2022-07-09,693.0,1822.34,0.2296,6,1,0,0
CRHIST0002274,CUST0000748,2022-08-03,694.0,6339.1,0.5031,3,3,0,0
CRHIST0002275,CUST0000748,2023-04-17,698.0,5615.77,0.4864,6,6,0,0
CRHIST0002276,CUST0000748,2023-12-25,690.0,5540.67,0.387,4,5,0,1
CRHIST0002277,CUST0000748,2024-05-22,691.0,1704.9,0.1816,3,3,0,1
CRHIST0002278,CUST0000748,2026-01-18,687.0,2495.77,0.3101,5,4,0,1
CRHIST0002279,CUST0000749,2024-01-24,673.0,10424.14,0.3952,5,0,0,0
CRHIST0002280,CUST0000749,2024-02-08,673.0,3998.84,0.2852,3,2,0,0
CRHIST0002281,CUST0000749,2024-09-08,658.0,18852.13,0.5757,3,0,0,0
CRHIST0002282,CUST0000750,2022-03-16,738.0,,0.1641,3,0,0,0
CRHIST0002283,CUST0000750,2022-03-26,738.0,7630.38,0.4272,1,0,0,0
CRHIST0002284,CUST0000750,2022-06-08,727.0,7720.46,0.484,5,3,0,0
CRHIST0002285,CUST0000751,2023-01-21,792.0,9146.01,0.3427,1,2,0,0
CRHIST0002286,CUST0000751,2023-10-15,808.0,9630.87,0.2407,2,4,0,0
CRHIST0002287,CUST0000752,2020-02-12,546.0,2790.87,0.8916,5,2,0,0
CRHIST0002288,CUST0000752,2022-04-11,540.0,1353.1,0.5086,5,1,0,0
CRHIST0002289,CUST0000752,2022-11-25,557.0,962.85,0.5248,6,4,0,0
CRHIST0002290,CUST0000752,2023-04-10,559.0,1175.86,0.6136,7,4,0,0
CRHIST0002291,CUST0000753,2022-05-02,650.0,16681.73,0.7205,2,2,0,0
CRHIST0002292,CUST0000753,2023-01-10,648.0,25046.96,0.6048,3,3,0,0
CRHIST0002293,CUST0000754,2022-02-08,717.0,16179.18,0.3187,4,2,0,0
CRHIST0002294,CUST0000754,2024-01-06,723.0,12359.91,0.5862,6,0,0,0
CRHIST0002295,CUST0000754,2024-05-11,738.0,9446.37,0.4369,1,1,0,0
CRHIST0002296,CUST0000755,2026-05-13,644.0,8146.94,0.3203,2,0,0,0
CRHIST0002297,CUST0000755,2026-05-16,636.0,6865.26,0.4982,3,2,0,0
CRHIST0002298,CUST0000755,2026-07-01,626.0,15813.45,0.7513,0,3,0,0
CRHIST0002299,CUST0000755,2026-07-30,633.0,10003.07,0.3634,5,2,0,2
CRHIST0002300,CUST0000756,2022-07-24,700.0,4808.89,0.292,3,3,0,0
CRHIST0002301,CUST0000757,2020-04-21,-33.0,12707.97,0.2293,3,2,0,0
CRHIST0002302,CUST0000757,2020-08-25,799.0,0.0,0.0,4,2,0,0
CRHIST0002303,CUST0000757,2021-10-21,811.0,16489.73,0.2983,1,1,0,0
CRHIST0002304,CUST0000758,2022-03-16,607.0,8675.86,0.8842,2,3,0,0
CRHIST0002305,CUST0000759,2024-10-26,663.0,6039.62,0.3052,4,4,0,0
CRHIST0002306,CUST0000759,2024-11-04,677.0,2626.18,0.1252,3,0,0,0
CRHIST0002307,CUST0000759,2025-05-29,700.0,395.75,0.0169,4,0,0,0
CRHIST0002308,CUST0000759,2025-07-02,693.0,4344.69,0.3113,5,1,0,0
CRHIST0002309,CUST0000759,2025-07-04,680.0,6062.94,0.4489,2,0,0,0
CRHIST0002310,CUST0000760,2020-11-27,658.0,2377.15,0.2534,1,2,0,0
CRHIST0002311,CUST0000760,2021-03-01,667.0,808.17,0.2059,3,1,0,0
CRHIST0002312,CUST0000760,2021-05-10,681.0,1394.18,0.1315,3,0,0,0
CRHIST0002313,CUST0000760,2022-01-08,685.0,10.07,0.0016,5,2,0,0
CRHIST0002314,CUST0000761,2020-12-23,647.0,5852.71,0.5998,4,3,0,0
CRHIST0002315,CUST0000762,2022-03-18,540.0,1210.2,0.5281,6,1,0,0
CRHIST0002316,CUST0000762,2022-04-01,533.0,446.13,0.3436,4,0,0,0
CRHIST0002317,CUST0000762,2023-11-16,526.0,471.97,0.4165,5,2,0,0
CRHIST0002318,CUST0000762,2024-03-20,551.0,463.75,0.458,8,9,0,2
CRHIST0002319,CUST0000763,2021-10-19,712.0,4092.18,0.5858,4,2,0,0
CRHIST0002320,CUST0000763,2022-06-13,705.0,2940.33,0.4267,2,2,0,0
CRHIST0002321,CUST0000763,2022-06-23,689.0,3124.77,0.4749,3,1,0,0
CRHIST0002322,CUST0000763,2022-10-18,694.0,4387.18,0.4062,4,2,0,0
CRHIST0002323,CUST0000763,2022-10-24,697.0,3179.29,0.337,0,2,0,0
CRHIST0002324,CUST0000764,2023-08-24,683.0,19067.68,0.6208,1,2,0,0
CRHIST0002325,CUST0000764,2023-09-21,674.0,3476.43,0.1533,2,2,1,0
CRHIST0002326,CUST0000764,2024-11-09,682.0,14860.84,0.5199,2,4,1,0
CRHIST0002327,CUST0000765,2019-06-09,640.0,21182.43,0.4031,5,2,0,0
CRHIST0002328,CUST0000765,2019-11-03,632.0,14754.56,0.2572,5,1,0,0
CRHIST0002329,CUST0000765,2022-10-05,650.0,3547.56,0.1413,3,2,0,0
CRHIST0002330,CUST0000765,2023-08-28,654.0,7289.03,0.3169,4,1,0,0
CRHIST0002331,CUST0000766,2024-09-03,639.0,19744.23,0.853,4,7,0,0
CRHIST0002332,CUST0000766,2024-10-05,630.0,13840.49,0.4705,4,2,0,0
CRHIST0002333,CUST0000766,2025-04-14,634.0,6818.85,0.2408,4,1,0,0
CRHIST0002334,CUST0000766,2025-08-20,638.0,4641.58,0.4203,8,2,0,0
CRHIST0002335,CUST0000767,2021-07-11,784.0,14231.36,0.5892,2,2,0,0
CRHIST0002336,CUST0000767,2021-12-25,793.0,,0.5691,2,3,0,0
CRHIST0002337,CUST0000767,2023-03-06,801.0,13555.79,0.4007,1,5,0,0
CRHIST0002338,CUST0000767,2023-04-16,805.0,8197.59,0.251,7,2,0,0
CRHIST0002339,CUST0000767,2023-07-23,797.0,2088.55,0.0519,2,2,0,0
CRHIST0002340,CUST0000768,2024-08-26,713.0,11252.74,0.6615,4,4,0,0
CRHIST0002341,CUST0000768,2024-09-16,701.0,340.89,0.019,0,1,0,0
CRHIST0002342,CUST0000768,2024-11-18,709.0,25663.35,0.7563,5,2,0,0
CRHIST0002343,CUST0000768,2025-03-07,714.0,3939.45,0.144,3,1,0,0
CRHIST0002344,CUST0000769,2023-11-29,710.0,4550.56,0.4173,1,1,0,0
CRHIST0002345,CUST0000769,2024-06-23,727.0,3792.85,0.3723,3,2,0,0
CRHIST0002346,CUST0000769,2024-11-22,729.0,186.47,0.0175,5,0,0,0
CRHIST0002347,CUST0000770,2020-09-29,662.0,7972.41,0.6987,2,4,0,0
CRHIST0002348,CUST0000770,2022-11-01,671.0,13706.41,0.5422,3,0,0,1
CRHIST0002349,CUST0000770,2023-07-30,677.0,555.26,0.0244,2,3,0,1
CRHIST0002350,CUST0000770,2023-09-27,684.0,4589.35,0.4756,5,2,0,1
CRHIST0002351,CUST0000770,2024-02-07,676.0,14744.53,0.6003,2,5,0,1
CRHIST0002352,CUST0000771,2023-04-12,706.0,2385.82,0.0721,3,3,0,0
CRHIST0002353,CUST0000771,2023-05-19,714.0,6093.88,0.2388,2,1,1,2
CRHIST0002354,CUST0000771,2023-08-10,732.0,22752.8,0.6235,3,4,1,2
CRHIST0002355,CUST0000772,2019-07-10,626.0,1079.99,0.1835,6,0,0,0
CRHIST0002356,CUST9123712,2024-07-09,619.0,3818.77,0.4687,6,2,0,0
CRHIST0002357,CUST0000773,2024-11-17,624.0,778.86,0.0765,3,2,0,0
CRHIST0002358,CUST0000773,2024-12-11,626.0,1230.56,0.1647,3,1,0,0
CRHIST0002359,CUST0000774,2022-10-04,725.0,5505.9,0.2669,5,3,0,0
CRHIST0002360,CUST0000774,2023-01-06,720.0,17039.06,0.5269,2,3,0,0
CRHIST0002361,CUST0000774,2024-04-28,711.0,11980.3,0.388,3,2,0,0
CRHIST0002362,CUST0000775,2022-10-12,,2529.83,0.4717,5,4,0,0
CRHIST0002363,CUST0000775,2022-12-18,618.0,5809.91,0.3973,4,3,0,2
CRHIST0002364,CUST0000775,2023-04-16,,8234.04,0.7713,8,4,0,2
CRHIST0002365,CUST0000775,2023-06-07,610.0,3998.33,0.3503,0,8,0,2
CRHIST0002366,CUST0000775,2024-08-04,608.0,2740.17,0.3549,9,6,0,2
CRHIST0002367,CUST0000775,2025-04-12,614.0,5246.58,0.7185,6,4,0,2
CRHIST0002368,CUST0000776,2020-10-11,712.0,5406.0,0.3245,1,3,0,0
CRHIST0002369,CUST0000776,2020-11-28,706.0,6674.4,0.4905,5,5,0,0
CRHIST0002370,CUST0000776,2022-07-06,707.0,2553.32,0.3044,2,5,0,0
CRHIST0002371,CUST0000777,2021-11-18,722.0,3552.65,0.1239,4,2,0,0
CRHIST0002372,CUST0000777,2021-12-08,707.0,10706.34,0.6601,2,0,0,0
CRHIST0002373,CUST0000777,2022-07-19,708.0,11380.71,0.5422,2,0,0,0
CRHIST0002374,CUST0000777,2022-07-31,705.0,6251.54,0.423,4,4,0,0
CRHIST0002375,CUST0000777,2022-11-25,692.0,0.0,0.0,1,0,0,0
CRHIST0002376,CUST0000778,2022-02-26,743.0,5299.01,0.1254,2,2,0,0
CRHIST0002377,CUST0000778,2022-07-17,748.0,19207.21,0.3844,2,1,0,0
CRHIST0002378,CUST0000779,2021-04-04,714.0,22061.42,0.6448,0,4,0,0
CRHIST0002379,CUST0000779,2021-04-16,702.0,3455.55,0.1636,4,1,0,0
CRHIST0002380,CUST0000779,2021-11-10,703.0,3445.01,0.153,4,2,0,0
CRHIST0002381,CUST0000780,2026-06-29,672.0,2045.6,0.1495,5,1,0,0
CRHIST0002382,CUST0000780,2026-07-27,680.0,7268.47,0.7521,4,2,0,0
CRHIST0002383,CUST0000780,2026-07-27,685.0,2595.26,0.1672,3,2,0,0
CRHIST0002384,CUST0000780,2026-07-31,679.0,2613.87,0.1051,3,2,0,0
CRHIST0002385,CUST0000781,2022-04-17,642.0,8010.69,0.5704,7,1,1,0
CRHIST0002386,CUST0000781,2023-06-24,650.0,12354.84,0.4496,1,1,1,0
CRHIST0002387,CUST0000782,2020-06-24,698.0,9357.47,0.359,4,5,0,0
CRHIST0002388,CUST0000782,2021-08-16,702.0,12101.88,0.3322,5,0,0,0
CRHIST0002389,CUST0000782,2022-02-13,697.0,4910.44,0.2393,3,3,0,0
CRHIST0002390,CUST0000783,2023-03-15,693.0,5452.24,0.4851,2,1,0,1
CRHIST0002391,CUST0000783,2023-04-25,687.0,7096.52,0.5095,3,1,0,1
CRHIST0002392,CUST0000783,2023-06-27,697.0,9228.22,0.5102,7,5,0,1
CRHIST0002393,CUST0000784,2022-04-22,685.0,5986.14,0.5092,7,3,0,0
CRHIST0002394,CUST0000784,2022-10-06,675.0,2795.11,0.2562,1,1,0,0
CRHIST0002395,CUST0000784,2023-05-14,644.0,12886.98,0.4898,2,2,0,0
CRHIST0002396,CUST0000784,2023-10-07,654.0,1960.05,0.0748,3,1,0,0
CRHIST0002397,CUST0000785,2022-06-29,707.0,4247.1,0.3445,2,4,0,0
CRHIST0002398,CUST0000785,2022-10-05,698.0,3922.6,0.3012,2,0,0,0
CRHIST0002399,CUST0000785,2022-12-12,705.0,1796.2,0.217,4,1,0,0
CRHIST0002400,CUST0000785,2023-07-18,718.0,3722.31,0.3081,3,0,0,0
CRHIST0002401,CUST0000785,2023-11-01,717.0,2655.11,0.2472,3,2,0,0
CRHIST0002402,CUST0000786,2024-09-11,704.0,18140.27,0.6982,6,0,0,1
CRHIST0002403,CUST0000786,2024-12-01,693.0,10239.37,0.3244,2,2,0,1
CRHIST0002404,CUST0000786,2025-04-13,681.0,15495.94,0.7358,5,0,0,1
CRHIST0002405,CUST0000786,2025-05-24,679.0,6016.15,0.2879,5,2,0,1
CRHIST0002406,CUST0000786,2025-09-27,689.0,4210.74,0.2118,4,0,0,1
CRHIST0002407,CUST0000787,2020-05-02,694.0,13757.11,0.4062,6,1,0,0
CRHIST0002408,CUST0000787,2020-07-29,694.0,10841.71,0.211,4,1,0,0
CRHIST0002409,CUST0000787,2021-05-22,,3530.4,0.0843,4,0,0,0
CRHIST0002410,CUST0000787,2021-12-16,731.0,23854.19,0.3917,6,0,0,0
CRHIST0002411,CUST0000787,2023-04-29,741.0,29294.44,0.6937,4,1,0,0
CRHIST0002412,CUST0000788,2022-11-23,615.0,2726.91,0.2466,3,5,0,0
CRHIST0002413,CUST0000788,2023-02-03,613.0,3867.45,0.5759,1,2,0,0
CRHIST0002414,CUST0000788,2023-05-23,591.0,4861.77,0.6965,5,5,0,2
CRHIST0002415,CUST0000789,2019-06-14,883.0,10447.29,0.4768,4,1,0,0
CRHIST0002416,CUST0000789,2020-01-02,759.0,16239.38,0.4321,3,2,0,0
CRHIST0002417,CUST0000790,2019-09-17,710.0,13072.45,0.4173,3,1,0,0
CRHIST0002418,CUST0000790,2020-01-04,732.0,4742.85,0.2895,4,2,0,0
CRHIST0002419,CUST0000790,2020-04-25,737.0,8545.2,0.4863,3,2,0,0
CRHIST0002420,CUST0000790,2020-09-26,733.0,26454.52,0.646,3,1,0,0
CRHIST0002421,CUST0000790,2021-05-29,725.0,1380.16,0.0462,2,1,0,0
CRHIST0002422,CUST0000790,2022-03-07,700.0,12589.19,0.4603,2,0,0,2
CRHIST0002423,CUST0000790,2022-05-14,706.0,3326.76,0.1291,3,1,0,2
CRHIST0002424,CUST0000791,2019-09-26,681.0,14767.72,0.535,6,4,0,0
CRHIST0002425,CUST0000791,2021-09-24,699.0,3498.34,0.2635,1,1,0,0
CRHIST0002426,CUST0000792,2020-12-20,640.0,5732.41,0.5402,5,0,0,0
CRHIST0002427,CUST0000792,2021-07-05,638.0,2226.08,0.1582,1,2,0,0
CRHIST0002428,CUST0000793,2021-10-29,637.0,7933.85,0.787,10,0,1,0
CRHIST0002429,CUST0000793,2022-09-20,620.0,4825.37,0.726,3,1,1,0
CRHIST0002430,CUST0000793,2023-09-12,633.0,2529.14,0.2453,1,2,1,0
CRHIST0002431,CUST0000794,2026-02-25,723.0,14354.8,0.4766,2,0,0,0
CRHIST0002432,CUST0000794,2026-03-15,725.0,11445.7,0.3103,1,3,0,0
CRHIST0002433,CUST0000795,2025-12-31,736.0,4522.41,0.4227,2,1,0,0
CRHIST0002434,CUST0000796,2020-08-01,473.0,130.72,0.2874,12,0,0,0
CRHIST0002435,CUST0000796,2022-03-21,474.0,314.69,0.4469,10,1,0,0
CRHIST0002436,CUST0000796,2023-03-17,466.0,529.62,0.5884,6,4,0,0
CRHIST0002437,CUST0000797,2026-08-05,627.0,2722.95,0.4113,1,6,0,0
CRHIST0002438,CUST0000797,2026-08-09,632.0,8815.92,0.7455,7,2,0,2
CRHIST0002439,CUST0000798,2023-12-10,781.0,1931.37,0.0856,5,3,0,0
CRHIST0002440,CUST0000798,2024-04-04,789.0,509.69,0.0236,3,2,0,0
CRHIST0002441,CUST0000799,2023-05-10,859.0,9385.94,0.6412,1,2,0,0
CRHIST0002442,CUST0000799,2023-08-08,641.0,11086.65,0.511,8,3,0,0
CRHIST0002443,CUST0000799,2023-11-29,641.0,6357.46,0.2686,7,2,0,0
CRHIST0002444,CUST0000799,2024-03-15,652.0,,0.4876,3,1,0,0
CRHIST0002445,CUST0000800,2025-03-13,662.0,,0.5854,10,4,0,0
CRHIST0002446,CUST0000800,2025-04-25,677.0,4996.88,0.2932,5,2,0,0
CRHIST0002447,CUST0000800,2025-06-14,674.0,9012.73,0.6554,4,4,0,0
CRHIST0002448,CUST0000801,2022-12-04,541.0,955.2,0.2954,4,1,0,0
CRHIST0002449,CUST0000801,2023-06-09,552.0,1355.63,0.3647,5,1,0,1
CRHIST0002450,CUST0000802,2021-05-24,723.0,19386.84,0.4415,5,1,0,0
CRHIST0002451,CUST0000802,2021-06-15,716.0,24302.46,0.3853,1,1,0,0
CRHIST0002452,CUST0000802,2022-02-20,718.0,20742.32,0.3558,7,1,0,0
CRHIST0002453,CUST0000803,2023-02-13,688.0,1869.25,0.1801,1,1,0,1
CRHIST0002454,CUST0000803,2023-04-18,699.0,3746.26,0.5519,2,3,0,1
CRHIST0002455,CUST0000803,2023-07-20,699.0,1033.07,0.1416,2,1,0,1
CRHIST0002456,CUST0000803,2023-07-31,695.0,1268.11,0.1494,5,3,0,1
CRHIST0002457,CUST0000804,2025-02-18,490.0,1679.35,0.8142,9,1,0,2
CRHIST0002458,CUST0000805,2024-06-14,705.0,12082.17,0.5487,3,1,0,0
CRHIST0002459,CUST0000805,2024-12-06,705.0,4649.15,0.1958,6,3,0,0
CRHIST0002460,CUST0000805,2025-02-03,697.0,6160.08,0.1898,2,1,0,0
CRHIST0002461,CUST0000805,2025-03-17,693.0,15116.35,0.4676,5,4,0,0
CRHIST0002462,CUST0000805,2025-04-14,697.0,8237.17,0.232,4,1,0,0
CRHIST0002463,CUST0000805,2025-06-24,688.0,1472.18,0.0603,5,1,0,0
CRHIST0002464,CUST0000805,2026-04-23,676.0,15687.89,0.37,1,4,0,0
CRHIST0002465,CUST0000805,2026-06-08,677.0,13681.08,0.419,5,3,0,0
CRHIST0002466,CUST0000806,2020-10-26,682.0,1608.34,0.2033,3,2,0,0
CRHIST0002467,CUST0000806,2021-05-01,,1842.48,0.1975,7,2,0,0
CRHIST0002468,CUST0000806,2021-10-10,683.0,5236.36,0.5671,3,2,0,0
CRHIST0002469,CUST0000806,2022-08-26,661.0,2113.17,0.1659,4,1,0,2
CRHIST0002470,CUST0000807,2026-03-13,678.0,7823.93,0.4586,6,1,0,0
CRHIST0002471,CUST0000808,2021-09-05,665.0,5780.86,0.5518,3,0,0,0
CRHIST0002472,CUST0000808,2021-09-29,650.0,2722.34,0.2715,6,3,0,0
CRHIST0002473,CUST0000809,2025-05-12,684.0,6233.7,0.4574,4,2,0,0
CRHIST0002474,CUST0000809,2025-09-04,717.0,1766.3,0.1054,3,2,0,0
CRHIST0002475,CUST0000809,2025-09-11,717.0,5942.71,0.296,6,5,0,0
CRHIST0002476,CUST0000810,2021-06-02,750.0,3093.45,0.1073,1,4,0,0
CRHIST0002477,CUST0000810,2023-10-23,758.0,8666.53,0.2576,3,4,0,0
CRHIST0002478,CUST0000810,2024-03-05,731.0,9874.94,0.157,1,4,0,0
CRHIST0002479,CUST0000810,2024-09-06,732.0,21110.66,0.3946,4,2,0,0
CRHIST0002480,CUST0000810,2025-01-19,741.0,11014.5,0.4739,7,2,0,0
CRHIST0002481,CUST0000811,2019-07-30,688.0,15724.6,0.3946,3,3,0,0
CRHIST0002482,CUST0000811,2021-11-14,689.0,23336.07,0.5485,2,0,0,0
CRHIST0002483,CUST0000811,2022-05-06,692.0,12148.77,0.4092,2,0,0,0
CRHIST0002484,CUST0000811,2023-10-29,695.0,6370.37,0.1748,6,4,0,0
CRHIST0002485,CUST0000812,2026-08-15,682.0,4543.51,0.2093,10,3,0,0
CRHIST0002486,CUST0000812,2026-08-19,704.0,21955.44,0.5607,4,2,0,0
CRHIST0002487,CUST0000812,2026-08-19,724.0,2629.12,0.064,2,5,0,2
CRHIST0002488,CUST0000812,2026-08-20,742.0,23686.98,0.72,1,2,0,2
CRHIST0002489,CUST0000813,2024-03-15,670.0,19266.33,0.442,3,1,0,0
CRHIST0002490,CUST0000813,2024-06-15,650.0,14240.32,0.4195,1,1,0,0
CRHIST0002491,CUST0000813,2024-08-03,649.0,29489.59,0.5213,3,2,0,0
CRHIST0002492,CUST0000814,2021-08-18,733.0,6744.67,0.4509,8,5,0,0
CRHIST0002493,CUST0000814,2022-05-25,,3054.46,0.1517,5,5,0,1
CRHIST0002494,CUST0000814,2022-06-11,732.0,4615.71,0.326,2,1,0,1
CRHIST0002495,CUST0000815,2020-02-02,722.0,289.83,0.022,6,2,0,0
CRHIST0002496,CUST0000815,2020-12-25,714.0,7665.19,0.7136,5,3,0,0
CRHIST0002497,CUST0000815,2021-02-12,706.0,8273.52,0.6065,4,3,0,0
CRHIST0002498,CUST0000816,2020-07-22,685.0,6407.93,0.453,5,2,0,0
CRHIST0002499,CUST0000816,2021-05-01,679.0,3227.02,0.3217,2,3,0,0
CRHIST0002500,CUST0000817,2020-09-01,710.0,13479.81,0.1666,7,0,0,0
CRHIST0002501,CUST0000817,2021-01-06,865.0,14788.91,0.213,2,3,0,0
CRHIST0002502,CUST0000817,2021-08-22,737.0,3048.95,0.104,0,2,0,0
CRHIST0002503,CUST0000817,2021-10-10,746.0,29242.85,0.533,2,4,1,0
CRHIST0002504,CUST0000817,2021-10-20,724.0,1231.05,0.0329,0,0,1,0
CRHIST0002505,CUST0000817,2022-11-05,707.0,7305.84,0.2046,4,1,1,0
CRHIST0002506,CUST0000818,2026-02-04,705.0,5866.95,0.2793,2,1,0,0
CRHIST0002507,CUST0000818,2026-02-05,700.0,15461.95,0.3966,5,3,0,0
CRHIST0002508,CUST0000818,2026-02-13,721.0,10464.41,0.3436,2,2,0,0
CRHIST0002509,CUST0000818,2026-04-05,725.0,19207.06,0.5846,3,2,0,0
CRHIST0002510,CUST0000818,2026-04-16,,6171.23,0.19,8,3,0,0
CRHIST0002511,CUST0000819,2020-12-16,676.0,701.6,0.113,4,1,0,0
CRHIST0002512,CUST0000819,2021-05-21,655.0,3854.7,0.2748,1,1,0,0
CRHIST0002513,CUST0000819,2021-07-12,680.0,980.61,0.1041,4,0,0,0
CRHIST0002514,CUST0000819,2023-01-31,668.0,6472.9,0.4452,6,0,0,0
CRHIST0002515,CUST0000820,2020-09-22,645.0,6748.11,0.7963,4,1,0,0
CRHIST0002516,CUST0000820,2022-01-29,632.0,2250.01,0.2007,4,0,0,0
CRHIST0002517,CUST0000820,2022-04-19,622.0,4505.56,0.8005,4,5,0,0
CRHIST0002518,CUST0000821,2025-08-12,680.0,3406.71,0.3426,2,3,0,0
CRHIST0002519,CUST0000821,2025-10-28,669.0,1520.69,0.0904,3,1,0,0
CRHIST0002520,CUST0000822,2025-09-27,733.0,21398.79,0.6626,1,1,0,0
CRHIST0002521,CUST0000823,2020-10-16,782.0,19425.33,0.4113,4,3,0,0
CRHIST0002522,CUST0000824,2024-06-23,661.0,2680.63,0.2655,5,3,0,0
CRHIST0002523,CUST0000824,2024-07-25,659.0,6862.5,0.5924,3,2,0,0
CRHIST0002524,CUST0000824,2024-08-22,649.0,7587.56,0.5677,9,1,0,0
CRHIST0002525,CUST0000825,2023-02-05,548.0,1635.72,0.415,5,1,0,0
CRHIST0002526,CUST0000825,2023-03-12,546.0,731.58,0.2186,4,4,0,0
CRHIST0002527,CUST0000825,2023-04-23,551.0,734.14,0.3045,4,3,0,0
CRHIST0002528,CUST0000826,2024-05-23,665.0,2152.76,0.2277,4,0,0,0
CRHIST0002529,CUST9030744,2024-06-23,639.0,14451.25,0.8161,2,0,0,0
CRHIST0002530,CUST0000826,2024-12-08,626.0,15505.63,0.757,2,2,0,0
CRHIST0002531,CUST0000826,2024-12-10,607.0,7457.17,0.5363,2,3,0,0
CRHIST0002532,CUST0000827,2021-10-17,664.0,2970.48,0.3161,5,5,0,2
CRHIST0002533,CUST0000827,2023-06-01,651.0,3609.0,0.513,2,2,0,2
CRHIST0002534,CUST0000828,2024-10-17,691.0,11854.81,0.5899,2,3,0,0
CRHIST0002535,CUST0000828,2024-10-21,693.0,,0.1992,5,0,0,0
CRHIST0002536,CUST0000828,2025-02-22,683.0,8355.03,0.3583,4,2,0,0
CRHIST0002537,CUST0000828,2025-04-20,684.0,6361.87,0.4982,1,2,0,0
CRHIST0002538,CUST0000829,2025-11-05,657.0,4238.08,0.5213,5,2,0,0
CRHIST0002539,CUST0000830,2025-02-08,646.0,1179.11,0.1623,1,2,0,0
CRHIST0002540,CUST0000830,2025-03-19,625.0,5899.63,0.5806,8,2,0,1
CRHIST0002541,CUST0000831,2025-12-06,725.0,128.08,0.0103,1,2,0,0
CRHIST0002542,CUST0000831,2026-02-09,734.0,1829.19,0.1504,1,1,0,0
CRHIST0002543,CUST0000831,2026-02-12,720.0,4143.2,0.2619,1,1,0,0
CRHIST0002544,CUST0000832,2020-05-13,799.0,10736.86,0.3126,1,2,0,0
CRHIST0002545,CUST0000832,2020-08-20,806.0,0.0,0.0,1,3,0,0
CRHIST0002546,CUST0000833,2024-06-27,571.0,996.31,0.3812,4,2,0,0
CRHIST0002547,CUST9701367,2024-10-28,897.0,1688.98,0.3187,3,1,0,0
CRHIST0002548,CUST0000833,2024-12-15,603.0,2157.6,0.4231,7,4,0,0
CRHIST0002549,CUST0000833,2024-12-26,617.0,337.55,0.1525,2,1,0,0
CRHIST0002550,CUST0000834,2026-08-23,538.0,688.77,0.3609,9,0,0,0
CRHIST0002551,CUST0000834,2026-08-23,-9.0,1479.78,0.4778,3,2,0,0
CRHIST0002552,CUST0000834,2026-08-23,552.0,1140.96,0.4572,4,5,0,0
CRHIST0002553,CUST0000834,2026-08-23,548.0,980.18,0.4962,6,2,1,1
CRHIST0002554,CUST0000835,2023-09-25,772.0,4142.86,0.1679,6,1,0,0
CRHIST0002555,CUST0000836,2026-04-01,654.0,1823.23,0.1611,3,1,0,0
CRHIST0002556,CUST0000836,2026-04-26,653.0,5415.47,0.2837,5,1,0,0
CRHIST0002557,CUST0000836,2026-05-17,652.0,6058.23,0.3591,4,1,0,0
CRHIST0002558,CUST0000836,2026-05-24,650.0,2205.33,0.2099,4,5,0,0
CRHIST0002559,CUST0000836,2026-06-07,,666.88,0.0614,3,2,0,0
CRHIST0002560,CUST0000837,2021-09-20,585.0,1567.78,0.7565,5,4,0,0
CRHIST0002561,CUST0000837,2021-12-10,585.0,1666.97,0.5154,8,1,0,0
CRHIST0002562,CUST0000838,2025-11-26,766.0,3923.16,0.0719,0,3,0,0
CRHIST0002563,CUST0000839,2026-04-13,687.0,4535.42,0.518,1,1,0,0
CRHIST0002564,CUST0000839,2026-05-25,684.0,2428.08,0.2169,5,6,0,0
CRHIST0002565,CUST0000840,2023-10-21,769.0,10995.07,0.4542,0,3,0,0
CRHIST0002566,CUST0000840,2024-05-20,786.0,17559.03,0.4828,3,2,0,0
CRHIST0002567,CUST0000840,2024-12-13,785.0,9491.38,0.3078,3,3,0,0
CRHIST0002568,CUST0000840,2025-01-10,791.0,11282.89,0.2759,2,3,0,0
CRHIST0002569,CUST0000840,2025-06-27,769.0,5944.03,0.1266,2,4,0,0
CRHIST0002570,CUST0000840,2025-07-25,769.0,686.38,0.0182,2,2,0,0
CRHIST0002571,CUST0000840,2025-12-24,783.0,15992.35,0.3233,6,0,0,1
CRHIST0002572,CUST0000840,2026-01-11,781.0,12591.8,0.2698,2,3,0,1
CRHIST0002573,CUST0000841,2024-07-03,699.0,15563.81,0.3735,6,0,0,0
CRHIST0002574,CUST0000841,2024-08-22,702.0,7187.99,0.1522,2,4,0,0
CRHIST0002575,CUST0000841,2024-09-15,692.0,14301.69,0.2596,6,2,0,0
CRHIST0002576,CUST0000842,2023-02-20,651.0,2392.39,0.145,7,3,0,0
CRHIST0002577,CUST0000842,2024-03-28,642.0,4210.2,0.4443,8,4,0,0
CRHIST0002578,CUST0000842,2025-01-20,636.0,8320.8,0.4011,4,0,0,0
CRHIST0002579,CUST0000843,2022-01-01,650.0,6326.39,0.7017,3,1,0,0
CRHIST0002580,CUST0000844,2023-02-23,622.0,7292.57,0.7352,3,4,0,0
CRHIST0002581,CUST0000844,2023-06-17,634.0,9111.79,0.6096,3,2,0,2
CRHIST0002582,CUST0000844,2023-06-28,614.0,10398.09,0.564,9,2,1,2
CRHIST0002583,CUST0000844,2023-07-24,624.0,9312.74,0.5554,7,3,1,2
CRHIST0002584,CUST0000844,2024-02-17,643.0,4968.18,0.5673,3,0,1,2
CRHIST0002585,CUST0000845,2026-05-12,561.0,527.95,0.1823,8,1,0,0
CRHIST0002586,CUST0000845,2026-05-16,573.0,434.87,0.2722,7,1,0,0
CRHIST0002587,CUST0000845,2026-05-26,567.0,2736.8,0.8695,13,1,0,0
CRHIST0002588,CUST0000845,2026-06-27,571.0,1079.14,0.408,2,2,0,0
CRHIST0002589,CUST0000846,2019-03-11,725.0,10716.21,0.481,5,1,0,0
CRHIST0002590,CUST0000847,2020-12-08,704.0,1327.11,0.0954,5,4,0,0
CRHIST0002591,CUST0000847,2021-03-02,673.0,2884.45,0.2129,4,1,0,0
CRHIST0002592,CUST0000847,2023-03-29,657.0,8219.32,0.4402,6,3,0,0
CRHIST0002593,CUST0000847,2023-06-25,657.0,12265.92,0.4763,5,3,0,0
CRHIST0002594,CUST0000848,2023-03-04,522.0,705.95,0.335,2,2,0,2
CRHIST0002595,CUST0000848,2023-04-11,520.0,231.34,0.1847,5,1,0,2
CRHIST0002596,CUST0000848,2024-03-16,496.0,453.09,0.465,6,1,0,2
CRHIST0002597,CUST0000849,2021-12-12,784.0,5290.48,0.2532,3,4,0,0
CRHIST0002598,CUST0000849,2022-08-15,799.0,0.0,0.0,0,4,0,0
CRHIST0002599,CUST0000849,2023-02-10,798.0,4381.83,0.1556,2,1,0,0
CRHIST0002600,CUST0000849,2023-08-12,791.0,12740.1,0.3687,3,2,0,0
CRHIST0002601,CUST0000849,2023-09-23,783.0,8246.67,0.2317,1,3,0,0
CRHIST0002602,CUST0000849,2024-03-08,792.0,31053.2,0.5673,4,2,0,0
CRHIST0002603,CUST0000850,2023-10-28,724.0,14264.16,0.3611,3,1,0,0
CRHIST0002604,CUST0000850,2023-12-26,868.0,2190.12,0.0709,4,3,0,0
CRHIST0002605,CUST0000850,2024-01-29,695.0,5371.91,0.3439,0,0,0,0
CRHIST0002606,CUST0000851,2021-11-11,514.0,1111.08,0.3709,4,2,0,2
CRHIST0002607,CUST0000851,2022-01-03,521.0,1174.5,0.4864,6,2,0,2
CRHIST0002608,CUST0000851,2022-01-16,500.0,1231.86,0.5239,8,2,0,2
CRHIST0002609,CUST0000851,2023-02-10,489.0,785.1,0.2929,3,1,0,2
CRHIST0002610,CUST0000851,2023-07-21,457.0,2618.38,0.93,4,3,0,2
CRHIST0002611,CUST0000852,2024-05-01,559.0,3864.46,0.4422,3,0,0,0
CRHIST0002612,CUST0000852,2024-10-28,553.0,5063.77,0.6394,3,3,0,0
CRHIST0002613,CUST0000853,2020-10-12,675.0,9762.13,0.3465,4,5,0,0
CRHIST0002614,CUST0000853,2020-11-07,664.0,8925.88,0.3829,7,0,0,1
CRHIST0002615,CUST0000854,2022-11-24,728.0,6170.29,0.315,7,0,0,0
CRHIST0002616,CUST0000854,2023-08-20,719.0,14229.03,0.6804,1,3,0,0
CRHIST0002617,CUST0000854,2024-03-18,724.0,14669.62,0.5459,6,2,0,0
CRHIST0002618,CUST0000855,2024-08-21,671.0,3746.25,0.2311,2,2,0,0
CRHIST0002619,CUST0000855,2024-10-13,690.0,5143.81,0.2991,3,1,0,0
CRHIST0002620,CUST0000856,2023-02-28,686.0,2104.17,0.37,6,3,0,0
CRHIST0002621,CUST0000857,2024-10-12,635.0,4046.59,0.4152,3,0,0,0
CRHIST0002622,CUST0000857,2025-02-16,633.0,3762.93,0.588,4,2,1,0
CRHIST0002623,CUST0000857,2025-04-01,641.0,3797.32,0.4811,4,2,1,0
CRHIST0002624,CUST0000857,2025-05-09,629.0,2432.98,0.2514,5,1,1,0
CRHIST0002625,CUST0000858,2023-12-17,571.0,2895.02,0.571,9,1,0,0
CRHIST0002626,CUST0000858,2024-02-28,598.0,3084.21,0.5485,5,3,0,0
CRHIST0002627,CUST0000858,2024-11-20,583.0,563.83,0.2286,2,2,0,0
CRHIST0002628,CUST0000859,2021-09-03,659.0,10112.02,0.4766,1,2,0,0
CRHIST0002629,CUST0000859,2022-07-06,,25143.9,0.598,4,4,0,0
CRHIST0002630,CUST0000859,2022-12-20,630.0,7574.32,0.2291,5,4,0,0
CRHIST0002631,CUST0000859,2023-02-24,612.0,22334.16,0.7482,3,1,0,0
CRHIST0002632,CUST0000859,2024-04-08,609.0,9405.17,0.3908,4,2,0,0
CRHIST0002633,CUST0000859,2025-05-29,609.0,10790.96,0.4066,5,5,0,0
CRHIST0002634,CUST0000860,2022-06-29,736.0,11851.23,0.5003,1,1,0,0
CRHIST0002635,CUST0000860,2022-11-09,728.0,14927.59,0.5905,3,4,0,0
CRHIST0002636,CUST0000860,2023-05-11,702.0,2392.81,0.1124,2,3,0,0
CRHIST0002637,CUST0000861,2026-05-21,710.0,0.0,0.0,5,0,0,0
CRHIST0002638,CUST0000861,2026-05-25,730.0,134.92,0.0089,5,5,0,0
CRHIST0002639,CUST0000861,2026-05-27,746.0,6328.13,0.5656,5,0,0,0
CRHIST0002640,CUST0000862,2026-05-22,609.0,20566.38,0.7549,5,3,0,0
CRHIST0002641,CUST0000863,2019-04-29,713.0,,0.6649,2,2,0,0
CRHIST0002642,CUST0000863,2021-07-10,710.0,4823.99,0.2029,4,2,0,0
CRHIST0002643,CUST0000864,2024-07-01,710.0,3543.82,0.1874,3,1,0,0
CRHIST0002644,CUST0000865,2022-12-03,708.0,19597.2,0.6744,6,3,0,0
CRHIST0002645,CUST0000865,2022-12-27,702.0,7569.23,0.3544,4,3,1,0
CRHIST0002646,CUST0000865,2023-03-13,700.0,4416.04,0.3256,2,0,1,0
CRHIST0002647,CUST0000865,2023-10-31,713.0,11166.6,0.3628,7,5,1,0
CRHIST0002648,CUST0000865,2023-11-17,716.0,10417.22,0.4374,1,4,1,0
CRHIST0002649,CUST0000865,2024-07-16,692.0,3037.59,0.2544,1,0,1,0
CRHIST0002650,CUST0000866,2020-01-09,683.0,2372.11,0.1511,4,0,0,2
CRHIST0002651,CUST0000866,2020-09-08,694.0,6961.24,0.4076,7,2,0,2
CRHIST0002652,CUST0000867,2023-12-04,701.0,1702.15,0.1274,3,1,0,0
CRHIST0002653,CUST0000867,2024-02-07,691.0,1615.83,0.1746,2,1,0,1
CRHIST0002654,CUST0000867,2024-10-19,712.0,8379.57,0.6402,4,0,0,1
CRHIST0002655,CUST0000867,2025-03-09,714.0,3052.19,0.5146,8,1,0,1
CRHIST0002656,CUST0000867,2025-06-04,706.0,6962.81,0.6629,6,1,0,1
CRHIST0002657,CUST0000867,2025-09-12,694.0,2849.76,0.1849,2,1,0,1
CRHIST0002658,CUST0000868,2019-09-21,746.0,6033.47,0.1423,3,0,0,0
CRHIST0002659,CUST0000868,2019-11-10,779.0,15447.93,0.4032,4,3,0,0
CRHIST0002660,CUST0000868,2021-02-28,802.0,25151.31,0.4054,4,3,0,0
CRHIST0002661,CUST0000869,2021-12-14,713.0,14270.03,0.4454,3,5,0,0
CRHIST0002662,CUST0000869,2022-01-10,696.0,5642.23,0.2689,4,2,0,0
CRHIST0002663,CUST0000869,2022-12-10,696.0,15910.09,0.3366,5,1,0,1
CRHIST0002664,CUST0000870,2024-04-20,738.0,6509.4,0.2452,3,4,0,0
CRHIST0002665,CUST0000870,2024-08-14,758.0,783.61,0.0346,3,2,0,0
CRHIST0002666,CUST0000870,2025-07-01,757.0,11659.19,0.5408,4,3,0,0
CRHIST0002667,CUST0000870,2025-07-23,748.0,5943.92,0.2979,0,4,0,0
CRHIST0002668,CUST0000871,2025-05-15,740.0,48518.97,0.4992,6,1,0,0
CRHIST0002669,CUST0000871,2025-09-05,750.0,44237.51,0.4069,1,3,0,0
CRHIST0002670,CUST0000872,2022-04-05,683.0,6460.88,0.2826,4,1,0,0
CRHIST0002671,CUST0000872,2022-10-22,675.0,7104.28,0.3714,4,3,0,0
CRHIST0002672,CUST0000872,2023-09-10,697.0,17598.67,0.713,6,4,0,0
CRHIST0002673,CUST0000873,2025-07-18,732.0,2294.63,0.068,2,5,0,0
CRHIST0002674,CUST0000873,2025-10-29,736.0,11357.68,0.6169,2,1,0,0
CRHIST0002675,CUST0000873,2026-01-21,744.0,3118.35,0.1948,6,1,0,0
CRHIST0002676,CUST0000874,2025-06-21,689.0,5746.89,0.3635,2,2,0,0
CRHIST0002677,CUST0000875,2022-09-23,482.0,838.52,0.7988,9,0,0,0
CRHIST0002678,CUST0000875,2022-09-29,489.0,262.04,0.5474,5,1,0,0
CRHIST0002679,CUST0000876,2020-11-14,676.0,6115.25,0.4518,6,2,0,0
CRHIST0002680,CUST0000876,2021-06-12,653.0,3649.51,0.2547,3,3,0,0
CRHIST0002681,CUST0000876,2021-10-22,661.0,7966.84,0.4314,2,2,0,0
CRHIST0002682,CUST0000876,2022-02-06,669.0,8525.02,0.3545,3,1,0,0
CRHIST0002683,CUST0000876,2022-04-09,660.0,4906.64,0.4027,7,0,0,0
CRHIST0002684,CUST0000877,2024-08-08,547.0,803.86,0.306,5,5,0,0
CRHIST0002685,CUST0000877,2024-08-31,,756.71,0.2576,2,1,0,2
CRHIST0002686,CUST0000878,2021-04-20,691.0,2825.31,0.1673,8,1,0,0
CRHIST0002687,CUST0000878,2021-07-24,674.0,1783.41,0.2262,3,2,0,0
CRHIST0002688,CUST0000879,2025-12-25,590.0,6035.07,0.2054,3,0,0,0
CRHIST0002689,CUST0000879,2026-01-13,603.0,5913.1,0.5636,3,0,0,0
CRHIST0002690,CUST0000879,2026-02-23,589.0,15308.92,0.5712,3,3,0,0
CRHIST0002691,CUST0000880,2023-06-20,670.0,12753.36,0.6244,4,4,0,0
CRHIST0002692,CUST0000880,2023-11-08,683.0,11346.63,0.7145,6,3,0,0
CRHIST0002693,CUST0000880,2024-07-08,697.0,2054.17,0.168,4,3,0,0
CRHIST0002694,CUST0000881,2024-11-04,636.0,7791.2,0.4503,2,2,0,0
CRHIST0002695,CUST0000881,2024-12-27,619.0,6865.49,0.3623,2,6,0,0
CRHIST0002696,CUST0000882,2024-11-16,682.0,1289.49,0.1981,1,2,0,0
CRHIST0002697,CUST0000882,2025-04-03,658.0,1375.39,0.2133,4,3,0,0
CRHIST0002698,CUST0000882,2025-04-30,643.0,8946.95,0.5629,2,2,0,0
CRHIST0002699,CUST0000883,2022-11-11,687.0,1192.9,0.2125,3,2,0,0
CRHIST0002700,CUST0000883,2023-01-10,683.0,7160.88,0.6122,7,4,0,0
CRHIST0002701,CUST0000883,2023-10-26,701.0,5968.89,0.5045,3,0,0,0
CRHIST0002702,CUST0000883,2024-01-03,710.0,6631.19,0.4974,1,5,0,0
CRHIST0002703,CUST0000884,2026-06-08,725.0,,0.0248,1,1,0,0
CRHIST0002704,CUST0000884,2026-06-12,722.0,22186.59,0.501,4,2,0,0
CRHIST0002705,CUST0000884,2026-06-19,726.0,17231.26,0.4058,3,1,0,0
CRHIST0002706,CUST0000884,2026-06-19,721.0,12964.01,0.392,2,2,0,0
CRHIST0002707,CUST0000885,2025-03-24,738.0,5008.53,0.3884,2,4,0,0
CRHIST0002708,CUST0000885,2025-07-15,738.0,2270.88,0.1944,5,2,0,0
CRHIST0002709,CUST0000885,2025-07-26,712.0,,0.449,2,0,0,0
CRHIST0002710,CUST0000886,2025-10-31,734.0,3308.12,0.2567,4,2,0,0
CRHIST0002711,CUST0000886,2025-11-20,739.0,3621.01,0.1706,1,4,0,0
CRHIST0002712,CUST0000887,2020-03-27,607.0,3038.15,0.6323,5,0,0,0
CRHIST0002713,CUST0000888,2023-01-31,605.0,1892.61,0.6782,5,1,0,0
CRHIST0002714,CUST0000888,2023-03-09,606.0,565.68,0.4084,5,2,0,0
CRHIST0002715,CUST0000889,2026-04-20,667.0,8653.75,0.6162,3,3,0,0
CRHIST0002716,CUST0000889,2026-04-21,,3938.21,0.4338,4,2,0,0
CRHIST0002717,CUST0000889,2026-05-04,663.0,10276.09,0.6256,4,1,0,2
CRHIST0002718,CUST0000889,2026-06-14,661.0,7758.78,0.5452,6,2,0,2
CRHIST0002719,CUST0000890,2025-03-24,627.0,2454.79,0.2331,7,1,0,0
CRHIST0002720,CUST0000890,2025-04-04,615.0,1338.75,0.218,5,0,0,0
CRHIST0002721,CUST0000890,2025-04-09,620.0,5603.78,0.7014,3,2,0,0
CRHIST0002722,CUST0000890,2025-07-18,619.0,1371.25,0.2198,6,1,0,0
CRHIST0002723,CUST0000890,2025-08-17,611.0,6092.68,0.5727,2,2,0,0
CRHIST0002724,CUST0000890,2025-09-11,603.0,3866.45,0.2603,3,2,0,0
CRHIST0002725,CUST0000891,2022-08-30,664.0,2907.5,0.1786,3,7,0,0
CRHIST0002726,CUST0000892,2020-05-15,571.0,2345.8,0.3675,4,3,0,0
CRHIST0002727,CUST0000892,2020-10-21,577.0,1789.14,0.4308,3,0,0,0
CRHIST0002728,CUST0000892,2021-10-25,561.0,4448.34,0.8606,4,1,0,0
CRHIST0002729,CUST0000892,2021-11-14,561.0,3109.62,0.3138,4,1,0,0
CRHIST0002730,CUST0000893,2021-04-28,544.0,885.73,0.7211,6,2,0,0
CRHIST0002731,CUST0000893,2021-08-10,540.0,1954.8,0.9329,8,0,0,1
CRHIST0002732,CUST0000894,2024-01-30,714.0,8153.01,0.7783,1,5,0,0
CRHIST0002733,CUST0000895,2023-12-14,695.0,4473.84,0.283,3,1,0,0
CRHIST0002734,CUST0000896,2026-02-17,678.0,2548.88,0.0858,6,5,0,0
CRHIST0002735,CUST0000896,2026-03-05,698.0,5206.33,0.4613,3,5,0,0
CRHIST0002736,CUST0000896,2026-03-21,698.0,11973.42,0.5132,3,3,0,0
CRHIST0002737,CUST0000896,2026-04-04,702.0,14646.76,0.494,2,2,0,2
CRHIST0002738,CUST0000897,2021-09-25,679.0,2459.63,0.3632,4,2,0,0
CRHIST0002739,CUST0000897,2021-11-13,692.0,4072.71,0.4589,5,2,0,0
CRHIST0002740,CUST0000897,2022-01-29,683.0,1624.55,0.2854,3,2,0,0
CRHIST0002741,CUST0000897,2023-01-25,654.0,8257.14,0.7987,2,3,0,0
CRHIST0002742,CUST0000897,2024-01-12,649.0,2634.57,0.3271,7,2,0,1
CRHIST0002743,CUST0000898,2022-05-05,749.0,14605.92,0.4599,2,1,0,0
CRHIST0002744,CUST0000898,2022-09-25,757.0,1968.55,0.0357,3,2,0,0
CRHIST0002745,CUST0000899,2021-12-07,738.0,8831.76,0.5908,3,0,0,0
CRHIST0002746,CUST0000900,2026-05-12,693.0,872.37,0.0982,6,3,0,0
CRHIST0002747,CUST0000900,2026-05-28,,5652.28,0.3744,5,1,0,0
CRHIST0002748,CUST0000901,2020-04-19,770.0,,0.527,7,3,0,0
CRHIST0002749,CUST0000902,2022-01-08,866.0,2298.96,0.7204,2,1,0,0
CRHIST0002750,CUST0000902,2022-05-05,591.0,663.57,0.2468,7,1,0,1
CRHIST0002751,CUST0000902,2022-11-06,595.0,1786.05,0.7896,5,2,0,1
CRHIST0002752,CUST0000903,2021-12-08,770.0,984.38,0.0532,2,1,0,0
CRHIST0002753,CUST0000903,2022-02-06,779.0,7900.47,0.2144,3,2,0,0
CRHIST0002754,CUST0000903,2022-04-09,797.0,1109.81,0.0322,3,3,0,0
CRHIST0002755,CUST0000904,2019-11-28,655.0,4808.75,0.5308,4,5,0,0
CRHIST0002756,CUST0000904,2020-01-28,649.0,4598.41,0.6382,4,4,0,0
CRHIST0002757,CUST0000904,2021-08-10,645.0,949.78,0.1186,3,1,0,0
CRHIST0002758,CUST0000904,2022-10-18,,,0.5013,2,2,0,0
CRHIST0002759,CUST0000905,2024-01-01,666.0,1738.52,0.1319,4,1,0,0
CRHIST0002760,CUST0000905,2024-02-13,676.0,17353.45,0.7875,4,1,0,0
CRHIST0002761,CUST0000905,2024-04-18,664.0,12459.89,0.6874,4,0,0,0
CRHIST0002762,CUST0000906,2023-03-15,713.0,5560.57,0.5414,2,3,0,0
CRHIST0002763,CUST0000906,2023-05-17,727.0,2614.42,0.3152,0,1,0,0
CRHIST0002764,CUST0000907,2023-09-27,519.0,,0.8082,7,2,0,0
CRHIST0002765,CUST0000907,2024-02-19,525.0,706.02,0.2269,6,1,0,0
CRHIST0002766,CUST0000907,2024-07-11,511.0,1191.38,0.6044,14,3,0,0
CRHIST0002767,CUST0000907,2024-12-26,497.0,1744.95,0.7597,5,1,0,2
CRHIST0002768,CUST0000907,2025-02-24,491.0,1050.97,0.535,5,3,0,2
CRHIST0002769,CUST0000908,2025-12-08,603.0,594.64,0.2272,7,1,0,0
CRHIST0002770,CUST0000909,2022-07-05,705.0,2328.03,0.1018,2,1,0,0
CRHIST0002771,CUST0000909,2023-06-15,713.0,95.81,0.0025,5,5,0,0
CRHIST0002772,CUST0000910,2022-01-24,644.0,7274.35,0.4802,4,2,0,2
CRHIST0002773,CUST0000910,2022-02-23,651.0,2281.46,0.2032,2,0,0,2
CRHIST0002774,CUST0000910,2022-08-17,656.0,1790.26,0.163,4,4,0,2
CRHIST0002775,CUST0000911,2022-02-17,726.0,8162.86,0.4805,2,6,0,0
CRHIST0002776,CUST0000911,2022-12-21,717.0,5927.78,0.4723,2,1,0,0
CRHIST0002777,CUST0000912,2025-03-28,642.0,5526.52,0.3372,3,1,0,0
CRHIST0002778,CUST0000913,2023-02-09,673.0,5185.52,0.352,2,0,0,2
CRHIST0002779,CUST0000913,2024-02-25,696.0,10841.27,0.6757,7,5,0,2
CRHIST0002780,CUST0000913,2024-05-05,697.0,5406.13,0.5045,3,0,0,2
CRHIST0002781,CUST0000913,2024-05-18,690.0,7201.48,0.4657,3,2,0,2
CRHIST0002782,CUST0000913,2024-06-13,701.0,2626.18,0.2099,5,3,0,2
CRHIST0002783,CUST0000913,2024-11-25,694.0,10794.27,0.6401,1,1,0,2
CRHIST0002784,CUST0000914,2021-07-22,726.0,17746.66,0.4936,0,3,0,0
CRHIST0002785,CUST0000915,2024-07-04,687.0,1456.95,0.246,5,1,0,0
CRHIST0002786,CUST0000915,2024-12-16,680.0,2561.7,0.5279,5,0,0,0
CRHIST0002787,CUST0000915,2025-06-09,687.0,1158.55,0.1161,3,3,0,0
CRHIST0002788,CUST0000915,2025-10-15,688.0,633.19,0.164,3,3,0,0
CRHIST0002789,CUST0000916,2024-10-30,645.0,9474.77,0.6671,2,2,0,0
CRHIST0002790,CUST0000916,2025-04-15,620.0,4400.98,0.1843,6,0,0,0
CRHIST0002791,CUST0000917,2021-03-07,703.0,5037.13,0.1045,5,1,0,0
CRHIST0002792,CUST0000917,2021-03-23,721.0,33742.18,0.6257,3,2,0,0
CRHIST0002793,CUST0000917,2023-05-25,721.0,8315.33,0.3238,4,2,0,0
CRHIST0002794,CUST0000917,2023-08-04,719.0,15217.04,0.3753,4,1,0,0
CRHIST0002795,CUST0000917,2024-03-26,704.0,26051.38,0.484,3,0,0,0
CRHIST0002796,CUST0000918,2023-05-23,621.0,3239.23,0.6109,5,2,0,0
CRHIST0002797,CUST0000919,2023-05-28,688.0,8094.74,0.2713,4,1,0,0
CRHIST0002798,CUST0000919,2023-09-26,707.0,4280.67,0.3157,3,2,0,0
CRHIST0002799,CUST0000919,2024-05-22,716.0,8406.4,0.4644,3,3,0,0
CRHIST0002800,CUST0000920,2021-01-29,612.0,4044.46,0.534,5,2,0,0
CRHIST0002801,CUST0000921,2021-07-17,773.0,4979.28,0.1429,0,3,0,1
CRHIST0002802,CUST0000921,2022-05-21,781.0,15498.09,0.4803,2,8,0,1
CRHIST0002803,CUST0000921,2022-06-16,794.0,8498.22,0.3232,2,2,0,1
CRHIST0002804,CUST0000921,2022-11-06,804.0,,0.3452,4,3,0,1
CRHIST0002805,CUST0000922,2024-11-03,665.0,5052.62,0.3632,3,0,0,1
CRHIST0002806,CUST0000922,2024-12-21,654.0,,0.766,6,3,0,1
CRHIST0002807,CUST0000923,2023-09-17,724.0,0.0,0.0,7,2,0,0
CRHIST0002808,CUST0000924,2024-08-11,631.0,2593.01,0.4656,3,2,0,0
CRHIST0002809,CUST0000924,2024-09-23,624.0,4459.76,0.3116,2,3,0,0
CRHIST0002810,CUST0000925,2022-01-14,701.0,6231.32,0.1698,3,5,0,0
CRHIST0002811,CUST0000925,2022-12-22,693.0,16142.07,0.4604,5,1,0,0
CRHIST0002812,CUST0000926,2023-03-24,697.0,14159.35,0.4104,5,2,0,0
CRHIST0002813,CUST0000926,2023-03-24,696.0,6297.36,0.1113,4,2,0,2
CRHIST0002814,CUST0000926,2023-07-15,699.0,13656.57,0.4372,7,1,0,2
CRHIST0002815,CUST0000926,2023-10-20,712.0,15379.6,0.3405,2,3,0,2
CRHIST0002816,CUST0000926,2024-06-10,720.0,6287.87,0.2711,4,2,0,2
CRHIST0002817,CUST0000927,2026-07-12,728.0,14178.05,0.6991,6,2,0,0
CRHIST0002818,CUST0000927,2026-07-20,721.0,12143.96,0.4685,7,3,0,0
CRHIST0002819,CUST0000927,2026-07-22,715.0,7961.16,0.3468,3,0,0,0
CRHIST0002820,CUST0000928,2022-07-20,679.0,1971.73,0.1136,4,3,0,0
CRHIST0002821,CUST0000928,2024-08-07,688.0,2228.97,0.0804,4,6,0,0
CRHIST0002822,CUST0000928,2024-11-25,695.0,1002.06,0.0782,7,3,0,0
CRHIST0002823,CUST0000928,2025-06-12,691.0,17130.36,0.5802,2,1,0,0
CRHIST0002824,CUST0000928,2025-09-09,709.0,797.24,0.051,5,3,0,0
CRHIST0002825,CUST0000929,2024-03-19,,8161.07,0.2072,2,1,0,0
CRHIST0002826,CUST0000929,2024-07-20,649.0,11845.02,0.1909,1,3,0,0
CRHIST0002827,CUST0000929,2024-12-20,663.0,4831.47,0.1311,4,1,0,2
CRHIST0002828,CUST0000929,2025-02-24,651.0,47557.99,0.6221,6,3,0,2
CRHIST0002829,CUST0000930,2020-01-31,648.0,6918.51,0.5308,2,1,0,0
CRHIST0002830,CUST0000930,2021-02-23,679.0,4200.07,0.5776,5,2,0,0
CRHIST0002831,CUST0000930,2021-05-17,691.0,3322.85,0.2541,5,2,0,0
CRHIST0002832,CUST0000931,2020-03-11,600.0,1442.94,0.2466,3,5,0,0
CRHIST0002833,CUST0000931,2020-08-24,606.0,4322.14,0.667,4,3,0,0
CRHIST0002834,CUST0000932,2026-05-04,490.0,763.12,0.633,2,4,0,1
CRHIST0002835,CUST0000932,2026-05-06,486.0,1263.22,0.9368,6,3,0,1
CRHIST0002836,CUST0000933,2020-06-15,716.0,4930.35,0.3032,6,1,0,2
CRHIST0002837,CUST0000933,2020-08-03,704.0,3217.79,0.2567,4,0,0,2
CRHIST0002838,CUST0000933,2021-03-26,708.0,0.0,0.0,4,4,0,2
CRHIST0002839,CUST0000933,2021-07-04,705.0,5319.71,0.1715,4,2,0,2
CRHIST0002840,CUST0000934,2024-04-20,656.0,490.47,0.0332,2,3,0,0
CRHIST0002841,CUST0000934,2024-10-06,653.0,11419.03,0.6396,2,2,0,0
CRHIST0002842,CUST0000934,2024-10-25,663.0,11488.36,0.6625,3,0,0,0
CRHIST0002843,CUST0000935,2023-10-19,669.0,20074.04,0.4947,5,2,0,0
CRHIST0002844,CUST0000935,2024-05-17,667.0,16336.96,0.607,1,2,0,0
CRHIST0002845,CUST0000936,2025-04-12,735.0,2297.79,0.3046,2,3,0,0
CRHIST0002846,CUST0000936,2025-04-27,732.0,12589.94,0.657,2,1,0,0
CRHIST0002847,CUST0000936,2025-05-10,734.0,2274.12,0.2379,2,2,0,1
CRHIST0002848,CUST0000936,2025-06-22,728.0,1578.59,0.0972,3,0,0,1
CRHIST0002849,CUST0000937,2023-03-10,768.0,8178.22,0.2172,2,3,0,2
CRHIST0002850,CUST9756351,2025-01-28,664.0,4402.55,0.3891,7,2,0,0
CRHIST0002851,CUST0000938,2025-03-02,655.0,3049.55,0.2314,2,0,0,0
CRHIST0002852,CUST0000939,2025-11-13,715.0,15585.31,0.4551,2,5,0,0
CRHIST0002853,CUST0000939,2025-11-24,726.0,9912.69,0.2785,1,1,0,0
CRHIST0002854,CUST0000939,2026-05-17,718.0,45.36,0.0031,3,0,0,0
CRHIST0002855,CUST0000940,2025-05-22,627.0,1090.4,0.1383,3,5,0,0
CRHIST0002856,CUST0000940,2025-07-16,644.0,4521.0,0.3148,3,3,0,0
CRHIST0002857,CUST0000940,2025-08-25,655.0,5895.58,0.3852,5,2,0,0
CRHIST0002858,CUST0000940,2025-09-20,651.0,1867.8,0.1342,4,3,0,0
CRHIST0002859,CUST0000940,2025-09-23,643.0,4305.84,0.6544,3,0,0,0
CRHIST0002860,CUST0000941,2024-07-16,657.0,13330.52,0.5735,7,4,0,0
CRHIST0002861,CUST0000941,2024-07-31,647.0,7653.73,0.4267,4,1,0,0
CRHIST0002862,CUST0000941,2024-11-15,671.0,13503.38,0.7474,5,2,0,0
CRHIST0002863,CUST0000941,2025-01-03,674.0,2309.07,0.1717,6,1,0,0
CRHIST0002864,CUST0000941,2025-04-07,696.0,11950.67,0.7906,1,2,0,0
CRHIST0002865,CUST0000941,2025-04-18,690.0,2357.81,0.1759,1,4,0,0
CRHIST0002866,CUST0000942,2020-08-12,676.0,2596.79,0.2444,3,2,0,1
CRHIST0002867,CUST0000942,2021-09-23,675.0,2084.78,0.2712,3,3,0,1
CRHIST0002868,CUST0000942,2022-04-28,676.0,2495.67,0.6822,4,2,0,1
CRHIST0002869,CUST0000942,2022-10-18,672.0,2074.89,0.2724,2,2,0,1
CRHIST0002870,CUST0000943,2021-05-06,671.0,3512.44,0.3236,3,6,0,0
CRHIST0002871,CUST0000943,2021-11-10,649.0,1815.51,0.1489,2,3,0,0
CRHIST0002872,CUST0000943,2022-03-04,647.0,1465.91,0.1937,7,1,0,0
CRHIST0002873,CUST0000943,2022-05-24,644.0,8474.32,0.5838,11,3,0,0
CRHIST0002874,CUST0000943,2023-08-19,652.0,3627.55,0.4933,3,0,0,0
CRHIST0002875,CUST0000944,2023-03-21,729.0,23481.95,0.4107,3,2,0,0
CRHIST0002876,CUST0000944,2023-10-23,722.0,8500.76,0.315,4,2,0,0
CRHIST0002877,CUST0000944,2023-11-25,716.0,27920.52,0.4815,5,1,0,0
CRHIST0002878,CUST0000945,2024-05-11,549.0,1794.52,0.8944,7,1,0,0
CRHIST0002879,CUST0000946,2024-08-17,699.0,1271.52,0.0948,5,0,0,0
CRHIST0002880,CUST0000946,2024-09-25,714.0,1252.39,0.1677,6,2,0,0
CRHIST0002881,CUST0000946,2024-10-22,732.0,2328.03,0.2418,6,1,0,0
CRHIST0002882,CUST0000946,2024-11-30,743.0,9455.53,0.5131,1,0,0,0
CRHIST0002883,CUST0000946,2024-12-19,738.0,1526.23,0.2017,4,3,0,0
CRHIST0002884,CUST0000947,2025-01-12,714.0,6126.0,0.2943,7,4,0,0
CRHIST0002885,CUST0000947,2025-06-14,722.0,13571.16,0.571,3,0,0,0
CRHIST0002886,CUST0000948,2020-08-15,699.0,9187.02,0.6367,4,0,0,0
CRHIST0002887,CUST0000948,2023-01-29,685.0,7936.78,0.2608,3,2,0,0
CRHIST0002888,CUST0000948,2023-05-13,665.0,7156.34,0.4518,3,2,0,0
CRHIST0002889,CUST0000949,2020-10-28,726.0,0.0,0.0,4,5,0,0
CRHIST0002890,CUST0000949,2021-03-19,718.0,5938.13,0.2471,6,2,0,0
CRHIST0002891,CUST0000949,2021-06-09,721.0,8610.29,0.1859,2,0,0,2
CRHIST0002892,CUST0000950,2022-01-31,659.0,3250.0,0.2813,5,2,0,0
CRHIST0002893,CUST0000951,2023-09-09,668.0,3662.7,0.4037,2,4,0,0
CRHIST0002894,CUST0000951,2024-05-06,,2810.72,0.2271,7,3,0,0
CRHIST0002895,CUST0000952,2024-03-06,707.0,1470.55,0.2469,6,2,0,0
CRHIST0002896,CUST0000953,2020-07-18,706.0,3539.75,0.3107,3,0,0,0
CRHIST0002897,CUST0000953,2020-08-01,706.0,3513.6,0.3835,4,1,0,2
CRHIST0002898,CUST0000953,2020-09-01,725.0,16747.88,0.6765,7,3,0,2
CRHIST0002899,CUST0000953,2022-01-23,,11145.83,0.6074,3,1,0,2
CRHIST0002900,CUST0000953,2022-07-08,723.0,3446.58,0.2031,4,1,0,2
CRHIST0002901,CUST0000954,2025-09-12,701.0,6202.79,0.494,2,1,0,0
CRHIST0002902,CUST0000954,2025-09-30,712.0,5967.14,0.2497,3,1,0,0
CRHIST0002903,CUST0000954,2025-10-17,720.0,6491.51,0.6606,4,2,0,0
CRHIST0002904,CUST0000954,2026-03-19,697.0,2811.81,0.1697,1,1,0,0
CRHIST0002905,CUST0000954,2026-04-06,689.0,12228.72,0.503,1,1,0,0
CRHIST0002906,CUST0000955,2021-09-09,716.0,11918.85,0.5727,2,0,0,2
CRHIST0002907,CUST0000956,2024-01-26,720.0,7535.52,0.2677,3,2,0,0
CRHIST0002908,CUST0000956,2024-05-22,,4154.25,0.3143,2,3,0,0
CRHIST0002909,CUST0000956,2024-08-03,754.0,3442.02,0.2597,1,2,0,0
CRHIST0002910,CUST0000957,2025-01-23,650.0,2037.61,0.2327,4,2,0,0
CRHIST0002911,CUST0000957,2025-02-16,663.0,8818.32,0.6543,1,2,0,0
CRHIST0002912,CUST0000958,2020-09-10,717.0,2270.59,0.0873,3,3,0,0
CRHIST0002913,CUST0000958,2021-04-28,736.0,10660.24,0.4206,2,3,0,0
CRHIST0002914,CUST0000958,2021-09-17,743.0,5262.9,0.3446,6,2,0,0
CRHIST0002915,CUST0000958,2022-01-09,767.0,14021.14,0.8204,3,0,0,0
CRHIST0002916,CUST0000959,2025-11-07,795.0,8669.28,0.3744,1,2,0,0
CRHIST0002917,CUST0000959,2025-12-20,781.0,9460.87,0.3888,4,1,0,0
CRHIST0002918,CUST0000959,2025-12-28,795.0,4687.71,0.1917,1,2,0,0
CRHIST0002919,CUST0000960,2026-06-05,732.0,22076.43,0.57,1,1,0,0
CRHIST0002920,CUST0000960,2026-06-19,750.0,18653.97,0.4081,3,1,0,0
CRHIST0002921,CUST0000960,2026-06-21,754.0,23198.93,0.731,2,1,0,0
CRHIST0002922,CUST0000960,2026-06-23,738.0,14131.6,0.3057,1,2,0,0
CRHIST0002923,CUST0000961,2026-05-03,655.0,2590.97,0.0989,5,3,0,0
CRHIST0002924,CUST0000961,2026-05-15,684.0,8678.26,0.3056,3,1,0,0
CRHIST0002925,CUST0000961,2026-05-17,687.0,,0.2877,3,3,0,0
CRHIST0002926,CUST0000962,2020-02-05,558.0,453.32,0.3276,3,3,1,0
CRHIST0002927,CUST0000963,2022-06-21,742.0,5873.92,0.2111,3,3,0,0
CRHIST0002928,CUST0000963,2024-01-11,723.0,20871.12,0.7545,2,2,0,0
CRHIST0002929,CUST0000963,2024-02-18,748.0,,0.3184,4,3,0,0
CRHIST0002930,CUST0000963,2024-08-25,765.0,19347.71,0.5721,5,2,0,0
CRHIST0002931,CUST0000963,2024-09-21,745.0,8720.4,0.4549,3,3,0,0
CRHIST0002932,CUST0000963,2024-12-20,732.0,4048.51,0.218,4,3,0,0
CRHIST0002933,CUST0000964,2023-07-09,720.0,23931.98,0.5397,1,1,0,0
CRHIST0002934,CUST0000964,2023-07-28,740.0,7043.89,0.1505,1,0,0,0
CRHIST0002935,CUST0000964,2023-10-20,755.0,2768.98,0.0955,5,2,0,0
CRHIST0002936,CUST0000965,2022-08-09,678.0,6365.48,0.4382,0,0,0,0
CRHIST0002937,CUST0000965,2023-01-09,674.0,5211.17,0.1856,7,4,0,0
CRHIST0002938,CUST0000966,2026-06-24,683.0,14726.65,0.3382,2,3,0,0
CRHIST0002939,CUST0000966,2026-07-03,681.0,21437.22,0.6726,1,3,0,0
CRHIST0002940,CUST0000967,2024-12-03,672.0,4875.29,0.4328,3,3,0,0
CRHIST0002941,CUST0000967,2025-01-06,687.0,7400.01,0.4048,2,1,0,0
CRHIST0002942,CUST0000967,2025-03-08,669.0,10127.64,0.6979,2,2,0,0
CRHIST0002943,CUST0000967,2025-04-05,663.0,3822.74,0.4502,4,3,0,0
CRHIST0002944,CUST0000967,2025-11-06,669.0,4541.5,0.2712,2,4,0,0
CRHIST0002945,CUST0000967,2026-01-31,664.0,809.02,0.0496,3,4,0,0
CRHIST0002946,CUST0000968,2025-04-06,753.0,5672.78,0.2026,3,4,0,0
CRHIST0002947,CUST0000968,2025-04-27,889.0,5672.97,0.2008,2,1,0,0
CRHIST0002948,CUST0000968,2025-06-04,745.0,17505.33,0.5942,3,3,0,0
CRHIST0002949,CUST0000968,2025-07-19,762.0,16642.86,0.4673,3,3,0,0
CRHIST0002950,CUST0000969,2023-03-16,657.0,1954.61,0.1841,4,1,0,0
CRHIST0002951,CUST0000969,2024-01-25,661.0,6820.02,0.4797,1,2,0,0
CRHIST0002952,CUST0000969,2024-03-19,668.0,11571.95,0.5731,4,3,0,0
CRHIST0002953,CUST0000970,2026-03-08,668.0,2029.2,0.4137,6,6,0,0
CRHIST0002954,CUST0000970,2026-03-09,653.0,2456.18,0.4098,3,2,0,0
CRHIST0002955,CUST0000970,2026-03-15,658.0,4791.16,0.4807,3,4,0,0
CRHIST0002956,CUST0000971,2026-02-09,677.0,8855.3,0.6287,4,1,0,0
CRHIST0002957,CUST0000971,2026-03-12,688.0,7666.63,0.4205,7,1,0,0
CRHIST0002958,CUST0000971,2026-03-19,691.0,6621.9,0.6431,3,3,0,0
CRHIST0002959,CUST0000972,2025-04-09,698.0,5422.62,0.3976,3,4,0,0
CRHIST0002960,CUST0000972,2025-05-06,710.0,6409.51,0.1852,4,1,0,0
CRHIST0002961,CUST0000973,2025-03-29,736.0,15481.02,0.517,7,4,0,0
CRHIST0002962,CUST0000973,2025-07-09,739.0,3107.8,0.0803,3,2,0,0
CRHIST0002963,CUST0000974,2024-07-02,519.0,1360.31,0.6864,6,0,0,2
CRHIST0002964,CUST0000974,2024-07-09,521.0,3989.43,0.8316,6,3,0,2
CRHIST0002965,CUST0000975,2020-05-23,756.0,7425.13,0.3457,6,1,0,0
CRHIST0002966,CUST0000975,2020-07-07,757.0,5167.58,0.4669,1,3,0,0
CRHIST0002967,CUST0000975,2020-10-26,-8.0,2310.32,0.1105,5,3,0,0
CRHIST0002968,CUST0000975,2021-06-03,749.0,2276.22,0.1464,3,0,0,0
CRHIST0002969,CUST0000975,2022-03-05,762.0,0.0,0.0,3,3,0,0
CRHIST0002970,CUST0000976,2021-06-10,743.0,28155.69,0.5688,3,1,0,0
CRHIST0002971,CUST0000976,2022-09-30,742.0,5842.43,0.0916,3,1,0,0
CRHIST0002972,CUST0000976,2023-09-20,743.0,20384.78,0.2729,4,1,0,0
CRHIST0002973,CUST0000976,2024-07-04,744.0,4119.36,0.0532,2,1,0,0
CRHIST0002974,CUST0000977,2025-01-30,782.0,12280.5,0.3854,1,3,0,0
CRHIST0002975,CUST0000977,2025-03-01,782.0,25991.93,0.5515,0,1,0,0
CRHIST0002976,CUST0000977,2025-03-26,782.0,4743.21,0.0879,3,1,0,0
CRHIST0002977,CUST0000978,2022-07-04,712.0,17382.68,0.3944,4,6,0,0
CRHIST0002978,CUST0000979,2020-09-01,721.0,11432.16,0.43,3,0,0,0
CRHIST0002979,CUST0000979,2020-10-22,701.0,17750.42,0.8057,5,2,0,0
CRHIST0002980,CUST0000979,2021-06-10,707.0,12432.08,0.6375,1,2,0,0
CRHIST0002981,CUST0000979,2021-11-16,707.0,11304.25,0.567,4,0,0,1
CRHIST0002982,CUST0000979,2022-02-19,692.0,,0.4923,4,3,0,1
CRHIST0002983,CUST0000979,2022-04-23,,,0.2663,6,4,0,1
CRHIST0002984,CUST0000979,2022-10-14,695.0,6126.26,0.1993,2,1,0,1
CRHIST0002985,CUST0000980,2026-04-15,753.0,2324.82,0.0804,2,2,0,0
CRHIST0002986,CUST0000980,2026-04-19,776.0,15593.51,0.3057,3,2,0,0
CRHIST0002987,CUST0000980,2026-04-23,756.0,14758.41,0.2814,1,1,0,0
CRHIST0002988,CUST0000981,2022-10-28,594.0,2464.39,0.7745,3,1,0,0
CRHIST0002989,CUST0000981,2023-08-02,597.0,2308.84,0.4488,2,1,0,0
CRHIST0002990,CUST0000981,2023-09-10,592.0,1869.87,0.4766,4,2,0,0
CRHIST0002991,CUST0000981,2024-07-10,584.0,3832.74,0.7749,2,2,0,0
CRHIST0002992,CUST0000982,2025-10-07,629.0,2890.68,0.3016,4,2,0,0
CRHIST0002993,CUST0000982,2025-10-08,,3307.96,0.4394,6,3,0,0
CRHIST0002994,CUST0000982,2025-11-23,642.0,2854.18,0.1801,2,3,0,0
CRHIST0002995,CUST0000983,2022-01-27,669.0,4747.93,0.1307,3,2,0,0
CRHIST0002996,CUST0000983,2022-02-09,673.0,18462.81,0.4198,4,1,0,0
CRHIST0002997,CUST0000984,2023-04-10,665.0,11532.27,0.7587,4,3,0,0
CRHIST0002998,CUST0000984,2023-08-19,667.0,1661.01,0.1353,4,2,0,0
CRHIST0002999,CUST0000985,2022-10-07,706.0,1870.12,0.1446,6,1,0,0
CRHIST0003000,CUST0000985,2023-09-10,715.0,6851.83,0.5267,1,6,0,0
CRHIST0003001,CUST0000986,2022-05-29,705.0,7905.8,0.3706,0,1,0,0
CRHIST0003002,CUST0000987,2022-08-10,695.0,2963.67,0.0683,6,2,0,0
CRHIST0003003,CUST0000987,2022-12-02,684.0,11528.72,0.2599,5,1,0,0
CRHIST0003004,CUST0000987,2023-05-21,668.0,15181.84,0.4878,3,6,0,0
CRHIST0003005,CUST0000987,2023-12-25,652.0,21517.56,0.4551,4,0,0,0
CRHIST0003006,CUST0000987,2025-02-28,648.0,19653.55,0.4393,5,4,0,0
CRHIST0003007,CUST0000987,2025-06-25,656.0,3789.05,0.1184,6,3,0,0
CRHIST0003008,CUST0000987,2025-12-02,662.0,33598.45,0.6851,1,3,0,0
CRHIST0003009,CUST0000987,2026-03-15,662.0,11635.9,0.3378,2,1,0,0
CRHIST0003010,CUST0000987,2026-04-05,643.0,17460.68,0.4371,2,1,0,0
CRHIST0003011,CUST0000988,2021-06-26,688.0,1596.58,0.187,5,3,0,0
CRHIST0003012,CUST0000988,2021-09-24,687.0,2481.2,0.3543,3,3,0,0
CRHIST0003013,CUST0000988,2021-09-30,690.0,1676.38,0.1853,4,3,0,0
CRHIST0003014,CUST0000989,2025-03-29,695.0,13802.6,0.3454,3,2,0,0
CRHIST0003015,CUST0000989,2025-06-24,697.0,15843.83,0.3666,3,2,0,0
CRHIST0003016,CUST0000989,2025-07-31,706.0,4244.23,0.1204,5,2,0,2
CRHIST0003017,CUST0000990,2021-12-27,677.0,18198.77,0.7403,1,1,0,0
CRHIST0003018,CUST0000990,2022-12-21,691.0,201.93,0.0161,4,1,0,0
CRHIST0003019,CUST0000990,2023-09-04,691.0,3208.72,0.3761,6,0,0,0
CRHIST0003020,CUST0000991,2022-05-23,683.0,2690.27,0.4008,3,2,0,0
CRHIST0003021,CUST0000991,2022-06-06,685.0,1883.72,0.4408,4,3,0,0
CRHIST0003022,CUST0000991,2022-08-29,660.0,3814.14,0.5915,1,0,0,0
CRHIST0003023,CUST0000991,2022-09-11,651.0,4102.5,0.7614,3,4,0,0
CRHIST0003024,CUST0000992,2025-08-05,709.0,4780.68,0.2918,1,3,0,0
CRHIST0003025,CUST0000992,2025-09-21,728.0,17021.5,0.6572,5,0,0,0
CRHIST0003026,CUST0000992,2025-10-07,719.0,8068.7,0.3085,1,1,0,0
CRHIST0003027,CUST0000992,2025-12-25,717.0,8015.16,0.3337,4,4,0,1
CRHIST0003028,CUST0000993,2022-07-21,675.0,8266.33,0.7375,2,6,0,0
CRHIST0003029,CUST0000993,2023-03-08,644.0,6867.72,0.3302,4,3,0,0
CRHIST0003030,CUST0000993,2023-05-11,664.0,12459.79,0.4345,5,4,0,0
CRHIST0003031,CUST0000993,2023-08-21,690.0,23076.77,0.9014,2,3,0,0
CRHIST0003032,CUST0000993,2024-01-30,682.0,12943.75,0.5253,5,2,0,0
CRHIST0003033,CUST0000993,2024-10-31,694.0,1746.51,0.0761,3,1,0,2
CRHIST0003034,CUST0000994,2020-01-12,591.0,2522.98,0.5662,3,2,0,0
CRHIST0003035,CUST0000994,2021-08-26,614.0,1512.74,0.4802,2,1,0,0
CRHIST0003036,CUST0000994,2022-05-13,615.0,5445.1,0.79,3,5,0,0
CRHIST0003037,CUST0000995,2020-01-31,523.0,360.5,0.2049,4,3,0,2
CRHIST0003038,CUST0000995,2020-05-24,519.0,2671.21,0.5917,3,4,0,2
CRHIST0003039,CUST0000996,2022-07-16,694.0,7831.73,0.2522,1,2,0,0
CRHIST0003040,CUST0000996,2024-01-30,703.0,5612.46,0.2054,6,2,0,0
CRHIST0003041,CUST0000997,2024-01-25,725.0,4801.51,0.3703,2,3,0,0
CRHIST0003042,CUST0000997,2024-02-24,741.0,0.0,0.0,8,4,0,0
CRHIST0003043,CUST0000997,2024-04-26,716.0,4109.5,0.2939,4,5,0,2
CRHIST0003044,CUST0000997,2024-07-15,711.0,3712.74,0.4938,3,1,0,2
CRHIST0003045,CUST0000998,2026-03-31,801.0,61147.68,0.6633,4,3,0,0
CRHIST0003046,CUST0000998,2026-04-10,787.0,11452.48,0.1298,5,3,0,0
CRHIST0003047,CUST0000998,2026-04-18,781.0,,0.0911,1,2,0,0
CRHIST0003048,CUST0000999,2021-06-30,727.0,999.93,0.0332,5,1,0,0
CRHIST0003049,CUST0000999,2021-09-16,745.0,0.0,0.0,3,2,0,0
CRHIST0003050,CUST0000999,2021-11-24,746.0,8496.68,0.3983,5,1,0,0
CRHIST0003051,CUST0000999,2022-12-11,751.0,0.0,0.0,2,3,0,0
CRHIST0003052,CUST0000999,2023-04-06,745.0,4744.36,0.3425,3,0,0,2
CRHIST0003053,CUST0000999,2025-01-31,741.0,8031.13,0.2582,0,0,0,2
CRHIST0003054,CUST0000999,2025-02-19,715.0,0.0,0.0,0,4,0,2
CRHIST0003055,CUST0001000,2023-06-19,593.0,183.61,0.1722,9,2,0,0
CRHIST0003056,CUST0001000,2023-08-11,603.0,455.14,0.2158,6,2,0,0
CRHIST0003057,CUST0001000,2024-03-15,601.0,435.12,0.3228,3,1,0,0
CRHIST0003058,CUST0001000,2024-08-07,593.0,566.43,0.2697,2,3,0,0
CRHIST0003059,CUST0001000,2024-09-14,598.0,524.86,0.6027,4,2,0,0
CRHIST0003060,CUST0001000,2025-02-09,583.0,1140.71,0.8105,6,3,0,0
CRHIST0003061,CUST0001000,2025-07-13,574.0,753.67,0.4593,6,1,0,0
